student_id,month,department,cgpa,internal_marks,backlogs,subject_score_avg
S1191,3,CSE,8.67,80.2,1.0,72.3
S1237,2,CIVIL,8.5,82.3,2.0,74.6
S2569,5,MECH,8.92,81.8,1.0,75.9
S1215,4,ECE,8.79,81.2,1.0,72.7
S1284,4,CIVIL,7.62,72.3,0.0,63.9
S1294,1,CSE,8.78,84.5,0.0,76.6
S1206,4,CS,8.22,86.5,1.0,76.8
S1501,1,CSE,7.38,65.5,2.0,57.0
S2304,5,IT DEPT,8.8,86.3,1.0,80.5
S1399,2,MECH,8.17,75.6,1.0,70.4
S2254,3,CSE,7.62,77.3,0.0,68.7
S1557,6,INFORMATION TECH,8.57,75.1,0.0,66.3
S2105,6,CS,7.23,66.2,0.0,55.6
S2368,6,CIVIL,8.66,83.3,0.0,70.8
S2253,6,CSE,7.88,77.6,0.0,69.2
S1526,4,CIVIL,7.35,72.7,3.0,69.9
S1404,3,MECH,8.35,80.2,1.0,69.4
S2342,4,IT,9.39,92.5,3.0,84.6
S2501,6,MECH,7.39,80.0,0.0,66.0
S2691,1,IT,9.11,80.2,0.0,72.0
S1499,5,CSE,9.52,93.2,0.0,82.5
S2360,3,IT,8.3,80.1,0.0,73.7
S2737,6,ECE,8.56,76.8,0.0,67.1
S1551,6,CIVIL,8.53,86.8,0.0,74.5
S1415,1,ELECTRONICS & COMM,8.2,77.4,1.0,68.7
S1534,5,CS,9.31,87.0,0.0,78.6
S2311,2,IT,7.55,76.7,1.0,66.8
S1076,4,CSE,7.95,73.0,0.0,65.5
S2407,5,MECH,8.2,77.4,0.0,70.8
S2430,3,MECH,8.06,81.9,2.0,77.4
S2391,1,IT,9.82,94.0,0.0,89.4
S2501,2,ME,8.06,78.9,0.0,73.5
S1325,2,IT,8.96,86.4,0.0,74.2
S2132,6,IT,9.08,81.9,0.0,73.0
S2110,1,CIVIL ENGINEERING,9.49,94.3,0.0,78.2
S1014,3,CIVIL,8.11,84.8,0.0,72.7
S1128,5,IT,7.92,70.2,1.0,63.0
S1494,3,CSE,9.61,97.3,1.0,89.6
S1054,4,ECE DEPT,8.35,80.6,1.0,77.1
S2317,5,IT,8.14,85.1,0.0,77.4
S1108,6,ECE,8.72,88.9,0.0,80.1
S1518,5,CIVIL,9.65,84.8,0.0,77.6
S1085,6,CSE,9.13,86.3,1.0,79.9
S2707,2,IT,7.74,73.5,1.0,65.3
S2539,3,CSE,7.43,75.4,0.0,67.4
S2134,4,IT,8.6,76.6,2.0,71.3
S2058,4,IT,8.1,69.9,1.0,64.2
S2738,5,CSE,8.05,69.9,0.0,61.3
S2600,4,IT,9.53,86.9,3.0,80.2
S1345,4,IT,7.32,66.9,1.0,58.4
S2670,6,ECE,7.22,65.0,1.0,56.1
S2412,1,IT,9.64,84.7,0.0,76.6
S1261,3,ECE,7.22,65.2,2.0,60.6
S2137,5,ME,8.25,79.8,0.0,71.1
S2097,5,CSE,9.25,88.3,0.0,82.2
S2044,5,IT DEPT,6.42,58.1,1.0,50.0
S1072,4,CIVIL,8.39,80.0,0.0,73.4
S2376,1,CSE,7.26,63.3,0.0,55.3
S2323,1,CIVIL,9.8,93.8,0.0,82.1
S1399,1,MECHANICAL ENGINEERING,8.27,77.6,1.0,69.7
S2527,1,CIVIL,8.6,76.7,0.0,68.0
S2435,3,ME,8.1,74.4,1.0,71.2
S2336,3,ECE,7.83,75.6,0.0,69.9
S2383,3,ECE,6.7,63.9,0.0,57.6
S2466,2,CIVIL,8.75,85.7,0.0,74.7
S2717,1,ME,9.45,88.4,0.0,81.6
S1211,4,ECE,8.94,84.9,0.0,73.9
S2586,6,ECE,10.0,99.8,0.0,90.8
S1172,2,MECH,9.07,85.5,0.0,75.9
S2532,2,ECE,8.94,88.7,2.0,78.4
S1324,4,CSE,6.67,57.4,0.0,49.9
S1093,3,CIVIL,9.09,88.6,0.0,82.9
S1430,1,INFORMATION TECH,8.18,75.2,1.0,68.6
S1161,6,CSE,7.22,72.8,2.0,62.2
S2330,4,IT DEPT,8.44,81.1,0.0,68.3
S1579,6,MECH,8.61,83.9,1.0,74.6
S1037,6,ECE,8.72,79.4,0.0,71.9
S2768,2,ECE,9.63,90.7,0.0,85.1
S1003,3,ECE,9.45,93.4,0.0,82.7
S2425,6,MECH,8.2,80.8,1.0,76.2
S2594,4,IT,8.55,89.7,0.0,80.0
S1038,1,MECHANICAL ENGINEERING,8.94,84.3,0.0,78.7
S2699,1,CIVIL,8.5,81.2,1.0,67.4
S2227,1,MECH,8.26,78.9,0.0,70.3
S1348,6,IT,9.45,91.6,0.0,79.8
S1331,6,ECE,9.59,86.1,0.0,76.4
S2521,6,IT,7.95,75.8,1.0,64.1
S1175,1,ME,8.88,80.4,1.0,72.5
S1300,1,IT,8.67,76.6,0.0,66.2
S2727,3,ECE DEPT,8.28,78.8,1.0,69.4
S1326,3,CSE,7.5,71.1,0.0,67.7
S1521,4,ECE,7.81,70.2,0.0,62.8
S1016,6,IT,7.08,71.9,0.0,67.6
S2166,5,MECH,8.89,86.2,0.0,79.3
S2698,2,CIVIL,7.08,59.1,2.0,53.2
S2674,5,IT,9.06,85.1,0.0,78.9
S2664,3,ECE,8.7,84.2,1.0,70.8
S2113,4,CSE,8.61,81.2,0.0,73.6
S1425,6,ECE,9.24,91.9,0.0,83.7
S1061,1,INFO TECH,8.55,80.8,1.0,71.2
S2611,2,IT,8.06,73.4,0.0,72.3
S2077,2,CSE,7.41,75.6,0.0,71.1
S2780,6,ECE,8.84,79.1,0.0,68.0
S2169,2,CIVIL,7.6,75.5,0.0,67.0
S1389,6,CIVIL,8.22,73.0,0.0,64.2
S2086,4,ECE,9.46,84.9,0.0,74.9
S2037,5,CE,8.36,89.1,0.0,80.3
S2570,1,CE,9.5,92.3,0.0,79.9
S2419,2,CIVIL,7.43,74.9,0.0,68.6
S1238,5,CSE,8.7,77.3,1.0,67.5
S2540,1,ECE,9.35,88.3,0.0,77.3
S2770,6,IT,7.01,72.1,1.0,69.2
S1356,2,ECE,7.96,73.6,1.0,64.7
S1307,4,IT,7.93,83.2,0.0,74.0
S1125,5,INFO TECH,8.56,83.6,0.0,76.0
S2604,5,MECHANICAL ENGINEERING,9.58,93.4,0.0,85.8
S1503,6,IT,8.06,73.5,0.0,63.4
S2338,2,MECH,6.32,60.9,2.0,56.6
S2128,5,CSE,8.44,74.6,0.0,68.9
S2246,5,MECH,9.42,87.5,0.0,80.2
S2538,3,CIVIL,6.33,54.3,0.0,46.7
S1136,2,IT DEPT,8.94,86.4,0.0,79.6
S2064,2,CSE,9.47,91.2,0.0,82.0
S2667,6,CIVIL,7.15,69.0,0.0,64.1
S2311,5,IT,7.12,57.0,2.0,49.8
S2069,4,CIVIL,8.23,78.3,1.0,68.7
S1550,4,MECH,8.26,80.1,0.0,72.3
S1581,1,CSE,8.27,82.1,0.0,73.3
S2515,6,CSE,9.62,91.7,1.0,81.8
S2563,1,ECE,8.72,86.1,1.0,75.7
S1516,3,MECH,8.76,75.3,0.0,67.5
S1279,3,CSE,7.86,75.1,0.0,66.0
S1576,5,IT,8.86,82.9,0.0,73.2
S2662,2,MECH,7.56,69.6,0.0,67.1
S1107,2,CIVIL,9.22,89.6,0.0,77.6
S2088,5,COMP SCI,,92.4,0.0,83.4
S1234,3,CS,8.28,82.0,0.0,79.4
S2655,2,CIVIL,7.82,79.0,0.0,72.5
S2222,2,ECE,8.88,82.5,0.0,73.1
S2031,6,CIVIL ENGINEERING,8.81,81.9,0.0,76.8
S2680,4,ECE,8.23,76.6,2.0,68.7
S2424,5,ECE,7.69,68.9,2.0,58.3
S2266,3,ELECTRONICS & COMM,8.51,78.4,0.0,72.2
S2182,2,CSE,7.6,69.6,2.0,64.7
S2748,5,CSE,8.12,71.8,1.0,65.6
S1053,4,MECH,8.5,78.4,0.0,74.8
S1394,1,INFORMATION TECH,8.73,81.2,0.0,69.3
S1592,3,IT DEPT,7.21,75.9,0.0,68.4
S1054,1,ECE DEPT,8.35,81.2,1.0,70.1
S2353,6,CIVIL,7.57,77.4,1.0,74.8
S1333,1,CS,8.22,82.9,0.0,78.0
S2270,1,CIVIL,9.81,88.1,1.0,80.3
S2206,5,ECE,7.06,65.5,0.0,65.6
S2483,4,CIVIL,8.85,83.4,2.0,75.4
S1090,5,ECE,9.1,80.0,0.0,72.0
S2363,4,IT,9.64,92.1,0.0,81.5
S2742,4,ECE,8.6,83.0,1.0,77.3
S2498,5,IT DEPT,7.19,63.9,1.0,59.4
S2116,3,COMP SCI,7.79,70.5,0.0,62.3
S1393,3,CS,8.31,83.1,0.0,74.7
S1117,5,CIVIL,8.36,82.0,2.0,76.0
S1370,1,ECE,8.85,87.4,0.0,78.8
S1200,4,CSE,8.15,79.3,1.0,71.0
S2735,4,IT,8.46,77.6,0.0,68.9
S1373,2,MECH,8.97,79.8,0.0,72.6
S2791,2,MECH,9.18,85.7,0.0,80.0
S1304,5,IT,9.07,79.8,0.0,75.4
S1058,5,CIVIL,6.5,58.5,2.0,54.0
S1083,5,MECH,8.43,80.2,0.0,73.8
S1056,4,MECH,8.68,78.5,0.0,71.4
S1417,3,IT DEPT,8.38,70.3,0.0,58.6
S2161,2,CIVIL,9.24,87.4,1.0,76.1
S2712,5,IT,9.52,96.8,0.0,87.7
S2319,6,ECE,8.59,75.9,0.0,66.6
S1355,1,CSE,9.24,84.6,0.0,79.1
S1007,2,CSE,8.17,76.3,1.0,65.4
S1338,1,CIVIL,9.17,91.7,0.0,83.4
S2469,3,IT DEPT,8.48,78.7,0.0,74.5
S2392,5,CSE,9.47,91.4,0.0,80.0
S1356,3,ECE,7.65,79.2,1.0,69.6
S1491,6,CIVIL,6.95,70.9,1.0,59.0
S2268,5,IT,8.78,80.1,0.0,71.2
S1526,1,CIVIL,7.19,64.9,3.0,57.2
S2029,1,COMP SCI,7.37,75.1,1.0,65.0
S2645,6,IT,7.68,70.4,0.0,61.6
S2223,3,CIVIL ENGINEERING,9.46,88.3,1.0,73.4
S2378,5,CSE,8.57,79.3,0.0,70.0
S2755,2,IT,7.52,63.3,0.0,57.3
S1155,4,CSE,8.54,83.1,0.0,72.2
S2475,3,CSE,8.72,83.1,2.0,75.9
S1282,6,CSE,9.98,99.6,0.0,91.3
S2563,3,ECE,8.96,89.2,1.0,81.5
S2734,6,ECE,7.19,74.3,1.0,69.4
S2220,6,MECH,6.77,64.4,2.0,61.6
S1040,6,ECE,8.12,80.3,0.0,71.9
S2279,3,ME,7.78,76.9,0.0,64.7
S1476,6,INFORMATION TECH,9.11,98.3,0.0,90.4
S2289,4,MECH,7.55,64.4,0.0,61.0
S2479,3,ECE,8.93,87.7,0.0,72.6
S2058,3,IT,7.94,79.5,1.0,66.7
S2009,6,MECH,7.26,70.4,1.0,64.3
S2277,6,CIVIL,7.62,63.8,0.0,62.2
S2307,5,IT,8.75,79.5,1.0,68.9
S2285,6,IT,7.6,77.9,3.0,70.3
S2200,1,MECH,8.23,76.5,1.0,70.5
S1239,5,ME,9.19,91.4,0.0,87.3
S2662,4,MECH,7.62,80.9,0.0,69.9
S1508,2,IT,9.18,91.9,0.0,86.5
S2734,1,ECE,7.74,64.7,0.0,58.2
S2064,1,CSE,9.88,92.5,0.0,84.7
S1004,6,COMP SCI,9.34,89.9,0.0,82.6
S1267,3,CSE,,76.1,0.0,68.1
S2091,1,ME,8.71,83.9,1.0,70.2
S2123,2,MECH,8.14,79.4,0.0,70.2
S2282,3,CIVIL,9.49,88.1,1.0,77.0
S1174,1,ME,8.32,79.8,0.0,76.3
S2700,3,MECH,8.51,83.5,0.0,77.2
S2061,2,ECE,9.32,89.2,1.0,77.8
S2196,4,CIVIL,9.57,91.2,0.0,81.4
S1296,6,IT,9.3,86.7,0.0,73.1
S1478,6,CIVIL,9.93,98.5,0.0,88.1
S2112,2,IT,8.39,73.2,0.0,63.4
S1511,4,MECH,7.2,67.2,0.0,55.8
S1554,2,IT,7.0,63.5,3.0,55.7
S2377,3,MECH,8.2,76.3,1.0,70.1
S2553,4,IT,7.13,73.8,1.0,71.2
S1578,3,CIVIL,9.46,89.1,0.0,80.6
S1016,4,IT,7.45,69.1,0.0,60.6
S2781,1,CS,8.28,73.3,1.0,67.6
S1229,6,IT,9.34,89.3,0.0,78.9
S1086,2,MECH,8.31,76.0,1.0,70.6
S2479,6,ECE,9.05,83.5,0.0,72.9
S1059,6,ME,6.76,63.6,1.0,54.9
S2727,4,ECE,8.19,76.4,1.0,68.4
S1569,3,IT,9.22,89.3,2.0,78.1
S2222,4,ECE,8.73,83.1,0.0,69.4
S1123,5,IT,9.4,86.2,0.0,80.4
S2388,5,CSE,8.11,75.2,0.0,67.0
S1255,4,CSE,8.67,81.4,0.0,74.2
S1297,2,IT,7.9,76.4,0.0,69.7
S2272,3,MECH,7.75,73.1,0.0,67.1
S1442,5,IT,8.65,78.1,0.0,69.3
S2547,4,CS,8.75,77.9,0.0,74.7
S2581,3,CSE,8.65,85.1,0.0,77.9
S2800,2,CSE,8.91,85.3,0.0,78.2
S1508,4,IT,8.99,92.6,0.0,81.3
S2014,3,CSE,7.52,70.2,1.0,70.0
S1006,4,CIVIL,9.12,87.5,0.0,83.2
S2315,5,CIVIL,7.88,78.8,0.0,69.6
S2058,1,IT,8.11,82.1,1.0,74.1
S2185,3,IT,7.66,72.2,1.0,60.0
S1453,4,ECE,8.78,80.0,1.0,78.8
S2161,3,CIVIL,9.3,93.9,1.0,84.9
S2435,2,MECH,8.67,89.2,1.0,81.5
S2416,4,INFO TECH,9.4,88.1,0.0,82.6
S2098,3,CSE,7.62,75.6,0.0,71.8
S2752,3,CIVIL,8.62,76.5,0.0,69.7
S2165,5,ECE,8.95,83.1,0.0,76.6
S2221,4,IT,7.64,75.5,2.0,66.6
S2191,6,MECH,8.9,81.9,0.0,69.5
S1036,3,MECH,9.3,92.1,0.0,78.8
S1556,5,CE,7.22,67.2,2.0,61.1
S1015,5,CSE,8.26,75.7,1.0,67.0
S1268,5,MECHANICAL ENGINEERING,8.15,79.4,0.0,76.0
S2223,1,CIVIL ENGINEERING,9.63,92.0,1.0,81.1
S2557,1,CE,7.98,74.8,0.0,68.7
S1454,1,MECH,8.04,72.7,0.0,61.8
S2348,3,INFO TECH,7.42,75.2,0.0,65.9
S2709,1,CE,9.42,89.0,0.0,83.3
S2252,2,MECH,7.88,72.6,1.0,65.0
S2257,3,CIVIL,7.84,78.0,1.0,70.1
S1253,5,MECH,7.75,78.2,0.0,71.8
S2187,6,IT,8.33,81.8,1.0,71.4
S1517,6,COMP SCI,8.98,90.3,1.0,82.2
S1082,2,ECE,8.15,78.4,1.0,67.4
S1278,4,CIVIL,8.39,73.6,0.0,69.2
S1481,4,ECE,8.73,91.6,0.0,85.8
S1391,5,CIVIL,8.19,72.3,1.0,59.2
S1543,3,IT,8.89,80.6,0.0,70.7
S1505,1,INFORMATION TECH,7.84,77.6,0.0,68.8
S2001,6,ECE,8.65,86.1,1.0,75.1
S2021,4,CS,7.17,62.0,1.0,52.3
S2210,3,CSE,6.67,66.8,1.0,60.7
S2480,3,CIVIL,9.18,92.9,0.0,86.9
S1509,3,ME,8.1,81.1,0.0,71.8
S2502,6,ECE,8.01,80.5,1.0,69.3
S2341,2,ECE,7.69,71.7,1.0,60.8
S2096,5,CSE,6.99,63.6,1.0,54.2
S2212,1,CS,8.83,87.0,0.0,76.3
S1262,4,IT,7.64,74.8,0.0,68.9
S2124,2,CIVIL,8.82,78.0,1.0,69.4
S2421,5,ECE,8.16,78.8,1.0,78.4
S1325,6,IT,9.0,88.9,0.0,75.3
S1003,6,ECE,9.43,94.8,0.0,85.5
S1168,4,CIVIL,9.69,96.5,0.0,85.9
S2034,6,IT,8.99,90.7,1.0,79.7
S2711,4,IT,8.98,90.8,0.0,80.9
S2265,3,CSE,9.18,84.3,0.0,81.3
S2598,6,MECH,7.54,70.4,1.0,66.7
S1535,4,CSE,8.41,78.1,0.0,70.1
S2349,2,MECH,7.37,75.4,0.0,74.3
S2188,1,ELECTRONICS & COMM,7.09,66.6,0.0,57.2
S1230,1,MECH,8.38,77.6,1.0,71.0
S2227,5,MECH,7.41,81.8,0.0,71.1
S2564,5,CIVIL,8.94,84.0,2.0,78.9
S2659,1,IT,7.97,80.3,0.0,70.3
S1531,6,ECE,7.35,79.3,2.0,71.3
S1270,2,CIVIL,6.39,64.4,0.0,54.7
S1260,6,MECH,8.36,83.3,0.0,78.0
S1287,3,IT,8.26,81.0,0.0,74.6
S2648,3,MECH,8.36,80.0,0.0,75.2
S2309,5,ECE,9.89,100.0,0.0,86.6
S2471,3,ECE,7.93,78.8,0.0,71.3
S2142,5,CSE,6.97,63.9,1.0,57.5
S2340,6,MECH,9.45,90.3,0.0,77.7
S2551,3,CIVIL,9.5,95.7,0.0,84.1
S1112,3,CSE,7.67,73.8,0.0,65.1
S2238,2,INFORMATION TECH,8.22,80.0,0.0,73.4
S2673,4,IT,9.61,96.0,0.0,91.1
S2699,4,CIVIL,8.65,76.5,1.0,70.2
S2313,5,MECH,8.77,85.3,0.0,75.9
S1355,4,CSE,9.01,83.5,0.0,78.9
S2627,3,CSE,9.42,92.2,0.0,84.8
S2295,2,MECH,7.93,66.7,1.0,58.8
S2342,3,IT,9.19,93.0,3.0,87.0
S1302,2,CE,8.47,75.8,0.0,67.2
S2682,4,MECH,9.17,81.1,0.0,75.0
S2029,5,CSE,7.47,69.8,1.0,68.8
S2415,1,MECHANICAL ENGINEERING,7.39,64.9,0.0,57.6
S1466,5,ECE,8.48,78.6,3.0,72.5
S1120,5,IT,8.35,82.6,0.0,71.5
S2061,5,ECE,9.3,89.9,1.0,80.5
S2439,4,CIVIL,8.12,79.3,0.0,68.4
S1180,2,CIVIL,7.73,73.5,0.0,61.0
S1375,3,CIVIL,8.36,85.0,0.0,77.1
S2455,2,CSE,8.69,87.7,0.0,80.2
S2464,3,IT,8.27,76.9,0.0,67.5
S1240,5,CIVIL,7.88,73.1,0.0,63.8
S1100,1,ELECTRONICS & COMM,8.64,80.6,0.0,75.9
S2707,5,IT,7.84,78.9,1.0,70.4
S1328,1,IT DEPT,8.59,78.3,1.0,71.2
S2341,4,ECE,7.14,73.8,1.0,65.5
S2496,6,CIVIL,9.44,91.6,0.0,85.2
S2478,3,MECH,8.32,77.7,0.0,71.0
S1487,3,INFO TECH,9.18,92.0,0.0,82.1
S2278,2,IT,6.5,57.4,1.0,53.1
S2513,3,ELECTRONICS & COMM,9.07,84.7,0.0,71.5
S1311,5,MECH,7.64,70.3,0.0,62.5
S1127,3,CSE,8.97,89.6,0.0,79.6
S2177,6,MECH,8.35,80.4,1.0,73.6
S2269,4,CIVIL,9.01,83.8,0.0,71.3
S1469,5,CIVIL,8.64,80.1,1.0,71.0
S1051,5,IT,7.98,77.7,0.0,73.5
S1031,6,ELECTRONICS & COMM,8.11,75.3,0.0,67.9
S1295,5,ECE,7.99,74.0,1.0,63.6
S1451,6,CIVIL,8.87,74.3,0.0,65.5
S2216,1,CS,9.29,94.8,0.0,80.0
S1596,4,ECE,8.93,92.8,0.0,83.4
S2352,6,IT DEPT,9.12,81.2,0.0,71.9
S1505,3,INFORMATION TECH,7.8,77.6,0.0,74.5
S2567,4,IT,8.98,86.7,0.0,76.7
S1382,3,CSE,9.14,79.1,0.0,72.4
S2506,1,IT DEPT,8.79,86.1,0.0,79.7
S1182,5,CSE,8.15,72.9,0.0,60.8
S2705,6,ECE DEPT,9.68,92.3,0.0,78.7
S2616,1,CIVIL ENGINEERING,7.91,79.8,0.0,72.1
S1236,4,CE,8.76,82.4,0.0,73.6
S1141,2,IT DEPT,9.05,82.9,0.0,77.5
S2063,6,IT DEPT,9.2,86.3,0.0,75.9
S1210,2,ECE DEPT,8.34,77.9,0.0,65.6
S2320,3,CE,7.25,71.3,2.0,63.8
S2433,4,MECHANICAL ENGINEERING,8.09,76.8,0.0,73.9
S2411,1,INFORMATION TECH,9.57,98.8,0.0,93.1
S1095,4,IT DEPT,6.6,52.5,1.0,48.2
S1527,4,ME,8.48,78.2,0.0,71.0
S2615,4,CSE,9.37,88.7,0.0,80.7
S2691,6,IT,9.2,89.7,0.0,81.4
S2092,6,CIVIL,7.42,71.4,1.0,62.7
S2611,6,IT,8.08,80.1,0.0,72.3
S2046,1,INFORMATION TECH,9.3,82.0,0.0,77.0
S1156,3,INFORMATION TECH,8.71,87.3,1.0,76.4
S2456,5,ECE,8.28,80.6,1.0,72.3
S1173,3,ECE,7.35,67.6,2.0,56.2
S2324,3,CIVIL,6.72,57.1,0.0,50.9
S2444,6,CSE,7.88,73.4,0.0,65.5
S1041,6,ECE,9.21,85.4,0.0,74.9
S2616,6,CIVIL,8.1,77.0,0.0,73.1
S1483,6,ECE,8.66,83.3,1.0,75.6
S2323,2,CIVIL,9.72,95.6,0.0,85.1
S2718,2,CSE,8.76,82.9,0.0,70.6
S1295,2,ECE,8.06,74.9,1.0,64.0
S2153,5,CIVIL,7.81,71.1,0.0,65.7
S1415,2,ELECTRONICS & COMM,8.04,74.1,1.0,66.7
S2603,3,CIVIL,6.71,61.3,1.0,54.8
S1380,2,MECH,8.81,79.6,0.0,73.9
S2439,5,CE,7.95,76.8,0.0,71.7
S2300,2,CE,7.78,70.8,0.0,65.4
S2659,2,IT,7.54,70.8,0.0,68.3
S1291,1,IT DEPT,7.58,71.3,0.0,62.5
S2351,2,CSE,7.98,72.8,0.0,65.5
S1243,1,ME,9.07,80.8,0.0,73.7
S1197,1,IT DEPT,9.02,86.6,1.0,79.2
S2596,5,ECE,7.92,76.0,1.0,70.0
S1474,5,ECE,8.39,84.3,1.0,78.4
S1590,5,CSE,8.77,80.9,0.0,68.6
S2259,1,CE,8.09,78.1,0.0,70.2
S2693,1,IT,8.42,78.0,1.0,75.0
S1111,5,COMP SCI,8.44,78.8,0.0,68.6
S1566,6,CSE,6.72,61.7,1.0,55.7
S2301,1,CIVIL ENGINEERING,8.09,72.9,1.0,65.4
S2197,1,CS,9.16,86.0,0.0,80.0
S1039,6,CSE,7.67,74.2,0.0,68.3
S2658,6,ECE,9.71,89.3,1.0,81.7
S1510,2,CSE,8.35,79.5,0.0,70.8
S2441,5,IT,7.0,70.8,1.0,60.7
S2026,6,MECH,9.26,93.7,1.0,83.2
S1446,4,MECH,7.64,74.8,1.0,64.6
S2428,4,ECE,8.51,77.8,0.0,64.8
S2218,4,ECE,7.45,71.9,2.0,64.2
S2511,5,MECH,9.09,84.9,0.0,77.0
S2397,6,INFO TECH,8.81,85.1,0.0,80.5
S1447,1,CS,7.8,71.0,0.0,65.5
S2691,4,IT,8.89,85.8,0.0,75.1
S2583,2,CIVIL,8.1,79.1,0.0,71.0
S2637,1,INFORMATION TECH,8.22,79.1,1.0,72.5
S1517,5,COMP SCI,8.98,87.5,1.0,81.5
S2634,2,IT,7.87,69.7,1.0,60.5
S1371,6,CIVIL,9.2,88.5,0.0,78.9
S2774,5,IT,7.41,63.1,2.0,56.2
S2231,5,ME,8.57,78.9,1.0,74.8
S2494,3,COMP SCI,7.81,72.4,2.0,70.3
S1004,2,CSE,9.13,86.0,0.0,79.4
S1550,5,MECH,8.35,80.0,0.0,70.9
S1431,1,CIVIL,8.03,75.9,2.0,67.0
S1540,2,IT,8.25,72.3,1.0,62.4
S1177,6,CIVIL,9.75,96.1,0.0,84.3
S1123,2,IT,9.29,86.6,0.0,77.9
S1054,2,ECE,8.35,75.8,1.0,67.2
S2395,4,MECH,9.05,84.5,0.0,74.2
S2299,2,CSE,,89.8,0.0,81.4
S2062,6,CSE,8.81,81.2,0.0,77.1
S2290,2,CIVIL,7.62,70.8,0.0,65.4
S2194,5,MECH,9.21,85.4,0.0,79.4
S1256,4,MECH,8.36,75.1,0.0,67.5
S2203,6,IT,6.36,57.7,0.0,52.9
S2530,5,CSE,7.73,77.0,2.0,71.3
S1352,6,CIVIL,7.93,75.3,1.0,70.2
S1147,4,IT,8.63,82.3,0.0,73.9
S1485,4,MECH,8.55,76.0,2.0,70.9
S1239,2,MECH,9.06,79.8,0.0,72.8
S2146,2,CIVIL,7.97,73.2,0.0,62.7
S2088,1,COMP SCI,9.21,86.4,0.0,78.1
S2173,2,CIVIL ENGINEERING,8.38,76.0,3.0,65.9
S2422,1,INFO TECH,9.08,85.5,0.0,80.5
S2532,6,ECE,9.02,85.1,2.0,78.5
S1029,2,CIVIL,7.96,73.9,1.0,68.2
S1277,1,CIVIL ENGINEERING,9.34,86.5,2.0,80.5
S2136,3,IT,8.79,86.7,0.0,81.8
S2672,1,COMP SCI,9.53,97.2,0.0,86.8
S1382,6,CSE,9.09,83.6,0.0,75.9
S1077,6,MECH,9.57,84.3,0.0,80.1
S2271,6,MECH,7.51,74.4,2.0,61.4
S2740,3,CIVIL,8.99,92.1,0.0,80.6
S1376,3,MECH,8.12,71.5,0.0,63.7
S1440,5,MECH,8.11,76.8,0.0,71.8
S1322,3,IT DEPT,7.69,74.1,1.0,67.7
S1002,3,MECH,8.2,81.6,0.0,77.1
S2084,5,CIVIL,8.18,71.9,0.0,60.6
S1017,4,MECH,7.84,73.1,3.0,67.3
S1578,2,CIVIL,9.37,95.0,0.0,82.6
S1555,5,MECH,9.49,80.6,0.0,74.4
S1442,2,IT,8.87,84.3,0.0,74.6
S2374,1,COMP SCI,8.31,75.3,0.0,67.5
S2132,1,INFORMATION TECH,9.07,91.2,0.0,82.8
S2555,5,MECH,9.02,83.2,0.0,72.8
S1481,3,ELECTRONICS & COMM,9.0,84.5,0.0,74.8
S2594,2,IT,8.94,89.4,0.0,84.2
S2028,6,CSE,7.9,72.1,1.0,67.7
S2011,3,MECH,9.55,86.3,0.0,76.9
S2132,2,INFORMATION TECH,9.08,83.7,0.0,70.9
S1588,3,MECH,8.29,83.1,0.0,77.3
S2428,2,ECE,8.75,83.9,0.0,76.2
S1407,4,ECE,9.12,83.1,0.0,75.6
S2695,3,CIVIL,6.87,59.9,2.0,52.4
S1399,4,MECH,7.59,69.5,1.0,59.6
S2480,6,CIVIL,9.18,84.3,0.0,72.2
S2429,2,IT,8.18,81.6,0.0,75.9
S2798,3,CSE,8.67,78.9,1.0,66.3
S2452,5,MECH,8.06,74.0,0.0,63.4
S2086,3,ECE,9.16,91.7,0.0,84.4
S1470,3,ECE,8.32,75.0,0.0,67.7
S1104,6,COMP SCI,8.73,86.1,0.0,72.6
S2473,2,ECE,7.89,70.2,0.0,61.1
S1114,5,CIVIL,9.46,92.4,0.0,85.8
S1188,2,CIVIL,9.57,89.0,0.0,75.4
S2788,4,MECH,7.74,67.0,0.0,62.4
S1253,1,ME,7.73,69.3,0.0,66.3
S2168,6,ECE,7.99,72.5,0.0,64.8
S2171,3,ECE,7.63,83.2,0.0,74.8
S1231,6,ECE,7.42,68.2,2.0,65.1
S1195,5,MECHANICAL ENGINEERING,8.36,79.2,0.0,69.9
S1429,5,ECE,8.31,75.6,1.0,75.5
S2555,4,MECH,9.22,85.6,0.0,78.1
S2566,5,MECH,9.04,85.5,1.0,75.6
S2515,2,CSE,9.35,84.4,1.0,72.6
S1143,5,CSE,,87.1,0.0,76.1
S2481,4,CSE,8.38,81.6,0.0,75.5
S1253,2,MECH,7.69,68.8,0.0,63.2
S2481,3,CSE,8.3,74.8,0.0,67.5
S2568,2,MECH,9.15,87.6,0.0,82.9
S1308,3,ECE,7.52,75.6,0.0,69.4
S2554,4,MECHANICAL ENGINEERING,9.51,93.4,0.0,84.4
S1462,6,IT,9.61,92.0,0.0,81.2
S1221,4,IT,9.52,96.3,0.0,83.4
S1407,1,ELECTRONICS & COMM,9.08,82.5,0.0,75.9
S2024,2,MECH,8.01,68.0,0.0,59.7
S1177,2,CIVIL ENGINEERING,9.58,92.5,0.0,88.1
S2326,2,ECE,8.62,88.8,1.0,81.0
S1402,2,MECH,6.99,70.8,1.0,62.5
S2470,1,CE,8.22,79.3,0.0,67.0
S1126,5,CSE,6.91,66.5,2.0,58.0
S2676,5,CIVIL,7.43,70.3,2.0,59.8
S1204,2,IT,8.58,84.3,2.0,76.3
S1078,4,ECE DEPT,7.93,74.8,1.0,65.4
S1340,1,CIVIL,9.32,85.2,1.0,78.4
S1049,4,ECE,9.51,89.0,0.0,84.6
S1264,1,ECE,7.95,76.6,0.0,70.4
S2207,1,CIVIL,9.4,88.2,0.0,79.4
S2083,3,ECE DEPT,8.17,76.9,1.0,62.5
S2307,3,INFORMATION TECH,8.82,80.6,1.0,72.7
S2237,6,CSE,7.46,69.0,0.0,64.9
S2271,5,MECH,7.55,75.9,2.0,69.0
S2523,6,ECE,8.82,84.8,0.0,81.0
S1176,6,CSE,7.37,69.4,0.0,62.4
S2778,1,ELECTRONICS & COMM,10.0,92.8,0.0,76.8
S1517,3,CSE,9.0,88.5,1.0,78.3
S2754,2,CSE,9.86,95.3,0.0,86.9
S2172,4,CSE,7.82,70.8,0.0,61.6
S1225,6,ECE,8.64,80.7,1.0,74.4
S1463,6,CIVIL,9.9,100.0,0.0,92.4
S1196,6,MECHANICAL ENGINEERING,6.99,63.9,1.0,58.0
S2003,4,MECH,8.68,82.5,0.0,71.2
S1193,5,MECH,8.87,90.3,0.0,78.0
S1396,6,CE,9.1,79.0,1.0,69.5
S1245,4,CIVIL,7.21,73.0,1.0,61.7
S2347,6,CIVIL,9.29,88.4,0.0,86.9
S1258,2,IT,8.61,77.6,0.0,75.8
S2530,6,CSE,7.21,72.0,2.0,60.8
S1287,6,IT,7.88,72.5,1.0,66.0
S2684,1,CE,9.1,86.9,0.0,75.1
S2277,2,CIVIL,7.43,70.9,0.0,64.4
S2373,5,CSE,7.86,74.1,1.0,66.1
S2261,5,CIVIL,7.09,67.7,1.0,63.6
S2467,2,ECE,8.11,73.4,1.0,66.3
S2029,4,COMP SCI,7.46,79.3,1.0,70.1
S2677,4,CIVIL ENGINEERING,8.89,82.2,0.0,76.3
S1472,1,CIVIL,7.79,80.2,0.0,71.9
S1409,6,CIVIL,8.54,80.0,0.0,73.5
S2328,3,ECE DEPT,8.43,73.8,1.0,69.8
S1353,4,MECH,8.06,82.1,0.0,69.2
S1377,5,IT,8.15,82.1,1.0,70.9
S2354,5,CSE,8.98,82.7,0.0,78.9
S1378,2,MECH,9.07,87.3,1.0,81.5
S2250,3,IT DEPT,8.0,76.9,1.0,70.2
S1358,3,ECE,8.92,82.5,0.0,78.1
S2137,3,MECH,8.04,75.7,0.0,72.5
S2100,5,MECH,8.3,88.0,0.0,82.4
S1382,2,CSE,8.98,88.0,0.0,81.0
S2458,2,MECH,9.15,85.5,0.0,76.3
S1445,1,INFO TECH,8.38,81.6,0.0,69.8
S2689,4,ECE,9.48,86.6,0.0,72.6
S2214,4,CIVIL,8.88,82.6,0.0,76.2
S1081,4,CE,7.72,76.7,0.0,67.7
S2207,3,CIVIL,9.19,85.4,0.0,79.7
S2144,4,CIVIL,8.28,81.8,1.0,73.9
S2473,3,ECE,7.93,72.0,0.0,65.9
S1077,2,MECH,9.25,84.0,0.0,75.6
S2239,3,CIVIL,7.48,73.7,1.0,65.3
S2520,3,CSE,8.51,83.4,0.0,72.6
S2793,5,CSE,8.21,76.9,0.0,72.1
S2119,2,CIVIL,9.03,84.3,0.0,76.9
S1331,2,ECE,9.25,90.9,0.0,81.9
S1056,1,MECH,9.13,86.8,0.0,81.9
S2052,4,MECH,7.31,64.7,0.0,58.7
S2233,3,CSE,7.84,77.4,1.0,71.6
S1400,6,IT,9.78,97.4,0.0,91.1
S2181,3,ECE,9.27,88.2,1.0,77.2
S1219,6,ECE,8.24,73.8,1.0,62.3
S2390,1,INFO TECH,9.48,91.3,0.0,88.4
S2655,5,CIVIL,7.77,78.4,0.0,70.8
S1581,3,CSE,8.32,83.7,0.0,78.4
S1202,5,ME,8.71,82.7,0.0,72.2
S2775,6,ECE,9.39,93.3,0.0,83.3
S2308,6,IT,8.42,79.1,0.0,66.5
S2479,1,ECE,9.13,89.2,0.0,82.2
S1396,3,CE,9.21,88.0,1.0,79.7
S1473,5,MECH,8.34,79.7,0.0,74.4
S1179,1,CIVIL ENGINEERING,9.12,85.0,0.0,73.7
S1180,3,CIVIL,7.77,71.9,0.0,67.6
S1429,2,ECE,8.25,81.0,1.0,68.7
S2075,3,IT,7.94,77.2,1.0,68.9
S2130,1,ECE DEPT,8.4,82.9,0.0,68.8
S1299,3,CIVIL,9.2,89.2,0.0,85.1
S1458,1,CIVIL,7.51,64.4,0.0,51.5
S1564,4,IT,8.98,82.6,0.0,75.4
S2151,4,CIVIL,9.5,93.7,1.0,85.6
S1306,6,ME,8.96,83.8,1.0,79.1
S1128,3,IT,8.1,85.8,0.0,76.9
S2578,6,IT,6.88,63.8,2.0,58.4
S1420,2,CIVIL,9.56,97.4,0.0,86.2
S2361,3,CIVIL,7.64,66.4,1.0,59.5
S2278,5,IT,6.55,52.4,1.0,45.4
S1509,6,MECH,8.39,72.8,0.0,69.0
S2120,6,CSE,9.49,95.1,0.0,85.3
S1180,5,CIVIL,,77.0,0.0,69.0
S2577,6,CSE,9.54,96.0,0.0,86.5
S1279,4,COMP SCI,7.59,76.7,0.0,70.2
S1186,6,MECH,8.41,75.1,0.0,61.8
S2166,6,MECH,9.02,87.3,0.0,74.9
S1091,1,CSE,8.95,83.9,0.0,78.3
S1101,2,MECH,7.94,74.2,1.0,66.3
S1460,1,INFORMATION TECH,7.28,71.9,2.0,63.2
S1154,4,MECH,9.3,95.5,1.0,80.8
S2468,2,COMP SCI,9.11,84.6,0.0,78.2
S2218,5,ECE,7.45,75.2,2.0,68.5
S1420,3,CE,9.63,90.3,0.0,80.8
S2233,1,CSE,7.88,72.8,1.0,65.4
S2571,6,IT,6.84,68.3,1.0,61.1
S2236,6,ECE,7.71,74.9,1.0,68.6
S2257,5,CIVIL,8.13,77.9,1.0,72.0
S1168,1,CE,9.59,92.9,0.0,89.3
S2342,6,IT,9.25,83.3,3.0,78.6
S2726,3,ME,9.04,84.5,0.0,79.6
S2235,3,ECE,8.71,80.5,0.0,72.7
S1511,6,MECH,6.86,64.8,0.0,60.8
S2169,3,CIVIL,7.5,71.5,0.0,68.0
S2334,2,ECE,7.49,69.4,0.0,63.8
S1571,3,CSE,6.94,64.3,0.0,61.1
S2081,5,ECE,8.8,83.4,0.0,75.8
S1352,5,CE,8.18,86.5,0.0,75.9
S1192,4,CIVIL ENGINEERING,9.24,92.3,0.0,80.1
S2527,2,CIVIL,8.64,86.4,0.0,75.8
S2337,6,MECH,6.92,65.0,1.0,54.6
S2240,6,IT,9.14,86.7,0.0,83.2
S2763,3,ME,8.87,73.0,0.0,61.4
S2493,5,CIVIL,8.24,77.7,0.0,72.3
S1101,5,MECH,7.81,79.1,1.0,68.6
S1042,3,IT,8.78,86.7,0.0,75.2
S2266,1,ELECTRONICS & COMM,8.81,85.4,0.0,75.9
S2694,2,CIVIL,7.7,71.1,0.0,64.6
S1272,6,IT,8.08,81.5,0.0,70.5
S1380,3,MECH,8.68,82.0,0.0,74.0
S1044,6,CIVIL,7.5,71.6,1.0,63.0
S1522,1,MECH,7.23,67.9,0.0,57.2
S1464,1,CSE,8.86,87.4,1.0,80.3
S2073,3,MECH,8.93,85.0,0.0,77.8
S1171,3,MECH,7.49,70.7,1.0,64.7
S1089,5,ECE,8.14,74.2,1.0,63.5
S2015,5,IT DEPT,8.67,86.2,0.0,78.6
S1200,2,CSE,7.99,77.6,1.0,72.2
S2331,5,CSE,8.95,85.5,1.0,76.4
S2021,2,CSE,7.44,69.2,1.0,62.7
S1076,6,CS,7.41,75.0,0.0,64.5
S1288,5,IT,8.43,77.9,0.0,71.6
S2367,3,CIVIL,8.75,78.6,0.0,71.1
S2509,2,CIVIL,7.1,61.4,0.0,54.1
S2084,2,CIVIL,8.14,77.3,0.0,69.2
S2587,5,CIVIL,7.98,77.7,0.0,72.2
S1314,3,ECE,7.76,72.7,2.0,68.4
S1552,4,IT,8.26,72.7,0.0,64.4
S2689,5,ECE,9.41,91.1,0.0,85.3
S2131,2,IT,7.51,65.7,0.0,59.7
S2764,1,CIVIL,9.35,89.4,0.0,77.9
S2603,2,CIVIL,6.58,64.4,1.0,58.2
S1501,4,CSE,6.87,66.0,2.0,64.3
S1216,6,CSE,8.81,80.1,0.0,68.5
S2005,3,MECH,9.17,86.4,0.0,75.1
S2053,3,ECE,9.36,93.3,0.0,78.4
S1471,1,IT,8.53,87.0,1.0,71.8
S2434,4,ME,7.11,73.2,3.0,63.3
S1584,1,COMP SCI,,84.6,0.0,79.9
S2697,5,CIVIL,9.48,84.0,0.0,77.9
S2408,5,CSE,8.8,85.2,0.0,80.3
S1217,2,CIVIL,9.06,90.1,0.0,80.2
S2041,3,MECH,8.36,80.9,0.0,67.5
S2196,2,CIVIL,9.6,85.5,0.0,76.4
S2670,5,ECE,7.29,67.3,1.0,61.1
S1037,2,ECE,8.79,79.0,0.0,68.9
S1170,4,MECH,8.41,72.0,1.0,63.6
S2311,3,INFORMATION TECH,7.57,69.1,1.0,67.4
S2199,2,ECE,9.48,91.2,0.0,82.9
S2517,5,CSE,8.31,79.4,0.0,73.7
S1309,5,IT DEPT,9.42,92.5,0.0,82.4
S1188,6,CIVIL,9.59,91.3,0.0,82.1
S1430,6,IT,8.39,74.8,1.0,65.1
S1113,4,MECH,7.85,76.3,1.0,72.8
S2454,5,CIVIL,8.61,80.3,0.0,70.1
S2543,3,IT,9.15,75.5,0.0,72.3
S2453,3,ECE,8.59,76.2,0.0,69.2
S2337,2,MECH,7.41,74.3,1.0,67.3
S2135,6,COMP SCI,7.97,74.2,1.0,66.6
S2061,1,ECE DEPT,9.45,78.7,1.0,71.8
S2226,6,MECH,8.93,87.9,0.0,78.3
S1179,4,CIVIL,9.21,90.5,0.0,83.9
S1270,3,CIVIL,6.75,69.3,0.0,63.0
S1157,5,CIVIL,8.17,73.6,0.0,69.6
S1323,3,CIVIL,8.22,76.7,1.0,70.5
S2524,4,CIVIL,8.39,82.7,0.0,73.8
S2226,4,MECH,8.98,79.0,0.0,67.8
S1009,3,ECE,7.57,71.2,1.0,60.6
S1540,5,IT,8.0,78.8,1.0,72.0
S2618,6,ECE,8.48,85.6,1.0,82.5
S2453,6,ECE,8.18,79.3,0.0,76.8
S1453,5,ECE,8.68,75.2,1.0,73.5
S2333,3,CIVIL,8.84,83.3,0.0,74.3
S1145,3,IT,9.16,84.7,0.0,79.6
S1246,1,COMP SCI,8.65,77.4,0.0,64.7
S1224,2,ECE,8.63,82.3,0.0,75.2
S1471,6,IT,7.69,66.1,1.0,58.5
S2116,2,CSE,,71.8,0.0,63.2
S2572,6,CIVIL,7.2,68.4,0.0,62.9
S2612,2,IT,8.45,90.3,0.0,78.6
S1258,4,IT,8.14,80.5,0.0,72.4
S1275,6,ELECTRONICS & COMM,8.76,87.4,0.0,81.4
S1574,1,INFORMATION TECH,9.15,90.4,1.0,76.8
S1459,1,CIVIL,7.26,73.8,1.0,68.8
S2116,1,COMP SCI,7.56,77.6,0.0,72.4
S2783,4,CE,6.79,61.9,2.0,51.8
S2370,1,COMP SCI,8.17,79.8,0.0,71.6
S1017,6,MECH,7.46,72.7,3.0,64.1
S2003,3,MECH,8.49,75.8,0.0,66.3
S2464,1,INFO TECH,8.31,81.5,0.0,72.8
S1481,2,ECE,8.9,80.3,0.0,75.7
S2732,5,CIVIL,8.15,83.2,0.0,70.6
S2311,1,INFORMATION TECH,7.99,81.6,1.0,72.4
S2336,6,ECE,7.94,80.3,0.0,68.9
S2650,2,CE,8.11,76.3,0.0,77.3
S1350,5,CSE,9.29,92.4,0.0,81.4
S2020,2,CSE,8.5,80.6,1.0,71.7
S2104,3,CSE,9.12,85.1,0.0,76.0
S2086,6,ECE DEPT,9.39,93.3,0.0,83.1
S2281,5,MECH,,69.9,0.0,64.8
S2137,6,ME,8.26,75.3,0.0,65.1
S1246,3,CSE,8.61,87.9,0.0,83.8
S2486,3,CIVIL,8.65,85.3,0.0,74.2
S1591,5,MECH,7.82,78.8,1.0,75.3
S1508,3,INFO TECH,9.12,89.5,0.0,83.7
S2480,5,CIVIL,9.03,89.5,0.0,78.8
S1191,6,CSE,8.67,81.0,1.0,74.1
S1229,2,IT,8.88,85.7,0.0,75.2
S2508,6,ECE,9.18,82.5,0.0,76.7
S2212,6,CSE,9.03,84.4,0.0,73.1
S2182,1,COMP SCI,7.47,73.1,2.0,72.1
S1139,1,CSE,,71.3,1.0,62.2
S2582,3,IT,7.76,72.7,0.0,60.5
S2068,2,CIVIL,7.97,77.6,2.0,72.5
S1514,3,CSE,8.43,82.0,0.0,78.0
S2171,1,ELECTRONICS & COMM,7.5,75.9,0.0,70.0
S1257,1,ME,8.98,84.0,1.0,70.4
S2005,1,ME,9.0,88.4,0.0,80.0
S2239,1,CIVIL,7.69,67.5,1.0,64.7
S1221,1,IT,9.39,89.7,0.0,81.5
S2133,3,IT,8.84,81.4,0.0,72.6
S1213,3,CSE,8.66,86.7,0.0,78.0
S1225,3,ECE,8.56,85.9,1.0,73.6
S2675,1,MECH,9.26,88.2,0.0,80.0
S2221,1,IT,7.68,76.0,2.0,70.3
S2092,2,CIVIL,7.19,65.5,1.0,60.5
S1124,5,IT,8.33,79.4,0.0,74.5
S1031,1,ELECTRONICS & COMM,8.21,79.1,0.0,72.4
S2515,3,CSE,,89.3,1.0,81.9
S1503,1,IT,7.87,85.0,0.0,71.0
S2668,6,CSE,9.54,87.3,0.0,77.2
S1298,2,CIVIL,7.68,71.8,2.0,57.8
S1059,2,ME,6.63,66.9,1.0,61.1
S2635,2,ECE,9.41,89.0,0.0,81.2
S1194,5,CIVIL,9.14,94.3,0.0,83.2
S2205,4,CIVIL,7.5,67.1,1.0,60.0
S2038,4,MECH,6.58,60.0,2.0,54.1
S2068,3,CIVIL,8.05,76.7,2.0,67.6
S1221,3,IT,9.52,84.0,0.0,75.6
S2422,3,IT,8.81,79.4,0.0,69.8
S1263,4,IT,8.36,85.0,1.0,77.8
S1014,4,CIVIL,7.84,80.6,0.0,73.3
S2183,1,CSE,8.3,75.0,1.0,65.3
S1152,3,CIVIL,9.34,85.0,0.0,75.4
S2457,6,IT,7.83,77.0,1.0,66.8
S2683,2,IT,8.67,76.4,1.0,64.4
S2122,4,CIVIL,9.14,92.0,0.0,80.9
S2364,3,CSE,8.19,78.9,1.0,64.2
S2250,6,IT DEPT,8.13,79.1,1.0,70.9
S2511,4,MECH,9.46,88.1,0.0,71.7
S1266,4,INFO TECH,7.86,84.8,0.0,78.3
S1182,2,CSE,8.14,76.4,0.0,67.9
S2074,6,MECH,8.14,79.5,4.0,70.3
S2358,5,ELECTRONICS & COMM,8.24,83.2,0.0,77.8
S2254,1,CS,7.47,73.7,0.0,69.8
S2571,2,IT,6.94,62.4,1.0,59.0
S2314,3,ECE,8.03,80.0,0.0,73.4
S1105,2,ECE,9.15,82.4,0.0,78.5
S1132,4,IT DEPT,8.33,75.1,1.0,70.8
S1569,4,IT,9.24,98.5,2.0,86.5
S2542,3,MECH,8.03,71.7,0.0,67.8
S2393,4,ECE,7.76,81.8,1.0,74.1
S1113,5,MECH,7.6,73.5,1.0,69.1
S1292,2,ECE,9.11,90.1,0.0,81.3
S2267,1,ELECTRONICS & COMM,7.03,53.0,0.0,50.3
S1128,2,IT,8.25,78.4,0.0,71.3
S1056,5,MECH,8.27,77.7,1.0,74.0
S2366,3,CIVIL,7.7,70.0,0.0,61.4
S2048,3,CSE,7.22,73.8,1.0,62.1
S1247,4,CIVIL,8.47,87.0,0.0,77.4
S1533,3,CIVIL,9.07,81.9,0.0,71.5
S2195,4,ECE,8.87,81.2,0.0,76.4
S2514,5,CIVIL,9.0,93.1,2.0,85.0
S2628,6,CIVIL,8.46,83.3,0.0,79.6
S2317,4,IT DEPT,8.39,78.8,0.0,73.7
S2735,6,IT,8.54,80.4,0.0,69.4
S1281,1,ECE,9.91,95.2,0.0,81.5
S2579,6,CIVIL,7.14,68.0,0.0,55.3
S1353,3,ME,8.4,86.1,0.0,77.4
S1119,3,INFORMATION TECH,8.96,87.5,0.0,74.0
S2062,1,COMP SCI,8.75,87.0,0.0,78.0
S1501,2,CSE,7.14,69.5,2.0,63.7
S1262,3,IT DEPT,7.55,72.7,0.0,66.1
S2447,2,IT,8.34,77.6,1.0,66.9
S2514,2,CIVIL,8.8,82.9,2.0,77.7
S1550,2,MECH,8.24,82.4,0.0,70.3
S1289,1,ECE,9.27,82.8,0.0,71.0
S2686,6,CSE,7.37,65.4,1.0,58.0
S2752,6,CIVIL,8.78,82.8,0.0,78.6
S1551,2,CIVIL,8.32,78.7,0.0,68.1
S2436,5,CSE,9.01,81.3,0.0,74.0
S1098,5,IT,7.7,73.9,0.0,67.2
S2417,6,CSE,8.0,80.2,0.0,75.2
S2647,6,IT,8.03,82.2,1.0,75.7
S1421,2,MECH,8.31,79.5,1.0,72.8
S2208,3,MECH,6.82,70.5,0.0,63.2
S1350,1,CSE,9.12,88.2,0.0,81.1
S1559,6,ECE,9.09,79.3,0.0,69.6
S2704,3,CIVIL,9.04,82.3,0.0,77.1
S2054,1,CSE,7.3,68.2,0.0,58.4
S2524,5,CIVIL,8.12,74.2,0.0,70.4
S2597,4,ECE,9.87,93.5,0.0,85.6
S2136,2,IT,8.73,87.3,0.0,82.2
S1416,2,CIVIL,7.72,68.4,2.0,64.2
S2719,4,MECHANICAL ENGINEERING,7.53,74.3,1.0,66.8
S1029,5,CIVIL,7.36,65.3,2.0,59.9
S2031,2,CIVIL,8.59,81.8,0.0,72.9
S1346,3,ECE,8.08,79.0,0.0,71.0
S2005,2,ME,9.02,80.1,0.0,73.0
S2782,1,INFORMATION TECH,7.69,65.8,1.0,64.9
S1470,5,ECE,8.44,84.0,0.0,81.0
S1020,6,INFORMATION TECH,7.53,77.0,1.0,68.6
S2042,1,INFO TECH,7.28,72.5,1.0,65.6
S1045,4,MECH,8.04,76.3,2.0,62.5
S2765,4,IT,7.66,71.3,2.0,62.0
S2032,5,ECE,8.32,77.1,1.0,63.5
S2133,1,IT,8.88,86.4,0.0,76.3
S2355,6,IT,8.56,83.8,1.0,79.6
S2049,2,MECH,7.24,68.4,1.0,64.5
S1092,5,IT,9.03,84.4,0.0,74.4
S1251,2,ECE,8.3,75.7,0.0,68.5
S2450,3,CSE,7.91,70.1,1.0,61.3
S2198,6,MECH,8.32,85.5,0.0,77.5
S2743,3,IT,8.57,85.9,1.0,75.5
S2782,3,INFORMATION TECH,7.5,66.5,1.0,60.4
S1270,5,CIVIL,6.55,59.1,0.0,60.3
S1289,3,ECE,9.34,94.2,0.0,82.4
S1569,5,INFORMATION TECH,9.17,85.2,2.0,79.8
S1510,6,CSE,8.41,75.6,0.0,69.3
S2639,3,ECE,7.5,62.9,2.0,56.5
S2610,3,ECE,7.9,71.6,0.0,54.3
S2056,5,CIVIL,9.32,95.4,0.0,87.7
S1089,6,ECE,8.07,77.7,1.0,66.4
S1198,2,CSE,9.47,82.1,0.0,76.0
S2268,1,IT DEPT,8.54,81.5,0.0,76.0
S2461,5,ECE,9.07,82.5,0.0,73.3
S2656,2,MECH,8.86,86.0,0.0,76.4
S1011,6,CIVIL,7.73,71.9,3.0,54.8
S2671,2,MECH,8.13,80.6,1.0,74.6
S1564,6,IT,8.95,79.6,0.0,69.3
S1536,4,COMP SCI,8.72,85.4,1.0,71.2
S2422,2,IT,8.84,83.0,0.0,78.9
S1181,5,ECE,9.16,85.5,0.0,77.2
S1060,1,ELECTRONICS & COMM,9.17,79.4,0.0,70.2
S1321,3,CS,7.61,77.2,0.0,67.2
S1124,6,IT,8.31,78.2,0.0,68.7
S1591,1,MECH,7.61,74.6,1.0,66.2
S2685,1,ME,9.02,91.4,0.0,79.8
S2474,6,CIVIL ENGINEERING,8.97,88.9,0.0,76.3
S2478,5,MECH,8.48,82.2,0.0,68.7
S1493,3,CSE,8.07,80.1,0.0,77.0
S2417,5,CSE,8.41,85.0,1.0,78.4
S2253,3,CSE,7.89,73.4,0.0,64.7
S2075,4,IT,7.9,78.0,1.0,71.8
S2636,2,CIVIL,9.63,88.4,0.0,85.2
S2076,2,ECE,8.62,76.9,1.0,66.2
S1079,5,CSE,7.92,76.7,0.0,71.5
S1315,5,IT,8.25,77.7,0.0,62.6
S1496,1,MECH,8.03,77.8,2.0,73.1
S1386,3,ECE,8.33,85.0,1.0,75.8
S2109,1,CIVIL,8.25,79.6,0.0,73.6
S2417,3,CSE,8.5,78.8,0.0,70.6
S1360,4,CSE,7.35,72.1,0.0,67.4
S2674,6,IT,9.2,89.6,0.0,85.0
S1145,5,IT,9.51,98.6,0.0,90.8
S1054,6,ECE DEPT,8.37,86.3,1.0,78.5
S2323,6,CIVIL,9.43,84.6,0.0,75.1
S1498,1,CIVIL,9.23,86.2,1.0,75.5
S2631,3,ECE,9.41,84.8,0.0,78.4
S1249,4,IT,9.19,84.2,0.0,73.5
S1169,3,CIVIL,7.34,64.1,0.0,61.4
S2301,6,CIVIL,8.05,84.1,1.0,78.4
S2511,2,MECH,9.35,84.6,0.0,77.7
S1282,3,CSE,10.0,84.3,0.0,80.5
S2750,5,CSE,8.94,77.9,0.0,68.0
S1122,5,CS,8.31,75.6,1.0,63.3
S2470,3,CIVIL,8.1,74.9,0.0,64.7
S2308,3,INFORMATION TECH,,67.3,0.0,58.4
S1420,4,CE,9.66,99.4,0.0,88.6
S2101,5,ECE,8.54,79.9,0.0,76.3
S2796,4,IT,8.38,80.2,0.0,71.9
S1556,4,CIVIL,7.05,72.7,2.0,65.2
S1126,1,CSE,6.9,69.5,2.0,62.3
S2203,3,INFORMATION TECH,6.67,62.5,0.0,57.0
S2353,4,CIVIL,7.77,76.1,0.0,67.5
S1233,2,MECHANICAL ENGINEERING,7.85,72.5,0.0,67.8
S1139,6,CSE,6.8,59.7,1.0,58.5
S2129,6,CIVIL,8.53,83.5,0.0,76.1
S1548,3,MECH,9.04,86.8,0.0,79.3
S1087,3,CSE,7.86,82.2,0.0,71.7
S2353,3,CIVIL ENGINEERING,8.25,75.0,0.0,72.4
S2516,1,ECE DEPT,8.85,78.5,0.0,69.8
S2130,2,ECE,8.53,82.5,0.0,77.2
S1461,1,ME,8.26,76.9,0.0,73.2
S2666,6,IT,7.21,67.0,0.0,56.7
S1550,6,MECH,8.16,77.5,0.0,68.5
S2384,2,COMP SCI,7.88,72.3,0.0,62.6
S1488,1,INFORMATION TECH,9.91,93.7,0.0,83.6
S2431,3,CSE,8.51,83.8,0.0,75.4
S2576,6,CIVIL,9.06,82.3,1.0,73.5
S2316,2,IT,9.3,83.8,0.0,78.8
S2221,6,IT,7.58,73.3,2.0,67.0
S2693,6,IT,7.79,75.2,1.0,67.0
S2629,6,ECE,7.84,73.7,1.0,71.0
S2272,6,MECH,7.65,73.4,1.0,68.4
S1260,5,MECH,8.57,83.7,1.0,75.7
S1290,4,CSE,8.28,76.6,0.0,68.1
S1322,1,IT DEPT,7.4,69.0,1.0,61.0
S2688,6,CE,8.52,80.8,0.0,75.1
S2221,3,IT,7.74,70.4,2.0,66.9
S1231,4,ECE,7.37,68.0,2.0,57.9
S2370,2,COMP SCI,8.09,76.4,0.0,72.0
S2767,4,CE,9.02,83.0,1.0,69.5
S2352,5,IT,9.37,85.7,0.0,81.9
S1291,2,IT DEPT,7.63,64.9,0.0,56.2
S1490,6,IT,8.94,85.2,0.0,78.0
S2067,2,MECH,8.2,75.5,0.0,63.9
S1251,3,ECE,8.12,79.5,0.0,72.6
S2746,1,CSE,7.51,70.9,0.0,66.4
S1175,3,ME,8.67,81.4,1.0,72.7
S1411,5,IT,7.96,71.1,1.0,61.4
S2717,4,MECH,9.46,93.4,0.0,81.8
S2512,6,MECH,9.38,93.3,1.0,84.4
S2255,5,CIVIL,8.24,72.7,0.0,67.6
S1177,1,CIVIL ENGINEERING,9.69,93.9,0.0,85.6
S1493,1,CS,7.87,78.1,0.0,74.5
S2713,4,CIVIL,8.43,82.4,0.0,79.3
S2156,3,CSE,9.59,99.5,0.0,86.5
S1166,5,CIVIL,8.4,77.0,1.0,70.1
S2649,6,CSE,8.87,81.7,0.0,76.8
S2500,4,CIVIL ENGINEERING,9.18,84.7,0.0,76.5
S1205,3,CS,9.82,89.6,0.0,83.2
S2406,2,ECE,7.24,64.5,1.0,58.5
S1474,3,ECE,8.44,81.4,0.0,75.9
S2379,2,CIVIL,9.05,88.3,0.0,85.8
S2437,5,ECE,8.92,83.1,0.0,79.1
S2318,3,CE,7.7,81.7,0.0,67.9
S1030,4,CSE,9.67,92.1,0.0,83.5
S2255,2,CIVIL,8.2,75.5,0.0,65.1
S1023,1,COMP SCI,8.03,82.3,0.0,70.2
S1435,6,MECH,8.79,84.6,0.0,80.9
S1498,6,CIVIL,9.28,85.4,1.0,79.4
S2057,1,CSE,9.23,88.6,0.0,82.2
S2785,4,ECE,9.01,78.4,1.0,75.5
S2506,4,IT,8.55,83.0,0.0,78.4
S1001,1,COMP SCI,8.86,81.9,0.0,71.9
S1387,4,CIVIL,8.61,80.5,0.0,68.9
S1343,6,IT,8.38,76.8,0.0,69.0
S2693,5,IT,8.09,78.2,1.0,69.1
S2620,1,CSE,8.86,88.4,0.0,78.9
S1544,3,CIVIL,9.23,83.2,0.0,76.1
S1301,4,CIVIL,8.21,79.9,0.0,71.6
S2409,4,ME,7.99,82.0,0.0,71.5
S2509,1,CIVIL,7.14,63.5,0.0,57.0
S2378,2,CSE,8.49,83.4,0.0,76.5
S2223,6,CIVIL,9.58,91.2,1.0,82.4
S1025,6,CSE,8.81,89.0,0.0,77.4
S2365,4,MECH,9.27,90.7,1.0,79.0
S2638,1,IT DEPT,8.61,85.9,0.0,81.1
S1229,5,INFORMATION TECH,9.05,83.2,0.0,71.4
S2779,2,MECH,9.03,83.9,0.0,74.5
S1069,4,MECH,8.06,72.1,0.0,63.8
S1069,1,MECH,8.74,87.0,0.0,81.5
S2419,4,CIVIL,7.64,71.5,0.0,68.9
S1532,2,CIVIL,9.76,92.8,0.0,83.1
S2148,5,MECH,8.08,77.4,0.0,72.0
S2500,1,CIVIL ENGINEERING,9.21,88.6,0.0,81.9
S1027,2,MECH,8.5,83.1,1.0,75.3
S1507,4,IT,9.13,86.6,0.0,73.5
S2778,3,ELECTRONICS & COMM,9.92,94.8,0.0,80.1
S2746,5,CSE,7.39,68.1,0.0,62.1
S1223,3,MECH,7.45,65.7,1.0,55.9
S2625,3,MECH,8.29,74.0,0.0,62.6
S2794,2,ECE,9.02,92.1,0.0,80.8
S1271,4,MECH,8.51,78.1,1.0,71.4
S1034,2,MECH,6.86,58.4,1.0,49.6
S2714,2,INFO TECH,7.25,62.2,2.0,54.3
S1119,5,INFORMATION TECH,9.04,85.2,0.0,79.6
S2193,4,CE,9.49,87.5,1.0,79.6
S2755,3,IT,7.37,62.2,0.0,55.9
S1484,3,CSE,8.0,70.1,0.0,61.2
S1272,1,IT DEPT,8.09,64.3,0.0,53.0
S1421,5,MECH,7.91,82.0,1.0,71.6
S1352,2,CIVIL,8.48,80.9,0.0,71.4
S2505,5,CSE,8.15,76.6,0.0,71.6
S2226,2,MECH,9.02,83.6,0.0,70.9
S1449,1,COMP SCI,6.42,54.4,3.0,46.3
S2515,5,CSE,9.42,95.1,1.0,83.3
S2672,3,CSE,9.6,89.6,0.0,77.5
S1480,6,CSE,8.31,74.2,0.0,59.6
S1349,1,IT,8.43,77.7,0.0,69.7
S2137,1,ME,8.22,83.2,0.0,73.6
S1200,6,CSE,8.18,74.9,1.0,67.0
S2528,2,IT,7.45,72.3,1.0,62.4
S1133,3,IT,8.94,93.3,0.0,85.5
S2608,6,ECE,8.63,83.4,0.0,75.8
S2232,4,ECE,8.37,83.3,0.0,79.0
S1414,6,IT,7.87,72.4,1.0,67.4
S1042,6,IT,8.28,83.6,1.0,75.6
S2231,4,MECH,8.42,83.5,1.0,79.3
S1475,4,MECH,7.84,78.2,0.0,65.6
S1414,4,INFORMATION TECH,8.1,77.9,1.0,65.6
S2368,2,CIVIL,9.19,80.6,0.0,73.1
S1299,6,CIVIL,9.37,94.9,0.0,91.2
S2485,6,MECH,9.88,90.1,0.0,82.5
S1375,2,CIVIL,8.27,79.1,0.0,72.0
S2500,3,CIVIL,9.13,86.6,0.0,76.9
S2300,5,CIVIL,7.87,77.7,0.0,77.7
S1191,4,CSE,8.61,79.4,1.0,71.3
S1487,6,INFO TECH,9.4,86.8,0.0,75.9
S2523,4,ECE,8.93,85.1,0.0,72.2
S2108,5,CSE,7.93,70.2,2.0,67.7
S2066,2,IT,8.64,84.5,1.0,76.4
S2705,4,ECE DEPT,9.42,89.6,0.0,74.6
S2181,1,ELECTRONICS & COMM,8.96,97.3,1.0,89.6
S2429,6,IT,8.4,76.8,0.0,70.7
S1518,6,CIVIL,9.42,84.8,0.0,71.2
S2719,2,MECH,7.64,79.0,1.0,69.4
S1450,5,IT DEPT,8.35,80.2,1.0,62.7
S2154,5,ECE,9.29,85.2,0.0,77.0
S2090,6,ECE,8.0,69.8,1.0,59.2
S1292,1,ECE,9.36,87.1,0.0,71.8
S1493,6,CSE,8.17,80.4,0.0,69.9
S2238,5,IT,8.15,79.4,0.0,72.2
S2691,3,IT,9.04,82.9,0.0,79.4
S1370,2,ECE,8.88,87.0,0.0,78.2
S2553,1,IT DEPT,7.14,65.4,1.0,62.0
S2372,1,ME,8.67,87.1,0.0,80.2
S1363,6,ECE,8.03,77.0,1.0,66.5
S2554,1,MECHANICAL ENGINEERING,9.48,87.4,0.0,76.0
S2180,2,CS,8.48,74.3,0.0,66.2
S2375,4,ECE,7.44,67.1,2.0,63.0
S1084,6,CIVIL,8.97,87.8,0.0,79.5
S2011,2,ME,9.56,82.8,0.0,72.3
S1046,5,ECE,8.59,83.5,0.0,74.3
S2585,2,ECE,9.24,88.2,0.0,80.6
S1206,3,CSE,8.1,76.4,1.0,70.9
S2657,4,CSE,9.18,89.8,0.0,80.5
S2718,1,CS,8.63,79.1,0.0,69.4
S2460,5,IT,7.96,76.7,0.0,69.1
S2051,4,INFO TECH,7.31,74.1,0.0,68.5
S1114,6,CIVIL,9.77,92.7,0.0,85.0
S1190,6,MECH,7.38,66.3,1.0,59.8
S1167,2,IT,6.82,67.9,1.0,60.6
S2684,6,CIVIL,8.46,75.8,0.0,63.8
S2285,3,IT,7.46,73.9,3.0,63.0
S1537,2,ECE,7.23,71.2,1.0,66.1
S1125,1,INFO TECH,8.64,76.1,0.0,67.9
S2107,5,CIVIL,5.77,55.2,4.0,52.0
S1261,2,ECE,7.12,76.8,2.0,68.1
S1192,2,CIVIL,9.09,86.7,0.0,76.6
S2365,2,MECH,9.18,93.8,1.0,78.2
S2345,5,MECH,9.18,90.9,1.0,77.5
S2448,5,MECH,9.35,84.5,0.0,73.9
S1235,3,MECH,6.46,62.5,0.0,58.4
S1481,5,ECE,8.8,82.4,0.0,77.5
S2012,3,ME,9.72,95.7,0.0,90.5
S1482,3,ECE,9.63,90.4,0.0,82.8
S1164,5,ECE,8.71,82.5,0.0,77.5
S1014,2,CIVIL,8.3,77.8,0.0,67.0
S2671,5,MECH,8.46,88.2,1.0,84.0
S2358,3,ECE,8.51,78.3,0.0,70.0
S1448,2,IT,7.45,59.5,1.0,53.3
S2234,4,MECH,7.2,68.5,0.0,64.1
S2573,5,IT,8.21,76.4,0.0,71.2
S2427,2,CS,8.34,80.3,1.0,79.1
S2421,2,ELECTRONICS & COMM,7.87,69.4,1.0,60.7
S2467,4,ELECTRONICS & COMM,7.79,74.6,1.0,70.4
S1075,2,ECE,8.74,81.9,0.0,70.5
S2130,3,ECE DEPT,8.58,79.9,0.0,69.6
S2636,3,CIVIL,9.64,92.0,0.0,87.2
S2099,4,ECE,9.06,87.5,0.0,77.8
S1516,5,MECH,8.82,88.9,0.0,80.3
S2589,4,CSE,7.08,61.8,0.0,50.5
S1317,2,ECE,9.26,87.3,0.0,75.8
S1455,6,ECE,7.36,69.6,0.0,62.9
S1012,3,CE,7.1,62.6,1.0,57.0
S1009,1,ECE,7.71,80.2,1.0,71.1
S1176,4,CSE,7.68,77.9,0.0,66.3
S2077,3,CSE,7.16,67.6,0.0,62.3
S2713,6,CIVIL,8.62,84.2,0.0,78.0
S1411,6,IT,8.1,79.6,1.0,79.7
S2666,4,IT,7.23,68.4,0.0,61.3
S2126,3,CIVIL,8.44,83.9,0.0,75.5
S2265,2,CSE,9.39,89.2,0.0,78.1
S1066,4,CSE,9.42,91.9,0.0,87.1
S1557,2,IT,8.12,80.6,0.0,77.4
S1039,3,CSE,8.33,75.8,0.0,64.0
S1007,6,COMP SCI,8.23,80.7,1.0,79.0
S2052,5,ME,7.24,75.1,0.0,73.1
S2336,5,ECE DEPT,7.86,73.9,0.0,61.8
S2673,2,IT,9.77,98.2,0.0,90.6
S2079,4,MECH,8.97,87.1,0.0,79.9
S1371,4,CIVIL,9.18,75.1,0.0,65.5
S2503,2,IT,9.16,86.7,0.0,80.5
S2338,6,MECH,6.43,56.3,2.0,53.0
S2522,4,IT,8.47,71.4,1.0,63.4
S2277,5,CIVIL,7.54,76.5,0.0,64.7
S2057,4,CSE,9.4,89.4,0.0,72.4
S1559,2,ELECTRONICS & COMM,9.06,78.1,0.0,70.9
S1313,6,CS,8.62,82.2,0.0,74.3
S1561,6,IT,7.62,73.4,1.0,69.9
S2433,1,MECHANICAL ENGINEERING,8.08,69.5,0.0,68.9
S1011,2,CIVIL,7.82,68.9,3.0,66.2
S2232,5,ECE,8.48,92.3,0.0,80.6
S2221,5,IT,7.76,75.2,2.0,68.4
S2284,6,MECH,7.8,74.0,1.0,65.8
S1068,1,INFORMATION TECH,9.29,86.3,0.0,77.3
S1056,3,MECH,8.69,78.8,0.0,75.3
S2569,6,MECH,9.1,87.4,1.0,79.6
S1169,2,CIVIL,7.34,70.4,0.0,65.3
S1375,6,CIVIL,8.36,79.8,0.0,70.0
S2638,5,IT,8.01,76.3,1.0,71.7
S2492,4,CIVIL,8.97,86.9,1.0,80.4
S2048,6,CSE,7.23,68.7,1.0,61.9
S2164,5,MECH,9.06,83.8,0.0,80.2
S2711,2,IT DEPT,8.81,87.8,0.0,78.5
S2519,3,ECE,8.74,83.3,0.0,70.4
S2211,1,CSE,8.97,80.8,0.0,77.1
S2339,1,ELECTRONICS & COMM,9.45,94.6,0.0,84.3
S1508,6,IT,9.19,83.1,0.0,75.0
S2626,6,MECH,9.93,97.5,0.0,88.6
S1553,5,IT,9.12,91.3,0.0,84.4
S1528,3,IT,9.45,88.2,0.0,80.9
S2739,4,IT,9.27,88.5,0.0,77.5
S2474,5,CIVIL,,87.6,0.0,80.5
S1339,2,INFO TECH,8.36,85.6,0.0,74.3
S1118,5,CIVIL,9.24,85.3,0.0,79.2
S1549,1,ME,9.1,86.7,0.0,80.5
S1525,6,ECE,8.85,86.6,0.0,78.3
S1242,1,CE,8.51,75.9,1.0,67.9
S2615,1,CSE,9.5,88.4,0.0,79.8
S1587,5,ECE,9.48,93.6,1.0,86.1
S1117,1,CIVIL ENGINEERING,8.02,74.5,2.0,68.3
S1184,6,ELECTRONICS & COMM,8.83,76.9,0.0,71.0
S1525,2,ECE,8.83,88.9,0.0,81.1
S1064,2,ELECTRONICS & COMM,7.83,73.9,1.0,63.3
S2653,4,CIVIL,9.36,89.6,1.0,80.6
S1239,3,MECH,9.08,83.6,0.0,71.8
S2446,3,ECE,9.39,91.6,0.0,82.4
S2525,2,MECH,8.33,84.8,1.0,74.3
S2340,2,MECH,9.4,92.7,0.0,84.4
S1064,4,ECE,7.88,76.0,1.0,69.7
S2658,3,ECE,9.44,92.7,1.0,87.5
S1252,4,IT,9.25,93.4,0.0,84.2
S2192,2,CIVIL,8.64,78.9,0.0,68.5
S2168,3,ECE DEPT,8.0,73.3,0.0,64.2
S2716,1,INFORMATION TECH,9.69,88.9,0.0,79.7
S1209,6,CIVIL,9.43,85.2,0.0,77.7
S2447,5,IT,8.47,73.1,1.0,67.7
S1465,6,CSE,7.89,76.1,0.0,63.5
S2426,3,IT,7.85,72.1,0.0,62.9
S1248,2,ME,8.43,78.4,1.0,65.1
S2396,4,CSE,8.58,77.4,0.0,65.3
S1438,2,MECH,6.97,62.7,2.0,58.0
S2525,1,ME,8.69,83.2,1.0,73.6
S1289,5,ECE,9.34,88.9,0.0,80.2
S1512,1,INFO TECH,7.75,79.3,0.0,67.8
S1199,6,INFORMATION TECH,8.04,75.4,0.0,68.8
S2431,1,COMP SCI,8.37,80.4,0.0,74.9
S1144,1,INFO TECH,7.5,71.4,0.0,59.8
S2097,1,CSE,8.95,86.3,0.0,82.2
S2648,5,MECH,8.19,83.7,0.0,74.6
S1099,1,CIVIL,8.59,84.1,0.0,80.0
S2444,1,CSE,8.67,80.2,0.0,75.0
S2636,4,CIVIL,,94.1,0.0,85.0
S2259,6,CIVIL,8.0,72.9,0.0,67.1
S1256,1,ME,8.56,92.7,0.0,87.5
S1274,5,IT,6.48,65.5,0.0,53.3
S2146,6,CIVIL,8.16,70.9,0.0,66.9
S1507,6,INFORMATION TECH,9.25,89.6,0.0,77.0
S2356,6,CIVIL,9.77,97.8,0.0,81.7
S1574,4,IT,8.53,82.7,1.0,81.1
S2289,1,MECHANICAL ENGINEERING,8.19,85.4,0.0,77.8
S2176,6,ECE DEPT,8.32,78.6,0.0,67.0
S2799,6,ECE,6.64,61.3,0.0,58.5
S1010,3,CIVIL,7.76,72.5,2.0,61.9
S1544,6,CIVIL,9.2,96.4,0.0,83.1
S2302,2,MECH,8.61,79.5,0.0,69.4
S1545,2,ECE,9.15,88.4,1.0,82.0
S2661,4,ECE,8.77,82.5,0.0,78.6
S1369,1,INFORMATION TECH,8.6,84.2,0.0,72.9
S1222,5,ECE,9.58,99.6,0.0,90.8
S1036,5,MECHANICAL ENGINEERING,8.9,83.5,0.0,72.5
S2743,6,IT,8.63,83.3,1.0,75.7
S2506,2,IT DEPT,8.77,94.6,0.0,84.0
S1144,5,IT,7.5,77.0,0.0,72.7
S2705,5,ECE,9.46,97.2,0.0,88.7
S2460,4,IT,7.96,82.1,0.0,75.8
S1446,1,ME,8.04,79.6,1.0,69.8
S2664,6,ECE,8.28,76.4,2.0,68.3
S1031,2,ECE,8.13,84.4,0.0,78.5
S1518,1,CIVIL,9.12,77.0,0.0,65.1
S2591,3,ECE,7.97,78.9,1.0,71.3
S1535,3,CSE,8.27,76.1,0.0,73.0
S2602,2,CIVIL,9.28,88.1,1.0,78.6
S2420,2,ECE,8.27,72.9,1.0,67.9
S2369,1,IT DEPT,6.18,63.6,1.0,54.6
S2409,2,ME,7.96,81.6,0.0,73.6
S2660,3,MECH,8.11,80.0,0.0,72.8
S1270,4,CIVIL,6.51,64.4,0.0,57.7
S2201,4,CSE,9.59,90.0,0.0,82.6
S1327,2,MECHANICAL ENGINEERING,7.81,73.2,1.0,68.7
S1091,5,CSE,8.93,80.7,0.0,70.5
S1473,4,MECH,8.53,79.5,0.0,71.1
S2206,1,ECE DEPT,7.19,63.3,0.0,57.6
S1364,6,CE,8.71,81.3,0.0,71.6
S2366,1,CIVIL,7.79,75.7,0.0,73.6
S1357,3,CSE,8.86,83.9,0.0,72.2
S2468,3,CSE,9.36,89.2,0.0,81.0
S2060,3,IT,9.41,85.3,0.0,79.5
S2389,4,MECH,8.06,77.3,1.0,71.1
S2475,2,CSE,8.67,90.3,2.0,79.2
S2089,5,ECE,8.39,84.0,0.0,80.0
S2578,3,IT,6.99,69.7,2.0,66.2
S2613,2,CIVIL,7.87,73.4,0.0,63.5
S1516,2,MECH,8.77,81.8,0.0,74.0
S2786,6,ECE,9.26,89.7,0.0,78.6
S1291,5,IT DEPT,7.67,73.6,0.0,65.0
S2769,5,IT,7.3,68.7,1.0,61.9
S1486,4,CIVIL,8.14,83.8,0.0,72.4
S1416,6,CIVIL,7.79,75.9,2.0,66.4
S2510,4,MECH,8.37,82.7,0.0,72.2
S2556,6,ECE,8.09,71.3,0.0,67.3
S2761,2,CIVIL,8.79,85.5,0.0,80.0
S2305,4,ECE,8.02,79.7,0.0,70.2
S2249,4,CS,8.99,84.4,0.0,70.5
S1320,5,IT,8.18,82.5,0.0,73.4
S2095,6,MECH,6.97,65.5,1.0,59.8
S2152,2,MECH,8.91,82.9,0.0,78.8
S1466,6,ECE,8.5,76.4,3.0,71.8
S2446,5,ECE,9.08,86.0,0.0,78.2
S1266,6,IT,7.87,75.8,0.0,65.4
S2554,3,MECHANICAL ENGINEERING,9.34,88.6,0.0,81.1
S1329,4,CIVIL,8.84,85.7,0.0,75.6
S1367,4,CIVIL,8.08,72.3,1.0,70.2
S1578,6,CIVIL,9.72,81.4,0.0,69.0
S2087,4,CIVIL,8.82,79.3,0.0,69.8
S1386,1,ECE DEPT,8.41,80.9,1.0,70.4
S2737,5,ECE,8.76,85.1,0.0,75.6
S1312,5,MECHANICAL ENGINEERING,9.37,89.3,0.0,82.2
S1545,5,ECE,9.07,87.3,1.0,79.7
S2737,1,ECE DEPT,8.62,89.9,0.0,76.1
S2178,3,MECH,8.2,75.6,1.0,69.2
S2542,4,MECH,8.02,72.5,0.0,61.4
S1208,3,CSE,8.97,84.7,0.0,70.5
S2147,5,CSE,8.65,72.9,1.0,66.2
S2058,5,IT,7.87,79.1,1.0,72.1
S2191,1,MECH,8.92,90.1,0.0,84.0
S2284,3,MECH,7.98,73.2,0.0,66.9
S2517,6,CSE,8.23,80.1,0.0,68.0
S1097,1,CIVIL ENGINEERING,7.92,69.0,1.0,64.8
S2772,4,IT,9.05,83.0,0.0,70.6
S1195,3,MECH,8.32,83.8,0.0,77.8
S1264,6,ECE,7.24,70.3,1.0,67.8
S1070,2,CSE,6.88,57.3,1.0,44.0
S1455,5,ECE,7.46,73.8,0.0,66.6
S2707,3,IT,7.85,78.3,1.0,71.4
S1222,3,ECE,9.62,95.2,0.0,82.4
S1127,4,COMP SCI,8.75,85.1,0.0,75.3
S2767,6,CIVIL,9.09,83.6,1.0,70.7
S1201,2,MECH,,68.6,1.0,61.1
S2519,6,ECE,9.05,90.3,0.0,78.1
S2314,1,ECE DEPT,7.79,78.7,0.0,71.1
S1590,2,CSE,8.7,78.6,0.0,74.1
S2145,1,CE,9.42,90.6,0.0,83.2
S2020,4,CSE,8.53,88.0,1.0,75.2
S1320,6,IT,8.23,77.1,0.0,65.6
S1055,5,CIVIL,8.6,83.3,1.0,76.8
S1572,3,ECE,7.54,74.4,0.0,61.2
S2497,2,ECE,5.43,48.9,1.0,40.8
S1452,1,CSE,8.53,86.3,0.0,73.0
S1480,3,CSE,8.13,75.7,0.0,70.5
S2157,3,CIVIL,8.84,77.3,1.0,66.7
S2233,6,CSE,7.11,71.9,2.0,60.1
S1186,2,MECH,8.19,82.8,0.0,76.1
S1399,6,MECHANICAL ENGINEERING,7.51,66.4,2.0,55.0
S1448,3,IT,7.42,65.0,1.0,61.3
S1277,4,CIVIL,9.64,95.9,2.0,81.1
S2043,6,ECE DEPT,7.32,74.7,2.0,68.5
S1214,4,ECE,8.86,81.0,0.0,66.4
S2176,2,ECE,8.18,79.9,0.0,75.6
S1320,3,INFO TECH,8.07,79.7,0.0,74.0
S1481,1,ELECTRONICS & COMM,8.96,91.2,0.0,84.0
S2494,5,CSE,7.79,72.9,2.0,65.4
S1531,3,ECE,7.48,73.4,2.0,61.2
S1567,5,CIVIL,7.34,65.7,0.0,56.7
S2722,4,IT,7.09,71.0,0.0,65.7
S1162,5,ECE,7.98,73.7,0.0,70.1
S2085,5,CSE,6.98,69.3,1.0,62.3
S1591,4,MECH,7.66,71.9,1.0,66.4
S2720,1,ECE,9.07,87.4,0.0,74.2
S1067,4,IT,8.91,85.4,0.0,74.9
S2112,5,INFORMATION TECH,8.73,85.7,0.0,74.6
S2424,4,ECE,7.62,76.0,2.0,64.7
S1371,2,CIVIL,8.94,79.3,0.0,65.8
S1214,5,ECE,9.05,86.3,0.0,85.5
S2278,4,IT,6.63,70.6,1.0,63.7
S1328,4,IT,8.09,67.9,1.0,56.1
S1595,3,ECE,9.7,89.6,0.0,74.9
S2642,2,CIVIL,8.19,84.4,0.0,73.6
S1234,5,CSE,8.33,72.5,0.0,61.2
S1463,5,CIVIL,9.69,93.3,0.0,86.5
S2275,3,MECH,9.63,93.7,0.0,86.7
S1518,4,CIVIL,9.1,86.2,0.0,78.5
S1554,3,IT DEPT,7.04,69.3,3.0,59.1
S2039,6,MECH,9.22,88.0,0.0,77.0
S1455,3,ECE,7.4,71.8,0.0,72.8
S2490,3,ECE,8.99,93.2,2.0,89.6
S1303,6,ECE,8.78,78.5,1.0,76.5
S2460,1,INFORMATION TECH,8.05,71.0,0.0,64.7
S1217,3,CIVIL,9.01,85.2,0.0,79.5
S2731,4,CSE,9.22,87.2,0.0,75.3
S1124,3,IT,8.44,83.0,0.0,79.4
S2130,4,ECE,8.58,82.3,0.0,79.5
S2636,1,CIVIL ENGINEERING,9.56,88.6,0.0,78.9
S2447,4,IT,8.47,75.7,1.0,71.1
S2537,2,IT,8.66,77.3,1.0,74.5
S2236,4,ECE,7.84,66.3,1.0,58.0
S1558,5,ECE,8.52,78.6,2.0,70.6
S2381,1,INFORMATION TECH,8.55,80.4,1.0,72.2
S2421,4,ECE,8.17,82.5,1.0,74.4
S1412,6,CS,7.5,81.4,2.0,75.7
S2090,1,ECE,7.9,66.8,1.0,61.3
S1573,3,ECE,8.26,81.1,0.0,73.1
S1326,5,CSE,7.25,71.5,0.0,62.8
S1073,4,MECH,9.08,87.0,0.0,81.8
S2570,5,CIVIL,9.64,84.6,0.0,79.0
S2021,1,CS,7.73,77.9,1.0,73.1
S1052,3,IT,8.08,74.6,1.0,61.8
S2542,2,MECH,8.24,80.5,0.0,70.8
S1015,4,CSE,8.43,79.3,1.0,72.6
S1430,3,IT,8.3,77.6,1.0,68.5
S1524,2,IT,6.67,64.3,1.0,58.3
S1171,1,ME,7.47,73.3,1.0,61.6
S2423,6,ECE DEPT,8.93,85.3,0.0,74.8
S2243,6,ME,8.78,82.5,1.0,77.4
S1338,4,CIVIL,8.57,88.5,0.0,78.6
S2449,3,MECH,6.43,63.3,2.0,59.1
S1460,2,INFORMATION TECH,7.4,77.3,2.0,68.5
S2213,6,CIVIL,8.33,78.5,0.0,70.5
S2551,1,CIVIL,9.45,83.6,0.0,74.5
S2559,4,CSE,7.92,72.7,1.0,63.6
S1043,6,MECH,8.47,81.2,0.0,72.1
S2105,5,CSE,7.41,73.6,1.0,60.0
S1049,1,ECE,9.4,91.7,0.0,79.4
S1438,6,MECH,7.01,62.1,2.0,55.8
S2541,5,MECHANICAL ENGINEERING,7.92,76.1,0.0,68.2
S2258,6,CSE,7.81,77.8,0.0,70.4
S2486,4,CIVIL,8.76,77.9,0.0,68.2
S2762,5,MECH,8.33,88.2,0.0,73.4
S2755,5,IT,7.35,63.9,0.0,58.2
S1501,3,CSE,7.14,65.7,2.0,59.4
S1237,6,CIVIL,8.5,78.0,2.0,67.6
S1123,6,IT,9.32,91.3,0.0,86.9
S2721,4,COMP SCI,7.27,71.5,3.0,63.1
S2398,1,IT DEPT,8.45,73.3,0.0,66.2
S2331,2,CSE,9.04,84.5,1.0,78.6
S1091,4,CSE,8.94,90.9,0.0,81.8
S2030,1,IT DEPT,9.65,84.5,0.0,74.9
S2106,6,IT,9.21,89.5,0.0,76.1
S2018,3,MECH,7.82,69.4,1.0,65.4
S2789,6,CIVIL,6.78,66.3,0.0,56.6
S2707,6,IT,7.89,76.2,1.0,67.5
S2718,4,CS,8.93,86.5,0.0,79.8
S2312,5,CIVIL,7.21,70.7,0.0,66.4
S1272,5,IT,8.31,78.7,0.0,74.8
S1363,2,ECE,7.96,79.4,1.0,71.8
S2206,3,ECE,7.21,73.2,0.0,66.3
S1134,3,MECH,8.67,84.6,1.0,74.6
S2171,6,ECE,7.75,71.8,0.0,57.2
S1235,2,MECH,6.56,61.3,0.0,58.8
S1012,4,CIVIL,7.22,66.3,1.0,62.7
S2497,6,ECE,4.93,49.1,2.0,45.3
S1119,4,IT,8.79,93.0,0.0,79.6
S2507,6,IT,6.31,60.4,1.0,55.5
S1045,2,MECH,8.42,86.2,2.0,80.9
S2341,3,ECE,7.48,79.7,1.0,73.6
S1240,4,CIVIL,7.97,66.7,0.0,62.2
S2109,3,CIVIL,8.31,67.7,0.0,63.0
S2590,3,MECH,8.84,92.3,1.0,85.2
S2492,5,CIVIL,8.89,76.0,1.0,69.3
S2751,4,COMP SCI,8.85,77.8,0.0,64.1
S2445,3,CSE,8.55,79.0,0.0,66.7
S1265,3,CIVIL,8.55,78.0,0.0,74.3
S2178,2,MECH,8.4,74.3,1.0,69.3
S1258,3,IT,8.37,83.2,0.0,79.4
S2538,5,CIVIL,6.48,55.0,0.0,47.7
S2682,1,MECH,9.09,86.1,0.0,75.9
S1333,3,CSE,8.07,71.2,0.0,63.8
S1416,3,CIVIL,7.51,75.8,2.0,67.8
S2111,5,CIVIL,7.94,71.2,1.0,69.1
S2308,5,IT,8.3,74.6,0.0,60.7
S1335,3,INFORMATION TECH,8.05,80.5,0.0,77.9
S1442,1,IT,8.82,81.3,0.0,72.3
S2099,5,ECE,8.99,79.7,1.0,69.3
S2699,2,CIVIL,8.47,84.1,1.0,79.2
S2742,6,ECE,8.58,80.4,1.0,69.5
S2504,5,INFO TECH,8.61,81.6,0.0,75.7
S2693,3,IT,8.32,80.4,1.0,73.7
S2648,1,MECH,8.13,78.3,0.0,72.5
S1126,2,CSE,6.82,70.4,2.0,60.2
S2287,6,CSE,8.09,77.4,1.0,67.5
S2528,4,IT,7.48,73.7,1.0,63.1
S2747,2,IT,8.44,80.7,0.0,64.8
S1080,3,MECH,8.09,79.8,0.0,72.8
S2575,6,CSE,7.63,68.0,0.0,62.1
S2778,4,ELECTRONICS & COMM,9.97,96.8,0.0,88.4
S2673,5,IT,9.69,95.1,0.0,81.4
S1036,2,MECHANICAL ENGINEERING,9.52,93.6,0.0,91.3
S1079,1,CSE,7.86,71.0,0.0,62.3
S2202,3,IT,9.4,89.7,0.0,77.6
S2195,2,ECE,9.24,84.9,0.0,78.2
S2799,4,ECE,7.06,65.0,0.0,63.1
S2161,5,CE,9.43,86.0,1.0,85.3
S1171,6,ME,7.72,72.4,1.0,63.4
S2276,5,MECH,9.57,90.7,0.0,86.7
S1306,3,ME,9.08,86.8,1.0,77.4
S2661,6,ECE,8.79,90.2,0.0,78.1
S2087,6,CIVIL,8.92,84.7,0.0,73.0
S2102,5,CSE,8.35,81.5,2.0,73.9
S2513,2,ECE,9.38,90.6,0.0,84.3
S2016,3,MECH,7.73,73.5,0.0,56.8
S2617,1,IT DEPT,8.05,74.2,1.0,62.5
S1129,6,ME,7.87,70.8,0.0,58.6
S1249,1,INFORMATION TECH,9.07,81.3,0.0,75.0
S1467,3,CSE,9.48,86.3,0.0,83.6
S1423,3,MECH,8.67,74.8,0.0,69.5
S2219,6,INFO TECH,8.02,77.3,0.0,72.0
S1107,6,CIVIL,9.61,91.5,0.0,85.5
S2297,4,ECE,8.98,86.8,2.0,81.5
S1033,5,CSE,8.59,81.7,0.0,71.6
S2711,5,IT,9.01,93.0,0.0,83.1
S2204,2,ECE,7.15,71.6,0.0,66.7
S1439,1,CSE,8.17,74.3,1.0,67.9
S2759,2,ECE,9.11,82.5,0.0,72.3
S1185,5,CIVIL,8.21,81.9,2.0,78.7
S1333,4,CSE,8.28,73.2,0.0,67.3
S2665,3,CIVIL,8.18,85.1,0.0,75.6
S1237,5,CIVIL,8.36,81.2,2.0,71.0
S2770,1,IT,7.82,75.4,1.0,71.7
S2369,6,IT,5.3,51.2,2.0,44.1
S2184,3,IT,9.62,87.9,0.0,82.3
S1441,2,ECE,8.63,80.0,0.0,66.8
S1579,3,MECH,8.66,81.9,1.0,68.9
S1160,4,CS,9.23,82.0,0.0,74.2
S1267,2,CSE,7.56,65.4,0.0,61.2
S1106,4,MECH,8.0,72.3,0.0,66.3
S2174,3,IT,8.61,86.9,1.0,78.7
S2511,3,MECH,9.32,87.3,0.0,76.7
S2253,2,CSE,7.76,73.7,0.0,67.6
S1211,2,ECE,9.06,91.7,0.0,79.6
S1020,5,INFORMATION TECH,7.6,73.7,1.0,64.6
S2432,4,ECE,9.17,83.2,0.0,74.7
S2075,5,IT DEPT,8.08,77.4,1.0,70.5
S2050,5,MECH,7.36,75.7,0.0,66.6
S2291,1,INFORMATION TECH,8.66,73.3,0.0,64.2
S2476,2,ECE,8.19,71.8,0.0,63.9
S2304,2,IT DEPT,8.65,85.8,1.0,80.1
S1387,2,CIVIL,8.87,81.9,0.0,76.1
S1413,2,MECH,7.96,72.7,0.0,62.9
S2574,2,MECH,7.65,68.2,2.0,60.9
S2564,3,CIVIL,8.94,82.5,2.0,73.2
S1196,3,MECH,7.13,67.6,1.0,63.0
S2081,1,ECE,,91.5,0.0,78.7
S2236,5,ELECTRONICS & COMM,7.67,76.5,1.0,65.8
S2375,3,ECE,7.42,69.0,2.0,69.8
S2513,1,ELECTRONICS & COMM,9.57,88.9,0.0,79.5
S2238,6,IT,8.2,76.5,0.0,66.8
S1378,5,MECH,9.2,86.4,1.0,74.9
S2708,5,ECE,8.47,81.1,0.0,73.8
S2338,1,ME,6.5,65.3,2.0,58.4
S2212,5,CSE,8.88,91.1,0.0,82.6
S2447,3,IT,8.45,79.4,1.0,69.7
S2160,3,IT,8.74,82.1,2.0,76.0
S2388,4,CSE,8.21,70.9,0.0,61.3
S2668,4,CSE,9.59,90.2,0.0,78.1
S2605,3,IT,8.79,77.4,0.0,64.1
S2035,3,ECE,8.37,83.9,0.0,78.7
S2286,4,CIVIL,9.08,77.7,0.0,73.6
S2766,2,MECH,8.45,78.7,2.0,71.3
S1543,6,IT,9.13,91.3,0.0,81.2
S2380,3,ECE,7.2,62.1,1.0,61.4
S1136,6,IT,8.27,79.5,1.0,72.1
S2182,4,CSE,7.71,79.7,2.0,72.3
S1104,1,COMP SCI,8.72,82.4,0.0,72.0
S2380,6,ECE,7.27,66.5,1.0,63.6
S2291,5,IT,8.88,88.5,0.0,81.0
S2165,3,ECE,8.69,85.5,0.0,80.4
S1174,5,ME,7.54,69.8,0.0,63.0
S1407,6,ELECTRONICS & COMM,9.05,86.8,0.0,81.1
S2032,6,ECE,8.44,83.5,1.0,77.3
S1180,1,CIVIL,7.88,77.8,0.0,71.9
S1233,5,MECH,8.16,77.3,0.0,72.5
S2171,2,ECE,7.63,72.1,0.0,68.9
S1030,6,CSE,9.54,87.8,0.0,80.3
S2729,2,IT,9.73,93.0,0.0,83.2
S1330,5,ECE,8.92,85.2,0.0,76.3
S1481,6,ECE,8.79,85.3,0.0,80.2
S1459,4,CIVIL,7.35,69.9,1.0,64.5
S2122,6,CIVIL,8.87,80.4,0.0,68.7
S2389,2,MECH,8.08,82.1,1.0,73.6
S2704,4,CIVIL,,82.2,0.0,76.2
S1256,3,MECH,8.69,87.8,0.0,79.5
S2539,5,CSE,7.07,72.2,0.0,62.3
S2116,6,COMP SCI,7.68,77.6,0.0,71.0
S2794,1,ELECTRONICS & COMM,9.11,89.2,0.0,85.2
S2688,5,CE,8.5,80.9,0.0,69.0
S1289,2,ECE,9.26,86.3,0.0,80.6
S1225,2,ECE,8.52,81.7,1.0,76.5
S2784,2,ECE,8.21,71.7,0.0,64.7
S2359,1,ECE DEPT,7.16,75.5,1.0,68.8
S2526,1,ECE,8.92,85.2,0.0,77.4
S2242,4,CIVIL,9.47,89.8,0.0,83.9
S2437,2,ECE,8.68,79.1,0.0,67.6
S2617,2,IT,8.16,81.8,1.0,74.9
S2150,5,CSE,9.18,86.8,0.0,81.2
S2469,5,IT,8.57,86.0,0.0,71.6
S1421,3,MECH,8.26,71.0,1.0,66.0
S1213,6,CSE,9.02,77.3,0.0,69.9
S1284,2,CIVIL,7.4,65.1,0.0,61.7
S2602,6,CIVIL,8.73,88.7,2.0,81.2
S2264,5,CSE,8.38,73.9,1.0,67.9
S1278,1,CIVIL ENGINEERING,8.36,78.9,0.0,66.3
S1553,6,IT,9.05,90.7,0.0,82.6
S1247,5,CIVIL,8.32,86.8,0.0,76.0
S1125,2,INFO TECH,,86.6,0.0,74.6
S1442,3,IT,8.69,90.0,0.0,81.2
S2007,4,CSE,8.98,82.0,0.0,71.5
S1230,3,MECH,8.22,74.1,1.0,66.6
S1125,4,INFO TECH,8.57,82.7,0.0,68.6
S2618,1,ECE,8.38,78.9,1.0,66.7
S1435,2,ME,8.6,82.5,0.0,76.5
S2395,6,MECH,9.31,81.9,0.0,70.6
S2092,4,CIVIL,7.21,69.3,1.0,59.1
S1194,6,CIVIL,9.18,92.4,0.0,86.4
S2574,3,MECH,7.79,76.4,2.0,65.7
S2233,2,CSE,7.64,72.1,1.0,61.0
S2181,5,ECE,9.29,91.5,1.0,81.8
S2183,2,CSE,8.42,80.7,1.0,78.9
S1545,6,ECE,8.96,83.0,1.0,77.1
S2719,3,MECH,7.6,70.7,1.0,61.6
S2607,3,CIVIL,8.28,76.8,0.0,65.5
S1521,6,ECE,7.75,72.4,0.0,70.7
S2728,1,IT,8.33,75.2,0.0,68.8
S2310,6,CIVIL,7.69,65.7,0.0,60.4
S1051,1,IT DEPT,7.94,73.2,0.0,70.1
S1191,5,CSE,8.69,82.2,1.0,77.0
S2552,4,ECE,8.49,77.8,1.0,69.8
S2495,4,CSE,6.82,75.9,0.0,71.9
S2530,1,CSE,8.1,78.4,1.0,69.5
S1269,1,INFORMATION TECH,7.97,80.7,0.0,75.1
S1491,5,CIVIL,7.19,70.2,1.0,66.7
S2010,3,IT,9.2,93.3,0.0,83.7
S1510,5,CSE,8.35,84.0,0.0,73.9
S2763,5,ME,8.78,82.1,0.0,75.0
S1489,6,MECHANICAL ENGINEERING,8.0,74.5,2.0,68.9
S2453,4,ECE,8.51,76.5,0.0,63.9
S1340,6,CIVIL,8.28,76.5,1.0,73.9
S1193,6,ME,8.68,86.4,0.0,85.7
S2122,3,CIVIL,9.19,79.0,0.0,67.6
S1082,1,ECE,8.19,78.2,1.0,65.3
S1197,5,IT,9.15,86.4,1.0,74.7
S2659,3,IT,7.87,73.9,0.0,61.1
S2228,2,CS,6.02,58.4,0.0,50.5
S2754,5,CSE,9.95,92.9,0.0,82.7
S2329,4,CSE,7.99,77.9,0.0,70.9
S2459,1,CIVIL ENGINEERING,9.45,84.4,0.0,75.2
S2333,2,CIVIL,8.92,79.9,0.0,74.3
S2583,3,CIVIL,8.13,74.6,0.0,70.1
S2146,3,CIVIL,8.03,73.3,0.0,66.2
S2683,3,IT,8.74,83.6,1.0,74.8
S1591,2,MECH,7.71,75.2,1.0,68.3
S2294,6,ECE,8.78,81.1,0.0,74.4
S2395,5,MECH,9.21,85.6,0.0,73.6
S2260,3,ECE,6.73,55.9,2.0,51.4
S2167,2,MECH,8.32,78.1,0.0,69.3
S2627,4,CSE,9.17,82.6,0.0,73.6
S2498,4,IT,,74.1,1.0,71.5
S2677,5,CIVIL ENGINEERING,9.08,82.6,0.0,71.7
S2535,1,ME,7.1,68.7,1.0,63.9
S2580,1,ECE DEPT,9.32,87.0,1.0,81.9
S1111,6,CSE,8.66,82.9,0.0,71.9
S2128,6,CSE,8.5,84.2,0.0,78.9
S2350,1,MECHANICAL ENGINEERING,9.53,91.9,0.0,77.8
S1108,1,ECE,8.56,77.7,0.0,67.4
S1487,2,INFO TECH,9.22,90.9,0.0,83.5
S1030,3,CSE,9.42,84.5,0.0,76.2
S2513,5,ECE,8.78,84.0,0.0,76.7
S2364,1,CSE,8.05,78.4,1.0,68.3
S1132,1,IT DEPT,8.57,86.3,1.0,75.2
S2172,6,CSE,8.1,73.1,0.0,61.7
S1075,6,ECE,8.82,81.5,0.0,71.8
S2315,2,CIVIL,8.3,74.6,0.0,70.7
S1434,5,ME,8.85,81.7,0.0,72.0
S1057,2,CIVIL ENGINEERING,7.36,65.6,1.0,63.8
S2059,1,ME,8.34,83.4,0.0,79.1
S1016,2,IT,7.75,63.4,0.0,55.9
S2286,1,CE,9.14,88.1,0.0,80.3
S1592,5,IT,6.79,64.7,0.0,56.8
S2529,5,IT,9.65,96.5,0.0,90.1
S2237,5,CSE,7.53,71.6,0.0,68.2
S1442,6,IT,8.83,88.8,0.0,81.0
S1089,3,ELECTRONICS & COMM,8.54,77.2,1.0,73.8
S2318,6,CE,7.84,67.7,0.0,65.5
S1167,1,INFO TECH,6.71,66.7,1.0,60.8
S2348,6,IT,7.47,73.8,0.0,68.1
S1573,6,ECE,8.34,75.1,0.0,64.0
S1569,6,IT,9.24,83.6,2.0,76.2
S2220,1,ME,7.58,64.5,1.0,55.3
S2698,6,CIVIL,7.12,65.1,2.0,59.2
S1274,6,IT,6.15,58.3,0.0,53.2
S1018,5,ECE,6.12,60.3,0.0,51.7
S1579,2,MECH,8.59,83.7,1.0,73.0
S2257,2,CIVIL,8.3,77.0,1.0,67.4
S1238,6,CSE,8.64,83.2,1.0,77.3
S1170,5,MECH,8.57,86.2,1.0,74.9
S2015,2,IT,8.45,79.3,0.0,71.6
S1022,6,CIVIL,9.99,95.2,0.0,85.4
S2754,1,CSE,9.6,84.9,0.0,76.4
S2034,2,IT,8.98,90.1,1.0,85.7
S2516,3,ECE DEPT,8.83,83.6,0.0,71.6
S1392,3,MECHANICAL ENGINEERING,9.54,87.0,0.0,82.3
S1366,2,MECH,8.64,87.2,0.0,83.6
S1421,4,MECH,7.87,73.8,1.0,62.5
S1334,5,MECH,8.33,82.0,1.0,81.4
S2599,1,INFO TECH,8.27,72.3,0.0,70.7
S1320,2,IT,8.15,81.1,0.0,71.3
S2493,1,CIVIL,7.89,83.8,0.0,73.1
S1359,2,ECE DEPT,8.48,75.4,0.0,67.4
S1372,2,ECE,7.68,79.5,2.0,75.6
S1500,4,ME,8.99,77.5,0.0,69.9
S2371,1,INFORMATION TECH,7.92,76.9,0.0,71.1
S2531,5,CIVIL,9.18,90.4,0.0,82.3
S2134,1,INFO TECH,8.48,77.3,2.0,68.2
S1116,5,IT,7.79,77.1,0.0,67.8
S2074,4,MECHANICAL ENGINEERING,7.88,73.1,4.0,65.2
S2123,3,MECH,7.97,70.7,0.0,65.3
S1522,2,MECH,7.05,65.9,0.0,57.2
S1028,6,CIVIL,8.78,82.4,1.0,76.1
S1582,2,CS,8.64,86.5,1.0,75.7
S1062,2,CSE,9.03,81.3,0.0,77.0
S2330,1,IT DEPT,8.56,79.3,0.0,74.3
S2533,2,CIVIL,8.19,80.7,2.0,71.2
S2390,2,INFO TECH,9.4,90.9,0.0,84.4
S2458,6,ME,9.18,84.2,0.0,75.4
S1140,2,ECE,9.37,83.8,0.0,76.2
S1279,5,COMP SCI,7.75,65.6,0.0,57.7
S2160,1,IT,8.77,78.7,2.0,70.1
S2585,6,ECE,9.45,83.9,0.0,68.9
S2203,2,IT,6.83,62.5,0.0,53.8
S2647,5,IT,8.08,76.8,1.0,71.3
S2281,4,ME,7.44,75.0,0.0,65.6
S2537,3,IT,8.72,77.0,1.0,71.3
S2411,3,IT,9.07,89.1,0.0,79.9
S2717,5,MECH,9.63,87.4,0.0,80.6
S1533,4,CIVIL,8.95,81.5,0.0,69.9
S2411,6,INFORMATION TECH,8.91,82.2,1.0,79.3
S2299,4,CSE,9.51,93.4,0.0,85.0
S2628,3,CIVIL,8.53,85.4,0.0,75.5
S2756,2,CIVIL ENGINEERING,8.64,85.1,0.0,75.6
S2333,4,CIVIL,9.05,86.5,0.0,77.7
S2401,2,IT,8.9,89.2,0.0,81.0
S2725,2,INFORMATION TECH,7.22,73.2,0.0,64.9
S2458,4,MECH,9.14,90.4,0.0,80.0
S2636,6,CIVIL,9.73,94.3,0.0,90.8
S2621,3,INFORMATION TECH,8.28,79.0,0.0,67.3
S2124,4,CIVIL,8.72,81.5,1.0,78.8
S1017,5,MECH,7.66,75.9,3.0,71.8
S2652,3,MECH,8.57,78.4,1.0,75.5
S2148,1,ME,8.97,84.0,0.0,75.6
S2631,4,ECE,9.43,92.6,0.0,87.1
S2142,1,CSE,7.19,68.8,1.0,56.1
S2140,1,COMP SCI,7.88,70.4,0.0,67.9
S2124,5,CIVIL,8.4,76.1,1.0,70.6
S1256,6,MECH,8.62,85.5,0.0,74.1
S1387,6,CIVIL,8.3,78.3,1.0,71.3
S2224,2,CIVIL,8.59,85.8,0.0,78.2
S2472,2,CIVIL ENGINEERING,9.21,75.6,0.0,67.8
S2045,6,MECH,7.93,78.3,1.0,71.3
S2541,1,MECHANICAL ENGINEERING,7.71,79.1,0.0,73.2
S1204,5,IT,8.71,80.5,2.0,69.3
S2053,1,ECE DEPT,9.27,88.5,0.0,75.7
S1220,2,ECE,8.77,90.0,0.0,83.0
S2723,6,CSE,9.56,94.1,0.0,80.7
S2204,5,ELECTRONICS & COMM,7.18,68.8,0.0,65.5
S1245,2,CIVIL,7.2,68.7,1.0,66.6
S2123,5,ME,7.62,72.9,0.0,65.3
S1477,4,ECE,9.19,83.2,0.0,73.5
S2298,1,CSE,6.79,65.8,1.0,64.9
S1587,4,ELECTRONICS & COMM,9.46,84.6,1.0,75.0
S2731,1,COMP SCI,9.27,79.5,0.0,74.7
S2230,4,CIVIL,8.04,80.1,0.0,72.5
S1259,3,IT,7.65,72.2,0.0,67.7
S2790,4,ECE,9.47,90.2,1.0,87.1
S2704,2,CIVIL,9.2,91.3,0.0,78.0
S2053,4,ECE DEPT,9.37,95.7,0.0,84.3
S2723,5,CSE,9.38,89.7,0.0,82.7
S1290,6,CSE,8.14,74.9,0.0,68.8
S2196,6,CE,9.6,91.1,0.0,81.5
S2771,3,ME,8.31,79.2,0.0,63.6
S1276,1,CSE,8.31,69.9,0.0,62.7
S1013,2,ECE,7.85,84.6,1.0,74.4
S2218,6,ECE,7.16,58.1,2.0,50.1
S1535,5,CSE,8.29,78.7,0.0,68.4
S1504,2,ECE,8.27,80.4,0.0,70.0
S2056,2,CIVIL ENGINEERING,9.02,83.0,0.0,78.4
S1384,4,IT,8.15,79.3,0.0,76.0
S2633,5,MECH,9.06,82.5,0.0,65.4
S2744,3,ECE,8.17,79.4,0.0,72.2
S2040,3,MECH,8.2,81.6,1.0,72.3
S1365,6,CSE,8.01,76.9,0.0,71.8
S2787,6,CSE,9.06,90.5,0.0,75.9
S1188,5,CIVIL,9.65,94.3,0.0,81.6
S1358,4,ECE,8.97,93.0,0.0,82.4
S2380,1,ECE,6.97,65.8,1.0,60.9
S1201,4,MECH,6.82,66.8,1.0,57.2
S2335,3,CSE,9.04,75.8,1.0,74.1
S2093,6,MECH,8.41,79.6,0.0,72.3
S1478,4,CIVIL,10.0,98.3,0.0,92.0
S2242,1,CIVIL,9.15,87.1,0.0,77.1
S2631,5,ECE,9.68,91.7,0.0,79.9
S1539,4,ME,8.16,75.1,2.0,67.7
S1048,5,MECH,6.79,65.3,1.0,56.1
S1006,2,CIVIL,9.05,85.5,0.0,78.2
S1503,3,IT,7.8,79.2,0.0,73.5
S2561,3,MECH,8.3,83.5,0.0,74.8
S2081,6,ECE,8.56,75.6,0.0,64.6
S1546,5,MECHANICAL ENGINEERING,7.35,67.8,2.0,59.6
S2675,2,MECH,9.1,84.7,0.0,76.4
S1029,1,CE,8.05,75.3,1.0,69.9
S1529,5,CSE,8.24,82.9,1.0,77.9
S1356,4,ECE,7.53,70.0,1.0,62.4
S2787,1,CSE,8.91,88.3,0.0,80.1
S2288,6,CIVIL,7.95,64.4,0.0,60.3
S2359,6,ECE,7.2,74.3,1.0,70.3
S2692,1,CE,8.72,77.3,0.0,66.0
S2781,5,CS,7.5,71.2,2.0,65.8
S2170,1,INFO TECH,9.53,94.0,0.0,81.5
S2048,1,CSE,7.01,62.7,1.0,56.5
S2080,4,IT,8.05,76.9,1.0,67.4
S1135,2,ECE,9.36,91.3,0.0,78.7
S2121,3,ME,8.94,81.9,0.0,79.4
S1311,3,MECH,7.61,65.0,0.0,61.2
S2531,3,CIVIL,9.26,88.2,0.0,74.4
S2502,3,ELECTRONICS & COMM,8.51,80.5,1.0,76.4
S1193,2,MECH,8.76,83.5,0.0,75.7
S2552,2,ECE,8.32,77.9,1.0,72.3
S2283,1,ELECTRONICS & COMM,9.32,85.7,0.0,75.2
S1208,1,COMP SCI,8.94,84.4,0.0,72.5
S2282,1,CIVIL,9.39,89.7,1.0,80.8
S2699,3,CIVIL,8.57,77.3,1.0,72.3
S1104,3,COMP SCI,8.77,85.2,0.0,80.5
S1092,2,IT,8.87,78.9,0.0,73.3
S2015,3,IT,8.5,78.3,0.0,69.4
S2124,1,CIVIL,8.96,82.6,1.0,73.4
S2673,1,INFO TECH,9.56,93.0,0.0,85.5
S1005,3,CIVIL,8.35,73.0,0.0,64.1
S2248,5,MECH,8.13,71.3,0.0,65.1
S2164,1,MECH,8.91,88.5,0.0,83.3
S1488,5,IT,9.93,93.7,0.0,86.0
S2316,5,IT,9.46,91.4,0.0,81.5
S1218,1,CIVIL ENGINEERING,7.97,82.7,0.0,70.6
S2399,5,MECH,8.73,77.7,0.0,71.4
S1513,6,IT,7.92,72.6,0.0,67.5
S1379,5,CIVIL,7.26,65.4,2.0,61.9
S1441,5,ECE,8.04,71.8,1.0,64.6
S2623,6,INFORMATION TECH,9.42,87.2,2.0,79.2
S2797,3,MECH,9.5,100.0,0.0,90.9
S1084,3,CIVIL,8.94,85.4,0.0,78.0
S2614,2,MECH,7.35,70.1,3.0,64.3
S1073,6,MECH,9.16,82.2,0.0,73.7
S1447,5,CS,7.84,69.4,0.0,66.9
S2066,5,IT,8.57,76.6,1.0,66.7
S2690,4,IT,9.29,80.5,0.0,70.5
S2135,2,CSE,8.69,86.6,0.0,76.4
S2387,3,CSE,8.04,77.0,0.0,73.8
S2101,6,ELECTRONICS & COMM,8.6,85.1,0.0,77.9
S1049,3,ECE,9.45,87.6,0.0,82.0
S2170,5,INFO TECH,9.13,88.5,0.0,82.1
S1554,5,IT,6.78,64.9,3.0,56.7
S2413,2,IT,8.22,76.0,0.0,66.0
S2502,2,ECE,8.64,83.4,1.0,75.6
S2726,1,ME,9.47,84.2,0.0,78.4
S1449,5,CSE,6.43,62.3,3.0,51.9
S1541,6,ECE DEPT,8.69,79.3,0.0,73.8
S1174,2,MECH,8.09,78.0,0.0,65.8
S2164,4,MECH,8.95,88.5,0.0,80.3
S2129,5,CIVIL,8.64,90.2,0.0,76.9
S2470,2,CIVIL,8.27,79.2,0.0,68.5
S2464,2,IT,8.09,72.6,0.0,63.8
S1396,4,CIVIL,9.1,84.3,1.0,72.0
S2288,2,CIVIL,8.02,75.5,0.0,66.1
S1018,6,ECE,6.09,69.7,1.0,63.4
S1131,1,ELECTRONICS & COMM,7.48,69.4,3.0,61.7
S1419,6,IT,7.23,68.2,0.0,64.2
S1236,5,CIVIL,8.58,76.6,0.0,69.7
S1090,1,ECE,9.62,88.4,0.0,75.8
S2738,1,CSE,8.14,76.2,0.0,68.3
S2370,4,COMP SCI,8.21,76.6,0.0,69.5
S2327,2,IT,8.36,81.0,1.0,75.3
S2342,2,IT,9.34,82.4,3.0,79.0
S1098,4,IT,7.86,75.8,0.0,65.7
S2241,1,CIVIL,7.66,69.6,0.0,63.6
S1443,1,CSE,7.5,74.0,0.0,67.3
S2276,6,ME,9.64,92.7,0.0,84.8
S1500,2,ME,8.98,80.8,0.0,73.5
S1432,4,CIVIL,7.97,85.9,2.0,79.8
S1284,6,CIVIL,7.62,70.8,0.0,57.4
S2438,2,CIVIL,8.79,77.1,0.0,71.1
S2107,4,CIVIL,5.9,52.6,4.0,45.1
S1082,6,ECE,8.48,79.7,1.0,71.9
S1340,3,CIVIL,8.92,79.8,1.0,73.0
S2398,6,IT,8.62,85.1,0.0,73.7
S1037,3,ECE,8.68,79.9,0.0,68.6
S1384,5,IT,7.83,72.7,1.0,63.5
S1379,6,CIVIL,7.58,76.1,2.0,63.5
S1515,4,CSE,6.59,65.1,1.0,62.7
S2740,6,CIVIL,8.45,78.5,1.0,73.9
S1344,4,CSE,8.61,84.3,0.0,75.8
S1143,1,CSE,9.4,88.1,0.0,73.9
S2676,3,CIVIL,7.74,76.9,1.0,73.4
S2141,3,CSE,7.73,77.7,1.0,70.5
S2424,6,ECE DEPT,7.63,76.5,2.0,70.4
S2142,2,CSE,7.01,61.2,1.0,52.9
S2080,2,INFORMATION TECH,8.24,76.8,1.0,73.9
S1571,5,CSE,6.83,64.8,0.0,60.6
S1515,2,CSE,6.37,58.2,1.0,50.0
S1390,4,IT,8.7,80.8,0.0,74.0
S2710,4,CSE,9.84,97.9,0.0,87.6
S2074,2,MECH,7.93,81.8,4.0,68.3
S2779,1,ME,8.98,87.2,0.0,78.9
S2494,4,COMP SCI,,72.3,2.0,64.3
S1067,2,INFO TECH,9.0,88.5,0.0,79.6
S1220,4,ECE,8.81,81.5,0.0,77.3
S1431,3,CIVIL,7.95,77.6,2.0,68.1
S1021,2,MECHANICAL ENGINEERING,6.79,72.3,2.0,59.1
S1479,1,ECE,6.37,57.2,1.0,51.7
S1067,6,INFO TECH,9.09,78.0,0.0,66.7
S1019,4,CSE,8.34,80.9,0.0,76.3
S2724,6,CSE,9.43,91.5,0.0,78.2
S1262,1,IT DEPT,7.79,79.6,0.0,72.4
S2299,1,CS,9.67,95.5,0.0,83.8
S1583,6,ME,7.8,73.0,1.0,68.5
S2542,1,MECH,8.6,80.7,0.0,72.8
S2318,2,CIVIL,7.8,74.3,0.0,66.8
S2432,6,ECE,9.09,88.6,0.0,77.3
S2486,1,CIVIL ENGINEERING,8.58,80.3,0.0,71.3
S1511,5,MECH,6.93,69.1,1.0,62.7
S2652,2,MECH,8.58,85.8,1.0,81.2
S1260,4,MECH,8.59,84.3,0.0,76.3
S2543,4,IT,9.35,96.9,0.0,91.3
S2298,5,CSE,,64.3,1.0,61.0
S1096,4,ECE,8.5,73.5,0.0,70.8
S2078,6,MECH,6.58,60.0,1.0,54.0
S2373,1,CSE,7.86,78.1,1.0,71.1
S2681,5,CSE,6.95,71.7,0.0,66.9
S1489,5,MECH,8.12,81.2,1.0,68.7
S1393,6,CSE,8.45,85.5,0.0,77.0
S2788,3,MECH,7.9,75.3,0.0,66.4
S1514,5,CS,8.65,78.9,0.0,71.8
S2565,4,MECH,9.1,82.5,1.0,76.3
S1235,4,MECH,6.32,63.0,0.0,53.9
S1090,2,ECE,9.48,96.1,0.0,88.2
S1303,3,ECE,8.88,88.1,1.0,82.4
S1589,1,COMP SCI,7.58,69.5,2.0,65.4
S1577,4,CSE,7.67,73.2,1.0,68.2
S1523,1,INFORMATION TECH,8.84,87.1,0.0,82.3
S2304,1,IT DEPT,8.75,82.1,1.0,75.2
S1240,1,CIVIL,7.82,81.1,0.0,75.3
S2273,3,IT,8.6,75.9,0.0,63.6
S2703,4,CIVIL ENGINEERING,8.79,89.1,0.0,76.1
S1204,4,IT,8.56,76.9,2.0,67.2
S2115,5,IT,8.68,85.7,0.0,77.5
S2130,6,ECE DEPT,8.71,84.5,0.0,76.7
S2508,5,ECE,9.33,88.7,0.0,85.5
S2070,6,ECE,7.29,70.2,2.0,59.8
S1312,2,MECH,9.3,92.9,0.0,85.4
S1243,3,ME,9.1,94.3,0.0,86.3
S1410,3,IT,8.13,78.5,0.0,75.9
S2676,6,CIVIL,7.26,63.5,1.0,52.5
S1079,6,CSE,7.86,77.5,0.0,66.8
S2346,4,ECE,5.93,53.8,0.0,45.4
S1304,3,IT,9.06,91.3,0.0,84.3
S2564,1,CIVIL,8.92,86.3,2.0,80.2
S1147,6,INFO TECH,8.98,89.7,0.0,76.8
S1009,4,ECE,7.71,80.5,1.0,76.4
S1307,5,IT,7.75,78.0,0.0,67.7
S2023,2,ECE,7.85,71.3,2.0,63.6
S2125,5,MECH,8.46,75.0,1.0,63.8
S2095,2,MECH,7.2,74.1,1.0,63.8
S2319,2,ECE,9.42,88.0,0.0,70.3
S1079,2,CSE,7.84,75.1,0.0,64.1
S2776,2,IT,9.34,83.6,0.0,72.0
S2019,3,IT,8.42,74.8,1.0,69.1
S2455,6,COMP SCI,8.8,81.8,0.0,75.5
S2201,1,COMP SCI,9.55,91.9,0.0,79.7
S2651,2,CSE,9.31,85.3,0.0,75.1
S1042,2,IT,8.76,83.6,0.0,82.6
S1012,5,CIVIL,7.16,76.7,1.0,71.3
S1310,5,MECH,9.32,95.1,0.0,83.6
S1289,4,ECE,9.29,94.5,0.0,90.4
S2754,6,CSE,9.85,88.6,0.0,82.1
S1145,2,IT,9.22,95.7,0.0,87.7
S1127,6,COMP SCI,8.31,77.7,1.0,75.0
S2314,5,ECE,7.81,78.0,0.0,67.6
S2688,4,CIVIL,8.55,81.1,0.0,75.0
S2040,4,MECH,,83.3,1.0,69.8
S2211,5,CSE,8.11,73.7,0.0,66.3
S1516,1,MECHANICAL ENGINEERING,8.67,73.9,0.0,69.2
S2380,2,ECE,7.05,68.8,1.0,58.4
S1564,5,IT,9.05,83.3,0.0,71.1
S1071,6,CSE,7.63,78.5,1.0,65.8
S1032,3,CSE,8.22,80.7,0.0,71.3
S2115,1,INFORMATION TECH,8.58,79.4,0.0,72.4
S1444,6,MECH,9.7,92.1,0.0,87.5
S1039,1,CSE,8.45,77.0,0.0,69.6
S2742,1,ECE,8.64,83.6,1.0,66.6
S2332,1,COMP SCI,9.28,84.0,0.0,67.3
S1116,4,IT,7.78,75.0,0.0,67.7
S1174,4,MECH,7.64,75.9,0.0,68.8
S2258,2,CSE,8.03,76.1,0.0,68.1
S2215,5,IT,9.36,81.4,0.0,76.0
S1105,1,ECE,9.27,86.0,0.0,79.3
S2632,4,CSE,7.95,78.6,0.0,73.7
S2773,1,MECHANICAL ENGINEERING,6.87,65.2,0.0,63.1
S2165,4,ECE,8.91,90.6,0.0,79.1
S1318,4,IT,8.65,86.4,0.0,74.3
S2739,5,IT,9.21,92.8,0.0,87.2
S1134,4,MECH,8.56,76.1,1.0,69.2
S1248,6,ME,8.48,87.5,1.0,80.4
S2567,6,INFO TECH,8.99,88.0,0.0,86.0
S1348,2,INFO TECH,9.39,86.1,0.0,82.1
S2567,5,IT,8.98,83.1,0.0,75.8
S2153,1,CIVIL,7.65,76.1,0.0,69.7
S1337,3,ECE,6.41,57.2,0.0,54.0
S1189,1,CS,8.29,79.2,0.0,71.1
S2459,4,CIVIL,9.75,88.7,0.0,81.8
S2126,1,CIVIL,8.16,74.4,0.0,67.4
S2041,5,MECH,8.35,76.4,0.0,69.9
S1010,5,CIVIL,7.7,80.5,2.0,67.1
S2725,5,INFORMATION TECH,7.22,65.9,0.0,62.8
S1597,3,CIVIL,8.86,84.4,0.0,80.0
S1344,6,CSE,8.73,81.2,0.0,73.0
S2649,5,CSE,8.87,87.6,0.0,77.9
S2464,5,IT,8.24,81.1,0.0,77.7
S1193,4,MECH,8.84,81.4,0.0,74.0
S2189,4,CSE,8.02,71.3,0.0,62.3
S2797,2,ME,9.51,98.6,0.0,90.1
S1017,1,ME,8.44,70.8,3.0,66.3
S2638,3,IT,8.19,78.3,0.0,72.3
S1161,1,CSE,8.04,72.0,1.0,68.3
S1055,3,CIVIL,8.32,81.6,1.0,68.9
S1547,4,MECH,9.96,98.2,1.0,86.3
S1273,1,ECE,9.47,88.7,0.0,78.0
S1147,2,IT,8.71,88.3,0.0,80.5
S2094,5,ECE,8.03,73.8,0.0,66.3
S2163,3,CIVIL,8.18,76.5,0.0,70.8
S1027,1,MECHANICAL ENGINEERING,8.61,80.8,1.0,77.5
S1358,1,ECE,8.83,85.1,0.0,76.9
S1424,5,ECE,8.9,76.1,0.0,70.7
S2372,3,ME,8.61,86.7,0.0,79.1
S1362,1,ME,8.81,87.6,0.0,76.5
S1139,4,CSE,6.94,61.7,1.0,58.2
S1102,6,ME,8.99,85.8,1.0,78.3
S2772,6,IT,8.63,78.0,1.0,72.0
S1408,5,INFO TECH,7.32,65.6,0.0,61.0
S1477,5,ECE,8.98,79.3,0.0,72.2
S1287,5,IT,7.9,69.7,0.0,63.1
S1410,5,IT,7.81,80.6,0.0,75.1
S2462,1,CSE,7.36,59.7,1.0,58.5
S2100,3,MECH,8.37,89.5,0.0,76.2
S2736,3,ECE,8.44,75.4,0.0,69.2
S1199,1,INFORMATION TECH,7.93,79.8,0.0,71.6
S2389,1,MECH,7.92,74.5,1.0,67.8
S2216,5,CSE,9.4,81.8,0.0,70.9
S2271,1,ME,7.92,74.3,1.0,67.4
S1075,4,ECE,8.81,80.1,0.0,68.8
S2552,6,ECE,8.36,79.2,1.0,69.5
S2761,4,CIVIL,8.89,90.5,0.0,76.1
S1499,4,CSE,9.49,92.8,0.0,82.4
S1335,5,IT,7.99,75.1,0.0,68.1
S2120,4,CSE,9.25,88.0,0.0,88.1
S1099,5,CIVIL,8.51,73.4,0.0,64.9
S2782,2,INFORMATION TECH,7.83,76.6,1.0,71.5
S2780,5,ECE,8.76,81.8,0.0,74.0
S2085,1,CSE,7.67,67.4,1.0,55.3
S1449,4,CSE,6.39,61.5,3.0,55.5
S2348,5,INFO TECH,7.55,81.4,0.0,70.8
S1561,3,IT,7.76,74.1,1.0,64.4
S1142,2,ECE,9.24,90.8,0.0,82.6
S2583,4,CIVIL,7.91,74.2,0.0,67.2
S1496,3,MECH,8.01,75.3,2.0,64.2
S1127,1,COMP SCI,9.28,88.1,0.0,79.1
S2009,4,MECH,7.22,73.4,1.0,67.4
S2224,1,CIVIL,8.29,78.4,0.0,66.6
S1417,4,IT DEPT,8.31,75.5,0.0,66.9
S2069,6,CIVIL,7.85,71.1,2.0,59.7
S1092,4,IT,8.98,88.3,0.0,84.3
S1432,3,CE,7.8,72.9,2.0,66.9
S2780,2,ECE,8.6,77.5,0.0,69.0
S2656,5,MECH,8.9,86.4,0.0,76.4
S2004,4,CSE,8.1,85.9,1.0,75.7
S2072,5,CIVIL,8.47,80.2,1.0,77.9
S1210,6,ECE,8.33,84.4,0.0,77.4
S2397,5,IT,8.67,78.9,0.0,72.2
S2629,4,ECE DEPT,8.01,77.7,0.0,68.0
S2461,1,ECE,9.19,87.0,0.0,79.2
S1171,5,MECH,7.55,71.0,1.0,68.7
S1126,3,CSE,6.96,61.8,2.0,51.5
S2750,4,CSE,9.05,85.6,0.0,77.2
S1505,2,IT,7.94,77.5,0.0,65.8
S2052,3,MECH,7.22,66.3,0.0,58.6
S1584,4,CSE,8.96,82.1,0.0,79.1
S1059,4,MECH,6.7,63.4,1.0,57.6
S1252,6,IT,9.43,92.9,0.0,85.6
S1549,3,MECH,9.2,87.7,0.0,83.9
S1468,6,ECE DEPT,9.16,87.9,1.0,79.8
S1012,6,CE,7.06,71.5,1.0,61.0
S1117,6,CIVIL ENGINEERING,8.28,71.6,2.0,67.6
S2381,5,INFORMATION TECH,8.81,86.9,1.0,75.0
S1094,4,ECE,6.64,58.2,0.0,53.7
S2354,6,CSE,8.99,80.8,0.0,74.3
S1535,6,CSE,8.39,80.9,0.0,71.8
S1503,5,IT,7.95,79.6,0.0,67.6
S2332,5,CSE,9.31,85.2,0.0,73.6
S2660,5,MECH,8.06,78.1,0.0,65.1
S1175,4,MECH,8.43,78.7,1.0,69.3
S2322,6,INFO TECH,8.23,79.1,0.0,72.5
S1070,1,CSE,6.8,61.7,1.0,59.5
S2334,6,ECE,7.65,75.1,0.0,73.5
S2729,1,IT,9.64,93.0,0.0,87.0
S1511,1,MECH,7.5,73.2,0.0,70.6
S1502,2,INFORMATION TECH,8.09,82.0,0.0,78.0
S2470,4,CIVIL,8.24,86.6,0.0,78.7
S2010,5,IT,9.07,87.5,0.0,79.4
S2784,6,ECE,8.37,83.2,0.0,77.7
S2587,2,CIVIL,7.77,78.7,0.0,73.0
S1236,3,CIVIL,8.83,82.7,0.0,74.8
S2374,6,CSE,7.43,71.8,0.0,66.0
S2371,6,IT,8.16,72.3,0.0,60.4
S2707,1,INFO TECH,7.59,76.2,1.0,71.0
S1252,2,IT,9.31,85.7,0.0,78.5
S2063,2,IT DEPT,9.28,91.9,0.0,87.6
S2692,6,CIVIL,8.74,85.0,0.0,81.9
S1221,2,IT,9.38,93.4,0.0,80.8
S1141,3,IT,9.01,82.9,0.0,75.3
S1192,1,CIVIL ENGINEERING,9.11,91.9,0.0,87.4
S2295,5,MECH,8.2,81.2,1.0,79.8
S2654,2,IT,6.76,58.1,3.0,48.0
S1078,2,ECE,7.9,79.0,1.0,76.3
S2712,1,INFORMATION TECH,9.16,84.0,0.0,74.8
S2369,5,IT,5.58,54.8,2.0,55.4
S2776,3,IT,9.52,94.4,0.0,84.9
S2526,4,ECE,8.82,79.2,0.0,69.0
S2548,5,CIVIL,7.87,69.4,0.0,61.5
S1064,1,ELECTRONICS & COMM,7.73,69.1,1.0,57.9
S2621,5,IT,8.2,76.3,0.0,76.4
S1223,4,MECH,7.23,66.2,1.0,52.5
S1204,6,IT,8.3,74.3,2.0,63.4
S2388,6,CSE,8.27,81.6,0.0,71.7
S2302,5,MECH,8.74,84.3,0.0,78.4
S2082,2,IT,7.29,70.1,0.0,66.0
S2076,4,ECE,8.53,76.1,1.0,64.8
S1302,6,CE,8.87,83.0,0.0,72.6
S2077,5,CSE,6.92,63.5,0.0,59.5
S2519,5,ECE,8.81,81.7,0.0,74.6
S1316,5,ECE,7.89,72.2,3.0,61.5
S2441,3,IT,7.34,75.3,1.0,71.2
S2035,2,ECE,8.47,83.7,0.0,72.2
S1462,5,IT,9.62,89.9,0.0,81.2
S2289,6,MECH,7.29,70.1,0.0,60.1
S2686,1,CSE,7.18,61.6,1.0,49.1
S1542,3,CIVIL,8.77,87.3,0.0,75.0
S1199,2,INFORMATION TECH,8.03,72.9,0.0,63.4
S2520,6,CSE,8.7,87.2,0.0,78.0
S1150,5,ECE,8.19,79.1,0.0,76.9
S2551,4,CIVIL,9.32,88.4,0.0,78.2
S2029,6,CSE,7.58,67.5,1.0,61.7
S2607,2,CIVIL,8.28,76.3,0.0,69.5
S2350,4,MECH,9.47,90.1,0.0,78.0
S1172,5,MECH,9.16,83.4,0.0,76.6
S2404,6,INFORMATION TECH,7.91,67.8,0.0,63.4
S2278,1,IT,6.69,65.4,1.0,57.6
S2404,3,IT,7.73,72.2,0.0,70.3
S1293,4,CIVIL,9.8,93.2,0.0,84.2
S2225,4,IT DEPT,8.39,78.7,0.0,69.0
S1039,4,CSE,7.91,75.3,0.0,66.8
S2366,6,CIVIL,7.76,72.6,0.0,64.7
S1397,2,IT,8.29,87.7,0.0,82.2
S2030,4,IT,9.28,91.5,0.0,85.5
S2124,6,CIVIL,8.52,86.0,1.0,73.1
S1361,5,ECE,9.73,88.1,0.0,78.5
S1253,4,MECH,7.66,74.2,0.0,72.6
S1037,1,ECE,8.73,80.2,0.0,75.7
S2708,3,ECE,8.45,80.6,0.0,69.9
S1410,2,IT,8.21,77.0,0.0,70.2
S2510,5,MECH,8.14,79.8,0.0,73.4
S1149,6,IT,9.07,81.6,1.0,76.8
S1432,1,CE,7.8,76.8,2.0,68.3
S1309,3,IT,9.3,87.2,0.0,76.6
S2239,6,CIVIL,6.99,64.1,1.0,55.6
S2212,2,CSE,8.85,80.7,0.0,72.4
S1055,1,CIVIL ENGINEERING,8.49,80.7,1.0,73.9
S1203,4,IT,9.14,83.6,1.0,70.2
S2727,2,ECE,8.26,79.6,1.0,76.1
S2183,5,CSE,7.75,79.5,1.0,71.0
S1189,2,CS,8.01,76.2,0.0,64.1
S1520,5,IT,8.1,74.1,0.0,64.8
S2584,3,CIVIL,8.58,81.8,0.0,77.5
S2749,3,ECE,9.32,93.6,0.0,86.6
S1035,5,MECH,9.06,90.6,0.0,81.5
S1369,3,INFORMATION TECH,8.47,83.7,0.0,81.1
S1134,1,MECHANICAL ENGINEERING,8.49,75.6,1.0,67.3
S2687,4,MECH,7.06,70.4,3.0,63.3
S1123,3,IT,9.32,89.3,0.0,80.4
S2687,3,MECH,7.39,77.5,3.0,71.0
S1196,5,MECH,7.07,68.4,1.0,59.5
S2161,1,CE,9.2,83.7,1.0,78.7
S2140,6,CSE,8.18,76.2,0.0,65.1
S2472,6,CIVIL,8.58,84.8,0.0,75.3
S2411,4,IT,9.13,86.3,0.0,80.1
S2442,5,CIVIL,9.31,79.4,0.0,68.0
S2400,1,IT DEPT,7.31,68.2,2.0,59.1
S2613,3,CIVIL,7.75,77.0,0.0,70.6
S1034,1,MECH,6.83,66.4,1.0,66.1
S2643,5,CIVIL,7.55,67.3,0.0,63.6
S1183,6,MECH,7.22,72.9,0.0,67.0
S1092,3,IT,9.01,91.8,0.0,82.2
S1573,2,ECE,8.37,76.0,0.0,66.6
S2065,2,CIVIL,8.74,85.1,0.0,78.1
S2166,2,MECH,8.75,82.9,0.0,75.5
S1494,6,CSE,9.39,96.7,1.0,86.8
S2412,6,IT,9.5,93.8,0.0,84.5
S2275,1,ME,9.73,85.9,0.0,71.9
S2152,6,ME,8.78,92.2,0.0,78.2
S1242,3,CIVIL,8.14,73.4,1.0,65.9
S2440,1,MECHANICAL ENGINEERING,7.65,66.6,0.0,62.6
S2656,1,MECH,8.73,80.6,0.0,74.3
S1103,5,CIVIL,9.54,94.0,0.0,84.1
S2694,1,CIVIL,7.66,83.9,0.0,76.3
S1157,2,CIVIL,8.27,69.3,0.0,61.2
S1104,5,CSE,8.77,74.4,0.0,64.6
S2459,2,CIVIL,9.72,91.8,0.0,84.0
S1430,4,IT,8.3,75.9,1.0,67.2
S2072,4,CE,8.27,81.4,1.0,72.3
S1505,4,IT,7.66,74.3,0.0,66.8
S2598,4,MECH,7.53,75.3,1.0,69.1
S2133,4,IT,8.91,86.8,0.0,77.7
S2409,6,ME,7.93,74.7,0.0,68.9
S2540,5,ECE,9.65,90.9,0.0,79.7
S1367,6,CIVIL,8.07,78.6,1.0,72.2
S2708,2,ECE,8.75,76.8,0.0,67.0
S1498,2,CIVIL,9.05,85.9,1.0,77.6
S2220,2,MECH,7.52,75.6,1.0,72.9
S2193,5,CE,9.69,96.2,1.0,87.9
S1403,1,CIVIL,8.94,87.8,0.0,78.4
S1080,5,MECH,7.75,78.7,1.0,73.8
S1226,3,CSE,7.48,70.1,0.0,57.2
S2752,4,CIVIL,8.73,82.4,0.0,72.1
S2123,4,MECH,7.65,76.4,0.0,69.8
S2508,2,ECE,9.19,89.7,0.0,87.4
S1414,1,INFORMATION TECH,8.11,77.6,1.0,70.8
S2441,4,IT,7.13,68.6,1.0,60.9
S1173,2,ECE,7.45,71.0,2.0,56.2
S1516,6,MECH,8.97,95.7,0.0,86.0
S1522,6,MECH,6.49,65.6,1.0,60.0
S1502,1,INFORMATION TECH,8.1,78.2,0.0,68.7
S1576,6,INFO TECH,9.04,89.1,0.0,75.7
S1434,1,ME,8.75,88.2,0.0,76.4
S2109,4,CIVIL,8.36,77.8,0.0,68.6
S2505,3,CSE,8.17,83.2,0.0,71.7
S1376,2,MECH,8.23,72.3,0.0,65.2
S1238,4,CSE,8.75,79.2,1.0,72.2
S1387,3,CIVIL,8.94,88.7,0.0,83.6
S1312,6,MECHANICAL ENGINEERING,9.18,90.7,0.0,81.1
S2682,5,MECH,9.2,84.9,0.0,78.8
S2797,4,MECH,9.62,88.8,0.0,84.3
S2391,3,IT,9.9,97.2,0.0,84.5
S1088,6,MECH,6.93,73.4,1.0,70.4
S2650,5,CIVIL,8.26,79.6,0.0,71.1
S2018,6,MECH,7.87,75.4,1.0,65.9
S2689,1,ECE,9.21,88.5,0.0,80.0
S1037,5,ECE,8.66,79.1,0.0,68.9
S2712,2,IT,9.3,91.2,0.0,84.1
S2527,4,CIVIL,8.57,73.1,0.0,70.1
S2230,1,CIVIL,8.02,74.0,0.0,68.4
S1384,6,IT,7.54,77.5,0.0,69.9
S2358,6,ECE,8.43,81.4,0.0,71.3
S2151,3,CE,9.36,87.8,1.0,83.9
S2267,4,ECE,7.04,61.3,0.0,58.2
S1401,5,MECH,9.53,88.2,1.0,78.5
S2293,2,MECH,8.32,81.9,0.0,75.6
S2168,2,ECE DEPT,7.92,76.5,0.0,71.9
S2475,4,CS,8.67,77.4,2.0,66.1
S2661,3,ECE,8.72,77.0,0.0,68.2
S2015,1,IT DEPT,8.31,75.0,0.0,65.2
S2450,5,CSE,7.71,76.6,2.0,62.6
S1260,1,ME,9.26,87.4,0.0,84.0
S2684,5,CIVIL,8.68,80.9,1.0,69.8
S2654,6,IT DEPT,5.96,59.2,3.0,55.4
S2399,6,MECH,8.69,75.4,0.0,68.7
S2312,1,CIVIL,7.25,71.9,0.0,59.5
S1280,4,MECH,8.44,78.5,0.0,74.5
S1434,6,MECH,8.91,92.8,0.0,81.7
S1450,6,IT,8.28,78.1,1.0,67.6
S2698,3,CIVIL ENGINEERING,7.08,69.9,2.0,62.0
S2481,1,CS,8.2,75.6,0.0,64.9
S1050,3,MECH,8.83,87.3,0.0,76.7
S2600,2,IT,9.44,94.3,3.0,86.6
S1010,4,CIVIL,7.73,72.7,2.0,63.0
S2318,4,CIVIL,7.77,76.3,0.0,69.2
S1485,5,MECH,8.58,76.1,2.0,67.4
S2498,3,IT,7.05,69.3,1.0,61.4
S2599,2,IT,7.92,69.6,0.0,66.5
S2015,6,IT,8.53,80.8,0.0,69.2
S1385,1,ECE,6.9,67.6,0.0,60.7
S2371,3,IT,8.01,70.4,0.0,63.0
S2031,5,CIVIL ENGINEERING,8.79,81.0,0.0,73.0
S2492,6,CIVIL,8.84,86.3,1.0,74.3
S2059,2,MECH,8.35,82.4,0.0,76.0
S1109,1,ECE DEPT,8.65,90.1,0.0,78.5
S1229,3,IT,9.17,87.7,0.0,74.8
S2348,4,IT,7.49,67.9,0.0,60.5
S1523,2,IT,8.95,89.7,0.0,80.5
S2105,1,CS,8.06,80.4,0.0,77.9
S1114,4,CIVIL,9.8,100.0,0.0,86.2
S1073,3,MECH,9.0,92.7,0.0,83.2
S2112,6,IT,8.59,79.8,0.0,71.9
S1281,6,ECE,9.94,100.0,0.0,94.6
S1249,2,INFORMATION TECH,8.89,91.2,0.0,76.4
S1136,3,IT,8.68,80.8,0.0,76.2
S1314,5,ECE DEPT,7.78,73.8,2.0,64.6
S1424,6,ECE,9.03,82.6,0.0,69.9
S2784,4,ECE,8.45,84.3,0.0,72.1
S1324,3,CSE,6.67,65.2,0.0,59.5
S2196,1,CE,9.41,90.8,0.0,80.5
S2360,2,IT DEPT,8.31,79.3,0.0,72.0
S1599,5,ECE,7.86,68.3,0.0,63.7
S1197,6,IT,9.03,82.2,1.0,74.8
S1230,2,MECH,8.19,74.5,1.0,68.6
S2484,6,ECE,9.72,92.3,0.0,82.2
S2721,6,CSE,7.47,70.6,3.0,63.2
S1105,3,ECE,9.11,85.5,0.0,73.9
S2794,4,ECE,9.11,85.4,0.0,72.0
S1279,2,CSE,7.64,65.3,0.0,55.3
S1353,1,ME,8.74,85.6,0.0,78.6
S1528,5,INFO TECH,9.61,98.6,0.0,83.8
S1387,1,CE,9.19,85.2,0.0,76.5
S2230,2,CIVIL,,77.6,0.0,71.4
S1015,1,CSE,8.17,83.9,1.0,77.5
S2287,2,CSE,8.09,76.5,1.0,69.9
S2457,4,IT DEPT,7.63,66.0,1.0,63.3
S1381,4,INFORMATION TECH,7.91,78.3,0.0,69.4
S1472,4,CIVIL,7.87,78.1,0.0,68.6
S2419,5,CIVIL,7.47,70.7,0.0,61.2
S1070,5,CSE,6.94,64.4,1.0,64.3
S2357,2,CIVIL,8.77,80.5,0.0,70.6
S2753,4,CSE,8.16,76.3,0.0,73.8
S1049,6,ECE,9.53,85.8,0.0,70.3
S2776,1,INFORMATION TECH,9.28,87.5,0.0,74.6
S1252,1,INFORMATION TECH,9.31,88.8,0.0,81.6
S2667,1,CE,7.9,75.8,0.0,67.1
S2336,4,ECE,7.92,78.1,0.0,61.3
S1273,3,ECE,9.15,92.2,0.0,86.5
S2623,3,IT,9.18,90.3,2.0,77.0
S1419,3,IT,7.49,68.8,0.0,63.1
S2047,5,MECH,7.3,63.3,2.0,56.2
S1261,4,ECE,7.53,71.7,2.0,61.4
S2565,6,MECHANICAL ENGINEERING,8.99,86.0,1.0,78.2
S2609,4,MECH,8.22,78.5,0.0,74.8
S1330,6,ECE,9.0,85.6,0.0,80.1
S1314,6,ECE,7.83,71.0,2.0,65.3
S1074,1,MECH,9.5,89.5,0.0,88.1
S1507,3,IT,8.89,80.2,0.0,72.1
S2468,6,CSE,9.23,83.7,0.0,77.4
S2393,2,ECE,8.33,85.1,1.0,70.4
S2585,4,ECE,9.31,93.6,0.0,90.2
S1381,1,INFORMATION TECH,8.48,86.8,0.0,78.1
S2592,5,ECE,9.45,90.4,0.0,75.3
S2628,5,CIVIL,8.53,80.5,0.0,77.1
S1063,2,ECE,8.29,74.4,2.0,71.8
S2646,3,CS,9.39,90.4,0.0,76.1
S2024,5,ME,7.51,68.8,0.0,60.8
S2785,1,ECE,8.92,80.5,1.0,76.3
S2763,1,ME,8.78,79.8,0.0,73.8
S1480,1,CSE,8.22,78.5,0.0,66.6
S1298,3,CIVIL,7.69,71.9,2.0,66.1
S2235,6,ECE,8.95,79.0,0.0,72.5
S1504,1,ECE,8.24,79.9,0.0,70.1
S2332,4,COMP SCI,9.35,79.9,0.0,67.8
S2121,6,MECH,8.56,88.2,0.0,79.6
S2404,5,IT,7.75,68.2,0.0,61.4
S1559,5,ECE,9.29,85.4,0.0,80.5
S1560,2,IT,9.45,92.0,0.0,84.1
S2576,5,CIVIL,9.19,87.2,1.0,84.4
S2187,2,IT,8.09,83.3,1.0,75.5
S1564,1,IT,8.84,83.3,0.0,72.1
S2723,4,CSE,9.33,82.5,0.0,71.7
S1257,6,ME,9.03,84.7,1.0,76.3
S2173,4,CIVIL,8.14,76.9,3.0,74.5
S1054,5,ECE,8.35,81.8,1.0,66.0
S1339,4,IT,8.05,78.9,0.0,71.8
S2667,3,CIVIL,7.46,79.6,0.0,72.2
S2575,2,CSE,7.43,67.5,0.0,61.2
S2590,6,MECH,8.64,80.6,1.0,76.1
S2160,6,IT,8.1,76.8,2.0,62.7
S2799,1,ECE,7.57,70.1,0.0,63.0
S1365,1,COMP SCI,8.7,79.2,0.0,68.3
S1019,3,COMP SCI,8.1,74.4,0.0,64.6
S1597,5,CIVIL,8.5,80.8,1.0,73.7
S2371,2,IT,8.0,75.6,0.0,69.8
S1180,6,CIVIL,7.9,78.3,0.0,66.1
S1372,1,ECE DEPT,7.72,78.0,2.0,71.3
S2434,1,ME,7.68,75.8,3.0,62.6
S2696,1,ECE,7.83,77.5,0.0,71.0
S2266,5,ELECTRONICS & COMM,8.21,80.1,0.0,72.0
S1422,6,IT,7.59,67.3,0.0,60.1
S1195,1,MECHANICAL ENGINEERING,8.45,76.6,0.0,70.4
S2556,4,ECE,7.91,71.9,0.0,65.8
S1242,5,CE,7.87,77.9,1.0,71.3
S2575,3,CSE,7.66,77.1,0.0,69.6
S2424,1,ECE DEPT,7.45,67.1,2.0,58.5
S2325,4,MECH,8.59,82.7,0.0,74.6
S2274,4,CIVIL,9.19,82.2,0.0,76.9
S2718,5,CSE,8.71,87.8,0.0,76.5
S1563,6,INFO TECH,,84.4,0.0,75.6
S2427,5,CSE,8.52,82.2,1.0,76.9
S2569,1,MECH,8.82,84.2,1.0,71.7
S2199,4,ELECTRONICS & COMM,9.29,91.2,0.0,85.4
S2433,3,MECH,8.16,76.2,0.0,67.3
S2781,4,CSE,7.7,69.9,1.0,62.5
S2756,3,CIVIL,8.61,78.6,0.0,66.7
S2131,4,IT,7.47,65.3,0.0,58.2
S1253,3,MECH,7.79,74.1,0.0,74.0
S1386,4,ECE DEPT,8.59,78.2,1.0,68.9
S2700,4,MECH,8.72,87.0,0.0,80.6
S1242,6,CE,7.91,80.7,1.0,74.2
S1337,5,ECE,6.46,66.7,0.0,61.8
S1506,5,IT,8.61,85.5,0.0,79.9
S2126,6,CIVIL,8.42,80.4,0.0,73.2
S2644,4,CSE,8.79,82.4,0.0,73.6
S1123,1,IT,9.45,97.6,0.0,88.8
S1140,5,ECE,9.51,94.0,0.0,87.3
S1283,5,ELECTRONICS & COMM,8.34,85.0,1.0,75.6
S1396,5,CIVIL,9.24,89.1,1.0,78.0
S2469,1,IT DEPT,8.37,75.4,0.0,66.8
S1431,6,CIVIL,8.17,74.8,2.0,69.3
S2521,2,IT DEPT,8.7,80.5,0.0,71.5
S1495,5,ME,7.13,60.1,1.0,56.8
S2283,3,ECE,9.03,83.6,0.0,78.9
S2562,2,CIVIL,9.18,90.0,1.0,77.0
S1076,1,CS,8.29,77.2,0.0,72.5
S2519,1,ECE,8.71,78.9,0.0,69.0
S1286,5,CIVIL,8.93,90.5,0.0,86.0
S1587,3,ECE,9.52,84.9,1.0,72.5
S2758,5,CIVIL,8.54,86.6,0.0,76.3
S1057,4,CIVIL,6.93,60.3,1.0,62.0
S1524,5,IT,6.25,58.7,2.0,54.1
S2621,2,IT,8.13,76.5,0.0,69.3
S2559,5,CSE,7.63,77.2,1.0,69.5
S1237,4,CIVIL,8.46,84.4,2.0,77.4
S1006,5,CIVIL,9.02,85.5,0.0,72.2
S2549,3,CIVIL,9.17,92.8,1.0,83.6
S2325,1,ME,9.23,89.8,0.0,82.2
S2745,4,ECE DEPT,9.16,87.1,0.0,79.8
S1478,3,CIVIL,9.82,98.5,0.0,89.8
S1236,1,CE,9.04,86.9,0.0,80.5
S2162,3,CIVIL,7.73,79.2,0.0,76.9
S1362,5,MECH,8.18,69.8,0.0,63.6
S2233,4,CSE,7.64,74.7,1.0,65.3
S1149,2,IT,9.71,99.5,0.0,87.7
S2767,2,CIVIL,8.94,91.8,1.0,83.7
S2182,6,CSE,7.59,76.3,2.0,72.7
S2328,5,ECE,8.55,87.8,1.0,80.2
S1375,1,CIVIL,8.35,73.8,0.0,64.7
S1520,1,INFORMATION TECH,7.78,70.9,0.0,68.3
S2776,6,INFORMATION TECH,9.42,87.3,0.0,78.4
S2298,4,CSE,6.94,69.2,1.0,62.2
S1073,1,MECH,9.06,81.8,0.0,71.9
S2276,1,ME,9.49,86.2,0.0,72.8
S2240,2,IT,9.22,92.8,0.0,83.0
S1596,5,ECE,8.78,83.9,0.0,77.3
S2800,4,CSE,8.81,84.5,0.0,79.4
S2555,2,MECH,8.96,92.5,0.0,85.7
S2086,1,ECE DEPT,9.23,89.9,0.0,87.2
S1315,3,IT DEPT,8.25,75.1,0.0,69.1
S2448,4,MECH,9.32,85.6,0.0,72.8
S1298,5,CIVIL ENGINEERING,7.71,78.2,2.0,75.1
S1580,6,IT,8.07,84.2,1.0,73.9
S2244,1,INFO TECH,8.62,78.0,1.0,63.0
S1364,4,CIVIL,8.98,87.2,0.0,82.6
S2786,5,ECE,9.29,81.5,0.0,74.3
S1568,4,MECH,8.41,79.9,0.0,76.8
S1345,6,IT,7.25,73.7,2.0,70.7
S2066,6,IT,8.84,83.9,1.0,73.8
S2099,2,ECE,9.45,93.3,0.0,81.3
S1147,5,IT,8.87,88.4,0.0,82.1
S2529,2,IT,9.71,96.5,0.0,87.8
S2156,6,COMP SCI,9.8,93.1,0.0,85.9
S2589,5,CSE,7.35,75.4,0.0,71.4
S2453,1,ECE,8.86,86.8,0.0,75.1
S2022,3,IT,8.34,88.4,1.0,76.0
S1563,4,IT,8.74,83.1,0.0,68.7
S1436,5,MECH,8.45,81.4,0.0,69.6
S1426,5,COMP SCI,8.24,77.5,0.0,66.4
S1285,3,IT DEPT,8.0,72.4,1.0,65.1
S1194,1,CIVIL,9.29,83.1,0.0,72.8
S1385,3,ECE,7.14,68.3,0.0,60.6
S2794,5,ECE,9.13,91.4,0.0,80.8
S2272,4,MECH,7.69,61.7,0.0,56.9
S1578,4,CIVIL,9.7,91.1,0.0,79.5
S2387,1,CS,8.16,79.0,0.0,74.0
S2321,1,MECH,8.81,79.4,1.0,75.4
S2427,6,CS,8.54,81.7,1.0,75.3
S1433,1,CSE,8.16,83.9,0.0,77.0
S2118,5,CSE,9.2,85.1,0.0,77.4
S2049,5,MECH,7.35,74.7,1.0,72.5
S1298,1,CIVIL ENGINEERING,7.6,78.0,2.0,67.4
S2798,5,CSE,8.7,87.4,1.0,71.9
S1536,1,COMP SCI,9.17,90.6,1.0,79.9
S1468,1,ECE DEPT,9.12,84.5,1.0,72.6
S1151,5,ELECTRONICS & COMM,8.99,89.5,0.0,77.8
S2559,3,CSE,7.9,76.5,1.0,66.9
S2116,5,CSE,7.78,79.2,0.0,72.9
S1347,5,MECH,9.27,89.5,0.0,76.9
S1261,6,ECE,7.15,70.1,2.0,65.1
S2159,3,CIVIL,9.27,89.0,0.0,75.8
S2212,3,CSE,8.88,87.7,0.0,76.9
S2605,5,IT,8.77,88.1,0.0,79.8
S2777,1,CIVIL,8.9,77.3,1.0,61.6
S2344,4,COMP SCI,9.49,89.7,0.0,83.0
S2217,6,CS,9.0,85.4,0.0,73.7
S1186,4,MECH,8.38,74.1,0.0,70.2
S2033,4,MECH,9.69,93.2,0.0,84.9
S2567,2,IT,9.0,87.4,0.0,78.4
S2014,5,CS,7.44,68.3,1.0,66.6
S2229,3,COMP SCI,8.55,79.7,0.0,75.7
S2056,4,CIVIL,9.23,84.8,0.0,75.4
S2393,5,ECE,7.67,69.4,1.0,63.1
S1043,3,MECHANICAL ENGINEERING,8.42,76.2,0.0,73.4
S2170,4,IT,9.15,88.0,0.0,81.2
S1589,5,CSE,7.78,68.4,2.0,64.3
S1560,5,IT,9.64,95.8,0.0,88.0
S2297,2,ECE,8.89,83.6,2.0,82.3
S2295,3,ME,7.99,75.8,1.0,71.5
S1541,5,ECE DEPT,8.73,87.0,0.0,75.2
S2310,4,CIVIL,7.56,68.2,0.0,59.2
S2655,4,CIVIL,7.96,75.3,0.0,70.6
S1051,4,IT,7.99,80.4,0.0,73.0
S2210,2,CS,6.7,69.7,1.0,61.6
S2198,1,MECH,7.94,67.5,0.0,59.1
S2290,5,CIVIL,7.25,69.7,0.0,65.8
S2346,1,ECE,5.65,50.6,0.0,46.7
S1240,3,CIVIL,8.09,78.7,0.0,67.7
S1450,4,IT,8.23,73.9,1.0,62.9
S2412,5,IT,9.54,92.6,0.0,81.2
S1063,5,ECE,8.37,76.7,2.0,69.1
S1312,4,MECH,9.38,88.3,0.0,86.8
S2473,5,ECE,7.93,73.0,0.0,69.5
S2720,5,ECE,8.5,77.4,0.0,75.1
S2672,6,CSE,9.71,88.0,0.0,76.6
S1277,3,CIVIL ENGINEERING,9.35,85.2,2.0,76.2
S1126,6,CSE,7.07,64.2,2.0,59.6
S2357,3,CIVIL,8.73,87.4,0.0,78.8
S2088,6,COMP SCI,9.01,87.2,0.0,76.1
S2789,5,CIVIL,7.07,67.7,1.0,59.1
S2043,4,ECE,7.58,71.2,1.0,64.6
S2204,1,ELECTRONICS & COMM,7.16,71.9,0.0,71.9
S2334,1,ECE,7.44,72.5,0.0,70.1
S1354,1,CSE,8.64,83.3,0.0,75.1
S2181,6,ECE,9.22,87.4,1.0,77.4
S2719,1,MECHANICAL ENGINEERING,7.37,60.7,1.0,57.7
S1084,4,CIVIL,8.95,88.4,0.0,79.8
S2684,3,CIVIL,8.85,83.3,0.0,71.9
S2195,3,ECE,9.02,88.7,0.0,75.9
S2649,1,CSE,8.85,85.4,0.0,79.0
S1257,4,MECH,9.06,86.8,1.0,83.9
S2351,3,CSE,7.83,75.9,0.0,66.9
S1202,6,ME,8.58,81.4,0.0,70.6
S2589,1,CSE,6.99,71.2,0.0,65.5
S1113,1,ME,7.67,70.1,1.0,62.8
S2410,3,MECHANICAL ENGINEERING,7.79,70.2,0.0,60.8
S2214,6,CIVIL,8.83,80.3,0.0,72.8
S2452,4,MECH,8.17,81.7,0.0,69.8
S2162,2,CIVIL ENGINEERING,7.85,67.9,0.0,61.6
S2211,4,CSE,8.3,81.1,0.0,71.6
S2601,3,ECE,9.26,83.3,0.0,77.9
S1245,1,CIVIL,7.28,69.3,1.0,59.0
S2112,4,IT,8.52,82.3,0.0,73.9
S2727,6,ECE DEPT,8.3,82.6,1.0,72.9
S1199,5,IT,8.02,77.9,0.0,76.1
S2459,5,CIVIL,9.75,88.6,0.0,76.9
S1378,3,MECH,9.02,72.1,1.0,62.8
S1071,2,CSE,8.02,83.3,0.0,73.9
S1085,2,CSE,9.11,80.5,1.0,72.4
S2426,2,IT,7.96,76.2,0.0,69.9
S1264,5,ECE,7.27,70.5,0.0,71.7
S1085,3,CSE,9.15,87.2,1.0,83.1
S1401,6,MECH,9.73,95.0,1.0,85.6
S2251,1,CSE,9.15,91.9,0.0,84.2
S1473,2,MECH,8.45,72.1,0.0,62.2
S1104,4,COMP SCI,8.86,79.1,0.0,68.1
S1355,3,CSE,8.89,82.2,0.0,72.9
S1500,6,MECH,9.17,91.5,0.0,84.7
S2556,2,ECE,7.78,76.3,0.0,68.9
S2692,3,CE,8.83,85.0,0.0,81.0
S1436,2,MECH,8.56,83.5,0.0,77.1
S2231,6,MECH,8.51,79.4,1.0,65.7
S1058,6,CIVIL,6.6,59.5,2.0,49.9
S2598,1,ME,7.5,74.4,1.0,65.8
S2297,3,ECE,8.92,87.4,2.0,76.4
S2674,1,IT DEPT,9.2,91.3,0.0,83.2
S2747,1,INFO TECH,8.34,76.1,0.0,64.8
S2588,2,CSE,8.73,88.1,0.0,78.1
S1570,3,CIVIL,9.02,82.7,0.0,69.6
S1053,1,ME,8.42,77.5,0.0,70.8
S2129,4,CIVIL,8.65,89.8,0.0,76.3
S1125,3,IT,8.62,82.4,0.0,73.0
S2073,1,ME,8.84,88.0,0.0,79.2
S1413,5,ME,7.95,81.1,0.0,70.7
S1338,3,CIVIL,8.67,77.7,0.0,72.6
S2578,2,IT,6.99,71.5,2.0,61.9
S1429,3,ECE,8.05,68.9,1.0,67.3
S1514,1,CS,8.64,76.5,0.0,70.9
S2062,3,CSE,8.76,91.9,0.0,84.5
S2518,4,IT,9.63,88.9,0.0,79.7
S2252,1,MECHANICAL ENGINEERING,7.49,65.7,1.0,65.4
S2278,6,IT,6.72,61.8,1.0,58.0
S2042,2,IT,7.38,69.9,1.0,60.7
S1044,2,CIVIL,7.57,77.1,1.0,69.6
S1361,4,ECE,9.79,90.3,0.0,83.6
S2705,2,ECE DEPT,9.35,88.4,0.0,81.0
S1064,3,ECE,7.56,82.2,1.0,71.5
S2173,3,CIVIL,8.26,76.6,3.0,67.0
S2753,5,CSE,7.89,70.3,0.0,63.0
S1319,5,MECH,8.97,87.1,1.0,77.7
S1491,4,CIVIL,7.44,67.4,1.0,63.0
S1100,6,ECE,8.75,85.2,0.0,83.5
S1008,4,CSE,7.61,73.8,1.0,69.3
S1241,5,CSE,8.13,82.1,0.0,72.7
S1276,3,CSE,8.62,80.2,0.0,76.7
S2645,1,INFORMATION TECH,7.55,68.2,0.0,63.2
S1316,4,ECE,7.94,70.9,3.0,66.4
S2044,2,IT,7.24,69.3,0.0,66.7
S1402,1,MECHANICAL ENGINEERING,6.96,64.3,1.0,52.6
S2244,5,INFO TECH,8.88,83.6,1.0,70.9
S2316,6,IT,9.44,81.3,0.0,72.7
S1492,3,IT DEPT,7.29,74.9,2.0,68.0
S1328,5,IT,7.9,70.5,1.0,63.1
S2198,5,MECH,8.09,70.3,0.0,65.4
S2305,2,ECE,7.97,76.7,0.0,68.7
S2612,3,IT,8.52,80.2,0.0,71.3
S2122,1,CIVIL,9.04,83.9,0.0,76.6
S1267,5,CSE,6.89,68.8,1.0,66.2
S2346,5,ECE,5.83,51.9,0.0,48.7
S2072,3,CE,8.1,79.3,1.0,67.6
S2113,2,CSE,8.4,80.4,0.0,71.1
S1477,3,ECE,9.45,87.8,0.0,76.8
S2618,5,ECE,8.41,81.0,1.0,79.0
S1500,3,MECH,9.07,87.4,0.0,76.1
S1072,1,CE,8.93,85.3,0.0,77.4
S1069,3,MECH,8.21,70.6,0.0,63.5
S2687,5,MECH,7.02,66.7,4.0,60.8
S1542,1,CIVIL,9.01,86.3,0.0,80.3
S2496,1,CIVIL ENGINEERING,9.34,85.1,0.0,78.0
S2352,1,IT DEPT,8.79,76.5,0.0,70.4
S2155,2,IT,7.77,73.4,0.0,65.8
S2425,4,MECH,8.12,77.4,1.0,68.8
S2177,2,MECH,7.96,78.0,1.0,72.6
S1036,1,MECHANICAL ENGINEERING,9.8,92.2,0.0,81.8
S1415,4,ECE,7.8,68.5,1.0,60.4
S2533,6,CIVIL,7.58,75.7,2.0,66.7
S2547,2,CSE,8.75,81.9,0.0,74.8
S2529,1,IT,9.45,95.2,0.0,82.6
S2512,4,MECH,9.21,86.0,1.0,74.5
S1175,6,ME,8.26,79.4,2.0,70.2
S2275,2,MECH,9.38,95.9,0.0,85.1
S1103,1,CIVIL,9.31,89.5,0.0,78.5
S2047,6,MECHANICAL ENGINEERING,7.37,69.7,2.0,63.4
S2036,4,CIVIL,8.6,83.6,0.0,78.1
S1329,5,CIVIL ENGINEERING,8.93,83.0,0.0,72.1
S2334,4,ECE,7.54,72.7,0.0,68.5
S1350,6,CSE,9.39,91.4,0.0,87.6
S1250,6,CIVIL,6.93,64.7,3.0,61.8
S1185,6,CIVIL,7.98,83.9,1.0,78.0
S2091,2,ME,8.56,78.3,1.0,69.7
S2431,2,CSE,8.39,80.2,0.0,74.0
S1109,5,ECE DEPT,8.77,88.8,0.0,83.7
S2734,2,ECE,7.74,73.0,0.0,64.5
S1300,2,IT,8.82,77.1,0.0,68.3
S1284,5,CIVIL,,64.9,0.0,59.3
S1588,6,MECH,7.75,71.3,1.0,60.4
S2778,5,ELECTRONICS & COMM,9.89,88.4,0.0,82.1
S2117,1,INFORMATION TECH,8.44,80.1,0.0,71.6
S1250,5,CIVIL ENGINEERING,7.05,66.1,2.0,60.0
S1524,6,IT,6.12,62.9,1.0,57.2
S1599,3,ELECTRONICS & COMM,7.81,71.8,0.0,59.0
S1364,1,CE,9.35,82.5,0.0,75.5
S2582,1,IT DEPT,7.68,76.3,0.0,69.7
S2626,4,MECH,9.78,94.3,0.0,81.4
S2179,5,CIVIL,7.84,67.1,0.0,59.9
S1552,2,IT,8.47,84.6,0.0,75.7
S1118,4,CIVIL,9.35,86.0,0.0,76.9
S1313,1,CS,8.5,85.5,0.0,73.0
S2188,5,ECE,7.0,70.2,0.0,61.4
S2676,4,CIVIL,7.85,76.5,1.0,75.2
S2332,2,COMP SCI,9.32,80.5,0.0,77.5
S1546,3,MECH,7.79,74.3,1.0,63.7
S2762,2,MECH,8.25,88.0,0.0,80.1
S2671,3,MECH,8.04,70.1,1.0,66.5
S2077,1,CSE,7.42,74.6,0.0,73.1
S2339,6,ELECTRONICS & COMM,9.52,88.0,0.0,77.5
S1499,1,CSE,9.52,87.5,0.0,81.6
S2539,1,COMP SCI,7.79,74.1,0.0,69.8
S1095,2,IT DEPT,6.64,59.8,1.0,53.3
S2722,5,IT,7.18,76.2,0.0,74.7
S2372,4,MECH,8.72,87.8,0.0,79.1
S1482,2,ECE,9.55,91.6,0.0,80.6
S1107,5,CIVIL,9.59,90.8,0.0,78.5
S2644,6,CSE,8.6,75.5,0.0,67.5
S2144,5,CIVIL ENGINEERING,8.13,75.0,1.0,65.3
S2054,4,CSE,7.28,63.3,0.0,58.4
S2354,2,CSE,8.92,84.8,0.0,72.6
S1328,3,IT,8.28,77.6,1.0,72.8
S2421,6,ECE,8.05,71.3,1.0,62.4
S2027,6,ELECTRONICS & COMM,8.12,81.8,1.0,74.3
S1055,2,CIVIL,8.26,77.1,1.0,68.7
S2395,2,MECH,9.08,85.7,0.0,80.0
S1390,5,IT,8.75,81.1,0.0,71.6
S2031,4,CIVIL ENGINEERING,8.8,85.9,0.0,76.9
S2234,6,ME,7.2,67.3,0.0,61.9
S2499,3,CSE,7.16,76.8,0.0,69.5
S1373,6,MECH,8.98,83.9,0.0,81.3
S2420,6,ECE,8.23,76.7,1.0,65.9
S2668,3,CSE,9.58,90.6,0.0,77.3
S2590,4,MECH,8.61,80.9,1.0,71.2
S2027,3,ECE,8.33,80.1,1.0,70.5
S1114,2,CIVIL,9.4,86.0,0.0,79.4
S2384,3,CSE,7.72,76.4,0.0,60.6
S1145,1,IT,9.22,87.0,0.0,78.8
S2285,5,IT,7.82,67.3,3.0,62.4
S2703,5,CIVIL,8.92,84.5,0.0,72.5
S1459,6,CIVIL,7.36,71.1,1.0,58.4
S2149,3,IT,7.13,64.9,0.0,56.8
S2038,6,ME,6.4,66.5,3.0,61.5
S1062,6,COMP SCI,9.11,89.6,0.0,85.9
S2126,4,CIVIL,8.52,75.8,0.0,65.6
S1526,5,CIVIL,7.31,69.5,3.0,60.3
S2615,6,CSE,9.4,92.2,0.0,82.7
S2694,6,CIVIL,,57.7,0.0,50.3
S2491,4,CIVIL,8.7,75.8,1.0,69.1
S2264,3,CSE,8.22,80.3,1.0,70.3
S1395,1,INFO TECH,7.5,74.5,0.0,67.6
S1227,5,CSE,9.34,89.6,0.0,80.2
S1152,6,CIVIL,9.29,85.8,0.0,75.0
S2073,4,MECH,,86.7,0.0,77.6
S2227,6,MECH,7.45,67.0,0.0,56.6
S2254,2,CSE,7.71,76.9,0.0,67.8
S1498,3,CIVIL,9.2,89.2,1.0,81.0
S1581,2,CSE,8.29,82.5,0.0,75.9
S1161,5,CSE,7.49,74.0,1.0,66.2
S1238,2,CSE,8.57,81.0,1.0,74.2
S1021,3,MECH,6.92,62.8,2.0,54.0
S1080,6,MECH,7.54,71.6,0.0,67.0
S1111,3,CSE,8.47,80.6,0.0,73.2
S2440,4,MECHANICAL ENGINEERING,7.05,72.3,0.0,66.3
S2037,4,CE,8.5,83.8,0.0,75.4
S1483,2,ECE,8.6,82.6,1.0,75.0
S2405,2,IT,7.99,73.5,0.0,71.9
S1470,2,ECE,8.4,80.6,0.0,72.4
S1074,2,MECH,9.39,83.5,0.0,79.2
S1230,6,MECH,7.81,68.5,2.0,66.0
S1502,6,IT,8.21,72.6,0.0,70.6
S2100,1,ME,8.35,75.7,0.0,73.2
S1241,4,CS,8.04,69.6,0.0,61.1
S2244,3,IT,8.62,83.1,1.0,73.6
S2322,2,IT,8.26,76.5,0.0,72.4
S1247,2,CIVIL,7.96,73.9,0.0,62.5
S2698,1,CIVIL ENGINEERING,6.99,62.3,2.0,56.4
S1196,4,MECH,7.02,67.2,1.0,62.1
S2568,4,MECH,9.39,91.9,0.0,82.8
S2743,4,IT,8.53,76.5,1.0,70.8
S1522,3,MECH,7.1,74.0,0.0,66.4
S2601,2,ECE,9.27,86.5,0.0,70.4
S2208,1,MECHANICAL ENGINEERING,6.94,66.4,0.0,60.9
S2084,3,CIVIL,8.17,78.3,0.0,72.2
S1445,6,INFO TECH,8.52,84.5,0.0,79.8
S1047,4,MECH,8.62,76.1,0.0,68.4
S2624,3,ECE,10.0,96.7,1.0,86.7
S2254,4,CS,7.61,72.0,0.0,67.1
S2175,4,IT,8.42,73.6,0.0,63.7
S1429,4,ECE,8.21,79.7,1.0,73.3
S2485,2,MECH,9.75,97.4,0.0,83.4
S1184,4,ELECTRONICS & COMM,8.69,83.6,0.0,70.0
S1095,5,IT,6.54,60.6,1.0,55.7
S1283,3,ELECTRONICS & COMM,8.44,81.6,1.0,76.7
S1527,6,ME,8.27,72.3,0.0,71.6
S2633,2,ME,9.09,84.7,0.0,76.8
S2657,5,CSE,9.28,90.9,0.0,84.9
S2751,6,CSE,9.25,88.2,0.0,80.8
S2691,2,IT,9.04,85.5,0.0,77.9
S1097,2,CIVIL,7.86,73.0,1.0,68.4
S1010,6,CIVIL,7.42,66.2,2.0,57.0
S1132,2,IT DEPT,8.5,82.2,1.0,74.7
S2071,5,COMP SCI,9.17,88.0,1.0,80.3
S2677,1,CIVIL ENGINEERING,8.94,86.3,0.0,77.5
S2422,4,IT,8.58,79.1,0.0,70.1
S2759,4,ECE,8.89,82.4,0.0,76.0
S1588,1,MECH,8.42,74.9,0.0,70.6
S2315,1,CIVIL,8.36,79.7,0.0,71.0
S1512,5,IT,7.35,71.2,0.0,59.0
S1493,4,CSE,8.04,75.6,0.0,64.7
S2144,6,CIVIL,7.82,77.0,1.0,68.5
S2761,6,CIVIL,8.76,79.8,0.0,73.2
S1056,6,MECH,8.25,77.5,0.0,75.9
S2129,1,CIVIL,8.61,80.6,0.0,73.9
S2414,2,IT,7.54,66.7,1.0,54.1
S2706,2,MECH,7.98,69.4,0.0,62.2
S1031,5,ELECTRONICS & COMM,8.25,79.9,0.0,72.8
S1543,5,IT,9.04,88.3,0.0,84.4
S1553,1,IT,8.9,82.0,0.0,73.9
S1071,1,CSE,8.33,83.9,0.0,69.1
S1392,5,MECH,9.15,92.2,0.0,83.5
S1093,2,CIVIL,9.2,89.3,0.0,79.8
S1233,6,MECH,7.96,72.6,0.0,67.4
S1231,5,ECE,7.35,74.1,2.0,67.4
S2449,4,MECH,6.18,65.9,2.0,62.5
S2004,3,CSE,8.19,80.2,1.0,75.6
S1294,3,CSE,8.77,86.4,0.0,78.8
S1521,2,ECE DEPT,7.81,75.0,0.0,64.7
S1050,4,MECH,8.95,90.9,0.0,80.5
S1074,6,MECH,8.73,78.9,0.0,71.8
S1130,4,ECE,9.3,85.1,0.0,78.9
S1187,4,CIVIL,8.54,81.0,1.0,74.7
S1590,1,CSE,8.88,86.0,0.0,77.8
S2311,6,INFORMATION TECH,7.15,64.3,1.0,54.6
S2231,3,ME,8.59,83.6,1.0,73.5
S1321,2,CS,7.54,67.7,0.0,57.5
S1110,2,CSE,7.22,71.9,2.0,67.5
S1372,4,ECE,7.8,66.5,2.0,56.1
S1423,6,MECH,8.71,86.3,0.0,76.7
S2002,3,MECH,8.32,82.3,1.0,79.1
S2466,5,CIVIL,9.01,86.8,0.0,79.9
S1424,3,ECE,8.84,84.7,0.0,74.8
S2267,3,ECE,7.04,73.2,0.0,67.1
S2218,1,ECE,8.02,75.2,2.0,66.4
S1410,4,IT,7.9,70.1,0.0,66.4
S1430,5,INFORMATION TECH,8.51,82.3,1.0,78.7
S2593,4,CIVIL ENGINEERING,8.6,83.7,2.0,78.3
S1512,6,IT,7.12,68.4,1.0,58.9
S2633,6,MECH,9.03,84.3,0.0,78.8
S1460,5,IT,7.35,69.4,2.0,62.1
S2435,5,MECH,8.0,75.1,1.0,69.1
S1478,1,CIVIL,10.0,92.2,0.0,81.5
S1094,1,ECE,7.02,70.5,0.0,63.7
S2696,2,ECE,8.0,78.1,0.0,72.4
S1229,4,IT,9.07,78.2,0.0,69.4
S2372,5,MECH,8.56,77.6,0.0,70.2
S1152,2,CIVIL,9.34,92.2,0.0,79.9
S2394,1,MECHANICAL ENGINEERING,8.12,70.4,1.0,60.7
S1239,6,MECH,9.11,88.8,0.0,76.6
S2627,1,CSE,9.27,92.1,0.0,84.5
S2250,2,IT DEPT,8.05,76.0,1.0,65.7
S2003,5,MECH,8.42,79.3,0.0,70.6
S2549,2,CIVIL,9.32,86.2,1.0,74.7
S2421,1,ELECTRONICS & COMM,7.89,70.7,1.0,67.0
S1155,3,CSE,8.4,88.4,0.0,78.7
S2180,5,CSE,7.99,78.3,0.0,70.1
S1412,5,CS,7.59,69.2,2.0,63.8
S1003,4,ECE,9.43,100.0,0.0,88.7
S1024,6,IT,8.42,76.1,0.0,74.5
S2553,6,IT DEPT,7.32,67.9,1.0,63.1
S1394,6,IT,8.94,86.3,0.0,75.8
S2228,6,CSE,6.02,58.0,0.0,51.3
S2499,4,CSE,7.23,65.2,0.0,59.0
S1194,4,CIVIL,9.15,79.8,0.0,69.8
S2143,5,MECH,8.14,75.1,0.0,68.0
S2261,6,CIVIL,7.09,69.0,1.0,59.8
S2033,3,MECH,9.5,82.5,0.0,80.7
S1577,2,COMP SCI,8.15,73.7,1.0,70.6
S2466,3,CIVIL,,76.0,0.0,62.4
S2001,2,ECE,9.17,87.2,0.0,77.5
S1228,1,ECE DEPT,9.25,84.2,0.0,70.7
S1531,2,ECE,7.4,70.3,2.0,60.5
S1203,1,INFORMATION TECH,9.18,90.9,1.0,87.1
S1313,5,CSE,8.64,82.9,0.0,75.4
S1483,3,ECE,8.53,75.7,1.0,71.4
S2463,2,MECHANICAL ENGINEERING,8.2,77.2,0.0,76.4
S2402,6,CE,7.89,70.1,0.0,63.9
S2597,5,ECE,9.76,98.0,0.0,89.3
S2179,4,CIVIL,7.77,68.4,0.0,62.7
S2196,3,CIVIL,9.51,94.6,0.0,84.5
S1196,1,MECHANICAL ENGINEERING,7.01,60.9,1.0,64.6
S1097,4,CIVIL,8.1,75.6,1.0,68.5
S1364,5,CIVIL,8.64,83.6,0.0,78.0
S2310,3,CIVIL ENGINEERING,7.59,75.6,0.0,69.9
S1550,3,MECH,8.15,84.3,0.0,78.7
S1577,5,COMP SCI,7.51,70.1,2.0,59.3
S1306,4,ME,8.95,84.1,1.0,78.4
S2458,5,MECH,9.17,85.2,0.0,74.7
S2106,4,IT,9.06,90.6,0.0,81.2
S1310,6,MECHANICAL ENGINEERING,9.48,87.3,0.0,76.0
S1556,3,CIVIL,7.21,69.7,2.0,64.6
S1567,1,CIVIL ENGINEERING,7.14,74.1,0.0,66.3
S1448,4,IT,7.69,78.8,1.0,68.7
S2208,6,MECH,6.89,68.7,0.0,61.6
S2469,2,IT DEPT,8.48,78.5,0.0,69.1
S2359,2,ECE,7.25,71.1,1.0,62.9
S1065,4,IT,7.8,71.6,0.0,62.1
S2386,2,MECH,9.63,92.0,1.0,84.7
S1173,1,ECE,7.2,71.6,2.0,57.6
S2395,1,MECH,9.16,87.8,0.0,74.1
S1415,5,ELECTRONICS & COMM,7.24,71.8,1.0,62.9
S2726,6,MECH,8.7,84.3,0.0,74.3
S1439,2,CSE,8.15,74.8,1.0,65.7
S1566,4,CSE,7.24,67.9,1.0,55.1
S1525,3,ECE,8.92,88.2,0.0,77.6
S1506,3,IT,8.75,84.2,0.0,76.2
S1156,2,INFORMATION TECH,8.83,89.1,1.0,80.1
S1577,3,COMP SCI,7.92,79.5,1.0,72.8
S1116,2,IT DEPT,7.73,78.3,0.0,69.4
S2065,1,CE,8.58,82.1,0.0,72.9
S1316,2,ECE,7.9,71.1,3.0,65.6
S1379,1,CIVIL,7.2,65.9,2.0,62.3
S2245,4,IT,7.95,76.6,0.0,62.4
S2471,4,ECE,7.84,70.9,0.0,61.2
S2437,4,ECE,8.87,84.6,0.0,78.5
S1113,2,MECH,7.75,74.0,1.0,63.1
S2634,5,IT DEPT,7.34,68.9,1.0,63.8
S2701,5,CIVIL,7.79,70.6,1.0,62.6
S1008,3,CSE,7.79,74.5,1.0,62.7
S2625,1,MECH,8.29,76.4,0.0,65.3
S2048,4,CSE,6.86,62.3,1.0,55.6
S2758,2,CIVIL,8.41,84.0,0.0,73.5
S1198,6,CSE,9.56,92.3,0.0,87.4
S2787,2,CSE,9.12,91.7,0.0,84.5
S2194,6,MECHANICAL ENGINEERING,9.11,86.6,0.0,80.5
S2466,1,CIVIL,8.78,86.4,0.0,82.1
S1281,4,ECE,9.85,95.0,0.0,86.2
S2550,6,CIVIL,9.6,97.7,0.0,88.2
S2059,3,MECH,8.38,84.2,0.0,79.0
S2492,2,CIVIL,9.18,84.5,1.0,78.6
S1011,4,CIVIL,7.68,68.6,3.0,62.2
S1103,6,CIVIL,9.65,96.4,0.0,88.4
S2190,6,IT,8.28,74.9,0.0,69.4
S2401,5,INFORMATION TECH,8.37,76.0,1.0,72.6
S1038,6,MECHANICAL ENGINEERING,9.19,83.8,0.0,71.4
S2071,3,CSE,9.22,78.9,1.0,67.1
S2488,6,ECE,7.73,78.7,1.0,70.6
S2367,4,CIVIL ENGINEERING,8.72,87.3,0.0,77.8
S1535,1,CS,8.35,76.6,0.0,67.7
S2446,2,ECE,9.57,90.9,0.0,80.6
S1162,4,ECE,8.01,78.0,0.0,64.0
S1301,6,CIVIL ENGINEERING,8.23,80.6,0.0,71.6
S1408,6,INFO TECH,7.49,75.9,0.0,60.9
S2031,3,CIVIL,8.6,81.8,0.0,71.0
S2620,3,CSE,9.15,77.8,0.0,70.4
S2219,1,INFO TECH,8.12,75.3,0.0,68.3
S2495,6,COMP SCI,6.48,63.7,1.0,58.5
S2178,6,MECH,8.3,81.6,1.0,72.5
S1476,2,IT,9.04,83.9,0.0,75.2
S2163,4,CIVIL,8.03,85.5,0.0,75.5
S2131,6,IT,7.44,69.9,0.0,60.5
S1311,1,MECH,7.61,69.4,0.0,63.4
S2183,3,CSE,8.0,74.6,1.0,69.2
S2389,3,MECH,7.87,64.3,1.0,65.6
S2767,3,CIVIL,8.96,76.7,1.0,71.1
S2632,2,CSE,8.23,83.9,0.0,69.9
S1043,1,MECHANICAL ENGINEERING,8.26,78.9,0.0,67.3
S1568,3,MECH,8.33,76.5,0.0,72.6
S2400,5,IT,7.57,67.4,2.0,61.9
S1299,2,CIVIL,9.15,85.2,0.0,81.3
S2461,6,ECE,9.1,84.2,0.0,72.9
S1344,2,CSE,8.51,83.8,0.0,74.4
S2211,2,CSE,8.57,86.7,0.0,81.3
S1526,2,CIVIL,7.18,65.8,3.0,61.3
S2320,4,CE,7.14,73.5,2.0,72.3
S1318,1,INFO TECH,8.57,88.7,0.0,82.8
S1459,3,CIVIL,7.13,71.3,1.0,64.6
S1354,2,CSE,8.54,82.9,0.0,78.5
S2538,1,CIVIL,6.17,58.4,0.0,50.8
S2653,3,CIVIL,9.56,92.5,1.0,83.5
S2259,5,CE,8.11,84.7,0.0,74.9
S1449,2,COMP SCI,6.35,60.9,3.0,57.5
S2318,1,CE,,79.8,0.0,73.0
S2467,6,ECE,7.56,71.3,1.0,67.0
S2279,4,MECH,7.82,74.5,0.0,71.9
S1013,4,ECE,8.2,80.8,1.0,72.9
S1391,6,CIVIL,8.22,74.3,1.0,66.3
S1392,6,MECHANICAL ENGINEERING,9.39,88.3,0.0,78.9
S2497,1,ECE DEPT,5.85,52.0,1.0,45.0
S1072,5,CIVIL,8.46,80.8,0.0,68.1
S2190,1,IT,8.36,79.8,0.0,70.9
S2092,3,CIVIL,7.3,68.4,1.0,60.2
S2734,3,ECE,7.45,72.9,0.0,63.9
S2344,2,CSE,9.34,88.1,0.0,75.1
S2767,5,CIVIL,8.82,87.0,1.0,78.2
S1599,2,ECE,7.57,69.7,0.0,60.7
S2491,3,CIVIL,8.47,82.9,1.0,73.5
S2430,6,ME,8.23,79.5,2.0,70.5
S2449,5,MECH,6.12,53.7,3.0,47.3
S1506,6,IT,8.93,84.3,0.0,79.5
S2545,2,ECE,8.88,89.4,1.0,79.6
S1041,1,ECE,9.34,82.3,0.0,72.9
S1131,4,ECE,7.45,76.4,3.0,70.4
S1226,5,CSE,7.23,68.2,0.0,63.5
S2525,6,MECH,7.55,70.1,2.0,62.6
S1163,6,COMP SCI,7.95,79.1,0.0,72.5
S1135,6,ECE,8.73,80.7,1.0,73.4
S1362,3,MECH,8.42,79.8,0.0,70.2
S2606,1,ECE DEPT,8.62,83.9,0.0,75.0
S2526,6,ECE,9.1,88.1,0.0,79.5
S1267,4,CSE,7.35,65.4,0.0,55.6
S1491,2,CIVIL,7.66,81.0,1.0,72.5
S1528,4,IT,9.23,83.0,0.0,75.7
S2377,1,MECHANICAL ENGINEERING,8.41,79.9,1.0,69.2
S2158,5,CSE,8.99,90.5,0.0,78.1
S1115,1,MECH,7.94,73.6,0.0,66.0
S2681,2,CSE,7.54,71.6,0.0,61.6
S1271,1,ME,8.2,79.6,1.0,67.8
S2432,3,ECE,9.14,91.0,0.0,84.3
S1248,1,ME,8.4,82.8,1.0,74.5
S1358,5,ECE,9.05,90.3,0.0,78.5
S1301,2,CIVIL ENGINEERING,8.1,76.4,0.0,63.4
S1350,2,CSE,9.14,86.5,0.0,76.2
S2170,6,IT,8.73,80.7,0.0,74.2
S1227,2,CSE,9.17,87.9,0.0,85.9
S2419,6,CIVIL,7.67,77.9,0.0,70.7
S2374,2,CSE,7.97,78.8,0.0,69.0
S1589,2,CSE,7.7,71.5,2.0,65.1
S2223,5,CIVIL,9.66,91.4,1.0,80.8
S2184,4,IT,9.8,82.9,0.0,73.5
S2750,2,CS,9.14,80.6,0.0,70.8
S2123,1,ME,,85.4,0.0,79.3
S2451,2,CIVIL,9.26,90.0,0.0,79.9
S2287,3,CSE,8.08,76.5,1.0,73.0
S1083,3,MECH,8.79,80.6,0.0,74.3
S1553,3,IT,8.8,84.1,0.0,77.5
S2741,4,CIVIL,8.26,74.2,0.0,72.4
S2775,2,ECE,9.37,96.2,0.0,86.9
S1389,1,CIVIL,8.79,77.2,0.0,72.1
S1005,6,CIVIL,8.44,78.6,0.0,68.5
S2302,4,MECH,8.53,81.9,0.0,72.1
S2672,2,CSE,9.47,87.0,0.0,76.6
S1183,1,MECHANICAL ENGINEERING,7.12,65.8,0.0,60.0
S1021,5,MECH,7.04,63.8,2.0,54.8
S2739,2,IT,9.04,76.2,0.0,70.0
S2526,3,ECE,9.14,87.7,0.0,76.1
S2560,3,ECE,8.37,80.8,0.0,68.2
S2344,3,CSE,9.42,87.2,0.0,76.3
S1384,1,IT,8.73,76.7,0.0,68.6
S2382,5,INFO TECH,8.13,79.4,1.0,72.0
S1259,6,IT DEPT,7.87,67.5,0.0,57.6
S2701,3,CIVIL,8.11,76.9,1.0,67.2
S1100,5,ECE,8.7,87.8,0.0,78.7
S1354,6,CSE,8.57,75.6,0.0,69.7
S1237,1,CIVIL,8.55,81.2,2.0,74.0
S2146,5,CIVIL,7.85,74.1,0.0,64.3
S2300,4,CIVIL,7.76,73.0,0.0,64.6
S2730,4,IT DEPT,9.17,89.8,1.0,76.9
S2295,1,ME,8.06,74.4,1.0,70.2
S2643,1,CE,7.33,72.4,0.0,66.8
S2726,4,MECH,9.04,92.3,0.0,84.5
S1367,2,CIVIL ENGINEERING,7.84,73.2,1.0,67.8
S2407,6,MECH,8.27,79.0,0.0,67.8
S2270,2,CIVIL,9.41,84.9,1.0,76.1
S1121,6,ECE,8.87,91.0,1.0,75.3
S2152,4,ME,8.9,85.4,0.0,75.5
S1599,6,ELECTRONICS & COMM,7.57,76.3,0.0,66.0
S1135,5,ECE,8.93,84.6,0.0,73.0
S1580,5,IT,8.32,80.1,1.0,69.1
S2597,1,ELECTRONICS & COMM,9.68,87.1,0.0,80.1
S1160,5,CSE,9.15,89.6,0.0,80.6
S2662,3,MECH,,72.9,0.0,65.7
S2136,5,INFORMATION TECH,8.68,86.5,0.0,77.5
S1136,1,IT DEPT,8.91,82.9,0.0,71.1
S1140,1,ECE,9.57,93.6,0.0,83.5
S2003,6,MECH,8.54,78.6,0.0,74.5
S1404,6,ME,8.49,76.4,1.0,64.3
S2598,5,MECH,7.77,80.4,1.0,70.6
S1567,2,CIVIL,7.51,70.8,0.0,60.9
S1206,6,CS,7.81,76.6,2.0,71.2
S1205,2,CS,9.7,91.7,0.0,83.8
S2408,3,CSE,9.03,86.2,0.0,80.3
S2586,1,ECE DEPT,9.89,89.5,0.0,78.7
S2064,3,CSE,9.48,92.7,0.0,81.0
S2631,2,ECE,9.42,90.7,0.0,78.1
S2012,1,ME,9.34,91.8,0.0,82.9
S2344,6,CSE,9.54,97.4,0.0,84.5
S2394,6,MECHANICAL ENGINEERING,8.41,79.0,1.0,72.2
S1593,4,ECE,7.76,77.2,0.0,69.2
S1495,3,ME,7.53,71.0,0.0,70.7
S2497,3,ECE,5.48,45.6,1.0,36.8
S2241,6,CIVIL,7.7,80.2,0.0,76.1
S2460,3,IT,7.91,67.2,0.0,64.1
S1277,2,CIVIL ENGINEERING,9.37,89.1,2.0,82.1
S2711,6,IT,8.88,84.2,0.0,70.9
S2708,6,ECE,8.57,82.0,0.0,73.5
S1076,3,CS,7.94,73.3,0.0,72.4
S2415,4,MECH,7.64,73.3,0.0,62.0
S2630,5,CIVIL,7.8,69.5,1.0,57.5
S2138,6,ECE,9.25,87.5,0.0,75.7
S1437,4,CIVIL,8.75,86.4,1.0,80.2
S1071,3,CSE,8.1,76.8,0.0,72.2
S2167,6,MECH,8.3,77.2,0.0,71.7
S1204,3,IT,8.32,80.9,2.0,74.9
S1489,2,MECH,8.18,76.3,1.0,62.2
S2072,6,CIVIL,8.48,84.4,1.0,74.9
S2587,6,CIVIL,7.87,66.3,0.0,58.7
S1475,2,ME,7.69,72.6,0.0,66.6
S1504,6,ECE,8.29,80.3,0.0,73.3
S1167,3,IT,6.64,62.7,1.0,58.0
S1167,6,IT,6.78,67.2,1.0,61.2
S1018,1,ECE,6.49,60.4,0.0,48.4
S1404,1,ME,8.33,76.4,1.0,62.6
S2704,6,CIVIL ENGINEERING,9.22,90.6,0.0,82.0
S2364,4,CSE,8.26,71.9,1.0,65.2
S2468,5,CSE,9.22,87.9,0.0,79.7
S1264,3,ECE,7.56,73.7,0.0,63.3
S2303,6,ELECTRONICS & COMM,6.73,65.2,0.0,63.1
S1368,5,MECH,7.59,76.1,1.0,70.4
S1029,3,CIVIL,7.81,74.8,1.0,63.9
S2540,3,ECE,9.57,95.1,0.0,87.8
S1023,4,CSE,7.41,73.4,0.0,66.1
S1127,2,CSE,9.04,83.8,0.0,76.0
S2596,6,ECE,7.62,69.0,1.0,60.5
S1219,3,ECE,8.19,79.5,1.0,69.1
S1203,6,IT,9.21,93.8,1.0,87.6
S1381,5,IT,7.83,67.1,0.0,57.4
S2246,2,MECH,9.2,88.2,0.0,78.1
S1485,2,MECH,8.43,79.2,2.0,73.4
S1566,3,CSE,7.17,77.1,1.0,73.1
S2702,6,CS,8.29,84.4,1.0,73.4
S2570,4,CIVIL,9.58,87.8,0.0,79.5
S1323,4,CIVIL,8.11,72.3,1.0,65.7
S2541,2,MECHANICAL ENGINEERING,7.89,76.2,0.0,70.6
S2177,4,MECH,8.2,84.4,1.0,72.3
S2359,4,ECE,7.03,66.1,1.0,61.1
S1135,4,ECE,8.88,89.7,0.0,80.6
S1341,6,CSE,8.16,74.9,2.0,62.3
S2026,4,ME,9.26,100.0,1.0,86.4
S1078,1,ECE DEPT,7.75,74.0,1.0,67.1
S1488,6,IT,10.0,96.2,0.0,91.0
S1327,1,MECHANICAL ENGINEERING,7.89,73.3,1.0,64.8
S1408,4,INFO TECH,7.57,75.5,0.0,61.9
S2595,4,CSE,8.59,81.3,0.0,69.8
S2793,3,CSE,8.24,82.8,0.0,74.1
S1134,2,MECH,8.53,77.9,1.0,78.1
S1401,3,ME,9.57,92.9,1.0,84.0
S2128,1,CSE,8.49,73.6,0.0,65.6
S1179,6,CIVIL,9.34,79.3,0.0,69.1
S2732,3,CIVIL,8.0,77.7,0.0,71.2
S1025,1,CSE,8.66,83.3,0.0,74.4
S1224,3,ECE,8.54,79.0,0.0,72.9
S2140,3,CSE,8.11,78.2,0.0,69.0
S2522,2,IT,8.75,88.4,1.0,78.7
S1349,4,IT,8.6,83.4,0.0,74.5
S2369,3,IT,5.78,50.0,1.0,44.2
S2721,2,CSE,7.06,65.1,3.0,54.7
S2057,2,CSE,9.38,88.0,0.0,78.3
S2262,5,CIVIL,7.99,70.2,0.0,63.1
S2317,6,IT,8.12,78.4,0.0,67.1
S2023,3,ECE,7.65,74.9,2.0,63.2
S1525,5,ECE,8.86,78.5,0.0,67.2
S2268,3,IT,8.68,88.0,0.0,76.8
S1168,2,CIVIL,9.46,97.1,0.0,83.9
S2089,1,ECE,8.53,81.3,0.0,67.9
S2320,5,CIVIL,6.83,60.2,2.0,52.6
S1378,1,MECH,9.1,91.5,1.0,83.7
S1093,4,CIVIL,9.17,75.8,0.0,66.5
S2496,3,CIVIL ENGINEERING,9.43,93.8,0.0,84.6
S2714,1,INFO TECH,7.41,75.8,2.0,73.2
S2696,6,ECE,8.03,80.9,0.0,70.7
S1248,4,MECH,8.39,78.7,1.0,74.7
S2641,6,CSE,8.5,78.9,0.0,61.4
S1213,1,CSE,8.85,86.7,0.0,80.4
S2151,5,CIVIL,9.54,91.3,1.0,80.9
S1236,2,CE,8.93,83.8,0.0,75.7
S2758,3,CIVIL ENGINEERING,8.28,73.7,0.0,67.7
S1126,4,CSE,6.89,67.5,2.0,60.6
S1246,2,COMP SCI,8.38,80.2,0.0,66.8
S2157,2,CIVIL ENGINEERING,8.74,79.7,1.0,71.7
S2604,6,MECHANICAL ENGINEERING,9.59,92.6,0.0,81.0
S2685,4,MECH,9.08,80.5,0.0,68.7
S2454,6,CIVIL,8.78,82.3,0.0,70.6
S1513,5,INFORMATION TECH,7.97,80.5,0.0,69.6
S2290,6,CIVIL,7.06,76.0,1.0,74.2
S2711,3,IT DEPT,8.82,87.5,0.0,76.2
S2148,6,MECH,8.16,75.1,0.0,69.9
S2373,6,CSE,7.83,75.5,1.0,69.0
S1164,4,ECE,8.92,80.2,0.0,72.3
S2706,4,ME,7.6,65.8,0.0,54.4
S2017,3,ME,8.85,86.1,0.0,78.7
S1454,5,MECH,8.14,80.9,0.0,72.8
S2759,1,ECE,9.24,87.9,0.0,77.8
S1212,3,ME,6.54,55.1,0.0,48.2
S1411,3,IT,8.01,78.0,1.0,72.8
S2108,6,CSE,7.85,78.1,2.0,71.7
S1045,5,MECHANICAL ENGINEERING,7.92,78.3,2.0,68.7
S1110,1,COMP SCI,7.43,74.8,2.0,60.2
S1574,6,INFORMATION TECH,8.41,85.8,2.0,81.7
S2572,5,CIVIL,7.45,65.1,0.0,59.9
S2025,2,ECE,7.63,72.5,1.0,64.7
S2346,3,ECE,5.61,50.7,0.0,50.0
S1471,2,IT,8.22,79.0,1.0,67.3
S1072,3,CIVIL,8.5,78.1,0.0,72.5
S1099,2,CIVIL,8.44,70.2,0.0,62.5
S1083,4,MECH,8.74,84.0,0.0,73.3
S2686,4,CSE,7.3,67.3,1.0,60.0
S2451,1,CIVIL,9.2,82.2,0.0,80.8
S2246,1,ME,9.13,84.4,0.0,80.9
S2347,5,CIVIL,9.21,93.4,0.0,82.6
S2370,3,COMP SCI,8.14,76.4,0.0,65.1
S2392,3,CSE,9.18,88.9,0.0,79.5
S1089,1,ELECTRONICS & COMM,8.62,79.2,1.0,71.3
S1302,3,CE,8.63,84.3,0.0,78.4
S2700,2,MECH,8.65,79.8,0.0,73.3
S2725,1,INFORMATION TECH,7.08,67.8,0.0,60.2
S2730,3,IT DEPT,9.49,87.1,1.0,80.2
S1339,1,INFO TECH,8.36,81.0,0.0,73.1
S1113,6,MECH,7.82,68.1,1.0,61.5
S2517,3,CSE,8.21,75.8,0.0,67.6
S2438,3,CIVIL,8.43,84.1,0.0,81.2
S2405,4,IT,7.85,79.1,0.0,71.3
S2744,4,ECE,8.24,86.7,0.0,81.7
S2301,4,CIVIL ENGINEERING,7.99,74.3,1.0,64.2
S2203,1,INFORMATION TECH,7.02,67.7,0.0,66.2
S1406,3,ECE,7.23,70.9,1.0,62.6
S2452,2,ME,7.88,75.0,0.0,65.7
S2270,6,CIVIL,8.66,79.6,1.0,72.4
S1092,6,IT,8.96,83.5,0.0,72.7
S2192,1,CIVIL,8.59,80.5,0.0,70.4
S2107,6,CIVIL,5.63,51.6,4.0,45.9
S2665,2,CIVIL,8.14,76.5,0.0,64.4
S1269,4,INFORMATION TECH,7.98,70.3,0.0,61.3
S2051,6,INFO TECH,7.02,64.7,1.0,62.7
S2221,2,IT,7.8,75.1,2.0,66.8
S2707,4,IT,7.61,72.8,1.0,66.7
S1564,2,IT,8.95,84.7,0.0,77.5
S2748,3,CSE,8.62,78.7,1.0,74.1
S2465,6,IT,9.82,91.8,1.0,87.2
S1596,1,ECE DEPT,8.81,84.6,0.0,75.9
S2404,4,IT,,73.1,0.0,66.3
S2292,6,MECH,8.78,76.4,0.0,72.6
S2103,4,IT,7.19,68.3,1.0,61.9
S1101,6,MECH,8.02,77.0,1.0,69.8
S2088,4,COMP SCI,8.9,84.4,0.0,74.3
S2174,2,IT,8.62,81.4,1.0,74.3
S2099,3,ECE,9.26,89.4,0.0,84.0
S1245,5,CIVIL,7.32,66.3,1.0,60.1
S2536,5,CIVIL,7.63,65.3,1.0,56.4
S1331,3,ECE,9.44,89.7,0.0,83.0
S2154,1,ECE,9.08,87.8,0.0,81.9
S1149,3,IT,9.45,88.9,0.0,78.7
S2406,4,ECE DEPT,7.02,64.1,1.0,57.7
S2350,3,MECH,9.49,97.4,0.0,90.3
S1141,4,IT DEPT,9.24,84.7,0.0,73.2
S1360,2,CSE,7.59,73.2,0.0,73.2
S2171,4,ELECTRONICS & COMM,7.77,75.4,0.0,69.6
S1347,2,MECHANICAL ENGINEERING,9.12,80.2,0.0,73.2
S2280,5,CIVIL ENGINEERING,9.07,82.5,0.0,73.6
S2189,3,CSE,8.27,80.0,0.0,67.8
S2018,5,MECH,8.02,71.2,1.0,65.3
S2601,1,ECE,9.31,87.1,0.0,81.4
S1467,4,CSE,9.28,86.6,0.0,80.3
S2319,1,ECE,9.61,93.8,0.0,80.9
S1098,3,IT,7.84,77.5,0.0,71.8
S2336,1,ECE DEPT,7.75,74.1,0.0,70.8
S2690,2,INFO TECH,9.36,87.0,0.0,77.1
S2602,5,CIVIL,8.94,87.9,2.0,77.9
S2019,1,INFO TECH,8.52,83.4,1.0,71.7
S2114,2,IT DEPT,8.63,79.9,0.0,70.5
S2593,1,CIVIL ENGINEERING,8.6,79.4,2.0,71.8
S2443,6,IT,7.87,76.4,0.0,68.0
S2107,2,CIVIL,6.26,61.8,4.0,59.6
S2188,2,ELECTRONICS & COMM,7.03,63.9,0.0,52.3
S2153,2,CIVIL,7.66,76.3,0.0,64.0
S2048,5,CSE,7.21,71.5,1.0,64.7
S2288,1,CIVIL,8.01,73.2,0.0,67.0
S1426,1,COMP SCI,8.65,83.2,0.0,75.7
S2487,4,CIVIL,7.94,69.7,0.0,63.7
S2620,4,CSE,9.1,83.1,0.0,72.9
S1058,3,CIVIL,6.5,62.6,2.0,57.0
S2652,6,MECH,8.56,79.8,1.0,72.3
S2293,5,MECH,7.62,77.2,0.0,72.6
S1570,5,CIVIL,8.87,86.3,0.0,76.4
S2530,3,CSE,7.91,69.8,1.0,60.8
S1146,2,IT,9.13,81.9,1.0,73.7
S2103,5,IT,7.43,69.8,1.0,63.8
S2668,1,CSE,9.5,95.3,0.0,86.1
S2500,2,CIVIL,9.07,85.0,0.0,78.2
S2749,1,ECE DEPT,9.07,88.8,0.0,82.4
S1016,1,IT,7.72,82.1,0.0,72.7
S2157,6,CIVIL,8.77,82.4,1.0,72.0
S2215,3,IT,9.19,87.2,0.0,78.4
S2357,4,CIVIL,8.54,79.3,0.0,73.3
S2011,1,ME,9.52,98.0,0.0,93.5
S2536,2,CIVIL,8.12,80.1,0.0,70.6
S2401,1,INFORMATION TECH,8.98,88.3,0.0,73.7
S1353,6,MECH,7.78,72.2,0.0,71.5
S1490,4,IT,8.97,81.0,0.0,71.9
S2217,5,CS,8.98,82.7,0.0,69.6
S2571,4,IT,7.02,70.3,1.0,60.1
S1517,1,COMP SCI,8.94,90.9,1.0,77.8
S2343,3,CIVIL,6.21,57.9,1.0,50.9
S2068,1,CIVIL,8.17,80.0,2.0,67.2
S1158,6,CSE,8.16,78.1,1.0,68.4
S1488,4,INFORMATION TECH,9.96,97.4,0.0,86.1
S2084,4,CIVIL,7.97,72.1,0.0,65.5
S1536,5,CSE,8.61,81.5,2.0,76.3
S2094,4,ECE,8.0,73.3,0.0,65.2
S2584,2,CIVIL,8.64,78.2,0.0,67.6
S1148,2,CIVIL,9.43,86.7,0.0,77.0
S2777,4,CIVIL,8.8,84.4,1.0,72.3
S2182,5,CSE,7.68,64.6,2.0,62.6
S2294,4,ECE,8.83,84.0,0.0,77.5
S2030,6,IT,8.68,89.5,0.0,82.4
S1243,5,MECH,9.3,83.8,0.0,72.5
S2791,4,MECH,9.12,87.1,0.0,71.4
S2538,6,CIVIL,6.4,61.1,0.0,55.7
S2432,1,ECE,9.17,88.9,0.0,78.7
S2320,1,CE,7.62,68.3,2.0,55.8
S2429,3,IT,8.12,67.9,0.0,60.5
S2505,2,CSE,8.33,79.6,0.0,73.8
S2658,4,ECE,9.52,88.8,1.0,76.0
S1403,4,CIVIL,8.35,83.2,0.0,71.9
S2145,4,CIVIL,9.01,87.0,0.0,78.8
S2569,4,MECH,8.98,84.1,1.0,69.3
S2738,3,CSE,7.94,78.3,0.0,66.3
S2269,5,CE,9.25,89.3,0.0,81.0
S2437,6,ELECTRONICS & COMM,8.89,82.3,0.0,76.5
S2700,1,ME,8.49,90.8,0.0,78.6
S1484,2,CSE,8.07,80.2,0.0,74.0
S2037,2,CE,8.76,79.8,0.0,72.5
S1400,5,IT,9.94,94.4,0.0,90.5
S1369,2,INFORMATION TECH,8.49,77.8,0.0,69.8
S1286,1,CIVIL ENGINEERING,8.79,79.2,0.0,70.4
S1018,3,ECE,6.25,61.3,0.0,59.7
S2307,1,INFORMATION TECH,9.1,83.3,1.0,73.4
S1198,5,CSE,9.37,88.5,0.0,78.0
S2590,2,MECH,8.74,87.3,1.0,77.5
S1531,5,ECE,7.64,71.6,2.0,63.6
S2509,4,CIVIL,7.11,66.6,0.0,60.8
S2573,3,IT,8.37,74.3,0.0,66.4
S2585,5,ECE,9.44,86.3,0.0,75.3
S1026,2,CSE,8.9,86.6,1.0,76.6
S1548,1,ME,9.12,83.4,0.0,74.7
S2403,2,CSE,9.04,75.7,1.0,65.0
S1153,4,CIVIL,8.1,81.9,0.0,76.6
S1218,4,CIVIL,7.36,75.2,0.0,64.1
S2275,4,ME,9.46,89.2,0.0,85.9
S1509,2,MECH,8.26,78.6,0.0,66.5
S2425,1,MECH,8.14,77.4,1.0,67.3
S2403,3,CSE,8.79,88.4,1.0,76.4
S2785,6,ECE,9.19,80.9,1.0,77.4
S2507,3,IT,,67.0,1.0,60.3
S2129,3,CIVIL,8.66,87.4,0.0,77.5
S2419,1,CIVIL,7.43,66.7,0.0,59.7
S1467,1,CSE,9.49,90.3,0.0,82.5
S1451,2,CE,9.1,89.1,0.0,77.7
S1234,1,CS,8.37,79.4,0.0,71.8
S1420,6,CE,9.68,92.6,0.0,81.6
S1031,4,ECE,8.23,75.9,0.0,66.3
S2633,4,ME,9.27,88.9,0.0,77.1
S1062,1,COMP SCI,9.11,86.6,0.0,78.8
S2672,5,COMP SCI,9.52,90.9,0.0,81.1
S2177,1,ME,8.02,73.7,1.0,69.9
S2363,3,IT,9.41,86.3,0.0,80.2
S1403,6,CIVIL,8.37,79.7,1.0,71.4
S1079,4,CSE,7.97,82.3,0.0,71.0
S1162,2,ECE,7.88,82.1,0.0,74.3
S2714,3,IT,7.55,68.8,2.0,60.7
S2478,2,MECH,8.42,80.6,0.0,74.9
S1443,5,CSE,7.57,70.9,0.0,65.9
S2467,5,ECE,7.71,73.2,2.0,66.3
S1035,6,MECH,9.29,87.2,0.0,74.9
S1327,6,MECHANICAL ENGINEERING,7.75,71.5,1.0,64.0
S1150,3,ECE,8.1,77.0,0.0,67.1
S2609,2,MECH,8.18,78.3,0.0,74.0
S1567,4,CIVIL,7.25,68.0,0.0,61.4
S2544,3,CIVIL,6.77,69.2,3.0,63.8
S1296,4,IT,9.32,89.6,0.0,82.7
S2378,4,CSE,8.57,77.1,0.0,68.0
S1384,2,IT,8.52,82.7,0.0,71.0
S1202,4,MECH,8.99,85.5,0.0,79.7
S2225,6,IT DEPT,7.93,72.2,1.0,67.0
S2279,6,MECH,7.43,74.4,0.0,67.4
S1402,6,MECH,,58.5,1.0,53.7
S1212,5,ME,6.53,66.0,0.0,53.7
S1209,4,CIVIL,9.3,93.6,0.0,86.9
S1530,3,CIVIL,8.34,78.8,0.0,71.1
S2152,5,ME,8.8,88.9,0.0,78.5
S2760,4,CIVIL,8.82,83.8,1.0,75.5
S1216,3,CSE,8.75,79.5,0.0,69.4
S1283,1,ELECTRONICS & COMM,8.45,79.4,1.0,72.6
S1562,5,MECH,8.56,84.0,0.0,76.5
S2216,2,CSE,9.37,96.8,0.0,87.9
S2504,3,IT,8.57,81.4,0.0,75.5
S1553,4,IT,8.96,85.6,0.0,76.0
S1049,5,ECE,9.57,90.4,0.0,78.4
S2429,4,IT,8.35,77.2,0.0,67.5
S2479,5,ECE,9.19,89.1,0.0,80.7
S1176,2,CSE,7.88,68.8,0.0,62.4
S2008,5,MECH,8.56,81.2,1.0,69.1
S2638,2,IT,8.56,78.0,0.0,70.1
S2610,4,ECE,8.0,73.9,0.0,67.6
S1046,3,ECE,8.71,82.0,0.0,75.4
S1341,3,CSE,7.89,74.0,2.0,66.3
S2217,4,CSE,9.09,81.9,0.0,71.2
S2401,4,IT,8.61,76.0,0.0,69.4
S2040,1,ME,8.28,78.5,1.0,69.7
S2747,5,IT,8.42,83.1,0.0,74.7
S1182,1,CSE,8.17,68.0,0.0,65.7
S2484,1,ECE,9.83,98.5,0.0,85.6
S2629,1,ECE DEPT,8.49,72.3,0.0,61.3
S2406,5,ECE,6.85,68.4,1.0,62.3
S2531,6,CIVIL,9.24,85.7,0.0,78.6
S1484,6,CSE,7.83,74.7,0.0,71.6
S2247,6,CIVIL,7.13,61.7,1.0,54.9
S2505,4,CSE,8.29,84.4,0.0,75.3
S2440,6,MECH,6.91,66.0,1.0,56.7
S2696,5,ECE,8.09,78.8,0.0,70.5
S2381,3,INFORMATION TECH,8.71,76.0,1.0,67.1
S2511,1,ME,9.18,90.0,0.0,82.0
S2472,4,CIVIL,8.9,80.1,0.0,76.7
S2756,6,CIVIL,8.69,77.4,0.0,69.8
S2018,2,MECH,7.95,66.0,1.0,52.9
S2185,1,INFORMATION TECH,7.65,68.8,1.0,67.5
S1103,2,CIVIL,9.4,87.7,0.0,82.3
S2542,5,MECH,7.76,77.5,0.0,70.7
S2329,5,CSE,8.15,77.0,0.0,70.0
S2141,2,CSE,7.95,80.8,1.0,68.5
S2261,3,CIVIL,7.57,79.3,1.0,75.4
S2303,1,ELECTRONICS & COMM,6.56,65.0,0.0,60.7
S1292,3,ECE,9.18,81.8,0.0,77.5
S2579,4,CIVIL ENGINEERING,7.04,71.3,0.0,59.5
S2094,2,ECE,7.98,76.6,0.0,68.3
S2069,5,CIVIL,8.26,81.3,1.0,72.0
S2364,6,CSE,8.24,86.9,1.0,78.5
S1486,1,CIVIL ENGINEERING,8.2,71.6,0.0,69.5
S1444,5,MECH,9.67,94.8,0.0,83.7
S2249,3,CSE,9.01,91.3,0.0,82.9
S2139,1,IT DEPT,8.47,77.7,0.0,72.4
S1519,6,CIVIL,8.65,83.2,0.0,72.4
S1551,4,CIVIL,8.39,76.9,0.0,70.7
S1360,1,COMP SCI,7.96,79.8,0.0,68.3
S1225,1,ECE,8.54,79.6,1.0,69.8
S2665,1,CIVIL,8.41,75.3,0.0,66.1
S2541,6,MECH,7.87,73.8,0.0,66.9
S2706,5,MECH,7.84,74.1,1.0,69.4
S1594,1,INFORMATION TECH,9.03,87.5,0.0,80.0
S2721,5,CSE,7.34,68.1,3.0,60.5
S1159,5,CSE,7.96,81.1,0.0,78.3
S2076,6,ECE,8.54,89.0,1.0,83.5
S1504,4,ECE,8.42,81.8,0.0,78.5
S2076,1,ECE,8.55,90.0,1.0,80.8
S1251,5,ECE,7.97,72.8,0.0,64.8
S2108,4,CSE,7.92,84.0,2.0,73.6
S1302,1,CE,8.56,80.3,0.0,63.9
S2383,5,ECE,6.53,66.7,0.0,59.4
S1187,6,CIVIL,8.44,75.9,1.0,67.5
S2593,5,CIVIL,8.57,79.8,2.0,69.6
S2798,4,CSE,8.55,80.5,1.0,70.5
S2681,6,CSE,6.78,60.8,0.0,57.9
S2149,2,IT,6.98,63.3,0.0,58.1
S2792,4,CIVIL,8.57,84.9,0.0,78.1
S2114,3,IT,8.47,76.8,0.0,65.3
S2321,2,MECH,8.71,86.0,1.0,71.1
S2443,1,IT,7.78,70.5,0.0,64.2
S2778,2,ECE,9.68,96.8,0.0,90.5
S1070,3,CSE,6.94,61.4,1.0,56.5
S1496,4,MECH,7.84,73.4,2.0,65.7
S2313,2,ME,8.64,84.9,0.0,76.5
S1406,2,ECE,7.63,74.1,1.0,70.1
S2632,6,CSE,7.61,70.0,1.0,67.9
S1095,1,IT DEPT,6.71,66.0,1.0,59.1
S1422,1,INFORMATION TECH,7.59,64.1,0.0,58.0
S2652,5,MECH,8.62,88.8,1.0,79.5
S2109,5,CIVIL,8.39,87.8,0.0,73.7
S1542,6,CIVIL,8.4,77.8,0.0,73.0
S1205,1,CS,9.74,92.3,0.0,90.1
S1024,5,IT,8.29,84.2,0.0,78.9
S2165,1,ECE,8.82,78.7,0.0,77.8
S1249,3,INFORMATION TECH,9.02,75.5,0.0,67.7
S2596,2,ECE,8.25,80.0,0.0,71.1
S2279,1,ME,8.21,73.8,0.0,62.4
S2069,3,CIVIL,8.23,77.5,1.0,67.4
S2102,4,CSE,8.42,84.5,1.0,66.6
S2154,2,ECE,9.05,81.3,0.0,70.9
S1443,2,CSE,7.61,75.7,0.0,65.5
S1335,1,INFORMATION TECH,7.91,72.1,0.0,67.6
S1200,1,CSE,8.08,88.7,1.0,76.9
S2056,3,CIVIL,9.01,86.3,0.0,82.4
S1569,2,INFORMATION TECH,9.16,87.4,2.0,81.0
S2074,1,MECHANICAL ENGINEERING,8.2,76.9,4.0,67.2
S2148,2,MECH,8.56,79.8,0.0,77.3
S1293,5,CIVIL,9.96,90.4,0.0,81.1
S1083,6,MECH,8.42,80.0,0.0,69.9
S2596,3,ECE,8.14,73.3,0.0,67.2
S2301,3,CIVIL,8.15,74.9,1.0,64.5
S1146,1,INFORMATION TECH,8.95,92.5,1.0,85.3
S1560,4,IT,9.66,88.4,0.0,84.7
S1153,1,CIVIL,8.8,78.8,0.0,66.0
S1121,2,ECE,8.7,81.8,1.0,77.1
S1595,4,ECE,9.58,89.3,0.0,78.2
S2542,6,MECH,7.64,75.1,0.0,60.7
S2522,5,INFORMATION TECH,8.29,77.4,2.0,71.1
S2796,2,INFORMATION TECH,8.41,84.4,0.0,79.8
S2236,3,ECE,7.72,67.8,1.0,59.3
S1250,3,CIVIL,7.43,64.2,2.0,60.5
S1254,3,MECH,8.74,80.9,0.0,71.6
S2374,3,CSE,7.87,78.0,0.0,73.8
S2386,5,MECHANICAL ENGINEERING,9.86,94.2,1.0,91.8
S1458,5,CIVIL,7.39,66.9,0.0,60.8
S2120,2,CSE,9.4,86.0,0.0,78.5
S1053,3,MECH,8.42,81.4,0.0,75.3
S2482,3,ECE,8.02,75.6,1.0,71.8
S2642,1,CIVIL,7.94,72.7,0.0,59.6
S1559,3,ECE,8.93,87.4,0.0,84.2
S1019,1,COMP SCI,8.09,82.4,0.0,72.3
S1293,3,CIVIL,9.83,92.4,0.0,84.5
S2483,1,CIVIL,8.69,84.5,2.0,69.3
S1226,2,COMP SCI,7.83,73.0,0.0,62.7
S1522,4,MECH,6.83,66.3,0.0,58.3
S2534,6,CSE,9.32,90.0,0.0,79.5
S1388,5,MECH,7.87,78.5,1.0,73.2
S2713,5,CIVIL,8.48,73.2,0.0,61.7
S1081,1,CE,7.65,72.8,0.0,61.6
S2529,3,IT,9.61,95.9,0.0,86.8
S1329,6,CIVIL,8.71,83.7,0.0,72.1
S1057,1,CIVIL ENGINEERING,7.43,71.4,1.0,68.2
S1461,5,MECH,8.16,77.6,0.0,67.5
S2370,6,COMP SCI,8.25,83.1,0.0,65.9
S2486,6,CIVIL ENGINEERING,,93.3,0.0,88.2
S2797,6,ME,9.66,89.7,0.0,83.8
S2117,3,IT,8.32,85.6,0.0,75.7
S1088,3,MECH,7.49,70.4,0.0,60.6
S2262,4,CIVIL ENGINEERING,8.05,64.7,0.0,61.2
S1580,4,IT,8.08,76.5,1.0,66.5
S2049,4,MECH,7.19,69.5,1.0,66.8
S2348,1,INFO TECH,7.43,67.2,0.0,57.0
S1469,2,CIVIL,8.89,83.4,0.0,72.6
S1121,5,ECE,8.75,89.5,1.0,76.0
S1128,4,IT,7.93,78.4,0.0,63.1
S2236,2,ECE,7.7,70.4,1.0,64.7
S2168,1,ECE DEPT,8.07,76.7,0.0,70.2
S2728,3,IT,8.27,76.1,0.0,72.5
S2613,1,CIVIL ENGINEERING,7.72,77.1,0.0,70.2
S1052,2,IT,8.1,76.3,1.0,64.1
S1214,1,ECE,9.03,85.7,0.0,75.9
S1059,1,ME,6.49,62.7,1.0,57.1
S2153,3,CIVIL,7.63,72.3,0.0,62.9
S2600,1,IT DEPT,9.29,88.3,3.0,80.6
S2106,2,IT,8.99,91.8,0.0,78.9
S2471,5,ECE,7.72,71.0,0.0,64.9
S2782,5,IT,7.08,65.4,1.0,59.3
S1299,4,CIVIL,,84.3,0.0,76.0
S2203,5,IT,6.54,68.4,0.0,60.6
S2279,5,MECH,7.57,70.7,0.0,67.3
S2613,4,CIVIL ENGINEERING,7.9,79.6,0.0,71.7
S2487,3,CIVIL,8.07,77.6,0.0,74.0
S1343,2,INFORMATION TECH,8.3,80.9,0.0,72.8
S1373,1,MECHANICAL ENGINEERING,8.92,90.2,0.0,81.4
S2084,1,CIVIL,8.13,73.9,0.0,64.0
S2615,5,CSE,9.76,85.7,0.0,79.1
S1460,6,IT,7.24,78.4,2.0,71.4
S2679,2,MECH,9.66,91.4,0.0,78.0
S2679,3,MECH,9.72,89.0,0.0,81.4
S2192,6,CIVIL,8.75,81.2,0.0,74.7
S2038,5,MECH,6.76,66.0,2.0,59.2
S2197,4,CSE,9.2,82.6,0.0,76.2
S2430,2,MECH,8.09,74.0,2.0,65.0
S1468,4,ECE DEPT,9.16,95.0,1.0,84.7
S1211,1,ECE,9.12,85.7,0.0,67.5
S1278,5,CIVIL,,81.0,0.0,74.1
S2480,2,CIVIL,9.02,79.0,0.0,71.5
S2603,5,CIVIL ENGINEERING,6.83,67.3,1.0,60.5
S2185,5,INFORMATION TECH,7.71,70.5,1.0,68.9
S2251,3,CSE,8.99,82.0,0.0,76.6
S2081,2,ECE,9.25,86.9,0.0,84.3
S1362,2,MECH,8.53,83.7,0.0,75.4
S1241,6,CSE,7.93,83.2,0.0,73.7
S2046,3,IT,9.28,89.2,0.0,86.5
S1423,2,MECH,8.71,84.2,0.0,78.1
S2638,4,IT,8.07,81.3,0.0,73.8
S1283,4,ECE,8.48,75.2,1.0,69.1
S1483,1,ECE,8.33,74.9,1.0,65.2
S1183,4,MECH,7.19,60.0,0.0,58.3
S2639,4,ECE,7.64,73.4,2.0,62.6
S2529,4,IT,9.65,93.2,0.0,83.9
S1534,6,CS,9.33,89.8,0.0,77.1
S2154,3,ECE,9.04,89.9,0.0,80.1
S2345,6,MECH,9.2,87.5,1.0,80.7
S1314,4,ECE DEPT,7.77,73.7,2.0,61.1
S1576,2,IT,8.76,80.4,0.0,68.9
S2436,2,CSE,9.11,86.6,0.0,78.2
S1269,5,IT,7.95,79.6,0.0,72.8
S1164,1,ECE,8.72,80.6,0.0,76.4
S2498,1,IT DEPT,7.42,62.8,1.0,63.4
S2109,6,CIVIL,8.19,77.7,0.0,73.5
S1142,3,ELECTRONICS & COMM,9.26,96.8,0.0,89.5
S2179,1,CE,7.75,72.8,0.0,68.7
S2186,1,CIVIL ENGINEERING,9.23,90.2,0.0,77.7
S2143,3,MECH,8.45,82.3,0.0,75.6
S1480,4,CSE,8.3,81.3,0.0,68.4
S1379,4,CIVIL,7.4,70.1,2.0,65.0
S1399,5,MECH,7.56,71.4,2.0,63.0
S2616,4,CIVIL,8.05,81.1,0.0,70.9
S1306,1,ME,8.73,87.9,1.0,79.2
S2009,2,ME,7.18,70.4,1.0,63.6
S2435,1,ME,8.76,88.5,1.0,77.0
S2610,1,ECE,7.96,77.3,0.0,66.3
S1008,6,CSE,7.84,64.5,1.0,59.2
S2211,3,CSE,8.51,87.0,0.0,75.6
S2658,1,ECE,9.26,89.0,1.0,73.9
S1226,1,COMP SCI,7.8,75.8,0.0,61.3
S1491,3,CIVIL,7.46,69.6,1.0,65.8
S2608,3,ECE,8.54,90.9,0.0,83.5
S2157,4,CIVIL,8.84,80.5,1.0,71.0
S2185,2,IT,7.6,73.7,1.0,68.3
S1075,3,ECE DEPT,8.61,89.8,0.0,81.1
S1375,5,CIVIL,8.35,75.8,0.0,71.6
S1291,4,IT DEPT,7.62,73.8,0.0,68.8
S1141,5,IT DEPT,9.02,84.0,0.0,80.6
S2276,4,MECH,9.43,87.0,0.0,76.4
S2620,2,CSE,8.99,86.1,0.0,80.9
S1549,2,MECH,9.11,85.4,0.0,77.6
S2032,2,ECE,8.43,81.0,1.0,73.9
S1007,4,CSE,8.36,78.4,1.0,70.7
S1407,5,ECE,9.42,95.9,0.0,84.0
S1518,2,CIVIL,9.09,84.5,0.0,84.0
S2544,1,CIVIL ENGINEERING,6.6,71.8,3.0,64.0
S2205,1,CIVIL,8.25,80.8,1.0,73.4
S1114,1,CIVIL,,99.2,0.0,89.8
S2118,1,CSE,9.19,87.4,0.0,73.4
S2726,2,MECH,9.3,98.7,0.0,89.4
S2415,3,MECH,7.6,69.6,0.0,59.0
S1216,5,CSE,8.9,81.2,0.0,77.6
S2335,5,CSE,8.94,84.0,1.0,75.6
S2562,4,CIVIL,9.12,88.0,1.0,79.8
S2357,1,CE,9.06,89.7,0.0,79.1
S1162,6,ECE,8.04,81.3,0.0,69.2
S1574,5,IT,8.5,78.1,2.0,69.0
S2504,4,IT,8.7,87.3,0.0,75.3
S2322,3,INFO TECH,8.37,80.3,0.0,73.6
S1186,3,MECH,8.29,77.1,0.0,75.5
S2377,6,MECH,8.38,81.1,1.0,80.0
S1130,3,ECE,9.22,79.6,0.0,69.0
S1332,6,IT,9.43,92.5,0.0,79.1
S1372,6,ECE,7.66,74.9,2.0,66.7
S1372,3,ECE DEPT,7.52,81.0,2.0,74.2
S1359,6,ECE,8.12,72.1,0.0,68.2
S2452,3,MECH,8.15,78.2,0.0,68.8
S2159,6,CIVIL,8.98,86.6,0.0,87.6
S2598,2,ME,7.5,76.7,1.0,72.7
S2080,1,INFORMATION TECH,8.5,77.6,1.0,71.0
S2781,2,CSE,8.1,80.7,1.0,73.0
S2438,6,CIVIL,8.75,84.3,0.0,78.0
S2769,2,IT,8.02,66.9,0.0,59.0
S2773,4,MECH,7.04,69.4,0.0,64.0
S1228,5,ECE,9.58,96.6,0.0,85.1
S1245,6,CIVIL,7.27,74.3,1.0,68.0
S1309,4,IT,9.27,84.6,0.0,73.1
S1531,4,ECE,7.5,68.8,2.0,66.0
S1328,2,IT,8.14,72.6,1.0,65.5
S2555,3,MECH,,88.3,0.0,75.4
S2047,4,MECH,7.3,70.4,2.0,66.1
S2327,4,IT,8.1,77.9,1.0,78.3
S1534,2,CS,9.31,87.6,0.0,81.9
S2315,4,CIVIL,7.97,77.2,0.0,68.0
S1215,6,ECE,8.88,82.5,1.0,75.4
S1081,6,CE,7.66,65.4,0.0,60.9
S1374,2,CIVIL,7.25,69.8,1.0,63.6
S2186,5,CIVIL,9.2,81.9,0.0,70.7
S1544,4,CIVIL,9.16,84.3,0.0,73.6
S2640,3,MECH,9.24,87.2,0.0,77.4
S1213,2,CSE,8.66,83.1,0.0,70.5
S2260,2,ECE,6.56,65.8,2.0,51.9
S2582,4,IT,7.98,79.0,0.0,77.4
S1006,1,CIVIL ENGINEERING,9.14,87.4,0.0,76.2
S2281,2,MECH,7.59,71.3,0.0,66.2
S1591,3,MECH,,68.3,1.0,58.2
S2520,2,CS,8.58,77.4,0.0,70.3
S1314,2,ECE,7.84,70.9,2.0,60.5
S2518,5,INFO TECH,9.54,84.8,0.0,75.5
S2053,5,ECE,9.45,87.8,0.0,76.7
S1331,4,ECE,9.36,86.0,0.0,76.5
S2736,5,ECE DEPT,8.11,73.4,0.0,69.7
S2183,4,CSE,7.95,75.7,1.0,71.0
S2594,6,IT,8.18,74.0,0.0,65.7
S2333,6,CIVIL,8.88,87.2,0.0,74.3
S2397,1,INFO TECH,8.53,84.1,0.0,76.9
S2456,4,ECE DEPT,8.36,84.9,1.0,78.1
S1173,5,ECE,7.45,75.7,2.0,67.1
S1107,1,CIVIL,9.34,90.9,0.0,83.1
S2741,2,CIVIL,8.43,84.2,0.0,72.6
S2723,1,CSE,9.32,85.1,0.0,72.3
S2065,6,CIVIL,8.69,89.2,0.0,79.0
S2381,6,IT,8.8,86.1,1.0,74.0
S2466,4,CIVIL,8.99,82.7,0.0,77.8
S1181,4,ELECTRONICS & COMM,9.01,84.1,0.0,76.9
S1436,6,ME,8.73,86.1,0.0,77.2
S1144,4,IT,7.39,70.3,0.0,61.9
S2185,4,INFORMATION TECH,7.59,72.2,1.0,58.1
S1151,4,ELECTRONICS & COMM,8.89,85.2,0.0,80.9
S1032,6,CSE,7.75,75.2,1.0,70.5
S1019,2,CSE,8.09,78.0,0.0,71.0
S2263,2,CS,8.1,67.7,3.0,60.7
S1324,5,CSE,6.21,56.0,0.0,49.3
S2062,4,CSE,8.81,74.8,0.0,69.2
S2623,4,INFORMATION TECH,9.24,88.1,2.0,81.7
S2532,5,ECE,8.89,82.8,2.0,76.2
S1306,2,ME,8.76,84.1,1.0,75.2
S2376,3,CSE,7.35,73.6,0.0,62.1
S2514,3,CIVIL,8.83,90.1,2.0,79.3
S2270,3,CIVIL,9.32,79.6,1.0,75.4
S2082,6,IT,6.64,66.0,0.0,59.7
S1131,3,ELECTRONICS & COMM,7.48,77.6,3.0,71.5
S1094,6,ECE,6.21,53.8,0.0,51.2
S2071,2,CSE,9.08,82.7,1.0,72.1
S2759,6,ECE,8.73,81.7,0.0,77.9
S1463,4,CIVIL,9.87,97.0,0.0,87.0
S1572,4,ECE,7.28,67.3,0.0,58.9
S2135,4,CSE,8.34,80.9,0.0,71.7
S2463,1,MECHANICAL ENGINEERING,8.3,75.3,0.0,64.6
S2550,3,CIVIL,9.61,89.8,0.0,86.7
S1305,2,ME,9.07,89.5,0.0,77.2
S1437,2,CIVIL,8.77,82.8,1.0,78.2
S2464,4,IT,8.36,76.0,0.0,66.1
S1183,3,MECHANICAL ENGINEERING,7.11,68.6,0.0,63.0
S2564,6,CIVIL,9.14,84.2,2.0,74.8
S1529,2,COMP SCI,7.99,72.9,1.0,61.2
S2184,1,INFO TECH,9.41,92.4,0.0,81.5
S2145,3,CIVIL,9.25,79.2,0.0,70.0
S2507,2,IT,7.09,66.2,1.0,58.2
S2790,1,ELECTRONICS & COMM,9.47,89.6,1.0,81.1
S2269,2,CIVIL,9.03,86.3,0.0,78.1
S2328,2,ECE,8.41,80.6,1.0,65.9
S2262,2,CIVIL,7.92,78.2,0.0,65.7
S2214,3,CIVIL,8.9,89.6,0.0,80.9
S2740,2,CIVIL,9.21,88.8,0.0,84.3
S1276,5,CSE,8.59,75.5,0.0,66.1
S2715,6,COMP SCI,7.11,74.6,2.0,72.2
S2791,1,ME,8.91,80.1,0.0,73.5
S1388,2,ME,8.29,78.4,0.0,69.2
S1403,2,CIVIL,8.82,80.1,0.0,72.7
S2581,1,COMP SCI,8.83,89.9,0.0,78.4
S1443,3,CSE,7.56,71.6,0.0,61.2
S2067,6,MECH,8.39,77.1,0.0,70.5
S2456,1,ECE DEPT,8.17,68.5,1.0,63.5
S2597,3,ECE,,90.8,0.0,85.5
S1447,3,CSE,7.64,73.3,0.0,67.1
S2185,6,IT,7.69,73.3,1.0,68.3
S2274,2,CIVIL,9.32,86.2,0.0,77.5
S2666,2,INFORMATION TECH,7.72,73.3,0.0,65.8
S2256,1,INFORMATION TECH,7.97,75.5,0.0,68.0
S2366,4,CIVIL,7.93,69.1,0.0,61.3
S2580,3,ECE,9.45,87.0,1.0,85.2
S1030,5,CSE,9.68,87.1,0.0,72.9
S2353,5,CIVIL ENGINEERING,7.7,74.5,0.0,68.7
S2731,6,COMP SCI,9.21,81.2,0.0,77.2
S1256,5,ME,8.5,82.4,0.0,78.4
S2425,2,MECH,8.17,80.4,1.0,75.3
S2111,3,CIVIL,7.84,69.6,1.0,65.0
S1548,5,ME,9.08,87.2,0.0,83.3
S1201,5,MECHANICAL ENGINEERING,6.68,65.2,1.0,60.5
S1368,1,MECHANICAL ENGINEERING,7.67,73.3,1.0,65.0
S2175,6,IT,8.58,80.2,0.0,76.0
S2650,6,CIVIL,8.01,68.8,0.0,60.6
S2740,5,CIVIL,8.49,77.8,0.0,71.9
S2449,2,ME,6.39,60.5,2.0,51.7
S1163,4,CSE,8.1,75.6,0.0,72.1
S2637,2,IT,8.16,76.5,1.0,66.7
S1296,1,IT,9.17,84.4,0.0,75.7
S1139,2,CSE,6.6,69.4,1.0,64.4
S1157,6,CIVIL,8.26,81.2,0.0,68.7
S2360,6,IT,8.35,79.4,0.0,76.6
S1415,3,ECE,7.95,73.0,1.0,66.9
S1105,4,ECE,8.89,82.1,0.0,72.7
S2066,3,IT,8.77,85.5,1.0,74.3
S2464,6,IT,8.31,77.5,0.0,68.3
S1155,2,CSE,8.92,87.5,0.0,80.7
S1506,4,IT,8.86,77.9,0.0,71.2
S1050,2,MECH,8.88,78.2,0.0,66.9
S1176,3,CSE,7.69,75.6,0.0,69.8
S1529,3,COMP SCI,8.02,74.1,1.0,59.7
S1452,2,CSE,8.7,79.8,0.0,76.0
S1537,6,ECE,6.84,68.6,1.0,66.5
S2773,3,MECH,6.92,67.0,0.0,64.0
S2241,2,CIVIL,7.68,74.2,0.0,65.6
S2573,1,IT,8.33,74.6,0.0,63.0
S1585,6,CSE,8.4,73.5,1.0,62.8
S1546,4,MECH,7.31,65.8,1.0,59.1
S1158,3,CSE,8.17,79.7,1.0,73.3
S2625,6,MECH,8.44,79.6,0.0,71.3
S2678,1,ME,8.1,77.7,1.0,71.2
S2569,3,MECH,9.1,91.9,1.0,83.3
S1003,1,ELECTRONICS & COMM,9.45,84.5,0.0,77.0
S1187,2,CIVIL,8.51,80.7,1.0,75.1
S1254,5,MECH,8.86,78.2,0.0,70.6
S1543,4,IT,9.05,84.5,0.0,79.6
S2201,2,CSE,9.38,88.5,0.0,73.7
S1449,3,CSE,6.43,59.8,3.0,49.9
S1369,6,IT,8.15,79.4,1.0,68.6
S2265,4,CSE,9.46,85.4,0.0,76.1
S2379,6,CIVIL,9.03,76.9,0.0,65.4
S2262,6,CIVIL,7.89,78.0,0.0,76.3
S1220,6,ECE DEPT,8.68,79.9,0.0,69.4
S1130,6,ECE,9.34,89.1,0.0,77.0
S1351,3,CSE,8.44,83.7,0.0,77.4
S2789,4,CIVIL,7.11,66.7,0.0,58.2
S1522,5,MECH,6.72,60.0,0.0,52.5
S2138,2,ECE,9.06,83.8,0.0,74.6
S2155,5,IT,7.63,72.8,0.0,61.5
S1073,2,MECH,8.91,87.8,0.0,78.7
S1580,2,IT,7.93,82.9,1.0,77.2
S1585,2,CSE,8.42,79.7,1.0,69.8
S1109,6,ECE DEPT,8.93,79.9,0.0,71.8
S1413,6,MECH,8.09,74.5,0.0,68.0
S1016,3,IT,7.39,77.5,0.0,65.2
S2532,1,ECE,8.83,83.3,2.0,71.0
S2591,4,ECE,7.89,74.9,1.0,63.4
S2330,6,IT,8.76,82.5,0.0,70.8
S2290,4,CIVIL,7.45,68.8,0.0,61.4
S2076,5,ECE,8.76,72.6,1.0,64.2
S2243,4,MECH,8.68,80.1,1.0,74.1
S2175,2,IT,8.44,77.9,0.0,71.0
S2706,3,MECH,8.0,70.4,0.0,65.7
S1482,1,ECE,9.6,92.5,0.0,78.7
S1523,4,IT,8.72,82.4,0.0,71.5
S2643,3,CIVIL,7.45,71.9,0.0,62.5
S1313,3,CSE,8.65,76.2,0.0,70.7
S2524,2,CIVIL,8.26,75.2,0.0,72.3
S2057,6,CSE,9.31,85.6,0.0,78.8
S2060,2,IT,9.27,92.8,0.0,79.6
S2473,4,ECE,7.93,67.8,0.0,62.0
S1485,1,ME,8.53,77.4,2.0,64.7
S1598,1,CE,7.96,72.5,0.0,64.0
S1096,1,ECE DEPT,8.31,76.0,0.0,65.2
S2748,2,CSE,8.8,80.2,1.0,68.9
S2193,2,CIVIL,9.49,91.0,1.0,82.5
S2207,5,CIVIL,,84.9,0.0,66.8
S2266,4,ECE,8.46,78.8,0.0,68.3
S2241,5,CIVIL,7.87,74.6,0.0,69.3
S1420,5,CE,9.49,88.4,0.0,81.8
S2667,4,CIVIL,7.26,71.9,0.0,67.6
S1291,6,IT,7.62,75.4,0.0,66.1
S1457,6,CIVIL,8.25,81.9,1.0,68.1
S1266,1,INFO TECH,8.46,81.7,0.0,71.4
S1538,5,MECH,9.04,86.8,0.0,80.8
S1281,2,ECE,9.93,93.5,0.0,82.5
S1373,5,MECHANICAL ENGINEERING,9.07,90.3,0.0,82.2
S1048,6,ME,6.86,62.9,1.0,54.5
S1290,5,CSE,8.03,80.3,0.0,73.0
S2724,3,CSE,9.41,92.9,0.0,85.0
S2760,5,CIVIL,9.05,84.0,1.0,73.2
S2025,6,ECE,7.64,73.9,1.0,66.8
S1590,6,CSE,9.0,82.0,0.0,70.9
S2121,4,MECH,8.9,80.8,0.0,71.6
S2358,2,ELECTRONICS & COMM,8.48,79.0,0.0,65.9
S2321,4,MECH,8.85,84.6,1.0,75.4
S1321,4,CSE,7.59,65.1,0.0,52.1
S2294,5,ECE,8.51,81.8,0.0,70.2
S1472,2,CIVIL,7.79,71.3,0.0,65.9
S1281,5,ECE,9.98,96.4,0.0,82.0
S2255,6,CIVIL,8.35,80.0,0.0,70.6
S2406,3,ECE,7.12,64.4,1.0,57.3
S1224,1,ECE,8.82,86.3,0.0,78.2
S1544,5,CIVIL,9.25,90.1,0.0,75.8
S2031,1,CIVIL ENGINEERING,8.74,83.8,0.0,72.5
S2581,5,COMP SCI,8.72,79.7,0.0,69.5
S1166,4,CIVIL,8.26,82.5,1.0,75.8
S2771,1,ME,8.16,79.6,0.0,72.3
S1109,3,ECE,8.58,84.9,0.0,81.8
S2262,3,CIVIL ENGINEERING,7.96,79.3,0.0,70.8
S1484,5,CSE,8.02,73.7,0.0,65.1
S1377,3,IT,8.4,75.7,0.0,74.2
S2238,1,INFORMATION TECH,8.11,86.3,0.0,75.8
S2758,1,CIVIL ENGINEERING,8.55,77.7,0.0,65.6
S2287,1,CSE,8.16,74.7,1.0,67.7
S1498,5,CIVIL,9.29,88.0,1.0,83.2
S1354,4,CSE,8.67,80.8,0.0,71.8
S2593,2,CIVIL,8.45,78.6,2.0,68.8
S2668,5,CSE,9.67,86.7,0.0,75.0
S2377,2,MECH,8.25,65.9,1.0,64.3
S2428,1,ECE,9.0,81.4,0.0,73.9
S1261,5,ECE,7.41,70.2,2.0,68.5
S2577,3,CSE,9.4,90.2,0.0,82.1
S2296,6,ECE,8.88,85.1,1.0,69.5
S1431,5,CIVIL,8.17,75.5,2.0,67.2
S2606,3,ECE,8.14,69.5,0.0,62.1
S1365,2,CSE,8.68,87.1,0.0,82.3
S1533,5,CIVIL,9.1,83.3,0.0,77.2
S1119,1,INFORMATION TECH,8.83,74.0,0.0,68.3
S1206,2,CSE,8.27,78.4,1.0,68.9
S2373,4,CSE,7.86,71.0,1.0,65.1
S2083,1,ECE DEPT,8.74,80.2,1.0,74.4
S2080,5,IT,7.78,81.9,1.0,71.4
S1210,5,ECE,8.39,80.8,0.0,72.1
S2220,5,ME,6.99,67.1,1.0,57.2
S1376,5,MECH,8.31,80.2,0.0,73.6
S2784,1,ELECTRONICS & COMM,8.23,79.8,0.0,69.2
S1326,2,CSE,7.57,70.4,0.0,65.3
S2514,4,CIVIL,8.88,81.3,2.0,74.9
S1166,2,CIVIL,8.63,85.1,1.0,80.4
S1585,1,CSE,8.27,75.8,1.0,66.1
S1019,6,CSE,7.96,74.8,0.0,70.1
S2706,6,MECH,7.45,76.1,1.0,66.5
S1419,2,IT,7.78,71.2,0.0,62.2
S2768,3,ECE,9.61,94.6,0.0,84.8
S2186,3,CIVIL,9.26,86.4,0.0,82.0
S2566,3,ME,9.0,86.6,1.0,78.7
S1425,5,ECE,9.32,85.2,0.0,73.3
S2118,2,CSE,9.33,90.5,0.0,80.6
S1085,4,CSE,9.07,80.8,1.0,68.1
S2245,2,IT,8.36,78.0,0.0,68.0
S1259,4,IT,7.61,70.0,0.0,61.5
S1159,2,CSE,8.08,75.4,0.0,67.2
S2101,2,ECE,8.66,81.3,0.0,71.9
S2147,3,CSE,9.16,87.5,0.0,83.0
S2029,3,CSE,7.43,73.2,1.0,67.3
S2548,3,CIVIL,7.85,64.6,0.0,57.2
S2527,3,CIVIL,8.59,79.0,0.0,77.7
S1476,1,INFORMATION TECH,9.12,85.6,0.0,77.5
S2303,3,ELECTRONICS & COMM,6.72,64.2,0.0,56.7
S2257,6,CIVIL,8.28,78.6,1.0,72.2
S1384,3,IT,8.32,77.6,0.0,68.1
S2080,3,INFORMATION TECH,8.22,74.7,1.0,67.0
S2342,1,IT,9.22,83.3,3.0,79.7
S1059,3,MECH,6.65,77.4,1.0,71.4
S2313,3,ME,8.59,85.6,0.0,81.7
S1485,3,MECH,8.63,84.8,2.0,79.1
S2763,4,MECH,8.78,84.4,0.0,80.8
S2415,5,MECHANICAL ENGINEERING,7.65,67.9,0.0,60.7
S1418,4,CIVIL,8.05,76.0,0.0,67.5
S1437,5,CIVIL,8.72,81.5,1.0,72.8
S2235,5,ECE,9.02,86.5,0.0,80.3
S1186,5,ME,8.42,80.7,0.0,70.3
S1475,3,MECH,7.99,77.8,0.0,67.1
S2490,2,ECE,8.62,78.2,2.0,67.9
S1050,5,MECH,8.82,81.3,0.0,76.3
S1280,2,MECH,8.93,80.8,0.0,67.5
S1558,6,ECE,8.3,77.9,2.0,67.4
S2622,4,MECH,8.16,77.7,0.0,71.5
S1456,6,CIVIL,8.15,76.6,0.0,67.6
S2117,4,IT,8.55,80.0,0.0,72.3
S2390,5,IT,8.94,90.6,1.0,78.2
S2575,4,CSE,7.46,75.6,0.0,68.9
S2657,2,COMP SCI,9.38,92.2,0.0,81.2
S2137,2,MECH,8.27,83.7,0.0,75.0
S2646,1,CS,9.65,93.4,0.0,85.9
S2559,6,CSE,7.59,67.1,1.0,57.7
S1323,6,CIVIL,8.09,77.7,1.0,68.5
S1039,2,CSE,8.43,79.6,0.0,71.7
S1013,5,ECE,8.22,76.9,1.0,70.0
S1018,2,ECE,6.39,57.1,0.0,52.7
S2472,3,CIVIL,8.92,77.2,0.0,66.7
S2040,5,ME,8.35,84.0,1.0,73.3
S2036,6,CIVIL,8.61,74.7,0.0,68.6
S2084,6,CIVIL,8.09,74.6,0.0,65.7
S1288,1,INFORMATION TECH,8.54,74.9,0.0,70.5
S2394,3,MECH,7.96,83.4,1.0,77.5
S1351,4,CSE,8.34,80.8,0.0,74.5
S2611,5,IT,8.25,81.8,0.0,77.5
S2281,6,ME,7.3,71.2,0.0,58.2
S2725,4,IT,7.26,74.0,0.0,66.6
S2343,2,CIVIL ENGINEERING,6.41,67.4,1.0,61.0
S1307,2,IT,8.38,75.1,0.0,66.8
S2751,3,CSE,9.01,86.1,0.0,76.7
S2470,5,CIVIL,8.25,76.2,0.0,69.9
S2433,2,MECH,8.13,80.2,0.0,71.9
S1270,1,CIVIL,6.4,65.7,0.0,56.9
S2025,3,ECE,7.41,75.1,1.0,57.2
S1102,2,MECH,9.24,87.8,1.0,77.6
S2755,1,IT DEPT,7.47,70.4,0.0,59.8
S2310,5,CIVIL,7.66,70.7,0.0,63.5
S1183,2,MECH,7.18,71.4,0.0,66.0
S2443,5,IT,7.85,77.4,0.0,69.4
S1438,1,ME,6.7,65.8,2.0,56.2
S2204,6,ELECTRONICS & COMM,7.17,69.5,0.0,62.1
S2648,4,MECH,8.27,75.7,0.0,65.2
S1299,5,CIVIL,9.24,82.6,0.0,76.3
S2302,6,MECH,8.73,81.3,0.0,78.9
S1027,5,MECH,8.46,79.4,1.0,77.0
S1034,6,MECH,6.19,56.3,1.0,52.7
S1398,6,CSE,8.23,82.1,1.0,76.3
S2293,6,MECH,7.64,68.2,0.0,64.4
S2147,2,COMP SCI,8.98,80.6,0.0,71.5
S2288,3,CIVIL,7.97,77.8,0.0,71.3
S1140,4,ECE,9.56,90.8,0.0,84.0
S1490,1,IT,8.86,85.6,0.0,79.2
S2328,1,ECE DEPT,8.41,76.1,1.0,70.6
S2152,3,MECH,8.77,83.7,0.0,74.3
S1406,6,ECE,6.85,63.7,2.0,57.6
S1206,1,CS,8.62,80.0,1.0,68.3
S2416,1,INFO TECH,9.66,98.9,0.0,88.9
S2625,4,MECH,8.36,81.0,0.0,76.4
S2442,1,CIVIL,9.1,86.5,0.0,79.9
S1269,2,IT,8.0,66.7,0.0,59.1
S2044,4,IT,6.75,64.4,0.0,57.1
S2126,5,CIVIL,8.36,81.3,0.0,71.6
S2371,5,IT,8.02,79.6,0.0,70.9
S2043,1,ECE DEPT,8.12,83.9,1.0,69.7
S2016,4,MECH,7.76,77.0,0.0,69.9
S2273,4,IT,8.6,85.6,0.0,76.3
S2214,2,CIVIL,8.84,84.2,0.0,75.0
S2461,2,ECE,8.95,89.4,0.0,75.0
S2226,3,MECH,8.95,86.9,0.0,80.1
S1456,3,CIVIL,8.22,74.7,0.0,68.9
S2746,4,CSE,7.3,72.3,0.0,67.2
S1193,1,ME,8.4,81.3,0.0,74.9
S2583,6,CIVIL,7.53,69.7,1.0,60.4
S2646,6,CSE,9.64,97.4,0.0,88.9
S2425,3,MECH,8.15,77.0,1.0,71.3
S2195,1,ECE,9.28,87.5,0.0,76.9
S2769,3,IT,7.67,72.7,0.0,66.8
S2151,6,CE,9.63,85.3,1.0,79.7
S2047,2,MECH,7.23,69.7,2.0,58.8
S2576,4,CIVIL,9.26,89.4,1.0,77.2
S2312,6,CIVIL,7.4,67.5,0.0,59.1
S1233,1,MECHANICAL ENGINEERING,8.0,73.4,0.0,61.0
S2187,1,IT,8.22,73.2,1.0,71.1
S2519,4,ECE,8.87,80.2,0.0,74.4
S1110,4,COMP SCI,6.82,59.6,2.0,48.9
S1132,5,IT,8.77,79.2,1.0,69.4
S2796,1,INFORMATION TECH,8.28,77.0,0.0,69.7
S2339,3,ELECTRONICS & COMM,9.4,83.2,0.0,73.2
S2670,2,ECE,7.18,61.2,1.0,50.9
S2485,1,ME,9.74,99.3,0.0,90.6
S1427,6,CIVIL,7.35,64.5,1.0,56.1
S2034,4,IT DEPT,9.2,84.3,1.0,77.6
S1441,1,ECE,8.61,78.4,0.0,71.3
S1227,4,CSE,9.54,88.8,0.0,80.9
S2741,1,CIVIL,8.77,78.3,0.0,73.5
S2532,4,ECE,8.88,87.1,2.0,79.3
S1392,2,MECH,8.93,81.9,0.0,78.1
S2447,6,IT,8.42,80.7,1.0,70.5
S2089,2,ECE,8.36,79.8,0.0,66.2
S1464,4,CSE,9.05,85.7,1.0,80.5
S2118,3,CSE,9.2,82.6,0.0,71.2
S2533,1,CIVIL,8.05,74.4,2.0,66.4
S2571,5,IT,6.88,67.1,1.0,61.4
S1552,3,IT,8.41,82.1,0.0,72.7
S2566,6,MECH,8.94,82.2,1.0,76.6
S2512,1,ME,8.96,83.5,1.0,75.2
S1103,4,CIVIL,9.34,81.6,0.0,75.8
S2503,4,IT,9.09,84.5,0.0,77.1
S1430,2,IT,8.37,79.4,1.0,72.6
S2578,5,IT,6.9,70.1,2.0,64.1
S1386,5,ECE DEPT,8.64,77.6,1.0,68.2
S1557,5,IT,8.31,79.0,0.0,71.8
S2293,3,ME,8.1,77.2,0.0,68.9
S1285,2,IT,8.08,76.0,1.0,69.6
S2507,4,IT DEPT,6.55,57.9,1.0,53.8
S1498,4,CIVIL,9.24,84.2,1.0,71.2
S2533,4,CIVIL,7.82,70.5,2.0,61.9
S2714,4,IT,7.2,75.8,2.0,64.3
S1297,5,IT,7.3,66.2,1.0,59.0
S2563,2,ECE,8.6,80.9,1.0,71.8
S1134,6,MECH,8.61,78.0,1.0,69.0
S1143,6,CSE,9.3,85.3,0.0,77.2
S2008,6,MECH,8.55,84.6,1.0,77.5
S2280,6,CIVIL,9.02,87.6,0.0,77.6
S2301,5,CIVIL ENGINEERING,8.26,80.2,1.0,74.2
S1166,1,CIVIL,8.84,89.7,1.0,73.7
S2579,3,CIVIL,6.99,65.9,0.0,61.7
S2345,3,MECH,9.34,85.2,1.0,75.8
S1586,4,CSE,9.32,88.3,0.0,83.2
S2781,6,CSE,7.26,69.7,1.0,63.6
S2490,5,ECE,8.88,93.2,2.0,86.6
S1037,4,ECE,8.72,80.6,0.0,69.9
S2103,6,IT,7.34,72.8,1.0,66.0
S1215,5,ECE,8.81,79.6,1.0,69.3
S1528,2,IT,9.53,91.6,0.0,80.7
S1098,1,IT DEPT,7.8,67.8,0.0,66.4
S1437,3,CIVIL,8.62,83.6,1.0,71.2
S2003,1,MECHANICAL ENGINEERING,8.6,80.5,0.0,73.3
S1008,2,CSE,7.75,69.7,1.0,61.6
S2764,4,CIVIL,9.23,90.4,0.0,84.1
S1206,5,CS,7.96,74.4,2.0,68.4
S2488,2,ECE,7.69,69.2,1.0,60.0
S2227,3,MECH,7.92,76.7,0.0,76.9
S2033,1,ME,9.44,86.2,0.0,76.3
S1596,2,ECE,8.68,82.0,0.0,75.2
S2517,4,CSE,8.14,77.4,0.0,71.4
S1251,4,ECE,8.1,81.0,0.0,75.3
S2106,1,IT,9.01,90.5,0.0,75.6
S1108,3,ECE,8.62,89.6,0.0,73.8
S1574,2,IT,9.01,91.1,1.0,81.9
S1316,3,ECE,7.99,78.6,3.0,74.2
S2748,4,CSE,8.25,75.0,1.0,70.5
S2673,3,IT,9.74,95.5,0.0,81.5
S2195,6,ECE,8.42,82.5,1.0,71.7
S1251,6,ECE,7.7,76.9,1.0,78.5
S1112,5,CSE,7.5,70.5,0.0,63.2
S2632,3,CSE,8.09,73.4,0.0,63.2
S2295,6,ME,8.19,76.2,1.0,70.2
S1150,4,ECE,8.2,77.0,0.0,65.6
S2786,3,ECE,9.16,84.8,0.0,73.6
S1445,3,IT,8.68,84.2,0.0,72.7
S1533,2,CIVIL,8.94,85.9,0.0,76.1
S1482,5,ECE,9.58,94.1,0.0,85.1
S2688,3,CIVIL,8.51,79.2,0.0,69.0
S2155,4,IT,7.76,79.5,0.0,70.2
S2576,2,CIVIL,9.04,79.9,1.0,67.8
S1396,1,CE,9.0,87.3,1.0,76.9
S2401,6,IT,8.24,79.6,1.0,72.8
S1295,6,ECE,8.04,79.5,1.0,69.7
S2521,4,IT DEPT,8.31,82.3,0.0,74.5
S1089,4,ECE,8.22,83.7,1.0,81.0
S2506,5,IT DEPT,8.67,88.0,0.0,78.7
S2563,6,ECE,8.99,88.3,1.0,77.5
S2654,3,IT DEPT,6.69,61.0,3.0,53.7
S2663,1,CIVIL ENGINEERING,7.98,69.6,0.0,62.5
S1122,6,CSE,8.17,75.1,1.0,68.0
S1568,5,MECH,8.59,88.9,0.0,80.5
S1390,6,IT,8.66,80.0,0.0,73.2
S2285,4,IT,7.71,72.1,3.0,67.9
S2426,4,IT,7.46,70.0,0.0,63.7
S1428,4,ECE,8.55,77.6,0.0,70.2
S2566,1,ME,8.87,84.7,1.0,72.3
S2390,6,IT,8.85,84.7,1.0,73.5
S2252,6,MECHANICAL ENGINEERING,7.6,65.7,1.0,57.8
S2288,4,CIVIL,8.13,77.3,0.0,74.5
S2143,2,MECH,8.59,77.6,0.0,66.5
S2756,4,CIVIL,,75.5,0.0,68.1
S2651,1,CSE,9.36,94.3,0.0,88.1
S1351,5,CSE,8.25,77.5,0.0,71.6
S2445,4,CSE,8.6,79.5,0.0,72.7
S2190,5,IT,8.29,84.3,0.0,75.7
S2528,3,INFORMATION TECH,7.36,71.6,1.0,64.6
S2140,5,COMP SCI,8.03,74.7,0.0,66.6
S1581,5,CSE,8.31,71.8,0.0,66.2
S2781,3,CSE,7.8,72.5,1.0,63.6
S2037,1,CE,9.01,83.6,0.0,72.8
S2127,4,IT,9.09,94.0,0.0,89.2
S2647,4,IT,8.27,83.7,1.0,79.3
S2642,6,CIVIL,8.01,78.8,0.0,73.6
S2104,5,CSE,9.21,95.1,0.0,87.8
S1271,2,ME,8.42,87.0,1.0,81.5
S2771,4,MECH,8.2,73.8,0.0,67.5
S2761,1,CIVIL,8.74,82.2,0.0,73.6
S2434,5,MECH,7.06,64.5,4.0,60.5
S2630,1,CIVIL,7.78,76.9,1.0,69.8
S1183,5,MECHANICAL ENGINEERING,7.29,73.7,0.0,67.4
S2209,5,IT,7.11,70.1,1.0,57.8
S2779,4,MECH,9.26,87.3,0.0,76.1
S1411,4,IT DEPT,8.07,72.8,1.0,65.1
S2391,6,IT,10.0,93.8,0.0,82.8
S1299,1,CIVIL,8.99,87.9,0.0,79.3
S2581,6,CSE,9.0,84.0,0.0,75.7
S2347,2,CIVIL,9.12,81.4,0.0,73.0
S2269,6,CIVIL,9.21,90.1,0.0,77.0
S1033,1,COMP SCI,8.49,75.3,0.0,70.3
S1137,5,CSE,7.24,70.5,1.0,65.0
S2125,4,MECH,8.53,82.1,1.0,70.0
S2294,2,ECE,8.69,80.5,0.0,68.6
S2095,3,MECH,7.16,68.5,1.0,64.8
S1448,6,IT DEPT,7.72,73.5,1.0,71.7
S2443,2,IT,7.9,68.1,0.0,66.0
S2225,2,IT,8.59,82.9,0.0,85.4
S1435,4,ME,8.6,90.4,0.0,79.4
S2344,5,CSE,9.51,89.7,0.0,76.6
S1040,5,ECE,8.26,76.5,0.0,72.0
S2070,2,ECE,7.27,63.4,2.0,57.7
S1497,2,CSE,9.33,90.8,0.0,79.6
S2601,4,ECE,9.36,89.4,0.0,83.1
S1158,4,CS,8.27,83.6,1.0,77.4
S2215,2,IT,9.27,85.1,0.0,77.2
S2373,3,CSE,7.78,78.5,1.0,74.0
S2487,6,CIVIL,8.36,80.5,0.0,75.1
S2135,1,COMP SCI,8.85,83.1,0.0,77.9
S1593,1,ECE,8.21,76.9,0.0,73.1
S2669,5,CSE,8.17,76.8,0.0,68.6
S1561,1,IT,8.07,79.0,1.0,69.8
S2289,5,MECHANICAL ENGINEERING,7.64,73.4,0.0,64.7
S1402,5,MECH,7.03,66.9,1.0,66.4
S2533,3,CIVIL,8.01,70.5,2.0,67.0
S2064,5,CSE,9.08,84.0,1.0,77.4
S1025,3,CSE,8.67,80.3,0.0,76.9
S2244,2,IT,8.51,81.5,1.0,71.5
S1383,3,MECH,8.24,85.7,0.0,80.7
S2535,2,ME,7.15,64.8,1.0,57.5
S2002,6,MECH,7.88,83.1,1.0,76.8
S1290,3,CSE,8.37,74.2,0.0,67.0
S2370,5,COMP SCI,8.27,81.4,0.0,67.8
S1020,1,INFORMATION TECH,8.36,79.7,0.0,74.3
S2619,2,CSE,8.18,72.1,0.0,64.8
S2117,6,INFORMATION TECH,8.55,79.1,0.0,67.7
S1084,1,CIVIL,8.9,77.4,0.0,72.5
S1121,1,ECE,8.74,87.7,1.0,80.9
S1515,6,CSE,6.42,60.5,1.0,58.5
S2316,4,IT,9.44,84.2,0.0,75.9
S2325,6,MECH,8.13,75.1,0.0,67.4
S1100,3,ECE,8.58,76.6,0.0,69.9
S2683,5,INFORMATION TECH,8.74,85.7,1.0,80.6
S2174,1,IT DEPT,8.95,86.7,1.0,80.6
S1275,4,ELECTRONICS & COMM,8.73,87.6,0.0,76.0
S2279,2,MECH,8.16,83.2,0.0,70.8
S1451,1,CE,8.89,87.8,0.0,78.0
S2340,1,MECH,9.53,86.6,0.0,76.1
S1284,3,CIVIL,7.39,71.6,0.0,65.8
S2641,4,CSE,8.48,79.5,0.0,70.6
S2315,6,CIVIL,7.43,67.6,1.0,62.1
S2152,1,ME,8.73,82.9,0.0,70.5
S1287,4,IT,8.22,74.2,0.0,67.4
S1015,3,CSE,8.26,81.4,1.0,71.9
S1385,5,ECE,7.18,73.2,0.0,70.3
S1447,2,CS,7.81,74.2,0.0,62.7
S2442,2,CIVIL,9.07,89.1,0.0,78.8
S2379,4,CIVIL,8.99,86.9,0.0,79.3
S1433,3,CSE,8.61,85.0,0.0,80.8
S2766,4,MECH,8.51,87.3,2.0,75.0
S1172,4,MECH,9.12,92.2,0.0,77.4
S1023,5,CSE,7.45,73.8,0.0,63.1
S2475,6,CSE,,90.0,2.0,84.3
S2423,4,ECE,9.2,87.0,0.0,82.1
S2616,3,CIVIL ENGINEERING,8.0,76.8,0.0,67.3
S1201,1,MECHANICAL ENGINEERING,7.15,72.5,1.0,64.4
S2785,2,ECE,8.86,86.0,1.0,77.0
S2390,3,INFO TECH,9.12,91.3,0.0,83.3
S1095,3,IT DEPT,6.91,65.6,1.0,58.1
S2321,3,MECH,8.89,86.0,1.0,79.8
S2055,4,CIVIL,9.01,83.0,1.0,69.8
S2168,5,ECE,8.2,80.5,0.0,75.0
S2702,4,CSE,8.34,85.7,0.0,69.9
S2133,6,IT,8.88,90.6,0.0,82.9
S2234,2,MECH,7.57,68.4,0.0,63.8
S2228,4,CSE,5.94,48.9,0.0,38.3
S2457,1,IT DEPT,7.77,71.7,1.0,60.8
S1389,3,CIVIL,8.58,82.9,0.0,74.2
S1586,6,CSE,9.27,95.3,0.0,84.8
S1365,4,COMP SCI,8.34,75.5,0.0,63.2
S1033,4,CSE,8.47,76.9,0.0,60.4
S2119,6,CIVIL,9.18,87.4,0.0,79.8
S1134,5,MECH,8.58,78.6,1.0,74.1
S2209,1,IT DEPT,7.57,63.5,0.0,60.0
S2399,4,MECH,8.63,83.3,0.0,74.3
S1345,5,IT,7.19,71.3,1.0,67.1
S2133,2,IT,8.92,84.3,0.0,77.1
S2669,2,CS,8.37,77.9,0.0,63.9
S2762,4,MECHANICAL ENGINEERING,8.26,79.7,0.0,72.4
S2474,1,CIVIL ENGINEERING,8.94,83.0,0.0,71.1
S1021,1,MECHANICAL ENGINEERING,6.87,64.4,2.0,55.1
S1497,6,CSE,8.72,86.1,1.0,78.3
S1513,3,IT,7.69,71.4,0.0,61.3
S2793,4,CSE,8.1,71.8,0.0,66.2
S2745,1,ECE DEPT,8.83,84.9,0.0,73.5
S1356,6,ECE,7.22,68.4,2.0,58.7
S2186,6,CIVIL,9.32,81.7,0.0,68.5
S1023,3,CSE,7.46,76.0,0.0,60.0
S1427,4,CIVIL,7.88,83.1,1.0,73.4
S1011,3,CIVIL,7.66,77.7,3.0,67.7
S2740,4,CIVIL,8.79,79.0,0.0,69.4
S2716,6,IT,9.69,89.7,0.0,78.5
S1412,2,CSE,7.93,75.0,1.0,71.2
S1342,3,IT,8.88,86.5,0.0,80.6
S1124,4,IT,8.39,74.6,0.0,68.7
S2007,6,CSE,8.82,81.5,0.0,72.9
S2553,2,IT DEPT,7.2,72.0,1.0,64.6
S2428,6,ECE,8.42,78.4,0.0,68.9
S1544,1,CIVIL,9.19,90.6,0.0,77.4
S1313,2,CS,8.5,80.9,0.0,74.8
S1433,5,CSE,8.35,83.1,0.0,78.6
S1287,2,INFORMATION TECH,8.34,80.6,0.0,71.9
S2677,3,CIVIL ENGINEERING,8.97,82.0,0.0,73.7
S1474,6,ECE,7.89,72.4,1.0,59.7
S2693,4,IT,8.2,73.6,1.0,64.2
S2719,5,MECH,7.58,77.1,1.0,71.8
S2430,1,ME,8.03,78.2,2.0,68.9
S1082,4,ECE,8.04,81.4,1.0,76.0
S1083,2,MECH,9.0,86.6,0.0,77.8
S1116,1,IT DEPT,7.6,79.8,0.0,71.9
S2037,6,CE,8.21,72.9,0.0,68.7
S1101,3,ME,7.89,76.4,1.0,64.5
S1319,4,ME,8.84,85.2,1.0,81.7
S2729,3,IT,9.67,96.5,0.0,88.6
S2337,5,MECH,7.09,61.6,1.0,51.4
S2495,3,COMP SCI,6.8,66.6,0.0,58.8
S2131,3,IT,7.53,75.2,0.0,70.0
S2027,2,ECE,8.68,87.2,1.0,82.1
S1395,3,IT,7.44,77.0,0.0,64.9
S2274,5,CE,8.98,85.5,0.0,78.6
S2757,1,COMP SCI,8.9,89.6,1.0,79.6
S1227,6,CSE,9.27,87.2,0.0,77.7
S1255,3,COMP SCI,8.49,74.1,0.0,65.1
S2477,5,ECE,8.64,81.1,0.0,69.6
S2172,1,CSE,7.93,78.8,0.0,70.9
S1223,6,MECH,6.99,68.7,1.0,61.0
S2051,2,IT,7.47,73.4,0.0,63.1
S1502,5,IT,8.23,82.8,0.0,77.0
S2611,4,IT,8.2,78.6,0.0,69.2
S1376,1,MECH,8.31,83.1,0.0,73.0
S1392,1,MECHANICAL ENGINEERING,9.15,86.7,0.0,72.0
S2737,4,ECE,8.74,80.6,0.0,69.5
S1465,1,COMP SCI,8.84,87.3,0.0,76.9
S2248,1,ME,8.14,75.2,0.0,70.2
S1026,1,CSE,8.59,81.6,1.0,72.3
S1468,3,ECE DEPT,9.06,86.6,1.0,79.2
S2256,2,IT,7.85,75.6,0.0,68.9
S1348,5,IT,9.36,92.2,0.0,86.9
S2026,2,MECH,9.21,91.5,1.0,85.1
S1377,4,IT,8.44,85.6,0.0,81.6
S2070,4,ECE,7.3,69.9,2.0,66.6
S2205,2,CIVIL,7.98,80.3,1.0,74.4
S2169,1,CIVIL ENGINEERING,7.83,71.6,0.0,65.1
S2595,5,CSE,,79.3,0.0,71.0
S2416,2,IT,9.63,89.9,0.0,83.6
S2043,5,ECE,7.64,63.1,2.0,51.2
S1144,2,IT,7.48,75.7,0.0,68.0
S2362,1,ECE,6.35,58.9,0.0,55.2
S2423,3,ECE DEPT,8.99,85.6,0.0,75.4
S2437,1,ELECTRONICS & COMM,8.7,86.2,0.0,83.9
S2538,4,CIVIL,6.39,56.0,0.0,50.7
S2546,3,CIVIL,7.26,69.7,0.0,62.0
S2482,6,ECE,8.2,82.8,1.0,78.2
S1297,4,IT,,69.1,0.0,66.0
S2557,5,CE,8.25,82.3,0.0,72.5
S2205,6,CIVIL,7.35,76.2,1.0,68.8
S1304,1,IT DEPT,8.94,75.7,0.0,70.2
S2446,4,ECE,9.28,86.5,0.0,76.8
S1451,5,CE,9.16,89.4,0.0,81.4
S1030,2,CSE,9.53,99.1,0.0,86.1
S1349,6,IT,8.64,78.5,0.0,65.7
S2521,1,IT DEPT,8.76,81.6,0.0,75.6
S1582,6,CS,8.75,81.8,1.0,73.4
S2796,3,INFORMATION TECH,8.46,77.2,0.0,65.0
S1014,5,CIVIL,7.8,78.3,0.0,70.2
S1137,1,COMP SCI,7.12,62.2,1.0,58.5
S2510,6,MECH,7.97,79.4,0.0,71.6
S2265,1,CS,9.3,86.1,0.0,77.8
S1048,2,MECH,6.73,66.3,1.0,59.7
S2610,6,ECE,7.84,77.6,0.0,69.8
S2347,1,CE,8.98,91.7,0.0,79.2
S2630,2,CIVIL,7.88,76.5,1.0,68.2
S1486,6,CIVIL ENGINEERING,8.24,82.7,0.0,68.8
S1303,2,ECE DEPT,8.66,79.6,1.0,68.3
S1212,6,MECH,6.35,60.0,0.0,48.9
S2361,4,CIVIL,7.9,70.0,1.0,61.1
S2796,5,IT,8.6,75.5,0.0,68.8
S2548,4,CIVIL,7.85,75.2,0.0,66.7
S2331,4,CSE,9.06,82.6,1.0,76.9
S1441,3,ECE,8.41,81.9,0.0,72.7
S2231,2,ME,8.6,82.3,1.0,78.9
S1385,2,ECE,7.18,70.6,0.0,63.3
S2224,5,CIVIL,8.23,77.9,0.0,67.9
S2100,2,MECH,8.23,71.1,0.0,64.1
S2095,5,MECH,7.15,69.5,1.0,62.6
S2042,4,INFO TECH,6.9,65.5,1.0,56.9
S2490,6,ELECTRONICS & COMM,8.72,81.6,2.0,73.3
S2685,6,ME,8.91,79.3,0.0,70.5
S1403,3,CIVIL,8.72,84.1,0.0,73.7
S1593,3,ECE,7.93,72.1,0.0,65.0
S1366,6,MECHANICAL ENGINEERING,8.07,83.1,0.0,76.9
S1434,3,MECH,8.92,87.9,0.0,80.0
S2481,6,CSE,8.21,76.0,0.0,67.5
S2120,1,COMP SCI,9.32,91.0,0.0,83.8
S1562,1,ME,8.45,81.0,0.0,73.3
S2482,1,ECE,7.9,71.1,1.0,64.6
S2235,4,ECE,8.67,80.0,0.0,71.3
S1439,6,CSE,8.33,74.5,1.0,70.3
S2435,6,MECH,8.01,71.7,1.0,64.4
S1406,5,ECE,6.94,63.4,1.0,59.9
S2457,2,IT DEPT,7.77,75.3,1.0,67.9
S2685,5,MECH,8.96,87.5,0.0,81.9
S2662,1,MECH,7.56,78.9,0.0,71.5
S1591,6,MECH,7.8,76.7,1.0,70.6
S2156,5,CSE,9.67,92.1,0.0,77.4
S2606,6,ECE,7.86,77.9,0.0,78.3
S1087,2,CSE,7.96,78.4,0.0,70.8
S2256,4,IT,7.92,76.2,0.0,67.2
S2272,1,MECH,8.16,80.5,0.0,67.8
S1236,6,CE,8.23,78.9,1.0,69.6
S2630,3,CIVIL,7.75,75.7,1.0,67.8
S1022,2,CIVIL,9.88,98.1,0.0,89.5
S1580,1,IT,8.03,77.6,1.0,67.8
S2408,4,CSE,8.93,84.8,0.0,74.3
S2119,3,CIVIL,,92.4,0.0,85.1
S1407,3,ECE,,90.5,0.0,81.1
S2028,4,CSE,8.16,71.7,0.0,60.0
S2718,6,CSE,8.77,84.6,0.0,72.7
S2217,3,CSE,9.14,87.2,0.0,75.8
S1246,4,COMP SCI,8.62,86.8,0.0,78.7
S2752,1,CIVIL,8.77,79.4,0.0,71.6
S1594,3,IT,9.21,86.5,0.0,77.5
S2059,4,ME,8.31,76.0,0.0,72.2
S1009,2,ECE,7.65,72.9,1.0,67.6
S2549,1,CIVIL,9.22,88.9,1.0,82.4
S1148,6,CIVIL,9.57,87.1,0.0,75.4
S1437,1,CIVIL,8.65,79.9,1.0,73.5
S1087,1,CS,7.9,74.7,0.0,69.2
S1529,1,COMP SCI,7.97,81.8,1.0,73.0
S1492,4,IT,7.64,71.6,2.0,62.3
S1238,3,CSE,8.59,77.2,1.0,64.1
S1024,2,IT,8.13,72.0,0.0,58.1
S1321,5,CSE,7.45,67.0,0.0,60.0
S1397,3,IT,8.56,73.5,0.0,64.4
S1533,6,CIVIL,8.82,80.8,0.0,75.1
S1019,5,COMP SCI,7.94,70.2,0.0,62.2
S1542,5,CIVIL,8.39,80.8,0.0,68.7
S2709,6,CE,8.82,87.4,1.0,77.3
S2757,5,CSE,8.21,79.8,2.0,76.7
S2368,3,CIVIL,9.13,84.0,0.0,79.2
S1547,2,MECH,9.86,88.5,1.0,79.6
S2475,5,CS,8.68,86.0,2.0,77.5
S2583,5,CIVIL,7.68,70.3,0.0,63.7
S2643,2,CIVIL,7.56,71.7,0.0,68.4
S2544,5,CIVIL,6.72,63.3,3.0,55.2
S2335,2,CSE,9.08,93.4,1.0,84.4
S1538,1,MECH,8.79,84.9,0.0,79.5
S2441,1,IT,7.04,68.7,1.0,61.1
S1076,2,CSE,8.35,76.3,0.0,65.7
S2022,6,IT,8.5,77.0,1.0,72.5
S2645,2,INFORMATION TECH,7.67,73.8,0.0,69.3
S2606,5,ECE,7.97,72.6,0.0,65.9
S1461,4,MECH,8.24,84.9,0.0,76.8
S1110,5,COMP SCI,6.83,62.3,2.0,56.6
S2372,6,MECH,8.7,81.2,0.0,69.0
S1167,4,IT,6.69,66.7,1.0,62.5
S1065,6,IT,7.85,74.2,0.0,67.3
S1568,6,MECH,8.4,83.4,0.0,74.0
S1247,1,CIVIL,8.44,77.7,0.0,73.1
S1374,3,CIVIL,7.38,63.1,1.0,59.7
S1398,5,CSE,8.46,86.7,2.0,81.4
S2685,2,ME,9.03,87.3,0.0,83.6
S2054,5,CSE,,67.0,0.0,65.5
S1565,3,ECE DEPT,7.66,72.5,0.0,67.0
S1216,4,CSE,8.61,76.4,0.0,69.4
S2758,6,CIVIL,8.34,78.5,0.0,71.9
S1479,6,ECE,6.46,64.4,1.0,64.2
S2096,4,CSE,6.94,68.4,1.0,59.9
S1423,4,MECH,8.69,82.2,0.0,69.0
S2694,3,CIVIL,7.5,67.1,0.0,56.6
S1318,6,INFO TECH,8.7,77.7,0.0,68.2
S2465,3,IT,9.72,95.4,1.0,84.7
S1062,3,COMP SCI,8.96,81.9,0.0,77.1
S1192,6,CIVIL,9.29,87.1,0.0,84.4
S2403,6,CSE,8.48,82.9,2.0,70.6
S2772,3,IT DEPT,9.18,87.6,0.0,78.8
S2280,1,CIVIL ENGINEERING,8.87,87.2,0.0,78.6
S2654,1,IT DEPT,6.78,59.7,3.0,55.2
S2352,4,IT,9.07,93.4,0.0,86.1
S2094,3,ECE,7.99,67.6,0.0,71.4
S2115,4,INFORMATION TECH,8.73,76.7,0.0,66.9
S2384,6,COMP SCI,7.48,73.4,0.0,68.2
S2253,1,CSE,7.82,73.4,0.0,70.7
S1030,1,CSE,9.47,88.5,0.0,70.4
S1318,2,IT,8.7,86.9,0.0,80.2
S1184,2,ECE,8.74,78.5,0.0,66.6
S2689,2,ECE,9.53,88.1,0.0,77.3
S1569,1,INFORMATION TECH,9.27,90.9,2.0,82.0
S1257,3,ME,9.14,83.2,1.0,75.6
S1383,1,ME,,81.9,0.0,70.8
S2741,3,CIVIL,8.47,81.4,0.0,73.9
S1228,2,ECE DEPT,9.55,86.6,0.0,81.7
S2286,3,CIVIL,9.13,87.6,0.0,74.9
S2477,4,ECE,8.64,78.6,0.0,67.7
S2486,2,CIVIL,8.77,83.3,0.0,75.2
S1114,3,CIVIL,9.62,81.0,0.0,72.9
S2369,2,IT DEPT,6.0,51.6,1.0,50.0
S2011,5,ME,9.43,83.1,0.0,78.0
S1277,6,CIVIL ENGINEERING,9.64,93.7,2.0,87.3
S1085,5,CSE,9.19,83.3,1.0,73.3
S1028,5,CIVIL,8.93,84.2,1.0,75.1
S2463,6,MECH,8.14,79.5,0.0,71.3
S1168,5,CIVIL,9.76,90.5,0.0,79.6
S2478,4,MECH,8.43,78.5,0.0,66.5
S2442,4,CIVIL,9.39,97.6,0.0,89.6
S1583,3,ME,8.16,76.9,0.0,67.3
S2525,3,ME,8.12,79.8,1.0,76.7
S1423,5,MECH,8.76,94.9,0.0,84.3
S1185,1,CIVIL ENGINEERING,8.68,81.6,1.0,73.4
S2046,6,INFORMATION TECH,9.5,81.6,0.0,74.1
S2352,2,IT,9.12,89.9,0.0,80.4
S1293,1,CIVIL,9.82,97.8,0.0,91.7
S2285,1,IT,7.56,73.2,3.0,63.3
S1487,1,INFO TECH,9.27,90.1,0.0,79.7
S2419,3,CIVIL,7.29,76.0,0.0,63.2
S1026,3,CSE,8.75,77.3,1.0,69.9
S2052,2,ME,7.21,63.6,0.0,59.7
S2695,4,CE,6.6,57.4,2.0,48.1
S1426,3,COMP SCI,8.51,84.2,0.0,73.5
S1463,2,CIVIL,9.69,89.5,0.0,82.7
S2174,4,IT DEPT,8.52,72.5,1.0,61.2
S1592,6,IT,6.8,55.3,0.0,50.2
S2021,3,CSE,7.32,73.8,1.0,67.5
S2534,1,COMP SCI,9.16,85.7,0.0,75.7
S2522,1,INFORMATION TECH,8.86,81.3,1.0,73.2
S2260,4,ECE,6.53,56.4,2.0,42.5
S2082,1,INFO TECH,7.36,68.5,0.0,60.7
S2556,1,ECE DEPT,7.72,71.4,0.0,66.4
S2589,3,CSE,7.07,71.6,0.0,66.1
S2497,4,ECE DEPT,5.22,42.4,1.0,37.0
S2791,6,MECH,9.21,87.8,0.0,76.2
S1052,4,INFO TECH,8.06,75.9,1.0,66.4
S2402,1,CE,7.66,77.4,0.0,70.8
S2327,1,INFORMATION TECH,8.46,83.6,1.0,76.6
S1600,6,CIVIL,8.98,82.8,0.0,72.1
S2004,5,CS,8.3,76.9,1.0,65.2
S2507,1,IT DEPT,7.0,63.7,1.0,55.0
S1576,1,INFO TECH,8.94,85.2,0.0,77.1
S1035,2,MECH,9.21,83.4,0.0,75.6
S1190,2,ME,8.09,74.7,1.0,65.1
S1459,2,CIVIL,,68.5,1.0,65.0
S2003,2,MECHANICAL ENGINEERING,8.38,79.3,0.0,76.1
S1051,6,IT DEPT,7.9,72.8,0.0,69.3
S1309,2,IT,9.15,83.0,0.0,80.6
S2218,2,ECE,8.01,70.1,2.0,62.4
S1332,3,IT,9.2,86.4,0.0,79.4
S1541,1,ECE DEPT,8.6,77.9,0.0,72.9
S2153,4,CIVIL,7.8,83.3,0.0,74.9
S2465,5,IT,9.81,94.6,1.0,85.6
S1519,2,CIVIL,8.47,83.7,0.0,76.0
S2077,4,CSE,6.89,62.6,0.0,48.6
S1332,2,IT,9.55,94.1,0.0,84.9
S2644,3,CSE,8.75,75.9,0.0,68.2
S1064,6,ECE,7.89,78.2,1.0,69.4
S2118,6,CSE,9.41,94.7,0.0,87.3
S1565,5,ECE DEPT,7.84,75.1,0.0,59.8
S2636,5,CIVIL,9.74,91.2,0.0,81.4
S1455,4,ECE,7.48,64.5,0.0,57.5
S2205,5,CIVIL,7.36,73.4,1.0,64.3
S2197,6,CS,8.99,86.0,0.0,75.9
S2697,1,CE,9.4,82.3,0.0,75.7
S2166,4,MECH,8.88,88.7,0.0,80.9
S2039,5,MECH,9.1,91.3,0.0,83.7
S2580,2,ECE,9.38,93.8,1.0,90.3
S2113,5,CSE,8.66,82.5,0.0,74.8
S1043,2,MECH,8.23,78.1,0.0,68.8
S2795,6,CIVIL,9.0,86.3,0.0,72.1
S2324,1,CIVIL ENGINEERING,6.82,64.3,0.0,54.8
S1047,3,MECH,8.91,82.0,0.0,75.5
S1543,1,INFO TECH,8.95,83.6,0.0,76.7
S1414,3,IT,8.02,78.2,1.0,65.9
S1049,2,ECE,9.49,96.4,0.0,88.0
S2172,5,CSE,7.91,70.8,0.0,63.5
S1513,4,IT,7.77,78.2,0.0,71.2
S2424,3,ECE,7.48,75.8,2.0,67.9
S2362,6,ECE,6.54,58.7,0.0,51.5
S2575,5,CSE,7.58,73.8,0.0,62.7
S2546,5,CIVIL,6.81,62.7,1.0,56.8
S2177,5,ME,8.13,70.6,1.0,61.2
S2382,3,IT,8.06,76.9,1.0,69.0
S1046,1,ECE,8.76,79.4,0.0,70.8
S2162,5,CIVIL,7.25,68.3,1.0,59.4
S2396,3,CSE,8.57,73.3,0.0,65.9
S2412,3,IT,9.53,87.2,0.0,83.2
S2655,6,CIVIL,7.81,73.0,0.0,66.4
S2102,2,CSE,8.74,87.4,1.0,75.5
S1537,3,ECE,7.09,65.8,1.0,62.4
S1232,6,ECE,8.06,78.0,1.0,64.3
S2063,4,IT,9.42,93.7,0.0,84.6
S2120,3,CSE,9.2,88.6,0.0,78.8
S2250,4,IT DEPT,7.93,73.9,1.0,70.3
S2342,5,IT,9.33,89.6,3.0,77.7
S1014,6,CIVIL,7.54,77.6,0.0,74.6
S1146,4,INFORMATION TECH,9.18,83.3,1.0,80.8
S2798,2,CSE,8.55,91.4,1.0,84.8
S2367,5,CIVIL,8.69,73.6,0.0,65.6
S2160,4,IT,8.49,88.8,2.0,85.3
S2151,1,CE,9.32,83.2,1.0,74.4
S2694,4,CIVIL,7.26,68.2,0.0,61.8
S2277,4,CIVIL,7.39,66.3,0.0,57.8
S1409,3,CIVIL,8.53,83.5,0.0,76.4
S2060,1,IT,9.32,91.0,0.0,80.2
S1389,2,CIVIL,8.67,81.0,0.0,69.7
S2692,2,CIVIL,8.7,83.9,0.0,79.5
S2294,3,ECE,8.75,85.9,0.0,75.7
S1541,4,ECE DEPT,8.62,78.0,0.0,71.9
S2499,2,CSE,7.32,68.7,0.0,65.5
S2242,5,CIVIL,9.31,85.8,0.0,76.1
S2208,4,MECH,7.18,68.8,0.0,60.2
S2616,2,CIVIL ENGINEERING,8.07,79.9,0.0,73.1
S1203,5,IT,9.14,84.1,1.0,78.3
S2577,5,CSE,9.34,84.3,0.0,78.3
S2272,2,MECH,8.08,81.8,0.0,72.9
S1178,3,CSE,6.13,51.1,1.0,51.9
S2032,1,ECE DEPT,8.5,83.4,1.0,73.9
S2136,1,INFORMATION TECH,8.88,82.2,0.0,72.6
S2258,3,CSE,8.0,81.4,0.0,73.2
S2612,6,IT,8.58,73.0,0.0,69.7
S2647,1,INFO TECH,8.72,75.2,1.0,74.1
S1502,3,INFORMATION TECH,8.13,83.9,0.0,76.5
S1185,2,CIVIL,8.78,82.9,1.0,73.0
S2245,1,IT DEPT,8.36,74.4,0.0,64.9
S2536,3,CIVIL ENGINEERING,7.98,72.7,0.0,63.2
S2351,1,CS,8.14,78.6,0.0,70.6
S2237,4,CSE,7.37,69.0,0.0,59.5
S2129,2,CIVIL,8.46,82.6,0.0,77.8
S1461,6,MECH,8.38,80.6,0.0,68.5
S2055,6,CIVIL,8.61,82.3,1.0,72.9
S2522,3,INFORMATION TECH,8.59,86.4,1.0,76.6
S2588,1,CSE,8.73,85.8,0.0,72.8
S2353,1,CIVIL ENGINEERING,8.27,77.8,0.0,71.9
S2213,1,CIVIL,7.98,75.0,0.0,71.9
S2600,6,IT,9.46,91.7,3.0,82.5
S1409,4,CIVIL,8.32,73.6,0.0,70.0
S2192,5,CIVIL,8.53,81.2,0.0,74.4
S2647,3,IT,8.44,85.7,1.0,78.8
S2038,3,MECH,7.21,69.4,2.0,61.2
S2652,1,MECHANICAL ENGINEERING,8.6,83.9,1.0,77.5
S2688,1,CE,8.42,82.5,0.0,71.0
S2024,6,ME,7.38,70.0,0.0,64.7
S1363,5,ECE,8.2,75.7,1.0,64.0
S2787,3,CSE,9.02,86.5,0.0,76.4
S1554,1,IT DEPT,6.84,63.0,3.0,61.5
S2407,1,MECH,7.89,78.2,0.0,78.2
S1465,4,COMP SCI,8.3,76.9,0.0,67.6
S2085,2,CSE,7.56,70.7,1.0,61.6
S2777,3,CIVIL,8.96,85.3,1.0,83.5
S1280,3,MECH,8.67,78.4,0.0,69.8
S2058,6,IT,8.19,79.1,1.0,72.9
S2536,6,CIVIL ENGINEERING,7.47,70.6,0.0,65.4
S2527,5,CIVIL,8.58,87.5,0.0,79.3
S2545,1,ECE,8.69,87.6,1.0,79.3
S2461,3,ECE,9.16,83.4,0.0,77.9
S2768,4,ECE,9.49,88.9,0.0,80.7
S1418,2,CIVIL ENGINEERING,8.49,86.4,0.0,75.8
S2514,6,CIVIL,8.95,82.7,2.0,77.9
S1395,6,INFO TECH,7.42,68.6,0.0,68.6
S1370,4,ECE,9.2,84.8,0.0,78.7
S1370,5,ECE,9.1,84.7,0.0,73.4
S1555,3,MECH,9.6,91.4,0.0,80.9
S2254,6,CSE,7.67,70.9,0.0,60.4
S1598,2,CIVIL,8.06,78.2,0.0,74.4
S2608,5,ECE,8.7,83.3,0.0,73.0
S2436,6,CSE,9.05,89.0,0.0,79.4
S2217,1,CS,9.05,88.7,0.0,79.9
S2640,1,ME,9.29,89.9,0.0,76.8
S1015,2,CSE,8.15,74.1,1.0,67.2
S1467,6,CSE,9.33,83.3,0.0,78.5
S2012,6,ME,9.6,92.1,0.0,83.0
S2012,2,MECH,9.5,86.6,0.0,80.7
S2582,6,IT,7.82,79.5,0.0,70.9
S2166,1,MECH,8.95,81.3,0.0,73.7
S1337,4,ECE,6.42,65.7,0.0,60.1
S2546,6,CIVIL,6.91,64.3,0.0,60.0
S1421,6,MECH,7.7,78.1,2.0,68.8
S2703,1,CIVIL ENGINEERING,8.97,86.2,0.0,77.6
S2191,3,MECH,9.1,86.7,0.0,76.2
S2591,5,ECE,8.02,71.0,1.0,60.9
S2538,2,CIVIL,6.28,56.0,0.0,50.0
S2258,5,CSE,7.69,67.2,0.0,59.5
S1483,4,ECE,8.53,81.1,1.0,77.3
S2589,6,CSE,7.28,68.2,0.0,58.5
S2746,3,CSE,7.46,74.1,0.0,65.7
S1571,6,CSE,7.21,66.6,0.0,61.9
S2280,4,CIVIL,8.95,84.5,0.0,82.1
S2242,3,CIVIL,9.3,87.2,0.0,78.5
S2731,5,COMP SCI,9.55,88.6,0.0,80.5
S1334,4,MECH,8.47,78.5,0.0,69.5
S2552,3,ECE,8.39,82.4,1.0,78.1
S1145,6,IT,9.28,89.5,0.0,77.4
S1060,3,ELECTRONICS & COMM,9.22,96.1,0.0,88.7
S2435,4,ME,8.39,74.7,1.0,67.8
S2375,6,ECE,7.39,74.9,2.0,64.7
S1213,4,CSE,8.82,81.7,0.0,71.3
S1316,1,ECE,7.8,75.0,3.0,67.5
S2739,1,IT,8.98,83.5,0.0,78.3
S2233,5,CSE,7.39,66.9,1.0,56.4
S2710,1,CSE,9.9,91.8,0.0,78.1
S1594,6,INFORMATION TECH,9.01,87.3,0.0,83.0
S2448,1,ME,9.23,78.4,0.0,66.2
S1397,5,IT,8.45,74.7,0.0,65.5
S2777,5,CIVIL,8.79,85.9,1.0,78.7
S2476,1,ELECTRONICS & COMM,8.46,81.3,0.0,78.0
S2490,4,ELECTRONICS & COMM,8.84,79.2,2.0,67.6
S1552,1,IT,8.33,79.4,0.0,75.5
S2593,6,CIVIL ENGINEERING,8.61,87.6,2.0,83.2
S1584,2,CSE,9.14,84.5,0.0,75.0
S2246,3,MECH,9.27,84.1,0.0,74.4
S1187,1,CIVIL,8.53,82.9,1.0,77.5
S2753,2,CSE,8.09,72.6,0.0,63.5
S2697,4,CIVIL,9.43,88.3,0.0,73.8
S2445,1,COMP SCI,8.32,77.2,0.0,68.7
S2408,2,CSE,8.75,80.2,0.0,76.8
S2008,4,MECHANICAL ENGINEERING,8.46,83.7,1.0,71.8
S1417,5,IT,8.32,79.4,0.0,72.2
S2226,1,MECH,8.89,84.0,0.0,79.1
S1464,6,CSE,9.23,85.7,1.0,73.6
S2035,6,ECE,8.66,81.6,0.0,74.5
S2240,4,IT,9.13,83.3,0.0,73.6
S2389,6,MECH,8.02,82.7,1.0,77.4
S2310,1,CIVIL ENGINEERING,7.57,68.6,0.0,51.4
S1343,1,INFORMATION TECH,8.22,71.8,0.0,57.1
S1297,1,IT,8.11,74.2,0.0,62.2
S2232,3,ELECTRONICS & COMM,,77.2,0.0,74.6
S1553,2,IT,9.06,83.2,0.0,76.8
S2509,5,CIVIL,6.99,65.5,0.0,60.6
S2260,6,ECE,6.38,65.5,2.0,63.1
S1266,3,IT,8.11,75.0,0.0,67.5
S1288,2,IT,8.41,84.3,0.0,82.0
S2606,4,ECE,8.08,75.9,0.0,70.7
S2703,2,CIVIL,8.9,81.4,0.0,73.5
S2452,1,ME,7.98,77.2,0.0,65.1
S1082,5,ECE,8.23,79.2,1.0,71.4
S2695,2,CIVIL,6.77,57.9,2.0,50.8
S1581,4,CSE,8.28,77.7,0.0,68.1
S1572,6,ECE,7.11,72.1,1.0,64.6
S2199,6,ELECTRONICS & COMM,9.44,92.0,0.0,84.8
S1005,2,CIVIL,8.45,79.5,0.0,70.8
S1586,3,CSE,9.48,90.5,0.0,84.1
S1402,4,MECH,6.88,63.2,1.0,56.6
S1546,1,MECHANICAL ENGINEERING,7.92,74.2,1.0,58.7
S1259,5,IT,7.74,80.2,0.0,78.0
S2715,4,CSE,7.44,70.1,1.0,65.9
S2554,2,MECH,9.56,91.0,0.0,78.6
S2046,2,IT,9.2,87.5,0.0,79.4
S1568,1,ME,8.42,76.5,0.0,68.8
S2155,6,IT,7.75,69.1,0.0,64.0
S1164,2,ECE,8.79,80.0,0.0,76.2
S1443,4,CSE,7.49,70.6,0.0,66.0
S1308,6,ECE,7.55,70.1,0.0,63.4
S2764,3,CIVIL,9.11,91.5,0.0,82.0
S2716,5,IT,9.59,95.3,0.0,86.5
S2306,5,CIVIL,8.67,81.0,1.0,73.4
S2547,1,CS,8.88,88.2,0.0,78.8
S2482,2,ECE,7.81,73.7,1.0,63.2
S1184,5,ECE,8.61,79.5,0.0,73.5
S1547,1,ME,9.88,90.3,1.0,83.5
S2335,6,CSE,9.18,87.9,1.0,81.3
S2545,6,ECE,8.78,86.0,1.0,77.1
S2475,1,CS,8.48,79.0,2.0,70.5
S2067,1,ME,8.47,73.4,0.0,64.2
S1033,3,COMP SCI,8.39,86.4,0.0,84.2
S2762,1,MECHANICAL ENGINEERING,8.36,85.4,0.0,77.7
S1108,2,ECE,8.51,77.7,0.0,64.3
S1548,4,ME,8.91,87.2,0.0,78.7
S1520,3,INFORMATION TECH,7.94,76.3,0.0,67.3
S1596,6,ECE,8.86,87.1,0.0,74.0
S2663,2,CIVIL,7.97,81.3,0.0,72.7
S2121,1,ME,9.25,93.3,0.0,83.7
S1376,4,MECH,8.41,79.4,0.0,72.6
S1368,6,MECHANICAL ENGINEERING,7.67,68.9,1.0,62.3
S2159,5,CIVIL,8.98,80.7,1.0,70.5
S2327,3,INFORMATION TECH,7.98,75.3,1.0,67.0
S2020,5,CSE,8.52,81.0,1.0,68.6
S1163,1,COMP SCI,7.97,79.1,0.0,72.5
S2553,5,IT,7.37,71.6,1.0,59.0
S1120,6,IT,8.43,77.3,0.0,71.5
S2772,2,IT,9.32,89.1,0.0,75.1
S2050,3,ME,7.44,70.8,0.0,55.8
S1468,2,ECE,8.9,83.5,1.0,72.6
S1428,5,ECE,8.42,81.7,0.0,76.9
S2071,6,CSE,9.06,86.4,1.0,72.9
S1006,3,CIVIL,9.29,93.7,0.0,84.1
S2466,6,CIVIL,8.88,87.2,0.0,75.5
S2053,6,ECE DEPT,9.39,91.8,0.0,84.2
S2078,2,MECHANICAL ENGINEERING,7.42,69.6,1.0,62.4
S1283,6,ELECTRONICS & COMM,8.32,67.1,1.0,61.2
S1466,3,ELECTRONICS & COMM,8.29,83.3,3.0,75.3
S1371,3,CIVIL,9.07,82.8,0.0,78.0
S2028,3,COMP SCI,8.28,75.8,0.0,62.1
S2045,3,MECH,7.71,62.4,1.0,52.6
S2567,3,IT,9.09,87.3,0.0,78.9
S2640,6,MECH,9.37,86.7,0.0,74.8
S2413,5,IT,8.3,74.3,0.0,64.6
S2504,6,INFO TECH,8.92,86.0,0.0,83.5
S2430,5,ME,8.06,78.0,2.0,66.8
S1538,6,MECH,9.07,85.2,0.0,81.4
S2388,3,CSE,7.91,70.8,0.0,63.3
S2484,4,ECE,9.87,100.0,0.0,87.6
S2051,5,IT,7.27,65.2,1.0,58.8
S1380,4,MECH,8.89,87.1,0.0,78.2
S2729,4,IT,9.8,92.9,0.0,75.9
S1234,4,CSE,8.4,80.7,0.0,69.7
S1124,2,IT,8.19,67.8,0.0,63.3
S2112,1,INFORMATION TECH,8.45,81.0,0.0,69.1
S2345,2,MECH,9.36,86.5,1.0,74.4
S2042,6,IT,6.86,57.9,2.0,49.4
S2689,6,ECE,9.41,98.4,0.0,84.9
S2438,4,CIVIL,8.52,79.0,0.0,72.9
S2459,3,CIVIL ENGINEERING,9.74,90.4,0.0,82.9
S2269,3,CIVIL,9.08,88.2,0.0,77.0
S1113,3,MECH,7.79,75.6,1.0,67.3
S2597,6,ECE,9.81,85.7,0.0,73.8
S2209,4,IT,7.27,68.7,0.0,62.7
S2041,2,MECHANICAL ENGINEERING,8.28,84.1,0.0,78.2
S1303,4,ECE DEPT,8.78,81.7,1.0,70.5
S2474,4,CIVIL,8.91,83.7,0.0,76.8
S2098,4,CSE,7.87,67.3,0.0,65.5
S2716,4,INFORMATION TECH,9.69,90.4,0.0,85.0
S2176,4,ECE DEPT,8.3,81.1,0.0,69.9
S2326,6,ECE,8.53,80.9,1.0,72.8
S1351,1,CSE,8.32,84.1,0.0,74.3
S2697,3,CE,9.3,88.8,0.0,77.0
S1351,2,CSE,8.11,76.2,0.0,67.2
S2103,2,INFO TECH,7.21,63.6,1.0,56.5
S2657,3,COMP SCI,9.3,85.3,0.0,73.9
S1259,1,IT DEPT,7.65,73.6,0.0,68.3
S2385,3,IT,6.74,61.2,1.0,55.3
S1554,6,IT DEPT,7.11,71.8,3.0,66.6
S2320,2,CIVIL,7.42,71.2,2.0,63.3
S1060,2,ECE,9.05,86.6,0.0,78.1
S1244,4,MECH,9.14,86.6,0.0,75.1
S2765,3,IT,7.45,76.2,2.0,69.8
S1537,5,ECE,6.85,66.9,1.0,62.4
S2502,5,ECE,8.16,75.6,1.0,71.7
S2398,2,IT DEPT,8.54,76.7,0.0,73.7
S1292,6,ECE,9.15,93.6,0.0,84.3
S2413,3,IT,8.42,84.7,0.0,73.9
S2362,5,ECE,6.58,62.2,0.0,52.2
S1296,3,IT,9.2,87.2,0.0,77.0
S1200,3,CSE,8.15,73.0,1.0,64.8
S1314,1,ECE DEPT,7.66,67.4,2.0,64.3
S1445,5,INFO TECH,8.65,80.0,0.0,66.8
S1529,4,COMP SCI,8.05,81.5,1.0,71.4
S1337,1,ECE,6.44,68.3,0.0,62.1
S1335,2,IT,8.07,80.9,0.0,69.9
S2049,6,ME,7.51,73.7,1.0,65.4
S1540,4,IT,8.13,83.2,1.0,76.2
S2138,3,ECE,9.19,87.7,0.0,80.2
S2191,5,MECH,8.96,87.2,0.0,79.0
S1347,3,MECH,9.22,83.9,0.0,72.6
S1067,1,INFO TECH,8.77,88.1,0.0,75.0
S1465,5,COMP SCI,8.28,80.9,0.0,73.9
S2306,1,CIVIL,8.43,82.9,1.0,78.7
S2079,5,MECH,9.05,90.5,0.0,83.6
S2483,3,CIVIL,8.57,83.4,2.0,83.0
S2317,3,IT,8.08,72.1,0.0,68.4
S1254,2,MECH,8.82,86.4,0.0,79.1
S2614,5,MECH,6.74,64.5,3.0,60.3
S1230,5,MECH,7.85,71.0,1.0,63.4
S1171,4,MECH,7.7,75.7,1.0,68.9
S1432,2,CE,7.87,79.5,2.0,70.3
S2556,3,ECE,7.83,75.8,0.0,68.3
S1477,2,ECE,9.36,93.2,0.0,82.5
S2791,5,ME,9.02,86.0,0.0,78.8
S2307,6,INFORMATION TECH,8.45,74.1,1.0,64.5
S1272,4,IT,8.12,77.8,0.0,70.7
S2155,3,IT,7.63,64.6,0.0,55.5
S1588,2,MECH,8.46,86.0,0.0,76.4
S2385,5,IT,6.73,74.3,2.0,70.2
S2002,2,MECH,8.59,83.4,1.0,72.0
S2770,5,IT,7.2,64.7,2.0,57.9
S1040,1,ECE,8.84,85.4,0.0,77.0
S2382,4,INFO TECH,8.08,74.4,1.0,69.2
S2033,5,MECH,9.43,89.4,0.0,81.2
S2087,3,CIVIL,8.89,86.6,0.0,77.4
S2034,3,IT DEPT,9.42,91.3,1.0,83.3
S2355,5,INFORMATION TECH,8.54,84.4,1.0,77.1
S2536,1,CIVIL ENGINEERING,8.19,77.3,0.0,65.8
S1325,5,IT DEPT,9.17,87.4,0.0,80.4
S1079,3,CSE,7.84,76.1,0.0,65.6
S2356,4,CIVIL,9.61,99.0,0.0,87.0
S1583,1,ME,8.61,81.5,0.0,73.2
S1446,2,ME,8.03,73.7,1.0,68.2
S2682,6,MECH,9.14,87.5,0.0,77.5
S1371,5,CIVIL,9.02,80.5,0.0,69.5
S1185,3,CIVIL ENGINEERING,8.59,83.4,1.0,79.1
S2669,6,CSE,8.35,81.3,0.0,75.0
S1137,3,COMP SCI,7.01,62.1,1.0,57.7
S2154,6,ECE,9.26,89.7,0.0,85.2
S2600,5,IT DEPT,9.41,90.3,3.0,81.8
S2605,1,IT DEPT,8.68,77.7,0.0,65.9
S2300,3,CE,7.76,74.0,0.0,68.4
S2766,5,MECH,8.59,83.9,2.0,68.6
S1149,1,INFO TECH,9.75,91.4,0.0,82.3
S1407,2,ELECTRONICS & COMM,8.94,88.1,0.0,81.0
S1137,2,COMP SCI,6.81,63.5,1.0,55.1
S1570,1,CIVIL,8.93,89.3,0.0,78.4
S1391,2,CIVIL,8.11,75.1,1.0,71.5
S1528,6,INFO TECH,9.46,99.6,0.0,86.5
S2540,2,ECE,9.37,82.9,0.0,80.1
S2416,3,IT,9.55,89.2,0.0,78.5
S1211,5,ECE,9.08,83.1,0.0,77.2
S2142,4,CSE,6.97,69.1,1.0,63.7
S2075,2,IT DEPT,8.12,73.4,1.0,70.3
S2730,2,IT DEPT,9.35,86.3,1.0,74.6
S2487,2,CIVIL,7.99,73.4,0.0,67.7
S1205,5,CSE,9.54,87.1,0.0,72.4
S2321,6,MECH,8.76,82.0,1.0,70.6
S1009,5,ECE,7.7,71.0,1.0,63.9
S2489,6,CIVIL,8.86,83.5,0.0,74.4
S1027,4,MECH,8.24,82.0,1.0,75.9
S2356,1,CIVIL ENGINEERING,9.58,97.6,0.0,86.4
S1265,4,CE,8.44,84.1,0.0,82.1
S1265,6,CE,8.65,74.9,0.0,67.8
S2237,3,CSE,7.46,68.5,0.0,57.9
S2374,4,CSE,7.54,77.4,0.0,70.8
S2044,1,IT DEPT,7.34,57.7,0.0,52.5
S2249,5,CSE,9.11,87.9,0.0,76.3
S1472,3,CIVIL,7.79,77.2,0.0,71.3
S1073,5,MECH,8.9,90.2,0.0,86.9
S2047,3,MECHANICAL ENGINEERING,7.28,67.7,2.0,60.9
S1265,5,CIVIL,8.58,78.8,0.0,69.1
S1464,3,CSE,9.16,86.0,1.0,78.7
S2537,6,IT,8.74,90.1,1.0,83.3
S2534,5,CSE,9.03,89.9,0.0,74.9
S2188,6,ECE,7.1,58.3,0.0,51.7
S1163,2,COMP SCI,7.9,69.5,0.0,64.2
S1207,3,ECE,8.32,80.1,0.0,72.4
S1492,6,IT,7.38,70.3,2.0,61.4
S1391,3,CIVIL,8.2,78.8,1.0,74.5
S2326,4,ECE,8.54,78.9,1.0,78.6
S2715,1,COMP SCI,8.05,75.8,1.0,69.4
S1250,4,CIVIL,7.35,68.7,2.0,63.0
S2158,4,CSE,9.09,85.7,0.0,70.3
S2110,4,CIVIL,9.57,84.5,0.0,74.2
S1404,5,ME,8.33,74.4,1.0,72.4
S1060,4,ELECTRONICS & COMM,9.02,87.6,0.0,79.4
S2671,1,ME,8.14,78.9,1.0,72.7
S2725,6,IT,7.35,65.9,0.0,58.8
S1349,5,IT,8.84,90.4,0.0,80.5
S1336,6,ECE DEPT,8.8,86.4,0.0,77.1
S2674,3,IT,9.08,90.3,0.0,84.0
S2524,6,CIVIL,8.39,80.6,0.0,71.1
S1032,2,CS,8.4,74.5,0.0,66.8
S2271,2,MECH,7.8,73.7,1.0,66.7
S2010,2,IT,9.15,80.0,0.0,68.3
S1572,1,ECE,7.8,71.5,0.0,66.7
S2312,2,CIVIL,7.08,68.3,0.0,64.1
S1231,2,ECE DEPT,7.27,69.0,2.0,60.6
S2345,1,ME,9.03,94.9,1.0,89.0
S1069,6,MECH,7.87,77.0,0.0,69.7
S2217,2,CSE,9.08,92.8,0.0,84.5
S1557,1,INFORMATION TECH,8.44,80.3,0.0,72.6
S2002,1,MECH,8.61,83.5,1.0,77.7
S1530,2,CIVIL,8.47,78.7,0.0,75.9
S2599,4,INFO TECH,7.71,71.0,0.0,63.6
S1043,5,MECH,8.24,79.2,0.0,73.4
S2414,4,INFO TECH,7.83,75.4,1.0,65.7
S1034,3,MECH,6.57,60.0,1.0,57.9
S1373,4,MECH,9.13,73.9,0.0,63.6
S2191,4,MECH,8.91,82.8,0.0,72.3
S1295,4,ECE DEPT,7.98,74.2,1.0,68.6
S2107,1,CIVIL,6.6,60.8,4.0,55.1
S2504,1,INFO TECH,8.66,80.3,0.0,74.1
S1263,1,INFO TECH,8.03,79.4,1.0,71.7
S1005,1,CE,8.22,80.3,0.0,71.2
S2618,2,ECE,8.45,82.8,1.0,73.9
S1182,3,CSE,8.3,79.5,0.0,73.1
S2180,1,CS,,82.3,0.0,75.9
S1450,1,IT DEPT,8.13,74.7,1.0,70.2
S2792,2,CIVIL,8.72,76.9,0.0,68.4
S1567,3,CIVIL,7.33,73.4,0.0,68.3
S1594,2,IT,9.08,85.1,0.0,77.8
S2701,1,CIVIL,8.39,78.5,1.0,70.2
S1474,4,ECE,8.32,79.0,0.0,71.9
S1386,2,ECE DEPT,,82.2,1.0,69.7
S2473,6,ECE,7.77,65.0,0.0,58.2
S1540,1,INFORMATION TECH,8.26,77.6,1.0,70.5
S2093,1,MECHANICAL ENGINEERING,8.32,77.6,0.0,71.7
S1219,2,ECE,8.21,78.5,1.0,67.5
S1116,6,IT,7.82,80.6,0.0,74.2
S2247,1,CIVIL,8.15,77.6,1.0,71.0
S2026,3,MECH,9.16,83.1,1.0,70.4
S1205,4,CSE,9.69,99.7,0.0,92.4
S1334,2,MECH,8.72,83.5,0.0,69.9
S1047,1,MECHANICAL ENGINEERING,9.25,87.1,0.0,79.3
S2259,4,CIVIL,7.94,74.9,0.0,75.2
S2298,3,CSE,6.89,74.0,1.0,65.7
S2620,6,CSE,9.22,95.2,0.0,84.9
S2007,2,CSE,8.85,86.4,0.0,74.0
S2446,1,ECE,9.46,82.9,0.0,71.4
S2197,3,CSE,9.25,85.6,0.0,75.3
S2087,2,CIVIL,9.14,87.7,0.0,82.8
S2292,4,ME,8.81,87.2,0.0,78.7
S1190,4,MECH,7.89,68.5,1.0,59.6
S1462,2,IT,9.32,91.6,0.0,83.7
S2436,4,CSE,9.09,85.9,0.0,81.5
S2735,2,IT,8.3,73.1,0.0,68.7
S1158,1,CS,8.24,74.4,1.0,68.1
S2642,3,CIVIL,8.11,78.6,0.0,78.3
S2223,4,CIVIL,9.45,90.8,1.0,84.7
S2056,6,CIVIL,9.19,93.3,0.0,85.0
S2283,5,ECE,8.53,83.9,0.0,72.7
S1398,3,CSE,8.92,80.5,1.0,69.6
S1020,2,INFORMATION TECH,8.03,82.3,0.0,74.0
S2702,3,CSE,8.56,75.3,0.0,68.4
S1520,6,IT,7.74,78.1,0.0,70.7
S2110,5,CIVIL,9.62,93.2,0.0,80.7
S2251,4,CSE,8.8,86.0,0.0,76.3
S2510,3,MECH,8.66,80.8,0.0,73.3
S1470,6,ECE,8.47,83.3,0.0,76.4
S2038,1,ME,7.43,65.3,2.0,56.5
S2683,1,INFORMATION TECH,8.81,87.7,1.0,80.3
S2730,5,IT,9.39,89.1,1.0,82.1
S2635,3,ECE,9.42,90.2,0.0,79.9
S2034,5,IT,9.21,90.1,1.0,82.4
S1590,3,CSE,8.86,87.6,0.0,80.3
S2561,6,ME,8.4,72.4,0.0,66.8
S2551,2,CIVIL,9.39,84.8,0.0,85.5
S2202,5,IT,9.5,91.8,0.0,85.5
S1325,3,IT,8.73,72.7,0.0,66.9
S2393,6,ELECTRONICS & COMM,7.35,71.1,2.0,61.8
S2305,3,ECE,8.02,63.4,0.0,60.2
S1582,3,CSE,8.47,71.5,1.0,63.9
S1269,3,INFORMATION TECH,7.89,76.0,0.0,64.5
S2296,2,ECE,8.78,84.2,1.0,78.8
S2180,4,CSE,8.08,77.5,0.0,65.9
S2227,4,MECH,7.54,73.9,0.0,60.0
S2597,2,ELECTRONICS & COMM,9.77,85.5,0.0,77.4
S2194,4,MECH,9.2,81.7,0.0,73.8
S1366,5,MECH,8.11,79.5,1.0,67.5
S2412,2,IT,9.46,91.7,0.0,86.9
S1093,6,CIVIL,9.22,91.0,0.0,83.9
S2420,1,ECE,8.47,77.5,1.0,74.1
S1202,2,ME,9.09,86.9,0.0,89.3
S2555,6,MECH,9.16,96.8,0.0,86.7
S2326,3,ECE,8.44,79.6,1.0,70.6
S1252,5,IT,9.28,92.0,0.0,82.1
S2039,2,ME,9.18,93.7,0.0,86.0
S2023,1,ELECTRONICS & COMM,7.74,77.8,2.0,71.1
S2407,2,MECH,8.07,77.6,0.0,65.4
S1536,2,CSE,8.99,83.9,1.0,72.2
S2006,1,CE,10.0,92.6,0.0,84.9
S2455,1,COMP SCI,8.46,77.0,0.0,72.7
S2455,5,CSE,8.67,83.2,0.0,78.9
S1045,3,MECH,8.14,80.9,2.0,71.4
S1191,1,CSE,8.55,81.6,1.0,74.7
S1528,1,INFO TECH,9.41,83.1,0.0,83.5
S2497,5,ECE,5.11,50.9,2.0,46.5
S2022,5,IT,8.52,76.5,1.0,62.2
S1319,2,MECH,8.91,78.9,1.0,69.2
S2326,1,ECE,8.37,83.8,1.0,74.9
S2713,1,CIVIL,8.39,86.9,0.0,70.0
S1110,3,CSE,7.16,65.1,2.0,55.4
S2493,2,CIVIL,8.2,82.8,0.0,76.2
S2392,1,CS,9.1,83.3,0.0,70.8
S2340,5,MECH,9.67,100.0,0.0,91.4
S1473,3,MECH,8.47,79.5,0.0,72.9
S2708,4,ECE,8.61,79.3,0.0,71.4
S1207,2,ECE,8.22,84.7,0.0,78.1
S2683,4,INFORMATION TECH,8.86,89.2,1.0,78.6
S2402,4,CIVIL,7.88,72.2,0.0,63.8
S2745,2,ECE,9.07,89.1,0.0,82.5
S1365,3,COMP SCI,8.42,83.3,0.0,75.6
S1190,1,ME,8.36,72.4,1.0,60.9
S2235,1,ECE,8.81,83.2,0.0,72.7
S1218,2,CIVIL,7.64,68.7,0.0,53.5
S1272,2,IT DEPT,8.08,80.1,0.0,74.6
S2396,1,CSE,8.47,77.5,0.0,69.5
S2530,4,CSE,,69.1,1.0,64.6
S1060,5,ECE,9.27,93.5,0.0,86.2
S1024,1,IT DEPT,8.17,75.2,0.0,59.2
S1050,6,MECHANICAL ENGINEERING,8.71,78.5,0.0,72.4
S1260,3,MECH,8.99,83.5,0.0,70.7
S1064,5,ELECTRONICS & COMM,7.84,79.0,1.0,72.4
S2468,4,CSE,9.11,84.2,0.0,78.1
S2563,4,ECE,9.07,91.0,1.0,87.9
S2210,4,CSE,6.49,59.9,1.0,54.5
S2626,3,MECH,9.86,100.0,0.0,93.2
S2520,5,CSE,8.74,83.9,0.0,74.1
S2747,4,IT,8.37,86.1,0.0,81.7
S2465,1,INFORMATION TECH,9.81,100.0,1.0,91.5
S2297,6,ECE,8.99,81.5,2.0,69.0
S2722,3,IT,7.27,64.8,0.0,52.2
S1454,4,MECH,8.07,76.8,0.0,71.5
S1323,1,CIVIL,8.11,81.6,1.0,71.6
S2339,5,ECE,9.54,88.5,0.0,79.6
S1540,3,IT,8.15,76.4,1.0,71.7
S1524,3,IT,6.65,54.8,1.0,46.3
S2094,6,ECE,7.96,73.5,0.0,69.1
S2035,4,ECE,8.35,79.3,0.0,73.5
S2715,3,CSE,7.85,68.8,1.0,66.7
S2286,5,CIVIL,9.1,84.5,0.0,70.7
S2093,3,MECH,8.23,78.1,0.0,73.1
S2096,3,COMP SCI,6.85,69.6,1.0,61.5
S1133,5,IT,8.99,92.6,0.0,87.6
S1403,5,CIVIL,8.17,81.1,1.0,76.2
S1131,6,ELECTRONICS & COMM,7.53,68.9,3.0,63.3
S1527,3,MECH,8.8,82.8,0.0,75.2
S1021,4,MECH,6.94,60.2,2.0,53.9
S1363,1,ECE,8.0,74.4,1.0,67.4
S2515,1,CSE,9.42,92.2,1.0,80.8
S2505,6,CSE,8.23,75.5,0.0,68.5
S2124,3,CIVIL,8.71,80.6,1.0,66.8
S1152,5,CIVIL,9.23,89.0,0.0,73.5
S1385,6,ECE,7.12,66.6,0.0,62.9
S2006,5,CE,10.0,90.5,0.0,79.7
S1210,4,ECE,8.5,77.3,0.0,67.8
S2144,1,CIVIL ENGINEERING,8.76,80.2,1.0,69.4
S1197,3,IT,8.98,82.0,1.0,75.6
S2176,3,ECE DEPT,8.42,83.1,0.0,74.0
S2009,3,ME,7.11,66.3,1.0,59.6
S1074,5,MECH,,84.3,0.0,73.3
S2582,5,IT,7.76,72.2,0.0,63.2
S1234,2,CSE,8.29,79.7,0.0,70.9
S1243,6,MECH,9.5,87.3,0.0,77.1
S2352,3,IT DEPT,9.06,85.6,0.0,76.1
S1176,5,CSE,7.3,65.3,1.0,57.6
S2778,6,ELECTRONICS & COMM,10.0,97.9,0.0,87.2
S1546,6,MECH,7.38,70.5,2.0,66.9
S2585,3,ECE,9.42,92.7,0.0,85.6
S2017,4,MECH,8.89,83.2,0.0,78.5
S2027,4,ECE,8.37,82.2,1.0,72.4
S1155,6,CSE,8.12,71.9,1.0,66.1
S2493,4,CIVIL,8.06,76.2,0.0,69.6
S1305,6,ME,8.63,86.6,1.0,79.6
S2705,1,ECE DEPT,9.4,89.5,0.0,75.7
S2281,3,ME,7.45,70.6,0.0,59.9
S2104,4,CSE,9.0,88.8,0.0,81.3
S1592,1,IT DEPT,7.43,73.7,0.0,66.6
S2640,5,MECH,9.25,86.9,0.0,78.8
S2427,1,CS,8.28,81.3,1.0,69.1
S1336,2,ECE DEPT,8.83,85.5,0.0,79.4
S2570,2,CIVIL,9.38,91.5,0.0,82.4
S2450,6,CSE,7.42,67.1,2.0,56.5
S1537,4,ECE,6.9,62.4,1.0,53.8
S1435,3,MECH,8.65,82.2,0.0,72.6
S1545,1,ECE,9.05,88.0,1.0,73.8
S2222,3,ECE,8.91,82.3,0.0,74.9
S2744,5,ECE,8.25,77.2,0.0,71.2
S2427,4,CS,8.58,90.5,1.0,85.5
S1002,1,ME,8.59,76.5,0.0,72.9
S1497,5,CSE,8.69,84.4,1.0,77.7
S1561,2,IT,7.83,71.9,1.0,68.3
S2196,5,CIVIL,9.61,97.7,0.0,81.3
S1324,6,CSE,6.03,61.1,1.0,56.5
S2343,1,CIVIL ENGINEERING,6.38,69.1,1.0,62.6
S1273,4,ECE,8.98,85.5,0.0,77.0
S2390,4,IT,9.05,88.0,0.0,76.6
S1346,1,ECE,7.91,73.8,0.0,67.1
S1523,3,IT,8.88,84.5,0.0,72.0
S2261,1,CIVIL,7.93,69.0,1.0,62.4
S2383,2,ECE,6.5,67.8,0.0,58.6
S1374,5,CIVIL,7.49,68.9,1.0,61.1
S1246,5,CSE,8.64,83.5,0.0,79.1
S2545,4,ECE,8.56,83.3,1.0,72.7
S1315,6,IT,8.39,77.1,0.0,70.0
S1573,4,ECE,8.43,77.7,0.0,72.1
S2362,3,ECE,6.5,69.7,0.0,60.9
S2374,5,COMP SCI,7.57,73.2,0.0,66.4
S2018,4,MECH,8.05,77.2,1.0,72.6
S1337,6,ECE,6.4,65.0,0.0,63.6
S2071,1,COMP SCI,9.13,94.7,1.0,85.1
S2612,4,IT,8.59,81.3,0.0,76.0
S2502,1,ELECTRONICS & COMM,8.87,84.7,1.0,77.5
S2587,1,CIVIL ENGINEERING,7.86,72.3,0.0,61.9
S1444,1,MECH,9.49,89.5,0.0,83.1
S1189,3,CSE,8.32,80.5,0.0,71.8
S2730,6,IT,9.39,91.4,1.0,82.3
S1304,2,IT,9.05,85.6,0.0,80.9
S2347,4,CE,9.33,89.3,0.0,82.2
S2120,5,CSE,9.44,89.2,0.0,75.9
S2798,1,CSE,8.6,82.1,1.0,73.3
S2091,5,MECH,9.04,88.3,1.0,76.7
S2179,2,CE,7.8,80.2,0.0,72.6
S1207,1,ELECTRONICS & COMM,8.15,77.6,0.0,73.3
S1310,3,MECHANICAL ENGINEERING,9.15,83.2,0.0,77.5
S1381,3,IT,8.35,83.8,0.0,74.3
S2454,4,CIVIL,8.9,86.4,0.0,78.0
S2747,3,IT,8.48,80.5,0.0,75.9
S2083,2,ECE DEPT,8.53,82.4,1.0,69.1
S2329,3,CSE,8.2,83.7,0.0,79.6
S2267,5,ELECTRONICS & COMM,7.17,67.2,0.0,61.4
S2709,3,CIVIL,9.04,89.9,0.0,79.8
S1065,3,IT,7.8,75.4,0.0,61.1
S1272,3,IT DEPT,8.3,85.3,0.0,72.9
S1598,4,CIVIL,7.99,76.2,0.0,71.6
S1453,3,ECE,8.8,88.6,1.0,78.8
S2473,1,ECE,7.9,71.5,0.0,63.6
S2499,5,CSE,7.27,75.3,0.0,70.0
S2747,6,INFO TECH,8.46,80.4,0.0,72.3
S1532,4,CIVIL,9.91,93.6,0.0,84.1
S2607,5,CIVIL,7.99,77.1,0.0,69.6
S2118,4,CSE,9.46,91.1,0.0,80.6
S1152,4,CIVIL,9.3,86.6,0.0,78.7
S1312,1,MECHANICAL ENGINEERING,9.07,92.2,0.0,82.5
S1308,1,ECE,7.46,77.2,0.0,70.0
S1417,2,IT DEPT,8.45,79.1,0.0,74.2
S2660,6,MECH,,79.3,0.0,69.9
S2400,6,IT,7.3,74.6,2.0,62.3
S2378,6,CSE,8.56,79.7,0.0,72.5
S2243,3,ME,,80.6,1.0,74.9
S2068,5,CIVIL,8.19,81.6,2.0,77.9
S1451,3,CE,9.0,84.6,0.0,76.6
S2666,3,INFORMATION TECH,7.51,70.1,0.0,60.1
S1056,2,MECH,8.92,85.3,0.0,82.7
S2305,5,ECE,8.02,74.3,0.0,71.6
S2647,2,IT,8.49,75.7,1.0,67.1
S2611,1,IT,8.14,78.8,0.0,68.6
S2483,6,CIVIL,8.78,79.3,2.0,75.3
S1410,6,IT,7.69,74.9,1.0,68.8
S1296,5,IT,9.15,84.9,0.0,77.7
S2362,4,ECE,6.62,61.3,0.0,55.9
S2410,2,MECHANICAL ENGINEERING,7.78,77.1,0.0,65.9
S1448,5,IT DEPT,7.5,71.9,1.0,60.7
S2698,4,CIVIL,7.05,72.1,2.0,59.6
S2651,3,CSE,9.0,83.0,0.0,72.6
S2476,6,ECE,8.41,78.1,0.0,70.8
S2534,3,CSE,9.26,92.1,0.0,88.0
S2587,3,CIVIL,7.87,71.0,0.0,67.3
S2578,4,IT,7.11,66.2,2.0,57.7
S2501,4,MECH,7.8,76.5,0.0,67.7
S2634,6,IT,7.32,66.7,1.0,58.7
S1029,6,CIVIL,7.32,67.6,1.0,68.9
S2451,5,CIVIL,8.63,82.0,0.0,77.7
S2170,2,INFO TECH,9.6,92.1,0.0,83.9
S1554,4,IT,7.05,68.4,3.0,59.8
S2296,5,ECE,8.94,89.7,1.0,83.5
S1563,1,INFO TECH,8.69,83.4,0.0,78.1
S1552,6,IT,8.35,74.3,0.0,68.1
S2775,1,ELECTRONICS & COMM,9.38,86.6,0.0,77.2
S2361,2,CIVIL,7.79,76.1,1.0,69.9
S2608,1,ELECTRONICS & COMM,8.68,83.8,0.0,71.9
S2566,4,ME,9.04,89.1,1.0,75.2
S2180,6,CS,7.8,75.5,1.0,67.3
S1568,2,ME,8.43,81.1,0.0,76.3
S1004,1,COMP SCI,9.21,80.0,0.0,77.9
S2016,2,MECHANICAL ENGINEERING,7.96,77.4,0.0,74.6
S2565,2,MECH,8.91,90.6,1.0,77.8
S2083,5,ECE DEPT,7.94,71.8,2.0,67.5
S2005,5,ME,9.03,81.1,0.0,71.6
S2763,6,MECH,8.91,82.6,0.0,73.2
S1363,3,ECE,7.86,71.7,1.0,67.1
S1227,1,CS,9.16,90.7,0.0,79.2
S2234,5,ME,7.14,64.7,0.0,57.7
S2336,2,ECE,7.79,77.1,0.0,63.7
S2782,6,INFORMATION TECH,6.96,67.2,2.0,62.8
S1519,5,CIVIL,8.66,82.8,0.0,78.0
S1031,3,ELECTRONICS & COMM,8.08,84.5,0.0,79.0
S2603,6,CIVIL ENGINEERING,6.86,69.1,1.0,66.3
S2618,4,ECE,8.34,74.0,1.0,67.5
S1303,1,ECE DEPT,8.67,84.9,1.0,74.3
S2397,3,INFO TECH,8.49,85.0,0.0,77.2
S2501,3,MECH,7.81,68.2,0.0,60.7
S2219,5,INFO TECH,8.0,71.7,0.0,65.0
S1301,1,CIVIL ENGINEERING,8.16,77.2,0.0,70.6
S1405,6,CSE,6.83,66.6,1.0,57.1
S2590,1,MECH,8.68,83.9,1.0,78.8
S2350,5,MECH,9.56,83.0,0.0,72.1
S2728,4,IT,8.38,81.7,0.0,72.3
S2543,2,IT,9.49,95.6,0.0,88.1
S2570,3,CIVIL,9.55,99.4,0.0,87.6
S2232,2,ECE,8.25,74.1,0.0,66.8
S2176,1,ECE DEPT,8.33,82.6,0.0,75.7
S1194,2,CIVIL,8.99,81.8,0.0,76.5
S1203,2,IT,,88.0,1.0,74.2
S2329,6,CSE,8.01,76.3,0.0,70.7
S1221,6,IT,9.36,91.2,0.0,83.0
S2418,6,IT,7.7,74.9,1.0,71.4
S2484,2,ECE,9.86,92.1,0.0,86.5
S2200,3,MECH,8.5,72.3,1.0,67.8
S1243,4,MECH,9.32,89.6,0.0,82.1
S2675,6,MECH,9.5,91.1,0.0,79.6
S2228,1,CS,5.9,59.6,0.0,57.8
S2579,5,CIVIL ENGINEERING,6.93,65.4,0.0,55.1
S1275,1,ELECTRONICS & COMM,8.55,75.7,0.0,69.4
S1357,5,CSE,8.98,79.1,0.0,72.8
S2157,1,CIVIL ENGINEERING,8.74,89.1,1.0,80.1
S2143,6,MECH,8.04,76.7,1.0,66.1
S2644,5,CSE,8.63,85.1,0.0,72.2
S2130,5,ECE,8.47,77.2,0.0,69.0
S1122,4,CSE,8.52,82.1,1.0,76.3
S2127,2,INFORMATION TECH,8.71,80.4,0.0,73.7
S2381,4,INFORMATION TECH,8.72,81.4,1.0,78.7
S1323,5,CIVIL,8.14,70.7,1.0,61.5
S2033,2,MECH,9.56,90.3,0.0,80.0
S2023,5,ECE,7.68,81.1,2.0,75.4
S2731,2,CSE,9.39,89.3,0.0,81.2
S2501,5,MECH,7.59,65.5,1.0,63.0
S1186,1,ME,8.26,77.1,0.0,72.5
S2651,6,CSE,8.7,81.3,1.0,69.5
S1500,5,MECH,9.2,86.9,0.0,79.1
S1400,1,IT,9.92,90.6,0.0,86.4
S1198,4,CSE,9.6,92.5,0.0,85.4
S1335,4,IT,8.07,78.2,0.0,69.7
S1033,2,CSE,8.22,69.8,0.0,62.4
S2631,1,ELECTRONICS & COMM,9.59,90.5,0.0,78.7
S1097,3,CIVIL,7.93,72.5,1.0,65.3
S1129,4,MECH,7.89,73.8,0.0,65.4
S1400,2,IT,9.87,100.0,0.0,91.8
S1247,3,CIVIL,8.14,78.2,0.0,72.7
S1308,5,ECE,7.26,72.6,0.0,67.2
S2789,3,CIVIL,7.33,72.9,0.0,62.5
S2113,3,CSE,8.51,89.4,0.0,76.0
S2024,3,MECH,7.76,76.5,0.0,69.2
S2167,5,ME,8.13,80.5,0.0,78.0
S2391,5,IT,9.86,87.5,0.0,80.3
S2426,6,IT,7.27,69.9,1.0,64.5
S1346,4,ECE,8.14,81.4,0.0,72.6
S2193,3,CIVIL,9.51,91.7,1.0,84.6
S1317,1,ECE DEPT,9.54,91.8,0.0,83.1
S2535,4,MECH,7.23,65.4,1.0,56.7
S2010,6,IT,9.19,82.7,0.0,72.6
S1397,4,IT,8.37,72.7,0.0,63.9
S1242,2,CE,8.58,90.9,1.0,84.0
S1058,1,CIVIL,6.43,62.2,2.0,55.6
S2255,4,CIVIL ENGINEERING,8.24,79.9,0.0,66.3
S2758,4,CIVIL ENGINEERING,8.32,81.2,0.0,79.3
S1422,2,IT,7.75,77.4,0.0,69.2
S1122,2,CSE,8.33,82.9,1.0,74.8
S2163,6,CIVIL,8.31,79.6,0.0,63.6
S1163,5,CSE,,77.2,0.0,70.0
S2488,4,ELECTRONICS & COMM,7.87,74.3,1.0,69.2
S1587,1,ELECTRONICS & COMM,9.41,84.7,1.0,79.2
S2409,1,ME,7.8,66.0,0.0,63.4
S2057,5,CSE,9.31,82.2,0.0,73.7
S1217,4,CIVIL,8.98,80.7,0.0,71.8
S1225,5,ECE,8.79,91.8,1.0,84.0
S1111,1,COMP SCI,8.55,82.1,0.0,76.3
S1249,5,IT,9.11,84.5,0.0,71.9
S2526,5,ECE,9.03,82.4,0.0,67.4
S2474,3,CIVIL,8.73,81.2,0.0,75.6
S2709,5,CIVIL,8.92,82.1,1.0,71.2
S2260,1,ELECTRONICS & COMM,6.58,54.1,2.0,50.9
S1386,6,ECE DEPT,8.57,78.0,1.0,71.5
S2799,3,ECE,7.17,59.0,0.0,53.9
S2793,6,CSE,8.23,80.7,0.0,73.9
S1181,6,ECE,9.39,85.0,0.0,67.4
S2513,4,ECE,9.13,88.4,0.0,77.9
S1534,1,CS,9.52,86.8,0.0,76.1
S2445,5,CSE,8.5,78.7,0.0,70.7
S2700,6,ME,8.65,91.2,0.0,80.7
S1012,2,CIVIL,7.18,67.7,1.0,57.4
S2624,4,ELECTRONICS & COMM,10.0,99.7,1.0,87.5
S1379,2,CIVIL,7.27,71.4,2.0,59.7
S2489,5,CIVIL,8.6,81.2,0.0,73.7
S2330,3,IT,8.76,75.8,0.0,68.9
S2614,1,ME,7.47,72.7,3.0,70.8
S2683,6,IT,8.67,88.3,1.0,81.3
S1575,4,MECH,9.15,86.0,0.0,78.3
S1395,4,IT,7.36,66.7,0.0,61.6
S2317,1,IT DEPT,8.11,78.7,0.0,76.4
S2432,2,ECE,9.11,84.9,0.0,75.9
S1419,5,IT DEPT,7.35,67.2,1.0,59.2
S1454,6,MECH,8.15,76.2,0.0,64.2
S2635,4,ECE,9.31,87.6,0.0,77.7
S2316,3,IT,9.56,92.6,0.0,81.4
S2461,4,ECE,9.1,80.6,0.0,75.2
S2720,2,ECE,8.67,76.4,0.0,62.5
S2189,1,CS,8.35,80.4,0.0,70.5
S2357,5,CIVIL,8.33,77.2,1.0,70.3
S2032,4,ECE DEPT,8.51,85.1,1.0,79.4
S1371,1,CIVIL,9.21,83.0,0.0,77.0
S2246,6,ME,9.16,82.9,0.0,72.5
S1389,4,CIVIL,8.48,78.5,0.0,69.3
S2300,1,CE,7.48,73.8,0.0,71.9
S2558,5,CIVIL,8.36,84.1,0.0,72.9
S2492,3,CIVIL,9.18,83.2,1.0,77.1
S2752,2,CIVIL,8.67,81.5,0.0,76.7
S2082,3,IT,7.05,65.5,0.0,58.5
S1328,6,IT,7.61,77.5,2.0,66.2
S2655,1,CIVIL,7.72,74.9,0.0,68.8
S2605,4,IT,8.64,80.8,0.0,68.2
S2795,2,CIVIL,8.85,84.9,0.0,76.3
S2128,4,CSE,8.63,85.1,0.0,70.3
S1071,4,CSE,7.86,73.9,0.0,64.9
S2733,2,MECH,8.51,83.6,0.0,75.5
S1318,3,INFO TECH,8.74,84.6,0.0,77.4
S1100,2,ELECTRONICS & COMM,8.55,84.8,0.0,72.6
S2004,1,CS,8.13,81.2,1.0,73.1
S1140,6,ECE,9.69,96.6,0.0,89.4
S2167,1,ME,8.18,78.4,0.0,71.4
S2349,1,ME,7.37,70.8,0.0,61.2
S1024,4,IT,8.58,74.5,0.0,69.0
S2671,4,MECH,8.2,76.0,1.0,64.4
S1230,4,MECH,8.12,78.7,1.0,67.7
S2013,3,IT,8.48,77.4,0.0,71.1
S2624,1,ELECTRONICS & COMM,9.97,92.6,1.0,82.6
S2191,2,MECH,8.97,76.2,0.0,73.3
S2035,5,ECE,8.69,82.2,0.0,68.4
S1190,5,MECH,7.71,65.2,2.0,58.2
S1377,2,IT DEPT,8.7,78.7,0.0,68.7
S2396,5,CSE,8.76,80.2,0.0,74.6
S1298,6,CIVIL,7.64,79.1,2.0,69.9
S2057,3,CSE,9.28,85.4,0.0,75.0
S2779,6,MECH,9.33,87.6,0.0,83.2
S2175,3,INFORMATION TECH,8.21,78.5,0.0,68.9
S1077,4,MECH,9.4,93.6,0.0,81.6
S2788,5,MECH,7.87,72.9,0.0,59.2
S1159,1,CSE,7.89,76.4,0.0,65.5
S2017,5,MECH,9.05,84.0,0.0,72.8
S1223,5,MECH,7.08,72.8,2.0,64.8
S2172,3,CSE,8.06,74.0,0.0,66.1
S2626,5,MECH,9.85,100.0,0.0,90.8
S1268,1,MECHANICAL ENGINEERING,7.91,72.1,0.0,65.5
S1374,1,CIVIL,7.19,66.6,1.0,58.2
S1107,4,CIVIL,9.54,87.6,0.0,77.3
S2630,6,CIVIL,7.9,72.2,1.0,69.3
S2039,3,MECH,9.26,92.1,0.0,85.1
S2767,1,CE,8.84,87.9,1.0,81.5
S2410,1,MECHANICAL ENGINEERING,7.94,74.1,0.0,63.5
S2467,3,ECE,8.05,72.1,1.0,64.5
S1327,3,MECHANICAL ENGINEERING,7.8,71.1,1.0,65.6
S1179,3,CIVIL,9.21,92.2,0.0,81.2
S1026,6,CSE,8.61,85.0,1.0,72.7
S1383,4,MECH,8.17,77.6,0.0,66.9
S2385,1,INFO TECH,7.21,69.8,1.0,60.2
S1182,4,CSE,8.08,75.9,0.0,63.5
S1491,1,CIVIL,7.91,71.6,1.0,64.3
S2701,4,CIVIL,8.08,75.0,1.0,66.6
S2131,5,IT,7.45,67.9,0.0,60.8
S1156,1,INFORMATION TECH,8.75,83.9,1.0,83.4
S1485,6,ME,8.64,74.6,2.0,68.1
S2667,2,CIVIL,7.63,75.4,0.0,64.7
S1150,2,ECE,8.16,78.0,0.0,66.1
S1542,2,CIVIL,9.06,87.2,0.0,77.1
S2545,5,ECE,8.83,88.3,1.0,78.8
S2360,5,IT,8.32,82.9,0.0,73.3
S2531,1,CE,9.16,90.0,0.0,85.9
S2240,5,IT,9.3,93.3,0.0,86.2
S2764,6,CIVIL,9.27,87.9,0.0,79.7
S2728,5,IT,8.5,78.3,0.0,74.3
S1286,6,CIVIL,8.95,82.5,0.0,74.5
S1284,1,CIVIL,7.48,74.4,0.0,66.8
S2444,4,CSE,8.34,83.3,0.0,75.2
S2039,4,MECH,9.1,85.3,0.0,71.8
S1559,1,ELECTRONICS & COMM,8.85,88.6,0.0,76.6
S1165,2,CIVIL,8.57,81.9,0.0,74.6
S1304,4,IT DEPT,8.87,84.1,0.0,77.6
S2754,4,CSE,9.84,94.8,0.0,82.1
S1098,6,IT,7.86,79.1,0.0,71.1
S1356,5,ECE,7.57,68.2,1.0,64.9
S2247,2,CIVIL,7.66,66.4,1.0,58.3
S2385,6,IT,6.3,56.2,1.0,53.4
S2472,1,CIVIL ENGINEERING,9.39,91.1,0.0,78.5
S2786,1,ECE,9.14,85.0,0.0,74.7
S2314,6,ECE DEPT,8.17,76.6,0.0,67.9
S2793,2,CSE,8.24,82.8,0.0,73.6
S2622,3,MECH,8.47,74.6,0.0,69.6
S1593,6,ECE,7.38,63.9,1.0,62.7
S1233,4,MECH,8.07,84.5,0.0,74.3
S1045,1,MECHANICAL ENGINEERING,8.48,83.3,2.0,76.4
S1592,2,IT,7.18,63.8,0.0,61.1
S2366,5,CIVIL,7.81,76.1,0.0,74.5
S1512,4,IT,7.38,71.6,0.0,62.2
S2238,4,INFORMATION TECH,7.92,76.6,0.0,66.4
S2682,3,MECH,9.05,93.2,0.0,87.8
S2045,1,MECHANICAL ENGINEERING,7.72,73.7,1.0,61.1
S2678,3,MECH,8.07,76.5,1.0,67.3
S1401,1,ME,9.54,84.8,1.0,74.7
S2515,4,CSE,9.4,84.4,1.0,74.9
S2019,4,IT,8.59,78.4,1.0,72.6
S1042,1,INFORMATION TECH,9.21,84.2,0.0,74.7
S1266,5,INFO TECH,7.72,73.2,1.0,65.4
S1255,6,COMP SCI,8.62,78.9,0.0,70.4
S2444,3,CSE,8.49,77.8,0.0,69.9
S1154,6,MECHANICAL ENGINEERING,9.28,84.1,1.0,76.1
S2356,2,CIVIL,9.6,84.2,0.0,69.3
S2128,3,CSE,8.47,86.7,0.0,78.9
S1112,4,CSE,7.49,74.9,0.0,65.9
S2001,5,ELECTRONICS & COMM,8.72,91.1,1.0,82.3
S2252,3,MECH,7.59,72.5,1.0,63.0
S1319,3,MECH,8.87,79.5,1.0,66.8
S2476,3,ECE,8.22,78.9,0.0,72.7
S2275,5,MECH,9.7,98.3,0.0,85.7
S2060,5,IT,9.3,89.4,0.0,80.3
S1450,3,IT DEPT,8.23,82.7,1.0,74.0
S1432,6,CIVIL,7.95,73.1,2.0,65.8
S1297,6,IT,7.44,76.0,1.0,68.4
S1503,2,IT,7.96,72.7,0.0,68.0
S1385,4,ECE,7.12,70.5,0.0,66.0
S2702,2,CS,8.8,83.0,0.0,73.1
S2016,1,MECHANICAL ENGINEERING,8.19,80.1,0.0,77.4
S1115,4,MECH,7.9,84.3,0.0,76.8
S2537,5,IT,8.8,94.1,1.0,85.5
S1534,3,CSE,9.48,78.8,0.0,68.9
S1378,6,MECH,9.16,89.6,1.0,78.0
S2800,5,CSE,9.12,77.2,0.0,66.5
S1317,3,ECE,9.4,84.7,0.0,75.9
S2378,1,CSE,8.66,85.3,0.0,77.7
S1044,1,CIVIL,7.51,78.5,1.0,69.0
S1488,3,INFORMATION TECH,9.94,94.9,0.0,83.5
S2224,6,CIVIL,8.48,81.9,0.0,76.1
S1471,3,IT,8.02,78.1,1.0,70.8
S1557,4,IT,8.31,70.5,0.0,60.1
S1588,4,MECH,7.93,73.1,0.0,64.4
S2161,4,CIVIL,9.21,89.3,1.0,80.3
S2289,2,MECHANICAL ENGINEERING,8.02,82.1,0.0,77.7
S2271,4,MECH,7.7,81.9,1.0,71.8
S1381,6,INFORMATION TECH,7.67,76.2,0.0,64.4
S2700,5,MECH,8.6,84.7,0.0,79.4
S2632,1,COMP SCI,8.37,79.2,0.0,79.0
S1081,5,CIVIL,7.71,75.7,0.0,65.5
S1369,4,IT,8.37,78.7,0.0,66.4
S2303,5,ECE,6.9,60.1,0.0,57.2
S2357,6,CIVIL,8.31,82.2,1.0,70.7
S1426,6,CSE,7.94,74.9,1.0,65.6
S1002,2,ME,8.46,88.3,0.0,85.6
S2010,4,IT,9.28,90.5,0.0,83.0
S2704,5,CIVIL,9.09,88.4,0.0,80.6
S2213,3,CIVIL,8.16,73.1,0.0,66.9
S2134,5,IT,8.57,77.7,2.0,71.1
S2325,3,MECH,8.76,86.3,0.0,77.4
S2643,6,CIVIL,7.33,65.4,0.0,55.4
S1405,3,COMP SCI,7.14,72.4,0.0,64.3
S1380,1,MECH,9.0,89.1,0.0,76.7
S1169,4,CIVIL,6.67,65.0,0.0,59.6
S2736,4,ECE,8.27,87.2,0.0,77.0
S1178,6,CSE,5.43,49.3,2.0,43.1
S2062,5,CSE,8.88,87.3,0.0,85.7
S2678,4,ME,8.18,84.5,1.0,69.0
S2498,2,IT,7.26,75.5,1.0,71.0
S2741,5,CIVIL,8.24,81.3,0.0,73.4
S2750,1,CS,8.97,83.2,0.0,73.6
S2045,4,MECH,7.76,79.0,1.0,70.9
S2770,2,IT,7.76,76.6,1.0,71.6
S1509,1,ME,8.23,78.8,0.0,69.8
S1131,2,ECE,7.37,70.5,3.0,67.4
S1446,6,ME,7.44,65.4,2.0,64.0
S1292,4,ECE,9.21,92.0,0.0,85.9
S1466,2,ELECTRONICS & COMM,8.31,79.1,3.0,72.0
S2230,6,CIVIL,8.16,78.8,0.0,74.8
S1182,6,CSE,8.46,83.6,0.0,76.6
S2701,2,CIVIL,8.39,81.3,1.0,68.7
S2710,3,CSE,9.9,92.7,0.0,84.3
S2650,3,CE,8.07,72.1,0.0,66.5
S1435,5,MECH,8.67,82.8,0.0,74.6
S2731,3,CSE,9.19,86.8,0.0,77.3
S1382,5,CSE,8.97,84.4,0.0,74.4
S1288,6,INFORMATION TECH,8.57,83.4,0.0,77.6
S1102,5,MECH,9.21,87.4,1.0,78.5
S2178,5,MECHANICAL ENGINEERING,8.2,78.0,1.0,67.1
S2484,5,ECE,9.8,88.0,0.0,83.3
S1058,2,CIVIL,6.53,63.5,2.0,54.7
S2571,1,IT,6.97,69.7,1.0,59.9
S2601,5,ECE,9.33,89.8,0.0,74.5
S2026,1,ME,9.29,88.7,1.0,75.8
S2505,1,CSE,8.33,74.2,0.0,68.8
S2744,1,ECE,8.12,72.4,0.0,65.4
S1536,6,CSE,8.4,81.5,1.0,78.9
S1017,2,MECH,8.16,76.2,3.0,70.0
S2371,4,IT,7.97,77.4,0.0,69.6
S2263,5,CSE,8.34,74.2,3.0,66.3
S1257,2,MECH,8.75,81.2,1.0,73.6
S1599,1,ELECTRONICS & COMM,7.76,71.3,0.0,57.2
S2339,2,ELECTRONICS & COMM,9.38,84.4,0.0,76.7
S2009,1,ME,7.29,72.2,1.0,64.7
S2626,2,MECH,9.77,89.9,0.0,80.7
S2664,2,ECE,8.72,86.2,1.0,77.4
S1253,6,MECH,7.86,72.8,0.0,63.6
S2244,4,IT,8.46,85.4,1.0,79.8
S2755,6,IT,7.63,73.5,0.0,71.6
S2171,5,ECE,7.89,68.4,0.0,62.1
S2113,1,CSE,8.47,76.4,0.0,65.8
S2012,4,MECH,9.66,92.6,0.0,77.9
S1349,3,IT,8.58,84.2,0.0,77.0
S1096,3,ECE,8.36,80.4,0.0,71.6
S2791,3,ME,9.22,87.3,0.0,81.1
S2568,5,MECH,9.39,81.0,0.0,73.3
S2678,5,ME,8.24,75.5,1.0,70.7
S1511,3,MECH,7.3,69.5,0.0,64.5
S2577,4,CSE,9.43,91.8,0.0,77.4
S2517,1,CSE,8.12,80.4,0.0,75.3
S2144,2,CIVIL,8.67,79.5,1.0,75.7
S2400,2,IT,7.46,70.4,2.0,65.8
S2434,3,ME,7.51,71.4,3.0,65.1
S2147,4,COMP SCI,8.77,87.2,0.0,76.6
S2757,4,COMP SCI,8.44,79.9,1.0,69.5
S1062,5,CSE,8.96,83.4,0.0,78.6
S1324,1,CSE,6.8,62.1,0.0,57.7
S2213,4,CIVIL,8.18,78.7,0.0,70.7
S2728,2,IT,8.16,74.4,0.0,69.8
S2012,5,MECH,9.71,96.5,0.0,90.9
S2009,5,MECH,7.19,70.3,1.0,65.2
S2267,6,ECE,7.16,61.7,0.0,56.3
S1394,4,IT,8.87,86.7,0.0,81.7
S2111,1,CIVIL,7.93,72.9,1.0,69.5
S2306,3,CIVIL,8.58,83.4,1.0,77.5
S2232,6,ECE,8.39,81.5,0.0,70.4
S2478,1,ME,8.29,78.6,0.0,70.8
S2776,5,IT,9.44,88.4,0.0,72.1
S2023,6,ECE,7.9,71.9,2.0,62.1
S2351,6,CSE,8.08,67.4,0.0,58.8
S2465,2,IT,9.73,90.2,1.0,81.8
S2471,6,ECE,8.02,77.2,0.0,68.2
S2332,6,CSE,9.51,90.3,0.0,82.8
S1196,2,MECH,6.82,65.0,1.0,56.4
S2405,3,IT,8.03,74.2,0.0,67.6
S1238,1,CSE,8.55,76.4,1.0,72.7
S2774,2,IT,7.51,66.1,2.0,61.1
S2795,4,CIVIL,8.81,88.0,0.0,83.0
S2521,5,IT,8.24,77.6,1.0,74.9
S2704,1,CIVIL ENGINEERING,8.91,83.2,0.0,75.2
S1146,5,IT,9.37,84.3,1.0,77.0
S1383,6,MECH,7.77,68.6,0.0,64.1
S1441,4,ECE,8.25,62.6,0.0,55.2
S2292,2,ME,8.83,88.5,0.0,82.7
S1141,1,IT DEPT,9.02,85.4,0.0,79.1
S1097,6,CIVIL,7.97,72.9,1.0,71.6
S1035,1,MECH,9.03,83.9,0.0,67.8
S1274,4,IT,6.31,64.4,0.0,57.7
S1336,5,ECE,8.79,86.2,0.0,83.7
S1543,2,IT,8.98,83.4,0.0,77.8
S2354,3,CSE,8.8,82.0,0.0,75.5
S1151,6,ELECTRONICS & COMM,9.1,87.4,0.0,77.4
S1106,2,MECH,7.91,70.5,0.0,59.9
S2495,5,CSE,6.67,57.3,1.0,45.0
S2619,1,COMP SCI,8.28,79.7,0.0,70.5
S1330,1,ECE,8.94,83.3,0.0,71.7
S1028,1,CIVIL,8.88,84.6,1.0,74.5
S2234,1,ME,7.71,75.2,0.0,66.4
S2454,2,CIVIL,8.6,78.1,0.0,69.3
S2774,6,IT,7.57,67.5,2.0,65.0
S2494,1,COMP SCI,7.81,80.0,2.0,72.6
S2186,4,CIVIL,,90.1,0.0,82.7
S1146,6,IT,9.23,83.5,1.0,76.7
S1239,4,MECH,9.06,83.2,0.0,69.1
S2174,6,IT,8.12,80.8,1.0,77.7
S2247,5,CIVIL,7.27,68.4,1.0,62.9
S2696,3,ECE,7.87,69.6,0.0,61.7
S2365,3,MECH,9.27,86.5,1.0,78.3
S2411,5,INFORMATION TECH,8.75,79.5,0.0,70.7
S2773,2,MECHANICAL ENGINEERING,6.8,75.8,0.0,65.3
S1477,1,ECE,9.78,94.2,0.0,85.2
S1311,2,MECH,7.57,68.8,0.0,59.5
S1444,2,MECH,9.55,93.4,0.0,87.0
S1565,1,ECE DEPT,7.69,74.9,0.0,69.9
S2792,1,CIVIL,8.94,84.9,0.0,76.7
S2422,5,INFO TECH,8.29,74.4,0.0,64.9
S2481,2,CSE,8.34,79.7,0.0,70.0
S2189,6,CSE,7.83,73.3,1.0,67.9
S1556,2,CIVIL,7.29,74.8,2.0,64.2
S2659,4,IT,7.79,78.8,0.0,72.6
S2560,1,ECE,8.43,78.7,0.0,75.6
S2476,4,ECE,8.43,76.6,0.0,74.1
S1350,3,CSE,9.17,89.2,0.0,78.3
S1334,6,MECH,7.96,72.1,0.0,67.7
S2594,5,IT,8.45,82.2,1.0,70.8
S2484,3,ECE,9.91,88.7,0.0,78.9
S2237,2,CSE,7.42,72.6,0.0,66.5
S1092,1,IT,9.09,91.9,0.0,86.9
S1242,4,CE,8.08,73.1,1.0,63.0
S2470,6,CIVIL,8.19,76.3,0.0,67.5
S1436,1,ME,8.59,78.5,0.0,71.1
S1317,5,ECE DEPT,9.4,89.1,0.0,78.7
S2613,6,CIVIL,8.05,73.4,0.0,68.4
S1460,4,INFORMATION TECH,7.17,72.2,2.0,69.8
S1315,2,IT,8.19,75.1,0.0,71.6
S2568,6,MECH,9.2,74.8,0.0,69.3
S1350,4,CSE,9.31,88.8,0.0,79.0
S2738,6,CSE,8.08,66.3,0.0,56.6
S2349,5,MECH,7.39,74.3,0.0,63.3
S1084,2,CIVIL,8.71,81.8,0.0,73.1
S2338,3,MECH,6.33,72.4,2.0,62.5
S1140,3,ECE,9.61,89.7,0.0,83.7
S1579,4,MECH,8.43,76.1,1.0,71.3
S2183,6,CSE,7.7,66.3,2.0,60.5
S2625,5,MECH,8.5,74.2,0.0,68.7
S1362,6,ME,7.98,73.7,1.0,65.5
S2722,6,INFORMATION TECH,6.86,64.1,1.0,64.6
S2347,3,CIVIL,9.26,86.1,0.0,74.5
S2710,2,CSE,9.96,95.0,0.0,86.6
S1067,3,IT,8.96,86.4,0.0,74.2
S1336,1,ECE DEPT,8.6,76.0,0.0,68.7
S2262,1,CIVIL ENGINEERING,7.74,79.9,0.0,65.9
S1214,6,ECE,8.98,86.7,0.0,77.6
S2488,3,ELECTRONICS & COMM,7.84,75.6,1.0,71.5
S2528,1,INFORMATION TECH,7.4,76.5,1.0,70.7
S2110,3,CIVIL,9.48,97.1,0.0,90.0
S1307,1,INFORMATION TECH,8.46,74.8,0.0,70.7
S2677,2,CIVIL,8.85,81.5,0.0,72.7
S1170,6,MECH,8.44,82.9,1.0,75.4
S2516,2,ECE,8.79,81.4,0.0,73.6
S1222,1,ECE,9.5,88.7,0.0,75.0
S2681,3,CSE,7.39,70.5,0.0,59.5
S1080,2,MECH,,78.0,0.0,67.9
S1469,3,CIVIL ENGINEERING,8.9,79.7,0.0,72.0
S2686,3,CSE,7.34,68.6,1.0,59.1
S1276,2,CSE,8.57,77.2,0.0,73.3
S2798,6,CSE,8.64,86.2,1.0,78.8
S2715,2,CSE,7.83,74.0,1.0,65.8
S1422,3,IT,7.64,70.9,0.0,67.8
S1202,1,ME,,89.2,0.0,77.1
S2646,2,CS,9.37,86.0,0.0,77.2
S2312,4,CIVIL,7.26,71.6,0.0,61.7
S2764,5,CIVIL,9.3,81.4,0.0,72.8
S2375,2,ECE,7.46,71.9,2.0,64.0
S1145,4,IT,9.24,86.5,0.0,74.9
S1496,5,MECH,8.19,77.6,2.0,67.5
S2273,5,IT,8.25,77.0,1.0,70.1
S2249,6,CSE,9.13,87.0,0.0,83.9
S2306,4,CIVIL,8.52,77.0,1.0,67.3
S1091,2,CSE,9.12,93.5,0.0,84.6
S2266,6,ECE,8.23,73.8,0.0,71.5
S1189,5,CS,8.3,75.4,0.0,67.1
S1556,6,CIVIL,7.28,63.9,2.0,63.0
S2614,6,ME,6.72,69.4,4.0,62.2
S1566,1,CSE,7.49,72.0,1.0,69.3
S2510,1,MECH,8.89,81.9,0.0,76.3
S1494,5,CSE,9.4,87.1,1.0,75.6
S2093,4,MECH,8.33,81.0,0.0,70.9
S1544,2,CIVIL,9.07,88.0,0.0,79.3
S2402,3,CIVIL,7.9,68.7,0.0,57.4
S1431,4,CIVIL,8.16,79.4,2.0,73.6
S1469,6,CIVIL,8.34,77.5,1.0,68.5
S2595,2,CSE,8.82,82.8,0.0,80.0
S2733,4,MECH,8.82,90.2,0.0,78.5
S2263,3,CS,8.41,77.7,3.0,67.3
S2463,4,MECH,8.26,82.7,0.0,71.2
S1598,5,CIVIL,8.08,71.6,0.0,63.9
S2722,1,INFORMATION TECH,7.73,70.6,0.0,62.4
S2410,4,MECHANICAL ENGINEERING,7.65,68.6,0.0,58.8
S2709,4,CE,9.27,87.8,0.0,81.2
S1439,3,CSE,8.22,79.6,1.0,66.7
S2633,3,MECH,9.04,87.8,0.0,78.4
S2385,2,IT,7.08,65.3,1.0,57.2
S2240,3,IT,9.24,85.2,0.0,78.6
S1181,1,ELECTRONICS & COMM,9.2,94.6,0.0,93.0
S2114,6,IT,7.89,71.1,0.0,63.0
S1348,4,INFO TECH,9.58,89.6,0.0,77.8
S1409,5,CIVIL ENGINEERING,8.4,72.8,0.0,59.3
S2228,5,CSE,5.86,59.1,0.0,55.1
S1338,2,CIVIL,8.83,85.6,0.0,67.3
S2420,5,ECE,8.45,78.3,1.0,68.9
S2654,4,IT DEPT,6.32,67.0,3.0,63.1
S1038,5,MECHANICAL ENGINEERING,9.37,92.5,0.0,81.7
S1169,6,CIVIL,6.85,67.1,0.0,61.5
S1322,4,IT,7.54,73.0,1.0,68.6
S2489,2,CIVIL,8.52,86.2,0.0,82.7
S2276,2,MECH,9.53,88.2,0.0,73.8
S1235,1,MECHANICAL ENGINEERING,6.76,63.1,0.0,54.6
S1364,2,CIVIL,9.12,91.6,0.0,83.2
S1117,2,CIVIL,8.12,71.1,2.0,59.9
S1188,3,CIVIL,9.67,94.2,0.0,85.8
S2050,2,MECH,7.61,67.2,0.0,59.3
S2442,3,CIVIL,9.3,82.5,0.0,74.4
S2252,5,MECH,7.71,77.4,1.0,68.2
S1297,3,IT,7.79,73.3,0.0,69.5
S2386,3,MECHANICAL ENGINEERING,9.68,87.0,1.0,83.5
S1440,1,MECHANICAL ENGINEERING,8.7,76.9,0.0,64.4
S1582,4,CS,8.58,79.6,1.0,68.8
S2452,6,MECH,8.26,80.1,0.0,66.1
S1173,6,ECE,7.47,68.7,2.0,62.3
S1377,1,IT DEPT,8.8,84.2,0.0,79.7
S2434,6,ME,6.93,63.6,4.0,56.2
S1436,4,ME,8.29,84.5,0.0,78.9
S1053,2,MECH,8.46,79.0,0.0,69.5
S1442,4,IT,8.68,87.5,0.0,78.1
S1381,2,IT,8.2,81.5,0.0,73.1
S2506,3,IT,8.61,85.9,0.0,75.4
S1425,4,ECE,9.07,82.8,0.0,70.7
S2319,5,ECE,8.59,81.0,0.0,75.5
S2256,3,IT,8.03,77.6,0.0,66.4
S1360,6,CSE,7.04,67.7,1.0,59.8
S1523,6,IT,8.84,81.6,0.0,74.7
S2680,3,ECE DEPT,8.06,82.5,2.0,75.8
S2062,2,COMP SCI,8.97,84.9,0.0,76.5
S1239,1,ME,9.2,83.5,0.0,70.6
S2496,2,CIVIL,9.35,87.0,0.0,75.3
S1421,1,MECH,8.4,82.9,1.0,73.9
S2393,1,ELECTRONICS & COMM,8.16,71.9,1.0,66.7
S2516,4,ECE,8.97,81.5,0.0,74.0
S2540,6,ECE,9.55,88.7,0.0,81.5
S2725,3,IT,7.16,69.9,0.0,60.9
S2334,5,ECE,7.59,69.5,0.0,60.8
S1075,5,ECE,8.78,87.9,0.0,77.0
S2375,5,ECE DEPT,7.42,68.7,2.0,64.7
S1215,1,ECE DEPT,8.63,80.5,1.0,71.0
S2022,2,IT,8.48,77.5,1.0,73.1
S1061,2,INFO TECH,8.29,79.8,1.0,72.0
S2272,5,MECH,7.6,78.7,0.0,69.3
S2641,3,CSE,8.59,77.8,0.0,67.6
S2627,6,CSE,9.13,78.3,0.0,72.8
S2259,2,CIVIL,7.79,72.8,0.0,62.9
S1411,1,IT DEPT,,74.6,1.0,66.2
S1004,5,COMP SCI,9.14,91.4,0.0,80.0
S1345,3,IT,7.56,72.2,1.0,64.8
S1276,4,CSE,8.6,92.1,0.0,82.4
S1118,1,CIVIL,9.0,80.1,0.0,73.9
S2516,6,ECE,9.0,86.5,0.0,76.3
S1458,2,CIVIL,7.44,73.1,0.0,71.2
S2414,1,INFO TECH,7.43,77.1,1.0,69.5
S1412,3,CSE,7.8,76.6,1.0,69.0
S2026,5,MECH,9.39,96.0,1.0,87.9
S1388,4,MECH,7.92,72.6,0.0,64.2
S1077,5,MECH,9.63,94.4,0.0,84.3
S2261,4,CIVIL,7.37,71.6,1.0,63.5
S2098,2,CSE,7.62,69.9,0.0,59.4
S2664,5,ECE,8.35,78.3,1.0,70.6
S2081,3,ECE,9.04,82.8,0.0,70.5
S1248,5,MECH,8.47,84.6,1.0,76.6
S2014,1,CS,7.39,71.9,1.0,69.5
S1048,1,ME,6.85,66.8,1.0,57.8
S2160,5,IT,8.35,77.8,2.0,66.4
S2119,1,CIVIL,9.09,85.4,0.0,75.4
S2211,6,CSE,8.04,73.5,1.0,66.4
S1590,4,CSE,8.81,73.8,0.0,70.3
S2485,4,ME,9.78,91.7,0.0,81.2
S1431,2,CIVIL,7.94,71.0,2.0,61.0
S1229,1,INFORMATION TECH,8.98,87.4,0.0,78.3
S2777,6,CIVIL,8.93,88.4,1.0,83.9
S2437,3,ECE,8.85,89.7,0.0,79.8
S1100,4,ECE,8.63,82.0,0.0,76.3
S2126,2,CIVIL,8.14,76.1,0.0,75.2
S2651,5,CSE,8.84,82.1,0.0,74.1
S2194,1,MECHANICAL ENGINEERING,8.99,88.2,0.0,77.9
S1108,5,ECE,8.69,87.7,0.0,85.3
S2417,4,CSE,8.43,77.3,0.0,72.1
S2634,4,IT,7.66,69.3,1.0,64.8
S1579,1,ME,8.69,88.8,1.0,76.0
S2387,5,CS,8.13,79.2,0.0,70.8
S1499,3,CSE,9.47,84.7,0.0,78.3
S2768,6,ECE,9.67,90.7,0.0,90.3
S1425,1,ECE,9.09,85.7,0.0,79.8
S2291,2,IT,8.66,84.2,0.0,76.5
S2530,2,CSE,8.04,73.2,1.0,65.2
S2078,5,MECH,6.82,60.9,2.0,56.0
S2065,5,CIVIL,8.64,84.4,0.0,72.8
S1361,1,ECE DEPT,9.57,90.4,0.0,85.6
S1115,2,MECH,7.9,69.2,0.0,62.4
S2386,1,MECHANICAL ENGINEERING,9.62,90.8,1.0,88.5
S2509,6,CIVIL,7.06,66.2,0.0,60.6
S2592,3,ECE,9.34,82.2,0.0,69.4
S2081,4,ECE,8.95,89.1,0.0,83.7
S1473,6,MECH,8.58,79.1,0.0,68.0
S2017,2,MECH,8.85,85.8,0.0,77.2
S2224,4,CIVIL,8.25,79.2,0.0,71.1
S2749,6,ECE,9.02,88.0,0.0,84.5
S2365,1,MECH,9.04,79.9,1.0,67.7
S2074,3,MECHANICAL ENGINEERING,8.04,82.5,4.0,76.3
S1372,5,ECE,7.59,72.1,2.0,60.1
S2526,2,ECE,8.95,84.0,0.0,78.0
S1387,5,CIVIL,8.68,87.9,0.0,80.2
S2214,1,CIVIL,8.88,87.7,0.0,76.8
S1087,6,CS,8.04,82.1,0.0,70.4
S1088,1,MECH,7.72,72.7,0.0,67.5
S2291,6,IT,8.87,87.4,0.0,81.1
S2603,1,CIVIL ENGINEERING,6.65,62.3,1.0,56.7
S2639,6,ELECTRONICS & COMM,7.61,73.5,2.0,68.1
S2639,2,ECE,7.75,70.8,2.0,66.7
S2563,5,ECE,9.07,82.9,1.0,76.4
S2605,2,IT,9.01,87.8,0.0,81.1
S2446,6,ECE,8.82,76.1,0.0,68.6
S2335,4,CSE,9.02,86.0,1.0,74.4
S1109,4,ECE,8.7,83.4,0.0,76.5
S2550,4,CIVIL,9.49,92.9,0.0,83.4
S1367,1,CIVIL ENGINEERING,8.06,78.7,1.0,74.9
S2495,1,COMP SCI,7.12,67.4,0.0,57.3
S1062,4,CSE,9.02,88.3,0.0,76.8
S2412,4,IT,9.47,94.7,0.0,81.0
S2103,3,IT,7.28,73.1,1.0,65.9
S1063,6,ECE,8.39,76.5,2.0,64.4
S2727,5,ECE,8.36,79.7,1.0,71.7
S1370,3,ECE,8.97,84.6,0.0,81.1
S2574,1,MECHANICAL ENGINEERING,7.56,68.5,2.0,62.2
S1269,6,IT,8.02,72.9,0.0,62.5
S1305,4,ME,8.82,90.3,0.0,83.8
S2006,3,CIVIL,9.86,88.5,0.0,82.5
S1161,3,CSE,7.58,69.2,1.0,63.3
S1499,6,CSE,9.42,91.3,0.0,82.1
S1127,5,CSE,8.5,75.2,0.0,70.1
S2575,1,CS,7.41,67.4,0.0,62.8
S2494,2,CSE,7.79,79.0,2.0,68.0
S1060,6,ECE,9.25,86.7,0.0,77.8
S2040,6,MECH,8.38,72.2,1.0,65.9
S2434,2,MECH,7.49,73.8,3.0,71.0
S1208,5,COMP SCI,9.08,82.5,0.0,77.6
S2660,4,MECH,8.15,74.8,0.0,72.7
S2248,6,MECH,7.95,78.1,0.0,73.0
S2016,5,MECHANICAL ENGINEERING,7.56,72.3,0.0,60.5
S2699,6,CIVIL,8.7,83.5,1.0,73.2
S2531,2,CE,9.22,90.8,0.0,82.2
S1428,6,ECE,8.59,82.3,0.0,73.5
S1571,4,CSE,6.8,70.8,0.0,63.8
S1340,4,CIVIL,8.78,85.4,1.0,80.5
S1129,5,MECH,7.92,76.1,0.0,65.9
S2297,5,ECE,8.91,84.6,2.0,79.2
S2792,3,CIVIL,8.59,79.1,0.0,67.0
S1594,5,INFORMATION TECH,9.14,80.7,0.0,71.6
S1094,5,ECE,6.39,66.6,0.0,59.3
S1425,3,ECE,8.99,87.8,0.0,81.3
S2319,3,ECE,9.04,93.0,0.0,77.7
S2289,3,MECH,7.73,80.2,0.0,69.6
S2423,2,ECE,9.03,88.2,0.0,82.5
S2156,2,CSE,9.6,91.6,0.0,86.2
S1280,1,ME,8.86,80.9,0.0,69.8
S1061,6,IT,7.52,65.6,2.0,51.1
S2414,3,IT,7.71,63.9,1.0,60.7
S2399,3,MECHANICAL ENGINEERING,8.65,74.9,0.0,60.1
S2122,2,CIVIL,9.06,84.1,0.0,82.4
S1025,4,CSE,8.81,79.7,0.0,67.9
S2753,6,CSE,7.62,73.4,0.0,66.2
S1515,5,CSE,6.59,67.2,1.0,62.2
S2615,2,CSE,9.53,90.2,0.0,85.8
S1068,6,IT,9.38,83.9,0.0,80.8
S2794,6,ECE,9.05,88.2,0.0,73.5
S1577,1,COMP SCI,8.07,77.8,1.0,71.1
S2098,1,CSE,7.79,70.2,0.0,61.8
S1597,1,CIVIL,9.15,84.2,0.0,74.1
S1546,2,MECHANICAL ENGINEERING,7.83,71.9,1.0,62.3
S2224,3,CIVIL,8.37,82.1,0.0,77.2
S1172,6,MECH,9.17,83.3,0.0,73.2
S2411,2,IT,9.53,86.8,0.0,76.7
S1143,4,CSE,9.29,86.1,0.0,79.4
S2055,3,CIVIL,8.79,89.0,1.0,80.8
S1014,1,CIVIL,8.38,74.7,0.0,68.5
S1375,4,CIVIL,8.34,79.6,0.0,71.1
S2792,6,CIVIL,8.15,72.7,1.0,67.8
S2592,1,ELECTRONICS & COMM,9.38,87.8,0.0,80.7
S2462,5,CSE,7.2,62.3,1.0,56.9
S1132,3,IT,8.47,81.0,1.0,72.8
S1380,6,MECH,8.98,86.2,0.0,78.2
S2083,4,ECE,8.22,73.9,1.0,64.2
S2050,4,MECH,7.3,65.4,0.0,54.4
S2405,6,IT DEPT,7.89,76.3,0.0,70.3
S2679,4,ME,9.49,91.3,0.0,76.7
S2006,2,CIVIL,9.82,98.3,0.0,86.0
S2797,1,ME,9.6,93.6,0.0,85.8
S1071,5,CSE,7.65,72.3,1.0,64.0
S1066,3,CSE,9.46,87.0,0.0,75.4
S2641,5,CSE,8.46,81.0,0.0,78.8
S1003,5,ECE,9.45,86.0,0.0,78.5
S2101,1,ELECTRONICS & COMM,8.58,82.1,0.0,72.1
S1446,3,ME,7.9,83.4,1.0,77.0
S1408,3,IT,7.41,68.1,0.0,61.5
S2524,3,CIVIL,8.16,73.6,0.0,69.7
S1583,2,MECH,8.32,69.4,0.0,58.5
S1244,2,MECH,9.09,88.3,0.0,79.1
S2561,4,ME,8.39,83.0,0.0,68.1
S2443,4,IT,7.89,74.2,0.0,65.6
S2040,2,ME,8.07,83.0,1.0,72.1
S2745,5,ECE,9.19,89.2,0.0,81.1
S2348,2,INFO TECH,7.3,68.7,0.0,65.5
S2592,4,ELECTRONICS & COMM,,86.5,0.0,77.0
S2372,2,ME,8.65,90.1,0.0,85.9
S2188,3,ECE,7.04,64.9,0.0,59.6
S2595,6,CSE,8.14,77.3,1.0,67.9
S2382,2,IT,8.25,74.0,1.0,69.2
S1393,4,CSE,8.46,76.7,0.0,65.2
S2200,5,MECH,8.4,84.5,1.0,81.8
S1408,1,INFO TECH,7.36,70.6,0.0,61.7
S2166,3,MECH,8.76,88.1,0.0,79.8
S2712,3,INFORMATION TECH,9.28,89.9,0.0,84.6
S1078,3,ECE DEPT,7.91,77.7,1.0,71.3
S1028,2,CIVIL,8.81,80.4,1.0,76.5
S2800,1,CSE,8.67,80.0,0.0,72.8
S2772,5,IT,8.75,81.9,1.0,74.6
S1041,2,ECE,9.12,89.4,0.0,78.0
S1335,6,INFORMATION TECH,8.1,70.4,0.0,66.6
S1515,1,CSE,6.21,60.7,1.0,57.0
S1151,1,ELECTRONICS & COMM,8.85,87.0,0.0,77.4
S2324,5,CIVIL ENGINEERING,6.83,67.1,0.0,62.6
S2601,6,ECE,9.2,84.4,0.0,74.5
S2605,6,IT,8.84,82.1,0.0,73.4
S2207,2,CIVIL,9.36,90.1,0.0,75.2
S1383,2,MECH,8.4,75.9,0.0,71.4
S2409,3,MECH,7.74,75.6,0.0,69.3
S2147,6,COMP SCI,8.6,79.4,0.0,74.4
S2284,5,MECH,7.7,64.1,0.0,53.8
S2168,4,ECE,8.06,72.3,0.0,60.2
S2020,3,COMP SCI,8.49,84.1,1.0,78.2
S2678,2,MECH,8.2,72.8,1.0,68.4
S1295,1,ECE DEPT,7.99,73.3,1.0,69.0
S1259,2,IT,7.79,68.2,0.0,62.2
S1505,6,IT,7.72,70.8,0.0,67.9
S2565,1,MECHANICAL ENGINEERING,9.09,89.9,1.0,84.3
S1341,5,CSE,8.0,75.6,2.0,69.4
S1128,6,IT,7.72,74.5,0.0,66.6
S2349,6,ME,7.54,68.3,0.0,60.3
S1252,3,IT,9.41,91.9,0.0,82.7
S1551,3,CIVIL,8.39,78.9,0.0,77.2
S2153,6,CIVIL,7.68,73.1,0.0,64.5
S2104,2,CSE,9.09,82.1,0.0,74.7
S2680,2,ECE DEPT,8.17,85.0,2.0,72.1
S2410,5,MECH,7.9,73.0,0.0,64.8
S1549,5,ME,9.38,87.2,0.0,81.7
S1137,4,CSE,7.22,69.7,1.0,62.2
S1234,6,CSE,8.54,85.7,0.0,77.0
S1231,3,ECE,7.37,73.8,2.0,64.4
S1359,1,ECE DEPT,8.86,85.2,0.0,72.5
S2346,2,ECE,5.84,59.0,0.0,51.4
S1274,1,IT,6.86,59.8,0.0,57.9
S2382,6,IT,8.15,76.5,1.0,71.1
S1102,3,MECH,9.13,88.4,1.0,79.2
S1148,1,CIVIL,9.45,94.1,0.0,81.1
S1595,2,ECE,9.68,91.6,0.0,76.4
S2115,2,IT,8.62,74.8,0.0,66.5
S1197,4,IT,9.01,84.5,1.0,78.0
S2309,1,ELECTRONICS & COMM,9.67,90.4,0.0,83.8
S2108,3,CSE,8.0,71.4,2.0,62.3
S2270,5,CIVIL,9.05,83.7,1.0,74.0
S2454,1,CE,8.66,76.1,0.0,67.1
S1356,1,ECE,8.21,77.6,1.0,69.9
S2247,3,CIVIL,7.72,68.5,1.0,56.4
S1077,1,MECH,9.47,87.4,0.0,76.4
S2572,3,CIVIL,7.19,67.3,0.0,61.4
S2726,5,ME,8.88,84.9,0.0,76.6
S1326,1,CSE,7.53,72.5,0.0,71.0
S2296,3,ECE,8.88,86.0,1.0,79.7
S1115,6,MECH,7.77,77.8,0.0,75.4
S2617,3,IT DEPT,7.8,77.1,1.0,68.2
S1326,4,CSE,7.26,63.4,0.0,53.3
S2340,3,MECH,9.63,95.7,0.0,86.6
S1452,5,CSE,8.65,77.8,0.0,72.8
S2539,2,CSE,7.47,70.2,0.0,61.3
S2545,3,ECE,8.7,84.6,1.0,83.8
S2125,6,MECH,8.18,80.0,2.0,71.6
S2736,2,ECE,8.64,85.4,0.0,80.1
S1315,1,IT DEPT,8.07,76.9,0.0,64.2
S2561,2,MECH,8.18,76.1,0.0,64.2
S1416,5,CIVIL,7.65,73.0,2.0,66.0
S2500,6,CIVIL,9.3,88.4,0.0,83.2
S1507,1,INFORMATION TECH,8.88,85.4,0.0,77.6
S2363,6,IT,9.51,96.6,0.0,89.5
S2001,4,ECE,8.71,72.6,0.0,65.5
S1141,6,IT,9.06,83.1,0.0,74.7
S1091,3,CSE,8.99,86.5,0.0,78.5
S2021,5,CSE,7.2,72.4,2.0,66.4
S2098,6,CSE,7.88,72.0,0.0,63.9
S2014,2,CS,7.57,70.0,1.0,59.3
S2629,5,ECE,7.91,75.9,1.0,71.8
S2413,4,IT,8.35,77.3,0.0,70.6
S2488,5,ECE,7.89,78.0,1.0,65.5
S2659,5,IT,7.8,78.8,0.0,65.8
S2576,3,CIVIL,,92.5,1.0,82.9
S1495,1,ME,7.99,75.0,0.0,69.4
S1422,4,INFORMATION TECH,7.55,74.1,0.0,67.8
S2363,1,INFORMATION TECH,9.51,92.4,0.0,82.1
S1175,5,ME,,79.4,2.0,77.0
S1327,5,MECH,7.67,70.0,1.0,65.0
S1422,5,IT,7.56,70.0,0.0,68.5
S2535,5,MECH,7.1,67.5,1.0,59.3
S1040,4,ECE,8.5,86.6,0.0,78.9
S2220,4,MECH,7.14,68.8,1.0,63.4
S1189,6,CSE,8.23,75.7,0.0,69.4
S2384,4,CSE,7.63,70.9,0.0,66.5
S2673,6,IT,9.64,96.1,0.0,89.8
S2110,6,CIVIL ENGINEERING,9.58,90.1,0.0,79.5
S2614,4,MECH,7.11,69.3,3.0,60.9
S2540,4,ECE,9.48,89.2,0.0,76.0
S2596,4,ECE,7.98,79.4,0.0,73.4
S2343,5,CIVIL ENGINEERING,6.47,65.0,1.0,55.2
S2774,1,IT,7.35,67.7,2.0,61.7
S2385,4,IT,6.88,68.0,1.0,61.4
S1497,3,CSE,8.96,88.6,0.0,83.5
S2619,3,COMP SCI,8.22,79.6,0.0,67.7
S2730,1,IT DEPT,9.36,84.7,1.0,73.8
S2584,6,CIVIL,8.42,78.1,0.0,71.6
S2442,6,CIVIL,9.28,87.7,0.0,82.8
S2550,1,CIVIL,9.37,88.4,0.0,75.5
S2054,2,CSE,7.26,71.4,0.0,66.9
S1524,1,INFORMATION TECH,6.84,60.9,1.0,49.7
S2770,3,IT,7.42,72.6,1.0,68.6
S2365,6,MECH,9.38,88.2,1.0,77.7
S2079,6,MECH,8.9,88.2,0.0,80.2
S1539,2,MECH,8.23,72.5,2.0,70.0
S1305,3,MECH,8.89,83.0,0.0,77.1
S2325,5,MECH,8.37,69.3,0.0,66.6
S1099,6,CIVIL,8.56,74.6,0.0,68.2
S1455,2,ECE,7.3,71.9,0.0,66.2
S2090,4,ECE,,79.1,1.0,73.5
S1094,3,ECE,6.71,71.3,0.0,62.1
S2607,1,CIVIL,8.4,79.6,0.0,69.5
S2487,1,CE,8.02,75.6,0.0,69.3
S1041,4,ECE,9.32,87.0,0.0,77.4
S2306,6,CIVIL,8.65,90.3,1.0,75.2
S2140,4,CSE,8.0,82.1,0.0,77.3
S2471,2,ECE,7.82,78.9,0.0,70.9
S1068,4,INFORMATION TECH,9.47,88.1,0.0,79.0
S1241,3,CS,8.18,75.7,0.0,72.1
S1044,4,CIVIL,7.53,77.9,1.0,68.5
S2436,1,CSE,8.99,95.5,0.0,82.7
S2787,5,CSE,8.93,84.1,0.0,81.5
S1282,4,CSE,9.94,91.6,0.0,82.4
S1288,4,IT,8.61,77.8,0.0,67.2
S2656,4,MECH,8.92,85.9,0.0,74.4
S2222,5,ELECTRONICS & COMM,8.73,84.6,0.0,76.1
S2394,5,MECH,8.3,80.7,1.0,72.4
S1417,1,IT DEPT,8.25,76.2,0.0,64.9
S2418,5,IT,7.74,74.8,1.0,64.8
S2438,5,CIVIL,8.62,78.7,0.0,65.2
S1057,5,CIVIL,6.98,68.7,1.0,59.2
S2477,3,ECE,8.67,88.8,0.0,79.7
S1267,6,CSE,7.05,68.8,0.0,64.4
S2364,5,CSE,8.14,83.1,1.0,65.6
S2163,5,CIVIL,8.1,73.4,0.0,63.0
S2021,6,CSE,6.82,68.2,2.0,61.2
S1427,1,CIVIL,8.2,81.8,1.0,74.8
S1465,2,CSE,8.65,82.1,0.0,75.2
S1254,6,MECH,8.94,85.6,0.0,80.0
S1497,1,CSE,9.23,94.9,0.0,82.1
S1472,6,CIVIL,7.9,71.4,0.0,66.6
S1169,5,CIVIL,6.75,60.1,1.0,52.5
S2487,5,CIVIL,8.03,74.3,0.0,72.5
S2702,5,CSE,8.34,78.4,0.0,71.7
S1295,3,ECE DEPT,8.06,76.8,1.0,67.4
S2159,4,CIVIL,9.41,87.9,0.0,79.5
S2073,6,MECH,9.1,80.0,0.0,67.6
S2456,3,ECE,8.18,71.8,1.0,63.1
S2617,4,IT,7.6,74.3,1.0,64.2
S2649,3,CSE,9.08,87.7,0.0,81.7
S1061,4,INFO TECH,8.03,83.0,1.0,77.7
S2295,4,ME,8.12,70.9,1.0,60.3
S2493,3,CIVIL,8.15,72.8,0.0,63.4
S2775,3,ELECTRONICS & COMM,9.34,81.7,0.0,68.5
S2188,4,ECE,7.05,67.5,0.0,58.1
S2141,4,CSE,7.51,70.8,1.0,62.3
S2628,1,CE,8.36,80.0,0.0,69.1
S2795,1,CIVIL,8.97,85.8,0.0,80.9
S1428,1,ECE,8.49,73.2,0.0,65.0
S2480,1,CIVIL,8.99,84.7,0.0,79.4
S2797,5,ME,9.49,83.2,0.0,79.5
S2320,6,CE,6.86,62.8,2.0,54.7
S2799,2,ECE,7.29,72.8,0.0,65.7
S1514,6,CSE,8.55,81.4,0.0,75.3
S1494,2,CSE,9.31,87.1,1.0,80.6
S1106,3,MECH,7.83,77.5,0.0,72.1
S1416,4,CIVIL,7.76,73.2,2.0,69.4
S1445,2,INFO TECH,8.41,80.9,0.0,77.4
S2518,1,INFO TECH,9.69,88.1,0.0,81.5
S2135,3,CSE,8.51,84.8,0.0,79.2
S2533,5,CIVIL,7.76,73.6,2.0,68.6
S2496,5,CIVIL,9.39,91.7,0.0,80.5
S1390,1,INFORMATION TECH,8.6,82.1,0.0,73.2
S2582,2,IT,7.73,76.7,0.0,72.9
S2004,2,CSE,8.15,85.1,1.0,75.1
S2327,6,IT,7.74,75.7,1.0,68.0
S2048,2,CSE,6.94,71.3,1.0,62.0
S2102,6,CSE,8.25,78.3,1.0,70.5
S2783,3,CIVIL,6.7,60.8,2.0,57.6
S1250,1,CIVIL ENGINEERING,7.79,78.0,2.0,64.5
S1401,2,ME,9.46,91.2,1.0,86.1
S2046,5,INFORMATION TECH,9.38,92.4,0.0,84.6
S1444,4,MECH,9.46,81.6,0.0,72.9
S1470,4,ECE,8.4,76.5,0.0,66.5
S2455,3,CSE,8.94,81.2,0.0,71.7
S1463,3,CIVIL,9.63,86.7,0.0,74.5
S1077,3,MECH,9.53,95.6,0.0,84.8
S2622,6,MECH,8.01,78.4,1.0,71.2
S2093,2,MECHANICAL ENGINEERING,8.49,78.5,0.0,70.1
S2337,4,MECH,7.19,69.0,1.0,62.8
S1511,2,MECH,7.38,67.6,0.0,63.7
S2715,5,COMP SCI,7.29,70.4,2.0,68.1
S1290,2,CSE,8.02,71.6,0.0,68.8
S1471,4,IT,8.11,74.3,1.0,65.6
S2576,1,CIVIL,8.98,86.9,1.0,75.7
S2460,2,INFORMATION TECH,7.95,79.4,0.0,69.5
S1413,4,MECH,8.18,73.7,0.0,65.8
S1428,3,ECE,8.46,78.1,0.0,69.5
S1250,2,CIVIL,7.44,78.3,2.0,69.9
S2696,4,ECE,8.12,83.3,0.0,73.5
S2591,6,ECE,7.93,77.6,1.0,72.0
S1118,6,CIVIL,9.27,80.6,0.0,70.7
S1508,5,IT,9.14,90.7,0.0,84.5
S2713,2,CIVIL,8.47,80.2,0.0,68.9
S2265,6,CSE,9.1,82.7,0.0,73.6
S2577,2,CSE,9.49,82.1,0.0,72.0
S2313,1,ME,8.47,79.4,0.0,75.5
S1013,1,ECE,8.11,74.2,1.0,66.4
S2404,1,INFORMATION TECH,7.72,65.9,0.0,58.3
S2142,3,CSE,7.07,70.5,1.0,58.4
S2377,5,MECH,8.27,82.4,1.0,75.6
S2207,4,CIVIL,9.21,83.3,0.0,77.8
S2089,4,ECE,8.6,86.2,0.0,77.8
S2251,2,CSE,8.87,79.2,0.0,68.5
S1199,3,IT,7.87,72.3,0.0,64.1
S1434,4,MECH,8.93,83.1,0.0,80.2
S1188,4,CIVIL,9.86,97.4,0.0,84.6
S1207,6,ECE,8.44,79.4,0.0,76.2
S2457,3,IT DEPT,7.92,82.4,1.0,77.2
S2001,3,ECE,8.9,83.6,0.0,77.2
S2670,4,ECE,7.28,65.8,1.0,58.1
S2557,4,CIVIL,8.21,80.6,0.0,70.1
S1559,4,ECE,9.16,84.0,0.0,78.0
S2250,1,IT DEPT,7.77,77.5,1.0,72.9
S2069,1,CIVIL,8.61,78.3,1.0,75.3
S1263,6,IT,8.37,83.0,1.0,75.0
S2052,1,ME,7.28,69.5,0.0,60.3
S2022,4,IT,8.19,73.7,1.0,62.3
S2127,3,IT,8.87,83.4,0.0,81.9
S2388,1,CS,8.02,78.4,0.0,69.8
S1224,6,ECE,8.18,77.2,0.0,75.0
S2573,2,IT,8.35,69.9,0.0,66.1
S1074,3,MECH,9.26,89.5,0.0,78.4
S1184,3,ECE,8.71,78.4,0.0,70.1
S1440,4,MECHANICAL ENGINEERING,8.33,79.7,0.0,75.3
S2489,4,CIVIL,8.54,81.3,0.0,67.0
S1109,2,ECE,8.95,88.5,0.0,81.4
S1258,5,IT,7.97,70.9,0.0,62.5
S2776,4,IT,9.6,96.3,0.0,85.1
S1476,3,IT,9.01,84.9,0.0,72.2
S1584,6,CSE,8.91,88.7,0.0,77.9
S2512,5,ME,9.09,81.6,1.0,69.7
S1106,1,MECH,7.68,69.7,0.0,64.4
S2195,5,ECE,8.82,85.1,1.0,80.5
S1209,2,CIVIL,9.35,87.9,0.0,77.0
S2457,5,IT,8.03,77.4,1.0,70.9
S1081,3,CIVIL,7.54,70.9,0.0,64.5
S1265,1,CE,8.63,81.7,0.0,74.8
S2180,3,CS,,79.4,0.0,76.0
S1244,5,MECH,9.21,88.9,0.0,73.5
S1507,5,INFORMATION TECH,9.09,78.5,0.0,70.8
S2236,1,ELECTRONICS & COMM,7.7,72.2,1.0,67.1
S2586,2,ECE,,89.9,0.0,81.0
S2014,6,CSE,7.69,77.5,1.0,70.2
S2091,6,ME,8.7,80.1,1.0,69.2
S2537,1,IT DEPT,8.72,83.0,1.0,73.9
S2226,5,MECH,9.0,79.0,0.0,70.8
S1538,4,MECH,9.15,94.5,0.0,89.4
S1179,5,CIVIL,9.23,88.5,0.0,79.6
S2203,4,INFORMATION TECH,6.62,71.0,0.0,59.8
S2508,1,ECE,9.17,80.5,0.0,79.3
S1439,4,CSE,8.27,79.2,1.0,65.7
S1277,5,CIVIL,9.43,89.0,2.0,80.1
S2359,5,ECE,7.2,69.0,1.0,62.2
S1405,2,CSE,7.47,64.4,0.0,61.8
S2247,4,CIVIL,7.44,75.8,1.0,67.6
S2697,6,CIVIL,9.24,87.1,0.0,77.4
S2384,5,CSE,7.51,74.7,0.0,66.9
S2572,4,CIVIL,7.21,66.3,0.0,60.8
S1517,2,COMP SCI,9.05,86.6,1.0,79.2
S2063,5,IT,9.26,82.9,0.0,70.4
S1208,2,CSE,9.12,87.9,0.0,78.4
S1217,5,CIVIL,9.17,89.8,0.0,84.1
S2448,3,MECH,,78.8,0.0,74.4
S2498,6,IT,7.21,65.7,1.0,58.1
S2314,4,ECE DEPT,7.78,71.0,0.0,63.4
S2620,5,CSE,9.01,86.9,0.0,79.7
S2282,6,CIVIL,9.71,94.6,1.0,84.0
S1235,5,MECHANICAL ENGINEERING,6.34,69.2,0.0,64.0
S1308,4,ECE,7.52,72.4,0.0,67.5
S1300,5,IT,8.99,91.9,0.0,76.3
S2060,4,IT,9.35,88.5,0.0,74.0
S1246,6,CSE,8.65,87.2,0.0,77.5
S2518,2,IT,9.53,92.1,0.0,86.3
S1006,6,CIVIL,9.08,81.7,0.0,74.3
S2593,3,CIVIL,8.56,86.1,2.0,78.1
S1075,1,ECE DEPT,8.53,76.8,0.0,67.5
S1394,2,INFORMATION TECH,8.66,81.6,0.0,75.6
S2010,1,IT,9.21,97.0,0.0,85.0
S2451,3,CIVIL,8.91,78.0,0.0,68.5
S2610,5,ECE,,78.4,0.0,73.5
S1530,6,CIVIL,7.78,76.9,0.0,65.4
S1215,3,ECE DEPT,8.81,77.0,1.0,69.8
S2544,4,CIVIL ENGINEERING,6.68,69.6,3.0,62.2
S2141,6,CSE,7.28,63.1,1.0,58.3
S1357,2,CSE,9.03,94.0,0.0,89.2
S1440,3,MECH,8.53,89.1,0.0,84.5
S2070,3,ECE,7.21,70.0,2.0,61.2
S2083,6,ECE,8.02,83.0,1.0,79.4
S2527,6,CIVIL,8.63,75.4,0.0,71.1
S2362,2,ECE,6.83,65.4,0.0,49.9
S2280,2,CIVIL,8.92,85.9,0.0,75.9
S2665,5,CIVIL,7.71,72.0,1.0,64.0
S2784,3,ECE,8.25,89.6,0.0,78.2
S2006,6,CIVIL,10.0,100.0,0.0,91.8
S1063,1,ECE,8.3,77.3,2.0,73.7
S2613,5,CIVIL,7.82,72.3,0.0,67.0
S2403,1,CSE,9.08,92.4,1.0,83.8
S2309,6,ECE,9.77,90.4,0.0,84.2
S2387,6,CSE,8.03,74.7,0.0,66.9
S2214,5,CIVIL,8.75,85.2,0.0,80.2
S2161,6,CIVIL,9.34,84.5,1.0,76.4
S1024,3,IT,8.38,77.9,0.0,66.1
S2215,1,IT,9.07,90.2,0.0,84.7
S2137,4,MECH,8.28,89.9,0.0,76.1
S2743,5,IT,8.56,85.8,1.0,81.0
S1120,1,INFO TECH,8.3,82.9,0.0,69.8
S2388,2,CSE,8.13,77.6,0.0,70.7
S2274,6,CIVIL,8.93,76.9,0.0,66.6
S1532,3,CIVIL,9.65,96.5,0.0,90.5
S2760,6,CIVIL,8.78,88.8,1.0,79.9
S2139,4,IT,8.4,83.0,0.0,74.3
S2482,4,ECE,8.18,76.3,1.0,71.3
S1068,5,INFORMATION TECH,9.48,96.7,0.0,85.1
S1004,3,CSE,9.05,87.6,0.0,79.9
S1168,3,CE,9.73,94.5,0.0,87.0
S2232,1,ELECTRONICS & COMM,8.35,78.9,0.0,70.9
S1425,2,ECE,9.14,85.5,0.0,82.8
S2556,5,ECE DEPT,7.98,75.3,0.0,71.9
S1399,3,MECH,7.77,78.1,1.0,68.3
S2637,5,IT,8.5,78.1,1.0,69.5
S1008,1,COMP SCI,7.75,72.8,1.0,67.2
S1472,5,CIVIL,7.92,76.2,0.0,76.0
S2377,4,MECH,8.5,81.6,1.0,73.1
S1562,6,MECH,8.43,75.3,0.0,72.0
S1504,5,ECE,8.39,75.0,0.0,65.8
S1561,5,IT,7.3,68.1,1.0,55.8
S2134,2,IT,8.52,84.6,2.0,76.4
S2276,3,ME,9.44,94.0,0.0,84.9
S1002,6,ME,7.99,71.9,1.0,62.3
S2194,3,MECHANICAL ENGINEERING,9.13,87.8,0.0,74.3
S1197,2,IT,9.15,91.6,1.0,78.0
S1325,4,IT,9.0,86.4,0.0,78.3
S1417,6,IT DEPT,8.4,85.0,0.0,73.3
S2736,6,ECE,7.85,77.1,0.0,67.0
S1478,2,CIVIL,9.91,93.5,0.0,83.3
S2045,2,MECH,7.71,70.8,1.0,64.1
S2439,1,CE,7.83,82.3,0.0,75.0
S1172,1,MECH,8.97,79.4,0.0,72.2
S2042,3,INFO TECH,7.03,62.3,1.0,54.8
S1499,2,CSE,9.47,86.0,0.0,75.1
S1161,2,CSE,7.81,72.7,1.0,70.1
S1482,4,ECE,9.52,86.0,0.0,74.8
S1503,4,IT,8.0,73.6,0.0,67.4
S1557,3,IT,8.37,79.7,0.0,65.8
S2418,4,IT,7.87,75.2,1.0,65.6
S2441,6,IT,7.06,69.3,1.0,63.1
S2536,4,CIVIL,,66.1,0.0,63.6
S2491,6,CIVIL,8.56,81.7,1.0,79.0
S1123,4,IT,9.26,90.2,0.0,81.5
S2134,3,IT,8.46,80.0,2.0,69.3
S1241,1,CS,7.84,67.4,0.0,66.2
S1480,2,CSE,8.07,78.7,0.0,66.4
S2065,3,CE,8.45,82.7,0.0,76.5
S1153,5,CIVIL,8.1,77.8,1.0,67.8
S2685,3,MECH,8.97,87.1,0.0,79.1
S2602,4,CIVIL,9.07,92.2,1.0,84.5
S2082,4,IT,6.87,72.4,0.0,70.5
S2795,3,CIVIL,8.9,86.6,0.0,79.5
S2641,1,CS,8.4,81.5,0.0,72.9
S1463,1,CIVIL,9.69,86.2,0.0,79.1
S1271,5,MECH,8.46,79.5,1.0,68.3
S2623,5,IT,9.31,82.2,2.0,74.4
S1137,6,CSE,6.97,60.8,1.0,53.2
S1228,6,ECE DEPT,9.41,100.0,0.0,88.1
S2019,5,INFO TECH,8.58,85.9,1.0,74.2
S1232,3,ECE,7.9,77.4,1.0,67.6
S1142,5,ELECTRONICS & COMM,8.9,77.8,1.0,69.0
S1167,5,IT,6.85,63.7,1.0,60.7
S2547,5,CSE,8.82,78.1,0.0,71.9
S2086,5,ECE,9.34,82.9,0.0,77.4
S1273,6,ECE,8.85,78.2,0.0,69.7
S1278,6,CIVIL ENGINEERING,8.49,80.5,0.0,73.1
S2165,6,ECE,8.84,84.1,0.0,74.9
S1529,6,CSE,8.02,79.1,1.0,71.8
S1225,4,ECE,8.77,74.5,1.0,65.6
S1539,3,MECH,8.35,72.3,2.0,61.7
S2488,1,ELECTRONICS & COMM,7.82,76.0,1.0,66.6
S2585,1,ECE,9.48,85.9,0.0,77.8
S2198,2,MECH,8.16,80.0,0.0,68.0
S2604,3,MECH,9.63,87.7,0.0,73.1
S1539,5,ME,8.25,75.3,2.0,68.3
S2351,5,CSE,8.13,77.7,0.0,66.4
S1118,2,CIVIL,9.04,84.7,0.0,72.9
S2251,6,CSE,8.3,78.7,1.0,70.2
S2628,2,CE,8.36,80.7,0.0,73.0
S1549,4,ME,9.47,92.0,0.0,82.3
S2013,2,IT,8.74,83.0,0.0,72.8
S1402,3,MECHANICAL ENGINEERING,6.98,71.4,1.0,64.7
S2794,3,ELECTRONICS & COMM,9.05,84.5,0.0,73.4
S1222,2,ECE,9.49,90.5,0.0,75.2
S2363,2,IT,9.5,91.8,0.0,85.6
S2416,6,IT,9.06,76.4,1.0,69.4
S2302,1,ME,8.51,87.1,0.0,76.3
S2662,6,MECH,7.5,71.0,0.0,59.7
S2414,6,INFO TECH,7.65,71.0,1.0,59.2
S2219,2,IT,8.11,76.0,0.0,70.7
S2141,1,CS,8.0,73.5,1.0,62.5
S2687,1,ME,7.51,69.0,3.0,62.0
S1165,3,CIVIL,8.17,82.1,0.0,75.4
S2623,2,IT,9.27,84.6,2.0,77.5
S2059,5,MECH,8.52,77.9,0.0,66.6
S2724,1,CSE,9.24,90.6,0.0,84.1
S2675,3,MECH,9.22,90.8,0.0,81.5
S2075,6,IT,8.02,74.8,1.0,68.1
S1581,6,CSE,8.42,77.1,0.0,68.7
S2415,6,MECH,7.67,77.6,0.0,65.2
S1413,3,MECH,7.99,71.2,0.0,67.2
S2274,1,CE,9.62,98.0,0.0,83.9
S2476,5,ELECTRONICS & COMM,8.43,81.6,0.0,72.2
S2046,4,INFORMATION TECH,9.22,90.1,0.0,85.4
S1200,5,CSE,8.06,77.3,1.0,67.2
S2097,6,CSE,9.14,84.3,0.0,78.2
S1254,1,MECHANICAL ENGINEERING,8.64,79.5,0.0,70.7
S2677,6,CIVIL,9.21,91.5,0.0,77.6
S2313,6,MECH,8.48,80.9,0.0,71.0
S1300,6,IT,8.87,83.4,0.0,75.8
S1170,1,MECH,8.52,82.6,1.0,75.8
S1022,3,CIVIL,10.0,96.9,0.0,89.1
S1228,3,ECE,9.23,84.3,0.0,75.9
S2586,4,ECE,9.9,94.0,0.0,89.1
S2146,1,CIVIL,7.88,77.6,0.0,77.6
S1149,4,INFO TECH,9.33,93.8,0.0,86.7
S1466,4,ECE,8.27,71.1,3.0,59.1
S2693,2,IT,8.33,82.6,1.0,77.6
S2310,2,CIVIL,7.64,74.0,0.0,64.3
S2134,6,INFO TECH,8.7,87.0,2.0,81.7
S2360,4,IT DEPT,8.28,74.7,0.0,63.6
S2450,1,CS,8.29,75.0,1.0,65.6
S2054,6,CSE,7.15,69.8,0.0,70.0
S2303,2,ELECTRONICS & COMM,6.79,71.2,0.0,68.7
S2720,6,ECE,8.18,82.3,0.0,76.1
S1542,4,CIVIL,8.72,81.4,0.0,70.5
S1202,3,MECH,8.84,90.3,0.0,77.9
S2045,5,MECH,7.77,71.3,1.0,63.0
S2774,4,IT,7.32,66.4,2.0,60.4
S2078,4,MECH,6.92,68.6,1.0,64.0
S2717,2,ME,9.43,84.6,0.0,72.8
S2570,6,CE,9.57,93.8,0.0,83.2
S1207,4,ECE,8.2,73.8,0.0,65.2
S1382,4,CSE,9.08,79.1,0.0,74.3
S1457,5,CIVIL,8.24,76.1,1.0,66.3
S1046,6,ECE,8.74,85.7,0.0,71.7
S2165,2,ECE,8.74,88.6,0.0,76.7
S1173,4,ECE,7.47,76.1,2.0,65.4
S1205,6,CSE,9.64,90.1,0.0,81.7
S1169,1,CIVIL,7.47,67.4,0.0,55.9
S2264,1,CSE,8.31,71.9,1.0,73.4
S2039,1,ME,9.06,86.4,0.0,76.6
S1423,1,MECH,8.47,88.6,0.0,79.4
S2116,4,COMP SCI,7.85,72.8,0.0,64.5
S1177,3,CIVIL,9.73,92.9,0.0,82.5
S2444,5,CSE,8.09,78.4,0.0,81.4
S2546,1,CIVIL ENGINEERING,7.45,68.3,0.0,61.0
S1047,6,MECH,8.19,71.9,0.0,62.2
S1174,6,MECH,7.33,70.0,0.0,62.6
S1220,3,ECE,8.66,79.3,0.0,72.2
S1162,3,ECE,8.03,89.0,0.0,72.2
S1397,6,IT,8.49,76.6,0.0,68.7
S2629,2,ECE DEPT,8.33,73.8,0.0,69.4
S1324,2,CSE,6.71,63.1,0.0,60.1
S2509,3,CIVIL,7.21,65.2,0.0,59.9
S1104,2,CSE,8.68,76.0,0.0,70.0
S2641,2,CSE,8.33,74.5,0.0,69.8
S1291,3,IT,7.59,74.2,0.0,70.5
S1232,5,ECE,8.01,77.4,1.0,70.7
S2654,5,IT DEPT,6.39,60.2,4.0,60.7
S2391,4,IT,9.78,99.6,0.0,92.7
S1264,2,ECE,7.6,73.4,0.0,67.1
S1276,6,CSE,8.51,80.8,0.0,70.0
S1595,5,ECE,9.3,89.8,1.0,76.5
S1393,1,CS,8.3,80.4,0.0,72.0
S1369,5,INFORMATION TECH,8.3,80.0,1.0,68.6
S2420,3,ECE,8.25,86.4,1.0,78.3
S2409,5,MECH,8.1,74.7,0.0,67.4
S1530,5,CIVIL,8.03,73.8,0.0,62.6
S1533,1,CIVIL,8.97,83.8,0.0,76.9
S1218,6,CIVIL ENGINEERING,7.13,59.1,0.0,56.1
S1096,6,ECE,8.55,79.0,0.0,74.6
S1394,3,INFORMATION TECH,8.85,82.1,0.0,69.6
S2368,1,CIVIL,9.36,90.1,0.0,82.9
S2606,2,ECE,8.34,77.2,0.0,68.4
S2562,3,CE,8.95,88.9,1.0,77.2
S1214,3,ECE,8.88,81.1,0.0,74.4
S2653,5,CIVIL,9.49,85.7,1.0,74.4
S2227,2,MECH,7.88,74.5,0.0,69.5
S2717,3,MECH,9.64,93.4,0.0,84.8
S2383,6,ECE,6.44,56.8,0.0,51.2
S2355,1,INFORMATION TECH,8.13,71.9,1.0,62.9
S1333,2,CS,8.35,76.1,0.0,67.8
S1440,6,MECH,7.96,81.8,0.0,76.2
S1045,6,MECH,7.82,73.0,2.0,60.9
S1105,6,ECE,8.53,77.4,0.0,64.0
S2544,2,CIVIL ENGINEERING,6.55,66.6,3.0,60.0
S1514,4,CSE,8.61,82.1,0.0,76.8
S1578,5,CIVIL,9.64,88.2,0.0,78.8
S2472,5,CIVIL,8.71,77.4,1.0,72.3
S2745,3,ECE,9.22,82.9,0.0,74.7
S2133,5,IT,9.16,86.9,0.0,81.2
S2071,4,CSE,9.14,85.2,1.0,72.0
S2324,6,CIVIL,6.87,61.1,0.0,54.0
S2329,1,CS,7.76,78.8,0.0,74.7
S1342,1,INFORMATION TECH,8.58,79.3,0.0,72.7
S2127,1,INFORMATION TECH,8.85,82.3,0.0,72.9
S2610,2,ECE,7.81,76.4,0.0,64.2
S1353,2,MECH,8.51,77.9,0.0,74.6
S1005,4,CE,8.37,83.0,0.0,77.9
S1341,1,CSE,7.98,76.5,2.0,69.2
S2055,5,CIVIL,8.83,87.2,1.0,74.2
S1490,5,IT,9.03,84.7,0.0,74.3
S1537,1,ECE,7.52,68.0,1.0,63.8
S2223,2,CIVIL ENGINEERING,9.5,89.3,1.0,78.3
S2036,5,CIVIL,8.56,81.8,0.0,74.0
S1022,4,CIVIL,,90.8,0.0,82.0
S2418,3,IT,7.74,71.3,1.0,71.5
S1380,5,MECH,8.81,84.7,0.0,80.1
S2167,4,MECH,8.28,81.1,0.0,71.1
S1003,2,ECE,9.61,99.3,0.0,82.8
S2721,1,COMP SCI,7.22,70.0,3.0,64.3
S2147,1,COMP SCI,9.4,87.3,0.0,81.5
S1255,2,CSE,8.38,82.9,0.0,73.9
S1395,2,INFO TECH,7.45,69.7,0.0,67.5
S2175,5,INFORMATION TECH,8.52,77.6,0.0,66.8
S1509,5,MECH,8.51,76.8,0.0,72.9
S2068,4,CIVIL,8.1,76.8,2.0,66.3
S1391,1,CIVIL,8.13,71.9,1.0,65.2
S1063,3,ECE,8.39,78.9,2.0,76.6
S2525,4,MECH,7.96,72.3,1.0,64.3
S2480,4,CIVIL,8.92,80.3,0.0,72.1
S2723,3,CSE,9.51,84.0,0.0,73.3
S1157,4,CIVIL,8.29,80.5,0.0,73.1
S1562,4,MECH,8.8,94.2,0.0,84.7
S2354,1,COMP SCI,8.85,83.2,0.0,73.3
S2163,2,CIVIL,8.15,76.9,0.0,64.1
S1358,6,ECE,8.94,82.7,0.0,73.8
S1599,4,ECE,7.79,74.1,0.0,67.7
S2617,6,IT,7.32,72.0,1.0,64.9
S2783,5,CIVIL,6.98,67.6,2.0,62.7
S2695,1,CE,7.01,65.4,2.0,60.7
S2428,3,ECE,8.89,86.1,0.0,80.4
S2004,6,CSE,8.38,78.7,1.0,72.8
S1089,2,ECE,8.57,79.2,1.0,68.0
S2020,1,COMP SCI,8.52,84.2,1.0,68.9
S2604,2,MECH,9.47,92.3,0.0,82.5
S2189,5,CSE,8.03,77.6,0.0,67.5
S1212,4,MECH,6.37,60.9,0.0,53.9
S2114,4,IT DEPT,8.1,79.0,0.0,69.3
S1233,3,MECHANICAL ENGINEERING,8.08,74.4,0.0,65.5
S2209,3,IT,7.43,70.1,0.0,63.9
S2069,2,CIVIL,8.49,75.1,1.0,65.7
S2132,5,INFORMATION TECH,9.1,84.2,0.0,73.6
S1300,4,IT,8.66,84.0,0.0,74.9
S1497,4,CSE,8.82,88.1,0.0,75.9
S1241,2,CSE,7.96,79.3,0.0,69.5
S2554,6,MECH,9.73,100.0,0.0,85.7
S1438,4,MECH,6.85,64.8,2.0,56.2
S2036,2,CIVIL,8.76,83.0,0.0,72.7
S2339,4,ECE,9.49,80.7,0.0,69.3
S2766,6,MECH,8.46,80.9,2.0,71.1
S2184,6,INFO TECH,9.79,89.9,0.0,79.4
S1286,3,CIVIL ENGINEERING,8.99,87.2,0.0,78.4
S2264,6,CSE,8.34,80.0,1.0,67.8
S1160,2,CSE,9.07,92.3,0.0,83.9
S2543,6,IT,9.4,84.3,0.0,79.6
S2762,6,MECH,8.32,79.1,0.0,67.1
S1068,2,IT,9.43,88.8,0.0,78.2
S1346,2,ECE,8.09,76.9,0.0,73.5
S1330,4,ECE,8.99,81.0,0.0,70.2
S1027,3,MECH,8.43,74.5,1.0,70.2
S2375,1,ECE DEPT,7.35,64.6,2.0,59.3
S2049,1,ME,7.05,67.6,1.0,59.9
S2309,4,ECE,9.54,92.9,0.0,80.7
S1151,3,ECE,9.0,93.6,0.0,84.8
S1059,5,ME,6.83,68.5,1.0,58.4
S2288,5,CIVIL,8.11,73.9,0.0,71.9
S2440,3,MECH,7.18,70.2,0.0,61.7
S2157,5,CIVIL,8.94,88.5,1.0,77.0
S2089,3,ECE,8.39,78.4,0.0,68.0
S2373,2,CSE,7.87,74.7,1.0,72.0
S1496,2,MECH,8.03,81.8,2.0,73.6
S1181,3,ELECTRONICS & COMM,9.14,89.7,0.0,79.8
S1487,5,IT,9.2,86.5,0.0,79.2
S1052,6,IT,8.06,71.8,1.0,64.9
S2175,1,INFORMATION TECH,8.34,80.4,0.0,73.6
S1111,2,COMP SCI,8.69,79.6,0.0,66.2
S1332,4,IT,9.54,91.5,0.0,78.8
S2011,6,MECH,9.74,97.6,0.0,87.1
S1052,1,INFO TECH,8.07,74.5,1.0,70.7
S1390,2,IT,8.65,82.6,0.0,72.1
S2199,3,ECE,9.54,87.8,0.0,77.7
S1393,5,CSE,8.35,76.0,0.0,69.8
S2018,1,MECH,7.95,80.6,1.0,77.2
S2035,1,ECE,8.32,80.3,0.0,73.4
S1322,2,IT,7.26,76.8,1.0,73.7
S2750,6,CSE,9.36,91.5,0.0,79.6
S1572,2,ECE,7.79,75.6,0.0,68.0
S1125,6,INFO TECH,8.7,81.9,0.0,79.5
S2007,3,CSE,8.95,86.2,0.0,76.2
S2523,3,ECE,8.92,86.1,0.0,74.5
S1212,1,ME,6.31,52.1,0.0,43.6
S2529,6,IT,9.78,90.5,0.0,78.3
S2761,3,CIVIL,8.78,84.8,0.0,75.6
S2762,3,MECH,8.46,78.6,0.0,68.7
S1600,2,CIVIL,8.9,77.5,0.0,76.8
S2245,3,IT,8.08,87.4,0.0,80.7
S2085,6,CSE,6.86,67.7,2.0,61.8
S2229,2,CSE,8.75,85.6,0.0,82.2
S2218,3,ECE,7.84,68.2,2.0,56.6
S1086,5,MECH,8.81,79.0,1.0,72.8
S1150,1,ECE,8.12,77.8,0.0,70.3
S1069,2,MECH,8.31,83.1,0.0,75.7
S2552,1,ECE,8.6,82.2,1.0,72.8
S1577,6,COMP SCI,7.42,67.7,1.0,64.1
S2733,6,MECH,8.79,84.7,0.0,75.9
S1035,4,MECH,9.17,87.0,0.0,79.2
S2653,6,CIVIL,9.49,88.5,1.0,79.0
S1343,3,INFORMATION TECH,8.25,81.4,0.0,70.8
S1406,1,ECE,7.41,67.4,1.0,66.7
S1042,5,IT,8.38,85.1,0.0,77.6
S2714,5,IT,7.32,60.2,2.0,49.1
S2307,2,INFORMATION TECH,8.9,82.8,1.0,69.5
S1185,4,CIVIL ENGINEERING,8.25,80.5,1.0,72.1
S2650,4,CIVIL,8.07,84.0,0.0,78.3
S2397,4,IT,8.48,82.2,0.0,75.3
S1286,4,CIVIL,8.9,84.7,0.0,72.9
S2052,6,MECH,7.35,72.5,0.0,62.4
S2640,4,MECH,9.11,89.2,0.0,85.7
S1120,2,IT,8.27,82.0,0.0,72.3
S1093,1,CIVIL,9.3,93.4,0.0,81.7
S1240,6,CIVIL,7.98,75.5,0.0,69.4
S1379,3,CIVIL,7.32,67.0,2.0,59.8
S1525,1,ECE,8.77,80.8,0.0,75.7
S1343,5,IT,8.33,70.8,0.0,65.1
S1321,6,CSE,7.63,69.2,0.0,63.9
S1106,5,MECH,7.75,78.8,0.0,69.5
S2414,5,IT,7.45,70.3,1.0,61.8
S1053,5,MECH,8.58,85.9,0.0,82.7
S2734,4,ECE,7.59,71.9,0.0,63.5
S2305,1,ECE,7.71,77.1,0.0,68.5
S1072,2,CIVIL,8.7,84.2,0.0,77.3
S2546,2,CIVIL ENGINEERING,7.41,79.4,0.0,73.5
S1018,4,ECE,6.2,58.6,0.0,52.9
S2107,3,CIVIL,5.97,50.0,4.0,44.9
S1362,4,MECH,8.16,75.3,0.0,66.0
S1285,6,IT,7.93,72.5,1.0,62.7
S1015,6,CSE,8.49,83.4,1.0,74.9
S1374,4,CIVIL,7.35,79.6,1.0,70.4
S1530,1,CIVIL ENGINEERING,8.51,79.2,0.0,68.1
S2444,2,CSE,8.61,82.2,0.0,74.2
S2523,1,ECE,8.94,84.0,0.0,77.6
S2075,1,IT DEPT,8.06,81.0,1.0,73.6
S1475,5,ME,7.83,70.6,0.0,64.1
S2462,3,CSE,7.42,65.9,1.0,65.3
S1001,2,CSE,8.88,92.3,0.0,85.0
S2424,2,ECE,7.43,66.1,2.0,55.2
S2123,6,ME,7.44,76.0,0.0,69.7
S2408,6,CSE,8.83,81.5,0.0,72.5
S1156,6,IT,8.84,87.1,1.0,76.9
S2718,3,CS,,89.0,0.0,79.6
S1454,3,MECH,8.01,80.0,0.0,70.3
S2268,4,IT,8.82,86.7,0.0,74.2
S2581,2,CSE,8.83,86.8,0.0,82.3
S1099,4,CIVIL,8.6,85.9,0.0,79.6
S1055,4,CIVIL,8.45,79.5,1.0,72.6
S2558,4,CIVIL,8.47,80.6,0.0,72.9
S1490,3,IT,9.15,88.7,0.0,80.9
S2777,2,CIVIL,8.7,79.3,1.0,70.8
S1409,1,CIVIL ENGINEERING,8.37,78.3,0.0,74.4
S1263,5,IT,8.4,82.6,1.0,80.3
S2640,2,MECH,9.14,84.7,0.0,76.6
S2686,2,CSE,7.18,65.7,1.0,60.2
S1036,4,MECHANICAL ENGINEERING,9.15,92.0,0.0,78.7
S1130,5,ECE,9.25,86.0,0.0,78.3
S2703,3,CIVIL,8.98,82.5,0.0,71.7
S1583,5,MECH,7.81,71.3,0.0,57.8
S2609,3,MECHANICAL ENGINEERING,8.27,81.4,0.0,77.8
S1341,4,CSE,7.91,80.6,2.0,67.3
S2783,2,CIVIL,6.76,68.2,2.0,61.3
S2304,3,IT,8.81,84.4,1.0,76.2
S2426,5,IT,7.37,72.7,0.0,66.5
S1262,2,IT,7.75,71.3,0.0,58.0
S1028,4,CIVIL,9.02,89.4,1.0,82.7
S2184,5,INFO TECH,9.91,96.0,0.0,92.8
S2580,5,ECE,9.3,81.3,1.0,72.1
S2299,6,CSE,9.54,93.6,0.0,84.8
S2307,4,INFORMATION TECH,8.76,81.0,1.0,70.6
S1336,4,ECE DEPT,8.69,85.9,0.0,74.6
S1046,4,ECE,8.65,79.1,0.0,72.4
S2044,3,IT,7.06,68.9,0.0,57.8
S2095,4,MECH,7.19,57.8,1.0,57.8
S2629,3,ECE,8.29,77.6,0.0,72.1
S2032,3,ECE,8.65,92.3,1.0,84.6
S1066,5,CSE,9.34,81.1,0.0,73.0
S1098,2,IT,7.78,71.0,0.0,62.8
S1455,1,ECE,7.53,62.4,0.0,52.4
S1020,3,IT,7.91,83.3,0.0,76.8
S2508,3,ECE,9.48,92.5,0.0,86.7
S2666,1,INFORMATION TECH,7.86,74.5,0.0,71.2
S2646,5,CSE,9.62,95.5,0.0,89.4
S1087,5,CSE,8.06,82.2,0.0,84.8
S1294,6,CSE,8.14,74.8,0.0,71.0
S1313,4,CS,8.65,81.9,0.0,73.9
S2293,4,MECH,7.89,74.5,0.0,64.3
S2061,6,ECE,9.27,92.6,1.0,83.9
S1558,3,ECE,8.21,78.5,2.0,71.7
S2500,5,CIVIL,9.14,96.2,0.0,89.9
S1538,3,MECH,8.89,88.2,0.0,80.6
S1088,5,MECH,7.05,66.3,1.0,59.5
S1492,1,IT DEPT,7.56,73.7,2.0,67.2
S2146,4,CIVIL,8.04,75.1,0.0,71.5
S2050,6,MECH,7.19,67.0,1.0,60.8
S2343,4,CIVIL,6.45,63.3,1.0,57.1
S1116,3,IT,7.6,79.0,0.0,70.9
S2410,6,MECH,7.88,72.6,0.0,62.9
S1160,6,CSE,9.18,87.6,0.0,83.7
S2141,5,CS,7.43,66.5,1.0,62.2
S2771,5,MECH,8.28,83.9,0.0,77.7
S2458,1,ME,9.34,87.6,0.0,76.9
S2422,6,INFO TECH,8.18,77.6,0.0,72.6
S2006,4,CIVIL,9.86,86.5,0.0,79.7
S2368,4,CIVIL,8.84,83.8,0.0,74.2
S1176,1,CSE,7.92,83.6,0.0,75.6
S1099,3,CIVIL,8.61,83.7,0.0,77.3
S1087,4,CSE,7.94,77.5,0.0,73.5
S1564,3,IT,9.14,85.6,0.0,78.4
S2013,5,IT,8.45,86.1,0.0,68.9
S2363,5,IT,9.5,89.2,0.0,79.0
S2669,3,CSE,,78.6,0.0,72.2
S2496,4,CIVIL ENGINEERING,9.57,90.2,0.0,83.0
S2264,2,CSE,8.3,79.5,1.0,75.8
S1268,6,MECHANICAL ENGINEERING,8.25,79.3,0.0,71.4
S2002,5,MECH,8.07,75.5,1.0,72.8
S2506,6,IT,8.86,74.4,0.0,69.2
S1302,4,CIVIL,8.52,75.7,0.0,67.9
S1132,6,IT,8.5,80.7,1.0,70.4
S1133,1,INFORMATION TECH,8.86,83.1,0.0,81.5
S2666,5,IT,7.39,64.7,0.0,58.2
S1310,2,MECH,9.4,86.9,0.0,81.5
S1331,1,ECE DEPT,9.21,89.8,0.0,76.6
S1539,6,MECH,8.4,81.4,2.0,74.6
S1600,5,CIVIL,8.79,78.8,0.0,70.3
S1156,4,INFORMATION TECH,8.83,86.1,1.0,78.0
S2061,4,ECE,9.21,87.8,1.0,76.4
S2548,2,CE,7.83,72.5,0.0,64.6
S2338,5,MECH,6.27,62.0,2.0,59.6
S2318,5,CE,7.85,80.5,0.0,77.4
S2413,1,IT,8.18,76.1,0.0,70.7
S1281,3,ECE,9.91,87.6,0.0,72.3
S2097,4,CSE,9.16,91.9,0.0,84.7
S2072,1,CE,8.25,78.2,1.0,70.5
S2765,1,IT,7.25,66.8,2.0,57.7
S2087,1,CIVIL,8.82,81.3,0.0,78.7
S1165,5,CIVIL,8.04,77.5,0.0,71.7
S2596,1,ECE,8.56,82.3,0.0,71.1
S1576,4,INFO TECH,8.96,79.7,0.0,70.6
S1483,5,ECE,8.49,85.5,1.0,75.8
S2030,5,IT,8.85,92.7,0.0,79.6
S2344,1,COMP SCI,9.48,95.8,0.0,89.2
S2692,4,CIVIL,8.67,85.6,0.0,73.4
S1516,4,MECH,8.95,82.7,0.0,71.5
S1526,6,CIVIL,7.29,69.2,3.0,58.0
S2245,6,IT,7.44,64.9,0.0,58.0
S2368,5,CIVIL,8.86,82.4,0.0,74.2
S1534,4,CS,9.37,87.7,0.0,84.3
S2644,1,CSE,8.74,82.4,0.0,73.7
S1184,1,ELECTRONICS & COMM,8.58,88.5,0.0,81.4
S2680,1,ECE DEPT,8.1,76.9,2.0,65.8
S1475,1,ME,7.81,73.5,0.0,63.4
S1148,5,CIVIL,9.44,81.9,0.0,76.0
S1558,1,ECE,8.23,84.2,2.0,74.9
S2634,1,IT DEPT,7.96,75.9,1.0,69.6
S2491,1,CIVIL ENGINEERING,8.44,77.4,1.0,71.5
S2417,1,CSE,8.93,84.3,0.0,76.7
S1086,6,ME,8.55,83.1,1.0,76.9
S1560,3,IT,9.67,89.6,0.0,81.2
S2206,4,ECE,6.94,63.3,0.0,54.1
S1243,2,MECH,9.13,85.0,0.0,75.4
S1593,2,ECE,8.1,77.1,0.0,73.8
S2002,4,MECH,8.2,62.5,1.0,50.3
S2757,3,CSE,8.49,80.1,1.0,72.6
S2178,4,MECH,8.16,75.3,1.0,62.0
S1418,5,CIVIL,7.94,82.7,1.0,76.4
S1500,1,ME,8.87,89.1,0.0,76.4
S2067,4,MECH,7.94,80.0,0.0,78.0
S2438,1,CIVIL,8.56,86.8,0.0,74.1
S1320,1,INFO TECH,8.02,78.4,0.0,66.4
S1152,1,CIVIL,9.3,89.9,0.0,85.6
S1005,5,CIVIL,8.43,77.8,0.0,73.6
S2721,3,CSE,7.06,68.9,3.0,63.9
S1418,6,CIVIL,7.88,73.9,1.0,67.3
S1405,5,COMP SCI,6.97,65.8,0.0,64.2
S2241,4,CIVIL,7.78,76.8,0.0,67.8
S2292,1,ME,8.79,83.3,0.0,75.0
S1128,1,IT,8.24,77.6,0.0,74.7
S2025,4,ECE,7.57,72.6,1.0,68.4
S2202,6,IT,9.56,84.7,0.0,81.4
S1048,3,ME,6.77,65.1,1.0,60.1
S1115,3,MECH,7.82,74.9,0.0,65.8
S2200,6,MECH,8.56,82.6,1.0,80.7
S1393,2,CSE,8.39,77.7,0.0,68.2
S2459,6,CIVIL ENGINEERING,9.62,93.6,0.0,82.7
S2639,5,ELECTRONICS & COMM,7.73,69.4,2.0,64.0
S2723,2,CSE,9.31,87.1,0.0,79.6
S1004,4,CSE,9.16,85.1,0.0,77.8
S1459,5,CIVIL,7.23,68.0,1.0,61.1
S1148,4,CIVIL,9.64,89.6,0.0,80.3
S2745,6,ECE,9.04,91.8,0.0,83.0
S1153,6,CIVIL,7.95,80.4,0.0,69.8
S2609,1,MECHANICAL ENGINEERING,8.2,81.1,0.0,73.9
S1174,3,MECH,7.93,77.8,0.0,68.9
S2456,6,ECE,8.31,75.8,1.0,65.0
S2622,2,MECH,8.55,80.3,0.0,71.4
S1211,6,ECE,9.17,81.0,0.0,66.5
S2164,2,MECH,8.86,79.9,0.0,73.2
S2732,6,CIVIL,8.17,81.7,0.0,79.6
S1047,2,MECH,8.94,88.2,0.0,82.4
S2248,3,MECH,8.11,76.8,0.0,70.0
S1348,3,INFO TECH,9.18,92.0,0.0,83.8
S1208,4,CSE,9.19,89.4,0.0,83.2
S1398,1,CSE,9.25,88.4,1.0,80.3
S1096,2,ECE DEPT,8.36,81.1,0.0,76.7
S1240,2,CIVIL,7.87,74.2,0.0,67.7
S2051,3,INFO TECH,7.4,74.3,0.0,63.8
S2249,2,CSE,8.98,88.9,0.0,83.8
S1208,6,CSE,9.3,95.3,0.0,84.3
S2558,1,CIVIL,8.05,73.2,0.0,65.4
S2181,2,ECE,9.3,91.8,1.0,81.5
S1588,5,MECH,8.03,80.0,0.0,73.9
S2493,6,CIVIL,8.24,74.9,0.0,72.5
S1420,1,CE,9.61,90.8,0.0,77.8
S2308,4,IT,8.28,75.8,0.0,69.1
S1168,6,CIVIL,9.68,92.3,0.0,84.6
S2485,5,MECH,9.85,90.8,0.0,84.4
S2158,2,CS,9.14,87.9,0.0,75.2
S2756,5,CIVIL,8.79,83.9,0.0,77.4
S1345,1,IT,7.93,75.6,1.0,65.8
S2293,1,ME,8.45,81.7,0.0,71.9
S2616,5,CIVIL ENGINEERING,8.13,69.6,0.0,62.5
S1282,5,CSE,10.0,98.7,0.0,94.3
S2728,6,IT,8.54,73.9,0.0,65.4
S2783,6,CIVIL,6.96,66.9,2.0,61.2
S2291,4,IT,8.85,79.0,0.0,72.8
S1050,1,MECHANICAL ENGINEERING,8.65,85.4,0.0,77.1
S1258,6,IT,7.84,71.3,0.0,64.4
S1336,3,ECE,8.81,81.0,0.0,70.3
S1555,6,MECH,9.64,93.3,0.0,82.6
S1401,4,MECH,9.76,91.7,1.0,82.5
S1355,6,CSE,9.2,87.2,0.0,77.7
S2067,3,MECH,8.08,77.1,0.0,64.6
S2748,6,CSE,8.09,72.2,1.0,65.8
S2024,4,ME,7.61,67.6,0.0,66.8
S1585,5,CSE,8.41,84.3,1.0,80.2
S2720,4,ECE,8.47,76.7,0.0,77.5
S1454,2,MECH,7.92,70.9,0.0,62.9
S2154,4,ECE,9.24,92.7,0.0,82.2
S2514,1,CIVIL,9.03,89.3,2.0,79.1
S2259,3,CE,8.15,77.5,0.0,73.8
S1469,1,CIVIL ENGINEERING,9.16,89.7,0.0,83.8
S1093,5,CIVIL,9.07,83.6,0.0,73.6
S2447,1,IT,8.43,77.8,1.0,69.5
S2759,5,ECE,8.73,80.7,0.0,70.5
S2200,2,MECH,,85.0,1.0,80.0
S1412,4,CSE,7.68,69.6,1.0,65.6
S2024,1,ME,8.08,69.3,0.0,59.6
S2115,3,IT,8.82,91.4,0.0,75.5
S2668,2,CSE,9.6,85.0,0.0,75.0
S2282,4,CIVIL,9.74,100.0,1.0,89.4
S1287,1,INFORMATION TECH,8.62,77.3,0.0,66.8
S1435,1,ME,8.61,85.8,0.0,73.5
S2670,3,ECE,7.25,67.5,1.0,61.6
S2555,1,MECH,9.11,90.3,0.0,76.9
S1285,1,IT DEPT,8.12,82.5,1.0,76.9
S2560,6,ECE,8.39,81.4,0.0,73.8
S2520,1,CS,8.43,89.6,0.0,78.7
S2483,5,CIVIL,8.81,81.0,2.0,75.4
S1357,4,CSE,8.9,90.3,0.0,83.1
S1540,6,INFORMATION TECH,7.77,69.0,2.0,64.6
S1398,2,CSE,8.96,81.7,1.0,74.1
S2119,4,CIVIL,9.14,88.2,0.0,74.2
S1215,2,ECE,8.79,83.2,1.0,76.5
S2710,6,CSE,10.0,92.8,0.0,78.3
S2621,4,IT,8.29,74.9,0.0,69.5
S1333,5,CS,8.49,79.0,0.0,70.7
S2056,1,CIVIL ENGINEERING,9.0,94.4,0.0,82.6
S2431,4,COMP SCI,8.41,81.9,0.0,76.2
S2398,4,IT,8.52,83.5,0.0,73.8
S2795,5,CIVIL,8.83,82.7,0.0,71.6
S1266,2,IT,8.21,76.4,0.0,67.9
S2765,6,IT,7.47,83.2,2.0,69.1
S1361,3,ECE,9.69,83.0,0.0,78.9
S1400,3,IT,9.83,95.2,0.0,82.5
S1053,6,MECH,8.58,81.5,0.0,73.6
S2462,2,CSE,7.32,69.3,1.0,64.5
S2774,3,IT,7.42,70.3,2.0,60.2
S1519,4,CIVIL,8.8,83.4,0.0,77.7
S2273,2,IT,8.85,91.5,0.0,81.8
S2630,4,CIVIL,7.68,76.1,1.0,67.4
S2245,5,IT,7.86,72.0,1.0,58.0
S2073,5,MECH,8.93,89.6,0.0,81.5
S1133,4,INFORMATION TECH,9.03,84.3,0.0,80.3
S1504,3,ECE,8.38,84.0,0.0,80.4
S1286,2,CIVIL ENGINEERING,8.76,82.8,0.0,70.9
S1565,4,ECE,7.72,73.5,0.0,69.0
S1007,1,COMP SCI,8.1,76.9,1.0,67.1
S2159,2,CIVIL ENGINEERING,9.52,88.8,0.0,77.6
S1153,2,CIVIL,8.49,86.2,0.0,75.6
S2354,4,COMP SCI,8.82,79.4,0.0,70.2
S2283,4,ECE,8.75,84.6,0.0,77.5
S2063,1,IT DEPT,9.34,88.6,0.0,77.0
S2296,1,ECE,8.76,82.1,1.0,76.1
S2479,4,ECE,9.3,82.6,0.0,76.9
S2089,6,ECE,8.46,84.7,0.0,76.2
S1163,3,CSE,8.06,76.7,0.0,65.1
S1164,6,ECE,8.92,85.6,0.0,76.6
S2657,6,COMP SCI,9.3,86.6,0.0,78.4
S1237,3,CIVIL,8.54,83.9,2.0,78.0
S1261,1,ECE,7.32,74.1,2.0,64.5
S2090,2,ECE,7.86,76.1,1.0,64.6
S2331,3,CS,9.15,90.6,1.0,77.7
S2628,4,CIVIL,8.45,73.4,0.0,70.5
S2111,6,CIVIL,7.98,74.3,1.0,61.4
S1226,6,CSE,6.96,63.7,1.0,60.5
S2768,1,ECE,9.56,96.8,0.0,90.8
S2237,1,CSE,7.49,72.9,0.0,64.4
S1165,4,CIVIL,8.23,77.9,0.0,76.6
S1448,1,IT DEPT,7.57,76.4,1.0,70.9
S2242,2,CIVIL,9.14,89.8,0.0,79.2
S1274,3,IT,6.41,67.1,0.0,60.1
S1216,1,CSE,8.72,79.5,0.0,73.5
S2014,4,CSE,7.45,74.7,1.0,67.8
S1231,1,ECE DEPT,7.23,78.6,2.0,72.7
S1323,2,CIVIL,8.15,77.4,1.0,68.6
S2695,5,CIVIL,6.43,64.1,2.0,55.5
S1527,5,MECH,8.36,81.6,0.0,72.6
S1339,3,IT,8.02,79.9,0.0,69.1
S1149,5,IT,9.05,83.7,1.0,76.2
S2213,5,CIVIL,8.29,77.1,0.0,67.4
S2079,2,MECH,8.88,85.2,0.0,72.9
S2110,2,CIVIL,9.26,87.2,0.0,77.4
S1001,3,CSE,8.99,92.9,0.0,85.3
S2676,1,CIVIL,8.06,77.9,1.0,68.6
S1352,4,CIVIL,8.26,77.1,0.0,62.6
S1142,4,ECE,9.1,94.3,0.0,84.4
S1457,2,CIVIL,8.23,82.5,1.0,74.5
S1412,1,CS,8.15,76.6,1.0,68.1
S1267,1,CSE,7.84,83.4,0.0,76.7
S2379,5,CIVIL,8.9,83.9,0.0,77.1
S1319,6,ME,9.03,83.0,1.0,76.7
S2257,4,CIVIL,8.18,75.4,1.0,65.9
S2341,1,ECE,7.69,71.3,1.0,61.8
S1457,1,CIVIL,8.23,74.9,1.0,66.5
S1122,1,CS,8.21,80.7,1.0,72.7
S1009,6,ECE,7.77,66.0,1.0,55.1
S1300,3,IT,8.81,83.6,0.0,75.8
S2041,6,MECH,8.4,85.4,0.0,77.9
S2402,2,CIVIL,7.57,70.2,0.0,59.5
S2698,5,CIVIL,7.18,65.6,2.0,59.5
S1426,4,COMP SCI,8.07,77.9,0.0,71.2
S1467,5,CSE,9.34,89.4,0.0,85.7
S1157,1,CIVIL,8.16,79.0,0.0,76.8
S2670,1,ECE,7.18,74.9,1.0,67.2
S1138,3,CE,8.25,88.8,0.0,77.9
S2121,2,ME,9.14,86.9,0.0,80.1
S1567,6,CIVIL,7.47,67.2,0.0,55.7
S1232,4,ECE,7.66,81.1,1.0,73.6
S1595,1,ECE,,91.7,0.0,78.5
S1148,3,CIVIL,9.37,86.3,0.0,77.0
S2305,6,ECE,8.06,71.3,0.0,65.5
S2351,4,CSE,7.93,77.5,0.0,73.7
S2349,3,MECH,7.41,63.7,0.0,56.1
S2518,6,IT,9.55,83.4,0.0,72.2
S2462,4,CSE,7.32,74.3,1.0,63.1
S1312,3,MECHANICAL ENGINEERING,9.27,86.8,0.0,80.3
S2264,4,CSE,8.32,78.7,1.0,68.1
S1002,5,MECH,8.16,71.4,1.0,58.1
S1570,2,CIVIL,8.92,90.3,0.0,86.7
S2304,4,IT DEPT,8.82,83.9,1.0,73.4
S1244,6,MECH,9.26,81.5,0.0,74.2
S1135,3,ECE,9.12,88.6,0.0,79.4
S2656,3,MECH,8.81,85.4,0.0,76.6
S2611,3,IT,7.87,72.4,0.0,66.2
S2079,1,MECH,9.03,95.2,0.0,83.0
S1352,3,CIVIL,8.4,71.5,0.0,64.5
S2699,5,CIVIL,8.59,79.0,1.0,69.3
S1341,2,CSE,8.11,79.9,2.0,77.6
S1373,3,MECH,9.08,90.9,0.0,84.5
S1161,4,CSE,7.35,67.5,1.0,60.8
S2608,2,ECE,8.52,85.6,0.0,78.4
S2150,1,CSE,9.15,89.1,0.0,74.7
S1439,5,CSE,8.4,77.9,1.0,71.2
S2416,5,IT,9.23,97.8,0.0,90.4
S2583,1,CIVIL ENGINEERING,8.34,84.9,0.0,79.5
S1118,3,CIVIL,9.14,85.8,0.0,79.5
S1072,6,CIVIL,8.23,80.5,0.0,69.5
S2132,3,INFORMATION TECH,9.0,81.2,0.0,73.7
S2413,6,IT,8.24,75.4,0.0,68.0
S1025,2,CSE,8.57,84.6,0.0,78.5
S2478,6,MECH,8.48,76.7,0.0,65.6
S1339,6,IT,7.64,66.5,1.0,59.9
S2692,5,CIVIL,8.96,89.0,0.0,84.9
S1195,2,MECH,8.35,81.2,0.0,73.5
S1584,3,CSE,9.14,87.6,0.0,75.2
S1342,5,IT,8.58,88.2,0.0,78.7
S2027,5,ELECTRONICS & COMM,8.12,67.1,2.0,62.6
S1438,3,MECH,6.93,67.0,2.0,58.9
S2148,3,ME,8.4,83.0,0.0,72.8
S2140,2,CSE,8.01,83.1,0.0,75.1
S2627,5,CSE,9.13,79.6,0.0,71.2
S2594,3,INFO TECH,8.78,84.9,0.0,76.0
S2579,2,CIVIL,6.86,59.2,0.0,49.2
S2127,6,IT,8.94,89.5,0.0,81.2
S1405,1,COMP SCI,7.54,66.5,0.0,58.5
S1211,3,ECE,9.07,79.7,0.0,68.6
S1296,2,IT,9.14,86.1,0.0,80.7
S1586,2,CSE,9.31,89.7,0.0,79.1
S1046,2,ECE,8.68,86.0,0.0,72.8
S2199,5,ELECTRONICS & COMM,9.33,90.0,0.0,81.8
S2208,2,MECH,6.97,68.1,0.0,59.8
S1041,5,ECE,9.37,93.1,0.0,85.5
S2163,1,CIVIL,8.15,75.7,0.0,64.5
S1339,5,IT,7.88,80.4,0.0,76.0
S2243,2,ME,8.65,84.6,1.0,77.2
S2667,5,CIVIL,7.29,67.5,0.0,57.8
S1136,4,IT,8.5,75.7,0.0,65.5
S2402,5,CIVIL,7.84,73.9,0.0,69.4
S2036,1,CIVIL,8.7,84.6,0.0,80.5
S2355,4,IT,8.3,84.6,1.0,75.0
S2651,4,CSE,9.01,85.0,0.0,73.0
S1301,5,CIVIL,8.04,74.6,0.0,72.2
S2708,1,ECE,8.55,77.7,0.0,69.2
S2125,3,MECH,8.6,77.5,1.0,70.2
S1411,2,IT DEPT,7.89,78.0,1.0,71.4
S1091,6,CSE,8.96,81.0,0.0,76.3
S1541,2,ECE,8.73,85.5,0.0,76.8
S1124,1,IT,8.15,76.0,0.0,62.8
S1052,5,INFO TECH,8.11,77.4,1.0,73.3
S1587,6,ELECTRONICS & COMM,9.58,93.0,1.0,85.3
S2573,6,IT,8.45,86.1,0.0,81.5
S1189,4,CS,8.17,73.3,0.0,65.2
S2325,2,MECH,8.85,89.1,0.0,85.6
S1083,1,MECH,9.36,86.1,0.0,76.7
S2086,2,ECE,9.28,88.6,0.0,80.7
S1462,4,IT,9.68,95.2,0.0,92.9
S1154,3,MECHANICAL ENGINEERING,9.16,86.3,1.0,74.0
S2690,6,INFO TECH,9.3,91.2,0.0,86.9
S1598,6,CIVIL,7.93,73.0,0.0,70.3
S2507,5,IT,6.26,56.0,2.0,51.1
S2060,6,IT,9.39,92.5,0.0,86.5
S1007,3,CSE,8.02,78.4,1.0,70.3
S2588,5,CSE,8.99,81.4,0.0,68.0
S2114,1,IT DEPT,8.5,76.0,0.0,70.0
S2589,2,CSE,,66.1,0.0,55.6
S2282,5,CIVIL,9.5,87.1,1.0,74.0
S2559,1,CSE,,82.5,1.0,69.7
S1022,5,CIVIL,9.92,86.1,0.0,76.5
S2270,4,CIVIL,9.27,93.3,1.0,84.0
S1445,4,IT,8.6,82.4,0.0,73.2
S2590,5,MECH,8.79,85.0,1.0,73.6
S1538,2,MECH,9.02,90.4,0.0,82.5
S1198,1,CSE,9.43,84.0,0.0,77.6
S2299,5,CS,9.64,89.7,0.0,86.9
S1103,3,CIVIL,9.38,91.8,0.0,80.3
S1245,3,CIVIL,7.2,68.9,1.0,63.7
S2150,4,CSE,9.24,83.4,0.0,75.6
S1508,1,INFO TECH,9.02,88.6,0.0,75.9
S1156,5,IT,9.04,84.7,1.0,73.7
S1404,2,MECH,8.23,77.2,1.0,68.8
S2248,4,MECH,8.07,77.8,0.0,65.2
S1550,1,ME,8.0,76.9,0.0,67.6
S2649,4,CSE,8.85,89.3,0.0,85.3
S1138,5,CE,8.28,78.0,0.0,73.9
S1254,4,MECH,8.79,89.9,0.0,75.9
S2539,4,CSE,7.28,71.9,0.0,61.4
S1489,3,MECH,8.44,84.9,1.0,79.5
S2106,3,IT,9.32,89.6,0.0,81.7
S1105,5,ECE,8.74,83.5,0.0,72.6
S2139,3,IT DEPT,8.43,71.4,0.0,63.9
S2043,2,ECE,7.99,76.0,1.0,68.3
S1066,1,CSE,9.47,95.3,0.0,86.1
S2125,2,MECH,8.75,83.1,1.0,77.9
S2588,3,CSE,8.69,82.5,0.0,70.7
S2386,4,MECHANICAL ENGINEERING,9.83,100.0,1.0,90.6
S2066,1,IT,8.67,85.9,1.0,74.0
S1067,5,IT,9.01,86.9,0.0,79.2
S2202,1,INFORMATION TECH,9.55,92.7,0.0,84.4
S2256,6,IT,7.96,73.4,0.0,67.6
S2645,3,IT,7.87,79.7,0.0,65.8
S1560,6,IT,9.64,88.4,0.0,80.5
S1008,5,CSE,7.79,72.6,1.0,62.8
S2343,6,CIVIL,6.46,59.5,1.0,56.7
S1082,3,ECE,8.13,82.3,1.0,72.6
S2066,4,IT,8.73,78.7,1.0,69.4
S2008,1,MECHANICAL ENGINEERING,8.4,72.9,1.0,60.5
S2022,1,IT,8.49,84.4,1.0,77.4
S2790,2,ECE,9.46,98.3,1.0,89.0
S2269,1,CE,9.04,83.5,0.0,74.3
S2502,4,ECE,8.29,77.3,1.0,65.8
S2287,4,CSE,8.11,72.5,1.0,64.7
S1119,2,IT,8.84,85.8,0.0,76.7
S2587,4,CIVIL,7.82,78.2,0.0,68.1
S1404,4,MECH,8.31,82.3,1.0,73.8
S2335,1,CSE,9.08,80.3,1.0,70.8
S1292,5,ECE,9.42,90.8,0.0,86.0
S2661,5,ECE,,84.7,0.0,76.2
S2078,1,MECHANICAL ENGINEERING,7.42,68.8,1.0,60.9
S1057,3,CIVIL,7.21,72.7,1.0,65.7
S1036,6,MECH,9.0,82.7,0.0,75.4
S2011,4,ME,9.56,89.4,0.0,80.4
S1224,4,ECE,8.34,75.0,0.0,60.2
S2789,1,CIVIL,7.73,73.6,0.0,65.4
S2337,1,ME,7.64,72.3,1.0,69.5
S2050,1,ME,8.07,81.7,0.0,71.3
S2007,5,CSE,8.75,85.6,0.0,74.2
S1055,6,CIVIL ENGINEERING,8.34,77.6,1.0,70.5
S2755,4,IT,7.3,62.2,0.0,57.2
S1501,5,CSE,6.85,67.7,2.0,65.1
S2561,1,ME,8.24,80.4,0.0,75.5
S2082,5,IT,6.75,60.9,1.0,51.4
S1520,2,IT,7.81,69.1,0.0,61.5
S1388,1,ME,8.29,75.3,0.0,68.1
S2512,2,MECH,9.17,94.1,1.0,80.8
S2569,2,MECH,8.93,83.7,1.0,77.3
S2100,4,MECH,8.3,71.9,0.0,65.8
S1592,4,IT DEPT,6.89,60.1,0.0,60.2
S1244,1,ME,9.15,81.0,0.0,73.6
S1029,4,CIVIL,7.65,65.4,1.0,57.2
S2101,4,ECE,8.5,75.3,0.0,68.1
S2690,3,IT,9.27,87.6,0.0,76.6
S1595,6,ECE,9.15,95.1,0.0,89.7
S2105,3,CS,7.69,77.3,0.0,68.3
S2260,5,ECE,6.65,61.3,2.0,57.7
S2656,6,MECH,9.03,89.0,0.0,83.8
S2431,6,COMP SCI,8.36,72.4,0.0,66.0
S2679,5,ME,9.55,92.9,1.0,86.8
S1157,3,CIVIL,8.29,76.8,0.0,63.1
S1011,1,CIVIL,7.6,68.3,3.0,62.2
S1207,5,ELECTRONICS & COMM,8.23,71.3,0.0,68.1
S2361,1,CIVIL,7.69,73.6,1.0,67.8
S2257,1,CE,8.14,79.4,1.0,63.3
S2694,5,CIVIL,7.16,67.2,0.0,59.6
S2543,5,IT,9.17,80.7,0.0,78.1
S1354,3,CSE,8.81,80.1,0.0,72.8
S1255,1,COMP SCI,8.51,87.5,0.0,80.1
S1026,4,CSE,8.79,90.0,1.0,79.0
S2458,3,MECH,9.32,85.9,0.0,81.4
S1081,2,CIVIL,7.52,70.6,0.0,63.5
S2421,3,ECE,8.06,77.3,1.0,76.4
S2144,3,CIVIL,8.46,79.9,1.0,68.0
S2584,4,CIVIL ENGINEERING,8.36,80.1,0.0,70.2
S2054,3,CSE,7.42,73.2,0.0,64.2
S1294,5,CSE,8.35,86.8,0.0,81.1
S1298,4,CIVIL ENGINEERING,7.78,79.7,2.0,72.4
S2729,5,IT,9.75,100.0,0.0,85.8
S2436,3,CSE,9.13,85.7,0.0,74.8
S2151,2,CE,9.57,89.6,1.0,77.3
S2209,6,IT,6.88,64.2,1.0,56.7
S1452,6,CSE,8.72,78.8,0.0,70.5
S2528,5,IT,7.52,76.1,1.0,66.2
S2645,5,INFORMATION TECH,7.64,70.1,0.0,61.2
S2099,6,ECE,8.98,78.5,0.0,75.6
S1223,2,MECH,7.55,67.8,1.0,58.5
S1209,3,CIVIL,9.54,88.5,0.0,83.0
S2548,6,CIVIL,7.86,77.5,0.0,70.6
S1476,5,IT,9.22,94.9,0.0,88.4
S1032,1,CS,8.56,82.5,0.0,73.0
S1190,3,MECH,7.88,74.5,1.0,62.4
S2766,3,MECH,8.37,75.5,2.0,70.1
S1344,1,CSE,8.33,78.2,0.0,68.7
S2691,5,IT,9.04,92.4,0.0,80.9
S2690,5,IT,9.52,83.5,0.0,79.1
S1025,5,CSE,8.73,87.2,0.0,80.9
S2088,3,CSE,8.88,85.1,0.0,73.8
S2215,6,IT,9.16,91.6,0.0,82.3
S2765,5,IT,7.65,76.4,2.0,71.0
S1561,4,IT,7.59,75.3,1.0,63.9
S2199,1,ELECTRONICS & COMM,9.31,87.6,0.0,79.8
S1478,5,CIVIL,10.0,96.1,0.0,86.4
S2030,3,IT DEPT,9.19,95.3,0.0,85.5
S1232,1,ECE,7.78,70.7,1.0,60.9
S2391,2,IT,9.82,90.8,0.0,88.3
S1512,2,IT,7.5,70.9,0.0,65.1
S2674,2,IT DEPT,8.84,86.3,0.0,79.5
S2350,2,MECH,9.55,92.0,0.0,85.5
S2005,6,MECH,9.24,90.8,0.0,82.7
S2775,4,ECE,9.35,90.5,0.0,81.0
S2200,4,MECH,8.43,82.0,1.0,75.7
S1505,5,INFORMATION TECH,7.8,63.1,0.0,60.1
S1495,6,MECH,7.16,63.6,0.0,57.7
S2738,4,CSE,8.05,82.5,0.0,72.5
S1285,5,IT,8.04,75.0,1.0,64.5
S1493,2,CSE,7.95,75.3,0.0,66.0
S1076,5,CS,7.58,70.7,0.0,63.5
S2561,5,ME,8.35,75.9,0.0,69.7
S2423,5,ECE,9.28,84.5,0.0,77.7
S2713,3,CIVIL,8.48,80.5,0.0,73.0
S2469,4,IT DEPT,8.55,84.9,0.0,76.1
S1102,4,MECH,9.13,83.5,1.0,74.0
S2111,4,CIVIL,7.99,75.6,1.0,70.1
S2205,3,CIVIL,7.69,67.2,1.0,64.6
S2705,3,ECE DEPT,9.52,91.6,0.0,82.9
S1346,5,ECE,7.95,73.1,0.0,63.1
S2076,3,ECE,8.49,80.6,1.0,63.9
S2653,1,CIVIL,9.43,84.5,1.0,77.3
S1271,3,MECH,8.36,79.0,1.0,69.1
S2181,4,ECE,9.2,88.8,1.0,73.2
S2317,2,IT DEPT,8.14,75.2,0.0,69.6
S2591,2,ECE,7.95,67.5,1.0,56.9
S2621,1,INFORMATION TECH,8.17,86.1,0.0,76.0
S2367,1,CIVIL ENGINEERING,8.84,77.5,0.0,71.5
S2598,3,ME,7.58,81.0,1.0,71.7
S2749,4,ECE,9.24,91.4,0.0,86.9
S2580,4,ECE,9.26,88.8,1.0,77.8
S1007,5,CSE,8.04,73.2,1.0,62.7
S2313,4,MECH,8.64,93.6,0.0,81.7
S1349,2,IT,8.44,86.4,0.0,78.5
S2055,1,CIVIL,8.69,83.7,1.0,78.4
S1363,4,ECE,7.92,70.8,1.0,63.4
S2619,6,CSE,8.28,81.6,0.0,71.7
S2729,6,IT,9.79,97.0,0.0,84.4
S1013,3,ECE,8.08,84.6,1.0,78.5
S2792,5,CIVIL,8.35,82.4,0.0,72.2
S2034,1,IT DEPT,9.06,84.4,1.0,81.0
S1443,6,CSE,7.64,72.9,0.0,62.1
S1531,1,ECE,7.44,81.6,2.0,76.7
S1347,1,MECHANICAL ENGINEERING,9.27,91.7,0.0,79.4
S1074,4,MECH,9.12,92.4,0.0,82.0
S2722,2,IT,7.55,68.6,0.0,64.1
S1342,6,IT,8.81,87.2,0.0,76.9
S1424,4,ECE,8.93,87.6,0.0,79.0
S1217,6,CIVIL,9.23,84.7,0.0,76.9
S2380,4,ECE,7.2,73.5,1.0,66.6
S1572,5,ECE,7.27,62.4,1.0,50.1
S1218,3,CIVIL,7.75,76.7,0.0,65.4
S1040,3,ECE,8.68,84.0,0.0,77.3
S2684,2,CIVIL,9.14,83.2,0.0,76.6
S1434,2,MECH,8.91,85.2,0.0,75.7
S2170,3,IT,9.2,89.9,0.0,82.5
S1429,6,ECE,8.17,76.2,1.0,69.1
S1547,5,MECH,10.0,91.8,1.0,81.2
S1532,1,CIVIL,9.75,93.2,0.0,83.4
S2059,6,MECH,8.24,75.3,0.0,62.6
S1462,3,IT,9.48,94.8,0.0,88.0
S2206,2,ECE,7.1,73.4,0.0,73.5
S2104,6,CS,9.12,83.7,0.0,81.0
S1352,1,CE,8.66,83.0,0.0,74.3
S1447,4,CSE,7.79,77.9,0.0,72.8
S2621,6,IT,8.48,73.5,0.0,63.3
S1461,2,MECH,8.26,75.7,0.0,65.3
S2182,3,CSE,7.53,73.6,2.0,68.4
S2300,6,CIVIL,7.94,72.5,0.0,65.8
S1232,2,ECE,7.99,78.4,1.0,66.4
S1484,4,CSE,8.04,77.4,0.0,69.0
S1597,2,CIVIL,8.96,83.6,0.0,73.5
S2638,6,IT,7.87,74.2,0.0,69.0
S2724,5,CSE,9.55,91.5,0.0,80.0
S2581,4,CSE,8.77,75.1,0.0,65.4
S1210,3,ECE,8.29,72.6,0.0,65.7
S2234,3,MECH,7.45,64.9,0.0,58.7
S2376,4,CSE,7.28,65.9,0.0,59.6
S1214,2,ECE,8.88,77.4,0.0,70.3
S2770,4,IT,7.48,74.4,1.0,64.4
S1135,1,ELECTRONICS & COMM,9.41,87.8,0.0,78.6
S1260,2,MECH,8.82,78.2,0.0,71.0
S2780,3,ECE,8.68,84.7,0.0,73.7
S1532,5,CIVIL,9.85,92.2,0.0,84.1
S2162,1,CIVIL ENGINEERING,8.03,77.6,0.0,74.6
S2201,3,CSE,9.53,91.2,0.0,88.5
S2595,3,CSE,8.72,83.2,0.0,74.9
S2207,6,CIVIL,9.32,88.4,0.0,78.5
S1600,1,CIVIL,8.72,84.9,0.0,78.5
S2406,6,ECE DEPT,6.67,76.3,1.0,70.5
S2543,1,IT DEPT,9.14,91.6,0.0,87.8
S2560,5,ECE,8.43,72.5,0.0,60.9
S1321,1,CS,7.66,73.8,0.0,66.8
S1086,4,MECH,8.81,77.2,1.0,70.5
S2097,2,CSE,8.98,84.9,0.0,76.9
S2541,4,MECHANICAL ENGINEERING,7.95,71.1,0.0,64.4
S1219,1,ECE,7.95,79.9,1.0,74.3
S2345,4,MECH,9.29,88.6,1.0,75.4
S1153,3,CIVIL,8.32,72.8,0.0,65.9
S1576,3,IT,8.97,90.0,0.0,74.3
S2016,6,MECHANICAL ENGINEERING,7.24,70.5,0.0,64.4
S2108,1,COMP SCI,7.75,73.8,2.0,73.6
S1527,1,ME,9.17,84.8,0.0,77.2
S1367,3,CIVIL,7.97,81.7,1.0,70.2
S1130,1,ECE,9.22,87.8,0.0,77.6
S2138,4,ECE,9.0,85.5,0.0,81.0
S2426,1,IT,8.06,72.3,0.0,63.1
S2417,2,CSE,8.74,81.5,0.0,68.9
S1158,2,CSE,8.27,80.1,1.0,67.8
S1138,1,CE,,74.4,0.0,70.0
S2547,3,CSE,8.87,87.7,0.0,81.2
S2235,2,ECE,8.86,81.2,0.0,73.8
S2503,1,INFORMATION TECH,9.15,88.2,0.0,76.3
S2113,6,CSE,8.32,72.5,0.0,64.8
S1028,3,CIVIL,8.86,87.0,1.0,77.8
S2158,6,CSE,9.18,86.7,0.0,76.9
S2064,6,CSE,8.94,92.7,0.0,85.4
S1424,1,ECE,8.93,91.0,0.0,78.1
S2560,4,ECE,8.43,75.5,0.0,69.5
S1532,6,CIVIL,10.0,99.4,0.0,82.6
S1219,4,ECE,8.29,78.6,1.0,66.1
S2751,5,CSE,9.06,82.8,0.0,71.5
S2268,6,IT,8.61,84.7,0.0,80.6
S2784,5,ELECTRONICS & COMM,8.24,77.2,0.0,72.2
S2298,2,CSE,6.86,70.4,1.0,68.5
S2684,4,CIVIL,8.69,82.0,0.0,77.1
S2013,4,IT,8.42,76.7,0.0,68.5
S2604,1,MECHANICAL ENGINEERING,9.62,93.2,0.0,86.7
S2521,3,IT,8.55,78.7,0.0,76.3
S1551,1,CIVIL,8.5,81.4,0.0,72.3
S1552,5,IT,8.21,80.3,0.0,74.5
S2551,5,CIVIL,9.69,93.2,0.0,78.6
S2604,4,MECH,9.48,90.4,0.0,77.2
S2382,1,INFO TECH,7.8,74.3,1.0,67.9
S1416,1,CIVIL ENGINEERING,7.62,71.8,2.0,63.8
S2418,2,IT,7.63,68.5,1.0,58.5
S2393,3,ECE,8.08,74.1,1.0,65.7
S2135,5,COMP SCI,8.17,74.7,0.0,67.0
S1139,5,CSE,6.86,57.7,1.0,54.0
S1514,2,CS,8.57,87.1,0.0,83.9
S1578,1,CIVIL,9.5,86.4,0.0,80.7
S2283,6,ECE,8.43,85.8,1.0,77.2
S2749,5,ECE,9.24,91.0,0.0,80.6
S1010,1,CIVIL,8.24,76.8,2.0,66.3
S2439,3,CIVIL,7.74,74.1,0.0,66.1
S2078,3,MECH,7.18,73.2,1.0,62.6
S2451,6,CIVIL,8.61,82.2,0.0,73.3
S1317,6,ECE,9.45,87.9,0.0,83.6
S1247,6,CIVIL,8.31,72.0,0.0,61.9
S2213,2,CIVIL,7.97,74.8,0.0,67.3
S2216,6,CS,9.52,92.6,0.0,80.5
S2092,5,CIVIL,7.18,58.9,1.0,49.8
S2579,1,CIVIL ENGINEERING,6.91,62.3,0.0,52.6
S2403,5,CSE,8.61,81.1,2.0,72.9
S2222,1,ELECTRONICS & COMM,8.89,83.7,0.0,71.0
S1158,5,CSE,8.45,83.2,1.0,72.1
S2367,2,CIVIL ENGINEERING,8.84,81.2,0.0,70.2
S1549,6,ME,9.17,83.5,0.0,75.6
S1361,2,ECE,9.59,92.2,0.0,82.1
S2248,2,MECH,8.05,75.8,0.0,66.3
S2764,2,CIVIL,9.25,94.2,0.0,77.2
S2703,6,CIVIL ENGINEERING,9.08,87.0,0.0,74.8
S1510,4,CSE,8.4,89.6,0.0,80.5
S2624,5,ECE,9.91,95.0,1.0,85.4
S2316,1,INFORMATION TECH,9.34,84.5,0.0,77.9
S2523,2,ECE,8.57,81.4,0.0,75.8
S1129,1,ME,8.75,85.8,0.0,76.6
S1345,2,IT,7.94,73.7,1.0,63.3
S2782,4,IT,7.41,62.6,1.0,56.0
S1583,4,MECH,8.1,74.2,0.0,65.4
S2619,4,CSE,8.46,85.8,0.0,77.9
S1048,4,MECH,6.94,69.4,1.0,61.8
S1251,1,ECE,8.58,85.6,0.0,82.8
S2155,1,INFORMATION TECH,7.55,71.1,0.0,66.7
S2768,5,ECE,9.63,95.1,0.0,89.9
S1389,5,CIVIL,8.21,70.7,0.0,66.9
S1453,6,ECE,8.89,90.2,1.0,82.2
S1347,4,MECH,9.2,85.1,0.0,72.5
S1565,6,ECE DEPT,8.01,78.4,0.0,70.7
S1121,3,ECE,8.77,80.4,1.0,75.7
S1159,4,CSE,7.92,76.2,0.0,69.2
S2741,6,CIVIL,7.94,75.3,1.0,73.1
S1165,6,CIVIL,7.95,74.9,0.0,67.8
S1536,3,CSE,8.91,77.7,1.0,71.2
S1294,2,CSE,8.58,80.6,0.0,76.0
S2664,4,ECE,8.57,73.2,1.0,66.8
S2138,1,ECE,9.19,88.1,0.0,79.8
S2518,3,IT,9.65,89.1,0.0,82.5
S2314,2,ECE,8.14,72.4,0.0,64.6
S1288,3,IT,8.58,79.5,0.0,74.4
S2100,6,ME,8.27,76.4,0.0,64.3
S1057,6,CIVIL,6.8,60.6,1.0,58.0
S2017,6,MECH,8.88,79.5,0.0,74.0
S2108,2,CSE,8.11,80.1,2.0,69.9
S1115,5,MECH,8.02,73.9,0.0,65.2
S1573,1,ECE,8.4,77.6,0.0,71.5
S2268,2,IT DEPT,,79.0,0.0,73.1
S2225,1,IT DEPT,8.91,83.4,0.0,75.5
S1162,1,ECE,8.17,78.1,0.0,67.8
S1521,1,ECE DEPT,7.71,74.6,0.0,69.1
S2780,1,ECE,8.87,95.9,0.0,83.2
S1368,2,MECH,7.53,68.0,1.0,59.9
S1453,2,ECE,8.48,77.5,1.0,68.8
S2193,6,CIVIL,9.53,92.8,1.0,86.4
S2250,5,IT DEPT,7.87,70.7,1.0,64.8
S2757,2,COMP SCI,8.61,80.5,1.0,69.7
S2789,2,CIVIL,7.48,74.0,0.0,68.7
S2757,6,COMP SCI,7.98,81.1,2.0,72.4
S2281,1,ME,7.18,63.5,0.0,56.1
S2396,6,CSE,8.71,81.3,0.0,74.5
S1596,3,ECE,8.77,79.8,0.0,75.8
S2201,6,CSE,9.78,94.3,0.0,92.5
S2284,2,MECH,8.14,87.2,0.0,77.4
S1332,5,IT,9.33,85.4,0.0,70.0
S2087,5,CIVIL,8.94,81.2,0.0,72.8
S2194,2,MECH,9.0,84.2,0.0,77.7
S2284,1,ME,8.37,71.4,0.0,62.8
S2746,2,CSE,7.52,72.1,0.0,63.3
S2229,4,COMP SCI,8.62,85.2,0.0,73.7
S1160,1,CS,9.12,86.7,0.0,83.6
S2240,1,IT,8.99,87.9,0.0,77.7
S2531,4,CE,9.24,93.3,0.0,80.5
S2001,1,ELECTRONICS & COMM,9.4,88.1,0.0,85.9
S2482,5,ECE,8.03,75.5,1.0,64.1
S2788,2,MECHANICAL ENGINEERING,7.97,85.3,0.0,78.1
S1080,1,MECH,8.31,79.2,0.0,67.3
S2669,4,CS,8.32,81.1,0.0,71.8
S1065,2,IT,7.73,69.0,0.0,65.0
S2744,2,ECE,8.12,90.3,0.0,78.4
S1271,6,MECH,8.63,84.8,1.0,75.7
S1090,3,ECE,9.27,82.9,0.0,75.5
S2465,4,IT,9.75,88.9,1.0,81.5
S2239,5,CIVIL,7.2,66.7,1.0,59.7
S2103,1,INFO TECH,7.22,73.5,1.0,70.9
S2477,1,ECE,9.08,90.5,0.0,79.1
S1585,4,CSE,8.37,79.1,1.0,69.4
S1034,4,MECH,6.72,59.8,1.0,57.1
S2618,3,ECE,8.41,87.8,1.0,76.1
S1223,1,MECH,7.72,74.3,1.0,63.8
S2586,3,ECE,9.91,86.6,0.0,72.0
S1584,5,CSE,9.03,88.1,0.0,78.1
S1452,3,CSE,8.61,86.4,0.0,81.5
S2406,1,ECE DEPT,7.42,64.6,1.0,61.1
S2239,4,CIVIL,7.32,69.9,1.0,57.5
S2486,5,CIVIL,8.73,79.6,0.0,73.3
S2178,1,MECHANICAL ENGINEERING,8.25,76.1,1.0,68.6
S1310,1,MECHANICAL ENGINEERING,9.1,84.9,0.0,71.5
S2771,6,MECH,8.33,75.8,0.0,71.8
S1479,5,ECE,6.42,52.2,1.0,46.4
S1506,1,INFORMATION TECH,8.69,87.1,0.0,81.0
S1201,6,MECH,6.69,68.3,2.0,64.3
S2494,6,COMP SCI,7.65,76.2,2.0,68.1
S1275,2,ELECTRONICS & COMM,8.73,78.0,0.0,75.8
S1570,4,CIVIL,8.96,80.7,0.0,74.5
S1580,3,IT,8.16,76.3,1.0,70.0
S2695,6,CIVIL,6.31,59.0,2.0,55.1
S1477,6,ECE,9.04,83.4,0.0,77.9
S2322,1,INFO TECH,8.26,77.2,0.0,63.3
S2554,5,MECH,9.61,97.9,0.0,87.5
S2033,6,MECH,9.51,84.6,0.0,75.4
S1562,3,MECH,8.43,83.3,0.0,74.5
S1562,2,ME,8.6,79.7,0.0,69.2
S1589,6,CSE,7.9,68.7,2.0,63.5
S2600,3,IT,9.37,86.7,3.0,73.6
S2751,1,COMP SCI,9.02,86.2,0.0,77.0
S2252,4,MECH,7.44,74.1,1.0,65.7
S2405,1,IT DEPT,7.98,77.1,0.0,73.6
S1575,6,MECH,9.53,85.8,0.0,75.3
S1101,4,MECH,7.86,77.7,1.0,72.9
S1510,3,CSE,8.33,80.8,0.0,72.1
S2739,6,IT,9.23,89.9,0.0,81.6
S1022,1,CIVIL,9.86,87.6,0.0,78.9
S2394,2,MECH,8.19,74.4,1.0,66.0
S2047,1,MECHANICAL ENGINEERING,7.24,72.0,2.0,68.0
S1490,2,IT,9.03,87.7,0.0,79.4
S2617,5,IT DEPT,7.48,65.0,1.0,62.3
S2308,2,INFORMATION TECH,8.2,79.0,0.0,67.5
S2592,6,ECE,9.57,89.7,0.0,78.6
S2142,6,CSE,7.1,68.6,1.0,67.1
S2592,2,ELECTRONICS & COMM,9.46,93.2,0.0,80.1
S1589,4,CSE,7.81,70.9,2.0,71.3
S1456,1,CIVIL,8.21,85.7,0.0,70.9
S1138,6,CE,8.26,80.4,0.0,77.5
S1274,2,IT,6.78,63.1,0.0,57.8
S1165,1,CIVIL,8.4,77.5,0.0,69.1
S1547,6,MECH,9.87,96.2,1.0,82.0
S1365,5,CSE,8.08,80.5,0.0,72.9
S1378,4,MECH,9.04,75.4,1.0,68.1
S1408,2,IT,7.33,78.2,0.0,70.5
S1061,3,IT,8.09,72.1,1.0,66.2
S1392,4,MECH,9.24,89.9,0.0,81.1
S1058,4,CIVIL,6.41,58.9,2.0,55.1
S1136,5,IT DEPT,8.48,76.1,0.0,73.0
S2428,5,ECE,8.44,79.3,1.0,69.9
S2202,2,IT,9.5,86.3,0.0,78.6
S1535,2,CSE,8.28,75.8,0.0,56.8
S2719,6,MECH,7.56,66.9,1.0,66.1
S1487,4,IT,9.2,84.7,0.0,76.4
S2394,4,MECH,8.26,78.9,1.0,68.2
S1555,2,MECH,9.57,88.8,0.0,77.3
S2085,3,CSE,7.29,70.9,1.0,64.3
S2364,2,CSE,7.94,70.5,1.0,60.8
S1353,5,ME,8.19,75.9,1.0,70.8
S2642,5,CIVIL,8.22,76.2,0.0,67.2
S1306,5,MECH,9.12,81.5,1.0,75.6
S1133,2,IT,8.98,83.1,0.0,76.2
S2644,2,CSE,8.62,88.7,0.0,82.2
S1326,6,CSE,6.89,73.2,1.0,66.9
S2550,5,CIVIL,9.56,87.0,0.0,74.7
S1446,5,MECH,7.61,74.3,1.0,68.4
S1016,5,IT,6.95,63.1,1.0,52.1
S2105,2,CSE,7.77,79.2,0.0,78.2
S2027,1,ELECTRONICS & COMM,8.8,92.7,1.0,84.7
S1482,6,ECE,9.73,85.5,0.0,83.7
S1396,2,CIVIL,8.99,85.8,1.0,74.2
S2675,4,MECH,9.17,85.7,0.0,77.8
S2639,1,ELECTRONICS & COMM,7.58,76.1,2.0,72.3
S2766,1,MECH,8.18,83.6,2.0,69.1
S1539,1,ME,8.17,74.4,2.0,64.2
S2427,3,CS,8.38,74.9,1.0,76.5
S2460,6,IT,8.08,77.3,0.0,70.1
S2400,3,IT DEPT,7.25,71.2,2.0,67.2
S2714,6,INFO TECH,7.18,68.1,2.0,64.6
S2769,4,IT,7.41,68.8,0.0,58.9
S2622,1,MECHANICAL ENGINEERING,8.76,83.0,0.0,77.9
S2405,5,IT,8.1,72.7,0.0,72.3
S1476,4,INFORMATION TECH,9.09,87.8,0.0,83.7
S2796,6,INFORMATION TECH,8.36,75.6,0.0,70.1
S1486,3,CIVIL,8.27,77.9,0.0,75.1
S1311,6,MECH,7.69,70.8,0.0,70.5
S2360,1,IT DEPT,8.23,77.4,0.0,69.9
S2169,5,CIVIL,7.31,71.8,0.0,64.4
S1310,4,MECH,9.34,92.9,0.0,84.0
S1441,6,ECE,8.11,79.5,1.0,68.4
S1374,6,CIVIL,7.44,73.2,1.0,62.7
S2296,4,ECE,8.88,82.1,1.0,77.5
S1390,3,IT,8.75,86.7,0.0,79.2
S1159,3,CSE,8.04,77.8,0.0,63.9
S2664,1,ECE DEPT,8.97,87.0,1.0,80.9
S2753,1,CSE,7.91,74.3,0.0,61.5
S1512,3,INFO TECH,7.54,73.3,0.0,66.3
S1187,5,CIVIL,8.52,73.1,1.0,68.3
S2669,1,CS,8.34,85.9,0.0,79.6
S1433,6,CSE,8.55,80.7,0.0,72.8
S1368,3,MECH,7.65,67.7,1.0,58.7
S1070,6,CSE,6.96,64.8,1.0,58.5
S1154,5,MECHANICAL ENGINEERING,9.2,85.4,1.0,75.5
S1210,1,ECE DEPT,8.4,76.5,0.0,69.1
S1080,4,MECH,7.9,79.7,0.0,70.5
S1340,2,CIVIL,8.96,89.3,1.0,81.1
S2302,3,MECH,8.58,86.2,0.0,77.7
S2365,5,MECH,9.21,86.8,1.0,82.2
S2358,1,ELECTRONICS & COMM,8.4,79.2,0.0,71.4
S2678,6,MECH,8.01,77.9,1.0,69.0
S2328,6,ECE,8.55,84.3,1.0,80.0
S2517,2,CSE,8.2,81.2,0.0,69.2
S1201,3,MECHANICAL ENGINEERING,6.89,62.6,1.0,56.7
S2490,1,ELECTRONICS & COMM,8.88,80.0,2.0,71.2
S1438,5,ME,7.01,69.5,2.0,68.1
S2361,6,CIVIL,7.79,74.6,1.0,69.0
S1329,3,CIVIL ENGINEERING,8.61,73.2,0.0,69.1
S1519,3,CIVIL,8.7,79.3,0.0,67.9
S2070,5,ECE,7.15,60.0,2.0,54.5
S1359,4,ECE DEPT,8.19,78.5,0.0,75.9
S2015,4,IT,8.67,82.5,0.0,74.8
S2220,3,ME,7.34,64.0,1.0,59.1
S1333,6,CSE,8.21,75.3,0.0,66.7
S2073,2,MECH,8.85,83.9,0.0,77.6
S2167,3,ME,8.14,75.9,0.0,63.4
S1510,1,CSE,8.34,78.7,0.0,74.6
S1209,1,CIVIL,9.37,86.9,0.0,80.7
S1366,3,MECHANICAL ENGINEERING,8.58,81.9,0.0,71.8
S1453,1,ECE DEPT,8.73,80.7,1.0,70.8
S1166,3,CIVIL,8.51,82.5,1.0,75.2
S1366,1,MECHANICAL ENGINEERING,8.74,93.0,0.0,82.8
S2179,3,CE,7.88,75.9,0.0,64.5
S2258,1,CS,8.17,79.7,0.0,65.6
S2398,3,IT,8.38,79.9,0.0,71.5
S2495,2,CSE,6.96,61.8,0.0,53.8
S2028,1,COMP SCI,8.9,84.6,0.0,77.4
S2558,2,CIVIL,8.25,83.0,0.0,75.9
S1600,4,CIVIL,8.9,87.5,0.0,77.8
S2186,2,CIVIL,9.46,94.7,0.0,83.6
S1220,5,ECE,8.6,81.5,0.0,69.2
S1311,4,MECH,7.42,70.2,0.0,63.1
S1391,4,CIVIL,8.25,81.3,1.0,78.3
S1409,2,CIVIL ENGINEERING,8.43,77.2,0.0,72.0
S1357,1,CSE,9.02,85.5,0.0,78.0
S1178,4,CS,5.84,53.7,1.0,50.4
S2379,1,CIVIL ENGINEERING,9.03,93.5,0.0,86.7
S1101,1,ME,7.58,70.4,1.0,58.3
S2105,4,CS,7.39,65.4,0.0,58.5
S1437,6,CIVIL,8.96,93.6,1.0,87.2
S2663,6,CIVIL,8.01,70.4,0.0,62.7
S1013,6,ECE,8.14,71.5,1.0,58.8
S2658,5,ECE,9.44,87.5,1.0,79.3
S1484,1,CSE,7.88,69.7,0.0,63.9
S2425,5,MECH,8.09,78.0,1.0,72.4
S2623,1,INFORMATION TECH,9.2,81.1,2.0,74.1
S2204,3,ECE,7.16,64.2,0.0,56.6
S1220,1,ECE DEPT,8.66,82.3,0.0,75.3
S2742,3,ECE,8.52,85.1,1.0,81.3
S2392,2,CSE,9.24,86.7,0.0,78.5
S2469,6,IT DEPT,8.55,82.7,0.0,73.6
S2744,6,ECE,8.2,80.6,0.0,75.2
S1146,3,IT,9.16,77.3,1.0,73.6
S2042,5,IT,7.02,61.8,1.0,53.8
S2312,3,CIVIL,7.38,75.0,0.0,67.2
S2392,6,CSE,9.24,86.6,0.0,76.3
S2008,2,MECHANICAL ENGINEERING,8.4,80.7,1.0,74.8
S1495,2,ME,7.44,71.6,0.0,57.4
S1566,2,CSE,7.45,71.8,1.0,72.2
S2303,4,ECE,6.6,64.7,0.0,56.5
S1427,5,CIVIL,7.62,72.6,2.0,61.6
S1262,5,IT,7.66,74.8,0.0,65.8
S1440,2,MECH,8.67,88.5,0.0,80.0
S2277,1,CIVIL,7.33,68.3,0.0,64.1
S1589,3,CSE,7.78,75.7,2.0,71.7
S1063,4,ECE,8.42,89.3,2.0,77.0
S1319,1,ME,8.84,84.2,1.0,74.0
S2139,2,IT,8.34,75.8,0.0,76.1
S2732,1,CIVIL,7.91,74.0,0.0,66.1
S2746,6,CSE,7.37,70.4,0.0,58.8
S2072,2,CIVIL,8.01,71.3,1.0,58.6
S2477,6,ECE,8.44,85.7,0.0,77.5
S1268,3,MECH,7.92,80.4,0.0,74.6
S1187,3,CIVIL,8.72,81.6,1.0,76.0
S2013,6,IT,8.17,72.5,1.0,61.6
S1582,5,CSE,8.44,76.0,1.0,70.7
S1340,5,CIVIL,8.32,77.8,1.0,68.9
S2687,2,MECH,7.23,74.0,3.0,67.6
S2407,4,MECH,8.08,73.9,0.0,70.3
S1494,1,CSE,9.61,99.5,1.0,86.0
S1471,5,IT,7.62,71.8,2.0,67.0
S2738,2,CSE,7.99,82.7,0.0,82.2
S1397,1,IT,8.29,79.2,0.0,73.2
S2790,3,ECE,9.45,90.9,1.0,84.2
S1224,5,ECE,8.3,82.4,1.0,76.2
S1054,3,ECE,8.27,74.5,1.0,66.3
S1270,6,CIVIL,6.79,61.2,0.0,58.9
S2019,6,INFO TECH,8.61,79.8,1.0,75.0
S2282,2,CIVIL,9.49,85.1,1.0,76.4
S1344,3,CSE,8.58,80.0,0.0,71.4
S1370,6,ECE,8.87,90.1,0.0,78.0
S1279,6,CSE,7.75,83.8,0.0,71.2
S2407,3,MECH,8.15,75.6,0.0,70.1
S1044,3,CIVIL,7.5,78.4,1.0,67.1
S2760,3,CIVIL,9.02,79.6,1.0,71.5
S2198,4,MECH,8.17,73.3,0.0,65.8
S1151,2,ELECTRONICS & COMM,8.96,84.8,0.0,73.0
S2025,1,ECE,7.41,71.3,1.0,64.2
S2468,1,COMP SCI,9.06,87.0,0.0,75.5
S1338,5,CIVIL,,80.6,1.0,65.0
S2565,5,MECH,9.18,88.4,1.0,80.3
S2680,5,ECE,8.11,71.4,2.0,63.5
S2106,5,IT,8.92,89.9,0.0,80.2
S1320,4,IT,8.27,81.1,0.0,70.3
S1305,5,ME,8.8,77.8,0.0,75.3
S1263,2,INFO TECH,8.44,82.2,1.0,75.7
S2136,6,IT,8.73,83.1,0.0,73.1
S2192,4,CIVIL,8.88,89.8,0.0,83.2
S2439,6,CIVIL,7.96,74.7,0.0,70.3
S2751,2,CSE,9.09,86.1,0.0,79.6
S2176,5,ECE,8.26,76.8,0.0,64.7
S2448,2,MECH,9.42,92.1,0.0,76.3
S2102,3,CSE,8.69,79.3,1.0,78.4
S2172,2,CSE,7.91,74.0,0.0,69.5
S1038,3,MECH,9.02,91.0,0.0,81.0
S1121,4,ECE,8.69,81.0,1.0,77.2
S2773,5,MECH,7.11,61.7,0.0,53.9
S2564,2,CIVIL,8.84,83.5,2.0,76.3
S1191,2,CSE,8.69,82.4,1.0,73.8
S2322,4,IT,8.53,78.8,0.0,72.3
S2479,2,ECE,9.09,83.6,0.0,80.2
S2361,5,CIVIL,7.83,71.4,1.0,69.1
S2645,4,IT,7.79,79.2,0.0,70.1
S2769,6,IT,7.15,61.0,0.0,49.7
S2326,5,ECE,8.46,83.2,1.0,76.9
S2599,6,IT,7.43,70.8,1.0,63.7
S2319,4,ECE,8.97,83.0,0.0,73.5
S1461,3,ME,8.19,82.4,0.0,79.4
S1142,1,ELECTRONICS & COMM,,89.2,0.0,78.3
S2115,6,IT,8.77,82.8,0.0,77.0
S2327,5,IT,7.8,72.6,2.0,64.2
S2520,4,CSE,8.65,78.5,0.0,74.5
S2241,3,CIVIL,7.88,77.9,0.0,68.7
S2420,4,ECE,8.32,74.6,1.0,68.2
S1426,2,CSE,8.45,75.1,0.0,64.7
S2355,2,INFORMATION TECH,8.48,83.3,1.0,68.9
S1489,1,MECHANICAL ENGINEERING,8.77,89.0,1.0,80.4
S1020,4,INFORMATION TECH,7.72,68.0,0.0,60.6
S1108,4,ECE,8.7,78.2,0.0,71.5
S2395,3,MECH,9.25,94.6,0.0,87.5
S1001,4,COMP SCI,8.84,89.6,0.0,81.0
S2096,1,COMP SCI,7.0,67.0,1.0,60.7
S2376,2,CSE,7.25,67.4,0.0,58.8
S1078,6,ECE,8.12,82.7,1.0,74.0
S2649,2,CSE,9.08,87.6,0.0,81.3
S1001,6,CSE,8.87,84.9,0.0,74.0
S2291,3,IT,8.7,75.8,0.0,74.4
S1154,2,MECH,9.07,88.1,1.0,75.9
S1433,4,CSE,8.37,74.2,0.0,65.8
S2121,5,MECH,,86.7,0.0,76.9
S1178,2,CSE,5.92,59.6,1.0,55.2
S1432,5,CIVIL,7.98,74.6,2.0,62.2
S1041,3,ECE,9.39,92.6,0.0,88.5
S2574,5,MECH,7.8,76.4,2.0,64.5
S2740,1,CIVIL,9.31,91.6,0.0,81.8
S1194,3,CIVIL,9.03,86.4,0.0,75.8
S1479,3,ECE,6.32,63.1,1.0,53.0
S2023,4,ECE,7.83,77.6,2.0,70.4
S2788,6,MECHANICAL ENGINEERING,7.73,75.4,0.0,67.1
S1400,4,IT,9.72,88.9,0.0,78.4
S1587,2,ECE,9.35,91.5,1.0,80.1
S2565,3,MECH,9.01,80.8,1.0,73.9
S1571,2,CSE,7.11,71.4,0.0,67.0
S1428,2,ECE,8.42,78.6,0.0,73.1
S2528,6,IT,7.5,72.4,1.0,62.2
S1268,4,MECH,8.0,68.2,0.0,62.3
S1289,6,ECE,9.37,83.6,0.0,76.6
S1388,3,MECH,8.05,76.3,0.0,70.4
S1452,4,CSE,8.64,78.6,0.0,69.6
S2753,3,CSE,8.11,80.4,0.0,74.7
S1219,5,ECE,8.19,82.3,1.0,74.6
S1575,5,MECH,9.22,87.9,0.0,83.2
S2036,3,CIVIL,8.47,79.9,0.0,72.9
S2415,2,MECHANICAL ENGINEERING,7.81,77.6,0.0,71.9
S2800,6,CSE,8.96,84.9,0.0,81.6
S1394,5,INFORMATION TECH,8.66,81.4,0.0,73.5
S1330,2,ECE,8.9,80.0,0.0,73.4
S1586,5,CSE,9.38,87.1,0.0,75.7
S1294,4,CSE,8.48,88.1,0.0,79.5
S2648,6,MECH,8.22,80.7,0.0,70.8
S2301,2,CIVIL,8.1,73.8,1.0,66.6
S1457,4,CIVIL,8.08,76.6,1.0,65.7
S2340,4,MECH,9.55,92.4,0.0,83.4
S1444,3,MECH,9.6,90.7,0.0,88.0
S1413,1,ME,8.02,80.8,0.0,76.1
S2524,1,CIVIL,8.22,76.5,0.0,66.6
S2549,4,CIVIL,9.55,84.6,1.0,79.4
S2657,1,COMP SCI,9.15,84.6,0.0,78.6
S2068,6,CIVIL,8.05,70.7,2.0,66.7
S2187,3,IT,8.27,79.4,1.0,77.4
S2430,4,ME,7.99,79.1,2.0,70.9
S1249,6,IT,9.12,85.8,0.0,74.9
S2102,1,CSE,9.01,83.6,1.0,77.6
S2462,6,CSE,7.62,65.4,1.0,56.0
S1360,5,CSE,7.42,74.5,0.0,67.4
S1195,6,MECH,8.56,82.1,0.0,72.7
S1039,5,CSE,7.94,80.3,1.0,71.4
S1012,1,CE,7.12,61.0,1.0,53.2
S2661,2,ECE,8.49,88.0,0.0,81.7
S1268,2,MECHANICAL ENGINEERING,8.12,75.0,0.0,72.5
S2429,1,IT,8.07,75.2,0.0,69.4
S1548,2,MECH,9.0,81.7,0.0,70.7
S1600,3,CIVIL,8.79,81.6,0.0,74.1
S2449,1,ME,6.73,60.8,2.0,54.3
S2173,1,CIVIL ENGINEERING,8.61,77.8,3.0,68.5
S2560,2,ECE,8.33,84.8,0.0,78.4
S1021,6,MECH,,70.4,2.0,65.7
S2674,4,IT DEPT,9.0,74.6,0.0,66.0
S2439,2,CIVIL,7.91,78.8,0.0,71.6
S2292,5,ME,8.87,78.6,0.0,76.6
S1217,1,CIVIL,9.15,86.0,0.0,73.6
S1330,3,ECE,8.68,75.2,0.0,72.8
S2779,3,MECH,9.28,87.8,0.0,76.1
S1119,6,INFORMATION TECH,8.97,82.1,0.0,76.5
S1346,6,ECE,8.32,83.6,0.0,73.3
S2164,3,MECH,8.9,78.6,0.0,70.3
S2359,3,ECE,7.23,67.9,1.0,61.2
S1515,3,CSE,6.34,68.3,1.0,62.3
S2735,5,IT,8.52,84.0,0.0,76.2
S2548,1,CE,7.83,74.2,0.0,68.2
S2743,1,IT,8.69,83.4,1.0,74.2
S2679,6,MECH,9.23,85.2,1.0,77.1
S1558,4,ECE,8.23,82.4,2.0,76.4
S2771,2,MECH,8.13,71.1,0.0,59.6
S2379,3,CIVIL ENGINEERING,8.79,78.3,0.0,68.5
S2485,3,ME,9.79,95.3,0.0,83.3
S1467,2,CSE,9.42,89.1,0.0,80.1
S1154,1,MECHANICAL ENGINEERING,8.94,79.4,1.0,72.1
S1275,3,ECE,8.68,82.4,0.0,75.6
S2254,5,CSE,7.49,68.7,0.0,63.7
S2255,3,CIVIL ENGINEERING,8.27,76.6,0.0,71.2
S2230,5,CIVIL,8.15,76.9,0.0,69.4
S2306,2,CIVIL,8.68,80.1,1.0,71.4
S2541,3,MECHANICAL ENGINEERING,7.88,71.2,0.0,66.6
S2535,6,MECH,7.34,67.1,1.0,59.7
S1061,5,IT,7.77,69.2,2.0,62.6
S2659,6,IT,7.82,74.9,0.0,69.6
S1548,6,MECH,9.0,86.4,0.0,79.1
S1355,2,CSE,9.34,85.0,0.0,78.6
S2088,2,CSE,8.99,89.2,0.0,83.2
S2162,4,CIVIL,7.38,63.1,0.0,55.5
S1088,4,MECH,7.34,68.8,0.0,64.3
S2204,4,ECE,7.24,60.4,0.0,51.9
S1010,2,CIVIL,8.18,76.1,2.0,67.2
S1107,3,CIVIL,9.43,88.6,0.0,81.1
S1051,3,IT DEPT,7.92,78.5,0.0,73.4
S1462,1,IT,9.53,91.0,0.0,82.8
S2369,4,IT,5.68,57.3,1.0,54.5
S1213,5,CSE,8.86,85.1,0.0,73.4
S2187,5,IT,8.16,74.8,1.0,63.1
S1343,4,IT,8.45,77.8,0.0,69.7
S2297,1,ECE,8.91,80.8,2.0,68.6
S2558,6,CIVIL,8.37,82.0,0.0,79.6
S2258,4,CSE,7.97,82.2,0.0,80.6
S2139,5,IT DEPT,8.6,79.3,0.0,66.7
S2008,3,MECH,,81.1,1.0,73.9
S2091,4,MECH,8.7,76.5,1.0,70.7
S1480,5,CSE,8.28,81.4,0.0,74.8
S2101,3,ECE,8.67,76.7,0.0,70.2
S2483,2,CIVIL,8.73,73.2,2.0,67.4
S2263,4,CS,8.36,76.6,3.0,71.3
S1382,1,CSE,9.17,88.1,0.0,82.6
S1377,6,IT DEPT,7.92,73.8,1.0,68.1
S2274,3,CE,9.09,88.2,0.0,82.5
S1383,5,ME,7.83,71.7,1.0,65.4
S2557,2,CE,8.04,77.9,0.0,72.8
S2389,5,MECH,7.98,81.1,1.0,70.1
S1293,2,CIVIL,9.91,95.5,0.0,87.2
S2267,2,ECE,7.16,70.0,0.0,58.6
S1329,1,CIVIL ENGINEERING,8.41,87.7,0.0,77.6
S2737,3,ECE,8.46,74.1,0.0,70.1
S1520,4,INFORMATION TECH,7.86,66.1,0.0,56.3
S1088,2,MECH,7.57,75.0,0.0,64.9
S2463,5,MECH,8.4,81.9,0.0,71.4
S2532,3,ECE,8.91,83.6,2.0,73.4
S2681,1,CSE,7.53,60.8,0.0,51.5
S2564,4,CIVIL,8.95,84.2,2.0,77.8
S2321,5,MECH,8.63,88.5,1.0,84.5
S2513,6,ECE,8.66,83.1,0.0,77.4
S2051,1,INFO TECH,7.48,73.4,0.0,70.3
S2184,2,IT,9.74,93.3,0.0,80.2
S2331,6,CSE,9.13,83.1,1.0,69.6
S2759,3,ECE,9.01,91.4,0.0,83.1
S2727,1,ECE DEPT,8.38,79.1,1.0,72.0
S2662,5,MECH,7.99,74.8,0.0,66.3
S1521,3,ECE,7.84,69.6,0.0,62.2
S2093,5,MECHANICAL ENGINEERING,8.37,79.6,0.0,72.2
S1329,2,CIVIL ENGINEERING,8.79,80.8,0.0,76.7
S1112,6,CSE,7.37,70.5,0.0,69.5
S2099,1,ECE,9.59,88.7,0.0,83.2
S1112,1,CSE,7.34,64.7,0.0,51.7
S1315,4,IT,8.22,83.2,0.0,76.3
S1545,3,ECE,8.92,80.1,1.0,69.2
S1047,5,MECH,8.36,85.3,0.0,71.4
S1492,2,IT DEPT,7.47,69.8,2.0,59.9
S2143,4,MECH,8.33,74.8,0.0,66.5
S1150,6,ECE,8.07,75.5,0.0,67.6
S2682,2,MECH,9.18,91.7,0.0,83.6
S1575,2,MECH,9.35,85.4,0.0,70.8
S2749,2,ECE,9.24,91.7,0.0,78.7
S2566,2,MECH,8.88,82.7,1.0,71.6
S2626,1,MECH,9.55,87.5,0.0,82.1
S2706,1,ME,8.17,78.8,0.0,68.4
S2443,3,IT,7.88,76.4,0.0,67.1
S1318,5,INFO TECH,8.73,82.8,0.0,75.5
S2074,5,MECHANICAL ENGINEERING,7.95,70.7,4.0,61.8
S2038,2,MECH,7.16,69.1,2.0,64.3
S2090,5,ECE,7.99,82.7,1.0,75.5
S2037,3,CIVIL,8.59,73.8,0.0,68.7
S2445,6,CSE,8.39,80.4,0.0,71.9
S2117,5,INFORMATION TECH,8.56,88.8,0.0,81.6
S2329,2,CSE,7.9,72.9,0.0,68.6
S2433,5,MECH,8.23,71.2,0.0,67.1
S2724,4,CSE,9.18,93.9,0.0,84.1
S1433,2,CSE,8.47,85.8,0.0,77.5
S2095,1,MECH,6.96,59.3,1.0,53.9
S1506,2,IT,8.94,80.1,0.0,72.0
S2396,2,CSE,8.53,76.7,0.0,67.7
S1597,4,CIVIL,8.61,86.0,0.0,75.3
S1473,1,MECH,8.14,66.7,0.0,61.2
S2309,2,ECE,9.72,93.9,0.0,87.2
S1579,5,MECH,8.66,80.5,1.0,67.0
S2455,4,COMP SCI,,90.0,0.0,79.1
S1023,6,CSE,7.08,67.7,1.0,62.5
S2574,6,MECH,7.59,67.3,2.0,61.2
S2216,3,CSE,9.55,90.8,0.0,83.3
S1364,3,CE,9.25,91.5,0.0,83.1
S1355,5,CSE,9.19,81.7,0.0,69.3
S2689,3,ECE,9.44,84.8,0.0,72.2
S1530,4,CIVIL,8.07,74.1,0.0,68.0
S2210,1,CS,6.47,62.6,1.0,59.3
S2173,6,CIVIL,7.83,76.7,4.0,65.4
S2253,4,CSE,7.78,76.6,0.0,70.3
S2742,2,ECE,8.39,80.6,1.0,76.3
S2588,6,CSE,8.76,81.8,0.0,72.7
S2675,5,MECH,9.23,84.7,0.0,77.6
S2111,2,CIVIL,7.88,72.7,1.0,66.0
S2125,1,ME,8.89,84.2,1.0,75.5
S1222,6,ECE,9.78,98.1,0.0,85.2
S1337,2,ECE,6.62,65.7,0.0,59.5
S2158,1,CS,9.06,88.4,0.0,77.8
S1414,5,IT,8.14,79.8,1.0,76.2
S2568,1,MECH,9.25,86.3,0.0,76.5
S1227,3,CSE,9.34,83.5,0.0,76.7
S2557,6,CIVIL,,78.8,0.0,77.9
S2737,2,ECE,8.38,78.7,0.0,66.6
S2441,2,IT,7.18,72.3,1.0,63.4
S1222,4,ECE,9.7,94.5,0.0,86.6
S2547,6,CSE,8.94,84.9,0.0,74.3
S2712,6,INFORMATION TECH,9.34,91.5,0.0,82.0
S2665,6,CIVIL,7.59,70.0,1.0,65.1
S1359,3,ECE,8.58,85.0,0.0,79.3
S2156,1,COMP SCI,9.68,85.0,0.0,77.6
S1354,5,CSE,8.67,82.4,0.0,70.5
S2179,6,CE,,75.0,0.0,64.6
S2064,4,CSE,9.2,87.5,0.0,81.5
S2567,1,INFO TECH,8.84,86.7,0.0,82.1
S1209,5,CIVIL,9.51,90.2,0.0,79.1
S1547,3,MECH,9.98,98.2,1.0,92.2
S2578,1,IT DEPT,6.95,66.8,2.0,56.9
S1563,3,INFO TECH,8.51,83.2,0.0,78.5
S1470,1,ECE,8.39,80.1,0.0,72.1
S2187,4,IT,8.28,78.8,1.0,67.8
S2491,5,CIVIL,8.47,78.5,1.0,72.0
S1309,1,IT DEPT,9.12,85.9,0.0,73.6
S2210,5,CSE,6.73,59.2,1.0,54.3
S2717,6,ME,9.69,89.1,0.0,81.2
S1507,2,IT,9.03,84.7,0.0,79.5
S1065,5,IT,7.62,72.3,0.0,69.6
S1040,2,ECE,8.83,80.4,0.0,69.4
S1180,4,CIVIL,7.84,69.5,0.0,63.2
S1331,5,ECE DEPT,9.5,82.2,0.0,75.6
S2128,2,CSE,8.38,73.6,0.0,65.9
S2646,4,CSE,9.58,88.5,0.0,76.2
S2061,3,ECE,9.31,88.4,1.0,78.7
S1129,3,ME,8.29,78.3,0.0,71.7
S1361,6,ECE,9.81,91.9,0.0,85.2
S2156,4,COMP SCI,9.71,83.9,0.0,76.9
S1042,4,INFORMATION TECH,8.61,85.4,0.0,75.6
S2450,4,CSE,7.7,69.4,1.0,63.5
S1263,3,IT,8.41,87.8,1.0,82.2
S2607,4,CIVIL,8.01,78.0,0.0,71.2
S2440,5,MECH,7.08,69.1,0.0,63.8
S1570,6,CIVIL,8.67,80.2,0.0,69.1
S1347,6,MECHANICAL ENGINEERING,9.38,85.3,0.0,70.0
S1304,6,IT,9.27,90.2,0.0,82.0
S2164,6,MECH,8.96,85.3,0.0,78.6
S2230,3,CIVIL,7.93,70.3,0.0,61.9
S2158,3,CS,9.01,89.5,0.0,83.1
S2328,4,ECE DEPT,8.42,84.9,1.0,74.0
S2724,2,CSE,9.3,85.6,0.0,74.3
S1120,3,IT,8.44,79.5,0.0,70.0
S2400,4,IT,7.51,63.9,2.0,58.2
S2501,1,ME,8.23,72.7,0.0,67.2
S2608,4,ECE,8.65,86.2,0.0,81.7
S2609,5,MECH,8.27,82.2,0.0,76.9
S2278,3,IT,6.45,65.2,1.0,55.5
S2097,3,CSE,9.12,82.0,0.0,77.3
S2671,6,MECH,8.4,85.0,1.0,77.5
S2202,4,IT,9.45,81.7,0.0,63.8
S2779,5,MECH,9.05,77.5,0.0,68.5
S2591,1,ECE DEPT,7.76,73.2,1.0,67.6
S2599,3,IT,7.67,74.3,0.0,67.7
S1244,3,MECH,9.15,84.4,0.0,74.5
S2553,3,IT,7.02,62.2,1.0,56.3
S2399,2,MECHANICAL ENGINEERING,8.61,81.5,0.0,72.3
S1279,1,COMP SCI,7.69,74.2,0.0,65.1
S2739,3,IT,9.27,89.3,0.0,84.5
S1460,3,IT,7.02,65.2,2.0,56.5
S1334,3,MECH,8.51,79.7,0.0,70.5
S2162,6,CIVIL,7.32,63.8,1.0,56.4
S2169,6,CIVIL,6.99,72.1,1.0,68.9
S2800,3,CSE,8.67,80.6,0.0,77.9
S1068,3,IT,9.45,88.3,0.0,79.5
S1065,1,INFO TECH,7.68,79.7,0.0,68.3
S1086,1,ME,8.63,82.9,1.0,70.7
S2780,4,ECE,8.65,78.6,0.0,69.0
S1359,5,ECE,8.39,83.7,0.0,76.2
S1273,2,ECE,9.18,89.3,0.0,86.3
S2790,6,ELECTRONICS & COMM,9.55,91.6,1.0,76.2
S2331,1,CS,9.12,81.2,1.0,70.2
S2198,3,MECH,8.24,75.5,0.0,70.6
S2775,5,ECE,9.45,90.4,0.0,83.3
S2562,5,CIVIL,9.14,85.5,1.0,75.3
S2055,2,CIVIL,8.79,83.7,1.0,76.6
S2290,3,CIVIL,7.57,74.4,0.0,68.4
S2094,1,ECE,7.95,74.9,0.0,68.3
S2642,4,CIVIL,8.07,77.2,0.0,73.0
S2225,5,IT,8.26,79.3,1.0,65.6
S2384,1,COMP SCI,8.24,70.4,0.0,67.3
S2454,3,CIVIL,8.57,81.1,0.0,74.4
S2294,1,ECE,8.6,77.9,0.0,65.5
S1038,2,MECH,8.95,80.2,0.0,70.7
S1366,4,MECH,8.53,78.4,0.0,73.0
S1523,5,IT,8.7,86.6,0.0,74.2
S2145,6,CIVIL,8.75,90.3,0.0,80.2
S1305,1,ME,9.2,83.4,0.0,75.3
S1170,2,MECH,8.49,72.4,1.0,61.1
S2615,3,CSE,9.53,90.4,0.0,77.6
S2255,1,CIVIL ENGINEERING,8.21,76.1,0.0,68.2
S2229,5,CSE,8.89,84.0,0.0,74.7
S2637,3,IT,8.39,78.3,1.0,75.7
S2635,6,ELECTRONICS & COMM,9.45,86.9,0.0,83.8
S1133,6,IT,9.13,85.2,0.0,76.3
S1479,4,ECE,6.41,63.9,1.0,58.0
S1002,4,MECH,8.14,77.0,0.0,66.9
S2499,6,CSE,7.42,68.0,0.0,59.5
S1325,1,IT DEPT,8.85,86.1,0.0,74.9
S1307,3,IT,7.94,73.5,0.0,67.1
S2201,5,COMP SCI,9.64,92.3,0.0,84.8
S1043,4,MECH,8.31,79.8,0.0,72.8
S2572,1,CIVIL,6.98,63.2,0.0,59.7
S2353,2,CIVIL,8.11,80.7,0.0,73.6
S2148,4,MECH,8.29,77.0,0.0,64.9
S1555,1,MECH,9.56,88.9,0.0,85.4
S2686,5,CSE,7.4,69.8,1.0,59.8
S1264,4,ECE,7.46,68.5,0.0,60.3
S1493,5,CS,7.87,79.1,0.0,74.1
S1155,1,CSE,9.0,88.0,0.0,78.1
S2550,2,CIVIL,9.58,92.7,0.0,84.3
S2765,2,IT,7.41,66.3,2.0,54.8
S1419,1,IT DEPT,7.86,77.5,0.0,69.9
S2716,2,IT,9.5,98.0,0.0,93.0
S2423,1,ECE DEPT,8.9,84.0,0.0,76.8
S2238,3,INFORMATION TECH,8.02,77.5,0.0,70.7
S2287,5,CSE,7.96,72.0,1.0,66.3
S2619,5,CSE,8.32,76.1,0.0,70.1
S2584,5,CIVIL,8.61,84.1,0.0,79.3
S2508,4,ECE,9.28,86.1,0.0,77.5
S2408,1,CSE,8.98,85.4,0.0,80.1
S2030,2,IT,9.41,93.1,0.0,84.1
S2206,6,ECE,7.18,65.8,0.0,60.8
S2090,3,ECE,7.81,74.1,1.0,64.9
S2228,3,CSE,5.94,55.6,0.0,49.4
S1464,2,CSE,9.09,81.6,1.0,76.0
S1090,6,ECE,8.96,88.3,0.0,72.6
S2625,2,MECH,8.49,78.4,0.0,71.8
S2648,2,MECH,8.16,75.9,0.0,65.9
S1458,4,CIVIL,7.46,65.0,0.0,54.8
S2020,6,CSE,8.48,77.0,1.0,70.6
S2537,4,IT,8.88,87.7,1.0,77.6
S2145,5,CE,8.83,82.9,0.0,73.9
S1112,2,CSE,7.32,67.9,0.0,62.7
S2663,4,CIVIL,7.95,71.6,0.0,63.0
S2244,6,INFO TECH,8.82,82.2,1.0,76.0
S1226,4,CSE,7.39,74.7,0.0,66.1
S2586,5,ECE DEPT,9.8,91.4,0.0,84.5
S1451,4,CIVIL,8.96,83.0,0.0,76.3
S1556,1,CE,6.87,66.8,2.0,62.7
S2743,2,IT,8.6,82.5,1.0,80.3
S1598,3,CE,7.91,78.7,0.0,70.4
S2773,6,MECH,7.1,66.2,0.0,60.4
S2341,6,ECE,6.81,66.7,1.0,63.0
S1563,5,IT,8.58,76.1,0.0,70.3
S2432,5,ECE,9.17,91.1,0.0,78.5
S2292,3,ME,8.78,86.5,0.0,72.1
S2096,6,CSE,7.2,67.8,1.0,59.8
S2219,3,IT,8.08,81.7,0.0,77.5
S2453,5,ECE,8.17,80.2,0.0,76.6
S1351,6,CSE,8.36,72.0,0.0,65.0
S1023,2,CSE,7.65,70.9,0.0,60.4
S2239,2,CIVIL,7.68,70.0,1.0,66.5
S1155,5,CSE,8.42,79.7,0.0,72.3
S1138,2,CE,8.24,77.3,0.0,73.5
S2663,5,CIVIL,8.17,77.5,0.0,72.1
S1256,2,ME,8.53,77.7,0.0,70.5
S1203,3,INFORMATION TECH,9.14,82.5,1.0,76.2
S1085,1,CSE,9.07,92.1,1.0,84.5
S2489,3,CIVIL,8.49,71.2,0.0,59.3
S1513,1,INFORMATION TECH,7.64,69.4,0.0,68.8
S2504,2,INFO TECH,8.58,87.5,0.0,83.6
S2019,2,IT,8.65,89.9,1.0,79.6
S2209,2,IT,7.47,65.4,0.0,61.7
S2192,3,CIVIL,8.68,77.1,0.0,73.0
S2112,3,INFORMATION TECH,8.54,83.3,0.0,71.8
S2098,5,CSE,7.75,75.1,0.0,67.0
S2284,4,ME,7.83,78.9,0.0,73.9
S1488,2,IT,9.92,91.9,0.0,82.4
S2499,1,CSE,7.3,76.5,0.0,72.2
S1302,5,CIVIL,8.57,79.0,0.0,70.9
S1582,1,CS,8.5,77.3,1.0,66.7
S2637,4,IT,8.24,71.8,1.0,62.3
S1524,4,IT,6.49,59.4,1.0,53.9
S1221,5,IT,9.34,96.2,0.0,86.4
S2119,5,CIVIL,9.35,86.5,0.0,79.7
S2650,1,CE,8.01,76.9,0.0,68.6
S2783,1,CE,6.73,71.3,2.0,62.9
S2324,4,CIVIL,6.68,68.5,0.0,63.6
S2429,5,IT,8.17,79.1,0.0,66.8
S1257,5,MECH,9.12,80.1,1.0,70.3
S1447,6,CSE,7.97,77.3,0.0,68.4
S2453,2,ECE,8.9,87.5,0.0,86.1
S1199,4,IT,8.08,68.3,0.0,63.8
S2283,2,ELECTRONICS & COMM,9.23,93.4,0.0,87.0
S1258,1,INFORMATION TECH,8.57,81.3,0.0,77.2
S2577,1,CSE,9.37,92.0,0.0,85.8
S1424,2,ECE,8.96,86.0,0.0,78.0
S1159,6,CSE,7.92,82.5,0.0,70.1
S2607,6,CIVIL,7.78,77.6,0.0,67.5
S2522,6,INFORMATION TECH,8.3,78.9,1.0,77.6
S2208,5,MECH,6.94,71.8,0.0,60.6
S2534,4,CSE,9.03,89.2,0.0,80.8
S2736,1,ECE DEPT,8.65,84.8,0.0,70.3
S2122,5,CIVIL,8.96,87.1,0.0,81.6
S2290,1,CIVIL,7.86,74.5,0.0,66.4
S2622,5,MECH,8.11,79.5,0.0,71.2
S2189,2,CSE,8.36,79.5,0.0,73.2
S2491,2,CIVIL,8.5,81.0,1.0,72.3
S2285,2,IT,7.77,76.9,3.0,73.4
S2261,2,CIVIL,7.82,74.5,1.0,67.9
S2711,1,IT DEPT,8.92,86.5,0.0,81.1
S1360,3,COMP SCI,7.45,61.8,0.0,53.2
S1178,1,CS,6.15,60.5,1.0,51.1
S1195,4,MECH,8.38,78.7,0.0,71.4
S2007,1,COMP SCI,9.06,82.5,0.0,75.1
S2676,2,CIVIL,7.92,68.5,1.0,65.0
S2332,3,CSE,9.38,90.4,0.0,80.0
S2599,5,IT,7.64,73.9,0.0,63.3
S2149,4,INFORMATION TECH,7.27,61.0,0.0,54.3
S2612,1,INFORMATION TECH,8.32,68.7,0.0,67.8
S2231,1,ME,8.57,84.2,1.0,76.6
S2225,3,IT DEPT,8.38,81.1,0.0,71.2
S1464,5,CSE,9.07,91.3,1.0,82.0
S1120,4,IT,8.36,80.1,0.0,73.4
S1418,1,CIVIL ENGINEERING,8.41,76.9,0.0,69.8
S2127,5,INFORMATION TECH,8.59,83.9,0.0,84.5
S2096,2,CSE,6.88,67.6,1.0,61.4
S2748,1,CSE,8.87,82.7,1.0,73.1
S1066,6,CSE,9.61,92.6,0.0,83.0
S2149,5,INFORMATION TECH,7.22,74.9,0.0,65.2
S1228,4,ECE,9.35,80.0,0.0,67.1
S2786,4,ECE,9.38,91.9,0.0,84.5
S2387,2,CS,7.98,74.7,0.0,75.4
S2229,1,COMP SCI,8.45,83.4,0.0,75.2
S1486,5,CIVIL,8.43,73.9,0.0,65.2
S2341,5,ECE,7.04,72.2,1.0,66.1
S2028,5,CSE,8.16,68.5,0.0,61.3
S1574,3,IT,8.83,91.0,1.0,81.0
S2627,2,CSE,9.34,82.9,0.0,72.0
S2535,3,MECH,7.11,73.6,1.0,59.5
S1358,2,ECE,8.94,92.3,0.0,78.5
S2251,5,CSE,8.72,90.0,0.0,83.9
S2246,4,ME,9.39,87.3,0.0,80.8
S1262,6,IT DEPT,7.63,71.8,0.0,66.9
S2080,6,INFORMATION TECH,7.68,73.4,1.0,66.2
S1188,1,CIVIL,9.69,90.6,0.0,82.8
S1465,3,CSE,8.47,80.8,0.0,68.7
S1495,4,MECH,7.34,64.5,0.0,60.0
S1418,3,CIVIL,8.33,73.4,0.0,64.9
S2399,1,MECHANICAL ENGINEERING,8.58,86.0,0.0,80.1
S2595,1,CSE,8.82,83.9,0.0,71.4
S1122,3,CSE,8.22,77.6,1.0,72.5
S2665,4,CIVIL,7.97,72.1,0.0,65.7
S2658,2,ECE,9.54,91.8,1.0,85.5
S1069,5,MECH,7.94,70.4,0.0,66.9
S2358,4,ECE,8.49,84.1,0.0,78.3
S2679,1,ME,9.99,95.1,0.0,85.7
S1138,4,CIVIL,8.15,71.6,0.0,65.7
S1545,4,ECE,9.03,80.8,1.0,68.4
S2063,3,IT,9.28,91.3,0.0,78.0
S2785,3,ECE,9.0,90.8,1.0,80.3
S1070,4,CSE,7.12,68.1,1.0,61.2
S2525,5,MECH,7.91,78.9,2.0,78.5
S1348,1,INFO TECH,9.37,96.3,0.0,84.2
S1563,2,IT,8.58,80.1,0.0,70.9
S2355,3,INFORMATION TECH,8.36,79.9,1.0,73.7
S2085,4,CSE,7.1,78.7,1.0,73.3
S2131,1,INFO TECH,7.37,64.5,0.0,57.0
S2688,2,CE,8.45,77.3,0.0,69.4
S1178,5,CSE,5.57,57.9,2.0,51.7
S2053,2,ECE,9.45,89.2,0.0,80.9
S2323,5,CIVIL,9.45,89.5,0.0,80.2
S2734,5,ECE,7.26,62.5,0.0,60.4
S2298,6,CSE,7.01,62.5,1.0,52.5
S2356,3,CIVIL,9.88,100.0,0.0,86.9
S1457,3,CIVIL,8.4,88.1,1.0,80.3
S2243,1,ME,8.83,82.3,1.0,80.9
S2067,5,MECH,8.42,76.6,0.0,66.9
S1405,4,CSE,7.24,71.0,0.0,66.0
S2539,6,COMP SCI,7.01,65.9,1.0,59.9
S1282,2,CSE,9.83,92.2,0.0,86.4
S1142,6,ECE,8.59,79.6,0.0,71.9
S2451,4,CIVIL,8.87,90.2,0.0,85.9
S2380,5,ECE,7.24,71.4,1.0,70.2
S1474,2,ECE,8.72,82.0,0.0,74.1
S2169,4,CIVIL,7.33,65.7,0.0,61.0
S1415,6,ECE,7.4,65.2,1.0,63.6
S2551,6,CIVIL,9.37,89.7,0.0,79.9
S2632,5,CSE,7.93,72.5,0.0,66.9
S1475,6,ME,7.85,77.0,0.0,68.8
S2511,6,ME,9.38,96.8,0.0,90.0
S2381,2,IT,8.56,77.6,1.0,69.2
S2143,1,MECHANICAL ENGINEERING,8.95,88.5,0.0,75.7
S2637,6,IT,8.4,83.3,1.0,77.0
S2481,5,CS,8.36,76.3,0.0,67.1
S1414,2,IT,8.08,78.5,1.0,73.7
S2503,6,IT,9.2,92.0,0.0,86.0
S1357,6,CSE,8.79,81.9,0.0,74.3
S2265,5,CS,9.32,84.5,0.0,76.8
S1458,3,CIVIL,7.4,67.7,0.0,62.8
S2609,6,MECH,8.37,79.0,0.0,68.6
S1585,3,CSE,8.34,75.8,1.0,74.5
S1280,6,ME,8.06,78.9,0.0,73.7
S2109,2,CIVIL,8.24,77.5,0.0,70.7
S1525,4,ECE,8.84,82.7,0.0,77.1
S2756,1,CIVIL ENGINEERING,8.56,77.9,0.0,66.3
S2568,3,MECH,9.09,86.7,0.0,78.7
S1097,5,CIVIL,7.94,77.7,1.0,69.5
S2079,3,MECH,9.04,78.3,0.0,69.1
S1558,2,ECE,8.31,83.3,2.0,76.7
S2635,1,ELECTRONICS & COMM,9.44,85.1,0.0,71.4
S2013,1,IT,8.95,87.4,0.0,77.0
S1094,2,ECE,6.82,64.8,0.0,58.2
S2273,6,IT,8.34,78.7,0.0,66.8
S2701,6,CIVIL,7.87,69.1,2.0,63.6
S1086,3,MECH,8.72,84.8,1.0,74.1
S1181,2,ELECTRONICS & COMM,9.18,81.1,0.0,66.8
S1278,3,CIVIL ENGINEERING,8.46,83.2,0.0,77.5
S1322,6,IT DEPT,7.5,70.9,1.0,64.3
S1192,5,CIVIL ENGINEERING,9.02,84.1,0.0,76.8
S1474,1,ECE,8.86,84.5,0.0,78.8
S2392,4,CSE,9.35,83.1,0.0,76.3
S2785,5,ECE,9.17,90.5,1.0,78.9
S2263,6,CSE,8.23,80.7,3.0,66.6
S1139,3,CSE,6.76,64.2,1.0,54.5
S2786,2,ECE,9.19,86.3,0.0,75.0
S2193,1,CE,9.49,86.6,1.0,76.0
S1106,6,MECH,8.14,77.6,0.0,67.4
S2145,2,CIVIL,9.23,88.8,0.0,78.9
S2534,2,CSE,9.11,85.2,0.0,77.8
S2732,2,CIVIL,8.22,77.8,0.0,71.0
S2580,6,ECE DEPT,9.41,87.6,1.0,82.1
S2562,1,CE,9.04,85.8,1.0,79.2
S2091,3,ME,8.66,84.5,1.0,83.1
S2572,2,CIVIL,7.35,73.6,0.0,65.4
S1147,1,INFO TECH,8.67,80.7,0.0,72.3
S2212,4,CSE,8.83,80.0,0.0,76.4
S2286,6,CIVIL,9.17,93.7,0.0,83.3
S2271,3,MECH,7.94,72.3,1.0,60.9
S1001,5,CSE,8.87,80.9,0.0,73.9
S1509,4,MECH,8.19,74.9,0.0,70.7
S2349,4,MECH,7.49,71.7,0.0,66.1
S1521,5,ECE,7.93,76.8,0.0,75.6
S2043,3,ECE DEPT,7.71,79.1,1.0,70.9
S2197,2,CS,9.1,91.6,0.0,78.5
S2652,4,MECH,8.81,86.4,1.0,73.8
S2477,2,ECE,9.07,90.3,0.0,79.1
S2449,6,MECH,5.93,55.9,2.0,45.7
S1192,3,CIVIL,9.06,83.2,0.0,78.5
S1096,5,ECE DEPT,8.46,75.6,0.0,69.9
S2029,2,CSE,7.41,66.5,1.0,56.4
S2092,1,CIVIL,7.37,65.9,1.0,55.9
S1143,2,CSE,9.21,95.9,0.0,85.0
S2387,4,CSE,8.13,73.4,0.0,64.6
S2503,3,INFORMATION TECH,8.79,78.0,0.0,67.7
S2401,3,IT,8.56,82.7,0.0,71.3
S2150,2,CSE,9.24,85.1,0.0,79.6
S2763,2,ME,8.77,79.4,0.0,67.3
S2510,2,MECH,8.73,87.8,0.0,78.8
S1395,5,IT,7.56,74.4,0.0,63.2
S2197,5,CSE,9.28,85.3,0.0,68.9
S2733,1,MECH,8.86,93.2,0.0,84.0
S1492,5,IT,7.53,78.0,2.0,71.9
S2338,4,ME,6.36,64.2,2.0,58.3
S2562,6,CIVIL,9.07,83.8,1.0,74.2
S1307,6,IT,7.95,76.4,1.0,68.9
S2398,5,IT,8.36,82.4,0.0,73.4
S1090,4,ECE,9.05,81.5,0.0,70.9
S1468,5,ECE,9.2,86.3,1.0,76.2
S2367,6,CIVIL ENGINEERING,8.86,75.4,0.0,67.3
S2333,5,CIVIL,9.01,87.9,0.0,75.5
S2602,1,CIVIL,9.28,85.7,1.0,78.7
S2624,6,ECE,10.0,92.6,1.0,85.3
S2661,1,ECE,8.69,81.3,0.0,71.0
S2750,3,CS,9.18,94.0,0.0,83.2
S1131,5,ELECTRONICS & COMM,7.51,69.3,3.0,64.4
S1235,6,MECH,6.08,52.1,0.0,46.2
S1026,5,CSE,8.72,79.4,1.0,73.3
S2702,1,CS,8.89,83.7,0.0,80.3
S1502,4,IT,8.18,78.4,0.0,71.2
S1282,1,CSE,9.92,95.8,0.0,82.9
S2070,1,ECE,7.42,67.5,2.0,63.0
S2643,4,CE,7.38,66.8,0.0,57.6
S2044,6,IT DEPT,6.57,61.3,0.0,55.4
S1456,4,CIVIL,8.29,75.3,0.0,71.7
S1316,6,ECE,8.0,70.9,3.0,61.4
S2308,1,INFORMATION TECH,8.13,82.5,0.0,73.9
S1095,6,IT DEPT,6.44,65.6,1.0,61.3
S2519,2,ECE,8.8,78.5,0.0,70.6
S2376,5,CSE,,67.1,0.0,54.7
S1303,5,ECE,8.64,81.4,1.0,75.2
S2787,4,CSE,,85.3,0.0,77.1
S1566,5,CSE,7.02,64.0,2.0,56.8
S1555,4,MECH,9.44,86.8,0.0,84.0
S1144,3,IT,7.67,71.6,0.0,65.3
S2418,1,IT,7.61,74.8,1.0,70.7
S1496,6,MECH,8.2,82.0,2.0,77.2
S1164,3,ECE,8.71,81.2,0.0,70.9
S1032,5,CS,7.92,66.3,0.0,60.7
S2249,1,CS,9.04,85.5,0.0,73.3
S1117,4,CIVIL,8.3,87.2,2.0,76.5
S2681,4,CSE,7.15,68.8,0.0,62.9
S1102,1,ME,9.24,83.6,1.0,72.4
S1051,2,IT,7.87,69.9,0.0,61.6
S1571,1,CSE,6.84,71.2,0.0,63.2
S1177,5,CIVIL,9.81,92.4,0.0,82.0
S1575,1,ME,9.24,88.0,0.0,77.2
S1179,2,CIVIL,9.2,96.7,0.0,85.5
S1368,4,MECHANICAL ENGINEERING,7.57,69.6,1.0,61.9
S2624,2,ELECTRONICS & COMM,9.83,91.7,1.0,82.3
S2769,1,IT,7.71,70.2,0.0,67.9
S2680,6,ECE DEPT,7.87,69.9,2.0,64.1
S2174,5,IT,8.36,78.9,1.0,70.5
S2733,5,MECH,8.75,80.4,0.0,74.5
S2334,3,ECE,7.79,68.3,0.0,59.0
S2571,3,IT,6.92,68.4,1.0,60.3
S2216,4,CSE,9.13,90.3,0.0,79.1
S1038,4,MECH,9.09,85.9,0.0,72.4
S1560,1,INFORMATION TECH,9.53,88.0,0.0,71.0
S2383,4,ECE,6.34,63.1,0.0,55.9
S1573,5,ECE,8.33,87.3,0.0,83.5
S1283,2,ELECTRONICS & COMM,8.3,78.5,1.0,64.9
S2549,6,CIVIL,9.4,89.1,1.0,82.4
S1175,2,ME,8.76,84.9,1.0,75.9
S1575,3,MECH,9.22,85.1,0.0,76.8
S2742,5,ECE,8.93,82.0,1.0,71.2
S2190,2,IT,8.27,74.1,0.0,70.1
S2150,3,CSE,9.31,90.0,0.0,83.6
S1204,1,IT,8.62,82.9,2.0,75.5
S2403,4,CSE,8.86,85.8,1.0,72.4
S2065,4,CIVIL,8.78,82.1,0.0,75.1
S2219,4,IT,8.14,75.7,0.0,68.5
S2149,6,INFORMATION TECH,7.09,66.3,0.0,61.2
S2558,3,CIVIL,8.25,83.9,0.0,75.8
S2350,6,MECH,9.63,96.1,0.0,80.6
S2793,1,CSE,8.09,74.7,0.0,67.2
S1160,3,CSE,9.09,88.6,0.0,78.7
S1479,2,ECE,6.53,61.2,1.0,55.9
S2139,6,IT,8.7,76.3,0.0,68.3
S2229,6,CSE,8.39,87.6,0.0,84.2
S1494,4,CSE,9.25,85.4,1.0,72.8
S1367,5,CIVIL,7.86,73.9,1.0,65.1
S1017,3,ME,7.82,71.5,3.0,63.3
S1427,2,CIVIL,8.15,80.3,1.0,66.5
S2324,2,CIVIL,6.72,66.1,0.0,55.6
S1275,5,ELECTRONICS & COMM,8.71,79.6,0.0,72.6
S2433,6,MECH,8.08,81.5,0.0,68.7
S2450,2,CSE,8.14,80.8,1.0,73.1
S2150,6,CSE,9.29,87.3,0.0,78.8
S1193,3,MECH,8.53,81.4,0.0,74.9
S1376,6,MECH,8.23,82.9,0.0,70.5
S2634,3,IT,7.6,68.6,1.0,57.5
S2594,1,INFO TECH,9.11,82.2,0.0,75.4
S1519,1,CIVIL,8.78,83.7,0.0,75.1
S2159,1,CIVIL ENGINEERING,9.64,96.9,0.0,88.2
S2304,6,IT,9.05,80.7,1.0,71.8
S1342,4,IT,8.7,83.1,0.0,70.5
S1044,5,CIVIL,7.38,73.5,1.0,67.6
S2077,6,CSE,6.42,63.4,1.0,59.4
S2323,3,CIVIL,9.42,87.1,0.0,77.3
S2503,5,IT,9.08,85.6,0.0,72.8
S2754,3,CSE,9.94,97.6,0.0,88.7
S2760,2,CIVIL,8.71,83.9,1.0,80.5
S1301,3,CIVIL,8.04,74.8,0.0,69.7
S2190,3,IT,8.39,77.8,0.0,68.1
S1398,4,CSE,8.59,76.5,1.0,60.7
S2516,5,ECE,8.95,87.6,0.0,73.8
S1327,4,MECH,7.81,79.9,1.0,69.1
S1308,2,ECE,7.45,71.5,0.0,64.4
S1290,1,CSE,7.97,75.3,0.0,68.2
S1486,2,CIVIL ENGINEERING,8.3,79.5,0.0,75.9
S2790,5,ECE,9.88,87.6,1.0,80.4
S1332,1,INFO TECH,9.14,78.4,0.0,65.9
S2492,1,CIVIL,8.79,86.9,1.0,75.0
S2584,1,CIVIL ENGINEERING,8.46,79.5,0.0,69.7
S1469,4,CIVIL,8.66,80.9,0.0,78.8
S1110,6,CSE,6.53,64.3,2.0,51.2
S1419,4,IT,7.29,70.9,0.0,64.8
S2114,5,IT,7.91,72.4,0.0,68.5
S2448,6,ME,9.4,91.0,0.0,79.4
S1322,5,IT,7.49,74.6,1.0,64.8
S2588,4,CSE,8.83,81.7,0.0,79.7
S1033,6,COMP SCI,8.43,76.6,0.0,67.6
S2697,2,CE,9.3,90.3,0.0,74.4
S1489,4,MECHANICAL ENGINEERING,8.11,72.0,1.0,72.7
S2735,1,INFORMATION TECH,8.35,80.6,0.0,69.2
S1388,6,MECH,7.62,71.0,1.0,68.9
S2132,4,IT,9.13,92.1,0.0,81.5
S2104,1,CS,8.96,86.5,0.0,73.1
S1034,5,MECH,6.31,62.2,1.0,54.3
S1586,1,COMP SCI,9.04,77.4,0.0,68.5
S2222,6,ECE,8.95,82.1,0.0,78.4
S2323,4,CIVIL,9.54,92.5,0.0,82.6
S2366,2,CIVIL,7.79,76.5,0.0,67.4
S1285,4,IT,8.15,86.7,1.0,80.7
S2263,1,CS,8.18,79.1,3.0,74.8
S2275,6,ME,9.45,83.3,0.0,72.6
S2489,1,CE,8.41,81.0,0.0,75.8
S2376,6,CSE,7.42,71.8,0.0,65.1
S2761,5,CIVIL,8.9,82.3,0.0,69.4
S1143,3,CSE,9.28,87.5,0.0,82.0
S2190,4,IT,8.13,78.8,0.0,72.1
S1117,3,CIVIL,8.12,73.8,2.0,65.8
S2017,1,ME,8.94,80.2,0.0,75.0
S1273,5,ECE,8.94,81.2,0.0,71.8
S2614,3,ME,7.39,69.6,3.0,59.4
S2660,1,MECH,7.97,75.9,0.0,66.9
S1597,6,CIVIL,8.11,73.6,0.0,68.0
S1216,2,CSE,8.78,83.9,0.0,74.2
S1309,6,IT,9.28,87.9,0.0,75.9
S2273,1,INFORMATION TECH,9.07,87.1,0.0,77.1
S2028,2,CSE,8.51,77.8,0.0,67.0
S1551,5,CIVIL,8.55,77.4,0.0,72.7
S2733,3,MECH,8.63,76.0,0.0,72.4
S1334,1,MECH,8.71,83.7,0.0,77.7
S1111,4,COMP SCI,8.51,81.3,0.0,76.2
S2025,5,ECE,7.66,69.3,1.0,63.7
S2136,4,IT,8.7,83.5,0.0,80.4
S2322,5,IT,8.28,79.4,0.0,72.1
S2330,2,IT DEPT,8.47,85.1,0.0,74.2
S2655,3,CIVIL,7.92,69.4,0.0,62.5
S2378,3,CSE,8.6,84.4,0.0,74.7
S1218,5,CIVIL,7.26,68.9,1.0,58.3
S2633,1,ME,9.1,84.9,0.0,75.2
S2333,1,CE,8.92,84.5,0.0,82.5
S1278,2,CIVIL,8.49,83.2,0.0,70.5
S2309,3,ECE,9.97,95.3,0.0,87.2
S2005,4,MECH,9.19,85.7,0.0,77.2
S1449,6,CSE,6.55,53.6,3.0,47.8
S2386,6,MECH,9.87,95.6,1.0,87.5
S1527,2,MECH,8.84,88.9,0.0,84.1
S2512,3,MECH,9.2,89.2,1.0,81.8
S1177,4,CIVIL,9.65,94.4,0.0,89.1
S2173,5,CIVIL,7.79,70.3,3.0,68.2
S1541,3,ECE,8.81,77.9,0.0,71.3
S1280,5,MECH,8.32,72.6,1.0,70.5
S2549,5,CIVIL,9.28,90.2,1.0,77.8
S2463,3,MECHANICAL ENGINEERING,8.21,80.2,0.0,70.3
S2663,3,CIVIL,7.87,68.4,0.0,65.0
S1293,6,CIVIL,9.94,96.5,0.0,84.2
S2404,2,IT,7.74,71.0,0.0,65.6
S2253,5,CSE,7.76,73.1,0.0,66.0
S2635,5,ELECTRONICS & COMM,9.39,91.6,0.0,85.4
S1466,1,ELECTRONICS & COMM,8.43,78.7,3.0,68.3
S1144,6,INFO TECH,7.67,74.2,0.0,66.5
S2710,5,CSE,9.87,94.0,0.0,82.2
S1248,3,MECH,8.49,73.9,1.0,65.6
S2573,4,IT,8.42,77.6,0.0,75.3
S2687,6,MECH,6.74,58.8,3.0,54.8
S2397,2,INFO TECH,8.28,78.4,0.0,73.9
S2256,5,IT,8.0,78.7,0.0,69.2
S1035,3,MECH,9.1,85.6,0.0,75.4
S2149,1,INFORMATION TECH,7.1,73.6,0.0,64.9
S2557,3,CIVIL,8.1,76.5,0.0,67.8
S2552,5,ECE,8.49,78.3,1.0,72.7
S1084,5,CIVIL,8.94,81.2,0.0,73.4
S2631,6,ECE,9.31,93.8,0.0,83.9
S1172,3,MECH,9.07,85.7,0.0,75.6
S2041,1,MECHANICAL ENGINEERING,8.21,75.0,0.0,70.9
S2752,5,CIVIL,8.61,82.9,0.0,75.1
S2243,5,MECH,8.84,88.0,1.0,85.3
S2760,1,CIVIL,8.81,90.2,1.0,83.5
S1456,2,CIVIL,8.2,79.2,0.0,67.0
S1410,1,IT,8.5,80.9,0.0,76.4
S2603,4,CIVIL,6.86,61.2,1.0,55.6
S1518,3,CIVIL,9.22,91.9,0.0,78.5
S2799,5,ECE,6.78,66.4,0.0,62.2
S1517,4,COMP SCI,8.92,87.2,1.0,78.9
S2431,5,CSE,8.38,78.7,0.0,68.1
S1594,4,IT,8.97,91.1,0.0,78.5
S2383,1,ECE,6.55,59.0,0.0,53.9
S1066,2,CSE,9.42,88.2,0.0,83.3
S2523,5,ECE,8.78,91.6,0.0,82.3
S2337,3,MECH,7.33,72.2,1.0,62.3
S2277,3,CIVIL,7.56,72.2,0.0,68.6
S1450,2,IT,7.93,71.0,1.0,63.0
S1338,6,CIVIL,8.27,78.2,0.0,74.6
S2311,4,IT,7.47,74.4,1.0,63.3
S1429,1,ECE,,82.8,1.0,75.2
S2735,3,IT,8.37,78.6,0.0,69.1
S1011,5,CIVIL,7.86,77.0,3.0,67.0
S1344,5,CSE,8.41,81.2,0.0,71.7
S2280,3,CIVIL,8.98,87.0,0.0,76.8
S2602,3,CIVIL,9.32,84.9,1.0,77.0
S2456,2,ECE,8.27,75.5,1.0,64.0
S2210,6,CSE,6.66,68.8,1.0,61.0
S2215,4,IT,9.11,79.6,0.0,75.6
S1147,3,IT,8.73,78.3,0.0,66.0
S2720,3,ECE,8.64,81.5,0.0,75.7
S2544,6,CIVIL,6.81,62.2,3.0,53.6
S2716,3,IT,9.63,89.7,0.0,81.3
S2474,2,CIVIL,8.94,80.0,0.0,69.9
S2712,4,INFORMATION TECH,9.46,90.7,0.0,85.1
S1170,3,MECH,8.47,76.9,1.0,72.6
S2672,4,CSE,9.71,99.0,0.0,88.6
S1166,6,CIVIL,7.88,66.8,1.0,65.2
S2117,2,IT,8.57,82.2,0.0,76.7
S1027,6,MECHANICAL ENGINEERING,8.5,76.6,1.0,69.4
S2346,6,ECE,5.89,58.2,0.0,50.4
S2546,4,CIVIL,7.21,69.9,0.0,60.8
S2732,4,CIVIL,8.25,80.6,0.0,71.1
S2041,4,MECH,8.3,82.6,0.0,75.8
S1171,2,ME,7.58,72.3,1.0,64.5
S1513,2,IT,7.68,70.6,0.0,62.2
S2660,2,MECH,8.25,76.0,0.0,73.1
S2058,2,IT,8.03,79.4,1.0,71.4
S1265,2,CIVIL,8.71,78.8,0.0,69.4
S1526,3,CIVIL,7.27,67.4,3.0,59.8
S2772,1,IT DEPT,9.33,81.4,0.0,69.3
S1130,2,ECE,9.15,89.6,0.0,75.5
S2315,3,CIVIL,8.14,81.2,0.0,69.1
S2440,2,MECH,7.4,73.3,0.0,66.9
S2574,4,MECHANICAL ENGINEERING,7.59,72.2,2.0,63.4
S1436,3,MECH,8.48,80.7,0.0,70.6
S2653,2,CIVIL,9.55,95.9,1.0,84.4
S2049,3,ME,7.31,72.1,1.0,64.9
S1593,5,ECE,7.53,73.8,1.0,69.4
S1255,5,CSE,8.42,77.3,0.0,68.1
S1212,2,MECH,6.16,62.4,0.0,53.7
S2690,1,INFO TECH,9.31,90.8,0.0,82.3
S1317,4,ECE DEPT,9.33,86.1,0.0,74.3
S2177,3,MECH,8.24,80.3,1.0,66.2
S1501,6,CSE,6.75,61.5,3.0,55.0
S1456,5,CIVIL,8.47,82.0,0.0,73.4
S1032,4,CSE,8.01,72.0,0.0,65.0
S1458,6,CIVIL,7.45,72.4,0.0,63.3
S1342,2,IT,8.56,82.7,0.0,73.0
S2709,2,CIVIL,9.29,87.7,0.0,80.1
S1427,3,CIVIL,8.08,81.3,1.0,71.6
S2467,1,ELECTRONICS & COMM,8.28,81.3,1.0,70.4
S1565,2,ECE,,77.3,0.0,68.1
S2160,2,IT,8.76,94.2,2.0,77.6
S1198,3,CSE,9.44,93.5,0.0,86.0
S2471,1,ECE,7.86,75.5,0.0,68.6
S2242,6,CIVIL,9.38,81.8,0.0,72.2
S2286,2,CIVIL,9.28,91.7,0.0,85.1
S1406,4,ECE,7.26,62.8,1.0,56.5
S2559,2,CSE,8.16,79.9,1.0,70.8
S1129,2,MECH,8.53,85.7,0.0,82.5
S2788,1,MECHANICAL ENGINEERING,7.72,69.5,0.0,63.3
S2330,5,IT,8.63,77.1,0.0,70.8
S2138,5,ECE,9.01,81.1,0.0,70.8
S1078,5,ECE DEPT,7.99,76.8,1.0,70.0
S2445,2,CSE,8.63,79.3,0.0,70.4
S2356,5,CIVIL,9.62,86.1,0.0,76.0
S2266,2,ECE,8.68,90.5,0.0,80.6
S2299,3,CSE,9.63,97.3,0.0,86.4
S2612,5,INFORMATION TECH,8.55,82.2,0.0,79.2
