student_id,month,aptitude_score,coding_score,mock_interview_score
S2331,2,94.0,98.3,92.8
S2407,5,70.1,64.6,72.7
S2310,6,78.7,59.9,66.4
S2238,6,82.5,88.6,74.0
S1295,5,79.2,70.9,78.1
S1139,1,62.1,70.5,63.5
S1221,3,96.2,100.0,91.7
S2688,2,82.6,77.4,70.6
S2339,1,90.4,89.2,89.8
S2748,4,,91.7,85.6
S1440,5,85.5,88.5,69.2
S2072,3,79.8,68.1,84.7
S2705,4,92.7,77.7,88.9
S2279,4,85.1,71.2,78.2
S1298,4,80.5,66.6,70.1
S2061,1,88.5,85.0,71.5
S2235,4,92.3,90.6,80.0
S2557,5,86.2,81.7,62.7
S2494,3,64.3,75.5,69.2
S2106,6,83.4,83.6,69.1
S1493,4,60.1,65.6,68.4
S1444,6,88.0,84.4,88.3
S2651,1,84.2,97.9,97.2
S2527,3,,79.0,77.4
S2238,1,86.1,76.3,82.9
S1424,6,92.2,76.4,79.0
S2540,1,91.0,78.6,74.0
S1494,6,84.9,97.9,86.4
S1113,4,80.8,73.5,69.0
S1320,5,79.9,73.5,65.9
S2678,3,74.8,59.7,55.1
S2136,3,85.6,100.0,69.6
S2388,5,74.6,86.5,71.1
S2235,5,89.4,83.8,79.2
S1312,2,99.3,93.2,94.3
S1036,3,87.1,92.9,89.1
S2737,5,72.9,74.0,65.8
S1072,4,88.8,76.5,73.9
S1504,1,78.4,76.8,63.9
S2052,3,69.9,72.4,60.2
S1249,4,78.7,90.4,72.8
S2337,5,69.7,57.7,77.2
S2386,5,89.5,93.3,87.9
S2770,3,78.4,80.5,56.1
S2018,2,71.9,68.3,76.5
S1054,1,76.4,73.7,73.8
S1100,1,82.5,86.7,77.9
S2166,2,81.3,77.8,79.8
S1266,6,91.5,100.0,69.7
S1180,5,64.5,72.0,69.6
S1569,6,83.5,100.0,77.3
S2739,3,86.3,77.1,87.8
S2443,1,72.7,83.1,68.9
S2392,5,80.0,99.6,90.2
S1229,2,89.0,99.2,86.9
S1578,2,88.0,81.4,97.8
S2245,4,84.3,93.6,83.4
S2142,2,58.2,79.1,85.1
S2038,5,73.1,74.3,66.1
S1225,2,80.9,93.9,74.0
S2041,3,84.5,80.6,83.4
S2177,6,83.0,84.8,71.5
S2351,6,68.6,71.0,50.1
S2043,3,76.9,74.4,90.7
S2214,2,90.8,87.2,75.5
S1127,3,90.4,100.0,76.7
S2249,5,86.4,85.5,56.8
S1545,2,78.8,74.8,62.3
S2259,5,80.1,76.6,79.7
S1242,1,82.3,72.9,64.0
S1371,4,79.7,77.7,68.4
S2407,6,67.7,58.5,73.1
S1478,3,92.9,81.4,81.2
S1579,6,76.7,73.4,69.6
S2527,2,86.4,84.6,79.3
S2086,6,95.8,86.9,89.0
S1095,4,62.9,73.5,66.7
S2321,3,74.1,84.4,74.9
S2183,2,80.8,79.0,87.4
S1090,5,87.0,95.2,73.8
S1590,5,79.1,86.3,74.1
S2644,3,74.4,90.5,91.4
S1167,2,60.8,67.2,59.8
S1344,4,80.2,87.0,75.1
S2213,6,78.7,79.0,64.5
S2356,1,90.8,83.2,64.6
S1400,5,90.2,98.2,87.8
S1292,1,,76.4,65.9
S2786,2,83.2,87.7,78.4
S2639,6,77.9,71.6,59.2
S2047,2,73.1,64.8,59.7
S2261,6,,72.7,73.3
S1528,4,81.7,100.0,63.9
S1277,4,89.1,79.6,85.3
S2313,5,81.7,77.7,83.6
S1510,6,86.5,85.9,83.2
S2750,6,82.4,85.5,73.8
S1540,5,71.1,89.4,62.1
S2081,2,85.3,86.7,65.9
S1553,6,93.0,100.0,62.6
S2164,5,90.1,92.2,78.0
S2239,1,68.1,66.5,67.2
S2648,3,73.4,65.0,60.1
S2798,4,85.0,92.5,87.6
S2652,3,87.3,76.8,82.7
S1553,1,100.0,98.8,62.9
S2543,2,93.8,95.6,82.9
S1003,3,91.7,95.3,74.2
S2254,3,80.0,88.1,68.9
S2448,5,77.4,90.0,82.1
S1542,1,91.3,88.4,94.3
S2493,1,85.3,77.9,82.2
S2352,5,82.1,86.2,86.4
S1491,2,71.0,59.8,65.6
S1567,4,74.8,68.9,73.9
S1108,6,85.1,89.3,78.0
S1251,2,86.6,78.8,65.9
S1580,4,79.1,91.8,88.2
S2436,5,76.6,97.7,81.4
S1544,3,82.9,88.0,85.0
S2293,3,80.4,80.9,77.4
S2111,3,82.7,68.6,78.5
S2175,2,82.8,100.0,74.6
S2037,2,100.0,84.8,69.1
S1104,6,72.0,91.0,61.6
S2431,3,84.2,90.4,82.2
S2082,2,78.0,76.9,67.7
S2099,3,94.8,94.8,91.0
S1053,4,84.9,76.9,87.3
S1256,3,75.0,88.3,79.6
S1429,6,81.5,72.3,59.9
S1016,4,74.2,90.4,67.8
S2097,5,94.6,100.0,96.8
S2345,6,85.2,76.3,77.4
S2679,4,89.1,85.8,61.9
S1307,5,84.1,73.3,70.7
S2168,3,68.0,70.3,66.5
S2185,1,69.4,78.0,80.7
S2295,2,79.0,86.6,60.7
S1234,3,84.8,91.8,74.1
S2026,6,75.5,74.7,68.3
S2246,5,83.2,84.2,81.5
S2325,4,100.0,85.7,83.5
S1006,4,98.6,87.8,73.8
S2414,3,78.8,81.1,84.3
S2636,3,90.8,93.4,87.3
S1271,4,78.4,72.1,76.8
S2646,3,90.1,100.0,85.6
S1442,3,77.7,88.1,69.0
S2745,2,86.4,97.4,85.8
S1436,2,88.4,80.1,78.7
S1267,3,68.0,64.5,68.8
S1015,5,79.8,84.4,86.6
S1366,2,80.0,84.1,88.3
S1180,3,64.7,62.6,58.6
S1175,1,100.0,97.6,65.9
S1223,3,65.7,69.5,74.4
S2268,5,78.6,85.7,78.4
S2048,6,68.8,74.9,74.8
S2356,2,78.9,88.6,66.9
S2145,3,89.6,89.5,68.7
S2754,4,91.1,97.2,79.6
S2462,1,69.2,69.0,70.4
S1468,1,81.8,81.0,72.1
S1247,5,77.8,67.9,77.0
S2695,3,69.9,70.0,58.0
S1124,5,74.5,89.8,77.0
S2119,6,95.9,95.2,93.1
S2358,5,75.6,82.4,75.3
S1432,1,64.8,65.9,62.8
S2218,6,69.7,64.6,68.1
S1077,6,92.9,78.4,94.9
S2254,1,86.3,78.7,62.9
S1204,2,77.1,82.4,79.9
S2608,2,80.1,78.6,90.1
S2696,6,64.2,74.8,56.6
S2361,3,78.7,64.9,84.6
S1188,2,89.5,91.9,74.2
S1453,5,80.8,80.3,77.3
S2056,2,79.7,94.8,76.4
S2597,6,,92.2,81.4
S1355,1,89.3,96.5,90.0
S2616,6,87.2,81.2,73.1
S2502,1,83.5,86.2,80.5
S1192,4,87.0,72.4,66.3
S1272,1,81.7,85.4,81.2
S1003,6,98.5,95.6,72.5
S1317,2,88.9,95.4,69.5
S1559,5,89.0,76.6,72.7
S1376,2,71.3,76.7,74.2
S2120,1,88.6,96.0,90.9
S2301,5,78.6,78.1,83.1
S1320,6,78.0,82.4,68.6
S1282,6,94.5,97.0,71.6
S1481,1,86.6,78.1,90.2
S2439,4,76.8,72.2,62.0
S2533,3,79.4,70.5,69.6
S1450,4,79.0,65.8,58.2
S2165,1,82.8,84.1,73.5
S1322,1,61.1,70.7,79.8
S2123,1,89.3,70.7,59.5
S1157,5,79.5,82.0,79.1
S1597,5,88.6,89.0,88.0
S2552,3,79.5,76.3,71.7
S1038,1,90.9,92.1,65.8
S1258,4,83.1,74.5,65.8
S2357,2,90.2,84.0,88.2
S2126,6,63.3,77.5,56.1
S1040,6,78.2,92.6,91.0
S1369,1,87.4,100.0,75.3
S2143,2,85.2,73.6,73.9
S2184,3,99.7,99.7,94.4
S2049,2,69.2,71.6,66.9
S1421,2,89.2,74.8,76.1
S2053,5,93.7,92.2,88.4
S1107,2,96.7,92.2,70.8
S2320,2,70.1,62.9,75.9
S2500,1,86.9,81.4,81.2
S2650,2,74.6,69.5,69.2
S1267,1,77.1,78.8,59.0
S2297,2,80.9,85.0,77.3
S2257,2,69.7,72.9,72.3
S2575,3,74.2,71.3,66.3
S1200,6,83.8,93.0,77.3
S1396,4,86.7,75.8,71.2
S2556,3,79.2,75.9,84.3
S2345,3,85.2,80.0,87.3
S2357,1,84.0,81.2,89.3
S2088,1,100.0,95.7,80.6
S1535,3,,93.8,73.2
S2455,3,77.7,80.6,77.1
S2400,5,61.2,71.8,57.0
S2401,1,77.8,95.6,81.4
S2369,2,65.0,59.9,51.3
S2389,2,65.4,73.1,62.5
S1442,6,81.4,92.8,77.1
S2480,3,90.0,78.6,82.5
S2325,3,93.0,99.8,84.7
S1357,3,87.8,93.8,81.5
S1190,6,81.6,77.4,71.6
S2614,4,66.7,68.2,65.8
S2180,5,67.3,88.1,89.5
S2315,2,82.7,89.8,69.8
S2018,5,66.6,67.6,73.5
S2610,1,86.5,79.7,84.5
S2589,2,69.1,69.9,76.8
S1233,2,72.4,76.0,69.6
S2492,4,81.5,83.9,69.9
S1037,6,81.4,78.3,85.8
S2295,5,87.2,69.0,70.9
S2602,2,92.5,85.9,98.2
S2313,2,77.9,73.2,74.3
S2057,4,96.0,88.3,79.2
S2221,4,78.0,80.8,62.4
S2688,1,89.3,82.1,69.4
S2554,3,87.4,99.2,71.1
S1058,5,65.5,56.9,56.3
S2295,3,79.8,78.0,69.5
S1517,3,85.7,99.4,82.8
S2461,6,88.6,93.6,63.2
S2208,3,74.4,57.0,78.9
S1031,6,76.8,69.4,79.7
S2333,3,83.3,80.3,81.0
S2342,2,76.8,77.9,78.3
S1574,4,90.4,100.0,86.2
S2460,3,81.5,80.8,71.3
S2672,1,87.6,100.0,96.5
S1179,1,81.5,81.7,97.3
S1166,5,76.0,79.7,86.2
S1514,1,74.1,90.8,74.5
S1330,5,85.0,87.8,76.8
S1119,3,87.7,84.4,87.8
S2233,2,73.3,85.7,67.3
S1196,6,69.6,56.9,56.4
S1590,1,77.4,81.1,83.1
S2568,6,89.2,90.2,95.7
S1221,4,88.4,100.0,95.3
S2552,2,,76.1,80.3
S1066,2,84.6,85.5,72.3
S2676,1,74.4,81.2,82.5
S2507,3,79.1,78.0,66.1
S1473,2,81.0,67.4,71.4
S2403,2,73.8,90.8,77.8
S1041,6,89.3,89.9,76.8
S2335,5,91.6,98.4,93.1
S1266,4,84.0,84.1,78.4
S1082,2,81.2,69.1,60.6
S2628,5,79.8,89.0,88.6
S2416,3,90.9,100.0,79.3
S2668,5,86.8,98.3,74.9
S1311,5,77.4,75.3,77.3
S2634,2,85.0,80.8,67.3
S2744,3,70.5,76.9,82.3
S2001,2,89.6,85.9,65.5
S1224,2,84.7,88.8,83.6
S1201,4,66.8,68.9,73.9
S2575,2,71.5,89.1,73.3
S2499,2,53.4,71.4,48.6
S2161,1,95.7,93.8,92.8
S1529,5,80.9,90.8,69.3
S1551,6,77.3,82.3,73.9
S2500,4,80.7,86.1,83.8
S1101,2,71.2,71.0,72.5
S1420,2,96.6,90.7,53.1
S1059,6,58.9,61.7,50.7
S1039,6,81.6,88.1,70.8
S2707,5,80.4,74.9,61.6
S2508,6,92.4,86.6,80.0
S2030,4,,100.0,77.5
S1177,1,87.0,84.0,97.5
S2317,6,86.2,76.5,70.0
S2043,6,77.8,65.0,79.0
S1430,3,88.7,91.9,77.1
S2461,3,94.8,86.8,71.1
S2772,3,89.5,91.5,76.2
S2711,2,87.5,93.1,83.3
S2169,2,80.5,81.4,72.6
S2782,2,71.0,86.6,81.0
S2415,5,70.2,54.2,62.3
S2520,6,84.4,93.3,89.0
S1004,2,81.3,90.4,74.1
S2534,3,87.9,98.7,70.3
S2577,3,80.3,96.4,98.1
S1516,6,86.1,86.2,74.6
S1054,2,74.5,70.7,74.0
S1446,4,89.4,72.2,75.4
S2777,2,84.2,76.5,84.7
S1523,1,86.3,100.0,76.0
S1215,4,81.1,83.9,61.4
S1459,4,67.1,55.7,63.4
S2450,6,80.3,79.4,76.3
S1337,3,69.0,71.4,73.1
S2751,1,99.1,100.0,90.4
S2679,3,83.5,89.0,63.7
S1552,4,80.7,84.3,85.0
S2717,2,93.2,89.7,85.5
S1479,1,63.1,38.3,62.8
S1029,2,71.8,90.3,80.7
S2728,6,82.3,78.2,65.0
S2168,2,62.6,72.3,71.3
S2507,2,63.9,75.2,69.2
S1061,1,69.3,82.1,64.6
S1279,3,81.5,94.0,73.3
S2108,6,73.9,80.5,76.9
S1002,3,85.9,83.6,77.0
S1268,5,72.7,63.1,58.5
S2557,1,80.9,84.8,70.0
S1567,2,72.9,72.6,74.8
S1081,4,77.3,69.7,73.1
S2532,6,77.7,84.2,77.0
S1573,2,89.3,79.9,79.7
S2510,3,,81.5,79.0
S2636,1,82.3,91.8,89.0
S1512,4,88.1,83.8,73.4
S1229,6,91.9,100.0,94.2
S1566,6,64.2,83.6,54.9
S2641,1,95.4,87.3,81.1
S2398,2,92.9,90.8,96.4
S1445,6,74.8,84.5,80.7
S1387,3,90.7,86.9,86.5
S2719,3,78.9,63.5,58.0
S2294,6,87.2,91.8,80.6
S1429,3,79.3,74.7,64.0
S1086,2,75.1,68.6,58.4
S1326,5,74.4,88.4,61.4
S1287,3,80.7,91.2,81.2
S2472,6,88.1,83.6,78.3
S2158,5,85.9,87.7,84.3
S2484,4,98.3,91.8,76.8
S1221,1,96.2,100.0,88.5
S2329,3,84.3,81.9,76.5
S1195,5,86.2,74.3,68.2
S2795,4,85.4,82.3,63.6
S2465,5,88.7,92.2,96.8
S1240,4,71.7,73.9,69.2
S1117,5,77.0,88.9,84.0
S2075,3,85.1,82.2,73.3
S2773,5,67.2,44.5,78.4
S1564,2,81.5,100.0,70.4
S2100,5,83.1,73.7,64.5
S2285,6,69.1,62.7,60.3
S1270,4,63.3,54.2,72.2
S2374,3,79.3,86.2,73.4
S2151,3,92.8,98.4,94.8
S2088,4,93.1,100.0,79.8
S2694,4,73.2,78.9,90.4
S1125,5,86.0,90.9,79.2
S1308,3,60.9,75.6,76.9
S1478,6,84.5,90.6,78.4
S2774,5,67.7,78.9,75.1
S2368,6,94.9,99.8,85.3
S2379,6,93.9,81.1,87.2
S1076,4,87.1,82.3,81.7
S1340,3,91.4,92.1,74.4
S1292,2,94.5,83.9,69.4
S1017,4,87.1,86.8,66.3
S2306,1,78.0,79.4,65.8
S2044,4,66.4,77.7,60.4
S1277,1,85.1,85.0,89.0
S2357,4,89.2,63.8,99.5
S1091,1,86.3,90.8,78.1
S2519,4,85.3,91.5,86.9
S1049,4,87.0,79.0,85.2
S2119,2,90.0,84.6,84.0
S1282,3,100.0,99.2,85.2
S2192,5,,93.5,81.6
S2076,6,84.6,83.7,86.9
S1307,4,75.5,85.2,70.3
S1535,5,84.7,85.7,82.6
S2267,5,63.7,67.8,56.1
S1387,1,77.2,69.7,94.6
S2635,4,81.9,81.6,68.8
S2641,4,94.2,100.0,85.2
S2272,5,73.5,74.6,84.2
S2388,3,71.8,90.2,77.7
S2419,6,79.4,74.0,76.1
S2440,4,65.5,71.5,62.7
S2287,3,72.4,79.7,74.3
S2241,1,70.0,72.9,52.8
S2448,4,78.2,82.1,82.4
S2224,2,84.7,70.5,71.9
S2315,6,86.8,70.1,60.5
S1128,2,75.4,89.1,71.7
S1502,1,80.7,79.9,65.7
S1208,3,87.7,100.0,83.0
S1584,1,78.6,95.3,88.9
S1304,3,83.6,100.0,80.6
S2590,2,93.7,79.2,89.6
S2585,3,85.6,91.1,89.0
S2659,1,72.1,89.9,81.8
S2137,3,79.6,74.2,66.4
S1171,3,72.4,58.3,62.6
S2157,4,94.8,92.0,70.0
S2236,4,66.1,58.1,58.2
S2171,3,78.6,66.5,83.9
S2251,4,88.3,87.1,78.2
S2499,4,59.9,65.0,51.8
S2332,6,91.4,98.3,88.3
S1085,6,79.3,88.5,86.9
S2182,1,55.5,83.2,69.2
S1274,5,64.8,64.1,49.8
S2613,2,62.7,73.7,57.1
S2324,1,63.5,50.5,60.9
S2698,1,65.1,63.0,51.2
S2347,4,85.6,94.0,82.0
S2771,6,93.5,86.6,83.3
S2275,4,90.9,100.0,96.4
S1362,1,78.7,75.6,70.1
S1181,5,84.4,84.3,80.0
S1161,6,71.6,78.9,57.1
S2239,6,70.6,78.8,73.3
S2457,3,65.0,79.0,70.7
S2648,5,71.8,72.6,66.5
S2583,5,82.2,80.6,91.0
S2337,2,67.0,67.8,78.1
S1176,6,70.0,77.7,72.4
S2196,2,80.0,94.5,72.2
S2129,1,92.2,89.3,56.2
S1425,6,99.7,91.3,72.4
S1500,6,80.4,87.5,83.9
S2087,6,93.8,79.0,77.6
S2167,2,95.3,89.3,81.4
S1214,4,76.3,69.1,68.7
S2135,6,89.0,89.5,71.1
S1373,2,87.8,92.7,68.9
S2689,2,89.3,98.9,83.4
S1501,3,63.2,73.0,68.3
S2393,5,77.3,73.2,82.3
S1289,5,81.7,77.7,63.4
S2695,1,74.0,54.6,55.2
S2422,2,89.8,94.9,80.0
S1474,3,86.3,82.6,83.3
S1387,2,90.4,82.7,90.6
S1111,5,88.6,94.9,81.8
S2385,6,70.4,82.4,59.2
S2207,5,83.7,100.0,85.1
S1491,4,78.0,74.0,63.8
S2271,2,80.1,79.3,77.4
S1077,2,81.6,87.7,95.6
S2694,2,75.2,73.2,82.1
S2336,4,77.0,71.5,77.4
S2134,4,72.5,89.1,67.6
S2265,2,94.3,100.0,77.7
S2084,3,73.9,78.2,73.0
S1093,3,85.4,91.0,84.2
S2700,1,93.1,99.9,69.1
S1537,2,66.9,67.2,62.3
S1056,1,91.6,89.1,78.4
S1550,6,68.6,79.7,75.7
S1390,4,93.9,91.5,79.6
S2153,1,61.9,61.3,50.9
S1188,6,89.4,97.9,80.7
S2128,5,80.8,92.4,74.2
S2602,5,90.0,92.2,90.5
S1219,6,73.2,75.9,78.7
S2137,6,87.0,80.2,67.6
S2731,1,86.9,92.9,82.7
S1186,6,69.4,80.6,88.9
S1485,5,89.9,85.9,77.4
S2085,1,70.1,83.8,74.0
S2037,5,95.2,99.5,69.9
S1225,3,94.3,94.0,81.2
S2696,4,71.5,77.7,48.2
S1004,6,81.9,100.0,74.9
S1421,4,89.8,75.4,71.7
S2289,4,84.2,80.3,81.1
S2524,6,80.9,67.7,68.3
S1430,4,67.5,88.2,73.7
S1288,5,85.5,83.8,75.7
S1375,6,75.1,73.6,78.0
S2711,4,80.6,96.2,86.4
S1180,2,64.5,62.1,59.6
S1412,6,79.8,87.6,80.1
S2470,5,85.9,83.8,67.5
S1352,5,84.1,81.0,87.2
S1510,5,84.2,86.1,70.9
S1408,5,61.4,61.1,72.7
S1303,6,83.9,88.6,88.8
S1367,6,78.0,74.1,73.2
S1382,3,80.8,82.1,76.6
S2670,5,73.0,63.2,58.8
S2623,5,89.5,91.4,66.8
S1559,2,76.4,81.6,73.5
S2133,3,81.1,90.4,62.7
S1587,5,89.7,82.4,64.2
S1235,2,69.9,75.4,58.5
S1393,6,82.1,99.9,74.2
S1222,5,95.2,84.4,78.8
S1237,6,88.8,74.8,86.5
S2579,4,64.9,44.7,62.4
S1363,6,67.7,68.6,82.9
S2460,5,83.5,76.5,70.3
S2163,4,85.4,81.4,93.9
S2189,4,80.4,82.7,80.1
S1466,5,78.9,68.3,75.5
S2453,6,92.7,88.5,73.3
S1505,1,81.9,87.8,59.5
S1173,3,70.0,66.6,56.8
S2606,3,81.8,64.2,75.6
S2412,4,93.4,88.6,80.2
S1510,2,78.5,82.2,81.6
S1550,2,76.0,69.9,69.8
S2012,1,98.5,88.1,79.4
S2627,3,79.7,96.1,68.7
S1356,2,79.5,73.8,69.4
S2603,1,73.8,65.2,67.4
S2301,4,86.1,68.5,88.6
S1042,3,82.1,96.6,97.6
S1136,2,88.5,99.4,79.8
S1591,5,71.0,60.8,63.8
S1252,4,88.9,100.0,79.6
S2740,2,92.1,100.0,89.4
S1044,6,75.0,70.8,73.8
S1380,2,86.6,89.2,89.9
S1420,4,89.9,94.6,62.5
S1338,1,87.4,91.5,80.6
S2318,1,69.9,69.8,56.8
S1089,5,84.7,93.0,73.3
S2641,5,85.9,94.2,81.2
S2611,5,76.6,83.5,88.9
S2753,3,79.0,82.6,76.7
S1141,2,79.8,83.6,63.4
S2260,2,64.0,51.2,62.9
S1156,3,74.8,81.2,82.0
S2631,4,98.3,91.4,89.5
S1409,6,77.1,70.1,84.5
S1492,3,75.6,84.1,62.2
S2443,5,78.1,84.8,67.8
S2399,3,92.6,90.5,75.2
S2118,2,84.4,94.0,90.9
S2212,5,88.1,91.7,70.6
S1184,6,87.4,72.0,70.7
S2193,4,82.4,95.6,72.8
S1200,2,88.8,87.9,65.1
S1403,1,86.6,80.9,79.5
S2305,3,67.2,63.9,63.2
S1261,2,70.5,57.4,71.7
S2674,3,91.5,93.8,78.1
S1200,4,84.2,93.0,81.6
S2129,3,95.4,80.8,59.7
S1145,5,90.0,95.1,87.2
S1169,3,78.1,63.0,61.8
S2741,4,86.0,77.9,63.4
S1037,2,81.3,83.8,81.9
S1553,4,95.2,91.0,71.5
S1359,2,91.6,88.1,60.4
S2559,4,87.5,87.9,83.4
S1114,5,93.2,87.8,85.7
S2475,6,82.0,83.7,74.7
S2464,3,86.2,92.1,60.0
S2352,2,78.3,100.0,94.1
S2009,6,72.4,59.9,55.6
S2434,2,70.8,59.0,51.4
S2156,5,84.1,99.9,88.1
S2014,5,69.9,82.5,61.4
S2074,4,77.3,86.3,75.7
S2311,3,69.9,82.3,76.0
S1182,5,69.3,83.5,80.1
S1123,2,95.0,100.0,69.5
S2305,4,81.7,78.7,77.4
S2124,4,86.3,91.4,57.1
S1272,6,79.4,90.8,77.7
S1182,2,79.4,82.7,68.4
S1009,3,77.7,61.5,56.4
S1243,1,91.3,84.8,89.3
S2416,2,99.0,89.0,75.2
S2354,5,79.7,100.0,90.9
S2533,6,70.5,80.0,62.4
S1143,5,88.0,98.1,85.7
S1320,3,87.2,92.5,67.0
S2109,1,84.1,69.2,68.1
S1279,5,84.7,82.0,69.4
S1239,2,83.9,83.3,74.7
S1255,4,89.4,85.5,66.9
S2516,6,84.2,84.9,75.0
S1442,1,73.7,83.9,58.5
S2195,6,87.2,91.7,72.5
S2728,5,79.7,82.8,66.1
S1419,6,67.6,79.8,82.1
S1017,6,86.9,81.5,68.2
S2343,3,71.9,64.0,69.9
S2444,4,84.3,97.5,84.4
S2676,4,70.7,81.5,81.4
S1525,5,86.1,75.3,76.4
S1123,5,92.3,100.0,76.4
S2654,6,63.8,68.0,76.8
S1154,4,86.9,85.8,77.5
S2494,4,72.0,85.7,67.7
S1407,6,74.5,66.2,76.6
S2185,3,71.4,70.7,77.4
S2346,3,51.8,60.2,61.0
S1246,1,86.7,93.5,88.4
S2300,1,76.3,68.8,79.7
S2359,4,55.2,53.2,55.0
S2649,4,81.9,98.8,80.3
S2596,6,86.6,93.0,66.0
S1469,5,90.9,88.5,68.2
S2178,2,76.2,62.5,66.0
S2086,4,98.8,93.7,100.0
S1380,3,97.7,86.4,78.7
S2141,3,75.4,73.8,70.7
S1345,4,81.5,87.3,67.6
S1483,6,80.8,68.3,72.5
S1323,3,75.7,79.6,75.8
S1270,3,62.0,49.5,73.5
S1237,5,91.9,80.3,81.7
S1258,3,77.2,98.6,81.7
S2764,2,78.8,69.4,60.3
S2308,3,81.1,81.3,70.0
S2609,2,87.8,83.6,76.5
S2075,5,73.5,82.5,81.1
S2053,4,89.5,78.5,85.7
S1524,6,70.9,64.9,51.1
S1416,3,72.0,62.7,89.6
S1031,1,76.2,75.7,71.1
S1172,2,84.7,82.4,81.0
S1484,3,84.5,82.8,57.0
S1335,5,79.6,80.4,80.2
S1059,2,65.8,50.1,56.3
S2789,2,62.0,70.6,72.4
S2734,4,78.3,68.9,73.9
S2748,2,85.1,89.0,79.2
S1500,3,84.8,88.7,87.3
S1488,1,100.0,100.0,73.4
S2437,3,77.6,76.0,60.8
S2555,3,88.7,96.5,79.0
S2187,6,70.0,82.1,65.9
S2719,5,74.0,66.6,58.6
S2654,3,66.3,58.0,73.6
S1411,6,75.1,86.3,75.6
S2291,1,78.9,95.0,78.2
S2727,4,64.9,78.9,48.4
S2531,3,85.9,82.3,74.4
S2196,4,85.2,71.2,69.8
S1175,3,91.5,82.4,70.8
S1491,6,63.0,73.2,78.2
S2727,5,68.0,76.1,61.5
S1105,2,78.2,71.0,80.4
S2545,2,69.5,76.9,65.0
S2700,5,85.9,86.8,73.3
S1343,6,86.4,92.6,80.2
S1113,5,88.3,75.3,71.6
S2469,2,86.7,96.5,72.7
S2107,6,55.9,54.1,65.0
S1253,5,77.4,55.9,76.5
S2738,6,86.4,80.1,75.4
S1279,4,73.9,86.6,80.2
S1314,3,61.6,62.4,66.2
S1513,5,72.7,78.3,72.3
S2072,4,73.1,77.6,88.9
S1527,6,77.2,76.7,80.2
S2768,5,100.0,89.1,76.0
S2077,1,71.3,61.3,66.0
S1455,5,56.7,52.9,58.1
S1132,4,70.6,82.1,72.5
S1449,4,56.9,60.4,65.9
S2724,5,93.5,94.5,89.1
S2223,1,78.9,74.8,79.4
S2428,2,,82.5,95.9
S1299,3,79.9,83.0,81.8
S1494,3,91.2,95.0,88.8
S2692,4,73.4,80.7,83.8
S2249,3,87.4,92.1,63.1
S2546,1,79.0,74.9,65.6
S2507,4,63.8,72.2,75.0
S1098,5,70.5,75.8,75.9
S2399,4,75.6,82.3,82.8
S1152,3,87.9,71.5,57.4
S1197,6,80.6,81.4,77.3
S2154,5,92.8,77.0,69.8
S1488,5,97.5,100.0,64.7
S2629,6,71.8,59.0,60.2
S2299,4,92.0,94.6,71.5
S1170,4,79.9,73.7,60.8
S2725,3,76.0,86.9,68.7
S1145,3,85.9,97.6,86.4
S1029,5,79.8,69.7,71.6
S2720,4,71.8,79.5,90.5
S2269,4,84.4,91.5,75.7
S2611,2,80.6,76.7,86.0
S2474,5,90.7,89.5,70.2
S1284,2,73.9,73.5,79.0
S1020,6,80.9,88.9,71.9
S2003,6,87.2,84.4,72.9
S1045,4,79.4,95.8,78.8
S2360,5,84.2,89.8,85.4
S1300,1,77.4,77.6,82.1
S1269,1,77.8,76.7,79.5
S1416,6,66.5,70.6,77.5
S2704,1,85.2,63.6,90.9
S2789,1,78.6,65.2,61.3
S2436,2,76.6,90.7,81.0
S2559,3,72.0,85.8,80.6
S2769,2,70.7,77.3,68.4
S2331,4,86.5,90.8,96.1
S2600,5,87.6,89.0,86.4
S1358,3,98.0,86.6,76.0
S2675,6,94.6,91.3,84.0
S1258,2,79.6,96.3,85.3
S1579,3,78.4,80.5,65.3
S1089,6,83.2,78.6,75.9
S2040,5,78.7,81.2,85.2
S2371,6,82.9,79.5,80.5
S1415,1,67.3,70.8,77.6
S1011,6,77.7,74.3,77.6
S2029,4,61.0,88.6,66.6
S2218,1,74.4,66.0,58.3
S1060,1,79.3,80.8,65.2
S2592,3,87.0,88.2,88.3
S1124,6,75.6,81.7,75.6
S1397,2,87.5,81.8,81.3
S1381,1,82.3,96.5,75.2
S2661,6,88.5,82.6,87.1
S2343,1,67.4,59.5,76.5
S1128,5,78.7,89.1,74.2
S2425,1,,69.2,49.5
S2550,6,91.5,88.7,66.8
S1079,5,75.3,85.5,67.9
S1139,6,62.1,71.7,68.5
S2656,3,74.9,85.5,60.6
S2216,2,88.6,100.0,83.3
S2450,3,70.7,87.2,79.6
S1216,6,92.6,97.7,77.3
S1262,4,72.4,70.5,78.3
S1054,6,73.9,69.5,76.3
S2499,3,70.0,67.7,50.2
S1503,1,65.3,80.3,74.0
S1375,2,82.9,82.2,89.7
S2358,2,80.4,84.6,84.1
S2359,6,59.3,48.8,58.6
S1298,2,78.8,63.5,67.0
S1168,1,84.3,82.2,88.7
S1557,2,76.2,83.6,73.5
S2726,5,89.7,78.5,76.8
S1122,5,81.1,87.4,63.2
S2242,4,86.3,87.4,85.3
S1155,4,91.8,97.1,93.9
S2088,6,94.6,97.3,81.5
S2422,5,83.9,88.5,74.1
S2032,6,87.4,93.3,87.2
S2091,2,80.7,78.4,74.0
S2301,3,76.9,82.1,90.0
S2336,3,70.4,64.8,77.3
S2444,6,92.9,100.0,66.2
S1352,6,79.1,100.0,90.1
S1511,6,74.3,85.2,83.2
S1087,3,78.3,77.4,62.2
S2058,3,78.3,80.6,79.8
S1525,2,76.6,88.0,83.1
S2067,6,72.5,73.9,68.4
S2334,2,76.6,70.6,55.3
S2427,2,85.5,82.0,63.6
S1504,6,85.7,68.4,69.3
S2680,5,76.4,78.5,81.3
S1481,5,88.8,77.5,84.9
S1546,2,86.0,87.3,75.1
S1276,1,88.0,87.2,88.0
S1455,6,66.4,56.8,73.5
S1197,1,83.2,87.8,69.6
S2746,6,72.2,72.2,79.9
S2383,2,54.2,53.8,72.9
S2486,6,73.9,85.6,67.8
S2095,2,66.1,64.1,57.4
S1072,5,80.4,85.6,85.6
S2636,2,80.8,93.5,78.1
S2694,5,66.5,76.3,75.0
S2352,3,84.3,100.0,85.3
S1386,1,70.2,71.8,64.0
S1083,4,96.5,93.1,94.6
S1270,2,63.2,46.6,76.2
S2290,2,78.3,67.8,59.7
S1240,5,81.7,67.7,71.6
S2421,5,66.9,85.8,76.4
S2115,5,81.8,81.8,91.1
S2438,3,79.9,83.9,77.8
S1253,1,62.2,54.3,70.4
S2435,3,81.3,59.0,69.7
S2273,4,89.5,100.0,88.3
S2179,6,73.2,66.7,64.5
S2577,2,87.1,98.9,89.1
S2442,5,90.1,91.3,81.4
S2613,5,83.6,68.8,59.3
S2187,2,81.5,89.1,60.9
S2272,1,69.7,66.6,81.9
S1261,3,66.0,67.5,78.3
S2184,4,83.4,100.0,85.9
S1581,3,82.0,89.2,81.1
S2731,4,85.9,94.5,90.2
S2211,3,86.1,95.2,82.0
S2411,4,93.9,93.8,79.2
S1030,4,85.4,98.9,87.0
S1423,3,81.5,68.8,71.3
S1023,1,78.5,96.5,65.4
S2447,5,80.3,78.5,71.8
S1569,5,96.8,100.0,76.6
S2270,6,85.2,78.5,89.3
S2094,4,77.4,65.8,54.2
S1222,3,92.6,92.8,83.7
S2348,3,72.1,88.3,59.9
S1431,6,64.6,71.8,71.6
S1375,3,76.4,81.2,74.0
S1502,2,75.1,85.8,68.6
S1198,2,93.2,88.3,84.7
S1524,5,70.3,81.8,40.8
S1192,2,95.4,89.1,67.6
S2489,2,81.8,74.3,83.3
S1237,2,86.8,78.4,92.5
S1235,3,63.9,71.1,60.7
S2330,4,83.5,82.3,67.1
S1025,6,93.1,100.0,71.3
S1464,1,85.9,95.5,87.3
S2192,2,79.4,83.9,90.9
S1211,4,86.3,91.1,61.9
S2250,6,73.7,88.1,74.8
S1069,4,78.1,81.7,79.1
S1069,1,87.7,78.0,81.1
S2074,6,69.4,71.1,84.0
S2135,4,81.8,91.3,72.4
S2735,5,81.1,74.0,70.5
S1027,2,72.2,76.4,58.0
S2122,6,85.5,90.8,71.9
S1246,3,80.1,88.3,83.0
S2722,5,78.5,79.0,75.8
S2050,5,74.4,74.1,67.1
S1378,2,83.4,80.7,88.4
S1290,6,75.3,92.5,73.9
S1325,2,82.2,97.2,72.6
S1034,2,65.4,54.7,50.7
S1561,6,70.1,75.6,80.9
S1119,5,90.5,96.1,85.8
S2179,4,74.0,59.8,68.1
S2731,2,87.8,97.1,86.4
S1007,2,85.3,82.3,76.5
S1574,6,91.1,94.9,82.2
S2126,3,71.0,80.5,51.6
S1387,6,83.5,85.2,92.6
S2362,3,61.6,53.4,80.0
S2253,1,81.1,74.6,71.1
S1174,1,83.0,72.4,70.0
S2731,3,89.8,86.8,93.7
S2092,2,72.8,65.6,56.1
S1177,2,83.6,85.2,90.3
S2068,3,75.9,63.6,75.7
S1225,6,85.4,90.0,76.0
S2103,4,68.2,76.7,63.8
S1310,5,84.5,90.2,73.9
S2459,2,90.3,91.1,85.1
S1147,4,82.3,85.2,84.6
S2226,1,93.2,77.7,85.0
S2334,1,72.0,70.7,50.3
S2723,2,89.7,100.0,82.6
S1566,4,64.7,69.1,53.6
S1016,6,82.4,74.6,76.5
S1391,5,81.2,71.1,85.9
S2047,6,57.5,65.3,60.2
S2581,3,90.3,96.2,95.8
S1191,3,87.2,87.4,69.9
S2099,5,86.6,86.0,92.9
S2133,1,90.4,90.8,70.4
S2099,2,89.0,100.0,92.3
S2069,3,81.0,81.7,75.7
S1291,1,69.6,88.1,61.4
S2206,5,,58.8,61.5
S2186,5,87.6,87.1,89.9
S1545,4,83.4,81.0,65.1
S1414,4,68.0,86.5,70.4
S1133,3,,93.3,71.2
S2019,3,74.2,81.2,72.0
S2563,6,79.6,79.5,82.0
S2146,2,84.5,73.5,71.9
S1329,4,83.8,83.9,78.9
S1338,4,87.3,89.2,78.3
S1042,6,86.9,87.0,88.3
S1460,2,70.2,72.2,64.8
S1056,5,86.1,95.4,69.5
S2538,4,65.8,51.8,68.0
S1068,1,83.7,98.8,80.8
S2147,3,85.4,90.0,67.9
S1511,5,75.3,68.2,80.5
S2341,2,81.2,63.6,61.1
S2454,5,86.0,80.3,66.9
S1415,2,76.8,79.3,79.5
S2371,3,80.7,80.2,65.4
S2657,4,87.0,100.0,71.5
S1253,2,77.8,69.7,71.3
S1489,5,80.8,80.8,88.1
S2155,4,70.5,82.2,66.8
S1487,2,85.2,80.3,75.7
S1543,6,89.7,100.0,72.0
S2554,2,85.0,83.1,65.3
S2352,4,91.3,100.0,85.4
S2666,4,80.2,76.6,74.8
S1498,3,83.3,91.0,92.8
S1470,2,76.4,78.4,71.8
S2430,6,82.6,73.6,78.6
S2095,6,70.5,61.8,64.0
S2042,1,65.6,60.9,72.6
S2352,1,83.7,90.2,89.0
S1515,4,70.5,63.9,58.8
S1361,5,98.8,86.4,85.2
S2107,2,63.4,51.8,60.4
S2302,5,84.7,73.7,81.1
S1550,5,77.7,75.1,69.8
S2035,2,79.3,72.7,78.5
S1092,5,86.6,100.0,79.6
S1014,3,82.7,77.8,72.3
S2573,5,82.8,89.2,76.4
S2015,3,84.4,84.9,66.7
S2488,1,74.3,62.7,72.6
S1078,4,70.4,82.1,75.2
S1496,1,73.5,67.0,77.7
S2288,3,82.2,78.5,75.9
S1234,5,72.9,72.8,74.6
S2324,3,68.0,57.9,66.2
S2217,1,87.9,100.0,73.1
S2449,3,66.8,45.0,61.4
S2464,5,77.1,91.6,64.9
S2331,5,91.1,96.4,92.4
S2116,3,88.2,85.2,77.4
S1577,5,83.1,88.6,68.3
S2101,6,84.3,73.4,82.5
S2254,2,78.5,74.1,65.1
S1350,1,99.9,90.9,71.1
S2518,2,82.2,91.5,75.4
S2132,2,84.7,84.4,75.7
S1295,2,69.9,67.3,77.2
S2357,5,83.2,81.6,84.0
S2031,6,87.0,80.4,68.7
S2223,5,88.9,93.8,81.8
S1084,6,91.7,73.2,73.5
S1481,4,88.6,79.2,79.4
S1046,5,87.5,91.6,74.7
S1054,4,70.2,72.2,79.8
S2408,5,87.4,100.0,82.6
S2148,2,80.9,80.6,81.2
S1448,3,86.4,65.8,77.6
S1367,4,73.3,67.2,75.4
S1083,5,97.0,94.6,81.2
S2433,2,81.7,68.3,82.6
S2718,5,81.7,85.9,84.1
S2048,4,62.3,82.7,78.3
S2736,6,80.9,79.1,76.5
S1274,6,56.2,72.7,54.1
S1321,3,64.1,67.0,70.9
S1297,2,78.3,74.5,70.4
S2455,5,90.1,87.5,90.9
S1275,6,89.0,73.0,77.7
S1442,2,82.0,88.3,59.6
S2332,1,91.0,95.9,86.2
S1114,6,86.1,91.4,90.9
S2495,3,68.1,68.9,56.4
S2755,1,73.7,85.7,67.8
S1176,4,71.1,74.3,77.7
S1168,4,93.5,86.1,90.7
S2566,4,95.4,86.8,82.3
S1481,3,85.0,82.4,95.5
S2365,2,83.5,85.0,79.5
S1125,1,78.6,81.4,90.0
S2181,3,81.0,90.6,72.5
S2237,3,74.7,74.2,65.1
S2113,5,84.1,98.0,81.8
S1328,4,82.0,75.0,56.0
S1199,6,73.9,82.7,71.1
S1545,6,91.9,81.8,81.1
S1436,5,87.3,81.0,88.4
S2632,3,70.4,85.7,88.0
S2799,2,71.9,70.8,64.9
S1101,5,77.2,63.4,74.4
S2244,5,71.5,90.1,79.7
S1202,5,83.5,83.2,86.3
S1318,4,92.0,99.0,77.7
S1214,5,86.2,75.9,64.9
S2544,3,62.3,52.8,67.9
S2726,3,92.2,90.1,79.1
S2123,2,77.3,76.4,70.4
S2220,5,69.2,64.0,59.0
S1217,2,91.7,87.2,66.9
S1306,6,77.6,88.3,88.7
S2643,1,73.9,74.4,57.3
S1587,3,79.8,85.5,57.8
S2660,6,85.7,80.3,73.8
S1164,5,92.4,83.9,72.3
S1014,2,76.7,74.7,84.5
S1431,3,71.6,67.4,60.5
S2661,5,90.5,78.1,85.9
S1356,3,75.6,83.8,65.0
S2182,6,62.8,84.0,57.2
S2408,4,88.0,89.2,77.9
S2570,2,80.1,83.4,90.0
S2742,4,91.6,76.0,81.0
S1075,2,73.5,69.3,76.1
S1265,3,78.2,71.5,66.0
S2600,1,84.1,86.9,93.1
S2218,2,77.3,74.7,60.1
S1177,6,84.6,97.1,91.1
S2664,3,81.0,78.7,82.8
S2253,6,64.7,71.0,77.9
S1012,3,68.9,67.8,74.3
S1009,1,70.5,68.2,71.2
S2513,2,94.3,94.4,90.0
S1396,3,75.7,79.0,77.7
S2644,1,83.2,92.4,82.8
S1470,3,85.0,78.3,68.4
S1299,6,81.2,69.6,71.9
S1066,4,91.3,100.0,75.6
S2668,2,87.3,100.0,86.7
S1039,3,67.5,82.3,67.3
S1007,6,86.6,91.9,83.6
S2028,6,90.8,100.0,74.7
S2510,5,77.5,76.2,80.6
S2621,5,84.4,100.0,83.4
S2275,2,99.1,91.1,79.3
S2535,4,62.7,57.0,78.7
S1396,6,94.5,90.4,68.3
S2502,5,74.6,78.9,87.1
S1344,6,85.7,72.5,87.9
S2200,1,72.8,76.3,82.6
S1291,5,78.3,99.0,67.4
S1320,2,79.5,85.3,67.5
S1384,5,82.4,94.3,81.9
S1011,2,78.1,66.9,78.0
S2065,6,84.0,84.5,61.8
S2320,5,71.1,67.7,66.0
S2555,2,92.0,98.4,88.8
S1056,3,92.2,88.3,78.3
S2549,3,95.0,91.1,78.7
S1169,2,71.7,58.8,69.7
S1278,1,81.1,71.7,70.3
S2581,6,93.6,98.0,96.0
S2217,5,86.1,92.6,57.7
S1206,4,90.6,90.5,55.5
S2107,4,59.8,49.9,73.0
S2157,6,88.9,90.2,60.5
S2758,3,81.2,82.1,69.2
S1578,3,84.0,84.6,95.2
S1324,4,68.9,72.5,62.1
S2636,4,86.9,93.7,88.1
S1508,6,85.3,100.0,87.6
S2372,6,,79.4,84.8
S2735,4,72.2,95.2,73.0
S1118,5,90.3,92.2,82.3
S2446,1,88.6,82.5,75.2
S1506,3,91.6,94.9,98.7
S2487,2,88.7,76.2,83.1
S2279,2,76.5,73.5,62.6
S2668,3,93.7,96.1,84.6
S1117,1,74.9,67.2,80.1
S2265,4,92.6,89.5,82.2
S1064,2,71.0,73.6,86.6
S2631,1,95.6,90.5,85.4
S2085,5,84.1,78.4,61.5
S2537,1,89.2,86.4,82.5
S2023,3,65.7,71.4,78.1
S2685,4,83.8,81.1,68.5
S1064,4,78.3,80.0,86.3
S1257,1,77.4,76.7,73.4
S2748,3,83.9,91.3,73.7
S2355,6,79.1,92.6,76.5
S2021,4,67.4,64.9,88.7
S2776,3,78.6,92.7,78.3
S2764,4,89.4,82.5,55.5
S2648,4,73.0,72.9,61.3
S2513,3,96.3,91.9,87.2
S1393,3,80.7,86.7,80.3
S2129,5,79.0,82.4,50.5
S2640,1,98.1,91.2,86.3
S1251,3,89.0,86.0,79.6
S2285,5,67.5,75.7,55.5
S1144,1,66.5,89.2,76.3
S2773,2,58.1,60.0,67.8
S1194,5,87.5,80.1,83.8
S1257,3,90.3,80.3,69.1
S2621,6,85.0,88.8,84.1
S2192,1,85.3,86.2,83.6
S2428,4,91.8,95.1,81.6
S1563,4,83.1,87.5,86.1
S2258,6,78.8,94.0,89.5
S2246,3,77.8,91.2,77.8
S2544,1,68.2,57.5,66.2
S2370,5,81.5,89.0,75.1
S2625,4,82.3,70.5,62.6
S1535,1,78.0,84.0,71.6
S2312,5,67.4,72.4,80.1
S1474,5,95.9,87.4,83.5
S2137,5,82.1,87.6,76.2
S1463,5,92.7,93.8,87.9
S2641,3,85.7,90.9,77.6
S2310,4,64.4,52.9,60.9
S1260,5,94.1,95.6,80.3
S1334,5,95.3,88.3,76.7
S1036,5,91.3,100.0,89.8
S2427,5,86.7,95.2,73.5
S1278,4,85.6,75.7,78.5
S1144,5,70.7,76.6,67.9
S2710,3,94.7,100.0,82.2
S2793,4,81.4,70.2,72.9
S1231,4,68.6,61.4,65.2
S1569,3,100.0,100.0,71.4
S1031,2,73.3,67.1,76.1
S2547,1,86.7,89.2,84.1
S2337,6,73.9,63.7,76.4
S2377,2,76.3,68.4,62.3
S2190,6,79.0,90.9,68.1
S2386,1,100.0,88.0,77.4
S1248,2,80.3,79.7,64.8
S2390,6,92.6,100.0,83.2
S2126,4,79.5,81.7,64.0
S1588,3,88.6,82.5,86.7
S2796,4,80.8,100.0,78.8
S1091,5,93.9,100.0,82.7
S2195,1,88.5,92.0,91.4
S2300,2,76.0,69.1,67.1
S1249,1,94.5,88.8,74.7
S2427,4,79.7,94.9,74.8
S1447,5,65.9,64.7,77.1
S2796,1,89.6,80.2,83.8
S2344,4,75.0,90.1,89.1
S2299,2,98.6,100.0,80.5
S2397,3,85.3,84.5,88.0
S2765,4,75.2,77.0,66.4
S2601,4,76.1,76.0,73.3
S2654,1,54.2,60.4,72.7
S1270,5,61.1,48.3,81.6
S2733,4,84.4,76.9,72.8
S1468,6,77.3,74.8,59.6
S2251,3,79.9,91.5,85.3
S2490,5,86.4,82.1,60.9
S2536,5,81.4,78.6,69.7
S2737,1,84.2,87.0,77.8
S2551,3,79.0,85.8,79.5
S2649,3,85.7,91.3,78.8
S1264,1,78.0,76.5,70.1
S2080,2,76.6,80.2,79.2
S2486,1,82.0,75.1,80.3
S2466,5,83.2,91.1,76.6
S2122,3,91.5,83.8,80.7
S2207,1,95.8,94.7,100.0
S2243,6,88.6,85.8,66.1
S1353,4,82.7,67.8,87.0
S2077,2,70.4,77.8,68.7
S2338,2,47.5,37.6,57.2
S1331,2,89.1,80.5,76.4
S2522,3,88.9,100.0,84.3
S1290,4,85.2,90.5,71.2
S1526,1,68.7,78.2,61.7
S2729,5,94.5,100.0,98.0
S1260,6,93.9,80.9,84.9
S2001,6,95.6,92.4,73.1
S2034,6,90.6,94.5,76.0
S2177,1,87.0,97.2,74.1
S1591,1,67.9,59.7,70.6
S2498,1,62.0,84.0,63.6
S1097,1,80.6,73.8,77.8
S1291,2,73.1,73.1,65.6
S1195,3,,76.6,70.2
S1485,4,77.6,71.8,76.3
S1070,2,54.5,65.5,56.2
S2283,1,89.6,81.8,71.1
S2683,6,89.9,100.0,70.0
S2653,6,85.5,82.4,76.4
S1127,4,91.4,100.0,78.3
S1512,1,78.2,82.6,74.0
S1201,2,69.5,73.8,65.7
S2763,3,89.2,82.5,85.5
S1541,5,80.4,84.4,77.4
S2071,5,89.3,87.9,78.1
S1205,3,90.2,100.0,96.3
S2714,2,75.6,82.1,83.9
S1217,3,88.8,86.8,63.2
S1055,5,77.8,71.9,82.7
S1410,2,82.9,91.4,90.4
S2146,6,74.7,65.7,71.3
S1435,2,76.3,76.9,83.0
S1350,5,79.9,88.8,79.9
S2535,2,64.6,65.2,77.7
S1186,2,71.7,80.8,79.4
S2575,6,70.6,68.1,66.7
S2775,2,89.3,86.3,90.0
S1523,2,86.4,100.0,90.3
S2458,4,95.8,84.4,67.7
S2029,1,62.4,80.9,72.2
S2390,4,95.2,100.0,82.8
S1284,4,74.1,71.3,78.3
S2321,1,86.2,73.9,72.3
S2480,6,80.3,84.8,87.2
S2140,1,71.6,86.6,75.4
S2461,5,84.5,87.5,74.9
S1162,5,70.0,70.5,62.8
S2062,6,73.4,89.8,71.0
S2597,4,99.9,95.8,84.9
S1396,5,78.3,76.0,59.6
S2730,2,82.4,88.8,82.9
S2277,6,72.0,64.9,78.6
S1593,4,74.1,80.7,81.8
S1439,1,80.0,88.3,74.4
S2787,6,79.0,86.5,62.0
S2017,3,88.3,75.8,61.5
S1333,1,70.4,81.5,68.1
S2435,2,74.7,84.3,80.6
S1231,6,74.7,63.0,70.7
S1499,1,94.6,100.0,73.8
S2442,4,80.2,96.1,86.2
S2613,6,72.1,63.3,62.0
S1262,3,76.1,83.9,80.5
S2242,3,93.6,87.0,83.4
S1124,3,76.8,82.2,72.5
S2577,4,92.0,83.8,91.1
S2613,4,69.6,69.3,66.1
S2627,5,93.3,100.0,75.1
S2560,1,83.8,77.7,65.8
S2623,6,82.8,92.9,73.0
S1279,2,69.9,80.1,88.6
S1382,6,69.5,75.6,76.5
S2457,5,65.7,63.1,79.0
S2372,1,86.8,85.4,85.6
S2426,4,83.4,83.0,85.8
S1552,2,67.8,77.7,79.4
S2745,5,81.0,88.6,85.1
S1073,4,97.3,82.0,74.0
S2358,6,80.3,82.3,76.8
S2533,2,68.9,79.8,60.7
S1052,3,83.0,81.0,78.8
S1596,5,93.6,75.8,77.5
S1015,4,79.5,86.3,76.4
S1414,1,70.0,78.6,52.2
S1452,1,78.3,82.8,76.2
S1171,1,64.0,67.7,61.4
S1301,4,79.0,72.1,80.1
S2415,4,73.7,70.4,62.6
S2018,3,70.2,70.3,68.9
S2430,3,85.2,67.2,74.2
S2199,4,88.8,90.2,77.7
S2530,6,82.0,85.6,75.7
S2174,1,86.3,92.6,71.5
S1043,6,74.1,72.5,76.5
S2092,6,73.6,72.9,62.6
S1049,1,76.0,81.9,83.8
S2268,3,86.1,92.1,76.8
S2037,4,95.7,100.0,73.7
S1404,1,66.0,68.6,80.1
S2228,6,50.9,65.1,70.6
S2276,1,93.4,88.2,77.8
S2370,4,79.5,86.8,73.5
S1239,3,82.6,77.0,67.8
S1499,5,90.8,100.0,79.2
S1123,6,81.4,100.0,63.5
S1471,6,86.1,90.2,69.3
S2153,5,63.6,62.9,54.7
S2715,3,81.1,87.8,60.7
S1091,4,90.1,88.9,80.9
S2169,3,85.8,77.5,78.6
S2393,1,74.5,71.4,71.8
S1595,4,88.3,88.8,64.2
S2409,6,72.8,81.9,72.6
S1327,2,72.5,75.0,77.9
S1407,4,81.2,84.0,81.5
S1413,2,79.9,75.6,72.4
S2320,3,63.7,66.5,74.5
S1239,5,83.2,74.6,68.8
S1134,3,86.2,87.3,76.7
S2217,4,94.8,94.8,74.0
S1010,3,79.9,79.5,77.1
S1012,4,74.9,70.0,77.8
S2114,2,78.7,87.9,94.6
S1119,4,95.6,98.3,94.9
S1518,4,100.0,87.6,73.2
S1045,2,83.6,72.3,69.2
S2386,2,89.0,99.5,92.2
S2547,5,82.3,92.9,79.3
S2130,1,79.4,79.5,84.0
S1238,5,86.5,89.0,70.9
S1528,5,82.7,86.3,67.2
S1245,4,71.3,74.8,74.9
S2164,4,88.2,87.7,77.1
S2354,2,87.1,94.8,86.5
S2751,2,98.3,99.1,84.6
S2497,3,59.9,39.8,42.5
S2715,4,75.7,85.9,61.5
S2432,1,97.4,96.5,89.2
S2399,6,75.7,79.2,85.3
S2747,6,76.9,81.7,60.6
S2233,6,69.4,81.6,64.6
S2205,2,79.8,85.9,64.5
S2509,1,69.2,54.7,72.4
S2657,5,82.7,100.0,86.3
S2718,6,81.8,88.7,79.2
S2633,5,78.9,79.0,72.5
S2790,2,70.3,92.7,83.6
S2701,5,80.1,73.6,73.5
S1126,2,71.2,70.2,65.5
S2077,5,72.9,76.1,53.8
S2688,6,77.2,84.0,71.2
S2256,1,76.9,78.4,66.9
S1080,3,88.7,87.9,72.3
S2383,3,62.5,52.5,76.3
S2683,4,86.6,74.5,86.9
S1531,2,70.0,63.7,74.9
S1036,2,90.9,94.0,89.2
S1079,1,71.8,67.0,71.8
S2188,1,56.3,51.5,50.3
S1429,2,76.4,70.8,55.9
S2785,6,98.5,94.5,83.0
S2212,6,89.3,82.4,68.4
S1171,6,73.0,76.4,75.2
S2463,6,80.1,75.1,75.6
S2714,1,84.0,83.1,72.5
S2005,1,93.9,92.7,77.0
S2064,2,100.0,100.0,91.7
S2493,3,81.5,69.8,86.5
S2054,1,64.1,67.4,75.1
S2344,2,84.8,100.0,86.5
S1129,6,77.5,76.6,77.5
S1230,1,84.5,81.8,70.7
S2181,6,86.0,94.6,66.3
S2474,1,83.8,86.8,79.0
S2205,4,73.8,66.8,63.5
S1107,6,90.8,90.1,82.4
S2639,3,77.4,69.7,55.3
S1033,5,76.4,77.9,81.3
S1379,5,67.2,64.8,61.5
S1311,3,74.5,67.5,79.9
S1247,4,70.4,77.0,85.2
S2625,1,85.7,77.3,68.4
S1185,5,81.6,81.9,85.7
S2749,2,84.8,84.0,72.8
S1572,3,79.0,72.3,72.5
S2636,6,98.0,98.5,84.8
S2496,2,89.1,87.7,75.4
S1445,1,86.5,87.5,79.0
S2020,2,76.1,97.3,67.5
S2593,3,82.1,86.1,91.1
S1160,4,84.6,98.2,66.0
S2316,4,95.9,91.8,79.6
S1355,4,86.9,98.6,82.0
S1448,2,63.8,67.4,80.8
S2593,5,84.0,88.4,93.8
S2472,1,82.3,83.4,88.1
S1211,2,89.5,90.7,72.6
S1020,5,73.3,98.1,71.1
S2413,5,75.7,87.8,80.1
S2482,2,80.1,69.7,66.8
S2326,4,70.6,80.0,74.5
S2662,3,73.1,63.9,63.9
S2334,4,76.1,58.6,53.1
S2570,3,86.0,81.4,85.5
S2240,4,73.6,96.3,68.1
S2687,5,72.6,62.1,62.6
S2553,5,67.9,67.3,67.4
S1438,6,64.6,53.1,57.1
S1196,3,68.2,67.9,52.9
S2473,2,76.7,72.6,64.7
S2062,1,81.3,90.9,77.3
S2634,6,79.0,84.0,70.6
S1536,5,88.6,77.0,69.1
S2015,1,81.6,82.1,67.8
S2796,2,80.8,80.1,78.7
S1555,5,92.5,78.9,74.5
S2786,3,85.7,72.6,66.5
S2022,3,87.8,89.1,82.5
S2481,1,85.9,88.0,75.1
S2370,3,79.2,93.1,67.6
S2210,2,60.3,59.4,69.9
S1525,3,82.2,78.3,91.4
S2715,5,77.7,77.0,58.2
S2199,2,90.3,81.2,77.2
S1371,6,81.5,79.0,76.5
S1524,2,68.3,70.6,57.3
S2362,4,65.4,55.7,72.0
S1136,6,80.1,100.0,83.6
S2168,5,64.0,63.6,75.8
S1104,1,79.7,99.6,77.7
S1557,6,72.2,77.2,84.5
S2466,6,92.6,81.0,77.7
S2151,6,100.0,91.4,96.2
S1174,5,76.9,78.2,62.4
S1392,3,89.8,84.2,93.9
S1369,3,91.4,89.7,79.9
S1180,1,70.8,56.3,63.0
S2745,4,86.1,87.5,80.9
S2547,2,84.2,93.6,85.8
S1598,1,75.7,85.0,77.4
S1030,6,83.0,90.5,94.2
S2705,5,92.3,88.2,86.9
S2339,2,95.5,100.0,74.3
S2488,6,83.1,78.8,64.8
S2318,6,72.4,74.2,62.5
S2614,1,71.2,72.9,61.0
S2546,5,77.7,74.2,90.2
S2402,1,83.3,67.7,79.5
S2446,3,97.2,94.2,70.6
S1441,5,86.7,84.7,70.8
S1580,6,73.9,87.7,74.7
S2773,4,59.1,67.1,72.1
S2214,4,80.5,84.1,66.9
S2341,3,71.8,66.1,60.7
S2018,6,71.4,68.1,78.0
S2227,4,81.4,76.8,64.7
S2024,5,78.7,69.0,72.8
S2287,2,67.3,83.4,62.9
S2371,1,83.8,92.4,61.1
S2591,4,77.7,87.3,64.6
S1213,6,84.4,88.4,78.4
S1263,4,,84.7,72.6
S2800,6,91.4,93.2,91.6
S2402,4,70.9,86.0,81.1
S2146,3,,79.9,65.7
S2292,6,89.3,75.4,67.4
S1125,2,77.0,81.2,84.2
S2596,5,75.0,83.6,59.1
S2698,3,72.3,50.9,51.5
S2469,3,79.9,92.4,74.9
S1125,4,81.5,87.1,87.6
S2483,3,93.8,77.5,61.3
S1503,3,68.8,79.8,77.5
S2376,3,62.7,82.4,56.1
S1438,2,62.7,57.4,58.8
S2479,1,91.0,77.0,83.3
S1194,6,83.7,88.7,86.6
S2218,5,76.8,67.8,64.1
S2167,6,,73.0,85.0
S2561,3,78.1,79.5,62.2
S2304,2,93.6,89.0,77.0
S2026,4,87.9,71.0,57.9
S1512,6,77.8,84.8,70.2
S2371,4,84.2,91.8,70.5
S2294,4,83.8,91.9,70.4
S1051,1,,81.7,80.8
S1191,5,82.4,100.0,78.0
S1256,4,82.8,86.7,61.9
S1399,4,80.6,71.1,74.0
S2334,6,71.4,64.6,52.4
S2635,2,85.3,78.0,67.2
S1473,4,78.8,85.9,77.5
S1358,4,86.6,88.5,71.3
S1491,5,69.3,78.6,63.5
S2135,2,89.2,98.0,67.2
S2405,6,85.3,85.9,75.6
S1472,1,71.8,61.9,65.9
S2049,4,62.3,61.6,56.4
S2512,5,85.5,83.1,69.1
S1193,6,79.4,93.6,67.0
S2109,4,90.2,79.8,64.8
S1082,1,81.8,65.2,60.2
S1197,5,90.6,100.0,77.6
S1340,1,87.0,82.8,81.7
S2695,6,67.0,70.4,63.7
S2749,4,87.4,79.4,84.1
S2522,2,90.9,94.2,74.5
S1379,6,67.3,55.8,69.2
S1589,5,78.1,80.2,56.9
S2133,2,78.5,88.3,70.7
S2046,1,91.1,95.5,89.7
S2402,6,78.5,65.8,83.9
S1539,4,78.4,73.8,61.7
S2446,2,95.0,93.9,76.9
S2456,1,71.7,73.8,75.3
S1315,5,72.0,79.5,76.9
S2362,5,68.0,55.7,78.7
S2799,4,55.9,69.8,70.8
S2342,3,88.5,94.6,79.7
S2133,6,84.1,93.6,80.9
S2152,3,82.9,87.8,90.3
S1111,6,77.4,88.4,74.0
S2699,4,72.9,65.6,73.8
S2175,6,78.0,86.0,84.8
S1108,1,78.6,80.9,85.6
S2768,6,88.6,94.3,80.0
S1030,3,92.1,100.0,96.1
S1378,5,87.6,87.0,84.0
S1294,1,92.7,96.5,68.5
S1132,1,81.5,100.0,72.0
S2068,2,70.9,75.8,79.4
S1075,6,79.0,81.0,78.9
S2298,5,67.8,69.5,53.7
S2768,3,85.6,87.4,79.9
S1057,2,71.0,61.3,61.2
S2610,4,84.9,80.7,86.9
S1016,2,79.7,85.5,60.9
S2713,1,67.8,71.0,76.5
S2433,4,80.0,81.4,91.5
S2509,4,61.7,59.8,72.3
S1289,3,90.4,87.6,60.6
S2414,4,75.8,88.1,71.6
S1089,3,83.5,76.0,66.3
S2005,3,87.0,96.4,72.5
S1167,1,67.0,53.2,63.1
S1289,1,87.7,82.2,64.4
S2736,3,78.7,88.1,72.1
S2710,4,90.1,100.0,81.2
S2205,5,78.2,69.4,58.1
S2136,5,80.0,95.4,73.7
S1018,5,61.0,64.8,58.4
S2536,1,90.0,72.8,66.0
S2242,1,83.8,87.9,82.4
S1238,6,79.0,98.3,73.7
S1170,5,83.9,80.9,65.2
S2063,6,,98.4,67.4
S1022,6,90.3,80.0,76.6
S2191,6,87.1,82.0,86.2
S2118,5,88.4,99.4,81.3
S1531,6,72.9,63.7,74.0
S2762,1,71.8,74.3,74.7
S1352,2,79.2,94.9,86.9
S2110,1,86.9,89.5,89.4
S1463,6,84.4,86.7,79.3
S2799,1,72.3,68.8,79.7
S1267,2,67.1,65.5,73.9
S2378,1,87.8,90.3,59.6
S2780,6,78.3,78.2,72.6
S1482,3,86.2,93.2,84.7
S1399,2,76.8,82.6,74.6
S1536,4,78.6,91.2,68.5
S2641,6,87.3,90.0,81.9
S1116,5,76.1,74.4,50.6
S1527,4,73.8,83.8,82.5
S2211,1,95.0,98.8,76.5
S2398,6,92.2,97.5,88.4
S1028,6,92.4,91.7,72.0
S2285,1,62.3,63.5,67.6
S1062,2,90.7,86.0,80.1
S1511,1,76.6,73.1,76.0
S2513,1,92.5,81.7,84.7
S2041,5,86.9,74.9,81.6
S2433,3,80.3,79.6,84.5
S1140,2,87.6,87.6,100.0
S2009,4,55.9,65.0,56.9
S2120,6,90.2,95.9,78.4
S1554,3,78.3,79.2,53.3
S2404,6,63.8,80.9,77.6
S1434,5,90.4,86.8,61.5
S2500,2,86.8,91.7,87.2
S1306,3,92.6,81.9,87.1
S2276,5,88.5,90.4,82.6
S1513,6,72.4,78.3,67.5
S2393,4,79.7,66.6,77.1
S2283,3,89.0,87.5,63.2
S1417,4,74.6,84.6,83.7
S2452,1,67.5,77.0,72.6
S2316,5,94.9,95.8,83.3
S1478,1,83.0,89.3,76.6
S2412,2,89.9,100.0,83.1
S1590,2,80.1,95.4,80.7
S1353,3,84.6,81.3,79.1
S2153,2,58.9,70.4,63.1
S2111,5,76.7,78.5,64.2
S1017,5,85.3,87.7,62.6
S2432,6,84.0,94.5,80.6
S2475,1,76.2,94.0,71.1
S2605,2,97.0,82.9,88.3
S2128,6,80.4,93.8,74.8
S2259,6,79.6,74.3,87.5
S1521,2,67.8,71.3,64.2
S1256,6,79.1,79.7,69.8
S2593,1,84.7,83.6,91.7
S2059,3,76.6,78.6,89.2
S2555,6,85.9,87.3,92.0
S2366,5,73.7,74.8,63.5
S2708,5,91.4,95.7,82.0
S1220,2,81.9,83.9,60.7
S2700,3,87.3,84.6,73.5
S2512,1,94.8,87.8,70.7
S1245,2,58.9,61.7,72.6
S2284,6,88.7,86.2,71.8
S1459,6,68.1,62.4,51.5
S1385,1,62.2,64.1,80.2
S1588,6,85.7,79.8,80.4
S2477,4,89.5,100.0,84.8
S1296,6,86.7,94.8,80.2
S1259,3,75.8,91.7,76.6
S1405,2,73.7,83.0,64.7
S2514,6,84.8,75.0,68.7
S2708,1,85.4,84.4,75.8
S2700,2,84.5,90.0,78.9
S2751,4,88.7,92.3,93.0
S1013,2,78.5,76.4,72.6
S1364,6,83.8,77.7,81.7
S1322,3,77.0,75.4,77.3
S2269,3,95.3,81.5,81.3
S2066,6,85.7,97.1,62.4
S1483,2,86.4,75.4,68.6
S2707,4,74.5,84.8,61.1
S1387,4,92.6,85.4,91.8
S2166,1,74.2,76.2,76.9
S1594,1,85.3,95.8,76.7
S2053,1,87.2,85.3,88.3
S2080,3,76.6,89.6,80.1
S2005,2,94.1,92.3,76.1
S2233,4,75.9,88.7,64.4
S2504,5,89.7,96.2,78.1
S2450,5,80.1,81.0,71.7
S1426,5,80.4,78.8,69.7
S1348,6,90.7,97.4,77.5
S1048,5,58.5,44.3,57.5
S1006,2,99.3,99.5,79.4
S2024,2,70.4,78.3,74.7
S2259,4,85.8,86.4,85.3
S2057,1,87.2,95.3,76.4
S2659,3,80.1,96.5,79.0
S1029,1,80.5,72.8,71.3
S1574,1,,98.0,86.2
S2084,6,75.3,74.5,82.8
S2773,6,57.5,66.1,80.5
S2272,6,74.3,63.1,71.1
S2173,3,80.7,79.9,82.1
S2668,6,97.0,98.8,86.5
S2732,1,76.3,78.1,72.2
S1490,6,90.0,95.6,91.0
S1556,5,76.1,60.6,61.2
S1135,2,95.1,99.9,77.8
S1289,2,84.9,82.4,57.6
S1312,5,100.0,94.0,100.0
S2765,2,62.2,66.4,80.0
S1193,2,84.3,82.3,73.5
S2446,4,96.7,82.2,73.0
S2407,2,74.8,70.0,70.9
S1208,1,95.1,100.0,82.1
S2266,1,96.0,85.5,91.2
S2093,6,76.9,71.7,79.9
S1104,3,87.7,93.4,62.6
S1092,2,86.7,100.0,88.7
S2630,3,73.1,69.3,63.7
S2608,5,81.7,85.9,91.8
S2650,4,69.2,63.2,88.3
S1005,3,82.3,69.1,78.8
S2479,5,81.0,81.1,81.8
S2161,5,85.4,89.2,93.5
S1471,1,81.8,89.6,75.8
S2666,5,69.2,92.1,69.5
S1287,6,85.3,76.9,84.4
S1218,1,77.3,80.8,85.0
S2381,4,83.3,92.5,70.2
S2719,6,74.6,70.3,67.1
S2692,6,74.5,73.7,75.6
S2773,1,67.0,60.6,67.9
S2271,5,84.0,69.6,74.2
S2753,6,77.5,88.6,76.2
S1084,3,81.5,80.4,70.3
S2645,6,71.6,83.2,89.3
S1073,6,80.0,98.8,72.5
S1431,1,70.8,61.6,76.0
S1556,2,66.8,61.1,50.5
S2667,3,,70.9,87.2
S2121,4,87.7,89.4,93.5
S2571,6,60.5,69.3,47.6
S2369,3,59.9,69.9,52.9
S2089,1,80.0,68.8,67.1
S2137,1,,76.2,69.4
S2131,3,69.5,74.3,54.1
S2698,2,55.8,50.4,50.5
S1043,4,69.8,63.7,71.2
S2482,4,77.7,83.3,65.2
S2548,4,83.2,65.1,85.0
S2632,6,83.4,83.3,88.3
S2417,5,89.0,93.4,67.0
S1174,2,88.3,85.6,69.3
S2703,1,78.6,83.6,83.3
S2165,4,89.7,84.8,73.1
S2121,3,84.4,87.3,96.5
S2469,1,85.9,80.0,74.0
S1381,4,74.4,99.3,87.0
S2272,2,73.7,67.7,85.6
S1018,6,58.3,73.0,64.7
S1358,1,88.8,85.8,75.6
S2238,5,82.4,76.2,75.2
S1236,5,85.0,86.3,69.1
S1090,1,89.0,85.5,71.0
S1335,3,78.9,83.2,86.0
S2539,3,73.4,69.0,68.4
S2023,2,73.6,73.9,72.1
S1098,4,80.0,88.0,71.3
S1509,6,80.8,76.2,67.2
S1016,1,74.8,96.3,70.4
S2260,6,66.9,51.3,57.4
S1522,2,70.4,71.4,47.1
S2222,2,86.7,83.8,55.4
S1284,6,64.6,59.1,66.4
S2680,1,74.6,68.1,70.4
S2094,5,78.3,69.8,73.8
S1082,6,71.6,72.0,62.0
S2738,4,67.0,78.4,67.1
S2778,4,84.0,82.0,87.3
S1037,3,74.4,69.8,82.7
S2458,6,78.9,89.8,76.9
S2030,6,94.0,100.0,82.4
S1447,1,60.5,83.0,74.9
S2351,3,76.9,72.5,70.0
S2375,6,73.4,59.7,74.0
S1143,1,78.3,82.3,83.1
S1410,5,84.1,98.8,90.5
S1518,1,92.1,94.9,75.4
S2312,6,78.1,67.4,81.8
S1420,3,92.1,100.0,67.6
S1446,1,85.4,66.3,73.1
S2124,1,84.7,74.8,65.9
S1313,6,90.0,88.0,73.5
S2228,4,62.6,66.8,66.2
S2062,3,73.8,77.5,76.8
S2506,4,85.9,96.8,71.0
S1532,2,86.0,93.2,84.6
S2107,5,67.2,51.8,73.2
S1067,2,,93.7,82.2
S1220,4,77.6,74.6,67.4
S1414,6,78.2,89.9,74.0
S1021,2,59.6,60.1,67.0
S1067,6,86.1,92.4,82.1
S1019,4,79.3,86.5,86.5
S2673,6,85.7,100.0,84.5
S1262,1,68.4,74.5,75.8
S2321,6,92.5,85.9,80.9
S1360,4,74.0,82.4,85.1
S2300,4,80.7,64.0,69.5
S2466,3,92.1,87.6,74.6
S1507,4,84.3,96.4,94.1
S1260,4,83.9,86.9,87.1
S2523,3,78.6,71.9,82.7
S2543,3,97.9,100.0,84.1
S1096,4,75.4,76.1,74.8
S2031,1,83.2,71.1,66.9
S2656,2,91.2,84.9,66.3
S1508,3,90.0,81.2,86.1
S2625,3,79.2,82.4,76.2
S1435,6,85.7,86.1,76.8
S2486,4,85.2,70.6,80.5
S1235,4,72.8,69.1,57.9
S1090,2,93.8,83.5,76.5
S2401,5,75.7,85.9,78.5
S1480,3,76.5,85.2,80.1
S1556,3,68.7,58.6,55.8
S2449,4,62.2,52.7,62.0
S2739,4,84.9,100.0,81.5
S1240,1,71.0,73.7,74.5
S2148,6,85.8,85.2,91.7
S2187,1,79.3,75.9,55.7
S1204,4,81.8,91.2,68.2
S2789,3,72.4,65.4,64.4
S2800,2,93.2,98.1,88.6
S2035,3,84.9,73.5,73.6
S2511,2,92.4,81.8,85.7
S1243,3,91.6,82.6,83.6
S1459,1,63.7,67.4,57.7
S2758,1,75.9,77.9,79.6
S1079,6,73.0,78.7,62.9
S2778,3,81.1,95.3,85.9
S2543,6,92.0,99.5,92.4
S1147,6,80.0,92.8,85.6
S1009,4,74.2,67.4,73.7
S2496,1,88.8,83.3,67.1
S2112,6,75.7,75.4,70.0
S2080,1,83.5,98.3,74.0
S2302,4,86.4,82.0,73.8
S1079,2,80.5,78.3,71.9
S2410,3,80.8,76.9,71.8
S1596,4,80.2,86.3,79.6
S2436,4,86.7,90.8,80.9
S1455,3,65.8,63.6,63.9
S1516,5,86.2,88.6,75.2
S1042,2,82.4,100.0,85.4
S2081,6,87.6,82.0,74.1
S1289,4,80.1,74.9,62.8
S2541,6,75.7,73.0,85.7
S1145,2,84.1,95.4,86.5
S1127,6,85.4,100.0,77.9
S2500,3,90.4,92.7,86.3
S1549,3,76.9,86.2,88.1
S2521,5,92.2,100.0,62.5
S2012,3,92.7,86.5,84.2
S2342,4,88.4,100.0,86.0
S2670,4,71.0,63.6,62.0
S2701,3,76.7,80.1,80.8
S1071,6,86.9,100.0,89.6
S1032,3,89.5,95.5,78.6
S2638,6,81.8,82.0,66.5
S2346,5,59.7,47.1,55.2
S1039,1,76.8,85.5,74.9
S1328,1,79.8,91.0,61.0
S1116,4,77.3,81.4,61.6
S1174,4,80.4,77.5,74.9
S2777,3,79.3,88.3,83.1
S1104,5,80.2,83.1,72.3
S2515,2,89.9,94.3,88.5
S2195,4,80.5,84.2,83.5
S2152,1,81.7,77.1,81.9
S2601,1,86.6,79.4,77.1
S1134,4,80.5,88.1,82.3
S1248,6,83.8,67.7,76.8
S2615,4,88.3,95.8,73.1
S2796,6,80.8,85.9,78.3
S2682,1,87.4,85.7,87.7
S2307,5,81.9,95.4,78.9
S2613,1,80.6,58.1,64.3
S1189,1,76.4,86.8,84.9
S2440,1,68.8,70.3,53.2
S2113,2,84.3,95.8,72.4
S2558,4,85.9,77.7,75.8
S2178,3,77.6,62.0,65.5
S1010,5,77.9,71.2,71.9
S2068,1,73.1,63.4,75.1
S1407,1,85.5,71.0,73.1
S1370,2,80.3,87.8,85.8
S2484,2,96.8,87.2,84.9
S1472,4,66.9,77.3,67.7
S2175,4,,83.6,77.2
S2783,6,57.5,57.5,63.8
S1017,1,87.8,77.7,60.1
S2321,4,78.6,83.0,68.5
S1161,1,68.9,77.3,63.6
S1055,3,81.7,87.6,84.0
S2642,3,72.2,82.9,71.8
S1273,1,81.5,70.8,75.9
S1147,2,81.0,80.8,84.5
S2125,5,88.5,75.8,90.4
S2799,3,69.3,70.3,70.3
S1027,1,78.2,72.5,56.6
S2743,3,79.9,87.4,69.0
S2286,1,82.3,96.5,90.2
S1540,2,87.9,92.7,74.3
S2685,5,78.7,75.6,77.2
S2253,2,71.6,78.8,81.2
S2329,5,77.5,82.7,78.6
S1102,6,100.0,97.4,97.9
S2531,2,82.3,79.5,82.6
S1460,1,65.8,72.9,61.7
S1287,5,79.8,95.1,81.6
S2481,4,83.0,87.4,74.6
S2330,1,72.5,81.6,64.5
S2087,4,92.7,89.9,75.7
S1518,5,90.5,81.4,69.0
S1199,1,75.3,80.9,70.7
S2370,6,77.8,85.1,72.6
S2202,3,87.3,92.2,77.5
S2105,5,70.0,85.1,62.6
S1075,4,66.9,84.2,68.8
S2721,4,72.3,68.6,69.1
S2279,5,81.4,69.8,72.9
S2347,6,91.4,85.9,84.4
S1377,5,89.6,100.0,81.6
S1099,5,77.0,82.5,79.2
S2487,6,76.3,69.2,89.2
S1400,6,92.6,97.5,87.5
S2521,4,83.0,100.0,66.6
S2651,2,98.8,94.2,86.2
S2757,4,78.6,96.0,78.7
S1476,2,84.2,100.0,83.9
S2777,6,89.9,78.8,89.4
S1599,3,63.4,66.5,72.3
S1142,2,92.0,87.3,78.8
S2626,2,83.2,90.2,73.5
S2563,1,84.5,86.6,78.0
S1105,1,81.8,84.0,68.1
S2288,1,88.0,78.3,87.0
S1106,4,66.2,60.2,65.8
S2702,4,95.4,91.9,82.5
S1302,2,84.4,78.0,74.8
S2763,1,80.2,77.0,87.2
S2118,1,89.8,97.3,80.4
S1503,4,67.9,80.1,80.7
S1127,1,91.8,100.0,75.6
S1520,5,76.7,75.4,76.0
S2153,4,67.0,72.9,56.5
S1389,6,84.1,94.0,89.1
S2560,3,80.1,68.9,71.7
S1560,5,94.6,100.0,80.0
S1550,4,65.1,71.0,72.2
S2452,5,83.5,63.6,73.2
S2209,5,65.5,78.0,53.9
S1401,5,96.4,89.2,80.3
S1516,1,87.3,80.6,80.7
S2636,5,98.6,87.7,90.0
S1576,5,79.2,99.2,84.1
S2609,3,77.5,76.8,83.3
S1508,4,81.9,80.3,89.9
S2480,5,87.5,80.9,85.8
S1092,4,93.5,92.3,89.6
S2374,5,81.6,98.9,82.9
S1128,3,73.6,80.1,68.0
S2596,1,81.5,88.7,68.6
S2721,2,61.5,72.2,61.7
S2664,2,79.2,89.1,76.3
S2226,2,86.0,85.3,86.5
S2652,1,76.3,75.8,68.9
S1229,5,93.2,97.0,100.0
S1599,6,75.1,78.9,61.5
S1056,4,89.5,94.2,76.0
S1210,6,78.8,89.9,85.3
S2379,4,88.7,89.4,82.4
S1333,4,74.5,81.5,72.2
S2384,6,78.8,96.7,90.2
S1171,5,72.6,68.1,66.8
S1563,6,80.1,92.6,79.0
S1126,3,66.1,75.7,61.2
S1363,2,72.2,74.1,76.1
S2763,4,81.3,84.1,88.7
S2101,5,78.1,73.8,81.8
S2559,6,91.3,94.9,77.3
S2261,1,76.6,54.9,72.4
S1059,4,61.0,57.1,53.0
S1252,6,92.2,96.8,95.3
S2232,5,78.1,76.1,77.9
S2771,3,83.0,65.9,81.8
S1529,4,84.8,88.0,68.4
S2140,3,85.0,80.2,68.1
S2517,1,85.3,97.4,79.8
S1117,6,76.8,75.5,72.9
S1339,2,76.2,82.4,58.1
S2039,6,86.4,81.4,86.3
S1564,4,76.4,92.7,66.1
S2302,2,80.2,90.1,76.1
S2131,6,66.4,70.6,51.2
S1094,4,75.9,74.1,71.7
S1399,1,76.0,79.3,76.8
S2387,4,62.3,81.9,68.8
S1349,1,87.3,86.1,88.4
S2412,3,90.8,97.4,75.4
S1516,2,93.7,88.0,77.4
S1365,6,83.1,86.9,65.7
S2361,4,77.9,80.6,83.6
S2481,3,84.1,79.3,83.7
S2260,3,59.0,58.3,66.1
S1376,3,77.0,66.1,77.4
S1544,6,85.7,92.3,82.4
S2340,5,99.3,100.0,71.8
S1175,4,98.8,88.2,69.0
S1475,4,74.7,68.5,66.2
S1514,5,78.8,83.2,77.6
S2040,1,82.2,84.3,92.4
S1070,1,57.4,60.2,62.2
S2011,2,84.6,97.4,61.2
S2701,1,87.0,64.7,75.4
S1384,6,76.2,99.0,81.5
S2602,6,95.3,83.0,86.1
S2129,4,89.4,87.7,68.3
S2218,4,79.8,74.1,54.3
S2316,2,97.5,99.1,82.2
S2596,3,80.1,86.6,68.9
S2086,3,89.9,90.8,88.1
S2034,2,93.2,95.5,82.6
S2066,2,87.3,92.3,72.4
S1394,1,75.4,93.6,86.2
S1264,6,79.1,72.7,61.7
S1236,3,85.2,90.3,78.4
S2471,4,71.5,75.7,80.4
S2281,5,80.5,69.6,65.0
S2220,1,73.8,58.8,59.0
S2224,1,,75.1,81.4
S2616,2,90.3,80.5,65.9
S1252,2,88.6,99.3,86.0
S2505,2,,81.1,77.2
S2266,3,93.1,84.8,87.2
S1326,3,82.3,72.2,76.0
S2669,5,83.7,94.2,59.1
S1221,2,94.5,100.0,89.4
S1141,3,84.9,85.6,74.8
S1192,1,100.0,90.1,66.7
S1449,5,59.2,76.5,65.8
S2445,3,76.9,88.8,86.9
S2207,3,100.0,85.1,90.3
S2631,5,79.8,98.4,84.0
S1209,6,89.6,86.5,76.0
S1078,2,79.8,68.5,70.1
S2058,5,70.2,77.9,67.1
S1001,1,87.7,100.0,84.7
S2307,1,92.5,90.8,68.1
S2761,6,80.1,93.6,83.2
S2601,6,75.6,81.3,77.0
S2501,6,83.3,78.4,67.5
S1027,6,76.7,78.9,69.1
S2220,6,73.5,68.9,58.0
S1064,1,76.6,58.2,80.3
S2341,6,75.8,71.0,65.8
S2658,6,84.1,90.3,75.0
S1223,4,70.6,61.1,70.1
S1204,6,81.2,89.5,69.2
S2666,3,76.7,87.3,72.8
S1112,3,75.6,81.1,66.7
S2084,4,71.3,68.5,86.4
S1409,1,73.6,81.2,84.3
S2031,4,88.5,81.8,72.6
S2495,4,68.8,64.4,57.2
S2076,2,80.8,78.2,79.0
S1348,2,95.4,99.8,78.2
S2506,5,74.3,95.2,67.6
S1430,1,82.9,88.4,83.1
S1302,6,,85.1,68.3
S2336,2,78.2,59.0,74.5
S2549,2,86.7,89.2,85.3
S1476,6,78.2,96.2,71.2
S1316,5,81.0,74.0,64.1
S2227,6,85.6,73.4,69.3
S1432,4,73.4,75.9,64.5
S2638,2,87.3,82.7,71.4
S1461,1,77.2,71.3,59.4
S1199,2,65.8,84.7,67.9
S2191,1,83.1,75.3,82.4
S2072,6,75.5,71.7,82.4
S1500,2,86.2,82.8,89.3
S2149,3,70.7,68.8,76.8
S1584,4,77.8,98.4,94.9
S1372,2,68.2,67.1,61.1
S2245,2,89.1,83.3,83.3
S2545,1,81.6,88.3,59.9
S2297,6,69.6,90.8,65.7
S2320,1,68.0,66.1,61.5
S2287,6,78.8,79.6,70.0
S2314,6,78.0,76.0,81.5
S1293,4,93.8,80.2,91.8
S2059,1,84.7,79.6,77.2
S1039,4,80.3,64.6,77.3
S2349,2,67.9,59.9,65.2
S1382,2,83.9,78.7,74.4
S2007,4,,93.8,85.6
S1505,4,75.7,88.4,74.5
S2266,5,94.1,85.0,95.9
S1253,4,69.3,55.4,79.4
S1037,1,86.7,69.1,72.0
S1521,4,62.3,62.5,73.3
S2776,1,84.3,100.0,84.4
S1466,6,78.3,66.9,79.4
S1149,6,90.1,100.0,61.8
S2460,4,71.5,92.9,71.3
S1309,3,81.2,100.0,80.7
S2491,4,76.1,75.8,73.5
S2123,3,73.7,69.1,57.8
S1055,1,81.7,76.7,74.3
S1203,4,89.1,93.9,88.6
S2258,3,78.3,95.8,84.4
S2505,3,69.9,84.6,74.2
S1189,2,80.4,91.3,83.2
S1501,2,67.4,66.2,72.5
S2117,1,84.9,91.9,73.3
S2346,4,63.4,51.8,71.3
S1035,5,91.6,89.1,84.7
S2608,6,87.1,86.2,94.0
S1134,1,87.7,91.6,80.3
S1123,3,85.9,91.7,76.6
S2536,2,89.6,73.8,63.9
S1196,5,68.3,65.6,51.2
S2790,3,80.1,82.0,80.8
S2199,6,90.2,74.6,68.1
S2780,2,69.8,81.6,73.9
S2393,2,85.1,82.2,76.1
S2143,5,82.5,81.8,71.1
S2381,6,86.7,88.7,85.3
S2645,3,78.6,72.6,75.3
S1034,1,61.1,55.3,60.2
S2109,6,82.2,80.6,65.6
S1183,6,58.0,57.2,53.4
S1092,3,94.8,83.6,83.0
S2415,1,66.9,44.7,74.5
S1421,3,83.8,75.4,70.2
S2156,3,83.0,99.1,83.2
S2139,1,76.5,85.0,82.8
S2259,1,90.1,80.7,72.8
S2702,2,98.4,89.1,79.6
S1356,4,85.0,67.9,69.6
S2421,1,84.4,84.8,79.2
S2378,5,69.6,87.6,53.8
S1103,5,85.1,87.0,81.1
S2670,6,81.0,57.5,66.0
S1157,2,79.3,89.9,75.3
S2439,5,82.5,69.6,68.1
S2076,4,94.2,87.4,79.9
S1486,4,84.3,80.7,83.6
S1419,3,73.3,80.3,72.9
S1558,5,79.6,76.9,56.3
S2140,5,72.9,84.3,68.8
S2056,4,98.0,82.9,90.8
S2684,5,85.7,98.8,74.1
S1462,5,81.0,99.6,85.4
S2797,6,97.6,89.3,83.3
S2179,5,58.1,72.4,71.0
S2586,6,93.5,97.7,72.3
S1080,5,85.5,74.1,64.4
S1226,3,71.8,73.1,54.4
S2113,4,83.5,86.1,69.7
S2223,3,81.0,83.7,80.8
S2488,3,75.5,75.8,62.2
S2075,4,72.0,79.7,78.9
S2317,3,79.2,85.1,84.1
S1173,2,62.6,63.0,55.1
S2004,4,88.3,88.5,90.0
S1386,3,78.3,85.1,73.3
S1483,3,81.7,73.2,83.4
S2553,2,56.1,53.9,61.7
S1417,3,83.8,87.2,88.1
S2096,5,66.4,70.5,66.9
S2578,6,65.1,81.3,66.8
S2724,1,87.6,99.1,71.1
S1238,4,85.6,93.7,73.1
S1545,5,76.0,82.2,70.7
S1312,6,94.3,98.8,98.9
S1566,3,64.5,72.0,42.3
S2784,2,88.3,92.5,62.0
S2233,5,79.8,79.6,57.3
S1088,6,61.8,66.5,76.1
S2628,2,81.6,90.3,88.4
S1596,1,92.3,87.6,77.9
S2185,2,60.8,76.4,75.1
S2067,2,79.4,71.7,64.3
S2688,5,84.1,75.4,77.4
S1501,1,58.0,73.8,65.2
S1526,2,71.2,70.6,73.0
S2579,3,50.7,54.4,53.8
S1507,3,84.1,87.2,87.2
S2138,2,91.7,79.8,89.1
S2165,3,83.9,83.5,77.4
S2052,4,62.9,69.0,50.6
S2277,2,67.3,71.4,75.2
S2541,2,76.4,68.6,79.7
S1597,3,84.6,88.7,88.0
S2204,6,73.2,80.4,76.4
S2587,4,71.3,60.1,54.0
S2590,3,81.4,86.0,80.9
S1260,1,85.7,87.6,86.4
S2661,4,85.1,82.3,89.8
S1051,6,82.6,82.6,79.3
S1583,6,80.7,93.1,93.4
S1499,4,100.0,100.0,77.2
S2530,1,75.4,81.8,78.4
S1280,4,77.4,78.2,80.1
S2162,3,75.2,79.8,84.0
S1434,1,99.6,79.2,72.3
S2675,1,95.1,92.2,89.6
S2104,3,91.6,96.5,79.8
S1050,3,79.8,80.0,87.0
S2578,4,80.3,77.5,63.5
S1010,4,73.5,74.1,67.8
S2301,6,66.2,66.3,89.2
S2606,1,76.3,82.9,76.7
S2478,5,70.8,82.1,74.6
S2233,3,78.8,80.2,60.0
S2454,2,86.5,95.8,76.5
S1384,4,76.7,83.5,78.0
S2353,4,78.8,73.0,77.1
S2008,5,73.3,65.0,85.0
S2065,1,72.5,70.3,50.3
S2169,1,75.9,84.0,71.4
S1109,1,89.7,80.9,88.2
S1229,3,100.0,93.5,91.6
S2519,5,87.0,90.8,88.6
S1503,5,60.1,73.1,80.2
S2759,5,91.2,87.0,89.0
S1114,4,84.8,95.5,90.8
S1073,3,92.7,86.8,71.3
S2100,1,79.8,71.7,59.9
S2076,1,85.2,78.2,84.9
S1249,2,,88.1,74.5
S1136,3,94.5,92.5,86.7
S1314,5,73.1,57.6,60.2
S1371,2,84.5,78.2,84.2
S1581,2,76.5,84.6,83.2
S1324,3,62.0,73.1,69.5
S1433,1,84.4,93.3,71.0
S1478,4,95.0,83.0,83.2
S1230,2,78.4,73.5,76.5
S2465,2,88.5,100.0,84.9
S1470,5,79.6,65.9,64.0
S1105,3,79.8,85.6,68.2
S2115,1,83.7,80.2,87.3
S1353,1,77.1,76.2,77.9
S2052,5,67.3,51.5,61.0
S1533,3,82.0,81.2,85.9
S2215,5,80.2,90.3,77.8
S1015,1,84.4,89.1,74.3
S1517,6,88.0,100.0,88.7
S2147,5,84.4,100.0,66.7
S2687,1,74.6,64.7,54.4
S1070,5,68.1,63.6,58.3
S2487,4,68.8,65.4,89.3
S2081,1,92.2,91.5,66.9
S1049,6,89.2,82.1,93.7
S2761,3,80.0,87.5,83.6
S1252,1,96.1,100.0,90.9
S2644,4,77.1,95.7,83.2
S2737,3,74.1,77.5,70.5
S1273,3,82.2,80.1,78.7
S2438,6,91.7,72.9,72.6
S2485,1,84.7,87.3,68.7
S1261,4,67.8,46.4,70.1
S2545,3,81.5,75.2,50.7
S1570,5,83.2,79.8,73.2
S1330,6,73.5,88.0,74.6
S1314,6,67.7,71.4,63.4
S1074,1,93.9,88.3,99.5
S2476,5,73.9,78.0,82.8
S2047,5,66.0,62.4,66.9
S2659,2,85.2,82.9,74.5
S2564,6,81.0,81.5,81.3
S2203,1,65.3,80.8,58.2
S1404,3,75.8,69.5,76.8
S1063,2,72.5,67.3,85.8
S2676,5,86.4,74.9,92.9
S2231,4,90.4,69.0,75.8
S1434,6,100.0,88.3,63.3
S2015,2,75.0,83.3,64.3
S1298,3,85.9,88.2,72.2
S2221,3,69.1,90.1,66.3
S2033,4,87.9,90.5,86.3
S2438,4,93.4,91.9,77.7
S2315,5,77.5,80.6,72.1
S2627,4,87.0,98.9,74.1
S2152,5,85.1,75.5,86.6
S2211,2,89.9,94.3,74.1
S2170,4,89.6,100.0,69.1
S2556,2,71.9,71.2,71.0
S2366,3,71.4,81.1,65.9
S2030,1,91.0,98.0,83.6
S2563,2,78.8,84.1,78.9
S1257,6,85.6,78.8,73.3
S2493,4,86.5,82.3,82.1
S1054,5,77.9,72.6,68.8
S1339,4,80.3,81.2,65.3
S2219,1,73.0,82.3,84.4
S1508,2,91.7,87.1,87.2
S2570,1,90.7,79.6,78.6
S2669,2,82.7,88.2,66.0
S2380,6,72.7,72.5,57.5
S1365,1,85.4,85.2,69.9
S1019,3,83.4,98.5,89.0
S2687,4,67.0,63.3,62.1
S2241,2,79.9,64.1,55.1
S1180,6,74.1,65.2,62.4
S1372,1,70.7,62.7,70.0
S1411,5,71.3,82.3,80.8
S2672,5,85.3,97.8,93.6
S2424,6,76.1,68.0,78.8
S1395,3,76.2,76.6,52.1
S1195,1,87.3,77.6,68.1
S2385,1,73.6,70.9,72.7
S1242,5,76.1,68.4,63.8
S2554,6,84.6,81.3,71.0
S2405,3,73.4,86.8,82.9
S2782,5,79.5,90.0,77.9
S2794,4,80.6,85.9,73.9
S2267,1,66.1,65.0,57.2
S1543,3,93.8,88.4,85.2
S2409,1,77.9,76.7,84.8
S1522,6,74.9,74.5,55.1
S1449,1,66.9,63.1,67.0
S2257,5,76.1,77.2,68.6
S1402,2,65.3,57.6,68.5
S2159,6,100.0,87.7,80.8
S1515,2,55.4,68.7,63.6
S1253,3,72.2,57.8,84.5
S1386,4,74.3,76.0,72.7
S2677,1,73.2,88.1,97.3
S1242,6,83.1,72.5,64.7
S1337,5,58.6,62.3,80.8
S2492,3,90.7,84.4,73.1
S2341,4,73.1,74.5,68.8
S2523,4,77.1,78.1,77.9
S2522,4,91.7,96.8,72.9
S1140,5,90.8,93.7,96.6
S2726,6,93.9,80.4,73.5
S1548,1,90.5,85.3,81.1
S2501,3,86.0,67.5,68.3
S1477,4,98.0,93.9,84.8
S2060,3,84.4,96.9,78.4
S2542,1,88.9,77.9,72.1
S1076,1,90.5,87.6,83.6
S2089,2,69.6,70.3,72.5
S1286,5,87.4,70.3,64.7
S1477,3,95.7,89.4,94.8
S2486,3,83.2,72.0,70.4
S1057,4,72.6,64.8,59.1
S1505,2,82.6,82.7,75.8
S2225,6,90.9,100.0,87.3
S2578,5,69.4,70.0,66.5
S1237,4,80.4,88.6,90.0
S1006,5,92.7,90.1,71.3
S2529,2,94.4,87.4,84.4
S1495,3,77.0,70.6,59.8
S1460,5,71.3,76.7,50.8
S1236,1,92.9,75.7,61.7
S1362,5,83.6,88.2,72.3
S2108,4,63.3,82.2,72.3
S1149,2,99.3,100.0,71.3
S2744,2,70.7,70.2,87.2
S1441,2,82.0,87.2,73.2
S2311,6,77.3,88.3,75.9
S1375,1,74.8,83.2,90.0
S1500,4,78.2,84.6,89.7
S2762,5,71.9,67.3,76.9
S2282,3,95.2,91.8,81.2
S1073,1,85.1,91.9,79.4
S2004,3,91.0,76.3,86.6
S2455,2,79.2,89.2,83.9
S1568,4,70.9,74.5,67.7
S2535,1,60.5,69.6,70.8
S2441,1,69.3,71.6,60.7
S1315,3,67.3,82.4,83.6
S1564,1,83.5,100.0,58.3
S1298,5,78.6,81.8,61.5
S2426,3,80.7,83.2,76.6
S2126,1,77.5,80.6,60.0
S1364,4,86.8,86.0,84.0
S2262,2,80.7,67.9,51.2
S2049,5,65.5,66.7,64.5
S1345,6,74.6,80.3,62.1
S2116,1,79.5,83.2,80.1
S2483,4,71.6,78.5,59.4
S1147,5,81.2,86.8,84.1
S2642,6,89.9,67.2,65.3
S2707,6,69.7,79.9,59.8
S2573,2,76.3,82.4,66.8
S2322,2,87.5,94.1,80.6
S2536,3,93.0,82.7,72.0
S2781,2,75.5,82.2,70.9
S1410,3,88.2,92.9,88.0
S1285,3,76.0,88.5,70.1
S1194,1,72.7,86.7,81.7
S1385,3,74.1,55.6,72.2
S2511,3,88.6,96.4,94.4
S2587,6,69.3,72.0,59.5
S2791,1,95.1,87.9,96.5
S2449,5,57.0,53.1,60.4
S2369,1,61.4,58.5,56.5
S1535,4,80.1,91.2,78.0
S2409,2,74.9,65.4,77.1
S1531,3,65.4,57.6,70.3
S2105,6,68.2,85.9,59.2
S2630,6,70.4,65.3,59.4
S1298,1,75.8,75.9,62.1
S1521,6,59.6,65.8,76.0
S1516,3,93.3,97.6,79.2
S1450,5,85.8,85.7,56.0
S1151,5,94.7,93.1,87.2
S2794,3,84.1,80.2,76.0
S2730,4,94.7,84.6,74.2
S2539,2,74.1,85.0,75.1
S2103,6,70.0,71.6,71.2
S1347,5,96.9,100.0,74.6
S1261,6,59.9,66.5,72.9
S2463,4,77.3,86.9,64.1
S2198,1,75.2,66.6,78.9
S1506,6,79.0,97.2,93.3
S1549,1,91.7,88.7,81.0
S2327,3,,85.2,84.4
S1186,4,72.8,70.3,77.4
S2790,6,96.2,83.8,85.6
S2291,5,84.6,85.9,64.5
S2214,6,91.1,90.4,72.2
S2032,5,81.6,81.3,94.5
S2273,3,87.8,96.6,88.8
S1043,3,79.8,75.2,70.5
S2156,6,92.0,93.9,97.1
S1480,1,86.8,84.8,77.8
S2152,2,84.1,81.9,74.3
S2281,2,78.3,76.0,79.3
S2279,3,74.4,80.3,89.8
S1522,1,71.2,67.9,52.1
S2294,2,89.5,91.5,82.6
S2237,4,71.4,74.7,70.4
S1591,2,69.0,61.0,70.1
S1051,4,69.2,85.8,76.4
S2177,5,92.2,85.7,74.5
S1450,6,77.5,80.7,54.6
S2205,6,69.4,70.2,69.1
S2190,1,67.1,81.3,79.6
S1240,3,75.2,69.3,61.2
S2325,6,94.3,100.0,90.0
S2394,3,79.4,72.2,87.9
S1063,5,74.1,70.5,81.6
S1312,4,100.0,91.3,98.0
S1571,3,57.4,73.8,58.4
S2650,3,77.7,74.9,78.1
S1277,3,89.1,82.6,79.5
S1126,6,66.4,63.8,56.4
S1599,5,71.9,71.9,58.8
S2069,4,75.0,76.2,62.7
S2031,5,74.1,73.4,78.7
S1049,3,83.7,86.1,91.3
S2252,1,64.9,51.5,67.0
S2521,2,87.9,94.1,69.0
S1354,1,,91.9,79.5
S2168,1,67.5,63.0,70.2
S2270,2,91.7,81.6,83.0
S1084,4,81.1,71.5,72.9
S2401,2,83.6,86.3,80.8
S2351,2,67.9,84.5,58.2
S2117,4,84.1,96.9,74.2
S1257,4,83.7,77.7,73.8
S2166,4,71.6,81.6,87.2
S1202,6,86.0,87.8,88.7
S2568,2,93.4,79.4,90.0
S1113,1,77.9,85.1,74.9
S2392,1,94.1,100.0,86.1
S2658,4,82.5,81.8,68.5
S1422,6,69.0,81.7,74.0
S2262,5,,82.6,56.0
S2707,1,69.2,82.2,69.6
S2579,5,53.6,50.0,58.5
S1245,1,59.8,56.4,72.6
S2796,3,82.5,92.0,80.2
S2585,5,94.4,88.6,96.8
S1199,5,74.5,89.3,67.2
S1430,6,71.7,78.5,69.5
S1378,3,86.4,86.1,84.8
S1071,2,84.3,92.7,82.4
S1085,2,89.8,97.2,89.2
S2671,4,79.4,80.1,82.4
S1264,5,78.0,80.9,77.4
S1085,3,86.2,83.9,87.2
S1401,6,91.0,99.4,77.7
S2235,6,86.6,90.1,81.8
S1561,3,80.0,79.8,77.7
S1104,4,82.0,97.1,62.7
S1355,3,85.1,95.5,89.0
S1482,2,94.7,92.7,86.4
S1535,6,77.9,85.5,78.4
S2523,1,85.4,82.7,81.6
S1058,6,61.2,57.6,62.2
S2735,6,89.2,84.9,74.1
S2281,3,70.8,58.6,64.3
S2374,4,68.5,85.3,77.2
S2723,1,89.0,99.0,91.3
S2567,4,85.3,92.4,85.3
S2792,5,79.1,84.9,71.6
S1053,1,81.7,86.4,88.3
S2116,5,71.9,83.6,82.1
S1125,3,79.0,88.7,84.6
S2620,2,86.3,91.4,79.0
S1413,5,72.9,63.2,77.3
S1338,3,83.4,80.4,92.0
S2517,3,79.2,82.7,83.6
S2109,5,86.2,81.9,66.0
S2434,4,70.4,62.8,53.1
S2498,5,68.0,77.8,73.9
S2236,6,64.4,70.5,43.2
S2161,3,84.2,88.3,86.7
S2019,1,72.9,82.9,69.0
S1044,2,69.4,70.5,66.9
S2073,3,79.4,79.1,81.4
S2681,5,71.7,84.4,80.2
S1064,3,79.5,73.3,70.5
S2182,4,66.2,69.4,60.2
S1553,3,96.9,100.0,65.1
S1319,5,89.9,94.0,84.0
S2231,6,79.9,78.6,67.8
S1100,6,95.0,81.8,66.6
S1008,4,70.8,76.4,84.9
S1241,5,85.0,84.1,73.4
S1276,3,73.3,92.5,76.1
S2622,4,81.8,74.4,68.3
S1316,4,78.1,70.6,78.0
S2021,1,68.1,72.2,87.1
S1402,1,70.3,59.4,73.4
S1042,4,80.3,94.0,82.0
S1397,5,91.3,93.1,79.5
S2332,2,97.3,94.4,87.9
S1328,5,81.3,88.9,60.8
S2606,4,84.5,80.0,78.3
S2288,6,79.8,82.6,74.6
S1564,5,86.4,82.6,65.4
S2289,6,77.5,78.2,72.3
S1267,5,76.9,63.6,74.7
S2329,4,84.1,85.9,83.8
S2047,4,53.5,57.0,55.4
S2100,3,,61.1,63.8
S2532,1,75.9,73.7,81.0
S2531,5,81.3,77.0,67.4
S1481,6,83.2,75.4,82.1
S1072,1,88.1,90.0,92.5
S1069,3,84.0,70.5,83.1
S2664,4,84.3,84.4,77.7
S1522,3,68.1,62.7,51.0
S2585,4,78.9,81.6,89.4
S2421,6,77.2,69.4,74.3
S2477,3,78.8,89.9,79.6
S2269,6,81.2,74.6,65.9
S1036,1,94.0,81.5,90.2
S1415,4,66.7,63.7,74.7
S2788,2,73.9,59.4,76.1
S2521,1,85.0,98.1,72.4
S2302,6,91.1,81.1,88.5
S2066,5,88.0,100.0,69.0
S1175,6,90.9,93.8,63.4
S2048,3,72.1,83.2,75.0
S2657,6,94.5,88.5,77.2
S2461,4,88.9,81.1,74.4
S2186,1,82.1,91.9,93.6
S1329,5,84.9,77.2,81.9
S2434,5,73.0,63.3,48.0
S1350,6,85.6,84.2,89.5
S1250,6,60.5,69.2,60.9
S1185,6,85.0,90.4,83.0
S1429,5,76.5,85.3,61.3
S1578,6,87.8,93.4,87.6
S1109,5,78.0,85.3,83.3
S1495,5,80.0,68.1,66.3
S2684,2,81.7,88.0,66.1
S1300,2,86.6,90.3,92.6
S1284,5,72.1,68.1,62.5
S2217,3,84.6,96.4,67.9
S2269,2,94.2,76.3,82.1
S2276,6,88.0,99.0,66.4
S1250,5,74.9,59.9,71.6
S1505,3,73.2,82.1,69.6
S2610,5,81.2,75.2,78.7
S1364,1,94.1,89.5,79.6
S2655,1,66.7,66.5,60.9
S2604,2,87.2,88.9,77.7
S2278,6,69.2,63.5,67.3
S1547,4,99.6,96.3,80.0
S1118,4,85.9,82.3,88.9
S1313,1,87.0,95.0,71.7
S2473,3,73.3,69.1,69.9
S2194,3,86.0,80.1,57.7
S2262,4,86.3,61.7,52.6
S1526,4,77.6,64.5,63.9
S2738,1,73.2,76.6,63.8
S2430,2,80.8,66.4,80.0
S2323,1,84.6,90.4,62.8
S1480,6,70.9,93.8,71.9
S2761,2,86.5,92.0,79.1
S1095,2,65.2,61.4,58.2
S2293,2,71.9,69.1,83.8
S1493,3,73.1,79.0,78.1
S2727,6,82.2,67.4,52.1
S1107,5,92.8,82.4,67.6
S1518,6,88.8,77.5,63.6
S2429,4,78.0,82.1,57.8
S2476,3,88.1,80.3,81.3
S2336,5,72.4,73.0,68.3
S1328,3,77.7,92.6,48.0
S2403,3,78.8,87.6,72.7
S2484,5,94.7,89.7,87.5
S1055,2,79.3,72.2,76.6
S2377,1,69.6,63.6,71.1
S1390,5,86.9,95.9,86.2
S2682,6,93.3,85.7,79.2
S2384,1,89.2,88.2,76.1
S2582,5,76.1,69.2,64.6
S1373,6,89.7,86.2,59.9
S2402,3,84.4,65.7,78.3
S2112,4,80.7,98.2,79.1
S2228,2,59.9,68.1,71.3
S2794,1,93.9,72.9,67.0
S2124,5,78.2,83.4,66.0
S2124,6,76.1,79.0,71.1
S1145,1,92.6,100.0,78.0
S2270,1,91.2,84.1,87.3
S2680,2,77.9,67.6,72.0
S1442,5,74.5,86.4,59.4
S2136,2,,98.6,72.1
S2015,6,73.4,93.7,61.5
S1062,6,81.5,100.0,78.3
S2092,3,68.1,65.1,63.1
S2146,5,75.1,71.5,70.6
S2045,6,76.2,75.7,52.9
S1424,5,91.1,76.9,80.6
S2593,6,78.9,80.6,88.8
S2182,5,83.5,76.6,67.3
S2471,6,63.9,67.2,70.5
S2798,1,84.6,100.0,78.1
S2723,5,95.2,95.3,83.0
S1227,5,82.6,98.9,66.4
S1152,6,81.5,84.5,78.3
S2048,5,71.9,77.0,74.6
S1509,3,76.9,71.3,67.3
S2503,2,100.0,100.0,79.1
S2297,4,80.3,82.5,80.8
S1161,5,71.3,73.3,66.5
S1238,2,78.5,93.9,76.8
S1021,3,60.8,61.7,64.6
S1080,6,83.2,81.1,83.3
S1111,3,86.2,96.5,72.5
S1454,1,69.5,73.6,84.1
S2690,6,87.7,99.6,76.0
S2360,3,69.5,89.9,65.5
S2387,1,66.1,80.4,57.1
S2377,3,75.8,57.2,54.8
S1074,2,91.1,84.4,91.7
S1230,6,85.8,81.7,66.3
S2117,6,89.6,90.9,80.7
S1241,4,82.9,96.9,78.0
S2229,3,80.7,86.3,86.3
S2116,6,82.3,79.2,75.4
S1247,2,81.6,70.1,93.8
S2674,5,90.7,82.7,74.0
S1196,4,67.1,58.1,49.4
S2732,3,80.1,76.3,68.8
S2206,3,58.8,51.3,51.1
S1502,6,,89.1,82.4
S2193,5,86.0,93.2,79.8
S2460,2,,90.7,76.9
S1047,4,88.3,67.4,82.2
S1546,5,84.8,74.0,71.4
S2239,3,69.5,64.3,76.7
S2442,2,86.4,78.4,68.3
S1429,4,72.8,80.6,54.0
S2275,3,89.0,98.5,78.4
S1184,4,81.3,82.2,75.1
S1095,5,53.0,49.7,58.9
S1283,3,82.3,63.4,63.4
S2145,4,99.1,86.3,75.0
S2496,6,97.3,82.4,76.7
S1514,3,69.8,86.3,68.2
S2587,5,79.0,77.3,62.0
S1097,2,77.2,72.9,78.8
S1010,6,82.2,78.1,82.7
S1132,2,84.2,95.2,77.2
S2061,5,84.8,83.7,78.4
S2644,6,89.2,94.1,83.0
S2493,2,72.0,74.4,77.4
S2367,4,81.9,70.5,65.7
S2215,2,90.4,93.2,72.7
S2684,6,87.3,87.1,57.1
S2298,4,59.2,70.4,65.5
S2495,6,64.1,69.9,61.6
S2145,1,88.4,83.3,81.2
S2294,5,82.6,93.3,72.2
S1534,5,90.6,100.0,92.0
S1056,6,84.5,88.6,76.5
S2508,1,88.9,85.8,81.3
S2116,2,75.2,92.4,78.8
S1503,6,61.7,62.2,72.5
S2682,5,84.2,88.1,85.1
S1031,5,69.2,64.7,84.3
S2405,2,77.6,80.4,71.7
S2292,4,85.0,73.7,61.2
S1071,1,91.4,93.5,93.0
S1392,5,87.1,97.1,80.1
S1093,2,90.2,67.6,77.0
S1233,6,67.6,54.8,79.3
S2752,6,89.4,82.0,86.6
S2420,6,78.6,77.7,85.1
S1582,2,78.6,98.7,85.9
S1294,3,87.8,99.4,68.5
S2261,5,75.8,64.2,74.6
S1050,4,87.6,78.2,90.9
S1074,6,95.7,89.6,94.5
S1130,4,83.2,92.2,80.4
S1187,4,86.4,81.6,67.1
S1568,3,79.4,65.9,68.3
S2083,1,94.1,79.6,80.7
S1321,2,52.9,73.6,69.0
S1110,2,77.2,78.7,68.3
S1372,4,61.0,54.0,67.6
S1423,6,83.4,68.9,63.9
S2421,4,77.6,78.5,70.3
S2447,2,75.3,73.1,66.5
S1424,3,78.4,85.3,75.8
S2527,1,78.2,87.7,76.3
S2203,5,68.7,74.0,45.5
S1410,4,94.1,90.7,93.8
S1430,5,81.5,86.5,80.1
S2572,4,67.0,47.6,63.0
S1493,6,70.5,70.0,77.2
S2611,3,77.7,85.2,76.7
S2564,5,81.3,80.5,84.8
S2730,1,84.7,91.1,76.0
S1094,1,68.5,73.8,78.0
S2672,6,92.7,95.7,86.8
S1229,4,93.7,92.3,93.5
S2529,3,,100.0,98.6
S1152,2,84.7,91.8,67.0
S2780,1,76.5,76.3,73.5
S1239,6,79.7,75.5,73.9
S2604,5,88.2,81.1,88.1
S2235,1,91.2,93.7,78.8
S1562,5,78.2,70.3,70.9
S2529,1,89.2,100.0,96.9
S2160,1,89.9,98.1,80.9
S1155,3,87.9,95.1,84.3
S2083,3,86.1,91.3,82.2
S1412,5,79.9,98.4,71.0
S1003,4,88.8,87.7,83.9
S1024,6,70.3,90.3,83.3
S2533,5,82.2,78.0,67.7
S1394,6,86.8,90.0,79.1
S2214,3,73.7,86.6,80.1
S2479,6,78.7,87.1,79.0
S1194,4,86.5,77.6,84.2
S2064,3,100.0,100.0,90.1
S2154,1,85.6,86.3,65.7
S2010,3,85.4,86.5,83.9
S2216,1,82.2,98.0,92.0
S2749,6,87.8,83.0,75.1
S1462,6,84.7,99.7,79.8
S1228,1,82.1,86.9,75.9
S1511,4,72.6,63.3,81.9
S1203,1,90.4,82.2,80.1
S1313,5,,85.4,71.9
S2196,3,84.9,81.2,72.6
S1512,5,73.7,73.5,65.0
S2208,4,70.3,49.8,67.3
S2576,1,91.9,90.9,77.9
S2165,5,86.1,91.0,82.9
S2643,5,68.6,59.7,62.5
S1196,1,56.9,52.3,49.4
S1097,4,81.8,74.3,78.2
S1364,5,80.2,79.1,77.7
S1576,6,86.2,91.1,87.1
S2223,6,90.2,83.6,84.1
S1556,4,69.2,59.5,46.1
S1306,4,93.7,87.1,92.7
S2694,1,72.4,65.2,83.1
S2318,4,70.0,74.7,62.3
S1310,6,82.7,83.2,67.9
S1536,1,79.1,89.4,70.4
S1517,5,87.3,100.0,79.2
S1448,4,75.6,67.5,79.7
S2227,1,79.9,82.3,77.0
S2317,5,73.5,92.3,78.3
S2101,2,87.2,84.7,84.8
S1065,4,72.5,81.1,70.6
S2368,2,97.8,89.4,94.5
S1173,1,67.1,68.1,44.0
S1086,4,73.5,68.9,54.1
S1415,5,84.4,66.8,72.9
S2703,3,83.2,86.6,82.1
S1439,2,73.8,77.6,70.6
S2709,1,87.0,98.1,90.7
S2390,3,91.7,94.2,81.9
S1487,3,76.2,93.2,65.1
S1156,2,81.7,80.4,77.7
S2016,3,72.1,75.8,78.0
S1116,2,71.2,82.5,55.3
S2372,4,85.5,80.6,77.7
S1316,2,72.8,72.4,73.5
S1379,1,60.3,70.1,57.8
S2230,4,72.5,80.4,83.7
S2236,2,59.0,59.6,57.1
S2755,2,73.8,83.6,68.9
S2793,3,71.4,84.1,59.4
S2708,2,91.6,86.7,86.1
S2678,2,77.1,69.8,71.6
S1008,3,72.2,74.9,71.2
S2031,2,83.5,93.9,70.3
S1579,2,75.5,77.6,67.1
S2734,1,76.1,69.3,73.1
S1198,6,92.4,100.0,86.3
S2340,6,88.4,88.4,65.8
S2396,4,85.7,82.9,75.7
S2295,1,77.4,84.9,72.9
S1281,4,98.3,90.9,83.7
S2530,5,85.6,84.0,76.9
S2070,6,79.6,68.3,60.0
S2472,4,98.4,94.4,82.6
S1011,4,81.0,71.9,76.5
S1103,6,91.9,78.0,78.2
S2176,6,81.5,73.7,74.7
S2474,3,84.1,77.4,67.7
S1038,6,91.9,86.8,57.3
S2419,2,80.4,63.5,65.6
S2389,1,78.9,74.8,52.7
S2695,5,74.0,57.8,55.6
S2148,1,87.9,83.8,86.8
S1162,4,75.7,61.8,59.2
S1301,6,79.4,71.1,73.7
S1408,6,72.7,66.5,65.5
S2755,6,69.6,68.1,69.4
S1477,5,100.0,88.2,90.2
S2578,2,63.1,65.0,73.5
S2476,2,72.1,68.6,82.9
S1573,3,74.5,76.4,79.5
S2135,1,79.6,89.8,65.7
S1311,1,,77.8,75.2
S2580,2,88.4,85.2,71.6
S2371,2,74.4,83.5,65.3
S2566,1,83.5,85.4,93.0
S2003,5,75.0,77.1,71.6
S1043,1,77.1,66.0,77.7
S1053,5,80.5,81.5,90.5
S2382,4,77.1,82.9,64.7
S1299,2,87.3,72.8,80.2
S2442,3,86.8,84.0,76.6
S1344,2,83.8,100.0,88.9
S2196,6,91.6,83.2,80.2
S1506,5,88.0,88.7,91.5
S2303,6,66.3,53.8,66.3
S1318,1,85.9,87.3,86.7
S1459,3,65.6,56.4,53.6
S1354,2,75.6,86.0,71.7
S2517,6,85.7,94.2,75.3
S2095,3,73.3,62.7,63.6
S2241,6,73.5,70.5,56.3
S1449,2,59.7,73.3,73.0
S2399,5,93.2,70.8,78.4
S2411,1,82.9,95.0,74.3
S2395,6,91.1,80.2,79.1
S1013,4,67.5,77.6,77.1
S1391,6,75.1,84.9,75.9
S1392,6,77.1,83.4,83.8
S2137,2,83.2,76.0,73.1
S2704,6,92.7,72.2,81.0
S2212,3,84.9,100.0,73.9
S1587,4,86.6,84.8,56.3
S2347,3,91.6,80.3,86.4
S2744,6,71.8,65.9,88.8
S1577,2,66.5,78.5,63.6
S1501,4,67.9,69.7,60.1
S2412,1,83.5,100.0,77.0
S2430,5,,76.3,77.3
S1487,6,74.6,86.9,79.7
S2351,1,73.9,74.8,63.6
S1041,1,98.9,99.8,71.9
S1131,4,78.3,56.0,64.8
S1226,5,72.6,67.8,62.1
S2231,5,74.2,81.1,74.0
S1163,6,70.0,77.7,65.5
S1135,6,84.0,94.6,97.7
S1362,3,80.7,79.3,61.8
S2612,2,86.4,100.0,79.9
S1267,4,69.7,75.9,72.6
S2281,4,66.1,67.2,77.6
S1525,6,89.2,82.3,81.9
S2787,5,85.5,95.4,63.2
S2348,1,71.0,68.4,71.9
S1271,1,76.0,63.2,70.1
S2611,6,80.8,78.1,71.4
S1248,1,80.9,77.8,80.5
S1358,5,93.1,82.3,69.0
S1301,2,74.3,71.0,70.3
S1350,2,83.8,91.1,82.8
S2157,2,91.4,86.5,63.1
S1227,2,86.0,95.9,65.7
S1569,2,85.9,91.8,73.8
S1567,5,77.5,72.4,80.6
S2671,1,81.3,75.3,79.3
S1520,1,84.6,86.7,75.6
S2080,5,85.2,91.6,73.0
S1554,2,65.9,80.0,60.3
S2074,2,81.1,81.5,73.9
S2044,2,68.1,72.6,56.9
S1083,3,86.7,91.9,70.6
S2064,1,96.0,100.0,85.5
S2717,5,87.5,94.5,87.7
S1389,1,85.2,84.5,89.9
S1005,6,80.6,77.8,76.0
S2695,4,73.5,69.3,55.8
S2062,4,86.9,86.2,77.3
S1183,1,59.3,60.6,50.1
S1021,5,58.6,51.5,68.6
S2622,3,77.7,74.9,66.0
S2506,3,85.5,96.0,84.2
S2795,3,87.1,88.4,62.2
S2327,2,76.3,97.6,80.5
S1384,1,76.0,85.8,79.9
S2364,6,78.6,74.5,80.5
S1259,6,69.3,84.9,83.2
S2677,6,92.3,82.2,85.8
S1100,5,80.9,84.2,75.2
S1354,6,81.9,96.9,73.9
S1237,1,,70.5,86.3
S2133,4,78.9,86.5,71.6
S2284,3,82.1,77.1,64.0
S2183,1,64.9,90.7,77.1
S2748,6,88.9,96.3,78.7
S2620,4,87.0,100.0,59.1
S2132,6,78.1,98.2,75.7
S1367,2,69.7,72.1,77.5
S2728,4,80.0,79.0,50.6
S2254,4,78.0,84.8,69.9
S1121,6,79.7,86.8,67.4
S2391,3,85.0,87.4,73.6
S2497,6,49.2,57.7,35.2
S1135,5,92.6,93.8,86.4
S1564,6,84.6,90.4,62.8
S2436,6,89.6,94.1,81.7
S1160,5,81.3,88.8,67.2
S2065,2,81.6,81.9,58.9
S2123,5,75.4,75.7,70.5
S1136,1,83.6,87.4,82.8
S1140,1,95.5,89.3,100.0
S2074,1,69.7,77.6,70.2
S1404,6,,66.9,82.4
S2201,4,91.5,98.6,89.7
S2177,4,85.4,78.0,71.0
S1206,6,88.8,88.5,66.8
S1205,2,82.6,100.0,89.7
S2390,1,98.4,93.2,81.8
S2395,4,96.6,67.3,77.4
S2232,4,73.1,80.3,80.4
S2188,2,55.9,52.9,41.5
S2646,1,94.5,100.0,82.7
S2680,4,64.5,70.8,68.8
S2020,4,85.1,92.2,65.4
S1571,5,56.4,65.1,60.1
S2226,6,85.4,74.7,84.5
S2440,6,75.1,65.7,62.2
S1277,2,80.7,85.0,81.0
S2688,3,92.4,79.6,60.7
S2685,3,81.0,77.3,72.4
S1076,3,80.9,89.2,79.5
S2755,4,67.1,69.1,61.5
S2389,3,75.5,71.6,57.7
S1498,6,83.8,89.1,82.7
S1437,4,94.7,80.2,85.9
S1071,3,92.7,82.5,88.4
S2154,2,,77.8,75.0
S1204,3,77.0,81.0,68.9
S1489,2,88.6,89.2,82.8
S2048,1,68.7,72.6,76.0
S2478,2,88.3,85.9,73.7
S1475,2,74.4,74.9,66.4
S2789,4,77.4,67.9,69.2
S1167,6,57.2,59.3,59.6
S1018,1,66.3,58.2,53.4
S1285,6,80.9,83.0,74.3
S2073,4,73.7,84.8,76.1
S1264,3,78.1,65.2,69.1
S2063,2,81.8,95.5,67.3
S1368,5,75.1,69.8,80.4
S1029,3,75.3,81.0,85.0
S2520,2,74.1,96.1,93.1
S1023,4,,78.5,72.7
S1127,2,87.5,95.4,74.4
S2254,6,76.8,78.3,62.5
S1219,3,79.2,73.2,78.5
S2760,3,82.0,79.8,70.0
S1381,5,84.6,85.8,80.0
S2231,2,75.8,74.9,77.7
S1485,2,84.9,72.7,83.2
S2745,1,90.1,88.1,86.3
S2267,4,63.1,58.8,61.8
S1323,4,83.1,73.0,78.0
S2695,2,68.0,64.2,47.7
S2029,5,72.2,65.4,69.5
S2598,4,83.1,85.2,69.4
S1135,4,97.9,90.7,78.6
S1341,6,73.3,87.6,67.4
S2003,4,74.2,74.9,78.0
S1078,1,90.0,81.3,62.0
S1488,6,92.1,96.5,77.8
S1327,1,76.8,77.4,73.5
S1408,4,64.0,72.3,65.4
S1206,3,76.8,87.6,63.4
S2129,6,84.5,88.5,57.0
S1134,2,89.3,83.4,91.3
S1401,3,95.6,92.8,81.2
S2370,1,80.2,91.1,73.9
S1179,6,84.5,75.6,83.5
S2573,1,79.0,79.8,80.1
S1025,1,89.4,98.2,63.4
S2420,5,76.3,63.7,93.0
S1224,3,89.5,86.4,80.9
S1589,1,72.8,82.5,61.8
S2069,5,84.0,83.8,79.5
S1349,4,77.3,88.4,76.5
S2342,1,78.0,100.0,73.1
S2639,4,69.7,71.2,55.3
S2033,3,88.9,78.4,89.9
S2434,1,62.8,67.8,55.8
S2689,1,83.3,90.4,88.5
S2190,5,79.8,80.1,86.8
S2713,6,73.9,69.5,78.7
S2252,6,65.7,54.7,71.5
S1168,2,93.1,89.8,83.8
S2795,1,81.8,86.6,65.9
S2304,1,86.2,100.0,74.3
S2025,6,95.1,65.4,82.6
S2188,5,64.4,44.3,51.7
S1093,4,87.6,79.9,71.8
S2425,6,77.2,74.0,53.2
S2511,4,84.4,75.8,84.4
S2673,4,89.8,100.0,81.4
S1248,4,79.5,78.9,67.1
S2752,1,81.8,82.1,85.4
S1213,1,74.5,91.8,72.7
S2614,5,75.0,66.3,58.3
S1236,2,86.9,94.9,62.7
S2734,2,71.8,74.0,73.4
S1126,4,74.4,69.0,59.5
S1246,2,88.2,79.4,77.9
S2057,2,86.9,95.6,85.5
S2583,1,82.0,71.3,85.4
S1550,3,70.8,77.6,82.1
S2298,1,65.4,63.3,58.2
S2443,4,78.6,90.5,70.0
S2633,4,83.2,80.5,88.0
S2620,5,90.3,87.5,71.1
S1599,2,76.6,62.3,70.7
S1164,4,86.6,92.2,72.3
S2683,1,82.7,100.0,83.9
S2576,4,87.5,82.3,85.4
S1454,5,,85.4,70.3
S2734,6,71.8,61.5,68.8
S1212,3,65.5,52.6,50.7
S1411,3,76.7,72.2,72.5
S2720,5,89.9,89.0,81.5
S1045,5,76.6,78.3,73.2
S1110,1,78.4,79.3,64.2
S1553,5,96.0,99.1,73.1
S2381,5,84.3,87.5,85.2
S2148,5,,80.4,87.6
S2448,1,,85.0,87.3
S1471,2,89.5,87.7,68.8
S2356,6,84.8,88.8,65.7
S1099,2,78.1,71.8,78.1
S1578,4,88.4,94.5,89.2
S1592,3,69.4,76.7,82.3
S2767,4,78.4,73.0,76.6
S2161,2,93.3,96.3,83.0
S2374,2,89.0,84.1,83.9
S2079,4,90.2,87.6,76.1
S1302,3,78.0,78.0,73.3
S2142,5,60.7,63.6,78.2
S2701,4,73.3,69.9,91.1
S2038,6,71.0,75.2,79.6
S1339,1,86.2,100.0,64.2
S2779,3,100.0,95.1,91.5
S1113,6,74.6,79.3,72.3
S2497,4,,40.9,41.9
S2419,3,74.8,65.6,64.7
S2099,4,85.7,81.8,100.0
S2040,3,80.7,78.7,80.1
S2765,3,74.1,70.5,75.0
S2453,3,85.5,75.1,85.5
S2711,5,80.3,84.5,78.2
S1406,3,78.2,63.2,63.2
S2764,5,80.5,87.3,63.3
S2488,2,76.4,66.6,69.8
S1092,6,89.5,93.3,89.5
S2120,4,93.5,100.0,90.9
S1541,6,87.5,73.2,79.9
S1269,4,85.9,98.5,80.3
S2209,1,73.8,74.3,59.2
S2746,2,65.1,65.1,76.7
S2684,1,92.9,81.5,76.1
S1543,5,94.1,94.3,84.1
S2724,3,88.1,100.0,79.7
S1542,3,92.6,82.5,80.2
S1560,2,97.4,100.0,97.2
S2185,6,75.1,78.3,67.9
S1469,6,98.6,98.9,68.6
S2286,3,92.3,94.8,89.6
S1101,6,82.8,84.5,70.2
S2163,3,79.9,90.2,93.0
S2160,4,78.2,93.3,73.2
S2040,4,74.3,89.9,89.6
S1245,5,64.7,59.0,78.7
S2516,4,83.9,79.5,76.6
S1331,3,87.0,85.2,77.9
S2140,6,65.6,80.2,60.2
S1149,3,97.2,96.3,70.1
S1567,1,78.0,68.2,78.2
S2333,2,90.9,74.6,74.7
S1141,4,84.1,92.2,64.7
S1360,2,65.0,92.6,78.9
S2021,2,66.7,82.0,81.0
S1566,5,69.8,72.8,45.1
S1347,2,89.9,95.2,75.7
S2630,2,74.6,50.6,64.9
S2290,4,67.8,66.8,63.2
S2588,3,91.3,92.1,80.9
S2362,1,51.9,49.4,65.3
S1467,4,92.7,99.2,76.6
S2441,4,,69.6,59.0
S1098,3,68.6,91.0,63.8
S2103,5,75.1,67.2,65.0
S1573,6,80.5,79.1,69.3
S2241,5,70.3,64.8,54.7
S2058,4,79.9,77.2,68.1
S2702,6,89.0,97.7,82.3
S2787,1,87.5,81.6,66.7
S2517,4,75.4,82.0,82.0
S2132,1,,89.8,73.9
S2174,2,84.7,76.6,78.1
S1526,5,74.0,62.2,76.1
S2025,2,83.4,77.4,71.1
S1426,1,87.8,76.8,70.8
S2467,6,73.7,72.6,78.3
S1058,3,64.1,55.3,65.8
S2561,2,80.5,68.2,67.0
S2277,5,69.1,64.7,72.0
S2665,5,88.4,83.6,68.9
S2794,6,85.2,73.2,71.1
S1146,2,75.6,80.1,84.8
S2090,6,68.8,60.5,70.4
S2737,2,74.1,77.0,74.8
S2471,5,79.8,70.2,62.7
S2424,3,68.4,63.5,63.2
S2144,4,80.8,77.0,75.1
S2201,1,100.0,100.0,96.6
S2339,6,89.8,87.8,86.3
S2326,3,88.0,83.1,67.9
S2620,3,88.5,100.0,82.0
S1353,6,79.8,75.9,84.3
S1490,4,80.4,93.1,82.7
S2203,3,72.0,65.3,54.7
S2551,1,92.6,82.6,85.7
S1473,5,79.0,79.5,76.4
S1517,1,88.4,100.0,85.6
S2545,4,76.6,68.6,49.7
S2109,3,86.9,74.0,74.4
S1158,6,74.4,81.0,58.3
S1488,4,96.1,100.0,78.2
S2153,3,61.5,63.1,61.4
S2078,6,79.1,85.0,64.1
S2204,1,74.1,75.1,64.9
S1148,2,78.2,81.4,75.8
S2277,4,64.2,62.7,64.3
S2168,6,71.7,53.5,72.2
S2278,4,63.4,57.5,67.9
S2509,2,70.4,44.1,74.3
S2381,1,84.3,90.3,91.3
S2778,2,91.2,90.7,85.5
S2518,5,95.3,100.0,91.5
S2413,2,78.2,90.8,68.5
S2303,3,64.3,54.2,69.8
S2410,4,81.2,85.4,69.1
S2485,4,92.5,100.0,71.7
S2463,1,82.8,79.7,68.6
S1403,4,82.8,86.8,79.0
S2565,2,90.6,78.2,88.3
S2549,1,91.7,93.3,90.1
S2786,6,83.0,89.4,70.2
S2418,6,67.3,64.7,68.8
S2505,6,80.0,85.9,69.9
S1484,2,84.6,94.3,63.8
S2400,1,72.5,73.5,61.6
S1369,2,93.2,98.0,83.1
S1286,1,84.4,79.1,58.2
S1018,3,59.4,50.5,60.4
S2290,5,69.1,66.0,61.9
S1198,5,97.1,100.0,84.0
S2468,2,92.4,89.1,100.0
S1531,5,69.4,56.9,62.5
S2345,5,84.2,84.5,78.3
S2489,5,75.4,82.4,83.4
S2552,6,86.9,64.6,72.5
S2530,2,90.3,86.0,74.0
S1026,2,75.4,97.9,85.0
S2354,3,95.6,87.4,88.2
S1153,4,90.2,85.6,91.3
S1218,4,89.1,69.9,79.0
S2438,5,87.2,85.3,71.3
S1509,2,79.6,79.7,79.3
S2712,2,87.9,98.3,85.8
S2385,2,74.1,90.7,65.6
S2772,5,85.2,100.0,78.2
S2487,5,80.2,77.2,82.3
S2299,1,100.0,97.2,68.9
S2319,2,94.5,82.1,85.0
S2727,3,79.2,71.9,52.1
S1467,1,87.9,100.0,86.0
S1451,2,82.4,85.0,92.4
S1234,1,82.4,88.4,68.3
S1420,6,87.8,81.8,61.2
S1031,4,81.4,79.2,76.0
S2014,3,76.1,75.5,66.4
S1062,1,85.9,100.0,82.2
S2086,1,91.4,84.8,91.3
S2044,5,69.0,83.7,61.8
S1403,6,80.0,80.1,75.2
S1079,4,75.4,73.5,63.4
S1162,2,74.7,85.5,62.0
S2411,5,91.6,93.3,75.4
S2546,2,,77.3,62.8
S1443,5,73.5,75.0,77.3
S2677,3,95.6,84.9,86.9
S1035,6,98.1,98.8,87.3
S1327,6,85.5,71.5,68.6
S1150,3,74.6,73.0,71.3
S2548,5,84.0,68.5,82.7
S2060,2,90.8,94.9,78.2
S2326,6,83.4,69.9,79.6
S1296,4,91.7,95.8,83.6
S2197,4,,92.7,76.2
S1384,2,80.3,84.3,74.7
S1202,4,87.4,92.3,98.7
S2211,4,84.1,99.7,79.7
S2785,2,83.7,84.5,84.6
S1361,6,84.4,94.7,89.6
S1212,5,56.1,48.8,62.2
S1209,4,87.8,80.8,65.1
S1530,3,75.8,71.7,73.1
S2346,1,65.7,51.8,55.7
S1569,4,87.7,97.4,72.9
S2081,5,86.6,100.0,69.2
S2313,3,,74.8,81.4
S2792,2,78.9,75.9,72.9
S1049,5,83.9,90.9,84.9
S2347,1,92.8,85.3,82.3
S2173,2,76.4,72.4,78.9
S1176,2,70.2,71.8,75.1
S2177,2,87.5,75.0,81.1
S2150,5,94.8,100.0,83.1
S2092,4,76.6,69.3,65.8
S1046,3,85.1,81.6,76.5
S1341,3,75.2,90.5,69.9
S2203,2,62.1,78.9,43.5
S2446,5,87.8,95.5,77.6
S2537,2,78.7,96.9,76.2
S2712,5,99.7,94.8,87.1
S1182,1,80.8,91.7,87.2
S2121,6,92.8,93.7,98.8
S2606,5,72.9,89.3,75.9
S2193,2,92.1,89.8,86.0
S2080,4,86.3,89.0,59.2
S1484,6,75.9,89.2,66.1
S2676,6,80.0,76.6,88.0
S2485,6,87.4,97.7,83.9
S1580,5,79.7,91.0,74.6
S2591,6,78.5,76.6,69.1
S2363,4,93.2,91.4,79.1
S2591,3,73.0,79.5,55.5
S2453,1,84.8,85.8,83.0
S2031,3,83.7,83.8,67.9
S2510,4,82.3,91.6,79.0
S2171,1,73.6,69.3,77.6
S1103,2,95.0,87.4,76.4
S2084,5,69.2,75.5,79.3
S2144,5,90.2,89.0,69.3
S2128,1,81.5,95.5,77.5
S2246,2,92.1,79.3,85.4
S2286,5,92.8,90.3,100.0
S1292,3,88.8,86.1,74.9
S2764,1,73.0,79.5,68.5
S2575,1,68.8,75.5,70.7
S2683,5,83.8,98.9,89.6
S1554,5,60.5,79.1,59.7
S2347,2,89.6,80.2,77.7
S1486,1,89.1,83.0,92.2
S1444,5,93.2,87.4,87.4
S2072,5,77.7,92.2,78.2
S2466,4,91.7,84.7,74.9
S1519,6,84.4,85.2,56.0
S1551,4,85.7,76.5,69.8
S1360,1,,75.4,66.5
S1225,1,92.5,87.7,78.7
S2373,5,77.8,87.4,71.6
S2538,2,65.9,51.1,65.0
S2770,6,69.7,81.5,57.6
S2380,3,79.0,75.7,53.6
S1159,5,73.0,82.8,61.0
S1577,4,76.4,79.9,70.2
S1504,4,79.3,67.4,68.0
S2106,2,92.8,86.3,76.1
S1251,5,85.4,78.6,65.1
S2741,3,70.9,76.5,56.2
S1302,1,73.5,80.9,78.3
S2056,5,,92.2,77.7
S1187,6,82.6,74.8,68.3
S2255,6,80.9,79.6,81.9
S2772,4,,100.0,76.4
S2312,1,72.1,69.2,92.0
S2155,5,71.4,82.0,64.7
S2149,2,,66.4,75.0
S2580,3,97.4,82.2,67.3
S2562,3,84.9,85.2,82.2
S2051,4,86.8,77.6,76.0
S1070,3,69.8,72.3,52.0
S1496,4,73.7,67.0,64.6
S2296,5,81.5,80.4,69.4
S1406,2,77.4,74.8,66.9
S2183,4,77.2,88.9,82.7
S1095,1,61.1,59.4,61.7
S1422,1,69.1,77.7,58.7
S2748,5,83.2,91.4,79.2
S1542,6,90.5,80.4,84.6
S1205,1,91.0,96.7,100.0
S1024,5,69.3,83.2,80.1
S2151,4,87.9,84.5,93.3
S1249,3,72.6,100.0,71.8
S2684,3,100.0,84.7,67.9
S2626,4,93.3,85.4,67.5
S2422,4,89.8,87.7,66.9
S2089,5,84.4,89.9,66.3
S2459,4,89.6,92.4,87.3
S1443,2,78.9,88.8,81.1
S1335,1,81.2,83.8,83.7
S1200,1,90.1,97.3,68.8
S2395,5,95.3,75.6,83.1
S2446,6,99.3,97.6,77.2
S1589,2,67.3,79.2,62.1
S1293,5,87.2,80.4,91.5
S1083,6,97.5,93.6,81.4
S2474,6,93.6,98.2,72.6
S2011,3,,78.6,61.6
S1146,1,88.5,93.5,88.4
S1560,4,91.0,100.0,90.2
S1153,1,78.2,87.4,86.0
S1121,2,82.6,78.4,67.9
S2044,3,69.8,81.0,64.6
S2502,6,73.1,83.7,86.8
S2782,6,74.3,91.4,80.4
S2221,6,,76.2,64.6
S1250,3,77.3,59.7,78.0
S2185,5,75.4,84.3,82.2
S1254,3,77.0,87.7,95.5
S2356,4,93.9,80.5,65.3
S2525,1,73.6,83.6,94.3
S1458,5,73.4,62.8,60.4
S2790,4,89.1,86.6,78.1
S1053,3,92.6,78.3,85.7
S2462,5,66.8,68.7,68.9
S2626,5,87.7,85.2,77.7
S1559,3,81.9,68.2,86.3
S1019,1,85.9,76.6,87.7
S1293,3,98.6,84.5,89.7
S1226,2,70.1,65.8,51.0
S1522,4,77.2,63.3,52.4
S2514,5,83.2,75.2,71.5
S2255,5,79.4,78.1,77.6
S2240,2,82.8,98.7,67.2
S1081,1,87.1,78.6,69.7
S2339,3,91.2,97.8,80.7
S1329,6,91.2,81.7,89.4
S1057,1,,76.9,55.2
S1461,5,68.9,79.1,44.0
S2353,1,,78.6,74.0
S2467,2,78.0,76.2,78.9
S2053,3,83.8,92.2,72.2
S2219,6,79.1,83.9,82.9
S1088,3,61.8,81.0,77.3
S2073,1,86.8,83.3,76.5
S2601,3,90.1,74.9,81.3
S2330,6,77.8,85.9,76.2
S1469,2,90.7,87.4,64.1
S1121,5,75.4,61.4,72.5
S1128,4,79.5,86.6,61.4
S2753,2,80.8,78.9,71.3
S2154,3,94.2,76.2,67.2
S2771,5,78.7,76.6,73.3
S1052,2,83.7,85.2,86.7
S1214,1,74.0,69.8,68.0
S1059,1,56.2,62.4,52.5
S2567,2,85.3,100.0,83.5
S2578,3,70.3,66.8,61.4
S2238,2,76.5,87.9,79.9
S2452,2,76.9,68.4,79.6
S2769,4,71.9,89.6,68.7
S1299,4,83.6,77.0,78.2
S2189,3,77.3,89.3,84.1
S2274,5,80.5,95.7,80.6
S2131,2,65.2,71.1,58.4
S2467,5,72.5,71.7,78.4
S1343,2,83.1,90.2,87.7
S2069,6,80.0,76.6,76.5
S2059,2,89.7,81.8,76.8
S1012,6,73.5,68.3,66.4
S2625,6,77.6,77.1,67.6
S1460,6,57.9,77.5,63.1
S2173,4,84.5,71.7,69.1
S2656,4,83.3,84.4,66.1
S2178,6,75.5,65.9,61.5
S2015,5,81.8,91.6,73.4
S2183,3,76.1,82.3,82.3
S2411,3,80.8,97.9,93.2
S1468,4,85.6,78.2,56.9
S1211,1,89.1,82.1,67.3
S1278,5,79.9,77.6,65.0
S2204,2,75.9,72.0,73.6
S2319,6,96.6,87.3,80.2
S2206,1,64.3,52.0,54.1
S2056,3,89.1,89.7,77.9
S1362,2,76.5,76.0,77.5
S1241,6,78.2,93.7,71.1
S2434,3,62.6,61.8,46.6
S1423,2,76.6,74.2,71.3
S2155,2,78.6,78.8,67.9
S1283,4,73.8,79.4,58.5
S1483,1,79.3,92.4,81.4
S1183,4,65.0,62.6,51.8
S2540,3,81.5,83.9,88.5
S2509,3,68.3,59.8,76.9
S1534,6,86.2,96.8,92.4
S2141,2,75.5,71.2,56.2
S1272,5,74.4,88.0,72.7
S2328,5,85.6,84.8,78.5
S1314,4,70.5,66.4,60.1
S2215,3,88.2,95.6,75.3
S2615,1,86.7,99.9,81.2
S1269,5,78.9,84.6,77.8
S1164,1,84.5,81.2,67.2
S1236,4,88.9,79.6,66.6
S2478,3,86.7,72.1,77.7
S2097,1,95.1,100.0,96.4
S1142,3,89.1,75.4,82.4
S2147,2,82.6,96.9,64.9
S2172,1,85.1,76.1,57.3
S2130,2,79.4,72.9,80.2
S1480,4,77.4,82.0,75.0
S1379,4,75.5,72.0,64.6
S1399,5,82.9,68.2,71.4
S2594,4,85.4,90.7,89.8
S1306,1,84.2,79.1,95.5
S2511,5,93.6,87.2,94.5
S2502,2,75.0,84.8,83.7
S2088,5,93.8,100.0,87.6
S1008,6,65.8,86.0,71.2
S2197,1,82.4,96.5,67.1
S2225,2,90.4,89.6,71.1
S1226,1,65.5,76.2,51.9
S2788,4,77.4,73.4,66.2
S2057,6,92.5,97.6,78.8
S2574,3,77.6,79.6,73.3
S1075,3,75.7,70.4,64.5
S1375,5,72.0,80.5,85.7
S1291,4,76.0,90.1,67.9
S1141,5,76.6,88.5,62.4
S2726,4,91.6,83.6,77.0
S2598,2,67.3,64.1,64.2
S1549,2,80.4,82.1,78.5
S2009,2,58.9,60.9,65.3
S2059,6,89.6,86.1,73.2
S1407,5,89.1,75.8,87.2
S1518,2,86.5,83.8,69.4
S2577,6,86.8,100.0,93.3
S1114,1,90.1,90.0,85.2
S2702,5,85.4,98.3,82.9
S2490,3,78.5,83.0,71.2
S1216,5,,98.7,82.0
S2688,4,86.7,87.8,80.0
S2151,5,90.5,88.6,91.2
S2257,6,88.0,76.7,66.4
S1162,6,76.3,77.3,66.1
S1574,5,79.3,99.2,69.2
S2484,6,96.0,100.0,80.5
S2305,5,76.3,66.0,64.9
S1186,3,66.7,72.3,74.0
S1591,4,69.4,63.0,76.1
S1130,3,96.8,78.0,81.0
S1372,6,73.7,62.6,63.7
S1372,3,70.2,71.1,58.8
S1359,6,83.9,81.2,64.6
S2431,2,81.9,82.0,71.7
S2515,5,86.0,100.0,85.3
S2732,5,75.3,64.0,68.2
S2768,1,96.0,87.2,72.1
S2424,5,78.6,69.8,66.8
S2474,4,92.4,93.7,76.8
S2479,3,85.1,76.7,80.0
S1228,5,84.4,86.0,80.0
S1245,6,69.8,62.7,70.9
S1309,4,92.7,100.0,79.3
S1531,4,73.4,49.3,62.9
S1328,2,81.9,84.2,65.4
S2027,6,75.2,77.8,69.4
S2542,6,76.0,93.1,68.8
S2308,5,78.1,86.2,73.1
S1534,2,98.0,100.0,88.1
S2420,2,79.3,84.6,77.6
S1215,6,76.2,71.3,64.2
S1081,6,71.5,92.3,80.2
S1374,2,63.4,51.6,64.2
S2172,5,75.1,83.0,59.9
S1544,4,93.4,85.9,81.6
S2152,4,75.2,84.4,70.7
S2290,6,77.6,72.1,63.4
S2245,1,87.7,84.6,81.6
S2730,5,94.4,90.0,76.8
S2004,2,74.8,91.1,81.4
S1006,1,86.6,92.5,81.0
S2611,1,79.6,81.6,82.1
S1591,3,70.5,68.5,71.5
S2282,1,92.1,90.3,84.6
S1314,2,70.2,79.4,69.2
S2498,6,63.9,69.4,56.8
S2029,6,66.8,74.7,67.5
S2540,2,79.6,88.1,77.8
S2400,2,71.9,74.5,60.6
S2003,3,88.1,76.8,71.3
S2317,1,75.0,80.1,72.9
S2378,6,79.6,89.9,61.3
S2437,2,77.3,73.8,64.7
S1173,5,68.3,63.6,55.5
S1107,1,93.2,84.9,70.1
S2112,2,87.8,90.9,74.6
S2585,6,84.9,76.8,100.0
S2747,3,70.9,94.0,73.6
S2350,4,92.7,94.0,92.0
S1181,4,94.0,84.5,83.6
S1436,6,77.0,82.8,88.4
S1144,4,76.4,81.6,71.4
S2171,4,88.3,59.3,78.4
S1151,4,92.4,85.7,79.6
S1032,6,84.4,86.1,82.6
S1019,2,85.2,85.9,80.3
S1313,3,90.7,86.7,71.9
S2248,1,91.8,68.3,70.8
S1324,5,71.1,78.2,66.4
S2690,2,,100.0,75.8
S2670,2,64.7,73.4,72.7
S2783,2,67.1,55.6,62.7
S2512,4,84.0,90.6,79.1
S1306,2,83.2,74.6,84.8
S2717,1,86.5,94.4,77.4
S2697,5,79.2,80.2,75.9
S2058,1,74.2,75.2,83.1
S1131,3,65.1,59.0,60.9
S1094,6,80.4,67.7,73.9
S2797,4,87.3,94.2,75.7
S2328,3,91.9,88.6,80.5
S1463,4,96.0,89.4,73.8
S1572,4,81.8,72.5,66.5
S2122,4,83.9,85.5,76.4
S2682,3,79.3,74.8,89.0
S1305,2,98.9,89.6,89.9
S1437,2,79.1,80.4,86.3
S2445,1,85.6,86.7,83.4
S1183,3,60.0,62.9,49.7
S2464,1,75.1,89.9,68.6
S1529,2,82.4,88.1,60.0
S2170,1,94.8,100.0,73.4
S2102,5,88.7,89.3,89.3
S2259,2,,78.1,88.6
S2285,4,66.9,71.6,65.4
S2716,4,87.9,100.0,74.4
S2575,4,71.6,83.2,66.4
S2373,3,74.3,80.0,77.5
S2010,5,91.4,92.2,79.2
S2261,3,74.7,68.6,81.0
S1276,5,78.8,92.4,80.1
S2638,5,80.7,86.9,72.9
S2777,5,80.9,85.1,87.1
S1388,2,71.0,73.7,72.3
S1403,2,84.6,85.7,77.1
S2617,1,82.4,84.4,72.9
S1443,3,81.9,76.9,74.2
S2043,4,70.4,75.2,84.2
S2036,4,78.5,100.0,74.3
S2690,4,90.6,100.0,81.1
S1447,3,74.7,70.8,80.4
S2171,6,77.9,74.8,78.7
S2258,2,83.8,84.2,91.2
S2240,6,83.1,97.3,70.6
S2348,6,69.5,77.0,63.8
S2473,1,74.6,71.9,62.5
S1030,5,93.2,87.0,93.8
S2332,4,88.6,91.1,84.2
S2076,5,84.3,81.8,77.2
S1256,5,81.3,81.6,76.5
S2797,1,95.6,90.9,85.2
S2742,1,,94.4,79.4
S1548,5,86.7,84.4,87.0
S1201,5,74.1,69.6,73.8
S1368,1,75.9,56.5,79.8
S2162,2,85.4,71.7,86.1
S2628,3,87.6,82.8,79.1
S2718,2,75.6,91.2,83.1
S2706,6,74.7,72.8,66.6
S2435,6,79.2,80.3,68.1
S1163,4,72.9,80.2,72.0
S2125,4,88.7,95.5,71.5
S1296,1,90.5,92.5,86.2
S1139,2,55.3,70.4,68.3
S1157,6,78.0,72.8,64.6
S2077,3,71.4,84.5,56.5
S1415,3,76.4,71.2,75.6
S1105,4,93.9,91.6,74.1
S2042,2,70.2,70.9,73.7
S2327,1,86.3,83.0,79.1
S1155,2,88.6,97.9,82.4
S1506,4,90.6,98.6,85.4
S1050,2,94.4,90.1,82.2
S1176,3,70.7,75.7,68.7
S2621,1,82.4,93.2,78.6
S1452,2,80.6,83.8,82.2
S1537,6,63.7,81.2,75.0
S2493,6,73.6,81.2,73.9
S2756,3,89.6,76.2,81.7
S2226,3,84.3,87.1,86.0
S2527,5,82.5,70.9,67.9
S1585,6,74.0,94.8,80.6
S2011,1,88.7,94.9,62.6
S1465,6,93.5,95.0,88.6
S1158,3,74.8,81.8,60.9
S2795,6,81.7,88.7,65.0
S1465,4,96.9,95.7,89.9
S2594,2,94.7,97.7,98.2
S1003,1,95.7,92.7,71.3
S1187,2,78.9,71.7,77.9
S2780,5,86.0,81.3,77.0
S1543,4,91.0,100.0,85.0
S2186,6,85.7,98.4,84.6
S1449,3,59.2,73.8,70.5
S1369,6,87.0,96.6,90.2
S2046,3,85.5,100.0,88.6
S2528,4,72.2,74.2,72.1
S1220,6,82.4,87.1,72.0
S1130,6,83.2,82.3,75.6
S2776,2,83.4,96.0,77.9
S1522,5,71.3,62.8,65.6
S2579,6,68.2,62.6,61.9
S2205,1,83.3,87.5,64.9
S1073,2,89.9,90.7,80.6
S1580,2,82.4,86.0,75.5
S1585,2,78.2,74.2,83.7
S1109,6,85.9,76.7,82.4
S1413,6,70.1,65.7,80.7
S1016,3,75.8,97.0,73.5
S2779,5,82.8,92.6,83.4
S2283,5,89.9,81.4,71.7
S2314,1,69.4,83.5,80.6
S2274,4,92.3,78.1,68.3
S2051,6,79.3,83.8,85.1
S2286,4,91.7,100.0,94.8
S2451,1,92.3,78.1,86.6
S1482,1,98.2,88.6,85.7
S1523,4,89.5,100.0,90.4
S2620,6,85.9,100.0,67.8
S2066,3,82.4,100.0,54.5
S2504,3,83.8,96.8,82.8
S2603,5,75.0,70.2,69.2
S2142,1,72.2,70.4,71.1
S2454,1,85.6,84.2,69.6
S1485,1,87.9,78.6,79.6
S1096,1,88.1,84.5,65.9
S1242,3,74.2,73.0,57.4
S2143,3,90.7,68.9,60.4
S2275,1,87.5,100.0,90.1
S2251,1,84.5,100.0,75.4
S2581,1,95.9,97.9,90.0
S1420,5,93.3,84.7,66.6
S2645,1,76.5,78.2,83.6
S1291,6,76.3,83.9,65.6
S1457,6,78.6,87.1,87.9
S1266,1,84.2,87.0,75.5
S1538,5,87.6,71.0,74.5
S2529,6,92.6,100.0,94.0
S1373,5,88.7,89.0,76.9
S1048,6,60.3,58.6,61.5
S1290,5,75.7,83.2,78.9
S2456,5,77.1,82.9,77.6
S2736,4,86.5,84.3,77.9
S1590,6,76.4,93.4,73.0
S2108,5,79.6,90.1,80.4
S2715,6,78.1,89.5,54.5
S2051,2,80.8,92.9,85.1
S1321,4,63.8,77.7,59.6
S2278,5,62.0,60.6,66.7
S1472,2,75.2,61.2,65.6
S1281,5,99.1,98.7,78.0
S2296,2,94.2,88.6,68.4
S2711,6,88.6,89.2,86.4
S1224,1,81.2,85.4,77.1
S1544,5,80.9,83.0,79.6
S2197,6,86.6,100.0,76.5
S1458,1,74.3,74.1,60.5
S1166,4,79.8,73.4,80.0
S2641,2,83.3,100.0,83.6
S1109,3,82.7,84.7,71.0
S2485,2,90.9,89.6,67.6
S1484,5,84.2,85.1,68.6
S1377,3,74.2,86.8,91.3
S2550,4,94.8,88.7,59.8
S2746,1,68.2,78.5,73.0
S2271,1,65.8,76.1,82.1
S1498,5,89.0,94.4,90.5
S2320,4,58.1,69.7,74.9
S1354,4,78.3,96.2,79.8
S2572,3,65.5,55.7,55.8
S2646,2,78.3,100.0,73.7
S2649,5,81.2,86.3,77.5
S2318,2,72.8,79.5,58.7
S1261,5,64.5,54.2,74.9
S2556,6,78.4,71.2,76.2
S2280,6,86.1,80.3,88.2
S1431,5,65.8,60.2,76.1
S2412,6,95.2,89.3,71.0
S1365,2,88.8,91.2,66.7
S1533,5,90.5,90.3,83.3
S1119,1,86.9,96.5,88.7
S1206,2,78.5,89.6,73.9
S2355,5,80.0,91.8,84.4
S2526,4,89.9,79.4,75.6
S2491,3,78.8,79.0,85.2
S1210,5,77.4,66.2,87.0
S1376,5,74.8,81.5,75.9
S1326,2,75.8,81.5,69.2
S2494,5,79.5,84.2,66.6
S1166,2,78.0,75.8,76.1
S1585,1,77.8,85.9,87.8
S1019,6,82.1,93.1,90.2
S2683,3,85.0,94.9,74.0
S1419,2,75.4,84.6,74.2
S2745,6,92.3,88.1,78.9
S2791,2,,77.2,94.1
S2674,6,85.1,100.0,72.4
S2032,2,87.0,75.3,96.3
S1425,5,94.9,92.3,77.0
S1088,4,71.8,88.0,78.1
S1085,4,83.1,78.5,86.9
S2230,2,84.7,70.8,80.8
S2176,2,73.5,74.8,65.7
S1159,2,78.7,70.8,65.3
S2569,6,79.1,84.9,66.2
S2114,3,88.0,95.2,89.5
S2029,3,76.5,75.9,71.3
S2528,2,80.1,88.7,69.5
S2607,2,94.1,83.2,96.2
S1476,1,89.3,89.3,69.0
S2287,1,79.8,75.9,65.9
S2208,1,59.9,61.5,76.8
S1384,3,75.0,85.4,78.0
S2094,2,71.6,61.4,67.9
S2572,5,63.9,57.3,53.5
S1059,3,62.1,60.8,55.0
S2296,6,87.7,88.1,69.1
S1485,3,84.2,81.3,69.7
S2223,4,79.6,82.2,88.9
S2491,6,76.5,76.6,72.3
S1418,4,77.3,77.9,88.8
S1437,5,88.2,86.3,83.3
S2221,2,66.1,81.2,67.6
S1186,5,74.0,69.8,71.5
S1475,3,79.0,67.5,76.3
S2470,4,84.3,75.5,66.8
S1050,5,93.8,89.5,79.0
S1280,2,85.3,76.8,92.6
S1558,6,78.6,76.1,59.8
S2600,4,79.8,92.9,84.4
S1456,6,69.2,62.9,55.5
S2104,5,83.8,100.0,77.8
S2555,1,88.9,84.8,90.9
S2634,5,79.1,81.0,77.7
S2124,2,79.7,81.7,56.8
S2623,4,93.5,95.0,72.6
S2539,5,74.5,79.0,69.8
S1323,6,82.9,73.7,66.9
S1039,2,73.6,78.9,67.1
S1013,5,83.4,64.0,76.0
S1018,2,67.4,54.8,61.3
S2452,6,75.9,67.5,82.0
S2036,6,83.3,78.2,76.9
S2061,2,86.0,93.0,74.8
S1288,1,76.8,87.7,81.4
S2682,4,87.7,80.4,79.4
S1351,4,86.1,90.1,76.5
S2589,5,73.4,76.8,85.6
S2123,4,67.4,78.5,65.6
S2786,4,86.7,87.7,71.2
S2326,2,89.6,82.2,75.2
S1307,2,78.3,82.5,67.9
S2382,3,,95.2,70.2
S2451,2,90.1,96.6,82.2
S2414,2,78.9,83.4,86.5
S1270,1,58.3,55.3,69.0
S2025,3,82.4,82.3,77.9
S1102,2,87.0,93.3,99.8
S2730,6,83.9,93.1,82.7
S2294,3,92.1,94.0,80.0
S1183,2,71.3,67.8,59.8
S1438,1,55.8,60.6,54.6
S2396,5,,87.8,72.3
S2711,3,88.9,74.3,82.6
S2250,2,69.7,88.9,65.9
S2386,3,92.1,99.3,87.8
S1027,5,78.4,75.8,61.9
S1034,6,61.9,57.9,55.6
S1398,6,90.4,100.0,90.1
S2134,1,81.3,87.2,73.7
S2272,3,73.3,61.8,71.6
S1140,4,95.3,95.2,94.9
S1490,1,94.8,100.0,93.8
S2311,2,81.1,80.5,80.3
S2669,6,79.3,82.8,59.8
S1406,6,84.8,61.4,59.1
S1206,1,83.4,100.0,64.2
S2540,5,92.7,91.5,81.2
S2739,2,81.4,88.0,81.1
S1269,2,75.6,92.8,72.2
S2791,6,85.4,70.1,88.3
S2616,1,83.1,88.6,77.9
S2353,6,76.6,79.1,71.8
S2043,1,84.6,89.5,85.4
S2016,4,73.6,67.5,75.4
S2257,3,84.9,73.0,74.5
S2514,3,84.1,79.3,69.0
S2212,1,82.7,100.0,72.0
S1456,3,74.7,75.5,55.2
S2722,4,77.7,80.8,74.3
S1193,1,84.2,77.2,72.6
S2563,3,86.6,90.9,72.1
S2624,3,87.2,88.8,74.2
S2406,5,63.7,76.4,71.2
S2181,1,96.3,89.0,73.9
S2084,1,71.3,81.7,94.5
S2182,2,65.1,83.6,60.7
S2556,1,72.7,71.7,78.9
S2071,3,85.8,100.0,89.2
S1233,1,71.6,74.0,69.1
S2693,3,78.4,74.1,85.2
S2499,5,54.5,81.2,51.9
S1110,4,67.8,82.6,57.6
S1132,5,86.0,87.1,84.8
S2054,4,64.7,72.5,50.5
S2678,5,78.4,72.6,61.1
S2647,5,90.6,96.4,76.7
S2465,3,80.9,85.2,90.7
S1427,6,78.5,58.1,64.9
S2034,4,92.4,81.8,75.6
S1441,1,86.0,83.4,73.3
S1227,4,95.2,97.6,69.9
S2466,2,93.9,73.2,79.9
S1392,2,87.7,80.4,86.4
S2428,6,90.2,90.6,100.0
S2084,2,81.0,70.3,82.7
S1464,4,81.3,90.4,89.6
S2342,5,88.9,99.0,77.9
S2512,6,92.1,83.5,76.3
S2551,2,91.5,81.4,84.2
S1552,3,77.1,80.3,82.1
S2546,3,66.4,64.6,69.1
S2722,1,72.1,69.4,69.5
S2492,2,88.6,92.0,71.3
S1103,4,95.4,83.3,79.2
S2483,6,84.9,80.3,49.4
S1430,2,87.1,86.6,81.4
S2663,2,73.6,70.7,70.5
S1386,5,79.7,74.5,66.4
S1557,5,75.1,73.9,79.4
S1285,2,89.1,92.1,87.9
S2475,2,81.4,93.9,77.7
S1498,4,86.5,91.4,81.3
S2247,1,72.1,66.3,60.4
S2691,1,88.6,88.1,73.2
S1297,5,83.2,85.5,83.8
S1058,1,65.6,49.4,61.9
S2102,4,90.2,98.2,83.4
S1134,6,93.7,87.1,89.6
S1143,6,86.5,90.6,80.7
S2008,6,92.9,91.2,81.5
S2532,5,77.9,73.3,75.2
S2285,3,66.5,61.9,73.1
S1166,1,74.1,67.6,81.0
S2420,1,85.6,82.4,80.1
S2328,2,82.5,82.4,79.4
S2201,2,,98.0,89.4
S1586,4,98.1,100.0,72.4
S2082,6,71.9,75.7,68.9
S1037,4,83.1,74.7,74.7
S2091,1,84.6,93.8,67.7
S1215,5,84.3,86.2,61.7
S1528,2,90.2,98.8,73.8
S1098,1,55.4,77.5,68.6
S1437,3,90.8,80.9,82.0
S2003,1,88.2,67.7,68.6
S1008,2,67.4,73.5,73.2
S2740,3,91.5,100.0,89.0
S1206,5,94.4,91.3,66.1
S2468,4,90.2,100.0,97.3
S2213,1,84.4,64.4,68.6
S2033,1,83.4,91.5,89.4
S1596,2,84.2,78.4,82.6
S2497,5,57.5,44.4,41.6
S1251,4,89.7,96.1,76.9
S2706,2,82.0,69.5,73.8
S2319,4,93.6,88.5,77.1
S2250,4,72.5,61.9,71.7
S1574,2,90.2,97.1,74.7
S1316,3,67.1,70.4,59.7
S2776,4,85.1,84.1,83.2
S2724,4,87.2,98.7,78.9
S1546,3,68.4,78.4,74.0
S2267,3,75.9,63.5,64.8
S2650,6,65.8,71.2,79.8
S1581,1,76.0,92.3,76.0
S1179,4,66.9,79.0,92.0
S1120,5,81.8,81.7,71.7
S2181,5,90.0,88.1,81.2
S1395,1,78.5,84.8,53.4
S1251,6,95.8,100.0,72.3
S1533,4,87.6,88.7,82.5
S1112,5,66.2,87.1,71.5
S2696,1,78.6,85.2,50.1
S1493,1,72.5,82.2,66.8
S2315,4,87.3,75.0,72.8
S2781,3,92.5,87.8,83.8
S2279,6,,67.1,81.9
S1150,4,80.4,81.6,88.7
S2170,6,88.6,100.0,74.6
S2461,1,84.4,87.4,72.3
S2545,6,84.3,84.8,57.3
S2617,6,78.6,81.1,70.6
S1445,3,78.1,91.1,75.6
S1592,5,64.1,72.0,77.0
S1533,2,90.2,80.3,86.5
S1482,5,89.4,98.6,84.7
S2130,4,90.3,73.4,78.6
S2668,1,91.2,98.4,81.1
S1256,1,80.9,77.2,71.1
S2619,3,86.1,100.0,75.4
S2665,2,82.3,71.0,77.8
S2271,6,74.5,58.7,71.6
S2725,1,64.7,82.9,66.5
S1007,4,82.6,92.8,80.1
S2768,4,91.1,85.6,81.1
S2505,5,78.3,83.4,75.6
S2588,1,78.9,94.2,90.9
S2555,5,78.4,93.1,86.8
S1396,1,79.8,75.3,70.9
S2383,5,51.7,54.3,74.3
S1295,6,75.8,84.5,65.7
S2501,5,74.0,64.6,63.7
S1037,5,78.6,81.4,82.1
S1331,4,85.3,80.4,75.1
S1089,4,86.6,85.4,80.8
S2487,1,72.5,81.3,84.3
S2646,5,93.1,100.0,85.7
S2260,4,62.8,40.4,70.1
S1481,2,80.5,83.5,83.3
S1014,4,83.7,74.7,71.4
S1115,1,67.1,76.6,80.1
S2410,6,77.6,74.1,70.9
S2640,4,88.3,71.0,84.9
S1361,4,86.2,96.2,94.8
S1122,6,80.2,84.2,58.9
S1568,5,74.9,67.2,61.4
S1390,6,86.4,89.3,91.8
S2502,3,81.4,79.2,77.9
S1373,1,95.4,82.4,67.4
S2269,5,85.5,83.2,74.7
S2653,1,82.1,83.2,78.4
S1428,4,73.7,76.8,87.7
S2361,2,78.8,78.5,81.3
S2372,5,85.4,68.8,85.2
S2237,5,72.9,81.5,71.5
S2272,4,74.4,77.8,71.2
S2262,6,61.6,73.0,65.9
S2144,6,83.5,83.0,76.3
S2628,4,84.6,84.8,79.2
S1451,6,94.1,92.0,76.1
S1210,2,83.3,76.8,84.0
S1351,5,71.4,83.1,61.2
S2217,2,85.1,100.0,71.4
S2234,6,79.4,69.0,86.1
S2308,6,82.1,84.1,67.9
S2234,2,81.1,75.8,87.7
S1150,5,78.4,75.0,74.7
S2131,4,66.9,73.2,59.3
S1072,3,84.8,76.6,84.5
S2253,3,,77.3,72.7
S2449,2,67.7,53.4,64.3
S2127,4,91.6,100.0,78.0
S2584,3,76.3,77.5,65.0
S1581,5,83.9,91.2,82.1
S2768,2,91.0,100.0,81.3
S1204,5,74.6,96.5,76.8
S2037,1,94.8,84.9,67.5
S2332,5,90.5,100.0,92.5
S2674,2,78.5,86.6,80.1
S2488,5,74.6,63.1,68.2
S2375,2,69.9,66.9,75.8
S2432,2,87.8,83.9,85.6
S1271,2,82.3,75.4,71.1
S2751,5,88.8,100.0,86.6
S1528,3,90.9,89.5,69.3
S2690,5,91.8,99.0,78.1
S2179,1,75.4,67.2,73.1
S2704,3,83.3,82.1,83.2
S1183,5,70.0,59.7,41.7
S1453,4,85.5,79.4,68.9
S2195,3,86.4,89.3,82.5
S1346,3,79.1,76.1,69.0
S2766,3,73.1,77.8,77.7
S2785,1,80.6,88.1,81.9
S2174,4,89.1,91.3,68.9
S1411,4,68.5,87.2,82.7
S2675,4,91.9,86.4,88.4
S2649,6,74.3,92.3,80.7
S1432,3,69.8,71.0,67.8
S2098,3,81.5,87.3,72.0
S1577,3,85.2,76.1,65.6
S1299,1,85.3,88.1,69.1
S2756,4,89.1,78.2,78.1
S2002,3,93.2,89.0,92.1
S2569,3,86.3,78.5,67.2
S1089,1,87.3,90.6,64.9
S2172,4,83.4,87.6,74.4
S2174,3,86.5,96.1,67.8
S1033,1,82.1,83.8,74.7
S1137,5,66.4,69.7,59.5
S1188,5,92.3,98.8,64.4
S2112,5,74.4,89.3,79.8
S2106,1,89.0,97.5,76.6
S1172,5,95.9,77.7,88.1
S2754,6,85.2,98.1,71.2
S1051,5,77.8,81.2,81.4
S2448,3,89.2,87.8,86.9
S2278,2,66.6,67.9,69.0
S1216,3,91.7,93.4,74.4
S1012,5,68.2,63.5,79.3
S2209,4,74.8,72.3,57.8
S1559,6,78.0,82.6,70.7
S2265,1,91.8,100.0,82.5
S1448,6,65.9,71.1,73.8
S2576,6,87.4,79.0,91.4
S2157,3,87.2,86.8,68.0
S2786,1,85.4,86.4,65.6
S1139,4,74.0,66.5,66.5
S2166,6,,82.0,91.5
S1243,5,83.6,87.4,84.4
S1435,4,83.2,80.8,71.2
S2327,4,83.0,86.9,78.4
S1040,5,94.8,88.7,93.4
S2070,2,75.1,58.3,60.7
S1497,2,97.7,100.0,96.7
S2387,3,70.4,80.3,67.8
S1158,4,65.4,68.0,60.5
S2767,6,83.7,77.7,74.0
S2570,4,95.8,88.0,77.7
S2248,5,81.2,68.8,64.2
S2122,1,78.2,82.3,79.5
S1593,1,83.6,73.1,72.2
S2647,2,85.1,100.0,80.4
S1561,1,81.5,83.7,73.5
S2593,4,80.9,78.8,78.3
S1402,5,66.8,68.2,63.1
S2488,4,77.8,65.4,76.7
S2064,5,85.6,100.0,81.4
S1025,3,80.8,92.6,64.7
S2354,6,83.0,95.2,90.6
S1383,3,73.1,70.6,75.3
S2515,1,90.5,98.9,77.5
S2002,6,81.0,80.0,89.9
S1290,3,70.4,94.2,73.4
S2352,6,85.6,92.6,83.4
S1020,1,76.8,89.6,64.5
S2597,2,97.9,93.0,80.3
S2105,1,76.9,87.1,63.4
S1084,1,80.5,79.6,74.7
S1121,1,74.2,76.5,66.7
S1515,6,61.5,71.0,69.1
S2570,5,84.5,88.1,92.5
S2714,4,73.4,84.0,79.3
S1100,3,90.1,86.1,76.7
S2660,4,90.8,77.8,64.3
S2160,3,81.5,95.4,79.2
S1275,4,78.0,77.6,82.1
S2263,2,,83.3,67.5
S1451,1,83.7,94.0,87.3
S2323,2,85.4,79.8,63.6
S1284,3,73.0,65.0,76.9
S2619,1,83.0,92.3,77.7
S2519,6,85.3,76.1,73.5
S2138,6,97.5,86.6,93.7
S1491,3,67.7,63.5,74.5
S2186,3,82.5,96.2,88.6
S1015,3,69.0,87.2,70.3
S1385,5,66.3,56.4,68.7
S1447,2,64.5,67.0,70.2
S2423,2,92.3,90.9,94.2
S2774,2,72.5,81.6,71.1
S1433,3,78.9,80.7,70.8
S1172,4,86.2,73.0,79.5
S1023,5,80.0,75.3,78.2
S2252,2,70.8,44.1,63.5
S2166,5,74.5,84.3,76.1
S2594,3,99.5,94.7,96.3
S1201,1,63.2,58.5,73.3
S2242,5,88.1,92.3,75.5
S1095,3,57.8,72.1,64.8
S2304,5,87.1,90.4,79.5
S2055,4,85.3,85.9,80.3
S2771,2,80.7,78.3,72.9
S2524,2,74.3,73.9,69.4
S2106,4,97.2,97.3,76.1
S2244,2,86.4,76.8,85.5
S2367,3,84.1,71.4,76.5
S2437,5,82.7,82.5,58.1
S1389,3,89.1,80.3,85.3
S1586,6,84.5,100.0,78.6
S1365,4,85.8,93.4,63.8
S1033,4,80.7,94.4,89.2
S2484,1,96.7,94.4,75.8
S1134,5,90.1,85.1,77.2
S2194,5,81.5,75.1,65.9
S2381,3,83.8,87.5,86.7
S1345,5,79.7,81.9,61.1
S2120,2,90.0,100.0,85.2
S2569,4,77.1,88.1,74.0
S1108,3,82.3,69.6,83.7
S2738,3,83.2,68.3,81.6
S2454,4,88.6,91.8,75.1
S1021,1,62.3,61.0,53.6
S1497,6,86.3,96.9,95.9
S1513,3,78.1,71.0,75.6
S2241,3,77.5,76.7,50.3
S2721,1,62.6,69.1,65.7
S1356,6,78.2,77.2,68.6
S2172,6,76.6,78.6,69.9
S1023,3,73.8,81.7,75.2
S2789,6,69.3,57.8,64.4
S1427,4,73.6,73.5,59.1
S1011,3,67.5,65.0,75.1
S2716,5,92.4,100.0,73.6
S2717,3,92.5,85.8,71.7
S1412,2,82.3,98.4,75.9
S1114,2,100.0,94.5,84.3
S2247,6,74.1,67.5,62.9
S1124,4,73.9,81.9,63.0
S2007,6,88.2,94.6,82.0
S2437,4,79.6,79.2,59.6
S2410,1,76.4,66.7,72.2
S1544,1,84.2,80.8,85.5
S1313,2,94.1,95.8,78.9
S1433,5,81.5,94.0,66.0
S1287,2,74.5,76.5,85.9
S2654,5,58.8,68.9,72.0
S1474,6,82.0,89.1,87.3
S2670,3,68.9,64.3,65.7
S2539,1,79.5,89.6,76.6
S2411,2,85.7,99.6,78.3
S1082,4,67.8,65.3,70.5
S1083,2,100.0,100.0,81.1
S1116,1,72.0,80.0,51.3
S2037,6,,93.0,80.5
S1101,3,76.7,72.0,71.1
S1319,4,86.2,95.5,82.3
S2504,4,88.2,97.5,69.6
S2389,4,72.8,72.0,60.2
S2475,5,76.6,84.6,80.4
S2118,3,90.9,96.1,92.3
S2027,2,89.4,89.2,68.7
S2258,5,,87.8,89.6
S2703,5,84.3,79.9,76.5
S1227,6,81.2,93.8,65.6
S2742,6,96.2,78.8,79.1
S1255,3,78.8,89.7,68.0
S2458,2,85.6,84.7,70.0
S2726,2,83.0,75.9,82.1
S1259,4,70.9,89.0,78.2
S2797,2,94.2,83.5,85.8
S1223,6,70.1,68.9,72.8
S1502,5,83.6,94.3,66.9
S2589,4,69.2,78.9,82.7
S1376,1,83.7,59.9,69.3
S1392,1,86.9,73.6,84.6
S2713,5,68.5,72.2,82.6
S1465,1,92.6,98.6,81.7
S2233,1,68.7,81.5,54.4
S1026,1,93.8,84.2,75.8
S1468,3,86.9,84.3,63.6
S2130,6,88.8,82.2,83.6
S1348,5,94.3,100.0,67.3
S2026,2,75.0,73.4,60.4
S1377,4,83.5,86.5,82.7
S2070,4,69.8,70.2,65.1
S2298,3,57.9,67.6,57.7
S2198,6,79.7,67.3,77.1
S2567,6,88.8,89.6,92.5
S2397,6,78.3,80.2,87.4
S2043,5,77.9,67.8,78.4
S1144,2,69.8,71.2,74.9
S2344,3,87.1,92.8,89.8
S2404,5,68.6,81.7,79.4
S2311,1,77.3,81.5,73.9
S2629,5,75.9,71.4,48.4
S2526,2,82.6,86.2,65.9
S2463,2,88.0,79.2,75.3
S1297,4,88.2,81.9,74.5
S2130,3,81.8,65.9,84.7
S1417,1,70.5,92.8,88.7
S1304,1,80.7,99.9,84.3
S2369,6,61.7,56.3,47.2
S1451,5,91.8,84.5,83.4
S1030,2,86.9,98.9,86.4
S1349,6,83.0,86.3,75.7
S2501,2,76.8,75.1,52.4
S1582,6,89.2,91.7,85.8
S2612,4,84.4,86.3,74.3
S1014,5,81.3,74.1,73.5
S1137,1,64.4,67.4,63.4
S2435,4,80.6,91.0,68.4
S2244,1,81.3,77.0,75.1
S1048,2,66.9,58.1,61.2
S2716,6,,100.0,72.2
S2329,6,83.6,92.5,76.9
S2679,5,91.2,98.3,64.0
S1486,6,,83.1,80.4
S1303,2,88.1,94.4,85.4
S1212,6,64.7,47.8,66.9
S2159,3,91.7,89.8,89.4
S2783,3,60.7,64.3,60.0
S2528,3,78.1,70.6,65.7
S2314,5,70.1,73.4,81.7
S1441,3,91.1,76.7,74.3
S2216,5,89.6,100.0,86.9
S1385,2,67.0,63.5,78.7
S2210,3,59.8,51.0,70.0
S2100,2,81.1,89.7,61.1
S2095,5,60.6,66.7,80.8
S2042,4,69.7,76.9,78.3
S2471,2,69.6,70.4,64.9
S2380,2,69.2,71.5,54.1
S1403,3,83.1,83.2,70.6
S1593,3,86.2,82.0,68.2
S1366,6,87.2,79.1,78.7
S1434,3,82.2,80.4,59.5
S2547,4,92.1,100.0,84.2
S1562,1,76.7,79.9,77.3
S2317,4,82.0,83.8,79.9
S2221,1,81.2,87.7,67.0
S1439,6,85.3,75.6,67.7
S2458,5,83.5,87.2,75.5
S1406,5,68.3,69.0,65.9
S2437,6,82.1,74.2,66.5
S2422,3,89.9,99.5,69.9
S2224,5,80.9,67.1,86.8
S1591,6,69.9,64.9,59.2
S2594,6,89.2,82.0,96.9
S2584,6,71.6,68.8,62.9
S1087,2,79.9,82.8,69.6
S2162,5,78.0,77.2,79.9
S2353,3,77.4,75.8,69.8
S1236,6,85.1,85.6,70.2
S2762,6,65.8,67.9,73.8
S1022,2,95.7,94.5,74.8
S1580,1,78.0,100.0,86.0
S2390,2,92.4,100.0,79.2
S2119,3,92.1,96.7,93.2
S1407,3,79.5,70.8,78.4
S2028,4,83.4,88.9,82.5
S2126,5,76.3,76.2,65.5
S2492,5,84.1,83.5,69.4
S2045,4,68.9,71.1,54.0
S1246,4,77.9,89.6,85.8
S2262,3,75.6,73.4,54.6
S1594,3,100.0,81.9,73.9
S2059,4,87.9,85.4,75.5
S1009,2,67.8,71.0,74.6
S2686,2,70.2,66.1,54.6
S1148,6,85.4,84.2,71.2
S2766,2,74.7,85.8,92.3
S1087,1,83.4,78.5,57.4
S1529,1,79.1,82.3,67.4
S1492,4,80.6,83.8,63.8
S1238,3,91.2,82.4,75.0
S1024,2,65.7,83.5,77.0
S1321,5,71.5,76.5,67.9
S1397,3,84.1,84.6,86.3
S1533,6,79.9,77.3,79.6
S1019,5,79.8,89.9,86.6
S1542,5,91.0,85.7,96.2
S2321,2,81.2,86.0,77.1
S2366,1,76.8,73.2,64.7
S2250,3,,75.3,72.3
S1547,2,100.0,90.0,75.5
S2184,1,94.1,100.0,77.6
S2274,2,81.6,82.0,66.4
S2524,4,72.6,82.7,68.2
S2318,3,81.0,79.7,59.8
S1538,1,94.0,95.5,78.0
S2422,1,78.9,96.1,80.1
S1076,2,91.3,100.0,93.0
S2022,6,80.8,100.0,87.1
S2764,3,82.1,77.8,53.8
S2739,6,86.7,99.0,82.2
S1461,4,68.7,61.6,57.0
S1110,5,76.7,83.9,73.7
S2475,4,86.1,93.4,75.6
S1167,4,62.4,64.7,52.6
S1065,6,77.2,84.7,58.8
S1568,6,83.6,71.9,64.3
S1247,1,72.8,65.6,81.1
S1374,3,66.6,53.1,54.1
S2759,4,90.6,85.5,87.0
S2662,1,79.6,79.2,61.3
S2054,5,55.3,75.7,56.9
S1496,3,63.8,63.5,67.3
S1565,3,76.5,68.7,66.1
S1216,4,92.3,95.1,71.8
S2776,5,90.9,98.6,83.1
S1479,6,55.7,48.5,62.8
S2096,4,57.1,58.7,69.9
S1423,4,73.2,65.9,70.2
S2671,2,75.6,89.9,79.6
S1318,6,86.8,97.1,76.2
S2719,4,,76.8,59.5
S1062,3,95.4,88.9,84.0
S1192,6,92.0,86.2,65.2
S2364,3,70.5,83.5,91.3
S2194,6,90.2,90.1,65.0
S2350,5,92.7,90.0,90.9
S2783,1,60.2,60.0,70.0
S2335,3,78.4,89.3,79.5
S2094,3,67.5,68.9,62.8
S2115,4,81.0,96.3,86.9
S2747,5,77.3,92.6,56.6
S2237,6,67.9,74.1,70.6
S1030,1,95.2,95.3,83.0
S1318,2,88.7,97.0,74.2
S1184,2,80.7,80.4,73.0
S2407,1,70.8,68.3,73.4
S1569,1,86.2,99.8,74.6
S1383,1,84.7,70.1,83.7
S2717,4,86.4,98.7,82.2
S1228,2,95.0,92.1,91.1
S2270,3,79.7,94.0,78.3
S2280,1,86.7,74.0,78.8
S1114,3,81.0,78.3,90.1
S2560,6,78.4,75.4,72.4
S2011,5,89.3,87.8,60.8
S1277,6,79.4,85.1,84.1
S1085,5,82.0,87.6,75.5
S1028,5,91.4,94.2,76.1
S2444,3,87.1,91.5,77.0
S1168,5,83.7,91.3,84.4
S2459,1,95.6,90.9,80.9
S2423,4,89.2,81.8,91.5
S1583,3,84.2,88.3,99.4
S2442,6,83.2,80.0,80.1
S1423,5,69.3,69.7,68.5
S1185,1,90.6,81.2,81.4
S2046,6,91.4,92.5,78.4
S2583,3,86.1,82.8,85.0
S1293,1,88.8,85.6,87.5
S2456,3,76.8,65.8,76.4
S1487,1,79.9,87.7,64.8
S2400,6,71.0,76.8,59.2
S1026,3,87.0,88.6,88.2
S2052,2,62.7,63.2,64.0
S2672,2,85.5,98.3,90.1
S1426,3,86.8,97.2,73.1
S1463,2,94.1,96.3,77.2
S2160,6,89.7,84.3,77.4
S1592,6,74.5,74.7,68.3
S2021,3,68.7,77.5,83.7
S2508,2,89.0,78.8,68.7
S2706,5,77.6,66.3,69.3
S2397,5,85.5,81.7,87.2
S2339,5,91.3,84.1,87.2
S1304,5,93.0,97.8,85.6
S2082,1,63.6,79.1,69.1
S2692,3,76.4,74.7,88.1
S2568,4,89.8,81.5,86.0
S2742,3,82.4,75.9,85.5
S2362,6,63.6,63.2,80.4
S1052,4,83.1,90.7,76.6
S2464,4,77.2,88.2,59.7
S2310,3,63.0,69.5,66.0
S1600,6,75.4,69.9,61.2
S2004,5,88.7,91.6,81.4
S2487,3,74.0,66.2,86.4
S1576,1,84.1,96.2,82.8
S1035,2,91.3,87.5,88.9
S1190,2,66.8,72.7,77.4
S1459,2,75.1,73.6,56.2
S2003,2,72.3,75.0,67.7
S1309,2,79.7,93.4,89.6
S2203,6,64.4,80.6,48.0
S1332,3,87.8,100.0,86.0
S1541,1,89.2,81.0,75.4
S1467,3,88.5,89.0,84.2
S2713,3,74.8,63.8,74.5
S1519,2,75.6,79.3,61.6
S2077,4,74.8,78.0,65.1
S1332,2,89.2,92.9,94.6
S2476,6,76.7,86.3,86.5
S1064,6,79.8,76.7,79.5
S2118,6,86.4,90.0,85.2
S1565,5,72.2,62.6,67.7
S2614,2,71.9,72.4,57.9
S1455,4,69.7,53.0,67.4
S2191,3,85.5,87.8,75.6
S2183,5,84.1,82.2,74.3
S2554,1,91.5,85.0,76.8
S2152,6,79.9,86.8,99.4
S2039,5,84.9,88.0,86.2
S2559,5,79.7,87.1,81.3
S1043,2,81.2,67.1,76.5
S2782,4,81.1,93.5,75.1
S2307,3,94.4,90.7,74.9
S1047,3,90.8,79.8,82.4
S1543,1,99.0,99.9,73.5
S1414,3,74.8,73.9,71.8
S1049,2,88.5,90.3,87.8
S1513,4,68.9,86.0,68.6
S2654,2,62.5,70.5,77.1
S2345,2,87.1,75.2,84.4
S2226,4,81.6,91.9,86.9
S2306,5,76.1,84.2,64.2
S2375,3,68.0,53.7,67.6
S2471,3,66.8,74.7,72.4
S2733,6,76.4,77.2,69.7
S2364,4,76.9,82.6,81.1
S1046,1,86.0,87.5,72.7
S2378,2,88.9,92.3,64.8
S2394,1,80.8,64.8,80.3
S2576,3,89.9,83.0,88.6
S2102,2,92.4,98.7,85.8
S1537,3,69.8,62.2,69.2
S1232,6,74.1,65.6,50.1
S2063,4,74.4,82.2,61.6
S2120,3,88.6,97.8,92.9
S2235,3,95.1,96.7,82.2
S2561,4,72.9,69.3,63.2
S2406,3,63.7,56.9,67.9
S1014,6,79.5,81.3,69.5
S1146,4,88.4,92.0,83.3
S2784,6,77.7,77.8,74.4
S2350,1,95.6,80.9,87.6
S2151,1,85.8,88.0,97.4
S2671,3,76.7,69.5,86.3
S2798,2,79.8,88.5,86.9
S2359,2,61.0,59.5,48.7
S1409,3,94.6,70.1,76.6
S2060,1,87.4,97.0,82.5
S1389,2,88.5,81.2,91.0
S2669,1,78.8,89.4,63.6
S2728,1,81.8,85.4,51.3
S2763,5,79.5,86.7,74.8
S2208,6,61.1,58.3,59.7
S2227,5,82.2,81.5,69.5
S2634,4,78.0,77.1,75.0
S2419,1,65.4,63.6,73.3
S1203,5,95.1,93.0,76.2
S2704,2,76.4,71.1,83.8
S2256,4,79.7,86.3,71.3
S1178,3,70.2,67.2,71.1
S2032,1,80.4,88.3,83.2
S2136,1,91.6,85.9,73.3
S2569,5,83.5,77.0,65.6
S2590,6,82.2,82.0,88.5
S2624,4,87.5,93.8,85.5
S1502,3,82.9,86.9,68.0
S1185,2,90.2,82.4,74.4
S2230,1,83.0,77.8,77.9
S2516,2,79.9,79.7,81.1
S2333,6,89.9,86.3,88.5
S2409,4,68.1,65.5,93.8
S2129,2,92.6,89.3,62.0
S1461,6,75.7,67.0,65.5
S2055,6,85.4,81.3,75.7
S2490,6,,89.7,68.8
S2567,3,79.2,99.8,80.1
S2335,6,86.2,99.0,79.9
S2198,5,86.2,77.8,93.9
S2579,2,65.3,40.1,66.0
S1409,4,,83.4,83.1
S2316,3,86.8,99.9,71.4
S2348,4,75.4,86.3,65.0
S2038,3,73.6,69.6,69.0
S2629,4,63.4,67.7,54.1
S1443,1,81.1,75.0,83.0
S2664,6,82.7,81.9,86.0
S2024,6,90.8,76.1,74.4
S1363,5,75.9,62.4,72.4
S2708,6,85.7,73.6,80.4
S1554,1,69.6,73.7,57.7
S2192,6,78.3,92.5,75.6
S2085,2,77.7,74.1,60.4
S2150,3,86.8,100.0,89.0
S1280,3,87.7,75.8,73.0
S2058,6,75.0,82.3,74.8
S1445,5,79.6,89.5,83.4
S2573,6,73.4,89.4,78.9
S2314,3,80.3,66.3,82.7
S2405,4,79.7,90.3,82.3
S2325,1,97.5,94.0,95.5
S1418,2,82.3,75.7,89.4
S2495,1,63.1,64.2,57.5
S1395,6,60.0,60.6,58.0
S1370,4,,78.4,91.1
S1370,5,71.1,89.6,90.3
S1555,3,81.2,70.5,74.5
S2637,5,72.5,98.4,66.9
S1598,2,73.6,64.9,74.7
S2744,4,79.7,71.8,74.2
S2417,6,85.4,94.4,55.5
S2774,1,77.1,78.1,70.7
S2225,4,86.8,88.7,79.5
S2586,4,88.2,85.0,79.3
S1015,2,,86.1,79.5
S1467,6,96.6,92.7,74.7
S2012,6,95.6,91.7,94.7
S2012,2,85.3,86.1,85.9
S2491,5,79.1,71.3,86.1
S1337,4,58.5,55.6,71.0
S2374,1,79.7,86.7,82.2
S1421,6,88.7,87.4,83.7
S2310,1,69.2,67.0,60.0
S2255,2,79.5,70.5,69.0
S2570,6,93.3,93.4,84.6
S2518,1,99.4,100.0,84.9
S2767,5,88.5,80.8,77.5
S1483,4,78.2,89.5,82.3
S2569,1,79.9,70.2,61.8
S2694,3,73.0,64.5,83.8
S1571,6,72.3,72.6,59.6
S2561,6,84.2,77.2,57.2
S2301,1,73.5,73.4,78.7
S2227,3,70.4,82.8,69.8
S2170,5,87.2,97.7,65.8
S2303,1,68.8,60.7,58.2
S1334,4,94.5,84.4,79.6
S2532,2,61.8,71.2,75.4
S1145,6,86.0,90.0,73.3
S1060,3,81.3,76.3,69.5
S2416,4,,100.0,74.9
S2658,3,94.9,85.1,65.7
S1213,4,86.5,88.0,69.3
S1316,1,76.6,68.5,65.3
S2459,3,96.3,94.9,79.0
S2686,4,70.1,70.7,60.7
S1594,6,,93.3,79.8
S2692,5,79.4,75.9,77.5
S2712,3,100.0,99.4,88.8
S2456,4,81.9,76.9,70.9
S2470,6,69.6,68.2,62.9
S1552,1,74.4,74.6,86.1
S2572,6,65.5,61.3,64.6
S1584,2,82.3,98.7,88.6
S2231,3,72.2,70.8,76.7
S1187,1,81.3,81.9,75.5
S2638,4,79.7,89.3,69.4
S2577,5,80.1,100.0,100.0
S2236,5,66.0,62.1,46.1
S2542,3,81.8,72.7,72.7
S2389,6,74.8,68.7,60.9
S2008,4,87.6,78.2,80.0
S1417,5,75.2,85.3,77.2
S2211,5,89.6,97.6,83.3
S2744,1,73.8,72.8,89.0
S2035,6,84.8,78.6,61.8
S2522,1,86.1,100.0,78.4
S2542,5,81.9,75.5,75.2
S2371,5,76.7,82.2,64.4
S1283,5,79.0,67.1,47.6
S2293,5,79.3,75.1,77.2
S1343,1,88.9,100.0,77.4
S1297,1,81.0,79.6,72.4
S2217,6,89.5,85.5,71.0
S1553,2,87.3,100.0,72.5
S2489,6,78.4,73.8,82.3
S2336,1,76.7,75.6,79.5
S1266,3,84.2,83.2,80.4
S1288,2,88.3,92.9,66.0
S2591,5,67.0,72.1,57.9
S2348,5,84.0,81.9,62.2
S2433,1,86.8,83.9,84.7
S1082,5,78.7,89.6,69.7
S2728,3,83.5,76.0,61.6
S1581,4,72.0,81.5,71.8
S1572,6,72.0,76.3,66.0
S2185,4,80.8,79.2,71.4
S2359,1,67.4,61.7,51.1
S1005,2,83.6,77.7,96.0
S2747,1,80.1,86.5,63.4
S1402,4,66.8,57.9,63.4
S1546,1,76.2,76.0,86.3
S1259,5,78.5,79.2,81.6
S2692,1,66.6,72.7,78.5
S2534,1,89.7,100.0,78.8
S2046,2,88.0,100.0,83.5
S1568,1,80.1,84.8,62.3
S2155,6,77.5,81.8,57.6
S1164,2,91.8,88.0,76.7
S1443,4,70.1,88.8,82.7
S1308,6,76.1,69.2,70.7
S2704,4,93.1,82.6,83.5
S2430,1,73.3,72.4,89.3
S2732,6,83.2,67.5,78.1
S2526,6,93.2,87.7,65.3
S2297,3,90.6,83.1,75.5
S1184,5,87.1,74.2,81.5
S1547,1,88.6,100.0,87.2
S2319,1,83.2,89.2,79.6
S2775,1,100.0,91.4,90.6
S2714,6,77.9,85.1,75.3
S2067,1,73.6,68.8,72.6
S1033,3,77.0,85.0,78.0
S1108,2,88.1,81.3,74.1
S1548,4,92.9,90.0,91.6
S1520,3,73.9,93.0,73.9
S1596,6,82.0,67.4,94.3
S2640,5,91.4,93.6,81.5
S2121,1,89.4,79.6,83.1
S2249,1,91.0,89.5,62.5
S1368,6,57.4,76.4,83.4
S2159,5,95.6,100.0,79.5
S2310,5,77.1,76.2,56.6
S2020,5,76.6,83.5,71.8
S1163,1,63.8,71.4,66.1
S2533,4,69.8,74.0,67.4
S1120,6,83.7,76.6,64.1
S2754,1,,92.6,75.5
S2050,3,74.2,78.0,70.3
S1468,2,80.1,72.6,71.3
S1428,5,81.4,77.6,81.7
S2071,6,94.6,100.0,89.0
S1006,3,84.2,78.2,80.3
S2590,5,79.7,89.1,94.8
S2078,2,69.0,62.9,50.6
S2621,2,89.5,92.7,87.4
S1283,6,75.9,73.0,56.0
S1466,3,89.3,71.9,80.7
S1371,3,88.5,88.7,84.1
S2028,3,90.9,92.0,73.7
S2045,3,69.1,82.6,61.7
S2546,6,82.1,67.5,79.8
S2232,3,73.1,73.6,59.9
S2715,2,79.5,80.6,59.6
S2027,3,78.4,75.3,74.9
S2411,6,87.2,96.5,74.7
S1538,6,89.9,89.0,72.7
S2370,2,80.7,85.2,77.2
S2464,6,83.0,88.9,59.2
S2051,5,77.2,88.9,79.3
S1380,4,91.2,100.0,90.6
S2249,4,80.3,100.0,56.2
S1234,4,84.6,81.8,77.0
S1124,2,77.3,90.8,75.1
S2112,1,81.8,86.2,83.6
S2328,1,88.9,87.5,77.5
S2042,6,69.2,88.3,66.7
S2537,5,82.3,96.9,86.7
S2419,4,76.7,71.5,59.9
S2615,5,85.0,100.0,78.3
S1113,3,86.0,82.1,80.4
S2550,1,90.3,75.0,66.0
S2195,2,82.5,92.5,83.5
S2041,2,80.9,83.0,80.2
S1303,4,88.0,82.0,88.3
S2455,1,88.0,79.1,83.2
S1287,4,74.6,85.4,80.9
S2693,1,79.2,76.2,76.9
S2176,4,81.3,68.0,74.9
S2464,2,88.5,79.8,65.5
S1351,1,77.1,82.5,71.7
S2674,1,79.2,100.0,73.8
S1351,2,82.2,77.5,70.2
S2103,2,71.0,65.9,46.1
S2268,1,81.6,94.4,80.3
S1259,1,80.9,79.3,85.3
S2568,5,87.5,86.6,93.6
S1554,6,68.6,73.7,58.1
S2595,2,95.5,100.0,89.5
S1060,2,82.3,87.5,76.5
S1244,4,92.5,75.8,89.4
S2741,2,66.4,76.7,57.8
S1537,5,73.2,76.8,85.5
S2483,1,76.2,81.8,60.7
S2380,1,68.3,71.7,63.6
S1292,6,80.8,78.5,66.3
S2395,1,87.4,83.0,82.4
S2345,1,85.7,80.4,82.0
S1296,3,88.2,91.8,80.1
S1200,3,78.2,84.2,67.5
S1314,1,72.0,66.9,71.7
S1337,1,63.5,59.6,77.6
S1335,2,82.5,84.6,80.2
S2049,6,68.3,64.8,73.2
S1540,4,82.0,87.8,65.4
S2138,3,87.7,83.7,84.0
S2191,5,89.4,92.0,78.4
S1347,3,100.0,93.3,78.1
S1067,1,86.5,100.0,95.3
S1465,5,93.1,100.0,84.0
S2289,5,74.3,73.1,69.3
S2079,5,84.2,87.1,78.3
S2705,6,91.0,91.8,80.7
S2300,5,75.5,81.3,66.9
S1254,2,84.8,67.8,88.7
S2417,3,91.1,95.9,64.8
S1230,5,76.2,75.9,65.3
S1171,4,69.1,68.5,58.4
S1432,2,66.6,75.5,62.1
S2350,3,100.0,91.5,84.1
S1477,2,85.7,92.3,93.9
S2432,4,99.3,89.3,89.3
S2681,3,72.7,77.4,73.3
S1272,4,80.9,95.3,89.6
S2155,3,70.8,84.9,60.1
S1588,2,87.0,78.4,81.4
S2367,5,83.7,77.2,73.1
S2002,2,82.3,91.1,82.7
S2750,5,86.9,86.7,91.0
S1040,1,97.2,93.0,94.2
S2410,5,73.8,72.7,77.9
S2033,5,91.9,94.9,91.3
S2087,3,85.4,91.9,68.0
S2034,3,74.2,90.4,76.8
S2686,3,76.5,80.3,45.6
S2515,6,91.2,100.0,84.1
S1325,5,85.0,94.8,73.5
S2744,5,82.5,80.6,84.3
S2338,6,51.0,52.9,55.5
S1583,1,89.6,79.7,90.9
S1446,2,79.2,79.7,70.2
S2659,5,75.7,70.1,81.0
S1371,5,,86.1,73.3
S1185,3,82.1,88.5,80.8
S2647,3,91.7,100.0,80.0
S1137,3,61.9,74.7,55.6
S2154,6,85.8,99.8,66.0
S2623,3,91.5,100.0,78.3
S2566,6,93.6,89.8,91.6
S2409,3,66.5,65.1,82.9
S2743,1,83.2,88.1,75.2
S1149,1,92.8,100.0,70.6
S1407,2,84.1,70.8,76.0
S1137,2,65.7,68.1,61.9
S1570,1,87.9,92.5,80.3
S1391,2,65.7,75.8,80.9
S2733,2,81.9,73.1,72.5
S1528,6,84.8,100.0,76.1
S2544,2,56.3,47.5,67.9
S2398,1,86.6,100.0,99.3
S1211,5,88.4,93.0,60.9
S2142,4,66.6,72.7,80.5
S2075,2,70.6,83.3,78.3
S2494,1,73.9,84.1,65.7
S2467,4,,78.2,88.6
S1205,5,94.1,93.6,88.3
S2305,2,72.5,68.0,64.1
S1009,5,73.9,64.3,69.5
S2311,5,81.1,69.3,71.6
S2470,2,72.8,82.3,75.7
S1027,4,68.8,83.4,57.6
S2338,3,54.4,52.4,56.0
S1265,4,77.2,79.8,71.9
S1265,6,75.8,69.4,58.9
S2264,3,73.6,81.3,75.2
S2222,4,78.7,77.4,61.5
S2044,1,70.0,77.0,59.2
S2234,4,87.3,84.6,74.9
S1472,3,70.7,71.0,65.7
S1073,5,80.8,76.5,71.3
S2413,4,76.4,98.3,71.7
S2047,3,71.1,60.2,56.8
S1265,5,83.6,69.3,69.2
S1464,3,87.1,95.8,92.0
S2630,5,84.6,70.4,55.2
S2517,5,82.6,80.0,83.4
S2514,4,86.9,64.7,82.9
S2188,6,65.8,60.7,44.3
S1163,2,78.5,77.6,58.3
S1207,3,86.5,86.8,86.4
S1492,6,72.9,78.2,53.7
S1391,3,85.3,74.6,86.6
S2441,5,66.8,72.0,61.2
S2691,4,93.0,97.9,91.4
S1250,4,73.1,71.7,72.8
S2158,4,75.9,90.5,72.2
S2110,4,93.3,100.0,99.6
S1404,5,74.1,70.3,78.4
S2743,4,76.7,80.0,73.6
S2395,2,77.9,78.8,79.6
S2702,3,85.2,94.5,76.2
S1349,5,72.9,89.8,84.4
S1336,6,85.4,88.9,77.4
S2651,5,92.8,95.9,83.8
S2504,6,83.4,83.2,71.3
S1032,2,76.2,85.8,73.3
S2349,5,66.2,68.2,62.3
S2010,2,96.9,97.0,76.1
S1572,1,80.1,79.2,67.5
S2295,6,80.8,76.9,66.0
S1231,2,58.8,61.0,63.2
S2527,6,81.0,83.5,83.2
S1069,6,83.6,86.2,76.1
S1557,1,69.6,78.4,83.6
S2002,1,82.4,79.9,80.1
S1530,2,,72.7,74.6
S2504,1,85.1,100.0,78.4
S2800,3,91.7,96.5,86.6
S2700,6,86.5,85.5,72.9
S1043,5,72.5,76.4,87.0
S2188,3,67.8,42.7,50.4
S1034,3,63.8,53.0,50.5
S1373,4,92.9,94.9,62.7
S2191,4,92.9,83.9,66.9
S1295,4,71.0,72.7,82.4
S2107,1,67.8,48.3,67.6
S2484,3,84.9,92.3,86.8
S1263,1,74.8,81.2,70.6
S1005,1,85.1,85.3,82.1
S2596,2,87.4,77.3,72.2
S1182,3,70.8,87.3,86.2
S2180,1,80.2,91.2,78.5
S1450,1,71.3,84.9,60.1
S2343,2,62.1,67.8,84.3
S1567,3,73.6,54.0,83.5
S1594,2,90.7,100.0,72.1
S2677,4,87.5,83.6,84.5
S1474,4,84.9,79.4,92.6
S1386,2,76.2,67.5,76.7
S2633,2,85.3,78.6,70.2
S1540,1,75.5,85.0,60.8
S2093,1,77.6,86.8,82.1
S1219,2,77.3,66.0,85.9
S1116,6,62.9,79.5,48.4
S2026,3,80.3,80.7,68.4
S1205,4,91.3,94.1,84.3
S1334,2,79.7,77.8,89.1
S1047,1,85.4,94.6,89.3
S2244,3,88.3,92.7,75.5
S2673,3,89.0,98.3,84.2
S2598,6,74.7,86.7,61.7
S2745,3,86.3,71.1,86.8
S2427,1,82.8,94.3,71.3
S2197,3,82.9,93.0,66.5
S2798,6,84.1,87.6,87.3
S2087,2,83.4,87.5,76.4
S2276,4,93.7,100.0,64.1
S1190,4,77.9,67.7,67.4
S1462,2,88.5,100.0,73.2
S2473,5,70.4,64.8,65.4
S2358,3,84.4,78.2,83.2
S1158,1,86.3,86.7,62.7
S2619,6,77.9,94.4,76.2
S2056,6,91.5,87.7,76.3
S1398,3,79.7,99.3,84.2
S1020,2,77.8,84.3,73.3
S2459,5,95.6,94.6,84.5
S1479,5,66.6,52.5,73.4
S1520,6,74.9,80.4,85.4
S2110,5,89.9,85.1,90.1
S2236,3,69.8,76.5,54.4
S2490,4,94.1,82.6,65.7
S1470,6,78.5,77.6,64.9
S2038,1,79.7,68.2,74.4
S2699,1,77.8,75.3,81.4
S2707,2,72.5,89.7,68.4
S2612,6,83.3,98.9,71.2
S2034,5,93.2,95.0,79.0
S1590,3,80.7,80.6,79.6
S2038,4,81.6,62.0,81.5
S2541,5,84.5,76.8,73.6
S2531,1,83.9,75.8,69.2
S2202,5,84.0,82.4,89.0
S1325,3,92.7,97.8,75.7
S2375,5,,65.4,78.7
S2289,1,87.6,82.1,73.3
S1582,3,86.4,96.4,84.0
S1269,3,83.6,91.1,81.6
S2765,1,75.0,88.0,72.9
S2180,4,86.7,96.1,85.8
S2575,5,67.8,84.8,60.7
S2194,4,,87.0,66.6
S1366,5,81.3,75.2,90.1
S2393,6,83.1,69.2,87.0
S1093,6,82.7,77.6,69.9
S2401,4,81.4,100.0,74.3
S1202,2,87.8,81.4,82.6
S2309,5,78.0,90.4,71.8
S1252,5,85.3,100.0,89.7
S2039,2,83.3,98.4,86.4
S2023,1,70.2,61.3,73.2
S2388,6,70.6,86.5,84.8
S1536,2,77.8,97.4,65.7
S2006,1,85.6,87.9,88.8
S2435,5,79.6,56.5,74.1
S2592,5,76.5,84.0,79.7
S1045,3,82.9,83.0,77.6
S1191,1,90.1,91.7,70.9
S1528,1,86.6,88.0,80.1
S2478,1,78.1,74.2,72.3
S2022,5,82.2,96.1,90.5
S1319,2,79.5,83.2,89.2
S2453,4,82.6,70.0,77.7
S2689,4,87.3,90.4,97.8
S1110,3,80.7,84.7,66.9
S2473,4,75.0,72.3,62.7
S2373,6,71.4,84.7,70.9
S1167,3,57.1,59.4,56.4
S2323,6,76.1,85.4,72.4
S1473,3,83.1,69.3,70.6
S2685,1,83.4,88.0,83.6
S1207,2,88.6,81.6,80.0
S2660,3,92.7,74.1,68.2
S2384,3,85.1,80.2,82.6
S2557,4,81.4,75.0,71.0
S1365,3,83.5,95.3,62.0
S1190,1,77.1,77.0,61.8
S1218,2,86.4,82.5,79.7
S1272,2,84.5,86.7,76.9
S2377,6,83.1,72.0,65.1
S1254,5,88.2,88.3,81.1
S1060,5,83.9,75.3,64.2
S1024,1,77.5,85.6,72.4
S1050,6,83.2,83.6,80.2
S1260,3,89.0,91.5,97.4
S1064,5,73.9,58.5,89.0
S2693,2,74.0,82.9,77.3
S2266,4,89.9,85.8,96.2
S2210,4,65.8,52.6,66.9
S2618,4,82.0,66.2,77.6
S2500,6,87.4,75.5,88.8
S2288,4,82.6,74.9,72.7
S2624,1,97.1,88.5,82.1
S2445,4,78.6,91.7,77.9
S2281,6,69.2,56.0,74.9
S2698,6,59.8,53.6,48.8
S1454,4,78.1,76.0,65.9
S1323,1,78.8,82.7,74.6
S2322,6,89.0,86.5,93.1
S2759,6,86.9,75.6,86.9
S1524,3,61.9,76.9,58.5
S2094,6,67.0,71.1,71.0
S2605,1,77.8,97.4,85.7
S2035,4,81.8,78.6,75.9
S2691,6,80.9,92.5,83.5
S2394,6,87.3,77.6,82.0
S2093,3,82.7,62.4,67.7
S2096,3,70.7,78.5,66.8
S1133,5,94.0,97.1,78.5
S1403,5,87.1,83.7,78.9
S1131,6,74.4,69.8,52.4
S1527,3,83.7,75.9,73.0
S1021,4,62.4,55.9,58.4
S1363,1,70.0,73.1,80.3
S2662,6,75.8,76.4,69.6
S2486,2,82.1,72.5,78.5
S2124,3,80.5,82.8,63.2
S1152,5,78.2,82.4,65.2
S1385,6,71.2,64.4,84.7
S2792,3,82.0,78.8,63.5
S2006,5,91.4,86.9,81.0
S1210,4,74.8,79.7,89.0
S2144,1,75.1,82.6,65.7
S1197,3,77.9,100.0,72.2
S2176,3,73.3,78.6,71.4
S2009,3,63.6,54.7,73.2
S1074,5,91.8,89.7,83.7
S2562,2,86.4,94.0,89.9
S1234,2,83.2,86.8,68.2
S1243,6,99.4,90.0,91.8
S2335,2,82.6,87.1,82.8
S1176,5,67.5,79.0,70.8
S2246,1,83.1,90.8,75.7
S1546,6,83.8,78.1,82.0
S2562,4,92.9,83.2,97.2
S2017,4,86.2,96.3,60.5
S2027,4,81.6,69.5,82.5
S1155,6,92.2,99.9,80.5
S2473,6,,84.1,74.6
S1305,6,93.7,84.6,98.7
S2800,4,82.7,91.5,83.3
S2265,3,89.6,97.9,70.0
S2104,4,94.5,100.0,81.6
S1592,1,71.7,83.5,83.4
S2618,2,85.0,74.2,72.0
S2408,3,,92.9,73.2
S1336,2,84.6,75.5,77.0
S2589,1,71.4,82.7,81.5
S1537,4,63.9,73.5,74.7
S1435,3,84.4,88.9,72.3
S1545,1,81.2,92.1,67.4
S2222,3,82.6,80.9,53.4
S1160,2,83.8,88.5,67.1
S2506,1,76.8,94.9,68.0
S1002,1,88.4,77.2,69.1
S1497,5,91.2,100.0,91.2
S1561,2,80.3,87.9,76.2
S2196,5,79.9,100.0,76.1
S1324,6,61.1,63.8,68.4
S2326,1,73.5,66.3,74.3
S1273,4,84.0,85.2,79.6
S2678,4,74.0,70.8,71.7
S2563,5,87.3,87.8,74.1
S2372,3,83.4,91.7,78.6
S1346,1,79.8,68.0,64.0
S1523,3,81.7,89.8,87.1
S2365,3,86.3,77.9,82.6
S1374,5,72.1,66.4,62.5
S1246,5,77.1,84.5,80.6
S2525,3,88.2,84.1,92.5
S1315,6,74.5,80.5,82.2
S1573,4,91.7,67.1,81.3
S2344,5,83.4,92.5,81.7
S2018,4,66.6,77.5,71.2
S1337,6,60.6,65.9,70.1
S2071,1,95.7,88.4,89.1
S2590,4,85.0,90.6,83.0
S2482,3,77.7,84.4,78.1
S2566,3,86.3,75.3,87.7
S1444,1,97.9,93.1,82.7
S1189,3,86.3,86.8,75.4
S2315,1,77.3,86.8,71.1
S1304,2,91.5,100.0,91.7
S2330,3,76.5,86.2,73.1
S2120,5,94.6,100.0,83.7
S2784,5,77.8,78.6,66.8
S2091,5,91.3,87.9,63.8
S2179,2,63.4,76.0,75.0
S1207,1,79.2,75.6,82.5
S2758,6,86.5,94.2,85.4
S1381,3,88.5,89.9,84.6
S2429,3,68.5,82.1,68.8
S2723,3,92.3,89.3,89.2
S2083,2,91.6,84.2,85.0
S2280,4,77.8,89.0,81.2
S2685,6,86.8,92.3,85.2
S1065,3,75.7,77.2,50.6
S1272,3,80.1,82.7,78.4
S1598,4,74.9,72.4,83.0
S2404,3,73.1,69.5,74.6
S1453,3,79.4,81.9,65.4
S2535,5,67.1,57.0,65.6
S2480,1,86.8,81.7,87.1
S2723,6,85.7,91.7,80.0
S1532,4,89.4,94.0,93.7
S2118,4,88.8,93.0,81.6
S1152,4,85.3,75.0,73.0
S2545,5,85.8,79.5,68.1
S1312,1,96.7,92.6,98.6
S1308,1,66.2,73.4,69.1
S1417,2,79.9,84.1,87.5
S2638,3,75.3,97.3,81.1
S2382,5,82.5,91.1,65.2
S2589,6,77.4,73.7,67.6
S2243,3,88.4,82.4,83.9
S2068,5,77.9,79.3,83.1
S1451,3,85.6,88.5,82.0
S2643,6,70.2,64.3,63.3
S1056,2,89.0,90.2,83.4
S2375,4,68.0,63.9,72.0
S2293,6,81.3,70.6,87.1
S1410,6,75.9,89.7,88.1
S1296,5,90.4,87.0,89.0
S2344,6,79.1,82.7,79.5
S2391,6,84.9,96.2,78.3
S1448,5,76.4,74.4,66.7
S2675,2,87.9,96.0,93.7
S2628,6,84.1,84.9,79.7
S2514,2,70.4,88.6,77.0
S2566,5,85.3,82.5,95.4
S2558,1,86.6,77.3,71.7
S2481,6,78.6,84.9,86.9
S2540,4,84.7,81.3,79.3
S1029,6,73.3,77.0,79.3
S2652,2,76.5,78.1,74.3
S2170,2,91.0,100.0,82.3
S1554,4,68.3,81.5,58.6
S2280,5,74.7,79.2,78.2
S1563,1,90.2,87.8,77.1
S1552,6,74.9,76.2,81.7
S2307,6,87.5,100.0,76.3
S2516,1,92.1,80.6,80.9
S2586,1,91.0,100.0,69.3
S2412,5,91.1,95.7,74.7
S2180,6,91.6,96.3,73.8
S1568,2,78.5,75.7,69.1
S1004,1,82.0,100.0,80.6
S2016,2,78.2,64.6,72.5
S2544,5,56.5,47.9,75.2
S2083,5,77.1,89.3,90.3
S2005,5,93.9,88.2,78.3
S2597,5,100.0,100.0,79.6
S1363,3,67.1,77.2,75.6
S1227,1,79.6,87.1,77.5
S2234,5,80.2,72.8,69.5
S2769,5,66.9,76.0,72.7
S1519,5,80.8,77.8,55.2
S1031,3,82.2,76.0,76.3
S2582,1,71.5,78.9,69.6
S2596,4,79.1,80.7,60.3
S1303,1,84.6,94.4,85.0
S2379,2,84.4,84.7,87.1
S2780,3,84.4,73.8,72.1
S2219,5,68.5,87.4,73.9
S1301,1,84.8,86.2,79.3
S1405,6,73.8,77.4,57.4
S2587,2,,75.8,69.0
S2333,4,89.7,82.3,76.3
S2705,1,88.3,100.0,89.8
S2455,6,85.6,81.6,86.2
S2410,2,78.4,81.2,75.5
S2585,2,92.5,85.8,90.1
S2232,2,81.9,78.0,81.2
S1359,4,85.7,77.8,64.6
S2176,1,79.5,75.1,74.3
S1194,2,88.5,76.5,89.9
S1203,2,81.4,79.4,90.3
S2729,2,90.0,100.0,96.9
S1221,6,100.0,100.0,95.7
S2793,2,76.2,86.4,67.0
S2747,2,75.9,90.0,69.4
S2200,3,81.8,71.6,77.3
S1243,4,89.1,90.3,84.8
S2288,2,85.6,73.8,72.8
S2228,1,53.3,58.0,75.9
S2696,2,67.0,71.4,58.4
S1275,1,88.3,79.8,73.7
S1357,5,92.3,90.9,85.5
S2157,1,84.9,84.4,63.6
S2143,6,77.2,84.4,75.7
S2622,2,76.1,96.9,67.5
S2130,5,78.1,70.4,79.3
S1122,4,84.6,96.7,74.8
S2127,2,88.4,93.6,89.1
S2518,4,97.6,100.0,79.4
S1323,5,86.4,76.1,86.5
S2033,2,83.7,87.0,91.2
S2023,5,67.2,70.8,70.5
S2703,4,84.4,89.1,78.9
S2482,1,83.7,77.0,71.1
S1186,1,85.7,76.1,85.6
S2629,3,79.1,75.3,61.8
S1500,5,75.3,86.7,90.9
S1400,1,91.5,100.0,87.6
S1198,4,97.2,100.0,84.1
S1335,4,81.2,92.0,83.2
S1033,2,84.3,66.2,72.8
S2617,4,80.7,84.4,83.6
S1097,3,80.6,72.2,78.7
S1129,4,79.1,72.9,66.8
S1400,2,98.1,100.0,91.3
S1247,3,74.2,65.4,85.7
S1308,5,69.6,68.7,70.5
S2665,1,89.9,82.7,76.8
S2113,3,85.3,82.4,74.7
S2024,3,78.1,80.8,67.6
S2167,5,82.7,77.9,75.1
S2373,4,78.5,84.5,79.1
S2408,2,87.0,100.0,80.7
S2220,2,69.5,68.4,54.6
S1346,4,78.1,63.4,51.6
S2193,3,88.6,88.7,89.4
S1317,1,87.2,92.4,76.2
S2515,3,89.5,98.0,78.1
S2010,6,91.2,90.4,77.8
S1397,4,73.7,86.3,84.3
S1242,2,79.3,67.6,59.5
S2097,4,88.4,94.6,92.0
S2734,3,83.9,73.8,74.8
S1422,2,68.7,86.9,66.9
S1122,2,91.2,95.4,64.0
S2163,6,80.3,75.5,75.7
S1163,5,75.6,76.3,66.3
S2468,6,79.0,100.0,89.2
S1587,1,84.5,87.8,58.8
S2390,5,91.2,94.7,84.7
S2057,5,88.2,94.6,84.1
S1217,4,88.9,82.4,66.1
S1225,5,87.8,91.9,78.6
S1111,1,78.2,84.2,71.8
S1249,5,87.4,91.1,67.8
S2421,2,77.3,74.2,74.8
S2454,6,90.8,92.5,69.1
S2508,5,92.5,79.2,83.7
S2260,1,62.9,55.3,67.1
S1386,6,81.9,72.0,72.1
S2785,5,95.8,91.0,79.3
S2780,4,69.8,60.3,70.7
S1181,6,75.1,81.0,77.2
S1421,5,80.9,80.0,78.0
S2493,5,77.7,70.1,84.9
S1534,1,90.8,94.2,90.4
S2509,6,64.3,47.4,68.3
S2429,2,79.2,82.2,61.7
S1012,2,70.5,64.3,62.2
S2104,1,87.7,98.1,71.8
S1379,2,62.8,65.0,61.2
S2470,1,80.3,72.7,74.1
S2602,4,,86.0,94.6
S2592,1,78.5,77.9,89.0
S2660,5,84.2,93.1,68.6
S1575,4,86.6,91.8,86.2
S1395,4,74.1,70.2,59.0
S2300,3,66.9,74.3,72.6
S2413,3,83.1,84.5,67.6
S1419,5,65.0,82.2,74.6
S1454,6,69.2,78.9,78.3
S2687,2,65.6,65.4,60.1
S2618,5,81.0,79.6,72.8
S1191,4,81.5,93.7,64.9
S2576,2,83.8,89.0,79.5
S2442,1,87.8,83.1,85.1
S2696,5,74.6,77.9,60.6
S2189,1,87.5,79.8,90.5
S2340,1,96.9,82.1,69.3
S2032,4,86.5,89.0,84.2
S1371,1,87.6,87.0,84.0
S2246,6,90.2,87.3,86.2
S1389,4,78.7,90.5,98.4
S2477,5,87.1,76.9,83.7
S2401,6,76.1,86.0,77.8
S2728,2,,90.6,60.1
S2082,3,68.5,73.7,73.2
S1328,6,80.5,95.2,56.3
S2632,4,84.4,84.4,79.3
S2583,4,77.5,71.0,83.4
S2781,6,80.3,84.7,82.7
S2128,4,86.8,87.4,82.5
S1071,4,87.9,97.3,75.3
S2709,4,90.1,84.2,100.0
S1318,3,85.1,88.9,73.8
S1100,2,84.9,83.6,90.8
S2053,6,88.6,85.2,80.3
S2004,1,83.1,91.1,81.7
S1140,6,84.9,86.5,100.0
S2167,1,83.1,84.5,74.7
S2707,3,74.2,75.1,72.3
S1024,4,82.9,80.7,72.1
S2649,1,92.2,93.4,82.5
S1230,4,74.4,82.4,77.7
S2013,3,86.6,94.7,84.7
S2576,5,80.8,77.1,85.3
S2191,2,,90.6,76.2
S2035,5,79.6,83.4,72.4
S1190,5,77.6,81.7,66.1
S1377,2,85.0,100.0,76.9
S2378,4,87.6,100.0,56.4
S1298,6,82.1,73.2,76.1
S2057,3,96.6,100.0,73.4
S2385,5,60.3,79.4,62.4
S2175,3,85.1,85.5,80.2
S1077,4,87.2,84.4,93.0
S2775,3,94.3,81.6,92.4
S1159,1,73.1,79.1,63.9
S2017,5,85.8,73.4,60.4
S1223,5,76.9,62.1,72.6
S2172,3,77.5,81.3,58.6
S2604,3,88.9,81.0,79.0
S1268,1,78.1,69.8,64.9
S1374,1,69.6,69.1,55.1
S1107,4,93.7,95.5,77.2
S2052,6,67.1,58.9,54.4
S2039,3,80.7,86.7,96.4
S2743,5,80.9,79.0,70.3
S2391,5,80.9,90.1,75.0
S2447,6,73.8,72.0,80.1
S1179,3,92.0,80.8,87.5
S1026,6,81.1,98.4,93.2
S1383,4,76.6,69.0,80.1
S2601,5,78.2,79.7,71.7
S2164,1,85.1,77.1,82.5
S1182,4,74.7,82.8,75.3
S1491,1,73.7,67.6,78.5
S2678,1,70.3,81.4,68.1
S2131,5,67.5,74.3,48.5
S1156,1,82.1,95.7,82.3
S1485,6,86.7,76.6,80.8
S2376,1,68.9,70.0,63.1
S1150,2,70.9,71.3,83.2
S1542,2,86.7,92.7,91.6
S1388,5,88.6,72.7,70.8
S2525,4,91.2,85.7,84.1
S2510,6,86.9,80.6,79.3
S2240,5,,89.1,69.1
S2740,5,93.1,94.7,90.1
S2705,2,89.6,87.9,84.1
S1286,6,90.1,78.4,66.1
S1284,1,76.1,79.2,62.6
S2797,5,91.3,100.0,85.6
S2425,4,82.7,80.3,52.4
S2039,4,88.8,84.2,83.3
S1559,1,81.3,75.9,78.8
S2772,2,85.2,91.4,84.7
S1165,2,82.5,83.4,59.2
S1304,4,87.6,94.4,92.0
S2730,3,88.2,91.9,69.5
S1098,6,68.8,83.0,65.5
S2247,2,74.5,64.2,63.8
S2452,4,72.2,66.7,74.0
S2772,6,94.0,89.3,81.2
S2363,3,87.3,98.1,88.0
S2643,2,70.5,59.7,45.9
S1593,6,85.4,75.9,70.8
S1233,4,76.7,61.0,75.2
S1045,1,81.8,85.7,81.7
S1592,2,70.5,71.6,82.0
S2349,1,71.4,71.0,58.2
S2238,4,79.3,93.5,78.1
S2470,3,74.0,72.0,71.8
S2045,1,78.9,74.3,60.2
S2655,5,71.6,62.7,60.0
S1401,1,89.4,87.1,79.0
S2495,5,60.3,71.2,60.6
S2019,4,77.5,89.3,73.4
S1042,1,78.7,92.7,93.5
S1266,5,81.5,97.8,80.7
S1255,6,79.0,84.5,70.2
S2425,3,70.2,74.1,52.8
S1154,6,92.5,81.2,75.7
S2792,1,90.0,76.4,69.1
S2128,3,67.6,96.2,76.4
S1112,4,77.3,77.4,75.2
S2001,5,91.4,96.3,76.2
S2252,3,64.3,59.1,67.9
S1319,3,84.1,86.0,75.6
S2533,1,81.3,83.0,71.2
S2275,5,95.2,85.5,90.8
S2060,5,81.0,98.3,79.5
S1450,3,68.9,70.3,57.2
S1432,6,70.7,66.7,67.4
S1297,6,82.3,76.2,79.6
S1503,2,72.9,75.1,76.3
S1385,4,75.7,73.7,75.9
S2507,1,70.6,73.1,76.7
S2016,1,75.3,70.6,62.3
S1115,4,78.2,69.4,66.9
S1103,1,84.1,92.0,86.3
S2653,4,89.8,95.1,90.1
S1534,3,92.7,93.9,87.2
S1378,6,91.9,76.9,77.0
S2619,2,82.4,93.9,77.2
S1317,3,86.0,97.1,68.4
S2360,2,73.4,80.9,77.5
S1044,1,66.8,72.4,68.8
S1488,3,94.5,100.0,72.9
S2224,6,71.4,76.3,77.5
S1471,3,87.6,94.8,82.7
S1557,4,80.0,75.0,76.5
S1588,4,79.2,81.9,86.4
S2161,4,87.5,84.6,72.7
S2289,2,79.7,74.4,71.6
S2271,4,64.3,72.8,84.4
S1381,6,77.1,78.1,85.9
S2677,2,96.5,80.0,85.4
S2609,4,77.7,82.7,67.9
S1081,5,80.7,74.5,70.1
S1369,4,86.0,93.8,80.2
S2303,5,64.3,65.9,63.9
S2340,2,96.0,94.1,75.3
S1426,6,88.6,87.7,68.4
S1002,2,83.6,79.5,75.3
S2010,4,81.4,100.0,79.9
S2681,2,82.6,86.9,72.9
S2213,3,77.8,84.6,77.9
S2134,5,86.6,84.5,69.8
S2621,3,82.0,98.9,86.8
S1405,3,70.6,84.0,74.2
S1303,3,100.0,82.2,94.8
S2787,3,79.5,84.1,55.3
S1380,1,89.7,93.4,91.7
S1169,4,74.0,58.1,63.1
S2426,6,68.0,85.0,90.7
S1178,6,70.7,81.7,70.1
S1332,6,88.0,91.3,89.7
S2062,5,78.9,84.5,69.1
S2655,6,69.0,66.9,66.5
S2478,4,75.4,81.6,77.1
S2722,3,67.4,76.4,71.6
S2726,1,89.5,85.1,84.3
S2750,1,82.3,98.1,86.5
S1509,1,74.3,69.1,80.5
S1131,2,69.7,60.4,60.2
S1446,6,75.3,76.2,70.6
S1292,4,83.8,80.3,67.8
S1466,2,88.9,75.8,71.6
S2230,6,81.3,72.0,82.9
S1182,6,75.9,78.4,82.3
S2447,4,76.2,83.1,65.7
S2677,5,86.3,88.3,81.2
S2686,6,71.0,85.9,53.9
S2627,6,87.6,100.0,76.7
S2243,4,82.0,83.6,81.4
S1435,5,81.8,81.4,68.2
S2640,2,91.3,94.0,89.9
S1382,5,78.7,94.2,78.5
S1288,6,86.0,86.5,80.6
S1102,5,89.4,93.9,100.0
S2178,5,70.7,76.8,60.2
S2465,1,87.7,95.2,93.8
S1058,2,57.7,54.1,53.1
S2460,1,75.5,85.9,73.3
S2580,1,91.4,86.2,68.9
S2026,1,73.7,64.1,63.5
S2540,6,84.4,76.6,89.9
S2720,1,82.8,74.5,84.9
S1536,6,79.1,87.7,69.1
S1017,2,76.0,82.6,76.2
S2353,5,83.0,70.7,71.7
S2263,5,73.3,78.9,64.4
S1257,2,81.4,86.0,76.7
S1599,1,75.5,69.2,59.0
S2322,3,76.4,91.2,84.7
S2009,1,66.6,63.8,57.3
S2603,6,70.9,67.3,66.0
S2521,6,84.3,82.9,64.4
S1253,6,67.3,57.2,76.5
S2244,4,79.2,79.7,91.3
S2731,5,84.2,100.0,97.2
S2171,5,79.7,79.8,73.0
S2113,1,80.7,88.0,66.7
S2012,4,93.3,91.3,80.5
S1349,3,82.9,86.6,83.6
S1096,3,80.5,70.6,77.7
S2778,1,99.9,83.5,84.3
S2548,2,73.7,72.8,82.7
S2656,1,78.1,87.4,78.0
S1511,3,69.5,54.2,73.8
S2659,4,75.7,87.0,86.4
S2497,2,52.7,52.1,40.4
S2385,3,77.2,81.5,55.7
S2739,5,76.5,97.2,89.5
S2415,3,60.4,62.3,70.9
S2147,4,76.2,96.8,75.6
S2250,1,62.4,83.8,65.6
S1062,5,90.4,92.8,72.4
S1324,1,63.3,69.7,59.2
S2472,3,86.7,90.4,86.7
S2704,5,86.7,67.3,81.4
S2012,5,92.8,92.2,97.1
S2009,5,72.1,46.6,72.0
S2267,6,67.4,63.6,57.7
S1394,4,80.5,88.9,94.9
S2111,1,76.8,78.0,73.8
S2306,3,80.3,84.6,67.4
S2232,6,73.2,74.3,85.7
S2613,3,66.8,66.6,65.4
S2762,4,77.8,67.9,75.6
S2023,6,75.3,76.0,67.6
S2685,2,77.7,81.9,71.4
S2445,5,88.7,97.4,83.8
S2452,3,67.8,77.7,74.5
S1196,2,61.6,54.4,61.2
S2418,5,76.1,71.2,69.1
S1238,1,89.5,87.1,71.2
S2757,2,80.7,92.2,70.0
S2731,6,85.7,100.0,80.7
S2396,3,80.1,88.7,74.0
S1146,5,84.1,92.5,83.5
S1383,6,75.3,73.5,84.2
S1441,4,78.7,83.9,83.8
S2709,5,85.3,95.5,95.6
S2292,2,83.7,88.0,64.0
S1141,1,82.9,86.5,70.0
S1097,6,,74.6,69.0
S1035,1,85.2,89.4,78.8
S1274,4,64.3,63.4,39.8
S1336,5,80.6,75.2,74.2
S1543,2,82.0,100.0,82.7
S2759,2,80.7,79.5,88.1
S1151,6,100.0,100.0,84.9
S1106,2,63.6,66.2,62.5
S2476,1,80.0,81.4,81.7
S2373,1,77.2,80.5,71.5
S1330,1,80.0,84.7,85.2
S1028,1,81.1,92.3,75.1
S2234,1,86.1,93.0,84.7
S2435,1,78.9,85.3,75.6
S2758,5,88.8,75.9,84.1
S2365,4,85.5,73.9,79.0
S2186,4,96.7,83.8,83.1
S1146,6,89.1,88.8,90.4
S1239,4,76.1,88.7,73.6
S2174,6,87.3,91.0,81.4
S2247,5,68.2,80.9,63.6
S2673,1,93.2,91.2,86.4
S2347,5,93.3,81.4,82.5
S2366,4,75.7,67.6,66.2
S2756,2,79.8,77.5,76.6
S1477,1,95.7,89.8,82.7
S1311,2,73.6,74.2,73.9
S1444,2,97.5,87.6,86.3
S1565,1,79.0,71.0,63.3
S2778,5,90.5,93.3,88.4
S2424,1,74.8,74.9,75.1
S2457,2,64.5,80.9,77.0
S2189,6,79.8,82.4,86.0
S2637,1,84.3,86.2,75.7
S2457,1,67.6,64.3,75.0
S1350,3,83.4,90.9,89.9
S1334,6,92.1,79.9,82.7
S2431,1,71.8,86.5,84.3
S2237,2,73.6,68.4,68.3
S1092,1,85.9,92.1,83.4
S1242,4,65.9,65.1,63.5
S2451,3,91.9,89.2,85.3
S1436,1,83.4,85.1,94.1
S1317,5,83.7,95.7,73.0
S1460,4,81.5,72.4,57.4
S1315,2,83.3,82.1,77.8
S2548,3,73.9,66.5,83.1
S1350,4,77.3,95.5,82.1
S2715,1,81.1,85.7,71.0
S2758,4,85.3,71.8,88.4
S1140,3,85.0,98.1,100.0
S1579,4,83.0,78.2,66.9
S2183,6,70.6,86.8,78.3
S2603,3,65.7,68.6,57.8
S1362,6,82.3,76.8,79.4
S2699,3,73.1,79.6,82.3
S2737,6,83.9,75.2,77.8
S1067,3,83.8,89.2,95.6
S1336,1,77.9,86.7,82.1
S2262,1,73.5,77.5,57.8
S1359,5,79.1,77.9,76.1
S1214,6,77.6,82.2,78.6
S2468,5,91.6,97.2,97.4
S2507,6,70.4,72.1,72.6
S2110,3,84.9,89.7,94.8
S1307,1,86.3,83.5,72.2
S2654,4,57.6,73.8,77.0
S1170,6,83.1,78.2,73.3
S2496,3,91.4,95.1,70.3
S1222,1,90.3,89.5,78.5
S2397,1,67.6,86.9,89.1
S1080,2,86.6,76.9,78.4
S1469,3,85.9,92.1,64.7
S2538,1,63.9,65.0,53.3
S1276,2,76.9,86.4,78.9
S2785,3,93.9,87.6,89.8
S2691,5,,94.5,80.6
S1422,3,73.6,79.4,65.3
S1202,1,80.1,90.1,92.4
S2403,6,83.0,80.4,63.7
S2312,4,82.2,60.6,83.8
S2740,4,93.7,81.7,92.1
S2565,1,86.6,81.3,82.7
S2357,3,80.1,78.3,81.4
S1145,4,86.7,100.0,84.3
S1496,5,68.5,69.0,68.3
S2793,6,73.7,92.6,68.1
S2249,6,88.6,93.1,63.3
S2306,4,75.1,88.8,64.9
S1091,2,88.5,100.0,77.5
S2266,6,86.2,79.7,94.2
S1189,5,83.0,86.8,77.0
S2679,2,91.1,78.4,60.6
S1566,1,61.3,66.9,50.8
S2490,2,86.9,76.2,72.3
S1494,5,77.4,100.0,88.4
S2093,4,78.8,72.7,78.4
S1544,2,,86.1,74.2
S2384,2,87.9,85.2,77.4
S1431,4,72.6,68.5,67.1
S2574,1,71.8,69.6,68.9
S2709,6,90.1,84.9,89.2
S2263,3,82.4,82.9,72.0
S2444,1,,97.5,73.6
S1598,5,80.0,81.5,63.2
S2698,4,61.7,58.7,50.3
S2609,1,71.8,67.7,77.8
S2686,1,72.7,72.9,52.4
S1439,3,79.1,79.2,77.8
S2610,6,84.3,82.4,87.9
S2513,5,95.3,93.7,94.7
S2240,3,85.1,95.8,73.4
S1181,1,91.1,82.2,88.7
S2114,6,86.6,97.3,75.6
S1348,4,91.9,100.0,82.3
S1409,5,81.3,74.5,84.8
S2228,5,55.0,59.2,59.8
S1338,2,81.9,87.7,81.6
S2558,5,81.2,83.3,68.1
S2632,1,78.1,87.0,78.8
S2563,4,80.5,84.2,78.5
S1038,5,86.8,81.3,85.0
S1169,6,73.0,73.1,58.4
S1322,4,63.5,77.8,77.1
S2767,1,75.5,83.9,91.5
S2276,2,94.0,74.8,73.8
S1235,1,69.1,57.9,59.6
S1364,2,83.1,93.4,74.3
S1117,2,83.3,77.6,68.6
S1188,3,93.8,100.0,67.0
S2050,2,85.1,62.1,60.8
S2423,3,77.8,73.7,92.0
S2252,5,68.2,59.3,71.2
S1297,3,75.7,85.7,68.9
S2368,3,86.3,97.4,94.9
S1440,1,91.0,79.4,62.2
S1582,4,85.2,88.7,88.1
S1173,6,,74.2,53.4
S1377,1,88.3,98.7,82.5
S2461,2,85.8,72.0,78.1
S1436,4,79.6,85.0,80.8
S1053,2,81.3,88.5,92.9
S1442,4,74.6,84.8,63.8
S1381,2,82.3,90.9,91.3
S2639,5,75.2,66.9,67.0
S1425,4,90.9,80.8,76.8
S2761,1,89.3,86.8,86.1
S2256,3,80.7,88.2,58.6
S1360,6,60.6,75.3,76.9
S1523,6,90.7,95.0,83.4
S2657,3,89.3,90.5,82.0
S2062,2,87.4,88.8,82.5
S1239,1,79.8,70.9,68.1
S2476,4,85.9,75.7,87.4
S1421,1,84.5,79.9,79.6
S2374,6,72.4,78.1,78.3
S2496,5,86.2,99.5,78.0
S2520,5,75.7,97.0,87.0
S2538,5,63.7,46.2,55.9
S2334,5,75.4,67.6,50.7
S1075,5,70.8,77.8,73.9
S2357,6,77.9,79.7,74.5
S1215,1,83.7,83.2,70.5
S2022,2,83.7,100.0,92.9
S1061,2,82.0,74.5,59.8
S2618,6,82.7,77.1,75.9
S2605,4,83.3,86.4,83.1
S1411,1,74.9,66.9,77.9
S1004,5,89.7,98.6,79.4
S1345,3,67.5,85.0,63.1
S1276,4,80.1,91.6,71.4
S1118,1,89.4,86.8,88.4
S2497,1,48.5,45.6,40.5
S1458,2,80.4,67.2,66.2
S1230,3,82.0,83.8,67.9
S2630,1,73.3,66.0,63.4
S1412,3,79.1,87.9,80.4
S2026,5,81.7,76.0,72.3
S1388,4,90.5,86.1,81.0
S1077,5,89.0,81.3,100.0
S2261,4,74.2,71.2,73.9
S2098,2,82.2,83.4,69.9
S2642,2,82.9,72.3,69.4
S2081,3,83.8,85.2,72.2
S1248,5,,79.5,72.5
S2014,1,73.8,79.9,72.7
S1048,1,60.1,46.8,60.8
S2160,5,87.9,94.2,67.8
S2119,1,90.3,93.1,84.6
S2211,6,92.3,97.1,85.9
S1590,4,82.4,88.5,82.8
S2465,6,84.2,99.1,89.3
S1431,2,67.7,68.3,67.3
S1229,1,83.0,100.0,89.9
S2763,6,85.1,81.9,82.7
S2480,2,81.8,82.3,78.6
S1100,4,82.3,67.0,79.9
S2126,2,72.7,73.3,54.6
S2629,2,76.9,65.8,59.9
S2194,1,84.4,81.5,69.6
S1108,5,80.9,85.5,80.5
S2798,5,89.6,90.7,91.6
S2388,4,74.3,89.3,71.9
S1579,1,84.7,79.3,71.9
S2369,5,58.1,66.8,45.7
S1499,3,100.0,100.0,74.1
S2746,4,74.5,70.6,72.0
S2213,4,71.2,69.4,70.7
S1425,1,91.8,80.0,71.1
S2526,3,90.3,86.8,66.7
S2291,2,85.4,95.7,73.2
S2510,1,92.9,77.3,81.4
S2078,5,77.7,77.0,56.3
S2065,5,88.6,72.1,66.8
S1361,1,90.8,89.7,89.2
S1115,2,71.3,80.2,73.7
S1541,4,84.2,81.0,71.5
S2571,4,69.9,55.5,47.1
S2081,4,95.5,82.3,76.5
S1473,6,83.3,68.2,76.4
S2017,2,78.9,83.5,71.2
S2224,4,81.3,77.5,70.5
S2725,6,67.4,72.5,78.0
S2365,1,90.0,82.2,76.2
S2074,3,78.5,64.0,77.3
S1372,5,65.1,71.2,62.7
S2506,2,83.4,99.6,75.7
S1387,5,84.9,85.3,90.1
S2214,1,89.7,89.6,79.4
S1087,6,72.9,87.7,65.7
S1088,1,72.5,60.2,84.7
S2291,6,82.4,92.1,80.1
S2581,2,82.8,100.0,100.0
S2617,3,83.6,87.2,65.7
S2616,5,80.3,78.6,68.1
S2543,4,98.2,100.0,97.6
S1131,1,61.8,61.2,57.1
S2583,2,76.5,79.5,81.1
S2427,6,93.7,88.6,65.4
S2335,4,94.2,100.0,72.0
S1109,4,78.3,79.1,77.0
S1367,1,72.3,80.8,87.6
S1062,4,92.5,96.7,84.1
S2644,5,82.8,83.9,79.9
S2103,3,71.1,78.2,55.4
S1063,6,69.7,79.2,84.8
S2466,1,90.3,89.2,75.5
S1370,3,100.0,73.0,91.5
S2553,4,67.9,70.8,50.6
S1269,6,79.7,92.1,76.7
S2757,3,80.3,97.8,70.4
S2006,3,88.9,97.3,97.6
S1161,3,66.6,81.2,67.5
S2760,6,77.4,67.3,64.8
S2794,5,90.3,91.1,61.6
S2554,4,86.2,92.9,77.0
S2428,1,80.2,81.7,92.2
S1060,6,76.3,84.6,70.4
S2040,6,76.4,84.7,85.7
S2689,6,94.3,77.0,80.7
S1208,5,87.2,100.0,86.4
S2457,4,68.5,78.7,78.5
S2248,6,87.7,67.6,63.7
S2016,5,71.0,69.4,66.5
S2676,3,,68.1,77.9
S2511,1,86.0,87.2,80.4
S1428,6,73.3,78.3,78.6
S1571,4,65.6,69.1,57.4
S1340,4,82.0,88.1,81.8
S1129,5,76.6,80.1,69.2
S2297,5,79.2,86.8,81.7
S2779,1,87.0,96.1,90.3
S1594,5,88.7,91.7,71.7
S1094,5,74.6,67.3,77.9
S1425,3,93.1,74.9,84.2
S2319,3,92.3,86.5,86.2
S2289,3,77.5,78.2,73.2
S2404,4,73.1,80.4,76.3
S2156,2,85.8,93.3,86.2
S1280,1,87.9,83.1,92.5
S1061,6,74.9,85.7,55.8
S2396,1,76.6,84.1,75.0
S2779,6,89.9,84.8,83.0
S2122,2,90.0,81.5,72.6
S1025,4,90.8,91.5,67.9
S2729,6,96.4,99.3,86.6
S1515,5,50.4,62.6,61.4
S2593,2,73.1,72.0,79.8
S1068,6,93.9,89.2,71.4
S2781,4,82.7,86.1,80.8
S1577,1,70.8,96.0,67.0
S2098,1,85.1,85.6,73.4
S1597,1,,85.2,86.0
S2224,3,72.7,80.4,70.7
S1172,6,80.3,90.3,74.8
S2667,6,83.5,69.8,87.8
S1143,4,89.8,100.0,73.5
S2055,3,79.2,79.9,73.0
S1014,1,91.0,78.0,76.2
S1375,4,83.4,62.4,83.9
S2522,5,92.8,94.8,77.1
S2779,4,83.8,88.5,81.6
S2571,2,62.7,67.4,55.0
S2443,2,69.8,90.3,58.2
S1132,3,93.9,89.4,73.9
S1380,6,97.4,86.8,86.8
S2083,4,90.4,82.3,78.2
S2050,4,75.0,73.8,65.6
S2387,5,63.8,79.1,68.9
S2656,5,84.7,89.5,72.7
S2006,2,99.3,96.6,96.9
S2534,6,81.1,99.1,70.9
S1071,5,84.3,96.8,93.8
S1066,3,89.7,100.0,81.0
S1003,5,95.0,83.0,74.5
S2101,1,85.8,69.8,89.6
S1446,3,87.6,74.4,72.6
S1408,3,65.6,66.2,59.9
S2425,2,79.1,62.3,53.5
S1583,2,89.5,85.9,83.7
S1244,2,87.9,79.9,87.5
S2494,2,78.6,82.6,68.3
S2505,1,71.8,79.2,76.7
S2424,4,80.8,68.3,78.9
S2406,4,71.3,63.2,70.0
S2040,2,79.8,79.1,76.7
S2721,5,72.9,63.8,56.4
S2348,2,73.6,78.6,64.6
S2571,5,60.3,66.2,60.7
S2372,2,87.8,77.5,74.8
S2673,5,85.4,96.1,83.4
S2382,2,81.7,78.1,70.2
S1393,4,81.5,85.4,88.1
S2200,5,79.3,74.0,78.1
S1408,1,64.9,72.1,67.4
S2426,2,78.5,84.6,86.5
S2166,3,84.7,76.1,82.5
S2762,3,70.4,57.5,70.6
S1078,3,76.1,66.8,73.9
S1028,2,95.7,91.4,77.9
S2708,4,91.8,74.6,84.6
S2754,5,90.5,92.2,68.4
S1041,2,99.3,95.3,78.6
S1335,6,74.5,83.3,72.6
S1515,1,55.1,62.8,56.2
S1151,1,91.1,100.0,84.9
S2324,5,57.3,57.9,65.4
S2583,6,82.5,73.3,83.4
S2207,2,93.4,90.0,94.6
S1383,2,84.6,70.0,87.8
S2391,1,88.0,97.0,77.3
S2147,6,89.2,100.0,72.5
S2284,5,77.4,89.6,75.1
S2168,4,74.6,57.1,63.1
S2020,3,78.3,94.1,72.2
S2655,4,67.0,62.5,59.3
S1295,1,73.4,71.6,78.6
S1259,2,79.3,88.2,74.1
S1505,6,78.4,76.4,72.5
S2544,4,68.6,54.1,63.2
S1341,5,71.2,75.7,64.5
S1128,6,75.2,91.9,67.4
S2349,6,74.3,56.7,48.6
S1252,3,86.1,100.0,89.5
S1551,3,86.2,83.0,66.6
S2153,6,65.7,63.7,52.9
S2104,2,89.6,97.1,81.9
S2657,2,83.0,100.0,79.0
S2392,3,81.7,86.0,88.6
S1549,5,81.5,81.0,67.6
S1137,4,62.3,60.0,60.7
S1234,6,76.0,87.6,68.6
S1231,3,64.0,62.3,66.9
S1359,1,,82.1,64.3
S2346,2,59.0,39.6,57.2
S1274,1,61.8,63.3,57.0
S2382,6,78.9,83.6,70.1
S1102,3,92.9,100.0,99.5
S1067,4,87.4,81.6,92.8
S1148,1,82.1,93.9,86.3
S1595,2,89.4,84.9,78.5
S2751,6,86.7,96.9,90.1
S1197,4,81.5,92.2,72.3
S2309,1,85.3,87.7,69.6
S2108,3,79.5,82.8,73.1
S2270,5,93.9,84.2,82.7
S2434,6,71.5,50.0,57.0
S1356,1,79.1,83.2,77.2
S2247,3,77.9,69.8,69.5
S1077,1,,85.9,86.9
S2779,2,94.3,91.6,94.1
S2703,2,79.3,82.4,79.7
S1326,1,69.0,78.8,70.9
S2296,3,88.1,93.2,78.3
S1115,6,82.6,79.7,67.2
S2611,4,70.5,83.2,84.7
S1326,4,81.6,83.9,76.7
S2340,3,94.7,100.0,73.7
S1452,5,84.6,89.3,75.3
S2519,1,80.0,89.9,82.7
S2525,2,84.5,79.1,78.3
S2125,6,91.5,87.2,87.1
S1315,1,74.7,78.8,88.3
S2541,1,82.5,59.1,73.0
S2737,4,75.6,78.3,75.6
S1416,5,70.2,71.3,77.1
S2481,2,79.8,90.6,74.3
S1507,1,84.9,89.8,97.0
S2363,6,80.9,91.4,89.1
S2001,4,84.8,95.5,72.6
S1141,6,88.4,86.1,67.5
S1091,3,88.3,97.4,83.0
S2021,5,60.7,68.7,75.3
S2098,6,83.9,83.6,61.7
S2014,2,75.0,79.0,71.3
S2607,3,85.8,84.9,87.1
S2666,1,79.7,80.8,76.2
S2637,2,71.5,87.1,71.0
S2441,3,69.9,85.3,54.9
S1495,1,71.2,75.4,63.2
S1422,4,74.0,86.8,60.4
S2761,4,87.0,88.1,82.5
S1175,5,97.7,91.6,68.7
S1327,5,87.5,77.7,77.6
S1422,5,73.4,74.3,71.1
S2515,4,87.2,100.0,79.1
S1040,4,80.1,94.7,89.9
S2220,4,64.0,66.7,59.1
S1189,6,87.5,85.2,85.3
S2384,4,79.6,96.1,77.6
S2651,3,93.2,100.0,74.7
S2110,6,89.3,91.8,86.8
S2592,4,89.4,90.3,84.0
S2520,3,75.5,89.6,89.7
S2538,6,67.3,56.4,58.1
S2343,5,60.2,56.2,72.6
S2567,5,83.8,87.2,83.7
S2385,4,68.9,75.3,66.3
S1497,3,88.3,100.0,93.8
S2597,3,92.8,92.3,84.6
S2706,4,73.2,70.8,75.0
S2564,3,80.0,78.2,85.9
S2423,6,90.1,84.6,90.0
S2054,2,52.9,61.6,55.1
S1524,1,69.6,69.9,43.2
S2750,2,97.4,97.0,82.9
S2365,6,91.7,73.1,71.3
S2079,6,93.6,83.5,74.7
S2699,2,84.0,73.7,74.7
S1539,2,94.3,71.5,60.2
S1305,3,90.9,93.1,100.0
S2325,5,83.2,91.3,93.8
S1099,6,77.1,81.7,79.5
S1455,2,63.7,46.7,65.6
S2090,4,74.2,59.7,72.9
S1094,3,81.1,60.3,71.7
S2585,1,91.7,87.2,86.8
S2467,3,82.3,74.3,80.4
S1041,4,96.1,100.0,81.3
S2306,6,74.8,75.2,69.8
S2140,4,74.9,80.7,77.0
S2451,5,86.5,83.4,73.5
S1068,4,89.2,81.7,67.2
S1241,3,77.7,83.9,75.0
S1044,4,72.2,70.2,69.0
S2526,5,85.4,79.1,68.7
S2774,4,68.0,85.2,75.2
S1282,4,92.1,98.3,83.5
S1288,4,83.6,79.6,73.8
S2634,1,67.0,86.0,58.4
S2222,5,78.3,82.2,55.4
S2394,5,69.4,78.2,86.0
S2419,5,70.3,64.2,62.5
S1057,5,74.3,60.0,69.0
S2457,6,66.8,75.4,69.6
S1267,6,65.5,82.2,65.9
S2364,5,83.3,85.5,72.4
S2163,5,89.2,80.3,90.7
S2021,6,70.8,70.4,86.4
S1427,1,74.2,68.1,58.8
S1465,2,91.9,92.2,89.9
S1254,6,81.8,91.3,82.0
S2529,4,94.0,97.7,93.4
S2743,6,86.5,81.9,78.0
S1169,5,68.3,59.4,68.2
S2783,5,63.3,55.4,70.5
S2666,2,75.2,84.8,72.3
S1295,3,83.6,68.8,78.2
S2159,4,99.3,88.8,82.8
S2073,6,84.1,79.6,76.9
S2437,1,90.2,71.3,58.4
S2595,4,91.6,100.0,86.4
S2626,6,93.3,73.5,75.9
S2791,3,90.2,76.1,84.5
S1061,4,80.3,95.7,50.0
S2295,4,74.2,78.3,66.4
S2506,6,80.3,96.9,72.2
S2687,6,76.6,75.5,62.9
S2188,4,64.0,53.3,55.8
S2141,4,71.1,88.9,63.8
S2605,5,81.1,89.8,74.2
S2781,5,84.5,80.4,81.2
S1428,1,84.9,80.6,76.7
S2784,3,78.7,78.9,69.4
S2320,6,69.8,60.9,70.6
S2785,4,84.5,76.0,74.8
S1514,6,69.4,87.6,77.4
S1494,2,,97.9,82.4
S1351,3,83.3,87.8,68.2
S1106,3,64.0,57.1,66.1
S1416,4,72.5,65.8,78.8
S1445,2,82.2,83.3,74.4
S2498,2,65.0,65.4,65.2
S2135,3,86.0,91.9,77.3
S2513,4,95.7,85.1,73.8
S2638,1,87.3,84.7,66.9
S1390,1,93.7,95.6,85.8
S2599,2,72.7,85.3,75.9
S2327,6,81.5,89.0,80.3
S2048,2,72.3,69.9,74.2
S2429,6,76.7,88.3,59.6
S2102,6,72.6,92.0,93.4
S2770,2,74.6,88.9,48.2
S1250,1,78.6,64.0,67.5
S1401,2,92.4,100.0,80.7
S2046,5,87.4,95.8,75.0
S1444,4,96.6,88.4,79.3
S1470,4,82.3,77.6,72.8
S2436,1,76.7,81.8,72.1
S1463,3,80.9,99.7,82.1
S2600,6,83.4,95.7,78.5
S2093,2,74.2,66.6,77.8
S2529,5,93.8,98.7,99.7
S1511,2,76.1,72.3,80.0
S2692,2,71.6,79.9,75.6
S2162,4,87.5,75.4,83.3
S1290,2,82.0,81.4,72.8
S1471,4,82.7,93.9,72.1
S2555,4,90.9,87.7,86.9
S2765,5,77.9,85.4,66.8
S1413,4,84.6,78.2,81.3
S1428,3,87.9,80.0,73.6
S2711,1,81.6,84.9,88.5
S2673,2,93.6,98.0,83.7
S2571,1,56.9,77.5,64.2
S1118,6,89.2,92.0,94.7
S1508,5,83.5,93.3,82.4
S2689,5,88.2,93.0,87.1
S2265,6,92.8,100.0,83.6
S2556,5,73.2,70.9,76.1
S2313,1,80.5,77.1,72.7
S1013,1,83.4,78.0,67.7
S2404,1,68.8,65.6,77.9
S2142,3,62.9,71.6,75.4
S2377,5,71.1,65.1,56.3
S2207,4,89.9,94.8,100.0
S2089,4,78.2,84.9,72.2
S2251,2,84.8,91.8,81.7
S1199,3,77.9,82.5,68.2
S1434,4,83.4,97.9,64.5
S1188,4,90.2,86.0,80.8
S1207,6,86.1,70.5,74.3
S2432,3,89.8,73.0,86.5
S2755,3,72.6,76.8,73.5
S2648,1,71.8,89.4,54.1
S2537,3,85.2,97.9,86.5
S1559,4,72.2,86.8,74.3
S2069,1,87.3,84.0,78.8
S1263,6,82.2,91.0,70.8
S2052,1,73.5,68.3,56.3
S2022,4,80.6,96.7,88.1
S2127,3,94.2,88.4,96.5
S2388,1,74.5,90.6,72.1
S1224,6,79.2,76.2,86.4
S1074,3,90.1,100.0,85.6
S1184,3,80.8,75.7,87.4
S1440,4,,84.4,64.2
S2667,1,74.0,75.3,80.6
S1109,2,,75.6,87.2
S1258,5,89.3,76.8,80.2
S2553,1,60.4,74.0,59.1
S2556,4,87.1,64.7,82.4
S1476,3,87.1,100.0,72.6
S1584,6,84.1,94.1,98.8
S2492,6,87.0,79.3,77.1
S1106,1,64.0,61.7,66.7
S2195,5,89.3,78.8,80.5
S1209,2,89.6,93.3,66.7
S2438,2,91.9,84.7,69.6
S1081,3,81.2,89.5,72.2
S1265,1,80.4,77.4,67.2
S2180,3,79.3,82.1,84.4
S1244,5,86.8,93.5,81.4
S1507,5,86.1,96.2,92.0
S2236,1,66.9,66.0,55.5
S2565,4,76.2,74.6,80.1
S1546,4,71.5,74.2,76.4
S2014,6,70.8,83.6,75.7
S2091,6,80.8,80.9,67.8
S2169,5,85.2,77.8,73.0
S2469,5,79.9,86.2,72.1
S2226,5,91.8,82.0,77.4
S1538,4,86.0,83.8,73.5
S1179,5,82.6,82.4,88.5
S2203,4,72.6,81.4,49.6
S1439,4,79.2,80.5,81.4
S1277,5,85.9,87.6,84.5
S2359,5,62.9,56.2,62.5
S2247,4,71.0,64.9,60.5
S2693,6,78.6,80.3,79.3
S2384,5,78.6,92.2,75.3
S2552,1,81.3,83.9,76.1
S1517,2,89.8,89.4,87.9
S2063,5,83.2,98.8,67.3
S2754,2,94.4,99.8,68.7
S1217,5,86.3,83.8,63.8
S2678,6,74.8,59.7,74.2
S2314,4,76.1,65.7,85.8
S2626,3,90.6,86.5,74.9
S2316,6,94.6,100.0,78.4
S2282,6,98.3,98.5,70.0
S1235,5,71.4,61.8,62.7
S1308,4,67.9,64.1,68.9
S1300,5,83.9,85.4,83.5
S2060,4,85.3,100.0,85.6
S1246,6,91.5,100.0,89.8
S2498,3,70.7,76.4,72.1
S1006,6,93.0,97.5,80.1
S2729,4,99.0,100.0,89.0
S1075,1,79.1,71.3,68.4
S1394,2,80.8,90.0,73.8
S2010,1,82.1,85.2,77.2
S2588,5,79.1,99.6,89.6
S1530,6,78.9,83.9,70.1
S1215,3,80.7,68.1,57.0
S2524,3,77.5,75.3,77.1
S2141,6,72.7,90.9,57.1
S1570,3,91.5,89.4,78.4
S1357,2,87.8,89.4,86.0
S1440,3,76.4,85.6,64.4
S2070,3,73.0,64.3,55.3
S2083,6,87.4,76.4,95.2
S1281,2,91.4,99.4,84.7
S2204,5,71.9,73.4,64.2
S2615,6,91.8,100.0,69.4
S2362,2,59.8,68.2,73.3
S2280,2,89.7,88.1,82.0
S1283,1,72.8,66.7,60.7
S2519,3,82.0,75.8,89.6
S2604,6,92.6,97.6,88.0
S2006,6,97.7,96.1,89.2
S1063,1,70.7,79.6,83.0
S2564,1,85.6,76.4,89.4
S2403,1,84.8,83.1,73.6
S2309,6,93.6,91.0,73.1
S2387,6,71.3,84.0,63.5
S2214,5,81.6,88.3,76.9
S2161,6,88.6,86.8,86.2
S1024,3,75.5,79.6,85.5
S2215,1,91.1,98.4,81.7
S2137,4,76.2,88.5,63.3
S2788,5,75.1,55.9,81.8
S2643,3,69.9,81.7,61.9
S1120,1,72.6,89.9,67.0
S2388,2,71.0,88.5,73.7
S2274,6,80.3,92.9,78.4
S1532,3,83.7,91.4,86.3
S2736,5,90.3,84.0,71.1
S2139,4,77.1,80.0,84.8
S2653,5,85.7,98.2,80.4
S1068,5,91.0,99.8,71.4
S1004,3,99.1,85.6,75.8
S1168,3,93.6,81.9,91.7
S2232,1,95.1,83.8,61.5
S1402,6,66.6,54.2,61.9
S1425,2,95.5,89.6,85.1
S2536,4,76.4,84.3,60.1
S1399,3,85.8,79.9,68.8
S2615,2,85.2,93.9,79.8
S1008,1,76.1,77.4,66.4
S1472,5,67.2,56.8,81.6
S2377,4,74.7,70.0,61.7
S1562,6,76.0,69.4,64.4
S1504,5,82.0,73.6,65.3
S1561,5,71.8,88.5,81.8
S2134,2,80.3,85.4,79.7
S2276,3,96.8,76.2,66.7
S1002,6,86.8,79.4,71.0
S1197,2,90.1,98.1,67.1
S1325,4,81.3,92.7,89.4
S1417,6,71.3,97.3,88.2
S2713,2,63.7,76.3,79.1
S1478,2,83.1,88.4,80.6
S2045,2,67.4,76.3,61.6
S2439,1,82.5,72.5,69.9
S1172,1,86.5,77.4,64.0
S2042,3,71.6,86.8,68.6
S1499,2,100.0,95.6,80.0
S1161,2,75.3,84.6,74.2
S1482,4,97.8,94.6,91.1
S1557,3,77.7,82.2,64.9
S2418,4,69.8,84.5,74.1
S2441,6,66.9,81.3,64.3
S2516,3,83.3,77.4,77.9
S2472,2,82.2,87.4,83.9
S1123,4,96.3,100.0,75.7
S2134,3,86.1,89.8,79.7
S1241,1,79.6,91.1,79.3
S1480,2,72.5,82.7,76.1
S2065,3,70.6,68.2,71.5
S1153,5,91.2,89.5,89.6
S2662,2,65.7,65.0,69.9
S2580,5,91.7,77.7,84.2
S2082,4,68.9,76.6,66.8
S2782,1,84.4,74.4,77.4
S2582,2,75.3,68.5,61.0
S1463,1,92.8,92.8,77.5
S1271,5,79.4,65.5,77.0
S2599,1,84.3,86.6,59.6
S1137,6,56.6,63.3,57.0
S1228,6,93.3,88.1,79.9
S2019,5,88.9,76.9,73.4
S2453,5,85.7,84.6,80.6
S2759,1,90.3,87.0,79.9
S1142,5,89.2,80.4,82.3
S1167,5,67.0,70.1,51.0
S2527,4,81.6,72.7,70.4
S2086,5,91.0,100.0,90.2
S1273,6,80.7,85.1,87.2
S1278,6,81.4,74.9,58.7
S2165,6,84.0,83.2,74.1
S1529,6,82.8,78.9,60.2
S2553,6,,57.5,67.3
S1225,4,85.5,77.6,76.8
S2581,5,99.5,92.4,87.1
S1539,3,82.1,79.0,62.5
S2610,3,80.7,84.8,79.4
S2603,2,78.1,60.2,57.9
S2198,2,80.1,66.8,74.1
S2582,4,68.7,74.7,69.6
S1539,5,88.5,79.4,62.8
S2351,5,69.9,79.0,69.7
S2757,1,89.4,87.4,69.9
S1118,2,87.0,85.9,80.8
S2251,6,84.3,84.2,85.2
S2605,6,80.9,91.9,73.9
S1549,4,88.3,90.3,66.9
S2013,2,90.3,93.3,87.4
S1402,3,63.1,69.4,54.0
S2781,1,74.3,81.3,85.9
S1222,2,93.4,82.6,77.7
S2788,3,76.2,60.7,77.5
S2363,2,86.6,92.6,80.5
S2416,6,93.8,95.8,86.6
S2302,1,89.4,81.6,82.5
S2640,3,84.3,92.9,73.9
S2414,6,74.1,92.9,78.5
S2219,2,77.7,82.6,82.5
S2141,1,69.2,64.2,63.1
S2665,3,81.0,78.5,73.2
S1165,3,78.6,80.8,63.2
S2601,2,91.1,76.4,62.5
S2059,5,80.2,75.1,75.2
S2700,4,83.8,85.5,82.5
S2652,5,82.3,83.1,80.5
S2075,6,72.0,94.8,79.7
S2443,6,76.3,74.9,58.8
S1581,6,70.6,100.0,73.4
S2415,6,64.3,70.7,66.8
S1413,3,76.4,71.8,75.8
S2274,1,90.0,86.3,71.9
S2046,4,82.7,88.6,83.7
S1200,5,89.1,93.8,78.3
S2097,6,94.6,94.6,97.7
S1254,1,79.4,82.8,89.7
S2655,2,77.0,70.5,61.1
S2313,6,80.0,74.6,76.5
S1300,6,83.6,86.7,79.4
S1170,1,82.0,73.8,65.9
S1022,3,90.4,87.7,74.8
S1228,3,92.7,84.8,89.6
S2565,6,86.5,75.3,76.1
S2146,1,81.2,83.8,73.3
S1149,4,85.7,100.0,65.1
S1466,4,89.3,79.4,84.0
S2670,1,66.1,60.3,63.8
S2310,2,68.5,64.2,58.5
S2134,6,84.5,89.3,71.4
S2360,4,76.7,83.8,75.9
S2450,1,71.3,71.4,76.3
S2054,6,60.8,66.2,64.1
S2303,2,67.8,56.9,57.4
S2697,3,83.3,88.1,74.6
S1542,4,78.4,87.4,87.6
S2683,2,86.4,99.7,80.5
S1202,3,77.5,96.6,84.5
S2045,5,75.6,66.1,63.2
S2757,6,82.8,86.0,69.3
S2078,4,71.5,62.7,44.6
S2693,5,69.7,92.5,75.5
S2550,3,96.7,82.6,74.2
S1207,4,81.1,72.9,80.8
S1382,4,82.4,78.8,77.3
S1457,5,79.4,81.3,70.9
S1046,6,82.5,93.1,69.9
S2165,2,89.1,86.8,67.6
S1173,4,69.4,69.8,49.9
S1205,6,87.8,100.0,79.8
S1169,1,68.3,58.8,70.4
S2633,3,85.6,83.3,60.7
S2264,1,72.0,76.1,74.8
S2039,1,90.3,97.1,79.3
S1423,1,88.0,68.9,69.2
S2116,4,77.4,71.9,79.0
S1177,3,75.9,90.5,91.4
S2444,5,85.8,92.8,75.7
S2525,6,80.5,80.1,75.6
S1047,6,95.6,97.5,89.9
S1174,6,83.4,81.3,81.6
S1220,3,80.3,81.0,70.0
S1162,3,72.0,74.6,69.2
S1397,6,75.3,91.4,76.8
S2606,6,72.2,83.0,87.8
S1324,2,73.2,67.6,68.7
S2489,4,88.1,71.2,80.4
S1213,3,89.7,85.4,82.8
S1104,2,77.9,87.5,67.3
S2501,4,75.5,75.6,54.3
S1291,3,79.4,80.0,72.4
S1232,5,68.8,71.0,60.6
S2632,2,79.2,100.0,81.6
S2391,4,98.6,86.6,82.2
S1264,2,82.1,79.7,68.6
S1276,6,88.2,95.6,78.3
S1595,5,94.6,95.0,71.4
S1393,1,83.7,100.0,83.3
S1369,5,91.5,98.4,82.6
S2420,3,71.5,68.8,82.5
S2409,5,75.3,68.8,76.3
S1530,5,80.0,83.6,81.7
S1533,1,82.3,84.7,75.7
S1218,6,78.1,73.4,85.8
S2417,4,87.3,98.6,67.2
S1096,6,78.9,68.6,77.0
S1394,3,81.0,88.5,76.0
S2368,1,92.7,92.4,88.3
S1023,2,87.2,91.5,76.9
S2542,2,89.3,91.0,82.4
S1214,3,75.8,81.5,64.9
S2631,2,90.1,83.6,90.8
S2227,2,73.0,78.7,66.6
S2651,6,90.7,94.5,81.4
S2383,6,57.3,68.2,70.6
S2355,1,81.3,92.6,81.5
S1333,2,83.4,84.4,74.7
S1440,6,86.6,83.7,70.8
S1045,6,76.7,77.6,80.9
S1105,6,86.3,82.8,74.0
S1514,4,71.7,84.7,71.9
S1578,5,87.3,90.7,80.6
S2472,5,98.1,91.6,84.4
S2721,3,61.5,70.6,75.5
S2133,5,84.6,98.5,65.6
S2071,4,79.5,100.0,86.7
S2324,6,71.7,42.5,60.1
S2329,1,74.8,77.0,76.3
S1342,1,84.2,84.0,74.3
S2127,1,83.6,85.4,91.7
S2588,2,76.4,92.5,87.3
S1353,2,80.7,76.7,85.5
S1005,4,92.0,76.0,89.4
S1341,1,82.3,74.7,71.4
S2055,5,88.8,76.6,74.4
S1490,5,86.4,100.0,93.6
S1537,1,77.7,71.8,77.9
S2223,2,88.3,71.0,84.5
S2036,5,81.0,80.3,66.5
S1022,4,97.3,86.9,61.9
S2524,5,71.9,70.8,74.9
S2418,3,60.3,79.9,63.5
S1380,5,95.0,90.0,94.2
S2167,4,89.0,86.3,68.8
S1003,2,99.6,81.0,76.2
S2697,4,86.2,87.4,74.0
S2147,1,77.9,86.4,52.1
S2666,6,78.5,79.8,72.8
S1255,2,78.1,89.2,63.8
S1395,2,71.8,76.7,53.3
S2175,5,81.2,87.8,83.3
S1509,5,77.9,88.9,64.2
S2068,4,75.3,70.0,74.0
S1391,1,79.2,78.9,82.8
S1063,3,69.7,65.8,73.6
S2505,4,77.1,83.0,72.5
S2480,4,93.7,79.6,77.2
S2699,6,85.3,73.0,77.9
S1157,4,81.6,75.9,77.9
S1562,4,79.8,71.0,73.3
S2354,1,78.3,98.3,86.5
S2163,2,85.0,83.3,95.6
S1358,6,79.7,78.7,66.3
S1599,4,64.4,52.2,66.4
S2595,6,82.9,100.0,98.6
S2770,4,69.1,84.5,60.2
S2671,5,76.6,69.6,79.4
S2428,3,80.6,100.0,95.0
S2004,6,84.2,78.6,78.9
S1089,2,91.6,76.7,69.9
S2020,1,74.6,85.6,64.3
S2582,3,68.8,87.1,77.1
S2189,5,71.6,88.2,84.4
S1212,4,64.3,52.2,49.7
S2114,4,85.6,85.4,91.0
S1233,3,62.4,80.8,70.9
S2209,3,78.0,83.6,52.0
S2069,2,75.8,82.9,78.2
S2132,5,79.7,93.2,74.9
S1300,4,81.0,84.5,89.7
S1497,4,87.7,100.0,91.6
S1241,2,87.5,99.1,81.2
S2534,5,87.1,94.5,72.5
S1438,4,66.2,65.7,61.4
S2036,2,79.4,85.7,80.4
S2339,4,89.5,95.1,79.8
S1213,2,80.0,82.4,69.2
S2184,6,99.9,100.0,85.9
S1286,3,82.1,87.6,66.0
S2608,3,,90.7,91.8
S2738,5,72.2,87.3,79.6
S2778,6,93.0,81.0,87.4
S1068,2,92.0,96.6,75.3
S1346,2,71.3,63.9,62.6
S1330,4,84.1,74.4,75.0
S1027,3,96.0,66.0,66.3
S2375,1,75.3,68.6,79.2
S2049,1,66.8,56.9,68.3
S2309,4,90.6,92.8,79.4
S1151,3,91.9,88.6,87.0
S1059,5,59.7,51.2,45.9
S2288,5,79.4,84.8,69.8
S2414,1,75.8,82.0,84.2
S2440,3,,73.0,62.4
S2157,5,87.7,78.8,60.5
S2089,3,80.5,80.0,63.0
S1126,5,74.3,61.7,64.5
S2373,2,66.7,87.4,84.8
S1496,2,69.7,60.6,73.2
S1181,3,87.7,82.6,93.0
S1487,5,71.8,73.2,69.6
S1052,6,81.8,83.6,78.7
S2175,1,82.4,76.7,73.1
S1111,2,82.7,97.5,76.7
S1332,4,95.4,99.3,86.3
S2011,6,96.8,89.3,68.0
S1052,1,71.4,87.3,83.0
S1390,2,87.5,97.2,96.6
S2199,3,85.2,81.4,74.9
S1393,5,85.7,93.4,78.7
S2018,1,74.3,67.6,75.8
S2035,1,90.0,76.5,68.1
S1322,2,72.6,74.6,72.7
S1572,2,79.4,75.7,68.6
S1125,6,81.2,87.7,78.1
S2007,3,,88.5,75.9
S2503,4,95.7,97.7,81.5
S1212,1,,59.5,53.3
S2509,5,55.3,57.8,64.5
S2551,4,86.1,93.9,84.6
S2738,2,79.0,85.6,79.6
S1600,2,87.3,73.9,64.6
S1356,5,73.5,65.8,73.6
S2245,3,86.6,77.2,69.9
S2085,6,76.8,85.7,69.5
S2229,2,75.4,85.6,79.0
S2218,3,76.5,63.7,63.8
S1086,5,77.6,72.6,61.3
S2753,1,71.3,82.6,78.7
S1069,2,81.6,86.0,87.6
S2531,6,82.0,84.2,74.8
S1577,6,75.6,87.0,72.2
S2710,2,95.3,100.0,79.7
S1035,4,96.3,93.8,81.6
S2631,3,98.2,76.1,88.9
S1077,3,87.8,92.6,88.2
S1343,3,89.1,89.3,77.0
S1406,1,68.5,68.8,53.2
S1042,5,85.5,91.6,85.3
S2691,2,88.3,97.8,84.3
S2307,2,84.3,100.0,56.8
S1185,4,89.2,85.0,72.8
S2628,1,95.1,81.4,77.5
S2397,4,89.4,89.8,96.7
S1286,4,81.0,71.1,65.1
S2618,1,82.9,68.6,70.2
S1120,2,77.0,77.9,67.1
S1093,1,83.8,88.0,68.0
S1240,6,74.9,70.6,67.7
S1379,3,77.8,71.5,58.1
S1525,1,91.3,73.6,88.4
S1343,5,87.7,96.5,86.8
S1321,6,71.5,71.4,66.5
S1106,5,60.7,57.2,64.3
S2414,5,73.0,86.5,84.4
S2710,6,87.7,99.4,76.6
S2795,5,80.4,87.0,72.0
S2305,1,71.5,70.7,72.9
S1072,2,80.1,86.3,79.5
S2526,1,81.7,81.0,65.5
S1018,4,67.1,55.2,67.1
S1507,6,87.8,93.1,98.5
S2107,3,54.2,52.1,72.5
S1362,4,80.3,80.8,73.5
S1015,6,72.6,91.3,80.9
S1374,4,68.1,51.2,71.6
S1530,1,75.0,88.2,73.2
S2532,4,77.7,72.4,78.3
S2444,2,91.0,100.0,78.4
S1325,6,95.4,100.0,82.0
S2075,1,78.8,93.6,77.1
S1475,5,86.1,70.6,72.4
S2462,3,59.2,77.7,71.7
S1001,2,84.6,85.1,80.2
S2424,2,76.0,63.2,71.0
S2123,6,86.1,77.1,65.6
S2408,6,87.4,93.0,75.2
S1156,6,81.6,90.0,78.4
S2694,6,72.2,71.3,73.4
S1454,3,77.5,75.4,75.5
S2268,4,90.6,87.5,74.8
S2612,3,90.8,96.3,83.1
S1099,4,80.3,70.0,84.8
S2538,3,61.6,68.5,63.7
S1490,3,82.4,100.0,87.7
S1263,5,86.9,91.0,68.9
S2645,2,70.8,84.2,86.6
S2663,1,73.1,66.7,69.4
S1036,4,94.6,92.8,87.3
S1130,5,74.5,78.6,82.7
S2696,3,83.8,77.9,53.5
S1583,5,82.9,86.9,86.5
S2587,3,79.9,69.6,67.4
S1341,4,77.9,84.7,75.2
S2770,1,74.3,78.4,48.9
S2304,3,86.6,100.0,82.0
S2426,5,71.6,85.3,78.5
S1262,2,73.5,76.1,78.6
S1028,4,94.3,83.2,69.3
S2184,5,92.5,100.0,86.4
S1595,3,92.7,77.2,72.8
S2693,4,74.7,86.5,83.6
S2307,4,87.8,100.0,70.2
S1336,4,82.0,76.7,81.1
S1046,4,88.3,84.1,86.6
S2095,4,66.1,63.0,67.0
S2607,1,80.6,80.2,93.2
S2032,3,85.0,91.9,97.8
S2264,6,73.9,78.6,71.0
S1066,5,88.4,88.8,65.0
S1098,2,71.7,69.5,64.4
S1020,3,86.3,91.6,58.3
S2508,3,88.9,82.9,87.2
S2795,2,89.9,83.5,62.1
S2799,6,72.4,74.4,67.0
S1087,5,90.4,86.0,64.7
S1294,6,95.5,95.0,64.1
S1313,4,90.4,97.0,80.5
S2293,4,,70.5,76.6
S2061,6,88.9,98.5,75.1
S1558,3,84.4,80.3,61.2
S2500,5,89.7,66.5,77.9
S1376,4,78.5,69.5,78.0
S1538,3,83.1,83.7,69.0
S1088,5,67.3,68.9,87.3
S1492,1,76.2,69.7,58.9
S2146,4,76.7,68.5,70.1
S2050,6,82.7,67.3,72.2
S2343,4,63.6,66.0,77.2
S1116,3,67.2,78.3,66.3
S1160,6,84.1,79.9,69.2
S2141,5,74.6,86.9,69.1
S2752,3,71.5,77.6,88.4
S2458,1,84.3,83.2,77.1
S2422,6,86.8,88.4,76.6
S2006,4,92.0,97.6,89.8
S2368,4,90.6,96.8,88.1
S1176,1,78.4,79.0,70.3
S1099,3,72.1,83.3,80.5
S1087,4,75.1,91.8,59.6
S1564,3,93.4,90.2,68.4
S2013,5,89.5,93.5,90.9
S2363,5,86.2,98.8,88.4
S2646,6,89.4,99.0,92.7
S2496,4,92.8,83.0,72.1
S2264,2,72.3,86.7,82.5
S1268,6,74.2,77.2,75.5
S2002,5,77.6,78.1,85.5
S2443,3,75.0,82.2,64.2
S1302,4,78.9,79.9,73.2
S1132,6,79.8,94.0,80.1
S1133,1,84.2,100.0,71.8
S2650,5,80.0,72.1,76.9
S1310,2,85.0,78.3,71.6
S1331,1,93.6,95.1,75.1
S1539,6,85.5,75.0,68.8
S1600,5,88.5,82.0,68.8
S1156,4,83.1,86.6,75.5
S2061,4,93.7,94.0,77.4
S2528,1,66.9,79.8,58.6
S2338,5,55.5,49.9,56.8
S2318,5,71.6,67.6,66.8
S2413,1,79.6,85.7,75.5
S1281,3,92.9,88.3,80.7
S2072,1,81.8,81.5,77.1
S2740,6,97.4,91.2,87.5
S2475,3,80.1,86.5,77.7
S2087,1,86.6,85.5,68.9
S1165,5,90.8,83.0,59.2
S2782,3,78.1,85.7,87.5
S1576,4,88.7,90.5,88.9
S1483,5,75.4,75.5,82.6
S2030,5,93.3,97.6,80.6
S2344,1,74.3,92.2,84.8
S2669,3,81.5,84.5,62.1
S1516,4,93.5,91.1,82.7
S1526,6,75.5,68.4,72.8
S2245,6,79.0,88.4,68.0
S2368,5,96.8,82.0,86.3
S1534,4,91.4,100.0,90.6
S2621,4,84.7,86.7,83.3
S1184,1,88.5,76.8,70.0
S2690,3,86.6,99.7,80.7
S1475,1,88.5,66.5,70.4
S1148,5,85.1,90.5,80.1
S1558,1,81.3,77.2,57.1
S2574,2,72.2,58.1,70.4
S2491,1,88.4,70.2,80.9
S2417,1,85.9,100.0,70.3
S1086,6,69.1,68.8,59.5
S1560,3,96.9,100.0,89.6
S2206,4,56.5,46.2,53.3
S1243,2,86.2,93.4,84.8
S1593,2,81.7,71.2,71.3
S2002,4,72.4,89.8,91.0
S2620,1,91.8,96.4,76.3
S2178,4,75.2,67.1,62.2
S1418,5,91.0,81.4,71.5
S1500,1,73.9,79.5,91.1
S2067,4,69.6,84.4,67.5
S2438,1,84.1,87.5,77.8
S1152,1,76.1,89.3,67.2
S1005,5,73.7,74.4,88.3
S2697,6,95.1,82.2,82.5
S1418,6,81.3,75.8,86.7
S1405,5,73.7,80.0,64.3
S2241,4,80.1,71.8,53.8
S2292,1,82.0,76.5,58.2
S1128,1,71.4,76.5,74.4
S2025,4,71.8,82.3,80.5
S2202,6,93.8,91.1,83.3
S1048,3,59.0,61.2,65.5
S1115,3,80.2,69.5,73.1
S2200,6,85.9,78.8,73.4
S1393,2,83.7,90.0,81.1
S2459,6,98.6,80.8,89.7
S2617,2,87.3,82.8,73.4
S2699,5,77.9,73.0,78.7
S1004,4,76.9,91.8,78.0
S1459,5,63.0,62.7,62.2
S1148,4,84.5,70.8,84.5
S2721,6,67.0,65.5,67.4
S1153,6,81.6,84.3,96.2
S2587,1,72.2,68.2,60.2
S1174,3,95.1,83.8,81.5
S2456,6,75.6,73.7,74.7
S2600,2,77.3,88.2,84.6
S1211,6,90.2,85.1,71.0
S2164,2,85.5,81.4,71.1
S2796,5,,90.1,73.2
S1047,2,95.8,65.9,83.8
S2248,3,72.6,69.6,59.6
S1348,3,91.7,89.0,75.2
S1208,4,89.4,98.2,88.5
S1398,1,91.9,100.0,85.2
S1096,2,74.2,73.0,78.1
S1240,2,72.9,75.3,73.6
S2051,3,84.9,100.0,75.0
S2249,2,79.3,94.2,64.1
S1208,6,84.8,90.0,88.3
S2537,6,84.1,89.4,93.8
S2181,2,90.8,73.2,75.0
S1588,5,81.6,82.3,77.2
S1420,1,84.2,91.2,60.6
S2308,4,81.3,76.8,70.6
S1168,6,82.3,92.0,86.6
S2196,1,86.3,89.3,78.8
S2485,5,93.1,92.3,73.9
S2158,2,77.7,99.3,75.4
S2542,4,84.4,91.5,66.8
S2710,1,,100.0,81.6
S1345,1,75.2,84.0,53.7
S2293,1,71.6,82.8,70.0
S2594,5,85.6,94.7,86.9
S1282,5,99.3,100.0,81.4
S2705,3,89.1,86.6,90.5
S2770,5,63.9,83.9,52.6
S2291,4,83.2,100.0,85.9
S1331,6,82.3,82.3,62.3
S1050,1,84.8,90.6,89.1
S1258,6,73.5,88.3,78.5
S1336,3,79.0,74.0,82.1
S1099,1,86.5,75.1,79.0
S1555,6,,76.5,78.2
S1401,4,94.3,88.9,76.0
S1355,6,90.3,90.9,91.3
S2067,3,74.0,70.1,67.3
S2724,6,82.2,99.5,80.7
S2024,4,84.1,66.1,74.9
S1585,5,83.7,80.6,75.4
S2697,1,85.3,83.9,79.0
S1454,2,82.6,84.9,79.5
S2154,4,86.5,80.5,72.4
S2514,1,74.9,74.6,73.8
S2259,3,82.0,77.1,68.8
S1469,1,88.7,84.6,70.4
S2774,3,64.6,70.7,75.6
S1093,5,90.7,73.1,86.9
S2447,1,80.8,80.6,80.1
S2614,6,67.1,66.9,56.9
S2200,2,73.3,63.7,89.5
S1412,4,81.0,87.9,71.6
S2024,1,73.0,61.5,76.4
S2115,3,89.8,93.3,93.5
S2645,5,74.4,78.5,88.0
S2282,4,93.3,97.4,88.1
S1287,1,85.0,86.8,85.6
S1435,1,82.0,79.8,75.8
S2647,6,79.1,91.7,77.2
S1285,1,82.3,82.4,82.1
S2520,1,87.3,94.7,92.5
S2483,5,74.0,90.3,69.3
S1357,4,81.8,94.2,86.9
S1540,6,83.8,100.0,66.1
S1398,2,99.9,100.0,82.3
S2119,4,97.0,83.9,78.3
S1215,2,70.5,79.9,68.8
S2687,3,67.6,67.3,48.0
S2599,4,86.9,88.1,65.5
S2752,2,76.0,91.3,78.7
S2056,1,90.7,79.4,80.0
S2431,4,79.9,79.8,76.9
S2398,4,99.6,100.0,100.0
S2552,4,76.4,84.6,75.2
S1266,2,86.5,99.7,77.9
S2741,5,69.8,74.6,67.6
S1361,3,80.5,92.0,91.0
S1400,3,93.0,95.1,92.2
S1053,6,82.6,79.5,81.4
S2462,2,73.8,74.3,78.2
S2757,5,82.8,78.6,77.9
S1519,4,82.7,75.8,61.2
S2273,2,87.6,92.1,84.6
S2608,1,87.9,73.9,97.1
S2245,5,89.4,87.8,75.5
S2073,5,83.8,74.0,76.3
S1133,4,87.6,89.8,76.4
S1504,3,74.9,68.1,61.9
S1286,2,82.4,75.3,61.5
S1565,4,72.4,66.1,80.6
S1007,1,86.2,99.7,81.6
S2159,2,94.6,98.9,80.4
S1153,2,82.3,84.8,79.9
S2354,4,89.5,92.0,84.9
S2283,4,88.5,78.4,64.3
S2063,1,85.5,81.3,66.9
S2296,1,88.7,86.3,70.9
S2479,4,89.0,80.4,84.2
S2089,6,80.0,77.7,77.5
S1163,3,78.6,75.5,73.0
S1164,6,85.2,86.2,69.3
S2635,3,82.7,81.1,68.6
S1237,3,92.5,74.8,81.5
S1261,1,66.9,59.3,81.8
S2090,2,69.0,65.1,80.3
S2331,3,90.2,97.7,93.9
S2606,2,76.3,78.3,77.3
S2111,6,77.1,61.4,76.3
S1226,6,64.2,80.6,58.2
S2719,2,77.3,64.4,52.9
S2237,1,77.2,76.5,64.9
S1165,4,83.4,75.0,52.5
S1448,1,70.2,71.0,80.6
S2242,2,80.2,98.8,81.7
S1274,3,75.4,71.7,48.7
S1216,1,87.4,90.2,83.0
S2014,4,69.5,77.1,64.5
S1231,1,77.9,65.4,69.1
S1323,2,73.8,78.3,84.1
S2180,2,82.8,94.6,94.8
S2672,3,100.0,93.7,90.6
S1527,5,82.6,77.6,73.5
S1339,3,83.2,90.4,55.6
S1149,5,91.8,100.0,62.9
S2213,5,74.0,73.7,77.9
S2079,2,94.8,88.3,75.1
S2110,2,90.2,80.6,92.8
S1001,3,84.8,92.1,83.2
S2653,3,82.1,80.7,77.5
S1352,4,89.0,92.7,92.3
S1142,4,97.6,94.7,89.3
S1457,2,80.4,76.6,70.7
S1412,1,76.8,81.0,69.9
S1320,1,76.4,84.1,67.5
S2379,5,81.6,91.0,81.8
S1319,6,,90.2,94.3
S2257,4,78.9,79.6,69.4
S2798,3,81.4,88.1,86.8
S2341,1,80.2,67.4,66.3
S1457,1,82.0,76.0,82.5
S1122,1,85.3,93.9,66.4
S1009,6,69.6,61.5,81.2
S1300,3,80.4,92.0,73.9
S2041,6,82.4,86.3,80.5
S2402,2,81.9,76.7,74.2
S2675,3,90.2,89.5,78.7
S1426,4,79.8,88.9,75.3
S1467,5,76.0,99.5,85.1
S1157,1,89.0,86.2,61.2
S2647,4,85.9,91.5,85.2
S1138,3,83.4,69.3,75.0
S2121,2,91.4,91.7,85.8
S1567,6,69.2,83.0,68.7
S1232,4,76.1,67.2,58.8
S1595,1,90.5,91.8,62.4
S1148,3,87.1,83.2,78.8
S2305,6,81.5,62.1,71.6
S2351,4,68.2,83.7,63.7
S2349,3,61.8,56.8,62.0
S2212,2,93.1,96.5,66.7
S2518,6,77.6,92.5,84.3
S2462,4,80.9,75.8,70.4
S1312,3,91.8,89.8,100.0
S2264,4,85.6,85.1,72.9
S1002,5,77.2,91.0,74.5
S1570,2,86.9,81.6,87.1
S2304,4,79.1,94.7,82.4
S1244,6,95.2,87.2,86.5
S1135,3,86.4,82.9,93.6
S2633,6,86.1,80.3,73.9
S2589,3,70.6,78.6,90.7
S2079,1,84.1,88.4,74.6
S1352,3,89.0,86.5,85.2
S2766,5,80.0,91.9,83.2
S1341,2,67.8,69.8,72.9
S1373,3,79.6,79.6,69.1
S1161,4,80.0,72.9,71.1
S2586,2,88.0,88.5,69.4
S2150,1,100.0,100.0,86.3
S1439,5,77.7,77.7,75.8
S2416,5,96.1,100.0,85.8
S1118,3,81.6,94.1,87.0
S1072,6,87.2,86.8,79.9
S2132,3,79.1,99.3,81.0
S2413,6,78.9,84.6,78.7
S1025,2,87.7,92.1,66.2
S2478,6,76.9,66.4,72.8
S1339,6,77.9,90.0,61.1
S2669,4,86.6,85.8,65.8
S1195,2,82.9,82.0,86.7
S1584,3,79.4,83.6,93.8
S1342,5,73.9,84.9,76.1
S2027,5,84.3,73.5,73.3
S1438,3,73.6,69.1,54.5
S2148,3,76.4,83.3,94.7
S2140,2,80.9,79.5,63.8
S2605,3,85.8,87.6,82.4
S2573,3,75.0,76.7,72.7
S2127,6,89.0,89.6,83.5
S1405,1,76.4,86.4,60.6
S1211,3,92.6,94.8,64.8
S1296,2,92.1,96.3,91.5
S1586,2,97.9,100.0,87.4
S1046,2,88.6,78.4,83.1
S2199,5,100.0,97.9,67.9
S2208,2,,60.0,74.8
S1041,5,95.0,92.6,77.1
S2163,1,82.4,80.2,85.7
S1339,5,82.7,81.3,64.6
S2243,2,82.6,86.8,79.4
S2595,5,,93.2,92.9
S1136,4,83.0,95.8,74.1
S2402,5,80.1,80.5,82.5
S2036,1,84.5,75.3,75.3
S2355,4,79.1,95.9,96.1
S2629,1,68.3,68.0,53.4
S1301,5,,81.0,82.4
S2684,4,83.5,83.1,76.1
S2125,3,91.7,94.8,79.1
S1411,2,73.8,84.4,76.6
S1091,6,85.0,98.0,70.4
S1541,2,90.4,76.1,84.2
S1124,1,79.5,83.3,68.0
S1052,5,85.4,81.5,74.7
S1587,6,83.2,85.2,58.2
S1189,4,84.2,87.0,77.1
S2325,2,95.4,86.9,88.8
S1083,1,94.9,96.4,84.5
S2086,2,93.9,100.0,84.5
S1462,4,93.2,100.0,75.4
S1154,3,87.4,74.1,86.2
S2667,5,73.8,71.6,88.7
S1598,6,,70.1,76.7
S2507,5,71.9,75.2,76.1
S2060,6,98.7,93.4,82.1
S1007,3,80.1,91.1,77.3
S2144,2,82.3,70.9,80.5
S2114,1,80.7,87.6,81.9
S1498,2,88.4,90.4,83.5
S2282,5,93.0,94.4,79.6
S2559,1,77.5,81.7,78.2
S1022,5,86.3,100.0,77.6
S2270,4,83.4,76.8,92.0
S1445,4,84.5,86.2,71.4
S1538,2,92.4,77.0,69.1
S1198,1,84.9,100.0,90.0
S2299,5,91.5,100.0,83.3
S1103,3,96.8,91.2,82.4
S1245,3,66.3,55.7,66.0
S2150,4,89.2,100.0,88.7
S1508,1,85.3,88.3,85.5
S1156,5,78.6,89.4,81.9
S1404,2,78.0,66.9,73.8
S2248,4,82.7,73.3,75.4
S2764,6,81.3,73.3,63.6
S2523,6,81.8,86.2,69.8
S2627,1,89.7,92.5,68.8
S1138,5,78.8,65.7,73.4
S1254,4,78.8,83.1,87.1
S2539,4,76.3,82.9,73.9
S1489,3,92.9,91.5,74.4
S2106,3,89.6,99.2,78.2
S1105,5,88.0,80.6,67.5
S2139,3,81.8,88.4,90.3
S2043,2,76.5,72.4,86.2
S1066,1,92.0,100.0,73.3
S2125,2,84.5,73.1,74.8
S2386,4,90.7,84.2,91.1
S2066,1,79.1,97.1,65.3
S1067,5,90.2,95.8,88.8
S2202,1,88.4,94.2,90.6
S2256,6,76.4,92.9,59.1
S2622,6,83.2,84.8,69.3
S1560,6,96.5,97.2,90.0
S1008,5,64.7,76.5,72.2
S2343,6,63.5,63.3,68.2
S1082,3,75.3,74.3,72.3
S2066,4,86.8,95.8,64.6
S2008,1,80.4,71.6,77.5
S2022,1,88.0,86.0,92.4
S2776,6,87.9,84.0,86.3
S2269,1,88.6,95.4,65.5
S2502,4,87.7,74.8,86.5
S2287,4,,89.3,62.4
S1119,2,93.0,91.4,88.4
S1404,4,77.9,73.9,63.3
S2335,1,86.5,96.2,86.6
S1292,5,84.8,93.8,63.6
S1338,5,88.2,83.1,78.0
S2639,2,80.3,76.7,56.6
S2078,1,69.6,69.3,52.7
S1057,3,69.0,59.8,56.7
S1036,6,97.9,99.4,95.4
S2011,4,89.4,87.0,67.9
S1224,4,87.6,100.0,81.8
S2775,5,86.0,96.2,93.8
S2337,1,68.4,66.0,74.5
S2050,1,71.2,78.4,66.3
S2007,5,90.5,96.6,89.0
S1055,6,83.3,78.0,89.3
S2590,1,74.7,84.4,82.5
S1501,5,65.2,82.5,59.8
S2561,1,76.1,69.9,64.6
S2082,5,70.5,86.8,71.2
S1520,2,65.5,82.4,77.1
S1388,1,87.1,82.7,71.4
S2512,2,95.4,78.9,77.7
S2569,2,91.4,85.0,74.9
S2100,4,75.1,64.4,62.0
S1592,4,72.0,76.5,74.1
S1244,1,81.9,85.2,90.4
S1029,4,79.3,72.0,74.3
S2101,4,81.1,90.3,78.4
S2667,2,68.6,68.4,85.6
S1595,6,89.8,82.4,73.9
S2105,3,71.0,81.5,55.2
S2260,5,57.6,53.8,69.1
S2800,1,96.0,95.4,86.4
S2431,6,79.2,72.9,80.3
S2723,4,87.1,100.0,83.3
S1157,3,72.7,92.3,67.7
S1011,1,73.3,79.5,79.8
S1207,5,88.2,80.7,100.0
S2361,1,71.6,79.1,80.8
S2257,1,72.4,75.3,73.4
S2664,1,86.4,81.9,87.8
S2543,5,88.3,99.7,88.0
S1354,3,88.9,87.3,80.7
S1255,1,,81.6,73.8
S1026,4,78.8,90.3,87.9
S2458,3,90.1,88.9,83.8
S1081,2,70.3,72.8,68.4
S2421,3,84.0,94.1,78.9
S2144,3,74.3,80.6,75.4
S2584,4,78.9,68.5,63.6
S2054,3,71.0,71.5,65.3
S1294,5,95.5,95.0,52.3
S1126,1,75.8,77.7,66.6
S2658,1,86.2,91.2,78.3
S2436,3,80.0,91.5,76.8
S2151,2,87.8,85.9,98.0
S2209,6,82.1,88.0,53.1
S1452,6,84.4,96.4,81.6
S2528,5,68.5,75.3,58.2
S2623,2,87.0,100.0,74.4
S2099,6,94.5,89.3,100.0
S1223,2,67.9,65.7,72.7
S2747,4,72.5,82.2,64.3
S2548,6,77.7,71.9,72.9
S1476,5,75.8,85.7,76.4
S1032,1,79.0,90.0,74.0
S1190,3,79.8,67.8,77.1
S2742,2,73.7,87.4,86.1
S1344,1,70.5,82.2,81.0
S2668,4,87.9,93.7,82.9
S2667,4,70.5,69.5,86.2
S1025,5,82.6,94.5,75.3
S2088,3,88.5,100.0,79.5
S2215,6,90.4,98.6,85.0
S2625,5,83.5,77.6,68.4
S1561,4,,80.3,80.1
S2199,1,88.7,78.1,67.9
S1478,5,88.8,81.1,86.2
S2030,3,92.1,100.0,82.8
S1232,1,72.8,65.7,59.9
S2391,2,88.0,100.0,70.1
S1512,2,73.9,91.9,68.1
S2651,4,87.9,100.0,83.7
S2350,2,85.1,90.6,81.1
S2005,6,87.0,82.3,75.4
S2760,4,80.1,77.5,62.5
S2200,4,81.0,87.2,78.3
S1505,5,82.4,69.9,76.5
S1495,6,68.4,61.7,67.3
S2714,5,82.7,79.2,69.7
S1285,5,80.6,79.9,81.3
S1493,2,61.3,73.4,79.1
S1076,5,83.5,97.2,75.5
S2561,5,77.3,75.9,65.0
S2423,5,85.3,86.1,87.3
S2664,5,77.7,87.1,75.2
S2469,4,80.4,92.3,76.1
S1102,4,82.9,93.6,95.6
S2111,4,82.2,69.7,79.9
S2205,3,75.7,68.9,66.9
S2681,6,75.4,82.2,77.2
S1346,5,85.0,75.2,57.7
S2076,3,80.1,77.2,83.3
S2630,4,79.9,63.9,62.3
S1271,3,77.8,69.6,64.3
S2181,4,83.5,94.6,77.2
S2317,2,78.2,79.1,69.7
S2591,2,69.6,75.2,62.3
S2367,1,76.3,89.5,76.7
S2598,3,76.5,73.5,74.1
S2725,4,73.1,75.5,68.4
S2580,4,89.3,93.5,71.7
S1007,5,86.7,89.9,84.6
S2313,4,77.6,62.4,76.7
S1349,2,88.6,87.4,75.0
S2055,1,91.1,76.1,74.1
S1363,4,73.4,73.3,84.5
S2706,3,71.6,84.0,69.4
S1013,3,77.1,75.3,66.5
S2610,2,86.2,86.9,83.3
S2034,1,79.5,92.3,81.5
S1443,6,76.5,77.4,78.4
S1531,1,64.6,57.6,72.2
S1347,1,85.3,83.1,81.5
S1074,4,92.6,81.3,88.2
S2698,5,61.8,51.5,59.9
S1342,6,85.0,77.7,74.8
S1424,4,93.8,88.1,80.5
S1217,6,85.8,88.9,64.9
S2380,4,76.6,72.7,63.1
S1572,5,80.5,69.4,69.9
S1218,3,75.7,82.5,84.5
S1040,3,90.8,92.7,94.3
S2784,4,84.1,69.9,68.3
S1434,2,76.9,81.8,62.7
S2170,3,90.4,100.0,77.5
S1547,5,83.1,89.8,79.1
S1532,1,87.9,86.0,88.3
S1462,3,87.5,91.1,88.3
S2206,2,64.1,52.5,52.4
S2104,6,92.3,93.1,88.0
S1352,1,86.3,90.3,93.2
S1447,4,67.3,72.5,70.1
S1461,2,71.3,77.0,60.0
S2182,3,77.1,72.5,54.9
S2300,6,81.0,69.5,65.2
S1232,2,62.1,58.2,62.7
S1484,4,75.0,91.0,68.0
S1597,2,96.2,91.4,85.8
S2616,3,84.2,77.9,76.9
S2701,2,74.3,81.6,71.2
S2581,4,87.2,100.0,76.5
S2234,3,76.6,85.4,87.0
S2376,4,72.5,80.8,58.1
S1214,2,71.7,77.6,60.4
S2750,4,81.4,89.0,92.0
S1135,1,92.2,88.8,83.9
S2468,3,95.2,91.5,100.0
S1260,2,87.9,88.2,93.8
S2767,2,89.8,73.5,77.7
S1532,5,89.7,91.6,87.3
S2162,1,81.4,89.9,85.6
S2201,3,92.0,100.0,96.4
S2794,2,84.2,82.3,69.2
S2595,3,93.6,100.0,90.6
S2207,6,94.6,96.7,95.3
S1600,1,84.3,88.9,59.6
S2406,6,84.3,68.2,55.5
S2543,1,93.0,96.9,85.8
S2560,5,81.1,78.8,77.1
S1321,1,72.3,76.3,75.5
S2097,2,91.7,99.8,93.0
S2541,4,74.2,72.2,73.8
S1219,1,81.5,74.6,73.1
S2345,4,78.8,79.0,82.2
S1153,3,82.2,85.9,85.6
S1576,3,98.3,100.0,88.6
S2016,6,72.5,66.6,74.8
S2108,1,85.2,75.7,78.8
S1527,1,82.8,91.9,89.2
S1367,3,81.5,80.0,67.5
S1130,1,83.2,71.9,74.1
S2138,4,90.4,95.8,89.3
S2426,1,82.0,77.8,81.7
S2417,2,92.7,90.3,59.1
S1158,2,69.3,83.0,52.2
S1138,1,77.1,80.8,75.6
S2547,3,86.6,100.0,86.3
S2235,2,,90.2,81.6
S2503,1,92.9,92.5,87.2
S2113,6,85.3,85.7,74.4
S1028,3,90.9,88.1,70.7
S2337,4,70.1,64.6,81.5
S2158,6,80.0,77.6,74.6
S2064,6,88.6,100.0,75.3
S1424,1,,85.0,81.5
S2560,4,87.4,71.7,74.2
S1532,6,94.1,83.7,82.1
S1219,4,72.7,76.9,88.3
S2268,6,77.2,94.6,83.5
S2771,4,,73.9,72.1
S2298,2,,58.2,60.5
S2661,3,86.6,76.1,81.5
S2013,4,96.3,91.7,90.6
S2604,1,95.3,86.2,75.7
S2521,3,84.1,96.8,72.9
S1551,1,85.6,85.0,65.5
S1552,5,69.7,78.0,93.5
S2551,5,90.1,84.1,82.4
S2604,4,,82.3,76.8
S1055,4,81.4,69.9,79.2
S2382,1,79.3,91.1,65.5
S1416,1,63.8,68.2,79.8
S2797,3,93.5,100.0,85.4
S2418,2,67.9,75.5,70.4
S2393,3,90.8,80.2,86.3
S2792,6,80.6,83.3,84.4
S2135,5,78.7,92.0,64.8
S1139,5,65.4,66.6,68.0
S1514,2,73.1,95.5,76.2
S1578,1,88.5,80.3,88.7
S2283,6,84.1,83.0,66.5
S2725,5,69.2,74.1,61.9
S1010,1,66.3,71.5,77.9
S2439,3,80.9,78.7,58.9
S2078,3,81.4,68.6,53.8
S1576,2,87.6,85.7,82.1
S2451,6,86.0,81.6,74.0
S1317,6,89.5,88.3,64.6
S1247,6,80.6,70.2,77.7
S2213,2,83.9,85.9,71.1
S2216,6,94.0,96.3,92.7
S2092,5,74.0,74.9,60.5
S2579,1,64.7,47.4,82.5
S1556,6,69.0,61.0,65.6
S2403,5,86.9,88.2,67.1
S2222,1,72.1,74.1,54.1
S1158,5,70.3,75.7,57.1
S2367,2,78.9,77.7,71.8
S1549,6,85.1,79.5,65.5
S1361,2,87.9,100.0,80.7
S2248,2,71.5,76.7,67.0
S2740,1,,92.8,84.8
S2680,3,72.7,74.0,77.8
S1510,4,80.6,85.5,78.1
S2624,5,95.1,90.8,76.8
S2316,1,100.0,88.6,79.1
S2523,2,74.0,89.2,64.9
S1129,1,77.2,78.7,79.4
S1345,2,79.7,94.4,67.5
S2769,3,76.0,71.0,72.6
S1583,4,82.5,79.9,94.7
S2619,4,84.9,88.7,74.7
S1048,4,60.8,57.5,55.1
S1251,1,86.6,82.4,76.5
S2155,1,85.8,72.8,68.3
S2746,3,69.6,68.3,77.4
S1389,5,90.3,88.9,97.6
S1453,6,77.0,81.7,72.3
S1347,4,100.0,89.4,77.5
S1565,6,74.6,68.1,67.5
S1121,3,67.0,72.6,70.3
S1159,4,67.8,77.2,68.6
S2718,1,83.0,90.5,81.9
S1378,1,90.9,78.7,84.5
S1165,6,85.6,76.6,58.5
S1536,3,80.0,93.4,65.3
S1294,2,92.7,95.7,65.4
S2642,1,68.9,81.9,63.7
S2138,1,89.1,90.9,89.6
S2518,3,94.2,100.0,81.5
S2314,2,76.3,74.5,78.6
S1288,3,81.1,83.3,70.5
S2264,5,78.0,76.2,72.0
S2753,4,73.0,86.8,83.4
S1057,6,67.6,62.9,58.1
S2017,6,89.8,92.4,69.9
S2108,2,73.4,91.4,74.5
S1115,5,83.5,68.9,81.2
S1573,1,83.1,88.1,76.5
S2268,2,80.2,87.4,77.1
S2225,1,93.7,100.0,83.8
S1162,1,79.0,67.0,62.1
S1521,1,77.2,66.5,60.8
S2766,6,88.5,73.5,80.3
S1368,2,69.6,75.1,73.7
S1453,2,89.0,73.0,76.3
S2193,6,83.4,82.7,91.0
S2250,5,64.3,72.3,66.4
S2791,5,91.4,85.4,91.8
S2775,6,98.4,96.4,85.9
S2800,5,88.7,99.5,100.0
S2281,1,77.6,71.8,70.2
S2396,6,81.1,92.9,86.9
S1596,3,82.6,77.9,80.7
S2201,6,81.9,100.0,98.2
S2284,2,78.4,85.6,78.1
S1332,5,91.8,100.0,91.8
S2087,5,100.0,85.8,77.7
S2194,2,82.8,85.0,69.5
S2640,6,92.6,92.5,86.5
S2284,1,84.7,75.7,76.9
S2722,2,71.7,89.8,69.0
S2229,4,76.4,88.5,73.8
S1160,1,80.7,96.5,72.3
S2240,1,90.8,97.8,71.5
S2531,4,88.4,68.2,75.0
S2001,1,90.9,96.8,68.0
S2482,5,,84.0,74.8
S2774,6,70.1,69.9,75.1
S1080,1,73.1,75.2,82.2
S2647,1,92.7,89.0,86.2
S1065,2,71.1,72.5,57.9
S2720,2,83.8,94.1,76.5
S1271,6,72.6,60.5,62.7
S1090,3,82.4,90.0,77.9
S2465,4,85.0,97.9,95.3
S2789,5,79.6,66.3,66.6
S2239,5,72.8,63.2,71.8
S2103,1,65.6,74.5,64.9
S2477,1,85.3,87.7,70.8
S1585,4,79.0,82.9,90.0
S1034,4,66.9,57.2,54.2
S2618,3,79.3,65.2,68.6
S1223,1,69.6,59.6,67.9
S2586,3,95.7,94.8,80.3
S1584,5,86.4,95.0,97.1
S1452,3,82.0,94.6,80.6
S2406,1,69.5,54.5,71.7
S2239,4,68.8,64.5,68.5
S2486,5,75.7,83.0,75.1
S2178,1,70.1,64.1,66.9
S2071,2,86.6,100.0,84.8
S1310,1,88.0,79.6,72.4
S2752,4,79.2,88.2,83.3
S1506,1,84.5,98.3,80.4
S1201,6,72.1,57.9,63.0
S2494,6,75.7,77.4,68.3
S1275,2,85.1,80.6,83.8
S1570,4,83.8,88.6,77.2
S1580,3,83.7,88.6,79.6
S1477,6,82.9,93.4,90.1
S1299,5,79.0,71.8,75.1
S2322,1,75.1,99.3,85.3
S2554,5,90.0,81.8,67.3
S2033,6,85.3,94.4,96.0
S1562,3,78.8,69.3,72.4
S1562,2,76.3,86.6,78.1
S1589,6,69.8,87.1,63.3
S2600,3,80.3,85.0,79.8
S2727,1,73.5,74.2,55.1
S2252,4,63.7,55.0,59.5
S2405,1,71.8,78.8,74.0
S1575,6,91.7,87.9,84.7
S1101,4,80.2,75.0,66.5
S1510,3,84.7,96.5,87.1
S2716,1,84.7,100.0,70.7
S1022,1,83.3,98.6,72.5
S2394,2,77.3,82.5,79.7
S2047,1,53.2,55.3,68.5
S1490,2,86.7,89.4,90.3
S2617,5,76.0,85.2,79.8
S2308,2,85.0,80.7,64.9
S2592,6,78.0,83.5,85.7
S2142,6,64.1,64.0,83.8
S2592,2,79.8,68.4,82.1
S1589,4,70.1,72.6,63.4
S1456,1,68.0,81.7,56.5
S1138,6,73.9,68.6,66.2
S1274,2,65.4,62.5,51.7
S1165,1,81.6,80.6,55.2
S1547,6,100.0,97.9,77.6
S1365,5,87.7,87.0,74.7
S1378,4,82.5,93.6,85.7
S1408,2,69.4,72.2,59.0
S1061,3,70.0,85.3,56.1
S1392,4,93.9,82.2,76.4
S1058,4,57.0,59.8,68.5
S1136,5,80.4,98.7,72.0
S2428,5,88.8,87.3,83.8
S2202,2,80.3,94.1,80.4
S1535,2,74.3,81.8,80.3
S2656,6,94.1,83.5,65.3
S1487,4,85.3,94.5,62.2
S2394,4,72.2,66.4,78.4
S1555,2,79.3,79.4,78.9
S2085,3,78.9,81.5,69.2
S2753,5,87.6,94.4,71.6
S1353,5,80.3,78.9,91.3
S2642,5,75.0,77.8,75.2
S1306,5,82.3,64.3,86.1
S1133,2,88.0,92.1,72.9
S2644,2,81.8,78.7,81.6
S1326,6,74.3,95.5,69.6
S2550,5,86.6,81.6,66.0
S1446,5,,74.7,68.4
S1016,5,75.1,87.9,66.5
S2105,2,82.7,78.4,55.0
S2027,1,79.3,81.4,81.2
S1482,6,92.0,98.4,88.6
S1396,2,94.5,77.3,67.9
S2703,6,85.5,89.4,72.5
S2652,6,80.0,67.3,80.1
S2639,1,74.5,56.5,52.7
S2741,6,77.0,78.6,68.1
S1539,1,87.7,77.6,61.5
S2427,3,76.9,87.5,52.0
S2582,6,69.2,70.0,57.8
S2460,6,80.9,92.2,72.0
S2400,3,67.4,74.9,52.9
S2691,3,85.1,96.1,76.3
S2749,1,83.6,81.1,78.2
S2622,1,77.8,77.6,65.6
S2405,5,81.3,80.0,72.3
S1476,4,89.4,91.5,77.6
S2783,4,64.8,63.4,64.7
S1486,3,84.6,76.3,86.6
S1311,6,,65.7,64.4
S2360,1,79.7,88.8,69.8
S1310,4,92.6,83.0,70.0
S1441,6,89.8,77.7,73.0
S1374,6,59.7,71.8,58.4
S2296,4,85.9,95.9,69.0
S1390,3,83.5,98.0,81.7
S1159,3,69.6,71.1,63.6
S2729,1,97.3,100.0,91.7
S1512,3,77.1,90.2,80.6
S1187,5,84.1,88.9,71.8
S1433,6,74.2,94.2,67.1
S1368,3,65.6,57.5,74.0
S1070,6,60.7,62.4,54.6
S1154,5,80.2,86.7,79.7
S1210,1,81.8,68.2,84.7
S1080,4,90.0,73.2,79.6
S1340,2,86.9,91.5,91.0
S2302,3,89.7,91.6,90.2
S2365,5,89.2,69.4,75.7
S2358,1,76.1,80.2,77.5
S2598,1,76.9,63.8,53.6
S2328,6,87.1,86.2,81.8
S2517,2,79.5,79.8,82.6
S1201,3,,58.6,83.3
S2490,1,,84.8,75.4
S1438,5,61.6,62.8,58.8
S2361,6,79.9,70.4,67.8
S2717,6,97.3,95.9,88.5
S1329,3,86.0,94.9,81.9
S1519,3,87.0,76.6,64.3
S2070,5,66.4,64.2,54.7
S2015,4,71.2,84.8,68.0
S2220,3,73.7,70.2,59.4
S1333,6,80.0,84.1,58.7
S2073,2,87.3,88.4,79.2
S2167,3,86.0,83.9,76.4
S1510,1,77.9,83.7,85.4
S1209,1,89.9,88.9,81.4
S1366,3,,83.4,78.4
S1453,1,79.2,61.9,64.3
S1166,3,77.7,72.3,84.6
S1366,1,84.7,67.7,80.9
S2179,3,,66.3,80.5
S2258,1,83.6,91.9,70.1
S2398,3,90.9,100.0,98.9
S2495,2,66.7,78.4,58.1
S2028,1,87.0,100.0,67.9
S2558,2,,77.5,69.5
S1600,4,82.3,85.7,65.3
S2186,2,94.7,87.1,83.8
S1220,5,84.0,80.3,73.8
S1311,4,68.7,79.0,79.8
S1391,4,74.5,79.7,76.9
S1409,2,73.3,85.6,80.9
S1357,1,89.2,100.0,87.1
S1178,4,71.9,57.9,64.8
S2379,1,93.3,83.3,89.4
S1101,1,79.5,77.4,71.6
S2105,4,74.0,83.8,57.6
S1437,6,90.2,78.4,88.2
S2663,6,74.5,67.0,75.9
S1013,6,70.4,82.8,74.0
S2658,5,91.2,94.8,66.2
S1484,1,89.4,81.9,68.6
S2425,5,77.8,68.9,52.5
S2623,1,91.9,100.0,68.0
S2204,3,68.2,71.7,64.7
S1220,1,88.8,92.2,73.3
S2718,4,87.9,92.2,80.9
S2392,2,87.5,94.1,89.6
S2469,6,82.9,94.9,65.7
S2720,6,82.6,83.3,79.2
S1146,3,91.9,86.6,89.9
S2042,5,67.2,78.0,71.4
S2312,3,70.3,62.7,79.1
S2392,6,86.2,95.0,90.0
S2008,2,83.8,81.9,79.8
S1495,2,79.1,67.3,69.8
S1566,2,69.6,87.4,52.0
S2303,4,60.1,62.0,66.9
S1427,5,76.7,74.2,68.3
S1262,5,70.4,69.9,87.1
S1440,2,85.3,82.7,65.2
S2277,1,61.1,47.2,77.5
S1589,3,84.9,79.9,65.5
S1063,4,79.5,81.3,89.4
S1319,1,90.7,83.2,88.6
S2139,2,69.3,75.2,82.3
S2708,3,88.7,82.3,81.3
S2722,6,62.0,80.0,69.6
S2072,2,73.9,66.2,85.5
S2477,6,89.2,84.6,85.1
S1268,3,80.8,69.0,59.3
S1187,3,86.2,71.6,75.1
S2013,6,92.1,96.7,89.6
S1582,5,89.4,81.6,87.8
S1340,5,88.2,85.1,77.4
S2407,4,72.6,84.0,70.8
S1494,1,94.0,96.4,88.1
S1333,3,81.1,80.0,61.4
S1471,5,79.0,88.3,67.4
S2714,3,78.4,76.6,75.6
S1397,1,73.0,88.9,76.8
S2777,1,81.5,79.5,78.9
S1224,5,95.4,87.3,85.7
S1054,3,79.9,66.1,70.9
S1270,6,63.0,56.6,68.2
S2019,6,77.6,97.4,78.8
S2282,2,100.0,96.5,70.5
S1344,3,82.4,88.4,81.1
S1370,6,81.2,82.4,87.1
S1279,6,76.1,93.7,69.6
S2407,3,62.9,52.3,76.8
S1044,3,74.4,72.9,68.8
S2736,2,84.8,92.9,71.7
S1340,6,87.1,97.9,92.0
S2198,4,75.3,73.4,82.7
S1151,2,87.9,87.5,79.4
S2025,1,81.9,75.9,80.6
S2468,1,93.8,90.6,91.2
S2565,5,95.4,76.9,78.9
S2106,5,89.0,98.6,78.9
S1320,4,77.7,82.6,73.1
S1305,5,98.2,90.9,100.0
S1263,2,86.4,84.4,61.4
S2136,6,88.8,83.3,74.8
S2192,4,76.5,91.0,75.7
S2439,6,74.5,75.4,60.2
S2727,2,75.0,78.7,50.3
S2176,5,87.8,73.6,66.2
S2448,2,86.7,89.1,76.4
S2102,3,84.5,88.0,86.9
S2172,2,69.4,81.2,62.7
S1038,3,93.5,73.6,77.2
S1121,4,73.2,77.3,68.0
S2756,5,88.8,85.4,77.5
S2564,2,92.3,73.6,83.2
S1191,2,88.6,90.4,81.0
S2322,4,87.8,81.1,78.3
S2479,2,75.9,77.6,84.6
S2361,5,69.5,77.8,81.1
S2645,4,73.2,81.6,82.8
S2749,3,87.1,88.7,82.1
S2326,5,69.7,81.4,73.8
S2599,6,80.1,82.2,68.3
S1461,3,69.3,66.9,57.3
S1142,1,95.5,96.6,83.4
S2115,6,82.1,100.0,97.0
S2327,5,72.8,90.4,90.8
S2520,4,91.4,89.1,100.0
S2420,4,91.7,74.9,83.6
S1426,2,97.2,100.0,72.0
S2355,2,87.5,77.8,93.7
S1489,1,97.4,88.2,83.9
S1020,4,82.1,79.5,65.2
S1108,4,84.7,83.4,84.3
S2395,3,92.0,85.2,76.3
S1001,4,93.4,87.8,84.3
S2096,1,74.1,60.0,65.7
S2376,2,64.1,79.3,68.7
S1078,6,80.9,76.0,77.4
S2649,2,,97.1,84.7
S1001,6,87.9,96.3,79.1
S2291,3,87.8,90.7,76.0
S1154,2,78.8,86.3,80.6
S1433,4,82.2,93.0,83.5
S2121,5,90.4,96.3,90.7
S1178,2,72.5,71.0,71.7
S1432,5,76.9,55.3,59.9
S1041,3,98.8,82.9,74.6
S2574,5,66.5,67.1,70.0
S2739,1,81.9,87.8,86.5
S1194,3,82.9,83.2,90.3
S1479,3,64.8,54.4,73.5
S2023,4,74.4,56.7,69.0
S2775,4,93.5,87.3,75.6
S1400,4,92.4,100.0,90.4
S1587,2,78.3,73.8,61.6
S2565,3,84.7,78.6,78.4
S1571,2,66.7,71.7,61.0
S1428,2,78.8,82.9,87.4
S2528,6,66.4,73.4,60.8
S2338,1,47.6,50.4,45.2
S1268,4,78.0,65.0,62.5
S1289,6,82.7,83.2,62.1
S1388,3,74.5,75.1,78.4
S1452,4,86.8,83.9,77.7
S2729,3,88.4,100.0,94.0
S1219,5,77.9,74.2,68.1
S1575,5,99.3,90.9,83.6
S2036,3,84.2,85.9,74.4
S2415,2,64.2,63.3,62.2
S2787,2,74.9,84.3,59.2
S1394,5,89.2,96.5,86.3
S1330,2,92.8,95.2,77.5
S1586,5,91.9,99.8,78.8
S1294,4,91.5,100.0,56.8
S2648,6,78.5,68.4,58.4
S2301,2,77.4,78.5,85.6
S1457,4,71.4,84.9,77.6
S2340,4,73.9,96.4,74.7
S1444,3,88.9,96.9,92.3
S1413,1,72.9,71.2,76.2
S2524,1,70.9,66.6,64.2
S2549,4,86.3,84.4,96.0
S2657,1,90.0,93.5,79.5
S2068,6,70.8,66.8,77.2
S2187,3,81.4,75.8,56.7
S2430,4,73.7,71.4,87.0
S1249,6,96.9,88.9,76.9
S2102,1,80.3,95.1,88.4
S2462,6,65.5,76.1,67.1
S1360,5,77.3,77.8,73.2
S1195,6,82.0,77.5,76.4
S2765,6,70.4,69.0,69.6
S1039,5,88.4,90.4,72.3
S1012,1,73.0,84.7,69.1
S2661,2,84.8,74.0,86.9
S1268,2,79.2,67.3,67.5
S2429,1,81.3,79.3,55.0
S1548,2,93.1,90.3,85.4
S1600,3,70.3,75.2,71.7
S2449,1,67.0,57.3,66.9
S2173,1,71.6,71.4,80.8
S2560,2,82.7,70.5,73.2
S1021,6,62.9,59.8,69.9
S2674,4,88.8,98.1,74.2
S2439,2,80.1,73.2,62.4
S2292,5,78.6,88.3,62.3
S1217,1,83.7,79.8,60.4
S1330,3,93.1,78.3,75.6
S2766,1,78.8,84.5,77.1
S2755,5,65.1,73.4,65.2
S1346,6,68.5,64.7,54.0
S2164,3,81.4,91.5,83.2
S2359,3,63.9,48.1,61.1
S1515,3,61.3,68.7,63.1
S2712,1,87.5,97.7,80.7
S2548,1,81.5,75.7,79.8
S2719,1,81.9,63.9,61.8
S2679,6,82.0,91.3,72.3
S1558,4,77.3,75.3,54.6
S2751,3,94.4,100.0,83.4
S2379,3,88.0,87.8,79.9
S2485,3,82.4,90.1,76.8
S1467,2,93.6,88.0,80.3
S1154,1,87.4,88.2,72.7
S1275,3,75.2,87.2,80.9
S2254,5,74.8,92.0,69.9
S2255,3,81.9,77.8,84.1
S2230,5,74.2,80.8,89.6
S2306,2,80.8,78.2,63.1
S2541,3,73.6,63.5,75.3
S2171,2,84.5,70.0,84.7
S2535,6,65.8,55.0,67.1
S1061,5,84.3,92.5,61.5
S2659,6,77.3,88.2,80.8
S1548,6,85.2,97.5,74.7
S1355,2,83.2,90.6,87.9
S2088,2,91.6,100.0,86.6
S2204,4,74.4,59.1,64.8
S1010,2,82.4,76.6,81.1
S1107,3,91.4,90.4,64.7
S1051,3,78.4,80.2,78.2
S1462,1,86.7,100.0,75.7
S2369,4,69.9,62.1,55.4
S1213,5,81.0,94.7,76.2
S2792,4,84.5,75.2,78.5
S2187,5,78.6,85.6,59.1
S1343,4,87.8,86.9,75.0
S2297,1,82.4,78.3,85.2
S2558,6,84.8,80.8,77.6
S2258,4,82.8,91.2,89.9
S2139,5,78.8,76.9,89.8
S2008,3,82.9,73.0,89.8
S2091,4,88.3,80.9,65.1
S1480,5,68.8,91.9,85.8
S2101,3,79.4,77.4,79.6
S2483,2,78.3,84.4,69.3
S2263,4,71.1,72.7,64.1
S1382,1,82.9,88.1,74.4
S1377,6,93.2,90.7,84.7
S2274,3,77.4,84.1,73.7
S2746,5,74.7,82.0,76.3
S1383,5,79.4,77.7,76.9
S2557,2,86.6,73.5,65.9
S2607,5,86.1,89.1,95.9
S2389,5,70.8,68.8,60.8
S1293,2,96.2,83.1,90.4
S2267,2,64.9,65.6,54.2
S1329,1,89.3,82.4,83.0
S2713,4,75.0,85.2,71.0
S1520,4,76.1,79.7,77.7
S1399,6,74.6,86.2,77.0
S1088,2,63.9,60.3,94.6
S2463,5,68.6,79.2,63.6
S2532,3,70.8,75.3,79.6
S2681,1,67.1,83.9,74.3
S2564,4,79.2,69.7,86.0
S2321,5,84.2,79.8,65.1
S2513,6,91.0,88.7,89.4
S2051,1,81.8,94.1,95.0
S2788,6,74.1,57.1,77.8
S2184,2,,95.3,83.7
S2331,6,88.1,100.0,87.8
S2735,2,80.6,85.6,69.0
S2662,5,70.0,80.0,65.7
S1521,3,,58.5,59.1
S2530,4,75.1,82.9,67.4
S2093,5,82.3,75.7,69.0
S1329,2,86.8,76.4,82.5
S1112,6,,84.9,76.0
S2099,1,93.8,95.2,93.5
S1112,1,76.2,88.8,68.3
S2709,3,81.7,99.4,95.0
S1315,4,66.8,89.9,78.9
S1545,3,75.3,83.8,76.7
S1047,5,89.6,85.3,75.4
S1492,2,66.8,93.7,61.2
S2143,4,85.6,67.7,69.4
S1150,6,76.0,69.4,72.6
S2682,2,91.2,89.5,83.2
S2406,2,78.9,65.1,76.5
S1575,2,89.3,100.0,84.5
S2416,1,85.7,89.3,77.2
S2725,2,79.4,63.4,72.9
S2566,2,84.6,79.3,88.6
S2626,1,92.2,90.0,80.2
S2706,1,68.8,76.7,70.6
S1127,5,100.0,96.4,76.4
S1318,5,80.2,98.9,74.9
S2074,5,71.8,71.0,78.5
S2038,2,71.4,68.7,66.7
S2090,5,67.9,65.6,79.5
S2037,3,84.2,83.1,71.8
S2445,6,83.8,79.0,85.2
S2117,5,73.3,87.7,75.1
S2329,2,81.3,84.7,73.0
S2433,5,81.2,82.6,80.0
S1433,2,73.9,92.8,72.7
S2095,1,73.1,61.3,70.2
S1506,2,83.0,98.0,90.6
S2396,2,89.1,72.5,77.1
S1597,4,80.8,90.5,82.0
S1473,1,71.3,59.1,79.0
S2309,2,90.3,94.0,67.0
S1579,5,76.2,92.3,80.5
S2455,4,85.6,84.4,81.0
S1023,6,73.5,90.8,82.4
S2574,6,72.2,64.0,76.0
S2216,3,95.6,98.9,82.1
S1364,3,86.4,76.6,76.6
S1355,5,83.6,97.4,94.9
S2689,3,91.2,78.9,84.7
S1530,4,84.1,84.5,70.8
S2210,1,58.1,67.7,66.2
S2173,6,76.2,67.2,73.4
S2253,4,65.2,79.9,67.5
S2718,3,76.7,87.5,81.0
S2588,6,89.4,91.1,96.4
S2675,5,87.1,92.0,89.3
S2111,2,84.5,70.2,68.3
S2125,1,87.5,89.3,81.3
S1222,6,94.7,82.3,79.3
S1337,2,64.9,64.7,72.5
S2158,1,78.4,78.9,80.0
S1414,5,77.9,90.6,68.6
S2568,1,93.4,76.6,89.9
S1227,3,87.6,89.4,71.0
S2557,6,73.0,77.8,59.0
S2441,2,68.2,73.7,55.8
S1222,4,90.8,97.5,82.9
S2547,6,84.3,95.9,87.2
S2712,6,83.2,100.0,82.6
S2665,6,78.9,87.5,78.5
S1359,3,78.6,81.2,70.6
S2156,1,87.5,82.7,95.1
S1354,5,80.0,81.1,70.4
S2064,4,88.6,97.9,94.0
S2567,1,87.9,91.7,86.1
S1209,5,87.5,82.0,70.6
S1547,3,92.5,89.9,88.8
S2578,1,66.1,74.2,75.9
S1563,3,86.2,85.2,77.6
S1470,1,89.6,78.7,67.9
S2187,4,68.9,90.0,60.3
S1309,1,82.4,87.9,89.4
S2210,5,61.5,59.2,71.5
S1507,2,88.7,90.2,97.9
S1065,5,83.1,73.7,48.6
S1040,2,90.0,82.6,94.4
S1180,4,63.8,71.9,61.3
S1331,5,78.6,90.3,68.8
S2128,2,86.1,89.9,75.7
S2646,4,92.4,100.0,84.6
S2061,3,93.0,97.8,75.4
S1129,3,89.4,77.6,79.7
S2156,4,74.5,100.0,81.0
S1113,2,78.1,73.7,73.1
S2450,4,70.9,82.6,77.9
S1263,3,74.5,82.1,70.1
S2607,4,82.0,67.7,88.3
S2440,5,70.9,76.3,57.7
S1570,6,,92.3,82.5
S1347,6,90.5,86.2,78.9
S1304,6,,100.0,86.3
S2164,6,85.2,79.9,72.7
S2230,3,73.9,69.8,83.2
S2158,3,83.9,88.6,82.7
S2328,4,87.6,77.0,80.1
S2724,2,86.9,98.5,83.7
S1120,3,,85.0,66.1
S2749,5,83.3,77.5,74.1
S2790,1,84.0,84.4,81.1
S1342,3,86.4,94.9,67.6
S2400,4,73.1,68.5,59.7
S2501,1,81.8,73.3,60.9
S2608,4,88.8,69.9,95.7
S2609,5,77.8,68.2,78.4
S2278,3,69.9,53.8,55.2
S2097,3,96.9,100.0,88.5
S2671,6,69.5,78.7,68.0
S2202,4,91.6,100.0,81.6
S1455,1,70.3,55.6,73.0
S2766,4,73.0,85.9,87.3
S2591,1,79.3,66.0,67.1
S2599,3,78.5,90.9,73.1
S1244,3,91.9,80.1,89.4
S2553,3,62.1,72.0,60.7
S2399,2,90.9,73.5,81.8
S1279,1,84.3,86.3,81.9
S1460,3,68.3,63.8,59.4
S1334,3,84.6,86.7,88.3
S2162,6,89.0,76.6,78.5
S2169,6,80.3,78.1,73.2
S2786,5,79.0,89.9,74.3
S1068,3,94.0,100.0,70.0
S1065,1,66.2,86.0,54.6
S2758,2,89.0,81.6,86.6
S2767,3,82.5,79.6,74.1
S1273,2,87.3,81.9,80.7
S2777,4,83.0,81.3,91.0
S2331,1,85.9,85.8,83.1
S2198,3,78.0,69.6,86.4
S2760,5,87.8,72.7,73.9
S2562,5,77.5,98.8,83.0
S2055,2,77.4,87.6,80.5
S2290,3,74.9,72.3,66.1
S2094,1,71.9,60.2,72.1
S2642,4,81.7,77.6,67.4
S2225,5,87.0,100.0,88.9
S2454,3,97.1,99.5,66.9
S2294,1,88.2,82.8,80.4
S1038,2,87.8,88.7,75.9
S1366,4,78.2,68.7,80.7
S1523,5,95.5,100.0,83.1
S2145,6,89.6,96.4,84.5
S1305,1,93.9,83.1,99.0
S1170,2,72.1,74.7,60.5
S2615,3,87.1,94.0,66.7
S2255,1,,72.3,72.8
S2229,5,82.6,79.7,69.4
S2637,3,81.2,93.1,76.8
S2635,6,91.3,76.1,70.3
S1133,6,91.8,97.5,81.3
S1479,4,59.9,60.4,68.7
S1002,4,72.9,72.6,79.6
S2499,6,65.3,65.7,53.0
S1325,1,86.1,93.6,81.5
S1307,3,85.1,86.8,72.0
S2201,5,92.8,100.0,97.9
S2572,1,71.4,64.3,59.3
S2353,2,77.8,77.4,74.3
S2148,4,81.3,82.7,90.9
S2762,2,73.6,61.9,71.7
S2686,5,68.2,74.2,55.0
S1264,4,75.0,64.0,71.7
S1493,5,68.8,73.7,64.6
S1155,1,99.6,100.0,80.3
S2550,2,84.7,86.5,65.6
S2741,1,80.2,87.5,61.1
S1419,1,,84.3,76.2
S2716,2,84.3,84.7,76.6
S2423,1,85.0,74.1,91.2
S2238,3,78.4,82.9,75.3
S2287,5,75.1,85.9,49.6
S2619,5,89.1,86.5,85.2
S2584,5,72.3,65.3,59.4
S2508,4,,88.8,89.9
S2408,1,83.9,100.0,81.9
S2030,2,96.6,98.0,82.8
S2206,6,71.5,55.3,64.0
S2090,3,68.2,65.1,77.7
S2228,3,51.7,59.3,62.2
S1464,2,97.7,100.0,87.6
S1090,6,87.7,88.2,79.7
S2625,2,84.1,88.3,77.5
S2648,2,,78.7,57.1
S1458,4,73.7,68.6,52.2
S2759,3,90.9,91.2,78.2
S2098,4,83.3,90.6,66.3
S2537,4,94.2,100.0,84.7
S2312,2,78.2,62.2,84.4
S1191,6,81.6,98.1,72.1
S2255,4,84.5,74.2,81.6
S2145,5,88.2,94.4,70.6
S1112,2,72.6,87.8,70.0
S2663,4,82.2,59.9,71.0
S1504,2,82.3,76.7,69.9
S1060,4,85.1,70.3,72.8
S2244,6,80.8,100.0,88.3
S1472,6,63.5,71.2,71.3
S1464,6,85.8,87.4,85.0
S1226,4,77.2,73.4,66.4
S2256,2,76.0,77.9,65.2
S2586,5,93.3,97.9,78.0
S1079,3,78.1,87.3,65.8
S1451,4,85.8,90.8,77.2
S1556,1,75.2,55.6,63.7
S2743,2,87.1,90.7,82.6
S2007,2,88.1,93.7,79.0
S1233,5,67.9,68.9,68.1
S1598,3,82.9,71.3,74.1
S2756,6,83.6,98.3,73.8
S2278,1,58.7,67.6,59.9
S1563,5,86.4,75.5,83.2
S1210,3,82.5,81.1,88.8
S2432,5,86.5,88.1,81.1
S2662,4,79.3,76.7,60.8
S1586,3,94.5,98.2,75.5
S2342,6,86.9,98.6,73.9
S2364,1,75.8,97.6,66.6
S1209,3,91.8,97.2,77.9
S2366,6,62.1,73.9,64.4
S2292,3,96.8,77.2,56.6
S2117,3,77.5,90.0,62.4
S1548,3,85.0,78.5,85.5
S1489,6,93.3,98.3,86.3
S2096,6,65.2,63.6,65.0
S2279,1,77.8,64.5,73.4
S2219,3,78.6,82.2,67.8
S1309,5,82.4,89.5,87.5
S2536,6,91.7,85.7,69.4
S2791,4,88.6,86.9,94.7
S1351,6,79.0,77.7,78.1
S2273,5,82.3,100.0,85.2
S2239,2,,66.7,78.2
S1155,5,91.8,88.0,87.3
S1138,2,79.9,64.3,64.0
S2663,5,76.5,68.3,79.3
S2771,1,81.8,85.1,74.4
S1256,2,85.5,84.9,76.4
S1203,3,82.0,100.0,86.7
S1085,1,72.6,96.2,82.9
S2115,2,87.6,91.0,83.6
S2482,6,74.2,76.9,62.1
S1333,5,76.3,78.3,64.4
S2489,3,80.6,74.8,72.7
S1513,1,80.6,77.0,68.8
S1327,3,74.9,80.8,76.3
S1231,5,62.2,60.9,62.9
S1150,1,73.3,78.5,76.8
S2221,5,78.8,74.7,67.2
S1076,6,86.3,100.0,73.6
S2504,2,88.2,98.3,67.2
S2364,2,72.2,84.9,81.2
S2784,1,86.9,85.4,58.6
S2019,2,83.1,84.8,75.6
S1208,2,92.9,93.3,87.2
S2209,2,74.3,72.2,58.7
S2192,3,91.2,86.2,87.4
S2112,3,77.7,90.2,71.7
S1588,1,78.5,79.6,84.5
S2616,4,83.0,75.5,73.4
S2090,1,67.8,60.9,76.5
S2001,3,90.7,100.0,71.2
S1119,6,89.7,100.0,86.2
S2098,5,87.6,86.7,62.4
S1370,1,77.9,73.8,86.0
S2284,4,81.4,69.5,79.8
S1488,2,97.9,100.0,80.9
S2499,1,70.3,61.3,60.4
S1302,5,82.8,95.8,70.1
S1582,1,81.4,91.9,88.1
S2637,4,81.8,83.3,70.8
S1524,4,76.6,71.4,48.8
S1305,4,95.5,83.9,91.2
S1193,4,85.7,72.4,67.3
S1221,5,88.8,100.0,92.6
S2119,5,90.3,96.1,99.6
S2650,1,82.1,74.0,68.2
S1086,1,71.9,83.6,66.3
S1281,1,89.1,91.5,82.9
S1084,2,79.2,70.8,78.1
S2769,6,69.5,81.3,82.4
S1310,3,92.4,81.3,64.3
S1232,3,74.4,58.2,55.4
S2336,6,72.1,66.8,88.2
S2020,6,78.1,82.7,66.0
S1398,5,98.5,93.4,73.8
S2324,4,72.1,54.7,79.4
S1540,3,73.9,82.5,64.0
S2429,5,75.8,89.3,51.2
S1257,5,91.2,83.2,71.4
S1203,6,81.3,97.8,85.3
S1447,6,76.0,72.1,79.1
S1499,6,92.4,100.0,75.0
S2319,5,86.0,91.5,71.9
S2453,2,,91.9,85.8
S1199,4,84.7,76.0,68.6
S2363,1,90.5,99.4,96.2
S2283,2,88.5,94.5,67.8
S1258,1,82.1,89.9,71.5
S1551,2,80.3,88.3,64.6
S1555,1,82.6,81.8,80.7
S2577,1,84.3,98.1,100.0
S1424,2,87.8,87.5,96.4
S1159,6,69.1,80.3,68.4
S2607,6,84.5,82.9,87.3
S2597,1,100.0,92.9,76.2
S2522,6,91.3,92.8,81.8
S2208,5,65.9,60.6,68.0
S2534,4,91.8,86.4,65.6
S2736,1,88.0,74.8,74.2
S2122,5,87.6,81.6,68.7
S1123,1,82.3,100.0,74.0
S2290,1,77.6,63.7,65.6
S2622,5,89.8,73.6,73.1
S1193,5,80.2,67.2,66.3
S2189,2,77.8,96.3,87.9
S1550,1,66.2,63.2,73.4
S2491,2,72.9,73.7,82.1
S1498,1,83.4,89.9,84.3
S2285,2,64.4,69.9,60.5
S2261,2,,74.0,86.9
S1360,3,75.7,75.9,79.6
S1178,1,61.3,76.7,60.8
S1437,1,81.8,65.7,93.7
S1195,4,74.9,69.6,70.7
S2007,1,86.1,94.3,76.9
S2676,2,72.5,69.1,87.1
S2332,3,94.8,99.9,82.7
S2599,5,74.4,97.5,66.8
S2149,4,68.5,67.8,80.7
S2612,1,92.2,94.1,75.8
S2231,1,72.0,65.5,71.3
S2225,3,90.9,100.0,89.2
S1464,5,88.2,91.5,90.0
S1120,4,72.6,82.7,77.9
S1418,1,71.1,77.8,84.0
S2127,5,88.5,90.4,85.4
S2096,2,66.1,68.3,66.8
S2748,1,88.9,88.0,75.5
S1066,6,83.3,100.0,71.1
S2598,5,77.8,69.3,66.4
S2149,5,61.7,67.9,69.4
S1228,4,95.3,95.4,86.9
S2773,3,63.1,63.8,67.7
S2387,2,79.0,71.1,63.6
S2229,1,76.2,74.4,74.0
S1486,5,85.2,78.7,84.7
S2341,5,74.2,72.6,68.3
S2028,5,90.0,94.6,73.4
S1574,3,87.6,87.1,88.4
S2627,2,86.7,91.3,61.5
S2535,3,67.7,63.5,69.8
S1358,2,85.2,89.4,76.9
S2251,5,88.8,96.4,73.8
S2246,4,77.5,84.5,88.0
S1262,6,77.1,79.8,79.0
S2080,6,75.4,85.6,64.3
S1188,1,81.5,91.5,79.9
S1465,3,85.4,100.0,81.5
S1495,4,71.4,73.9,53.8
S1418,3,75.6,84.8,79.0
S2399,1,82.4,81.6,79.7
S2595,1,100.0,100.0,88.8
S1122,3,80.2,97.7,74.3
S2665,4,84.3,75.2,80.9
S2658,2,88.0,88.2,73.0
S1069,5,87.2,79.8,76.4
S2358,4,81.9,81.7,73.5
S2679,1,81.5,81.6,66.5
S1138,4,76.3,79.5,76.0
S2063,3,82.0,93.4,64.4
S1070,4,59.5,75.1,56.0
S2525,5,82.0,96.5,80.8
S1348,1,89.0,97.3,82.9
S1563,2,92.0,89.1,78.8
S2355,3,66.7,91.2,89.5
S2085,4,71.6,87.3,58.8
S2131,1,69.9,74.9,65.1
S1178,5,55.6,64.1,64.2
S2053,2,94.2,95.2,86.0
S2323,5,88.8,82.6,67.7
S2734,5,70.6,75.9,71.5
S2298,6,64.0,64.8,51.9
S2356,3,92.5,91.7,71.5
S1457,3,77.1,75.3,80.0
S2243,1,92.9,82.4,86.1
S2067,5,73.8,69.6,63.2
S1405,4,73.2,76.2,59.7
S2539,6,76.2,83.8,69.4
S1282,2,92.1,100.0,73.0
S1142,6,90.1,85.0,84.9
S2451,4,90.8,89.3,75.3
S2380,5,72.4,65.5,62.0
S1474,2,89.6,85.6,81.5
S2169,4,82.5,71.9,76.1
S1415,6,80.0,67.6,78.3
S2551,6,89.8,88.9,87.4
S2632,5,85.3,85.5,72.5
S1475,6,75.6,69.9,74.5
S2511,6,89.9,95.7,87.0
S2381,2,94.2,94.6,80.4
S2143,1,77.3,71.4,69.2
S2637,6,76.7,88.9,70.2
S2481,5,84.9,88.0,79.8
S1414,2,80.6,77.5,66.3
S2503,6,89.3,100.0,80.8
S1357,6,80.9,99.6,90.3
S2265,5,95.6,100.0,75.0
S1458,3,66.4,65.2,66.9
S2609,6,72.5,70.0,74.6
S1585,3,83.2,73.5,92.4
S1280,6,80.0,100.0,92.7
S2109,2,75.1,85.8,75.5
S1525,4,83.3,75.9,77.4
S2756,1,83.0,71.2,73.5
S2568,3,85.3,91.3,89.0
S1097,5,75.4,86.2,70.2
S2079,3,85.3,85.6,81.1
S1558,2,89.1,88.9,54.4
S2635,1,83.4,81.6,67.0
S2013,1,89.2,99.7,100.0
S1094,2,65.4,65.3,72.4
S2273,6,86.0,98.5,100.0
S2701,6,73.8,79.2,71.3
S1086,3,73.3,78.8,65.5
S1181,2,92.2,75.2,84.0
S1278,3,84.6,73.3,67.2
S1322,6,71.6,67.3,81.9
S2793,5,80.0,85.2,69.9
S1192,5,93.4,88.5,76.4
S1474,1,91.2,76.6,89.8
S2392,4,94.3,100.0,82.2
S2263,6,78.6,88.7,74.3
S1139,3,63.3,69.4,74.6
S2193,1,82.5,96.4,79.5
S1106,6,67.2,63.5,68.6
S2145,2,97.5,95.5,75.8
S2534,2,84.0,94.6,71.0
S2732,2,78.0,74.1,76.0
S2580,6,94.7,82.0,76.1
S2562,1,86.6,98.9,80.1
S2091,3,85.0,82.5,66.1
S2572,2,69.1,68.0,70.2
S1147,1,79.1,89.7,81.8
S2212,4,92.6,100.0,71.0
S2286,6,94.0,97.4,86.8
S2271,3,71.1,79.8,82.0
S1001,5,88.6,90.2,72.4
S1509,4,76.7,79.2,76.8
S2349,4,75.5,60.3,54.3
S1521,5,77.5,65.8,70.6
S1416,2,56.9,77.0,73.5
S2197,2,88.9,100.0,78.8
S2652,4,80.8,78.8,77.7
S2477,2,76.1,88.0,76.3
S2449,6,54.0,53.2,56.6
S1192,3,93.2,80.4,75.0
S1096,5,88.6,86.1,77.5
S2029,2,72.6,83.7,65.1
S2092,1,75.6,55.7,60.8
S1143,2,91.7,100.0,74.0
S2503,3,97.7,100.0,82.4
S2401,3,81.8,86.7,81.4
S2150,2,100.0,100.0,82.1
S2763,2,87.5,82.3,88.8
S2510,2,89.2,89.0,80.6
S1395,5,61.3,72.3,45.8
S2197,5,90.7,100.0,67.4
S2733,1,81.9,89.5,70.7
S1492,5,76.1,80.4,60.7
S2338,4,53.8,37.7,54.1
S2562,6,80.3,73.2,98.9
S1307,6,81.9,86.0,77.4
S2398,5,92.9,100.0,93.6
S1090,4,91.8,83.8,82.3
S1468,5,,81.6,63.3
S2367,6,79.8,78.5,62.7
S2333,5,88.8,74.1,75.2
S2602,1,87.8,85.9,100.0
S2624,6,94.1,77.1,86.4
S2661,1,90.0,88.6,89.9
S2750,3,90.9,96.3,78.4
S1131,5,72.5,65.5,56.2
S1235,6,76.2,66.1,64.2
S1026,5,83.0,87.0,79.5
S2702,1,89.1,95.5,78.1
S1502,4,77.4,76.8,68.8
S1282,1,90.6,97.5,73.5
S2070,1,76.7,70.7,52.3
S2643,4,61.5,71.3,60.5
S2044,6,,79.9,56.1
S1456,4,71.1,74.4,59.4
S1316,6,87.0,71.9,65.1
S2308,1,75.2,87.6,67.5
S1095,6,53.2,65.8,58.8
S2519,2,92.2,95.9,85.9
S2376,5,80.0,78.9,61.3
S1303,5,86.7,97.0,89.0
S2787,4,85.6,80.8,62.4
S1555,4,82.7,78.4,75.7
S2418,1,71.4,66.1,68.3
S1496,6,79.7,60.4,69.0
S1164,3,85.6,77.2,67.3
S1032,5,82.5,88.0,74.8
S1117,4,80.1,73.5,82.9
S1102,1,89.7,85.1,87.7
S1051,2,75.6,85.7,77.4
S1571,1,69.4,56.5,66.3
S1177,5,89.6,86.0,92.9
S1575,1,98.7,81.3,82.7
S1179,2,81.0,78.3,82.1
S1368,4,80.0,63.8,79.6
S2624,2,90.0,100.0,92.0
S2769,1,80.0,76.5,76.8
S2680,6,82.1,58.0,78.8
S2174,5,85.5,95.4,64.0
S2681,4,60.9,79.2,71.4
S2733,5,75.2,82.7,58.0
S2334,3,77.4,62.4,53.5
S2571,3,59.5,61.3,54.9
S2216,4,100.0,95.0,97.7
S1038,4,88.6,90.3,73.9
S1560,1,100.0,91.7,87.7
S2383,4,61.5,62.4,65.5
S1573,5,72.4,83.8,83.6
S1283,2,74.3,70.7,47.3
S2549,6,90.0,97.9,86.8
S1175,2,86.6,78.0,68.0
S1575,3,95.7,94.9,86.6
S2742,5,74.2,76.0,83.4
S2190,2,82.4,86.7,81.7
S1204,1,81.3,94.3,77.5
S2403,4,77.8,90.1,61.7
S2065,4,86.7,83.9,52.5
S2219,4,70.4,77.3,71.6
S2149,6,70.7,73.0,71.5
S2558,3,86.0,79.8,76.1
S2350,6,90.8,92.2,84.1
S2793,1,70.3,82.0,67.9
S1160,3,75.7,76.1,66.2
S1479,2,45.6,53.8,71.9
S2139,6,78.3,86.4,76.0
S2229,6,73.8,72.9,83.1
S1494,4,84.0,94.8,91.7
S1367,5,77.0,80.2,85.1
S1017,3,82.6,80.3,72.3
S1427,2,75.4,75.2,68.9
S2100,6,85.1,74.9,61.1
S2324,2,59.6,52.7,66.5
S1275,5,92.3,77.3,77.2
S2433,6,92.3,80.1,84.9
S2450,2,78.5,72.9,74.7
S2150,6,91.8,100.0,83.5
S1193,3,69.2,76.4,77.5
S1376,6,79.4,83.0,78.5
S1529,3,75.3,87.9,64.7
S2634,3,72.9,76.7,75.6
S2594,1,94.7,100.0,96.6
S1519,1,75.4,82.4,59.0
S2159,1,97.5,99.3,88.6
S2304,6,86.7,89.3,83.5
S1342,4,79.1,93.4,82.9
S1044,5,74.4,60.5,63.0
S2077,6,71.9,74.3,56.9
S2323,3,93.7,86.1,67.5
S2503,5,88.9,100.0,88.3
S2754,3,82.0,95.3,70.1
S2760,2,82.5,77.1,73.8
S1301,3,76.8,72.4,71.0
S2190,3,74.8,91.2,74.4
S1398,4,96.6,95.2,87.7
S2516,5,86.8,76.7,82.3
S2360,6,72.4,89.1,69.8
S1327,4,76.0,70.4,75.2
S1497,1,86.4,100.0,93.7
S1308,2,71.5,53.3,80.9
S1290,1,78.9,89.6,64.1
S1486,2,91.0,88.7,93.9
S2790,5,87.3,86.5,85.6
S1332,1,86.2,100.0,84.1
S2492,1,82.3,82.8,71.7
S2584,1,85.4,79.2,65.2
S1469,4,90.9,81.2,62.0
S1110,6,74.3,77.4,72.5
S1419,4,69.0,88.0,77.7
S2114,5,83.0,88.5,87.8
S2448,6,100.0,76.2,80.4
S1322,5,70.1,77.2,92.4
S2588,4,83.2,90.9,86.0
S1033,6,78.8,88.7,81.2
S2697,2,91.6,96.0,72.6
S1489,4,90.8,91.7,79.1
S2735,1,81.9,83.7,91.2
S1388,6,76.7,79.5,58.9
S2132,4,93.5,95.8,68.6
S1034,5,60.9,53.8,52.4
S1586,1,87.7,99.3,72.4
S2222,6,89.1,70.5,58.5
S2323,4,76.0,84.5,60.4
S2366,2,75.1,60.1,64.5
S1285,4,79.7,84.6,80.1
S2263,1,,82.2,66.1
S2275,6,91.9,96.5,93.3
S2489,1,71.5,82.7,80.2
S2376,6,76.0,73.5,63.6
S2761,5,98.8,82.2,76.6
S1143,3,81.4,100.0,76.9
S2190,4,79.0,84.0,71.1
S1117,3,75.6,69.4,82.4
S2017,1,85.0,81.4,57.5
S1273,5,,91.4,83.8
S2614,3,72.9,58.2,58.7
S2660,1,82.2,82.1,63.0
S1597,6,84.1,81.9,77.9
S1216,2,94.0,100.0,83.8
S2498,4,62.9,70.4,67.6
S1309,6,72.1,100.0,96.4
S2273,1,89.8,99.5,85.3
S2028,2,79.3,96.4,71.4
S1551,5,82.1,79.4,73.1
S1250,2,66.4,59.7,77.9
S2733,3,78.5,74.6,70.3
S1334,1,82.9,79.6,91.5
S1111,4,81.2,91.1,67.6
S2025,5,77.4,76.1,80.7
S2136,4,91.2,98.4,70.0
S2322,5,82.9,90.9,93.7
S2330,2,75.9,93.1,68.4
S2655,3,71.1,84.8,54.3
S2378,3,76.0,99.4,55.1
S2530,3,72.9,78.2,78.1
S1218,5,69.8,73.5,82.1
S2633,1,98.8,84.7,61.9
S2333,1,84.8,80.7,79.6
S1278,2,71.9,73.8,70.3
S2309,3,,90.8,84.4
S2005,4,90.4,89.9,79.3
S1449,6,67.6,74.1,77.2
S2386,6,90.3,90.2,90.5
S1527,2,90.2,84.4,85.7
S2512,3,84.4,94.7,80.9
S1177,4,82.6,90.0,100.0
S2173,5,69.5,93.5,83.7
S1541,3,77.4,74.9,87.3
S1280,5,88.2,80.5,81.7
S2549,5,85.2,91.1,92.7
S2463,3,81.9,68.1,76.0
S2663,3,73.3,73.6,57.6
S1293,6,94.3,93.3,100.0
S2404,2,82.7,83.3,74.9
S2253,5,68.3,71.4,69.6
S2635,5,,86.1,72.7
S1466,1,82.0,67.8,72.7
S1144,6,70.8,88.9,72.2
S2710,5,94.0,100.0,73.0
S1248,3,91.3,81.8,76.0
S2573,4,,86.3,62.7
S2397,2,80.1,89.8,84.7
S2256,5,72.7,91.0,57.2
S1035,3,93.0,91.1,88.6
S2149,1,61.5,67.5,72.2
S2557,3,87.1,71.7,63.9
S2552,5,79.9,79.5,77.9
S1084,5,77.1,77.0,74.5
S2631,6,89.9,91.4,85.0
S1172,3,80.7,79.0,79.1
S2041,1,88.9,87.4,77.7
S2752,5,78.8,77.6,94.1
S2243,5,85.0,81.8,75.8
S2760,1,85.8,87.5,69.2
S1456,2,65.2,74.5,56.1
S1410,1,89.7,97.7,90.1
S2603,4,66.0,58.7,63.0
S1518,3,99.2,90.8,71.9
S2799,5,71.1,69.2,72.6
S2447,3,74.0,78.0,66.7
S1517,4,77.0,90.8,88.9
S2431,5,72.7,82.6,81.6
S1594,4,92.1,94.0,78.6
S2383,1,76.1,47.6,77.3
S2523,5,83.2,73.8,83.9
S2337,3,82.1,72.3,75.2
S2277,3,67.6,59.9,66.5
S1450,2,84.1,84.7,59.3
S1338,6,76.6,83.2,83.1
S2311,4,69.2,76.1,78.0
S1429,1,62.5,72.9,69.3
S2735,3,83.3,85.8,72.9
S1011,5,65.8,70.3,81.8
S1344,5,78.3,88.8,85.8
S2280,3,87.4,69.3,70.9
S2602,3,88.9,89.5,89.5
S2456,2,85.4,80.6,70.2
S2210,6,58.5,69.9,59.2
S2215,4,93.3,100.0,89.1
S1147,3,80.8,80.3,76.3
S2720,3,85.0,75.9,86.1
S2544,6,57.3,56.6,70.3
S2716,3,82.7,91.6,66.3
S2474,2,89.7,95.7,77.6
S2712,4,84.9,93.0,84.6
S1170,3,88.2,78.3,58.2
S2672,4,91.7,96.6,94.7
S1166,6,83.9,73.2,80.7
S2117,2,84.0,91.6,77.7
S2346,6,54.2,49.8,56.6
S2546,4,78.9,76.1,77.6
S2732,4,75.9,79.5,68.0
S2041,4,81.1,88.3,80.4
S1171,2,77.1,61.3,67.6
S1513,2,70.1,74.2,62.2
S2660,2,86.5,86.5,68.6
S2058,2,72.1,94.9,59.0
S1265,2,80.8,87.4,67.2
S1526,3,69.9,56.6,76.8
S2772,1,87.8,96.4,79.6
S1130,2,83.3,81.3,86.1
S2584,2,66.8,79.6,67.1
S2315,3,79.2,78.2,73.1
S2440,2,81.9,75.4,58.2
S2574,4,71.5,58.4,71.9
S1436,3,83.2,80.9,75.6
S2653,2,91.7,93.3,77.5
S2299,6,88.9,100.0,68.5
S2049,3,74.0,60.8,57.1
S1593,5,85.7,78.1,67.2
S1255,5,78.0,87.8,65.8
S1212,2,61.3,52.1,50.9
S2690,1,81.5,99.7,74.9
S1317,4,85.4,96.5,68.3
S2177,3,88.9,71.7,82.9
S1501,6,73.7,76.5,66.6
S1456,5,74.1,62.8,51.9
S1032,4,87.6,96.3,76.0
S1458,6,65.8,62.7,52.2
S1342,2,81.2,77.4,71.1
S2709,2,87.9,84.6,93.6
S1427,3,75.4,79.5,68.1
S2467,1,69.7,73.9,79.4
S1565,2,75.2,62.7,70.1
S2160,2,78.7,100.0,83.6
S1198,3,83.0,99.9,90.3
S2471,1,75.8,61.7,68.4
S2242,6,91.2,79.0,78.2
S2286,2,87.6,100.0,94.3
S1406,4,74.1,63.3,62.6
S2559,2,85.9,86.7,86.6
S1129,2,78.9,84.3,76.1
S1281,6,82.3,97.4,79.1
S2788,1,70.3,78.5,76.2
S2330,5,,81.9,69.1
S2138,5,97.8,100.0,94.6
S1078,5,72.9,72.0,77.1
S2445,2,84.0,81.7,91.7
S2356,5,89.7,91.6,69.4
S2266,2,,85.4,100.0
S2299,3,93.0,99.2,76.1
S1144,3,78.6,72.7,79.7
S2612,5,88.4,88.3,73.1
