student_id,department,semester,academic_cgpa_current,academic_backlogs_current,attendance_subject_attendance_current,lms_assignment_completion_pct_current,placement_coding_score_current,placement_mock_interview_score_current,placement_aptitude_score_current,skills_tech_skills_score_current,skills_soft_skills_score_current,engagement_events_attended_current,engagement_club_participations_current,engagement_hackathons_attended_current,engagement_certifications_count_current,feedback_satisfaction_score_current,feedback_faculty_rating_current,success_score,success_score_confidence,success_tier,success_score_status,academic_risk_probability,academic_risk_label,academic_risk_tier,placement_risk_probability,placement_risk_label,placement_risk_tier,academic_priority_score,academic_trend,placement_priority_score,placement_trend,priority_score,priority_domain,priority_tier,intervention_required,recommended_action,academic_factor_1,academic_shap_1,academic_direction_1,academic_factor_2,academic_shap_2,academic_direction_2,academic_factor_3,academic_shap_3,academic_direction_3,academic_factor_4,academic_shap_4,academic_direction_4,academic_factor_5,academic_shap_5,academic_direction_5,placement_factor_1,placement_shap_1,placement_direction_1,placement_factor_2,placement_shap_2,placement_direction_2,placement_factor_3,placement_shap_3,placement_direction_3,placement_factor_4,placement_shap_4,placement_direction_4,placement_factor_5,placement_shap_5,placement_direction_5
S2001,ECE,,8.65,1.0,49.6,47.8,92.4,73.1,95.6,91.7,74.3,2.0,1.0,3.0,2.0,2.96,4.31,66.72,100.0,Amber,Reliable,0.567,1,Medium,0.46,1,Medium,34.01,Stable,27.61,Stable,34.01,Academic,Medium,Yes,Monitor student - 14d,numeric__lms_assignment_completion_pct_avg_3m,-1.63,Reduces Risk,numeric__academic_warning_score,1.457,Increases Risk,numeric__feedback_satisfaction_score_avg_3m,1.454,Increases Risk,numeric__placement_coding_score_avg_3m,1.236,Increases Risk,numeric__skills_tech_skills_score_avg_3m,-1.126,Reduces Risk,numeric__attendance_overall_attendance_current,3.216,Increases Risk,numeric__attendance_overall_attendance_avg_3m,-1.778,Reduces Risk,numeric__attendance_subject_attendance_current,1.598,Increases Risk,numeric__attendance_subject_attendance_avg_3m,-1.318,Reduces Risk,numeric__placement_aptitude_score_current,1.076,Increases Risk
S2002,MECH,,7.88,1.0,74.6,91.1,80.0,89.9,81.0,80.0,90.2,3.0,3.0,2.0,1.0,4.57,4.24,74.62,100.0,Green,Reliable,0.23,0,Low,0.269,1,Medium,16.56,Declining,16.13,Stable,16.56,Academic,Low,Yes,No immediate intervention,numeric__academic_warning_score,1.191,Increases Risk,numeric__skills_soft_skills_score_avg_3m,1.069,Increases Risk,numeric__placement_mock_interview_score_avg_3m,-0.804,Reduces Risk,numeric__attendance_overall_attendance_std_3m,0.795,Increases Risk,numeric__feedback_satisfaction_score_avg_3m,-0.768,Reduces Risk,numeric__academic_subject_score_avg_slope_3m,0.946,Increases Risk,numeric__academic_internal_marks_slope_3m,-0.87,Reduces Risk,numeric__placement_mock_interview_score_current,-0.845,Reduces Risk,numeric__placement_mock_interview_score_avg_3m,-0.663,Reduces Risk,numeric__attendance_overall_attendance_current,0.631,Increases Risk
S2003,MECH,,8.54,0.0,87.9,91.9,84.4,72.9,87.2,75.1,76.9,3.0,1.0,2.0,1.0,3.3,4.15,78.63,100.0,Green,Reliable,0.284,0,Low,0.4,1,Medium,20.48,Declining,24.01,Stable,24.01,Placement,Low,Yes,No immediate intervention,numeric__feedback_satisfaction_score_avg_3m,0.778,Increases Risk,numeric__lms_logins_per_week_slope_3m,-0.769,Reduces Risk,numeric__engagement_events_attended_slope_3m,-0.564,Reduces Risk,numeric__placement_aptitude_score_slope_3m,0.553,Increases Risk,numeric__feedback_satisfaction_score_current,-0.549,Reduces Risk,numeric__low_lms_flag,0.914,Increases Risk,numeric__attendance_overall_attendance_current,-0.656,Reduces Risk,numeric__skills_soft_skills_score_std_3m,-0.649,Reduces Risk,numeric__placement_aptitude_score_slope_3m,-0.586,Reduces Risk,numeric__feedback_satisfaction_score_current,0.467,Increases Risk
S2004,CSE,,8.38,1.0,92.4,93.1,78.6,78.9,84.2,80.0,79.1,3.0,1.0,2.0,2.0,4.23,4.56,79.69,100.0,Green,Reliable,0.011,0,Low,0.455,1,Medium,0.53,Improving,27.31,Stable,27.31,Placement,Low,Yes,No immediate intervention,numeric__skills_soft_skills_score_avg_3m,0.844,Increases Risk,numeric__lms_assignment_completion_pct_avg_3m,0.634,Increases Risk,numeric__attendance_overall_attendance_std_3m,-0.596,Reduces Risk,numeric__engagement_hackathons_attended_std_3m,-0.556,Reduces Risk,numeric__academic_warning_score,-0.535,Reduces Risk,numeric__attendance_overall_attendance_current,-0.851,Reduces Risk,numeric__attendance_subject_attendance_current,-0.667,Reduces Risk,numeric__attendance_subject_attendance_avg_3m,0.621,Increases Risk,numeric__attendance_overall_attendance_avg_3m,0.591,Increases Risk,categorical__department_CSE,-0.416,Reduces Risk
S2005,MECH,,9.24,0.0,86.4,77.0,82.3,75.4,87.0,82.5,75.7,1.0,1.0,2.0,2.0,3.96,4.22,81.85,100.0,Green,Reliable,0.023,0,Low,0.623,1,High,1.4,Stable,37.4,Stable,37.4,Placement,Medium,Yes,Monitor student - 14d,numeric__attendance_declining_flag,-0.741,Reduces Risk,numeric__academic_cgpa_current,0.594,Increases Risk,numeric__academic_warning_score,-0.535,Reduces Risk,numeric__placement_coding_score_avg_3m,0.49,Increases Risk,numeric__lms_assignment_completion_pct_avg_3m,-0.483,Reduces Risk,numeric__attendance_overall_attendance_current,-0.938,Reduces Risk,numeric__engagement_strength,0.775,Increases Risk,numeric__engagement_events_attended_current,-0.63,Reduces Risk,numeric__attendance_overall_attendance_avg_3m,0.614,Increases Risk,numeric__attendance_subject_attendance_avg_3m,0.511,Increases Risk
S2006,CIVIL,,10.0,0.0,83.5,90.7,96.1,89.2,97.7,94.8,87.2,5.0,1.0,4.0,1.0,4.18,5.0,90.37,100.0,Green,Reliable,0.047,0,Low,0.118,0,Low,2.27,Improving,7.1,Stable,7.1,Placement,Low,No,No immediate intervention,numeric__placement_aptitude_score_current,-1.267,Reduces Risk,numeric__placement_coding_score_avg_3m,1.123,Increases Risk,numeric__lms_assignment_completion_pct_avg_3m,1.122,Increases Risk,numeric__academic_cgpa_current,1.113,Increases Risk,numeric__skills_tech_skills_score_avg_3m,-1.034,Reduces Risk,numeric__engagement_strength,-2.4,Reduces Risk,numeric__engagement_hackathons_attended_current,1.814,Increases Risk,numeric__placement_aptitude_score_current,1.236,Increases Risk,numeric__academic_internal_marks_avg_3m,-0.86,Reduces Risk,numeric__placement_mock_interview_score_current,-0.806,Reduces Risk
S2007,CSE,,8.82,0.0,72.7,88.3,94.6,82.0,88.2,89.3,88.4,4.0,1.0,2.0,1.0,4.12,4.31,82.47,100.0,Green,Reliable,0.85,1,High,0.49,1,Medium,61.24,Declining,29.42,Stable,61.24,Academic,High,Yes,Advisor review recommended - 7d,numeric__engagement_hackathons_attended_std_3m,1.292,Increases Risk,numeric__placement_coding_score_avg_3m,1.262,Increases Risk,numeric__skills_tech_skills_score_avg_3m,-0.877,Reduces Risk,numeric__skills_soft_skills_score_avg_3m,0.815,Increases Risk,numeric__placement_mock_interview_score_avg_3m,-0.614,Reduces Risk,numeric__feedback_satisfaction_score_slope_3m,0.632,Increases Risk,numeric__placement_coding_score_avg_3m,-0.622,Reduces Risk,numeric__placement_aptitude_score_current,0.513,Increases Risk,numeric__placement_mock_interview_score_avg_3m,-0.506,Reduces Risk,numeric__skills_soft_skills_score_current,0.489,Increases Risk
S2008,MECH,,8.55,1.0,97.2,87.4,91.2,81.5,92.9,90.5,82.2,3.0,1.0,4.0,1.0,4.54,4.35,84.6,100.0,Green,Reliable,0.023,0,Low,0.841,1,High,1.11,Improving,50.45,Stable,50.45,Placement,Medium,Yes,Monitor student - 14d,numeric__feedback_satisfaction_score_avg_3m,-0.895,Reduces Risk,numeric__placement_aptitude_score_current,-0.893,Reduces Risk,numeric__engagement_hackathons_attended_current,0.678,Increases Risk,numeric__skills_soft_skills_score_avg_3m,0.595,Increases Risk,numeric__academic_warning_score,-0.535,Reduces Risk,numeric__attendance_overall_attendance_current,-1.965,Reduces Risk,numeric__engagement_hackathons_attended_current,1.814,Increases Risk,numeric__attendance_overall_attendance_avg_3m,1.407,Increases Risk,numeric__engagement_strength,-1.279,Reduces Risk,numeric__attendance_subject_attendance_avg_3m,0.964,Increases Risk
S2009,MECH,,7.26,1.0,88.0,76.6,59.9,55.6,72.4,67.9,56.9,2.0,1.0,1.0,0.0,3.96,3.65,70.63,100.0,Green,Reliable,0.353,1,Medium,0.443,1,Medium,21.17,Stable,26.57,Stable,26.57,Placement,Low,Yes,No immediate intervention,numeric__placement_coding_score_avg_3m,-2.299,Reduces Risk,numeric__skills_tech_skills_score_avg_3m,1.825,Increases Risk,numeric__skills_soft_skills_score_avg_3m,-1.168,Reduces Risk,numeric__attendance_overall_attendance_std_3m,0.873,Increases Risk,numeric__placement_mock_interview_score_avg_3m,0.788,Increases Risk,numeric__engagement_strength,2.083,Increases Risk,numeric__low_coding_flag,1.487,Increases Risk,numeric__placement_coding_score_avg_3m,1.133,Increases Risk,numeric__placement_mock_interview_score_current,1.107,Increases Risk,numeric__engagement_hackathons_attended_current,-1.05,Reduces Risk
S2010,IT,,9.19,0.0,82.1,92.9,90.4,77.8,91.2,81.5,73.5,2.0,2.0,3.0,2.0,4.03,4.48,83.97,100.0,Green,Reliable,0.384,1,Medium,0.117,0,Low,27.62,Declining,7.0,Stable,27.62,Academic,Low,Yes,No immediate intervention,numeric__placement_coding_score_avg_3m,1.186,Increases Risk,numeric__skills_tech_skills_score_avg_3m,-0.874,Reduces Risk,numeric__placement_aptitude_score_current,-0.76,Reduces Risk,numeric__academic_warning_score,-0.668,Reduces Risk,numeric__academic_cgpa_current,0.56,Increases Risk,numeric__engagement_hackathons_attended_current,0.859,Increases Risk,numeric__placement_aptitude_score_current,0.741,Increases Risk,numeric__placement_coding_score_avg_3m,-0.585,Reduces Risk,numeric__lms_assignment_completion_pct_std_3m,-0.573,Reduces Risk,numeric__engagement_strength,-0.532,Reduces Risk
S2011,MECH,,9.74,0.0,59.2,62.3,89.3,68.0,96.8,86.9,62.1,3.0,0.0,3.0,1.0,2.27,4.68,74.15,100.0,Green,Reliable,0.25,0,Low,0.176,0,Low,11.99,Improving,10.57,Stable,11.99,Academic,Low,No,No immediate intervention,numeric__feedback_satisfaction_score_avg_3m,1.799,Increases Risk,numeric__feedback_satisfaction_score_current,-1.435,Reduces Risk,numeric__lms_assignment_completion_pct_avg_3m,-1.348,Reduces Risk,numeric__placement_aptitude_score_current,-1.197,Reduces Risk,numeric__engagement_events_attended_slope_3m,1.028,Increases Risk,numeric__attendance_overall_attendance_current,1.712,Increases Risk,numeric__feedback_satisfaction_score_current,1.22,Increases Risk,numeric__placement_aptitude_score_current,1.168,Increases Risk,numeric__attendance_subject_attendance_current,1.09,Increases Risk,numeric__attendance_overall_attendance_avg_3m,-1.007,Reduces Risk
S2012,ME,,9.6,0.0,84.4,86.6,91.7,94.7,95.6,93.0,94.7,3.0,2.0,2.0,2.0,4.01,5.0,85.7,100.0,Green,Reliable,0.102,0,Low,0.304,1,Medium,6.09,Stable,18.23,Stable,18.23,Placement,Low,Yes,No immediate intervention,numeric__placement_aptitude_score_current,-1.103,Reduces Risk,numeric__skills_tech_skills_score_avg_3m,-0.97,Reduces Risk,numeric__placement_coding_score_avg_3m,0.954,Increases Risk,numeric__skills_soft_skills_score_avg_3m,0.93,Increases Risk,numeric__placement_mock_interview_score_avg_3m,-0.919,Reduces Risk,numeric__placement_mock_interview_score_current,-1.119,Reduces Risk,numeric__placement_aptitude_score_current,1.076,Increases Risk,numeric__academic_internal_marks_avg_3m,-0.957,Reduces Risk,numeric__placement_mock_interview_score_avg_3m,-0.758,Reduces Risk,numeric__skills_soft_skills_score_current,0.724,Increases Risk
S2013,IT,,8.17,1.0,87.7,89.8,96.7,89.6,92.1,91.6,86.4,3.0,1.0,2.0,1.0,4.43,4.64,80.09,80.0,Green,Reliable,0.125,0,Low,0.039,0,Low,9.0,Declining,2.35,Stable,9.0,Academic,Low,No,No immediate intervention,numeric__skills_soft_skills_score_avg_3m,1.255,Increases Risk,numeric__placement_coding_score_avg_3m,1.164,Increases Risk,numeric__feedback_satisfaction_score_avg_3m,-1.06,Reduces Risk,numeric__skills_tech_skills_score_avg_3m,-0.927,Reduces Risk,numeric__placement_mock_interview_score_avg_3m,-0.896,Reduces Risk,numeric__placement_mock_interview_score_current,-0.828,Reduces Risk,numeric__placement_aptitude_score_current,0.81,Increases Risk,numeric__placement_mock_interview_score_avg_3m,-0.738,Reduces Risk,numeric__attendance_overall_attendance_slope_3m,-0.593,Reduces Risk,numeric__placement_coding_score_avg_3m,-0.574,Reduces Risk
S2014,CSE,,7.69,1.0,82.9,74.4,83.6,75.7,70.8,82.5,75.6,,,,,3.5,3.4,74.5,100.0,Green,Reliable,0.469,1,Medium,0.212,1,Medium,22.51,Improving,12.71,Stable,22.51,Academic,Low,Yes,No immediate intervention,numeric__placement_aptitude_score_current,0.831,Increases Risk,numeric__skills_soft_skills_score_avg_3m,-0.754,Reduces Risk,numeric__feedback_faculty_rating_avg_3m,0.536,Increases Risk,numeric__academic_warning_score,-0.535,Reduces Risk,numeric__feedback_faculty_rating_current,0.518,Increases Risk,numeric__placement_aptitude_score_current,-0.812,Reduces Risk,numeric__feedback_faculty_rating_current,0.641,Increases Risk,numeric__skills_soft_skills_score_std_3m,0.631,Increases Risk,numeric__feedback_satisfaction_score_slope_3m,-0.58,Reduces Risk,numeric__academic_internal_marks_avg_3m,0.44,Increases Risk
S2015,IT,,8.53,0.0,70.9,76.9,93.7,61.5,73.4,91.6,54.6,2.0,1.0,2.0,1.0,3.91,3.87,76.48,100.0,Green,Reliable,0.704,1,High,0.161,0,Low,50.7,Declining,9.67,Stable,50.7,Academic,Medium,Yes,Monitor student - 14d,numeric__skills_tech_skills_score_avg_3m,-0.88,Reduces Risk,numeric__placement_coding_score_avg_3m,0.794,Increases Risk,numeric__skills_soft_skills_score_avg_3m,-0.655,Reduces Risk,numeric__placement_aptitude_score_current,0.628,Increases Risk,numeric__engagement_events_attended_slope_3m,-0.564,Reduces Risk,numeric__skills_soft_skills_score_std_3m,0.903,Increases Risk,numeric__engagement_strength,0.775,Increases Risk,numeric__placement_mock_interview_score_current,0.771,Increases Risk,numeric__skills_soft_skills_score_current,-0.77,Reduces Risk,numeric__placement_aptitude_score_current,-0.614,Reduces Risk
S2016,MECHANICAL ENGINEERING,,7.24,0.0,74.0,62.8,66.6,74.8,72.5,68.7,83.2,4.0,1.0,1.0,1.0,,,72.03,95.0,Green,Reliable,0.343,1,Medium,0.112,0,Low,24.71,Declining,6.71,Stable,24.71,Academic,Low,Yes,No immediate intervention,numeric__placement_coding_score_avg_3m,-1.295,Reduces Risk,numeric__skills_tech_skills_score_avg_3m,0.959,Increases Risk,numeric__academic_cgpa_current,-0.77,Reduces Risk,numeric__attendance_declining_flag,-0.741,Reduces Risk,numeric__placement_aptitude_score_current,0.699,Increases Risk,numeric__engagement_hackathons_attended_current,-1.05,Reduces Risk,numeric__lms_assignment_completion_pct_std_3m,-0.687,Reduces Risk,numeric__placement_aptitude_score_current,-0.683,Reduces Risk,numeric__placement_coding_score_avg_3m,0.638,Increases Risk,numeric__skills_soft_skills_score_std_3m,0.558,Increases Risk
S2017,MECH,,8.88,0.0,75.2,63.4,92.4,69.9,89.8,86.0,66.7,2.0,1.0,3.0,1.0,2.92,4.58,73.52,100.0,Green,Reliable,0.039,0,Low,0.37,1,Medium,2.34,Stable,22.18,Stable,22.18,Placement,Low,Yes,No immediate intervention,numeric__feedback_satisfaction_score_avg_3m,1.342,Increases Risk,numeric__lms_assignment_completion_pct_avg_3m,-1.038,Reduces Risk,numeric__lms_logins_per_week_slope_3m,-0.896,Reduces Risk,numeric__feedback_satisfaction_score_current,-0.876,Reduces Risk,numeric__attendance_declining_flag,-0.741,Reduces Risk,numeric__attendance_overall_attendance_current,0.977,Increases Risk,numeric__low_lms_flag,0.914,Increases Risk,numeric__engagement_hackathons_attended_current,0.859,Increases Risk,numeric__feedback_satisfaction_score_current,0.745,Increases Risk,numeric__placement_aptitude_score_current,0.635,Increases Risk
S2018,MECH,,7.87,1.0,95.7,89.9,68.1,78.0,71.4,66.2,81.3,6.0,2.0,2.0,2.0,4.13,4.16,80.46,100.0,Green,Reliable,0.607,1,High,0.23,1,Medium,43.68,Declining,13.83,Stable,43.68,Academic,Medium,Yes,Monitor student - 14d,numeric__placement_coding_score_avg_3m,-0.991,Reduces Risk,numeric__skills_tech_skills_score_avg_3m,0.827,Increases Risk,numeric__placement_aptitude_score_current,0.785,Increases Risk,numeric__lms_assignment_completion_pct_avg_3m,0.764,Increases Risk,numeric__engagement_events_attended_slope_3m,0.71,Increases Risk,numeric__engagement_strength,-2.027,Reduces Risk,numeric__attendance_overall_attendance_current,-1.511,Reduces Risk,numeric__attendance_overall_attendance_avg_3m,1.041,Increases Risk,numeric__engagement_events_attended_current,1.019,Increases Risk,numeric__attendance_subject_attendance_current,-0.842,Reduces Risk
S2019,INFO TECH,,8.61,1.0,89.4,78.3,97.4,78.8,77.6,85.0,78.2,3.0,1.0,2.0,1.0,3.63,4.38,79.44,100.0,Green,Reliable,0.405,1,Medium,0.096,0,Low,24.32,Stable,5.74,Stable,24.32,Academic,Low,Yes,No immediate intervention,categorical__department_INFO TECH,0.662,Increases Risk,numeric__lms_logins_per_week_slope_3m,0.633,Increases Risk,numeric__placement_coding_score_avg_3m,0.59,Increases Risk,numeric__academic_warning_score,-0.535,Reduces Risk,numeric__engagement_hackathons_attended_std_3m,0.511,Increases Risk,numeric__attendance_overall_attendance_current,-0.689,Reduces Risk,numeric__skills_soft_skills_score_std_3m,-0.663,Reduces Risk,numeric__feedback_satisfaction_score_slope_3m,-0.571,Reduces Risk,numeric__attendance_subject_attendance_current,-0.508,Reduces Risk,numeric__placement_coding_score_std_3m,0.386,Increases Risk
S2020,CSE,,8.48,1.0,89.9,64.4,82.7,66.0,78.1,78.4,64.1,3.0,1.0,2.0,1.0,3.81,4.24,73.53,100.0,Green,Reliable,0.282,0,Low,0.218,1,Medium,16.92,Stable,13.09,Stable,16.92,Academic,Low,Yes,No immediate intervention,numeric__attendance_overall_attendance_std_3m,0.672,Increases Risk,numeric__lms_assignment_completion_pct_avg_3m,-0.639,Reduces Risk,numeric__lms_assignment_completion_pct_current,0.529,Increases Risk,numeric__skills_soft_skills_score_avg_3m,-0.471,Reduces Risk,numeric__placement_coding_score_avg_3m,0.427,Increases Risk,numeric__low_lms_flag,0.914,Increases Risk,numeric__attendance_overall_attendance_current,-0.7,Reduces Risk,numeric__attendance_subject_attendance_current,-0.535,Reduces Risk,numeric__placement_mock_interview_score_current,0.515,Increases Risk,numeric__academic_internal_marks_slope_3m,0.489,Increases Risk
S2021,CSE,,6.82,2.0,73.8,80.7,70.4,86.4,70.8,69.9,80.7,4.0,1.0,2.0,1.0,4.23,3.83,67.91,100.0,Amber,Reliable,0.257,0,Low,0.017,0,Low,30.8,Declining,1.01,Stable,30.8,Academic,Medium,No,Monitor student - 14d,numeric__academic_warning_score,1.457,Increases Risk,numeric__placement_coding_score_avg_3m,-1.28,Reduces Risk,numeric__skills_tech_skills_score_avg_3m,1.208,Increases Risk,numeric__academic_cgpa_current,-1.057,Reduces Risk,numeric__feedback_satisfaction_score_avg_3m,-0.968,Reduces Risk,numeric__attendance_overall_attendance_current,0.966,Increases Risk,numeric__academic_internal_marks_avg_3m,0.852,Increases Risk,numeric__placement_aptitude_score_current,-0.812,Reduces Risk,numeric__placement_mock_interview_score_current,-0.646,Reduces Risk,numeric__placement_coding_score_avg_3m,0.631,Increases Risk
S2022,IT,,8.5,1.0,87.1,93.3,100.0,87.1,80.8,100.0,80.3,3.0,2.0,2.0,1.0,,4.91,83.2,100.0,Green,Reliable,0.003,0,Low,0.096,0,Low,0.14,Improving,5.75,Stable,5.75,Placement,Low,No,No immediate intervention,numeric__skills_tech_skills_score_avg_3m,-1.716,Reduces Risk,numeric__placement_coding_score_avg_3m,1.506,Increases Risk,numeric__lms_assignment_completion_pct_avg_3m,1.129,Increases Risk,numeric__engagement_events_attended_slope_3m,-0.882,Reduces Risk,numeric__placement_mock_interview_score_avg_3m,-0.79,Reduces Risk,numeric__attendance_overall_attendance_current,-1.327,Reduces Risk,numeric__attendance_overall_attendance_avg_3m,0.869,Increases Risk,numeric__skills_tech_skills_score_avg_3m,0.773,Increases Risk,numeric__placement_coding_score_avg_3m,-0.742,Reduces Risk,numeric__placement_mock_interview_score_current,-0.686,Reduces Risk
S2023,ECE,,7.9,2.0,67.7,95.5,76.0,67.6,75.3,74.5,68.8,,,,,3.96,4.19,74.09,80.0,Green,Reliable,0.221,0,Low,0.503,1,High,17.7,Improving,30.19,Stable,30.19,Placement,Medium,Yes,Monitor student - 14d,numeric__placement_coding_score_avg_3m,-1.295,Reduces Risk,numeric__academic_backlogs_avg_3m,-0.956,Reduces Risk,numeric__skills_tech_skills_score_avg_3m,0.935,Increases Risk,numeric__placement_coding_score_slope_3m,0.781,Increases Risk,numeric__skills_soft_skills_score_avg_3m,-0.571,Reduces Risk,numeric__placement_coding_score_slope_3m,-0.72,Reduces Risk,numeric__attendance_subject_attendance_current,0.64,Increases Risk,numeric__placement_coding_score_avg_3m,0.638,Increases Risk,numeric__lms_assignment_completion_pct_current,0.478,Increases Risk,numeric__placement_aptitude_score_current,-0.469,Reduces Risk
S2024,ME,,7.38,0.0,67.6,75.2,76.1,74.4,90.8,74.5,78.9,5.0,3.0,1.0,1.0,3.46,3.95,71.25,100.0,Green,Reliable,0.35,1,Medium,0.086,0,Low,25.22,Declining,5.14,Stable,25.22,Academic,Low,Yes,No immediate intervention,numeric__skills_tech_skills_score_avg_3m,1.085,Increases Risk,numeric__placement_coding_score_avg_3m,-1.054,Reduces Risk,numeric__academic_warning_score,0.926,Increases Risk,numeric__attendance_declining_flag,-0.741,Reduces Risk,numeric__placement_aptitude_score_current,-0.729,Reduces Risk,numeric__attendance_overall_attendance_current,1.626,Increases Risk,numeric__engagement_hackathons_attended_current,-1.05,Reduces Risk,numeric__critical_attendance_flag,-0.998,Reduces Risk,numeric__attendance_overall_attendance_avg_3m,-0.881,Reduces Risk,numeric__academic_internal_marks_avg_3m,0.765,Increases Risk
S2025,ECE,,7.64,1.0,79.3,88.9,65.4,82.6,95.1,69.6,81.1,4.0,1.0,2.0,2.0,4.63,4.34,79.1,100.0,Green,Reliable,0.009,0,Low,0.924,1,High,0.45,Improving,55.42,Stable,55.42,Placement,Medium,Yes,Monitor student - 14d,numeric__placement_aptitude_score_current,-1.064,Reduces Risk,numeric__placement_aptitude_score_slope_3m,0.967,Increases Risk,numeric__feedback_satisfaction_score_avg_3m,-0.768,Reduces Risk,numeric__placement_coding_score_slope_3m,-0.729,Reduces Risk,numeric__placement_aptitude_score_std_3m,-0.682,Reduces Risk,numeric__placement_aptitude_score_current,1.038,Increases Risk,numeric__placement_aptitude_score_slope_3m,-1.024,Reduces Risk,numeric__engagement_strength,-0.906,Reduces Risk,numeric__attendance_overall_attendance_current,-0.754,Reduces Risk,numeric__placement_coding_score_slope_3m,0.672,Increases Risk
S2026,MECH,,9.26,1.0,79.7,74.0,74.7,68.3,75.5,72.6,67.4,3.0,2.0,2.0,2.0,3.41,3.83,74.36,100.0,Green,Reliable,0.567,1,Medium,0.263,1,Medium,34.03,Stable,15.8,Stable,34.03,Academic,Medium,Yes,Monitor student - 14d,numeric__skills_soft_skills_score_avg_3m,-0.793,Reduces Risk,numeric__placement_coding_score_avg_3m,-0.724,Reduces Risk,numeric__academic_cgpa_current,0.608,Increases Risk,numeric__engagement_hackathons_attended_std_3m,-0.556,Reduces Risk,numeric__feedback_satisfaction_score_avg_3m,0.53,Increases Risk,numeric__academic_internal_marks_avg_3m,-1.152,Reduces Risk,numeric__placement_aptitude_score_slope_3m,0.496,Increases Risk,numeric__academic_subject_score_avg_avg_3m,0.459,Increases Risk,numeric__attendance_overall_attendance_current,0.458,Increases Risk,numeric__placement_aptitude_score_current,-0.454,Reduces Risk
S2027,ELECTRONICS & COMM,,8.12,1.0,57.4,71.5,77.8,69.4,75.2,75.4,71.8,4.0,2.0,2.0,1.0,3.68,4.42,69.15,100.0,Amber,Reliable,0.92,1,High,0.003,0,Low,66.28,Declining,0.16,Stable,66.28,Academic,High,Yes,Advisor review recommended - 7d,numeric__attendance_overall_attendance_std_3m,1.774,Increases Risk,numeric__academic_warning_score,1.324,Increases Risk,numeric__skills_tech_skills_score_avg_3m,0.965,Increases Risk,numeric__placement_coding_score_avg_3m,-0.753,Reduces Risk,numeric__attendance_declining_flag,-0.741,Reduces Risk,numeric__attendance_overall_attendance_current,1.95,Increases Risk,numeric__attendance_overall_attendance_std_3m,-1.231,Reduces Risk,numeric__attendance_subject_attendance_current,1.185,Increases Risk,numeric__attendance_overall_attendance_slope_3m,-1.158,Reduces Risk,numeric__critical_attendance_flag,-0.998,Reduces Risk
S2028,CSE,,7.9,1.0,51.5,60.0,100.0,74.7,90.8,96.3,77.5,2.0,1.0,2.0,1.0,3.69,5.0,67.41,100.0,Amber,Reliable,0.69,1,High,0.089,0,Low,49.67,Declining,5.35,Stable,49.67,Academic,Medium,Yes,Monitor student - 14d,numeric__academic_warning_score,1.988,Increases Risk,numeric__placement_coding_score_avg_3m,1.214,Increases Risk,numeric__skills_tech_skills_score_avg_3m,-1.151,Reduces Risk,numeric__lms_assignment_completion_pct_avg_3m,-1.052,Reduces Risk,numeric__feedback_satisfaction_score_avg_3m,0.87,Increases Risk,numeric__attendance_overall_attendance_current,2.945,Increases Risk,numeric__attendance_overall_attendance_avg_3m,-1.576,Reduces Risk,numeric__attendance_subject_attendance_current,1.497,Increases Risk,numeric__attendance_subject_attendance_avg_3m,-1.186,Reduces Risk,numeric__critical_attendance_flag,-0.998,Reduces Risk
S2029,CSE,,7.58,1.0,84.4,82.7,74.7,67.5,66.8,86.9,67.2,3.0,1.0,1.0,1.0,,3.64,72.87,100.0,Green,Reliable,0.114,0,Low,0.756,1,High,5.45,Improving,45.37,Stable,45.37,Placement,Medium,Yes,Monitor student - 14d,numeric__engagement_hackathons_attended_std_3m,1.292,Increases Risk,numeric__placement_aptitude_score_current,1.143,Increases Risk,numeric__feedback_satisfaction_score_missing,-0.713,Reduces Risk,numeric__placement_coding_score_slope_3m,-0.604,Reduces Risk,numeric__academic_cgpa_current,-0.538,Reduces Risk,numeric__placement_aptitude_score_current,-1.117,Reduces Risk,numeric__engagement_hackathons_attended_current,-1.05,Reduces Risk,numeric__engagement_strength,0.962,Increases Risk,numeric__attendance_overall_attendance_current,-0.559,Reduces Risk,numeric__placement_coding_score_slope_3m,0.557,Increases Risk
S2030,IT,,8.68,0.0,60.1,67.1,100.0,82.4,94.0,98.8,81.1,4.0,1.0,2.0,1.0,3.66,4.9,75.17,100.0,Green,Reliable,0.2,0,Low,0.023,0,Low,14.37,Declining,1.39,Stable,14.37,Academic,Low,No,No immediate intervention,numeric__placement_coding_score_avg_3m,1.657,Increases Risk,numeric__academic_warning_score,1.324,Increases Risk,numeric__skills_tech_skills_score_avg_3m,-1.16,Reduces Risk,numeric__lms_assignment_completion_pct_avg_3m,-0.997,Reduces Risk,numeric__placement_aptitude_score_current,-0.978,Reduces Risk,numeric__attendance_overall_attendance_current,2.134,Increases Risk,numeric__attendance_overall_attendance_avg_3m,-1.593,Reduces Risk,numeric__attendance_subject_attendance_avg_3m,-1.213,Reduces Risk,numeric__attendance_subject_attendance_current,1.042,Increases Risk,numeric__critical_attendance_flag,-0.998,Reduces Risk
S2031,CIVIL ENGINEERING,,8.81,0.0,70.4,73.6,80.4,68.7,87.0,81.3,71.1,2.0,3.0,4.0,1.0,3.62,4.62,77.68,100.0,Green,Reliable,0.06,0,Low,0.792,1,High,3.58,Stable,47.54,Stable,47.54,Placement,Medium,Yes,Monitor student - 14d,numeric__attendance_declining_flag,-0.741,Reduces Risk,numeric__engagement_hackathons_attended_current,0.678,Increases Risk,numeric__engagement_hackathons_attended_std_3m,0.676,Increases Risk,categorical__department_CIVIL ENGINEERING,-0.58,Reduces Risk,numeric__lms_assignment_completion_pct_avg_3m,-0.554,Reduces Risk,numeric__engagement_hackathons_attended_current,1.814,Increases Risk,numeric__engagement_strength,-0.719,Reduces Risk,numeric__attendance_overall_attendance_current,0.631,Increases Risk,categorical__department_CIVIL ENGINEERING,0.59,Increases Risk,numeric__engagement_club_participations_current,-0.547,Reduces Risk
S2032,ECE,,8.44,1.0,96.7,89.3,93.3,87.2,87.4,90.7,88.9,,,,,4.33,4.54,85.54,100.0,Green,Reliable,0.111,0,Low,0.402,1,Medium,7.99,Declining,24.14,Stable,24.14,Placement,Low,Yes,No immediate intervention,numeric__skills_soft_skills_score_avg_3m,1.155,Increases Risk,numeric__lms_assignment_completion_pct_avg_3m,0.918,Increases Risk,numeric__placement_mock_interview_score_avg_3m,-0.794,Reduces Risk,numeric__feedback_satisfaction_score_avg_3m,-0.686,Reduces Risk,numeric__placement_coding_score_avg_3m,0.59,Increases Risk,numeric__attendance_overall_attendance_current,-1.76,Reduces Risk,numeric__attendance_overall_attendance_avg_3m,1.144,Increases Risk,numeric__attendance_subject_attendance_current,-0.895,Reduces Risk,numeric__attendance_subject_attendance_avg_3m,0.824,Increases Risk,numeric__placement_mock_interview_score_current,-0.692,Reduces Risk
S2033,MECH,,9.51,0.0,82.1,92.4,94.4,96.0,85.3,87.6,96.3,3.0,1.0,3.0,1.0,,4.83,88.63,100.0,Green,Reliable,0.043,0,Low,0.049,0,Low,3.1,Declining,2.95,Stable,3.1,Academic,Low,No,No immediate intervention,numeric__skills_soft_skills_score_avg_3m,1.278,Increases Risk,numeric__feedback_satisfaction_score_avg_3m,-1.264,Reduces Risk,numeric__placement_coding_score_avg_3m,1.098,Increases Risk,numeric__placement_mock_interview_score_avg_3m,-0.944,Reduces Risk,numeric__skills_tech_skills_score_avg_3m,-0.911,Reduces Risk,numeric__placement_mock_interview_score_current,-1.193,Reduces Risk,numeric__attendance_overall_attendance_current,-0.862,Reduces Risk,numeric__engagement_hackathons_attended_current,0.859,Increases Risk,numeric__feedback_satisfaction_score_slope_3m,-0.841,Reduces Risk,numeric__skills_soft_skills_score_current,0.783,Increases Risk
S2034,IT,,8.99,1.0,88.7,75.6,94.5,76.0,90.6,84.7,71.8,4.0,1.0,2.0,2.0,3.83,4.46,81.58,100.0,Green,Reliable,0.297,0,Low,0.037,0,Low,21.39,Declining,2.21,Stable,21.39,Academic,Low,No,No immediate intervention,numeric__placement_coding_score_avg_3m,0.832,Increases Risk,numeric__placement_aptitude_score_current,-0.713,Reduces Risk,numeric__engagement_hackathons_attended_std_3m,-0.556,Reduces Risk,numeric__placement_coding_score_slope_3m,0.506,Increases Risk,numeric__cgpa_declining_flag,0.487,Increases Risk,numeric__attendance_overall_attendance_current,-1.013,Reduces Risk,numeric__engagement_strength,-0.906,Reduces Risk,numeric__placement_aptitude_score_current,0.696,Increases Risk,numeric__skills_soft_skills_score_std_3m,-0.597,Reduces Risk,numeric__academic_internal_marks_avg_3m,-0.586,Reduces Risk
S2035,ECE,,8.66,0.0,76.0,81.4,78.6,61.8,84.8,78.9,71.9,3.0,1.0,2.0,3.0,4.1,3.76,78.37,100.0,Green,Reliable,0.281,0,Low,0.622,1,High,13.51,Improving,37.33,Stable,37.33,Placement,Medium,Yes,Monitor student - 14d,numeric__attendance_declining_flag,-0.741,Reduces Risk,numeric__placement_mock_interview_score_current,0.495,Increases Risk,numeric__lms_logins_per_week_slope_3m,-0.386,Reduces Risk,numeric__feedback_satisfaction_score_avg_3m,-0.382,Reduces Risk,numeric__academic_cgpa_std_3m,-0.356,Reduces Risk,numeric__engagement_certifications_count_current,0.937,Increases Risk,numeric__engagement_strength,-0.906,Reduces Risk,numeric__placement_mock_interview_score_current,0.754,Increases Risk,numeric__placement_mock_interview_score_std_3m,-0.365,Reduces Risk,numeric__feedback_faculty_rating_current,0.35,Increases Risk
S2036,CIVIL,,8.61,0.0,90.4,77.6,78.2,76.9,83.3,77.8,82.0,2.0,2.0,3.0,1.0,3.59,4.47,79.67,100.0,Green,Reliable,0.064,0,Low,0.633,1,High,3.82,Stable,38.0,Stable,38.0,Placement,Medium,Yes,Monitor student - 14d,numeric__placement_coding_score_slope_3m,-0.934,Reduces Risk,numeric__academic_warning_score,-0.668,Reduces Risk,numeric__engagement_hackathons_attended_std_3m,-0.556,Reduces Risk,numeric__placement_coding_score_std_3m,-0.436,Reduces Risk,numeric__placement_coding_score_avg_3m,0.43,Increases Risk,numeric__placement_coding_score_slope_3m,0.86,Increases Risk,numeric__engagement_hackathons_attended_current,0.859,Increases Risk,numeric__attendance_overall_attendance_current,-0.797,Reduces Risk,numeric__attendance_subject_attendance_avg_3m,0.649,Increases Risk,numeric__attendance_overall_attendance_avg_3m,0.647,Increases Risk
S2037,CE,,8.21,0.0,55.6,69.5,93.0,80.5,,88.3,78.2,2.0,0.0,2.0,1.0,3.39,4.5,69.59,100.0,Amber,Reliable,0.582,1,Medium,0.104,0,Low,41.88,Declining,6.27,Stable,41.88,Academic,Medium,Yes,Monitor student - 14d,numeric__academic_warning_score,1.59,Increases Risk,numeric__placement_coding_score_avg_3m,1.497,Increases Risk,numeric__skills_tech_skills_score_avg_3m,-1.215,Reduces Risk,numeric__lms_assignment_completion_pct_avg_3m,-0.881,Reduces Risk,numeric__attendance_declining_flag,-0.741,Reduces Risk,numeric__attendance_overall_attendance_current,2.837,Increases Risk,numeric__attendance_overall_attendance_avg_3m,-1.598,Reduces Risk,numeric__attendance_subject_attendance_current,1.28,Increases Risk,numeric__attendance_subject_attendance_avg_3m,-1.178,Reduces Risk,numeric__critical_attendance_flag,-0.998,Reduces Risk
S2038,ME,,6.4,3.0,62.1,80.6,75.2,79.6,71.0,74.5,79.3,3.0,2.0,4.0,1.0,4.66,3.69,65.88,100.0,Amber,Reliable,0.462,1,Medium,0.922,1,High,55.46,Declining,55.34,Stable,55.46,Academic,Medium,Yes,Academic mentoring - Faculty - 7d,numeric__academic_cgpa_current,-1.343,Reduces Risk,numeric__academic_warning_score,1.191,Increases Risk,numeric__academic_backlogs_avg_3m,-1.163,Reduces Risk,numeric__engagement_hackathons_attended_std_3m,1.074,Increases Risk,numeric__placement_coding_score_avg_3m,-1.044,Reduces Risk,numeric__engagement_hackathons_attended_current,1.814,Increases Risk,numeric__engagement_strength,-1.279,Reduces Risk,numeric__attendance_overall_attendance_current,1.204,Increases Risk,numeric__academic_internal_marks_avg_3m,1.084,Increases Risk,numeric__skills_soft_skills_score_std_3m,1.059,Increases Risk
S2039,MECH,,9.22,0.0,86.9,91.5,81.4,86.3,86.4,79.2,88.6,2.0,2.0,2.0,2.0,,,83.88,95.0,Green,Reliable,0.055,0,Low,0.448,1,Medium,2.63,Improving,26.87,Stable,26.87,Placement,Low,Yes,No immediate intervention,numeric__engagement_events_attended_slope_3m,-1.2,Reduces Risk,numeric__skills_soft_skills_score_avg_3m,0.679,Increases Risk,numeric__academic_warning_score,-0.668,Reduces Risk,numeric__placement_mock_interview_score_avg_3m,-0.598,Reduces Risk,numeric__academic_cgpa_current,0.581,Increases Risk,numeric__placement_mock_interview_score_current,-0.64,Reduces Risk,numeric__academic_internal_marks_avg_3m,-0.575,Reduces Risk,numeric__skills_soft_skills_score_current,0.496,Increases Risk,numeric__placement_mock_interview_score_avg_3m,-0.493,Reduces Risk,numeric__engagement_certifications_count_current,0.392,Increases Risk
S2040,MECH,,8.38,1.0,97.2,100.0,84.7,85.7,76.4,75.4,81.1,5.0,3.0,2.0,2.0,4.77,4.92,83.24,100.0,Green,Reliable,0.025,0,Low,0.028,0,Low,1.2,Improving,1.71,Stable,1.71,Placement,Low,No,No immediate intervention,numeric__feedback_satisfaction_score_avg_3m,-0.987,Reduces Risk,numeric__lms_assignment_completion_pct_avg_3m,0.755,Increases Risk,numeric__feedback_satisfaction_score_current,0.716,Increases Risk,numeric__engagement_events_attended_slope_3m,0.71,Increases Risk,numeric__lms_assignment_completion_pct_current,-0.706,Reduces Risk,numeric__engagement_strength,-1.466,Reduces Risk,numeric__attendance_overall_attendance_current,-1.381,Reduces Risk,numeric__attendance_subject_attendance_current,-0.921,Reduces Risk,numeric__attendance_overall_attendance_avg_3m,0.912,Increases Risk,numeric__attendance_subject_attendance_avg_3m,0.862,Increases Risk
S2041,MECH,,8.4,0.0,76.2,75.8,86.3,80.5,82.4,78.7,84.2,3.0,1.0,2.0,1.0,,,78.25,95.0,Green,Reliable,0.22,0,Low,0.352,1,Medium,10.56,Improving,21.14,Stable,21.14,Placement,Low,Yes,No immediate intervention,numeric__academic_warning_score,-0.934,Reduces Risk,numeric__skills_tech_skills_score_std_3m,0.355,Increases Risk,numeric__skills_soft_skills_score_avg_3m,0.349,Increases Risk,numeric__placement_mock_interview_score_avg_3m,-0.339,Reduces Risk,numeric__attendance_declining_flag,0.333,Increases Risk,numeric__placement_mock_interview_score_std_3m,0.432,Increases Risk,numeric__academic_warning_score,0.373,Increases Risk,numeric__skills_soft_skills_score_current,0.332,Increases Risk,numeric__placement_mock_interview_score_current,-0.31,Reduces Risk,numeric__placement_mock_interview_score_avg_3m,-0.28,Reduces Risk
S2042,IT,,6.86,2.0,62.0,75.7,88.3,66.7,69.2,85.6,71.7,3.0,1.0,3.0,1.0,4.81,4.29,66.2,80.0,Amber,Reliable,0.45,1,Medium,0.116,0,Low,44.97,Stable,6.98,Stable,44.97,Academic,Medium,Yes,Monitor student - 14d,numeric__academic_cgpa_current,-1.029,Reduces Risk,numeric__placement_aptitude_score_current,0.956,Increases Risk,numeric__academic_backlogs_slope_3m,0.781,Increases Risk,numeric__feedback_satisfaction_score_current,0.75,Increases Risk,numeric__attendance_declining_flag,-0.741,Reduces Risk,numeric__feedback_satisfaction_score_slope_3m,1.547,Increases Risk,numeric__academic_internal_marks_avg_3m,1.252,Increases Risk,numeric__attendance_overall_attendance_avg_3m,-1.044,Reduces Risk,numeric__attendance_subject_attendance_current,0.942,Increases Risk,numeric__placement_aptitude_score_current,-0.934,Reduces Risk
S2043,ECE DEPT,,7.32,2.0,68.7,81.5,65.0,79.0,77.8,65.2,74.5,3.0,2.0,4.0,3.0,4.76,3.84,71.21,100.0,Green,Reliable,0.349,1,Medium,0.76,1,High,41.83,Declining,45.61,Stable,45.61,Placement,Medium,Yes,Monitor student - 14d,numeric__feedback_satisfaction_score_avg_3m,-1.274,Reduces Risk,numeric__placement_coding_score_avg_3m,-1.154,Reduces Risk,numeric__engagement_hackathons_attended_std_3m,1.074,Increases Risk,numeric__academic_backlogs_slope_3m,0.781,Increases Risk,numeric__academic_backlogs_avg_3m,-0.749,Reduces Risk,numeric__engagement_strength,-2.4,Reduces Risk,numeric__engagement_hackathons_attended_current,1.814,Increases Risk,numeric__engagement_certifications_count_current,0.937,Increases Risk,numeric__academic_internal_marks_avg_3m,0.705,Increases Risk,numeric__feedback_satisfaction_score_current,-0.6,Reduces Risk
S2044,IT DEPT,,6.57,0.0,56.6,65.9,79.9,56.1,,76.6,54.6,3.0,0.0,1.0,2.0,3.41,4.27,63.66,100.0,Amber,Reliable,0.179,0,Low,0.063,0,Low,12.9,Declining,3.77,Stable,12.9,Academic,Low,No,No immediate intervention,numeric__academic_warning_score,1.856,Increases Risk,numeric__academic_cgpa_current,-1.227,Reduces Risk,numeric__skills_soft_skills_score_avg_3m,-1.15,Reduces Risk,numeric__lms_logins_per_week_slope_3m,-1.024,Reduces Risk,numeric__placement_mock_interview_score_avg_3m,0.909,Increases Risk,numeric__attendance_overall_attendance_current,1.831,Increases Risk,numeric__academic_internal_marks_avg_3m,1.285,Increases Risk,numeric__attendance_subject_attendance_current,1.227,Increases Risk,numeric__placement_mock_interview_score_current,1.078,Increases Risk,numeric__engagement_hackathons_attended_current,-1.05,Reduces Risk
S2045,MECH,,7.93,1.0,85.7,80.0,75.7,52.9,76.2,74.4,59.9,3.0,0.0,1.0,1.0,3.39,4.04,72.34,100.0,Green,Reliable,0.098,0,Low,0.356,1,Medium,4.73,Improving,21.35,Stable,21.35,Placement,Low,Yes,No immediate intervention,numeric__skills_soft_skills_score_avg_3m,-1.362,Reduces Risk,numeric__placement_mock_interview_score_avg_3m,1.068,Increases Risk,numeric__placement_coding_score_avg_3m,-1.0,Reduces Risk,numeric__placement_mock_interview_score_current,0.828,Increases Risk,numeric__feedback_satisfaction_score_avg_3m,0.739,Increases Risk,numeric__placement_mock_interview_score_current,1.261,Increases Risk,numeric__engagement_hackathons_attended_current,-1.05,Reduces Risk,numeric__engagement_strength,0.962,Increases Risk,numeric__placement_mock_interview_score_avg_3m,0.881,Increases Risk,numeric__skills_soft_skills_score_current,-0.573,Reduces Risk
S2046,INFORMATION TECH,,9.5,0.0,90.9,86.1,92.5,78.4,91.4,95.4,84.5,2.0,1.0,2.0,2.0,3.72,4.57,84.92,100.0,Green,Reliable,0.034,0,Low,0.179,0,Low,1.63,Improving,10.75,Stable,10.75,Placement,Low,No,No immediate intervention,numeric__skills_tech_skills_score_avg_3m,-1.347,Reduces Risk,numeric__placement_coding_score_avg_3m,1.007,Increases Risk,numeric__placement_aptitude_score_current,-0.776,Reduces Risk,numeric__academic_cgpa_current,0.772,Increases Risk,numeric__engagement_hackathons_attended_std_3m,0.676,Increases Risk,numeric__attendance_overall_attendance_current,-1.003,Reduces Risk,numeric__placement_aptitude_score_current,0.757,Increases Risk,numeric__attendance_overall_attendance_avg_3m,0.67,Increases Risk,numeric__attendance_subject_attendance_avg_3m,0.613,Increases Risk,numeric__skills_tech_skills_score_avg_3m,0.607,Increases Risk
S2047,MECHANICAL ENGINEERING,,7.37,2.0,83.3,91.3,65.3,60.2,57.5,63.5,61.1,2.0,1.0,2.0,0.0,4.2,3.84,69.59,100.0,Amber,Reliable,0.479,1,Medium,0.076,0,Low,38.31,Improving,4.59,Stable,38.31,Academic,Medium,Yes,Monitor student - 14d,numeric__placement_coding_score_avg_3m,-1.885,Reduces Risk,numeric__placement_aptitude_score_current,1.869,Increases Risk,numeric__skills_tech_skills_score_avg_3m,1.758,Increases Risk,numeric__skills_soft_skills_score_avg_3m,-1.092,Reduces Risk,numeric__academic_backlogs_avg_3m,-0.956,Reduces Risk,numeric__low_aptitude_flag,-1.906,Reduces Risk,numeric__placement_aptitude_score_current,-1.825,Reduces Risk,numeric__engagement_strength,1.335,Increases Risk,numeric__placement_coding_score_avg_3m,0.929,Increases Risk,numeric__placement_mock_interview_score_current,0.845,Increases Risk
S2048,CSE,,7.23,1.0,88.3,74.1,74.9,74.8,68.8,78.0,68.0,5.0,1.0,3.0,1.0,4.48,3.34,75.08,100.0,Green,Reliable,0.164,0,Low,0.551,1,High,7.86,Improving,33.04,Stable,33.04,Placement,Medium,Yes,Monitor student - 14d,numeric__placement_aptitude_score_current,0.987,Increases Risk,numeric__academic_cgpa_current,-0.777,Reduces Risk,numeric__feedback_faculty_rating_avg_3m,0.704,Increases Risk,numeric__engagement_hackathons_attended_std_3m,0.676,Increases Risk,numeric__feedback_faculty_rating_current,0.557,Increases Risk,numeric__engagement_strength,-1.653,Reduces Risk,numeric__placement_aptitude_score_current,-0.964,Reduces Risk,numeric__engagement_hackathons_attended_current,0.859,Increases Risk,numeric__academic_internal_marks_avg_3m,0.854,Increases Risk,numeric__feedback_faculty_rating_current,0.69,Increases Risk
S2049,ME,,7.51,1.0,84.0,85.0,64.8,73.2,68.3,61.6,69.5,4.0,1.0,1.0,1.0,4.49,3.98,74.24,100.0,Green,Reliable,0.315,1,Medium,0.101,0,Low,15.12,Improving,6.06,Stable,15.12,Academic,Low,Yes,No immediate intervention,numeric__placement_coding_score_avg_3m,-1.622,Reduces Risk,numeric__skills_tech_skills_score_avg_3m,1.309,Increases Risk,numeric__placement_aptitude_score_current,1.026,Increases Risk,numeric__feedback_satisfaction_score_avg_3m,-0.875,Reduces Risk,numeric__placement_mock_interview_score_avg_3m,0.602,Increases Risk,numeric__engagement_hackathons_attended_current,-1.05,Reduces Risk,numeric__placement_aptitude_score_current,-1.002,Reduces Risk,numeric__placement_coding_score_avg_3m,0.799,Increases Risk,numeric__attendance_overall_attendance_current,-0.678,Reduces Risk,numeric__skills_tech_skills_score_avg_3m,-0.59,Reduces Risk
S2050,MECH,,7.19,1.0,75.2,70.9,67.3,72.2,82.7,68.3,68.9,3.0,1.0,1.0,2.0,3.94,4.2,67.45,100.0,Amber,Reliable,0.207,0,Low,0.518,1,High,14.92,Declining,31.1,Stable,31.1,Placement,Medium,Yes,Monitor student - 14d,numeric__academic_warning_score,1.59,Increases Risk,numeric__placement_coding_score_avg_3m,-0.928,Reduces Risk,numeric__academic_cgpa_current,-0.804,Reduces Risk,numeric__academic_backlogs_slope_3m,0.781,Increases Risk,numeric__attendance_declining_flag,-0.741,Reduces Risk,numeric__engagement_hackathons_attended_current,-1.05,Reduces Risk,numeric__low_lms_flag,0.914,Increases Risk,numeric__attendance_overall_attendance_current,0.728,Increases Risk,numeric__academic_internal_marks_avg_3m,0.725,Increases Risk,numeric__academic_warning_score,-0.635,Reduces Risk
S2051,INFO TECH,,7.02,1.0,81.8,73.9,83.8,85.1,79.3,84.2,86.4,3.0,2.0,2.0,2.0,4.68,4.44,74.69,100.0,Green,Reliable,0.106,0,Low,0.461,1,Medium,7.64,Declining,27.65,Stable,27.65,Placement,Low,Yes,No immediate intervention,numeric__academic_cgpa_current,-0.92,Reduces Risk,numeric__feedback_satisfaction_score_avg_3m,-0.919,Reduces Risk,numeric__academic_backlogs_slope_3m,0.781,Increases Risk,numeric__attendance_declining_flag,-0.741,Reduces Risk,categorical__department_INFO TECH,0.662,Increases Risk,numeric__academic_internal_marks_avg_3m,0.82,Increases Risk,numeric__placement_mock_interview_score_current,-0.572,Reduces Risk,numeric__feedback_satisfaction_score_current,-0.542,Reduces Risk,numeric__academic_cgpa_avg_3m,0.507,Increases Risk,numeric__academic_cgpa_current,0.506,Increases Risk
S2052,MECH,,7.35,0.0,72.2,69.8,58.9,54.4,67.1,69.4,61.9,2.0,2.0,1.0,0.0,4.13,3.88,69.67,100.0,Amber,Reliable,0.242,0,Low,0.96,1,High,14.53,Stable,57.62,Stable,57.62,Placement,Medium,Yes,Monitor student - 14d,numeric__placement_coding_score_avg_3m,-2.051,Reduces Risk,numeric__skills_tech_skills_score_avg_3m,1.208,Increases Risk,numeric__placement_mock_interview_score_avg_3m,1.148,Increases Risk,numeric__placement_aptitude_score_current,1.12,Increases Risk,numeric__skills_soft_skills_score_avg_3m,-0.938,Reduces Risk,numeric__engagement_strength,2.083,Increases Risk,numeric__low_coding_flag,1.487,Increases Risk,numeric__placement_mock_interview_score_current,1.175,Increases Risk,numeric__placement_aptitude_score_current,-1.094,Reduces Risk,numeric__engagement_hackathons_attended_current,-1.05,Reduces Risk
S2053,ECE DEPT,,9.39,0.0,81.7,91.5,85.2,80.3,88.6,82.5,72.2,3.0,1.0,2.0,1.0,4.18,4.34,83.6,100.0,Green,Reliable,0.217,0,Low,0.378,1,Medium,13.04,Stable,22.66,Stable,22.66,Placement,Low,Yes,No immediate intervention,numeric__attendance_declining_flag,-0.741,Reduces Risk,numeric__academic_cgpa_current,0.697,Increases Risk,numeric__placement_mock_interview_score_avg_3m,-0.571,Reduces Risk,numeric__placement_aptitude_score_current,-0.557,Reduces Risk,numeric__academic_warning_score,-0.535,Reduces Risk,numeric__academic_internal_marks_avg_3m,-0.821,Reduces Risk,numeric__attendance_overall_attendance_current,-0.711,Reduces Risk,numeric__placement_aptitude_score_current,0.543,Increases Risk,numeric__attendance_overall_attendance_avg_3m,0.518,Increases Risk,numeric__skills_soft_skills_score_std_3m,0.5,Increases Risk
S2054,CSE,,7.15,0.0,78.0,72.2,66.2,64.1,60.8,68.8,72.0,2.0,1.0,3.0,0.0,4.26,3.48,72.99,100.0,Green,Reliable,0.966,1,High,0.679,1,High,69.55,Declining,40.76,Stable,69.55,Academic,High,Yes,Advisor review recommended - 7d,numeric__placement_aptitude_score_current,1.611,Increases Risk,numeric__feedback_faculty_rating_avg_3m,1.085,Increases Risk,numeric__placement_mock_interview_score_avg_3m,1.041,Increases Risk,numeric__skills_soft_skills_score_avg_3m,-1.029,Reduces Risk,numeric__placement_coding_score_avg_3m,-0.953,Reduces Risk,numeric__placement_aptitude_score_current,-1.573,Reduces Risk,numeric__academic_internal_marks_avg_3m,0.91,Increases Risk,numeric__engagement_hackathons_attended_current,0.859,Increases Risk,numeric__placement_mock_interview_score_avg_3m,0.858,Increases Risk,numeric__skills_soft_skills_score_std_3m,0.763,Increases Risk
S2055,CIVIL,,8.61,1.0,90.6,85.4,81.3,75.7,85.4,73.2,77.1,3.0,1.0,2.0,2.0,3.5,3.96,76.28,100.0,Green,Reliable,0.152,0,Low,0.302,1,Medium,10.98,Declining,18.11,Stable,18.11,Placement,Low,Yes,No immediate intervention,numeric__engagement_events_attended_slope_3m,-0.564,Reduces Risk,numeric__lms_logins_per_week_slope_3m,-0.514,Reduces Risk,numeric__cgpa_declining_flag,0.487,Increases Risk,numeric__academic_cgpa_std_3m,-0.408,Reduces Risk,numeric__feedback_satisfaction_score_current,-0.377,Reduces Risk,numeric__feedback_satisfaction_score_slope_3m,-0.614,Reduces Risk,numeric__attendance_subject_attendance_current,-0.572,Reduces Risk,numeric__skills_soft_skills_score_std_3m,-0.469,Reduces Risk,numeric__engagement_certifications_count_current,0.392,Increases Risk,numeric__engagement_strength,-0.346,Reduces Risk
S2056,CIVIL,,9.19,0.0,93.9,87.0,87.7,76.3,91.5,82.3,75.8,2.0,2.0,2.0,1.0,3.82,4.71,82.02,100.0,Green,Reliable,0.019,0,Low,0.206,1,Medium,1.12,Stable,12.39,Stable,12.39,Placement,Low,Yes,No immediate intervention,numeric__lms_logins_per_week_slope_3m,-1.024,Reduces Risk,numeric__placement_aptitude_score_current,-0.783,Reduces Risk,numeric__placement_coding_score_avg_3m,0.565,Increases Risk,numeric__academic_cgpa_current,0.56,Increases Risk,numeric__engagement_hackathons_attended_std_3m,-0.556,Reduces Risk,numeric__attendance_overall_attendance_current,-1.392,Reduces Risk,numeric__low_lms_flag,0.914,Increases Risk,numeric__attendance_overall_attendance_avg_3m,0.902,Increases Risk,numeric__academic_internal_marks_avg_3m,-0.78,Reduces Risk,numeric__engagement_strength,0.775,Increases Risk
S2057,CSE,,9.31,0.0,75.3,82.0,97.6,78.8,92.5,92.4,80.1,3.0,1.0,2.0,3.0,3.72,4.68,83.36,100.0,Green,Reliable,0.05,0,Low,0.232,1,Medium,3.64,Declining,13.94,Stable,13.94,Placement,Low,Yes,No immediate intervention,numeric__placement_coding_score_avg_3m,1.12,Increases Risk,numeric__placement_aptitude_score_current,-0.861,Reduces Risk,numeric__skills_tech_skills_score_avg_3m,-0.773,Reduces Risk,numeric__attendance_declining_flag,-0.741,Reduces Risk,numeric__academic_cgpa_current,0.642,Increases Risk,numeric__engagement_certifications_count_current,0.937,Increases Risk,numeric__engagement_strength,-0.906,Reduces Risk,numeric__placement_aptitude_score_current,0.84,Increases Risk,numeric__placement_coding_score_avg_3m,-0.552,Reduces Risk,numeric__skills_soft_skills_score_std_3m,-0.461,Reduces Risk
S2058,IT,,8.19,1.0,100.0,91.2,82.3,74.8,75.0,78.6,68.3,5.0,2.0,2.0,1.0,4.35,3.56,80.93,100.0,Green,Reliable,0.216,0,Low,0.106,0,Low,10.36,Improving,6.39,Stable,10.36,Academic,Low,No,No immediate intervention,numeric__feedback_satisfaction_score_avg_3m,-0.817,Reduces Risk,numeric__engagement_events_attended_slope_3m,0.71,Increases Risk,numeric__feedback_faculty_rating_avg_3m,0.589,Increases Risk,numeric__academic_warning_score,-0.535,Reduces Risk,numeric__lms_assignment_completion_pct_avg_3m,0.534,Increases Risk,numeric__attendance_overall_attendance_current,-1.998,Reduces Risk,numeric__attendance_overall_attendance_avg_3m,1.175,Increases Risk,numeric__attendance_subject_attendance_current,-1.069,Reduces Risk,numeric__engagement_strength,-0.906,Reduces Risk,numeric__attendance_subject_attendance_avg_3m,0.893,Increases Risk
S2059,MECH,,8.24,0.0,73.6,82.3,86.1,73.2,89.6,97.3,65.3,2.0,3.0,2.0,1.0,4.53,4.85,78.2,100.0,Green,Reliable,0.026,0,Low,0.431,1,Medium,1.89,Declining,25.86,Stable,25.86,Placement,Low,Yes,No immediate intervention,numeric__skills_tech_skills_score_avg_3m,-0.798,Reduces Risk,numeric__placement_aptitude_score_current,-0.635,Reduces Risk,numeric__engagement_hackathons_attended_std_3m,-0.556,Reduces Risk,numeric__feedback_faculty_rating_avg_3m,-0.539,Reduces Risk,numeric__feedback_satisfaction_score_current,0.51,Increases Risk,numeric__engagement_strength,0.775,Increases Risk,numeric__attendance_overall_attendance_current,0.76,Increases Risk,numeric__skills_soft_skills_score_std_3m,0.633,Increases Risk,numeric__placement_aptitude_score_current,0.62,Increases Risk,numeric__feedback_satisfaction_score_slope_3m,0.614,Increases Risk
S2060,IT,,9.39,0.0,82.9,91.8,93.4,82.1,98.7,93.1,85.4,2.0,2.0,2.0,2.0,3.61,4.51,83.82,100.0,Green,Reliable,0.09,0,Low,0.629,1,High,5.38,Stable,37.74,Stable,37.74,Placement,Medium,Yes,Monitor student - 14d,numeric__placement_coding_score_avg_3m,1.472,Increases Risk,numeric__skills_tech_skills_score_avg_3m,-1.384,Reduces Risk,numeric__placement_aptitude_score_current,-1.345,Reduces Risk,numeric__attendance_declining_flag,-0.741,Reduces Risk,numeric__academic_cgpa_current,0.697,Increases Risk,numeric__placement_aptitude_score_current,1.313,Increases Risk,numeric__placement_coding_score_avg_3m,-0.725,Reduces Risk,numeric__academic_internal_marks_avg_3m,-0.708,Reduces Risk,numeric__skills_tech_skills_score_avg_3m,0.624,Increases Risk,numeric__placement_aptitude_score_slope_3m,-0.603,Reduces Risk
S2061,ECE,,9.27,1.0,71.3,81.8,98.5,75.1,88.9,96.3,75.6,2.0,2.0,3.0,1.0,3.77,4.97,78.57,100.0,Green,Reliable,0.202,0,Low,0.325,1,Medium,9.71,Improving,19.48,Stable,19.48,Placement,Low,Yes,No immediate intervention,numeric__placement_coding_score_avg_3m,0.985,Increases Risk,numeric__attendance_declining_flag,-0.741,Reduces Risk,numeric__feedback_faculty_rating_avg_3m,-0.723,Reduces Risk,numeric__academic_cgpa_current,0.615,Increases Risk,numeric__skills_tech_skills_score_avg_3m,-0.589,Reduces Risk,numeric__attendance_overall_attendance_current,0.988,Increases Risk,numeric__engagement_hackathons_attended_current,0.859,Increases Risk,numeric__academic_internal_marks_avg_3m,-0.706,Reduces Risk,numeric__feedback_faculty_rating_current,-0.63,Reduces Risk,numeric__skills_soft_skills_score_std_3m,-0.604,Reduces Risk
S2062,CSE,,8.81,0.0,72.2,78.5,89.8,71.0,73.4,83.0,72.4,3.0,1.0,4.0,1.0,4.36,4.15,81.02,100.0,Green,Reliable,0.586,1,Medium,0.33,1,Medium,35.14,Stable,19.81,Stable,35.14,Academic,Medium,Yes,Monitor student - 14d,numeric__academic_warning_score,-0.934,Reduces Risk,numeric__engagement_hackathons_attended_current,0.678,Increases Risk,numeric__placement_aptitude_score_current,0.628,Increases Risk,numeric__placement_aptitude_score_slope_3m,-0.512,Reduces Risk,numeric__engagement_hackathons_attended_std_3m,0.511,Increases Risk,numeric__engagement_hackathons_attended_current,1.814,Increases Risk,numeric__engagement_strength,-1.279,Reduces Risk,numeric__placement_aptitude_score_current,-0.614,Reduces Risk,numeric__placement_aptitude_score_slope_3m,0.543,Increases Risk,numeric__attendance_overall_attendance_current,-0.473,Reduces Risk
S2063,IT DEPT,,9.2,0.0,67.5,59.8,98.4,67.4,,97.9,71.1,,,,,2.93,4.92,77.83,100.0,Green,Reliable,0.7,1,High,0.015,0,Low,50.36,Declining,0.89,Stable,50.36,Academic,Medium,Yes,Monitor student - 14d,numeric__feedback_satisfaction_score_avg_3m,1.245,Increases Risk,numeric__lms_assignment_completion_pct_avg_3m,-1.168,Reduces Risk,numeric__placement_coding_score_avg_3m,1.086,Increases Risk,numeric__academic_warning_score,0.926,Increases Risk,numeric__skills_tech_skills_score_avg_3m,-0.923,Reduces Risk,numeric__attendance_overall_attendance_current,1.366,Increases Risk,numeric__attendance_overall_attendance_avg_3m,-0.927,Reduces Risk,numeric__low_lms_flag,0.914,Increases Risk,numeric__placement_aptitude_score_missing,-0.831,Reduces Risk,numeric__placement_aptitude_score_slope_3m,-0.781,Reduces Risk
S2064,CSE,,8.94,0.0,81.9,77.0,100.0,75.3,88.6,97.2,70.6,4.0,1.0,4.0,1.0,4.45,5.0,81.14,100.0,Green,Reliable,0.751,1,High,0.195,0,Low,54.09,Declining,11.69,Stable,54.09,Academic,Medium,Yes,Monitor student - 14d,numeric__placement_coding_score_avg_3m,1.666,Increases Risk,numeric__skills_tech_skills_score_avg_3m,-1.197,Reduces Risk,numeric__feedback_faculty_rating_avg_3m,-0.703,Reduces Risk,numeric__engagement_hackathons_attended_current,0.678,Increases Risk,numeric__skills_soft_skills_score_avg_3m,0.65,Increases Risk,numeric__engagement_strength,-1.84,Reduces Risk,numeric__engagement_hackathons_attended_current,1.814,Increases Risk,numeric__skills_soft_skills_score_std_3m,0.919,Increases Risk,numeric__low_lms_flag,0.914,Increases Risk,numeric__placement_coding_score_avg_3m,-0.821,Reduces Risk
S2065,CIVIL,,8.69,0.0,68.8,62.9,84.5,61.8,84.0,80.5,67.2,3.0,1.0,2.0,1.0,3.0,4.74,74.13,100.0,Green,Reliable,0.087,0,Low,0.255,1,Medium,6.24,Declining,15.29,Stable,15.29,Placement,Low,Yes,No immediate intervention,numeric__lms_assignment_completion_pct_avg_3m,-1.161,Reduces Risk,numeric__feedback_satisfaction_score_avg_3m,0.948,Increases Risk,numeric__skills_soft_skills_score_avg_3m,-0.893,Reduces Risk,numeric__placement_mock_interview_score_avg_3m,0.855,Increases Risk,numeric__feedback_satisfaction_score_current,-0.807,Reduces Risk,numeric__attendance_overall_attendance_current,0.847,Increases Risk,numeric__attendance_overall_attendance_avg_3m,-0.772,Reduces Risk,numeric__placement_mock_interview_score_current,0.754,Increases Risk,numeric__placement_mock_interview_score_avg_3m,0.705,Increases Risk,numeric__feedback_satisfaction_score_current,0.686,Increases Risk
S2066,IT,,8.84,1.0,60.1,54.6,97.1,62.4,85.7,95.5,63.7,5.0,0.0,3.0,1.0,2.77,4.22,70.38,100.0,Green,Reliable,0.372,1,Medium,0.122,0,Low,17.85,Improving,7.31,Stable,17.85,Academic,Low,Yes,No immediate intervention,numeric__placement_coding_score_avg_3m,1.509,Increases Risk,numeric__skills_tech_skills_score_avg_3m,-1.384,Reduces Risk,numeric__engagement_events_attended_slope_3m,1.347,Increases Risk,numeric__lms_assignment_completion_pct_avg_3m,-1.334,Reduces Risk,numeric__feedback_satisfaction_score_avg_3m,1.216,Increases Risk,numeric__attendance_overall_attendance_current,1.961,Increases Risk,numeric__engagement_strength,-1.653,Reduces Risk,numeric__attendance_overall_attendance_avg_3m,-1.225,Reduces Risk,numeric__attendance_subject_attendance_current,1.042,Increases Risk,numeric__attendance_subject_attendance_avg_3m,-1.012,Reduces Risk
S2067,MECH,,8.39,0.0,80.2,80.3,73.9,68.4,72.5,77.7,68.0,5.0,1.0,1.0,1.0,4.29,3.96,75.36,100.0,Green,Reliable,0.387,1,Medium,0.182,0,Low,18.56,Improving,10.91,Stable,18.56,Academic,Low,Yes,No immediate intervention,numeric__engagement_events_attended_slope_3m,1.028,Increases Risk,numeric__placement_aptitude_score_current,0.699,Increases Risk,numeric__academic_cgpa_std_3m,-0.698,Reduces Risk,numeric__engagement_hackathons_attended_std_3m,-0.556,Reduces Risk,numeric__placement_coding_score_avg_3m,-0.53,Reduces Risk,numeric__engagement_hackathons_attended_current,-1.05,Reduces Risk,numeric__low_lms_flag,0.914,Increases Risk,numeric__feedback_satisfaction_score_slope_3m,0.71,Increases Risk,numeric__engagement_events_attended_current,0.689,Increases Risk,numeric__placement_aptitude_score_current,-0.683,Reduces Risk
S2068,CIVIL,,8.05,2.0,81.4,91.4,66.8,77.2,70.8,57.3,71.8,3.0,1.0,3.0,1.0,4.47,4.66,75.21,100.0,Green,Reliable,0.286,0,Low,0.524,1,High,28.64,Stable,31.41,Stable,31.41,Placement,Medium,Yes,Monitor student - 14d,numeric__skills_tech_skills_score_avg_3m,1.116,Increases Risk,numeric__academic_backlogs_avg_3m,-0.956,Reduces Risk,numeric__placement_coding_score_avg_3m,-0.9,Reduces Risk,numeric__feedback_satisfaction_score_avg_3m,-0.9,Reduces Risk,numeric__placement_aptitude_score_current,0.831,Increases Risk,numeric__engagement_hackathons_attended_current,0.859,Increases Risk,numeric__placement_aptitude_score_current,-0.812,Reduces Risk,numeric__engagement_strength,-0.532,Reduces Risk,numeric__skills_tech_skills_score_avg_3m,-0.503,Reduces Risk,numeric__lms_logins_per_week_avg_3m,0.479,Increases Risk
S2069,CIVIL,,7.85,2.0,51.0,70.2,76.6,76.5,80.0,67.5,74.7,2.0,2.0,2.0,1.0,3.68,3.87,62.61,100.0,Amber,Reliable,0.884,1,High,0.068,0,Low,100.0,Declining,4.09,Stable,100.0,Academic,High,Yes,Advisor review recommended - 7d,numeric__academic_warning_score,1.988,Increases Risk,numeric__attendance_overall_attendance_std_3m,0.994,Increases Risk,numeric__lms_assignment_completion_pct_avg_3m,-0.9,Reduces Risk,numeric__academic_backlogs_slope_3m,0.781,Increases Risk,numeric__attendance_declining_flag,-0.741,Reduces Risk,numeric__attendance_overall_attendance_current,2.718,Increases Risk,numeric__attendance_subject_attendance_current,1.524,Increases Risk,numeric__attendance_overall_attendance_avg_3m,-1.427,Reduces Risk,numeric__attendance_subject_attendance_avg_3m,-1.223,Reduces Risk,numeric__critical_attendance_flag,-0.998,Reduces Risk
S2070,ECE,,7.29,2.0,63.6,76.8,68.3,60.0,79.6,67.6,56.7,1.0,0.0,2.0,1.0,3.54,3.73,62.38,100.0,Amber,Reliable,0.208,0,Low,0.904,1,High,20.77,Stable,54.24,Stable,54.24,Placement,Medium,Yes,Monitor student - 14d,numeric__skills_tech_skills_score_avg_3m,1.429,Increases Risk,numeric__placement_coding_score_avg_3m,-1.32,Reduces Risk,numeric__skills_soft_skills_score_avg_3m,-1.061,Reduces Risk,numeric__academic_warning_score,1.059,Increases Risk,numeric__academic_backlogs_avg_3m,-0.956,Reduces Risk,numeric__engagement_strength,1.335,Increases Risk,numeric__attendance_overall_attendance_current,1.301,Increases Risk,numeric__low_lms_flag,0.914,Increases Risk,numeric__academic_internal_marks_avg_3m,0.91,Increases Risk,numeric__attendance_overall_attendance_avg_3m,-0.886,Reduces Risk
S2071,CSE,,9.06,1.0,80.7,87.7,100.0,89.0,94.6,86.3,80.1,5.0,2.0,2.0,1.0,4.36,5.0,83.43,100.0,Green,Reliable,0.175,0,Low,0.012,0,Low,12.61,Declining,0.69,Stable,12.61,Academic,Low,No,No immediate intervention,numeric__placement_coding_score_avg_3m,1.353,Increases Risk,numeric__placement_aptitude_score_current,-1.025,Reduces Risk,numeric__skills_tech_skills_score_avg_3m,-0.715,Reduces Risk,numeric__engagement_hackathons_attended_std_3m,0.676,Increases Risk,numeric__placement_aptitude_score_slope_3m,0.637,Increases Risk,numeric__attendance_overall_attendance_current,-1.035,Reduces Risk,numeric__placement_aptitude_score_current,1.0,Increases Risk,numeric__engagement_strength,-0.906,Reduces Risk,numeric__placement_mock_interview_score_current,-0.794,Reduces Risk,numeric__engagement_events_attended_current,0.689,Increases Risk
S2072,CIVIL,,8.48,1.0,91.8,100.0,71.7,82.4,75.5,72.1,88.9,4.0,2.0,1.0,1.0,4.61,4.12,81.24,100.0,Green,Reliable,0.215,0,Low,0.429,1,Medium,10.34,Improving,25.76,Stable,25.76,Placement,Low,Yes,No immediate intervention,numeric__lms_assignment_completion_pct_avg_3m,0.913,Increases Risk,numeric__skills_soft_skills_score_avg_3m,0.807,Increases Risk,numeric__lms_assignment_completion_pct_current,-0.706,Reduces Risk,numeric__feedback_satisfaction_score_avg_3m,-0.691,Reduces Risk,numeric__feedback_satisfaction_score_current,0.578,Increases Risk,numeric__attendance_overall_attendance_current,-1.089,Reduces Risk,numeric__engagement_hackathons_attended_current,-1.05,Reduces Risk,numeric__attendance_overall_attendance_avg_3m,0.912,Increases Risk,numeric__attendance_subject_attendance_avg_3m,0.81,Increases Risk,numeric__attendance_subject_attendance_current,-0.635,Reduces Risk
S2073,MECH,,9.1,0.0,90.4,82.8,79.6,76.9,84.1,81.5,76.4,3.0,2.0,3.0,1.0,3.79,4.51,81.89,100.0,Green,Reliable,0.178,0,Low,0.146,0,Low,8.56,Improving,8.73,Stable,8.73,Placement,Low,No,No immediate intervention,numeric__academic_warning_score,-0.934,Reduces Risk,numeric__academic_cgpa_current,0.499,Increases Risk,numeric__feedback_faculty_rating_avg_3m,-0.486,Reduces Risk,numeric__placement_aptitude_score_slope_3m,0.448,Increases Risk,numeric__engagement_events_attended_slope_3m,0.392,Increases Risk,numeric__engagement_hackathons_attended_current,0.859,Increases Risk,numeric__attendance_overall_attendance_current,-0.7,Reduces Risk,numeric__attendance_subject_attendance_current,-0.561,Reduces Risk,numeric__attendance_overall_attendance_avg_3m,0.561,Increases Risk,numeric__engagement_strength,-0.532,Reduces Risk
S2074,MECH,,8.14,4.0,91.1,94.2,71.1,84.0,69.4,71.8,83.6,3.0,2.0,1.0,2.0,4.27,4.0,72.22,100.0,Green,Reliable,0.029,0,Low,0.761,1,High,2.3,Improving,45.67,Stable,45.67,Placement,Medium,Yes,Monitor student - 14d,numeric__academic_backlogs_avg_3m,-2.197,Reduces Risk,numeric__lms_assignment_completion_pct_avg_3m,1.267,Increases Risk,numeric__placement_aptitude_score_current,0.941,Increases Risk,numeric__feedback_satisfaction_score_avg_3m,-0.788,Reduces Risk,numeric__academic_backlogs_current,0.78,Increases Risk,numeric__engagement_hackathons_attended_current,-1.05,Reduces Risk,numeric__placement_aptitude_score_current,-0.919,Reduces Risk,numeric__attendance_overall_attendance_current,-0.884,Reduces Risk,numeric__academic_backlogs_avg_3m,0.852,Increases Risk,numeric__academic_backlogs_current,0.688,Increases Risk
S2075,IT,,8.02,1.0,89.9,84.3,94.8,79.7,72.0,90.4,69.9,4.0,3.0,2.0,1.0,3.88,4.39,79.29,100.0,Green,Reliable,0.427,1,Medium,0.033,0,Low,20.51,Improving,1.99,Stable,20.51,Academic,Low,Yes,No immediate intervention,numeric__placement_aptitude_score_current,0.738,Increases Risk,numeric__engagement_club_participations_avg_3m,0.671,Increases Risk,numeric__placement_coding_score_slope_3m,0.606,Increases Risk,numeric__academic_warning_score,-0.535,Reduces Risk,numeric__lms_assignment_completion_pct_avg_3m,0.432,Increases Risk,numeric__attendance_overall_attendance_current,-0.938,Reduces Risk,numeric__placement_aptitude_score_current,-0.721,Reduces Risk,numeric__placement_coding_score_slope_3m,-0.558,Reduces Risk,numeric__engagement_club_participations_current,-0.547,Reduces Risk,numeric__attendance_subject_attendance_current,-0.535,Reduces Risk
S2076,ECE,,8.54,1.0,81.8,93.1,83.7,86.9,84.6,80.7,83.5,3.0,1.0,2.0,1.0,3.53,4.09,81.35,100.0,Green,Reliable,0.04,0,Low,0.788,1,High,2.4,Stable,47.3,Stable,47.3,Placement,Medium,Yes,Monitor student - 14d,numeric__lms_assignment_completion_pct_avg_3m,0.906,Increases Risk,numeric__engagement_hackathons_attended_std_3m,-0.556,Reduces Risk,numeric__lms_assignment_completion_pct_current,-0.467,Reduces Risk,numeric__placement_mock_interview_score_current,-0.443,Reduces Risk,numeric__skills_soft_skills_score_avg_3m,0.438,Increases Risk,numeric__attendance_overall_attendance_current,-1.035,Reduces Risk,numeric__attendance_overall_attendance_avg_3m,0.804,Increases Risk,numeric__placement_mock_interview_score_current,-0.675,Reduces Risk,numeric__academic_subject_score_avg_slope_3m,0.656,Increases Risk,numeric__academic_internal_marks_slope_3m,-0.539,Reduces Risk
S2077,CSE,,6.42,1.0,56.2,66.0,74.3,56.9,71.9,74.6,58.8,4.0,3.0,1.0,3.0,4.02,3.64,60.29,100.0,Amber,Reliable,0.729,1,High,0.336,1,Medium,70.0,Declining,20.13,Stable,70.0,Academic,High,Yes,Academic mentoring - Faculty - 7d,numeric__academic_warning_score,2.254,Increases Risk,numeric__academic_cgpa_current,-1.329,Reduces Risk,numeric__skills_soft_skills_score_avg_3m,-1.008,Reduces Risk,numeric__placement_mock_interview_score_avg_3m,0.958,Increases Risk,numeric__lms_assignment_completion_pct_avg_3m,-0.879,Reduces Risk,numeric__attendance_overall_attendance_current,2.707,Increases Risk,numeric__attendance_overall_attendance_avg_3m,-1.72,Reduces Risk,numeric__attendance_subject_attendance_current,1.248,Increases Risk,numeric__attendance_subject_attendance_avg_3m,-1.225,Reduces Risk,numeric__academic_internal_marks_avg_3m,1.154,Increases Risk
S2078,MECH,,6.58,1.0,61.0,51.2,85.0,64.1,79.1,83.4,67.8,1.0,2.0,2.0,2.0,3.41,3.49,60.1,100.0,Amber,Reliable,0.233,0,Low,0.862,1,High,16.75,Declining,51.74,Stable,51.74,Placement,Medium,Yes,Monitor student - 14d,numeric__academic_warning_score,1.988,Increases Risk,numeric__lms_assignment_completion_pct_avg_3m,-1.967,Reduces Risk,numeric__skills_soft_skills_score_avg_3m,-1.26,Reduces Risk,numeric__academic_cgpa_current,-1.22,Reduces Risk,numeric__placement_mock_interview_score_avg_3m,1.168,Increases Risk,numeric__attendance_overall_attendance_current,2.621,Increases Risk,numeric__attendance_overall_attendance_avg_3m,-1.755,Reduces Risk,numeric__attendance_subject_attendance_avg_3m,-1.219,Reduces Risk,numeric__academic_internal_marks_avg_3m,1.154,Increases Risk,numeric__critical_attendance_flag,-0.998,Reduces Risk
S2079,MECH,,8.9,0.0,77.9,79.2,83.5,74.7,93.6,82.2,74.3,3.0,3.0,3.0,1.0,3.81,3.8,80.77,100.0,Green,Reliable,0.201,0,Low,0.484,1,Medium,14.44,Declining,29.03,Stable,29.03,Placement,Low,Yes,No immediate intervention,numeric__placement_aptitude_score_current,-0.947,Reduces Risk,numeric__academic_warning_score,-0.934,Reduces Risk,numeric__skills_tech_skills_score_avg_3m,-0.487,Reduces Risk,numeric__placement_coding_score_avg_3m,0.421,Increases Risk,numeric__lms_logins_per_week_slope_3m,0.379,Increases Risk,numeric__placement_aptitude_score_current,0.924,Increases Risk,numeric__engagement_hackathons_attended_current,0.859,Increases Risk,numeric__academic_internal_marks_avg_3m,-0.602,Reduces Risk,numeric__skills_soft_skills_score_std_3m,-0.554,Reduces Risk,numeric__engagement_club_participations_current,-0.547,Reduces Risk
S2080,INFORMATION TECH,,7.68,1.0,75.2,74.1,85.6,64.3,75.4,80.1,64.7,4.0,1.0,2.0,1.0,3.61,4.52,70.49,100.0,Green,Reliable,0.139,0,Low,0.335,1,Medium,9.99,Declining,20.08,Stable,20.08,Placement,Low,Yes,No immediate intervention,numeric__academic_warning_score,0.793,Increases Risk,numeric__placement_coding_score_avg_3m,0.672,Increases Risk,numeric__lms_assignment_completion_pct_avg_3m,-0.618,Reduces Risk,numeric__engagement_hackathons_attended_std_3m,-0.556,Reduces Risk,numeric__placement_mock_interview_score_avg_3m,0.555,Increases Risk,numeric__attendance_overall_attendance_current,0.717,Increases Risk,numeric__placement_mock_interview_score_current,0.612,Increases Risk,numeric__skills_soft_skills_score_std_3m,0.594,Increases Risk,numeric__low_attendance_flag,-0.492,Reduces Risk,numeric__placement_aptitude_score_current,-0.462,Reduces Risk
S2081,ECE,,8.56,0.0,52.3,53.7,82.0,74.1,87.6,81.7,78.0,,,,,,,70.82,95.0,Green,Reliable,0.556,1,Medium,0.232,1,Medium,40.0,Declining,13.9,Stable,40.0,Academic,Medium,Yes,Monitor student - 14d,numeric__lms_assignment_completion_pct_avg_3m,-1.431,Reduces Risk,numeric__academic_warning_score,1.324,Increases Risk,numeric__lms_assignment_completion_pct_current,0.901,Increases Risk,numeric__attendance_declining_flag,-0.741,Reduces Risk,numeric__attendance_overall_attendance_avg_3m,0.676,Increases Risk,numeric__attendance_overall_attendance_current,3.086,Increases Risk,numeric__attendance_overall_attendance_avg_3m,-1.859,Reduces Risk,numeric__attendance_subject_attendance_current,1.455,Increases Risk,numeric__attendance_subject_attendance_avg_3m,-1.393,Reduces Risk,numeric__critical_attendance_flag,-0.998,Reduces Risk
S2082,IT,,6.64,0.0,57.7,76.3,75.7,68.9,71.9,71.2,64.3,3.0,1.0,1.0,1.0,4.34,3.79,67.42,100.0,Amber,Reliable,0.62,1,High,0.049,0,Low,44.63,Declining,2.92,Stable,44.63,Academic,Medium,Yes,Monitor student - 14d,numeric__academic_warning_score,1.191,Increases Risk,numeric__academic_cgpa_current,-1.179,Reduces Risk,numeric__placement_aptitude_score_current,0.746,Increases Risk,numeric__attendance_declining_flag,-0.741,Reduces Risk,numeric__skills_soft_skills_score_avg_3m,-0.683,Reduces Risk,numeric__attendance_overall_attendance_current,1.799,Increases Risk,numeric__attendance_subject_attendance_current,1.169,Increases Risk,numeric__attendance_overall_attendance_avg_3m,-1.139,Reduces Risk,numeric__engagement_hackathons_attended_current,-1.05,Reduces Risk,numeric__critical_attendance_flag,-0.998,Reduces Risk
S2083,ECE,,8.02,1.0,84.0,81.7,76.4,95.2,87.4,79.8,95.1,3.0,3.0,2.0,2.0,3.93,4.28,77.4,100.0,Green,Reliable,0.029,0,Low,0.877,1,High,2.07,Declining,52.64,Stable,52.64,Placement,Medium,Yes,Monitor student - 14d,numeric__feedback_satisfaction_score_avg_3m,-0.778,Reduces Risk,numeric__placement_mock_interview_score_current,-0.753,Reduces Risk,numeric__placement_mock_interview_score_avg_3m,-0.752,Reduces Risk,numeric__attendance_declining_flag,-0.741,Reduces Risk,numeric__academic_warning_score,0.66,Increases Risk,numeric__skills_soft_skills_score_std_3m,1.153,Increases Risk,numeric__placement_mock_interview_score_current,-1.147,Reduces Risk,numeric__skills_soft_skills_score_current,0.738,Increases Risk,numeric__placement_mock_interview_score_avg_3m,-0.62,Reduces Risk,numeric__feedback_satisfaction_score_slope_3m,-0.606,Reduces Risk
S2084,CIVIL,,8.09,0.0,100.0,100.0,74.5,82.8,75.3,76.6,83.2,5.0,1.0,1.0,1.0,4.75,3.9,85.63,100.0,Green,Reliable,0.104,0,Low,0.166,0,Low,4.98,Improving,9.96,Stable,9.96,Placement,Low,No,No immediate intervention,numeric__feedback_satisfaction_score_avg_3m,-1.002,Reduces Risk,numeric__academic_warning_score,-0.934,Reduces Risk,numeric__lms_assignment_completion_pct_avg_3m,0.902,Increases Risk,numeric__placement_coding_score_avg_3m,-0.825,Reduces Risk,numeric__lms_assignment_completion_pct_current,-0.706,Reduces Risk,numeric__attendance_overall_attendance_current,-2.063,Reduces Risk,numeric__attendance_overall_attendance_avg_3m,1.359,Increases Risk,numeric__attendance_subject_attendance_current,-1.069,Reduces Risk,numeric__engagement_hackathons_attended_current,-1.05,Reduces Risk,numeric__attendance_subject_attendance_avg_3m,0.913,Increases Risk
S2085,CSE,,6.86,2.0,67.5,62.0,85.7,69.5,76.8,80.3,71.6,2.0,0.0,1.0,2.0,3.34,3.83,61.46,100.0,Amber,Reliable,0.27,0,Low,0.349,1,Medium,32.46,Declining,20.93,Stable,32.46,Academic,Medium,Yes,Monitor student - 14d,numeric__academic_warning_score,1.856,Increases Risk,numeric__academic_cgpa_current,-1.029,Reduces Risk,numeric__lms_assignment_completion_pct_avg_3m,-0.883,Reduces Risk,numeric__skills_soft_skills_score_avg_3m,-0.793,Reduces Risk,numeric__academic_backlogs_slope_3m,0.781,Increases Risk,numeric__attendance_overall_attendance_current,1.885,Increases Risk,numeric__attendance_overall_attendance_avg_3m,-1.305,Reduces Risk,numeric__engagement_hackathons_attended_current,-1.05,Reduces Risk,numeric__critical_attendance_flag,-0.998,Reduces Risk,numeric__engagement_strength,0.962,Increases Risk
S2086,ECE DEPT,,9.39,0.0,85.9,99.7,86.9,89.0,95.8,91.0,88.1,3.0,1.0,2.0,1.0,4.47,4.63,87.85,100.0,Green,Reliable,0.079,0,Low,0.394,1,Medium,5.67,Declining,23.62,Stable,23.62,Placement,Low,Yes,No immediate intervention,numeric__skills_soft_skills_score_avg_3m,1.294,Increases Risk,numeric__placement_coding_score_avg_3m,1.123,Increases Risk,numeric__placement_aptitude_score_current,-1.119,Reduces Risk,numeric__placement_mock_interview_score_avg_3m,-1.053,Reduces Risk,numeric__lms_assignment_completion_pct_avg_3m,0.852,Increases Risk,numeric__attendance_overall_attendance_current,-1.154,Reduces Risk,numeric__placement_aptitude_score_current,1.092,Increases Risk,numeric__placement_mock_interview_score_avg_3m,-0.868,Reduces Risk,numeric__attendance_overall_attendance_avg_3m,0.846,Increases Risk,numeric__placement_mock_interview_score_current,-0.794,Reduces Risk
S2087,CIVIL,,8.92,0.0,92.6,70.4,79.0,77.6,93.8,78.4,74.4,4.0,1.0,2.0,1.0,3.74,4.58,81.1,100.0,Green,Reliable,0.072,0,Low,0.334,1,Medium,3.47,Improving,20.07,Stable,20.07,Placement,Low,Yes,No immediate intervention,numeric__placement_aptitude_score_current,-0.963,Reduces Risk,numeric__engagement_events_attended_slope_3m,0.71,Increases Risk,numeric__academic_warning_score,-0.668,Reduces Risk,numeric__lms_assignment_completion_pct_avg_3m,-0.492,Reduces Risk,numeric__placement_coding_score_slope_3m,-0.479,Reduces Risk,numeric__attendance_overall_attendance_current,-1.197,Reduces Risk,numeric__placement_aptitude_score_current,0.939,Increases Risk,numeric__attendance_subject_attendance_avg_3m,0.889,Increases Risk,numeric__attendance_overall_attendance_avg_3m,0.849,Increases Risk,numeric__attendance_subject_attendance_current,-0.678,Reduces Risk
S2088,COMP SCI,,9.01,0.0,85.3,81.8,97.3,81.5,94.6,91.6,80.6,3.0,2.0,2.0,1.0,3.94,4.45,81.45,100.0,Green,Reliable,0.117,0,Low,0.115,0,Low,5.6,Improving,6.91,Stable,6.91,Placement,Low,No,No immediate intervention,numeric__placement_coding_score_avg_3m,1.647,Increases Risk,numeric__skills_tech_skills_score_avg_3m,-1.237,Reduces Risk,numeric__placement_aptitude_score_current,-1.025,Reduces Risk,numeric__attendance_declining_flag,-0.741,Reduces Risk,numeric__skills_soft_skills_score_avg_3m,0.576,Increases Risk,numeric__placement_aptitude_score_current,1.0,Increases Risk,numeric__placement_coding_score_avg_3m,-0.812,Reduces Risk,numeric__academic_internal_marks_avg_3m,-0.561,Reduces Risk,numeric__skills_tech_skills_score_avg_3m,0.557,Increases Risk,numeric__placement_readiness_score,0.437,Increases Risk
S2089,ECE,,8.46,0.0,83.2,81.9,77.7,77.5,80.0,80.8,80.1,4.0,1.0,2.0,2.0,,,79.52,95.0,Green,Reliable,0.719,1,High,0.624,1,High,51.75,Declining,37.44,Stable,51.75,Academic,Medium,Yes,Monitor student - 14d,numeric__engagement_events_attended_slope_3m,0.71,Increases Risk,numeric__cgpa_declining_flag,0.487,Increases Risk,numeric__skills_tech_skills_score_avg_3m,-0.414,Reduces Risk,numeric__engagement_club_participations_avg_3m,0.408,Increases Risk,categorical__department_ECE,0.346,Increases Risk,numeric__engagement_strength,-0.906,Reduces Risk,numeric__attendance_overall_attendance_current,-0.494,Reduces Risk,numeric__skills_soft_skills_score_std_3m,0.493,Increases Risk,numeric__engagement_certifications_count_current,0.392,Increases Risk,numeric__engagement_events_attended_current,0.36,Increases Risk
S2090,ECE,,8.0,1.0,88.6,86.5,60.5,70.4,68.8,63.3,76.4,4.0,1.0,1.0,0.0,5.0,3.22,77.55,100.0,Green,Reliable,0.721,1,High,0.471,1,Medium,43.28,Stable,28.27,Stable,43.28,Academic,Medium,Yes,Monitor student - 14d,numeric__placement_coding_score_avg_3m,-1.851,Reduces Risk,numeric__skills_tech_skills_score_avg_3m,1.582,Increases Risk,numeric__feedback_satisfaction_score_avg_3m,-1.05,Reduces Risk,numeric__placement_aptitude_score_current,0.987,Increases Risk,numeric__feedback_satisfaction_score_current,0.914,Increases Risk,numeric__attendance_overall_attendance_current,-1.327,Reduces Risk,numeric__engagement_hackathons_attended_current,-1.05,Reduces Risk,numeric__placement_aptitude_score_current,-0.964,Reduces Risk,numeric__engagement_strength,0.962,Increases Risk,numeric__placement_coding_score_avg_3m,0.912,Increases Risk
S2091,ME,,8.7,1.0,75.9,62.4,80.9,67.8,80.8,78.5,81.3,1.0,0.0,2.0,2.0,3.32,4.6,73.77,100.0,Green,Reliable,0.205,0,Low,0.917,1,High,12.28,Stable,55.04,Stable,55.04,Placement,Medium,Yes,Monitor student - 14d,numeric__feedback_satisfaction_score_avg_3m,1.162,Increases Risk,numeric__lms_assignment_completion_pct_avg_3m,-1.123,Reduces Risk,numeric__lms_assignment_completion_pct_current,0.599,Increases Risk,numeric__placement_mock_interview_score_avg_3m,0.551,Increases Risk,numeric__academic_warning_score,-0.535,Reduces Risk,numeric__engagement_strength,0.775,Increases Risk,numeric__skills_soft_skills_score_std_3m,0.686,Increases Risk,numeric__engagement_events_attended_current,-0.63,Reduces Risk,numeric__lms_assignment_completion_pct_current,-0.52,Reduces Risk,numeric__attendance_overall_attendance_current,0.479,Increases Risk
S2092,CIVIL,,7.42,1.0,72.8,64.4,72.9,62.6,73.6,73.3,59.1,,,,,,,67.24,95.0,Amber,Reliable,0.068,0,Low,0.299,1,Medium,3.25,Improving,17.94,Stable,17.94,Placement,Low,Yes,No immediate intervention,numeric__skills_soft_skills_score_avg_3m,-1.034,Reduces Risk,numeric__lms_logins_per_week_slope_3m,0.888,Increases Risk,numeric__placement_coding_score_avg_3m,-0.869,Reduces Risk,numeric__lms_assignment_completion_pct_avg_3m,-0.805,Reduces Risk,numeric__attendance_declining_flag,-0.741,Reduces Risk,numeric__attendance_overall_attendance_current,1.431,Increases Risk,numeric__academic_internal_marks_avg_3m,0.921,Increases Risk,numeric__attendance_overall_attendance_avg_3m,-0.775,Reduces Risk,numeric__placement_mock_interview_score_current,0.709,Increases Risk,numeric__skills_soft_skills_score_current,-0.603,Reduces Risk
S2093,MECH,,8.41,0.0,81.1,87.4,71.7,79.9,76.9,77.6,73.9,6.0,1.0,1.0,2.0,,4.04,80.71,100.0,Green,Reliable,0.058,0,Low,0.45,1,Medium,2.79,Improving,27.01,Stable,27.01,Placement,Low,Yes,No immediate intervention,numeric__academic_warning_score,-0.934,Reduces Risk,numeric__skills_tech_skills_score_avg_3m,0.845,Increases Risk,numeric__placement_coding_score_avg_3m,-0.775,Reduces Risk,numeric__feedback_satisfaction_score_avg_3m,-0.746,Reduces Risk,numeric__feedback_satisfaction_score_missing,-0.713,Reduces Risk,numeric__feedback_satisfaction_score_slope_3m,2.0,Increases Risk,numeric__engagement_strength,-1.279,Reduces Risk,numeric__engagement_hackathons_attended_current,-1.05,Reduces Risk,numeric__engagement_events_attended_current,1.019,Increases Risk,numeric__engagement_events_attended_avg_3m,0.484,Increases Risk
S2094,ECE,,7.96,0.0,85.4,83.7,71.1,71.0,67.0,71.0,64.1,3.0,1.0,1.0,2.0,4.23,3.91,75.54,100.0,Green,Reliable,0.289,0,Low,0.285,1,Medium,17.35,Stable,17.1,Stable,17.35,Academic,Low,Yes,No immediate intervention,numeric__placement_coding_score_avg_3m,-1.195,Reduces Risk,numeric__placement_aptitude_score_current,1.128,Increases Risk,numeric__skills_tech_skills_score_avg_3m,1.045,Increases Risk,numeric__academic_warning_score,-0.668,Reduces Risk,numeric__skills_soft_skills_score_avg_3m,-0.647,Reduces Risk,numeric__placement_aptitude_score_current,-1.101,Reduces Risk,numeric__engagement_hackathons_attended_current,-1.05,Reduces Risk,numeric__placement_mock_interview_score_std_3m,-0.753,Reduces Risk,numeric__placement_coding_score_avg_3m,0.589,Increases Risk,numeric__skills_tech_skills_score_avg_3m,-0.471,Reduces Risk
S2095,MECH,,6.97,1.0,93.9,89.2,61.8,64.0,70.5,59.6,66.8,2.0,1.0,1.0,1.0,4.58,3.54,73.72,100.0,Green,Reliable,0.27,0,Low,0.53,1,High,19.43,Declining,31.81,Stable,31.81,Placement,Medium,Yes,Monitor student - 14d,numeric__placement_coding_score_avg_3m,-1.672,Reduces Risk,numeric__skills_tech_skills_score_avg_3m,1.343,Increases Risk,numeric__academic_cgpa_current,-0.954,Reduces Risk,numeric__engagement_events_attended_slope_3m,-0.882,Reduces Risk,numeric__placement_aptitude_score_current,0.855,Increases Risk,numeric__attendance_overall_attendance_current,-1.749,Reduces Risk,numeric__engagement_strength,1.522,Increases Risk,numeric__attendance_overall_attendance_avg_3m,1.235,Increases Risk,numeric__academic_internal_marks_avg_3m,1.078,Increases Risk,numeric__engagement_hackathons_attended_current,-1.05,Reduces Risk
S2096,CSE,,7.2,1.0,85.1,90.5,63.6,65.0,65.2,66.7,68.6,3.0,2.0,2.0,0.0,4.53,3.26,71.89,100.0,Green,Reliable,0.42,1,Medium,0.606,1,High,20.17,Improving,36.34,Stable,36.34,Placement,Medium,Yes,Monitor student - 14d,numeric__placement_coding_score_avg_3m,-1.631,Reduces Risk,numeric__placement_aptitude_score_current,1.268,Increases Risk,numeric__skills_tech_skills_score_avg_3m,1.235,Increases Risk,numeric__feedback_faculty_rating_avg_3m,0.905,Increases Risk,numeric__feedback_satisfaction_score_avg_3m,-0.866,Reduces Risk,numeric__placement_aptitude_score_current,-1.238,Reduces Risk,numeric__academic_internal_marks_avg_3m,0.917,Increases Risk,numeric__placement_coding_score_avg_3m,0.804,Increases Risk,numeric__engagement_strength,0.775,Increases Risk,numeric__feedback_faculty_rating_current,0.755,Increases Risk
S2097,CSE,,9.14,0.0,92.2,79.6,94.6,97.7,94.6,92.9,96.1,,,,,4.21,4.71,88.59,100.0,Green,Reliable,0.029,0,Low,0.059,0,Low,1.76,Stable,3.54,Stable,3.54,Placement,Low,No,No immediate intervention,numeric__skills_soft_skills_score_avg_3m,1.477,Increases Risk,numeric__placement_coding_score_avg_3m,1.393,Increases Risk,numeric__placement_mock_interview_score_avg_3m,-1.195,Reduces Risk,numeric__skills_tech_skills_score_avg_3m,-1.184,Reduces Risk,numeric__placement_aptitude_score_current,-1.025,Reduces Risk,numeric__placement_mock_interview_score_current,-1.289,Reduces Risk,numeric__attendance_overall_attendance_current,-1.111,Reduces Risk,numeric__placement_aptitude_score_current,1.0,Increases Risk,numeric__placement_mock_interview_score_avg_3m,-0.985,Reduces Risk,numeric__attendance_overall_attendance_avg_3m,0.934,Increases Risk
S2098,CSE,,7.88,0.0,73.5,75.5,83.6,61.7,83.9,77.5,69.5,1.0,0.0,2.0,1.0,3.78,4.09,72.7,100.0,Green,Reliable,0.467,1,Medium,0.588,1,High,28.03,Stable,35.31,Stable,35.31,Placement,Medium,Yes,Monitor student - 14d,numeric__feedback_satisfaction_score_avg_3m,0.841,Increases Risk,numeric__placement_mock_interview_score_avg_3m,0.674,Increases Risk,numeric__lms_assignment_completion_pct_avg_3m,-0.542,Reduces Risk,numeric__skills_soft_skills_score_avg_3m,-0.513,Reduces Risk,numeric__placement_coding_score_avg_3m,0.505,Increases Risk,numeric__engagement_strength,1.335,Increases Risk,numeric__attendance_overall_attendance_current,0.879,Increases Risk,numeric__placement_mock_interview_score_current,0.76,Increases Risk,numeric__engagement_events_attended_current,-0.63,Reduces Risk,numeric__academic_internal_marks_avg_3m,0.581,Increases Risk
S2099,ECE,,8.98,0.0,82.7,74.0,89.3,100.0,94.5,84.6,100.0,4.0,1.0,3.0,2.0,4.27,4.65,83.7,100.0,Green,Reliable,0.066,0,Low,0.065,0,Low,4.77,Declining,3.88,Stable,4.77,Academic,Low,No,No immediate intervention,numeric__skills_soft_skills_score_avg_3m,1.69,Increases Risk,numeric__placement_mock_interview_score_avg_3m,-1.319,Reduces Risk,numeric__placement_aptitude_score_current,-1.017,Reduces Risk,numeric__placement_mock_interview_score_current,-0.933,Reduces Risk,numeric__feedback_satisfaction_score_avg_3m,-0.846,Reduces Risk,numeric__engagement_strength,-1.653,Reduces Risk,numeric__placement_mock_interview_score_current,-1.42,Reduces Risk,numeric__placement_mock_interview_score_avg_3m,-1.088,Reduces Risk,numeric__placement_aptitude_score_current,0.993,Increases Risk,numeric__skills_soft_skills_score_current,0.921,Increases Risk
S2100,ME,,8.27,0.0,57.2,67.1,74.9,61.1,85.1,73.3,63.7,2.0,0.0,1.0,1.0,2.82,4.34,69.3,100.0,Amber,Reliable,0.357,1,Medium,0.104,0,Low,21.41,Stable,6.22,Stable,21.41,Academic,Low,Yes,No immediate intervention,numeric__feedback_satisfaction_score_avg_3m,1.237,Increases Risk,numeric__placement_coding_score_avg_3m,-0.997,Reduces Risk,numeric__skills_tech_skills_score_avg_3m,0.99,Increases Risk,numeric__feedback_satisfaction_score_current,-0.962,Reduces Risk,numeric__lms_assignment_completion_pct_avg_3m,-0.874,Reduces Risk,numeric__attendance_overall_attendance_current,1.82,Increases Risk,numeric__engagement_strength,1.522,Increases Risk,numeric__attendance_subject_attendance_current,1.195,Increases Risk,numeric__attendance_overall_attendance_avg_3m,-1.18,Reduces Risk,numeric__engagement_hackathons_attended_current,-1.05,Reduces Risk
S2101,ELECTRONICS & COMM,,8.6,0.0,95.7,93.6,73.4,82.5,84.3,72.6,81.1,3.0,1.0,2.0,2.0,4.36,4.12,83.84,100.0,Green,Reliable,0.063,0,Low,0.314,1,Medium,3.01,Improving,18.85,Stable,18.85,Placement,Low,Yes,No immediate intervention,numeric__placement_coding_score_slope_3m,-0.729,Reduces Risk,numeric__feedback_satisfaction_score_avg_3m,-0.671,Reduces Risk,numeric__academic_warning_score,-0.668,Reduces Risk,numeric__lms_logins_per_week_slope_3m,-0.641,Reduces Risk,numeric__lms_assignment_completion_pct_avg_3m,0.579,Increases Risk,numeric__attendance_overall_attendance_current,-2.063,Reduces Risk,numeric__attendance_overall_attendance_avg_3m,1.122,Increases Risk,numeric__attendance_subject_attendance_current,-0.842,Reduces Risk,numeric__placement_coding_score_slope_3m,0.672,Increases Risk,numeric__attendance_subject_attendance_avg_3m,0.67,Increases Risk
S2102,CSE,,8.25,1.0,79.0,84.7,92.0,93.4,72.6,92.1,90.3,3.0,2.0,3.0,1.0,3.99,4.49,77.83,100.0,Green,Reliable,0.009,0,Low,0.303,1,Medium,0.68,Declining,18.18,Stable,18.18,Placement,Low,Yes,No immediate intervention,numeric__placement_coding_score_avg_3m,1.089,Increases Risk,numeric__skills_soft_skills_score_avg_3m,1.053,Increases Risk,numeric__skills_tech_skills_score_avg_3m,-0.942,Reduces Risk,numeric__engagement_events_attended_slope_3m,-0.882,Reduces Risk,numeric__placement_mock_interview_score_avg_3m,-0.798,Reduces Risk,numeric__placement_mock_interview_score_current,-1.045,Reduces Risk,numeric__engagement_hackathons_attended_current,0.859,Increases Risk,numeric__placement_aptitude_score_slope_3m,0.717,Increases Risk,numeric__placement_aptitude_score_current,-0.675,Reduces Risk,numeric__placement_mock_interview_score_avg_3m,-0.658,Reduces Risk
S2103,IT,,7.34,1.0,61.0,80.6,71.6,71.2,70.0,75.0,64.7,2.0,2.0,1.0,2.0,3.81,4.04,69.46,100.0,Amber,Reliable,0.257,0,Low,0.346,1,Medium,12.32,Improving,20.74,Stable,20.74,Placement,Low,Yes,No immediate intervention,numeric__placement_coding_score_avg_3m,-0.919,Reduces Risk,numeric__placement_aptitude_score_current,0.894,Increases Risk,numeric__skills_tech_skills_score_avg_3m,0.836,Increases Risk,numeric__skills_soft_skills_score_avg_3m,-0.833,Reduces Risk,numeric__academic_cgpa_current,-0.702,Reduces Risk,numeric__attendance_overall_attendance_current,1.615,Increases Risk,numeric__engagement_hackathons_attended_current,-1.05,Reduces Risk,numeric__attendance_overall_attendance_avg_3m,-1.038,Reduces Risk,numeric__attendance_subject_attendance_current,0.994,Increases Risk,numeric__attendance_subject_attendance_avg_3m,-0.975,Reduces Risk
S2104,CS,,9.12,0.0,89.8,76.7,93.1,88.0,92.3,96.0,82.3,2.0,1.0,2.0,1.0,3.22,4.75,81.66,100.0,Green,Reliable,0.011,0,Low,0.154,0,Low,0.53,Improving,9.27,Stable,9.27,Placement,Low,No,No immediate intervention,numeric__placement_coding_score_avg_3m,1.516,Increases Risk,numeric__skills_tech_skills_score_avg_3m,-1.209,Reduces Risk,numeric__placement_aptitude_score_current,-0.846,Reduces Risk,numeric__academic_warning_score,-0.668,Reduces Risk,numeric__skills_soft_skills_score_avg_3m,0.621,Increases Risk,numeric__placement_aptitude_score_current,0.825,Increases Risk,numeric__engagement_strength,0.775,Increases Risk,numeric__placement_coding_score_avg_3m,-0.747,Reduces Risk,numeric__placement_mock_interview_score_current,-0.737,Reduces Risk,numeric__academic_internal_marks_avg_3m,-0.644,Reduces Risk
S2105,CS,,7.23,0.0,56.1,54.3,85.9,59.2,68.2,83.4,65.2,2.0,0.0,2.0,1.0,3.48,4.08,63.94,100.0,Amber,Reliable,0.294,0,Low,0.165,0,Low,21.15,Declining,9.92,Stable,21.15,Academic,Low,No,No immediate intervention,numeric__academic_warning_score,1.59,Increases Risk,numeric__lms_assignment_completion_pct_avg_3m,-1.509,Reduces Risk,numeric__placement_aptitude_score_current,1.034,Increases Risk,numeric__skills_soft_skills_score_avg_3m,-0.966,Reduces Risk,numeric__placement_mock_interview_score_avg_3m,0.888,Increases Risk,numeric__attendance_overall_attendance_current,2.675,Increases Risk,numeric__attendance_overall_attendance_avg_3m,-1.838,Reduces Risk,numeric__attendance_subject_attendance_avg_3m,-1.298,Reduces Risk,numeric__attendance_subject_attendance_current,1.254,Increases Risk,numeric__placement_aptitude_score_current,-1.01,Reduces Risk
S2106,IT,,9.21,0.0,94.1,76.0,83.6,69.1,83.4,86.2,71.4,4.0,1.0,2.0,1.0,3.37,4.68,80.31,80.0,Green,Reliable,0.072,0,Low,0.365,1,Medium,3.47,Improving,21.88,Stable,21.88,Placement,Low,Yes,No immediate intervention,numeric__placement_coding_score_avg_3m,1.089,Increases Risk,numeric__skills_tech_skills_score_avg_3m,-0.997,Reduces Risk,numeric__engagement_events_attended_slope_3m,0.71,Increases Risk,numeric__attendance_overall_attendance_std_3m,-0.673,Reduces Risk,numeric__academic_warning_score,-0.668,Reduces Risk,numeric__attendance_subject_attendance_current,-0.757,Reduces Risk,numeric__academic_internal_marks_avg_3m,-0.699,Reduces Risk,numeric__attendance_overall_attendance_avg_3m,0.566,Increases Risk,numeric__placement_aptitude_score_slope_3m,0.556,Increases Risk,numeric__placement_coding_score_slope_3m,0.549,Increases Risk
S2107,CIVIL,,5.63,4.0,78.8,73.4,54.1,65.0,55.9,50.0,68.1,3.0,3.0,0.0,0.0,4.89,3.84,57.68,100.0,Amber,Reliable,0.225,0,Low,0.509,1,High,27.01,Declining,30.56,Stable,30.56,Placement,Medium,Yes,Academic mentoring - Faculty - 7d,numeric__placement_coding_score_avg_3m,-2.792,Reduces Risk,numeric__skills_tech_skills_score_avg_3m,2.559,Increases Risk,numeric__academic_backlogs_avg_3m,-2.197,Reduces Risk,numeric__placement_aptitude_score_current,1.994,Increases Risk,numeric__academic_cgpa_current,-1.868,Reduces Risk,numeric__engagement_strength,2.269,Increases Risk,numeric__engagement_hackathons_attended_current,-2.005,Reduces Risk,numeric__placement_aptitude_score_current,-1.947,Reduces Risk,numeric__low_aptitude_flag,-1.906,Reduces Risk,numeric__academic_internal_marks_avg_3m,1.846,Increases Risk
S2108,CSE,,7.85,2.0,82.2,88.4,80.5,76.9,73.9,79.3,71.4,4.0,1.0,3.0,1.0,4.04,4.46,74.27,100.0,Green,Reliable,0.173,0,Low,0.295,1,Medium,20.72,Declining,17.72,Stable,20.72,Academic,Low,Yes,No immediate intervention,numeric__academic_backlogs_avg_3m,-0.956,Reduces Risk,numeric__placement_aptitude_score_current,0.589,Increases Risk,numeric__placement_aptitude_score_slope_3m,0.456,Increases Risk,numeric__lms_assignment_completion_pct_avg_3m,0.435,Increases Risk,numeric__engagement_events_attended_slope_3m,0.392,Increases Risk,numeric__engagement_strength,-1.093,Reduces Risk,numeric__engagement_hackathons_attended_current,0.859,Increases Risk,numeric__attendance_overall_attendance_current,-0.602,Reduces Risk,numeric__placement_aptitude_score_current,-0.576,Reduces Risk,numeric__placement_aptitude_score_slope_3m,-0.483,Reduces Risk
S2109,CIVIL,,8.19,0.0,72.2,72.3,80.6,65.6,82.2,79.1,65.0,3.0,2.0,3.0,2.0,3.37,4.4,78.89,100.0,Green,Reliable,0.037,0,Low,0.847,1,High,2.66,Declining,50.83,Stable,50.83,Placement,Medium,Yes,Monitor student - 14d,numeric__lms_logins_per_week_missing,-1.54,Reduces Risk,numeric__lms_logins_per_week_slope_3m,0.761,Increases Risk,numeric__attendance_declining_flag,-0.741,Reduces Risk,numeric__lms_assignment_completion_pct_avg_3m,-0.68,Reduces Risk,numeric__skills_soft_skills_score_avg_3m,-0.631,Reduces Risk,numeric__engagement_strength,-1.093,Reduces Risk,numeric__engagement_hackathons_attended_current,0.859,Increases Risk,numeric__placement_mock_interview_score_current,0.538,Increases Risk,numeric__placement_mock_interview_score_avg_3m,0.459,Increases Risk,numeric__skills_soft_skills_score_std_3m,-0.454,Reduces Risk
S2110,CIVIL ENGINEERING,,9.58,0.0,100.0,94.1,91.8,86.8,89.3,86.1,93.3,5.0,1.0,3.0,2.0,4.27,4.99,90.8,100.0,Green,Reliable,0.015,0,Low,0.185,0,Low,0.92,Stable,11.09,Stable,11.09,Placement,Low,No,No immediate intervention,numeric__skills_soft_skills_score_avg_3m,1.42,Increases Risk,numeric__placement_coding_score_avg_3m,1.007,Increases Risk,numeric__placement_mock_interview_score_avg_3m,-1.001,Reduces Risk,numeric__lms_assignment_completion_pct_avg_3m,0.956,Increases Risk,numeric__academic_warning_score,-0.934,Reduces Risk,numeric__engagement_strength,-2.213,Reduces Risk,numeric__attendance_overall_attendance_current,-1.251,Reduces Risk,numeric__attendance_subject_attendance_current,-1.069,Reduces Risk,numeric__engagement_hackathons_attended_current,0.859,Increases Risk,numeric__placement_mock_interview_score_avg_3m,-0.825,Reduces Risk
S2111,CIVIL,,7.98,1.0,91.1,83.9,61.4,76.3,77.1,68.2,74.4,3.0,2.0,2.0,1.0,3.97,4.29,74.94,100.0,Green,Reliable,0.133,0,Low,0.706,1,High,7.99,Stable,42.34,Stable,42.34,Placement,Medium,Yes,Monitor student - 14d,numeric__placement_coding_score_avg_3m,-1.104,Reduces Risk,numeric__skills_tech_skills_score_avg_3m,0.621,Increases Risk,numeric__placement_coding_score_current,0.596,Increases Risk,numeric__engagement_hackathons_attended_std_3m,-0.556,Reduces Risk,numeric__engagement_events_attended_slope_3m,0.392,Increases Risk,numeric__attendance_subject_attendance_current,-0.598,Reduces Risk,numeric__placement_coding_score_avg_3m,0.544,Increases Risk,numeric__placement_mock_interview_score_std_3m,-0.47,Reduces Risk,numeric__academic_internal_marks_avg_3m,0.426,Increases Risk,numeric__skills_soft_skills_score_std_3m,0.406,Increases Risk
S2112,IT,,8.59,0.0,92.4,84.1,75.4,70.0,75.7,64.6,68.1,3.0,1.0,3.0,2.0,4.27,4.29,79.61,100.0,Green,Reliable,0.126,0,Low,0.066,0,Low,6.07,Improving,3.94,Stable,6.07,Academic,Low,No,No immediate intervention,numeric__lms_logins_per_week_slope_3m,-1.024,Reduces Risk,numeric__placement_coding_score_slope_3m,-0.975,Reduces Risk,numeric__skills_tech_skills_score_std_3m,0.791,Increases Risk,numeric__academic_warning_score,-0.668,Reduces Risk,numeric__placement_coding_score_avg_3m,0.568,Increases Risk,numeric__engagement_strength,-1.093,Reduces Risk,numeric__attendance_overall_attendance_current,-0.992,Reduces Risk,numeric__placement_coding_score_slope_3m,0.899,Increases Risk,numeric__engagement_hackathons_attended_current,0.859,Increases Risk,numeric__attendance_subject_attendance_current,-0.667,Reduces Risk
S2113,CSE,,8.32,0.0,83.3,85.5,85.7,74.4,85.3,87.0,75.9,7.0,1.0,2.0,2.0,3.49,4.46,81.88,100.0,Green,Reliable,0.468,1,Medium,0.235,1,Medium,33.67,Declining,14.11,Stable,33.67,Academic,Medium,Yes,Monitor student - 14d,numeric__engagement_events_attended_slope_3m,1.347,Increases Risk,numeric__placement_coding_score_avg_3m,0.785,Increases Risk,numeric__engagement_strength,-0.754,Reduces Risk,numeric__skills_tech_skills_score_avg_3m,-0.736,Reduces Risk,numeric__feedback_satisfaction_score_avg_3m,0.569,Increases Risk,numeric__engagement_strength,-2.587,Reduces Risk,numeric__engagement_events_attended_current,1.349,Increases Risk,numeric__attendance_overall_attendance_current,-0.797,Reduces Risk,numeric__attendance_overall_attendance_avg_3m,0.576,Increases Risk,categorical__department_CSE,-0.416,Reduces Risk
S2114,IT,,7.89,0.0,71.9,71.3,97.3,75.6,86.6,85.1,80.6,3.0,1.0,2.0,1.0,4.49,4.63,76.84,100.0,Green,Reliable,0.085,0,Low,0.096,0,Low,6.11,Declining,5.79,Stable,6.11,Academic,Low,No,No immediate intervention,numeric__feedback_satisfaction_score_avg_3m,-1.026,Reduces Risk,numeric__placement_coding_score_avg_3m,0.829,Increases Risk,numeric__attendance_declining_flag,-0.741,Reduces Risk,numeric__skills_soft_skills_score_avg_3m,0.692,Increases Risk,numeric__placement_mock_interview_score_avg_3m,-0.571,Reduces Risk,numeric__placement_mock_interview_score_avg_3m,-0.471,Reduces Risk,numeric__placement_mock_interview_score_std_3m,-0.458,Reduces Risk,numeric__placement_coding_score_slope_3m,-0.435,Reduces Risk,numeric__attendance_subject_attendance_current,0.418,Increases Risk,numeric__placement_coding_score_avg_3m,-0.408,Reduces Risk
S2115,IT,,8.77,0.0,93.6,93.7,100.0,97.0,82.1,98.7,92.0,5.0,2.0,3.0,2.0,4.07,4.08,90.75,100.0,Green,Reliable,0.077,0,Low,0.082,0,Low,4.61,Stable,4.94,Stable,4.94,Placement,Low,No,No immediate intervention,numeric__lms_assignment_completion_pct_avg_3m,1.068,Increases Risk,numeric__skills_soft_skills_score_avg_3m,1.05,Increases Risk,numeric__placement_coding_score_avg_3m,1.045,Increases Risk,numeric__placement_mock_interview_score_avg_3m,-0.971,Reduces Risk,numeric__placement_mock_interview_score_current,-0.821,Reduces Risk,numeric__engagement_strength,-2.213,Reduces Risk,numeric__attendance_overall_attendance_current,-1.76,Reduces Risk,numeric__attendance_overall_attendance_avg_3m,1.354,Increases Risk,numeric__placement_mock_interview_score_current,-1.249,Reduces Risk,numeric__attendance_subject_attendance_avg_3m,0.899,Increases Risk
S2116,COMP SCI,,7.68,0.0,87.1,86.7,79.2,75.4,82.3,80.7,74.2,3.0,1.0,1.0,2.0,4.4,4.01,77.62,100.0,Green,Reliable,0.058,0,Low,0.267,1,Medium,4.2,Declining,16.04,Stable,16.04,Placement,Low,Yes,No immediate intervention,numeric__lms_logins_per_week_slope_3m,-1.024,Reduces Risk,numeric__attendance_declining_flag,-0.741,Reduces Risk,numeric__lms_assignment_completion_pct_avg_3m,0.717,Increases Risk,numeric__feedback_satisfaction_score_avg_3m,-0.715,Reduces Risk,numeric__cgpa_declining_flag,0.487,Increases Risk,numeric__engagement_hackathons_attended_current,-1.05,Reduces Risk,numeric__attendance_overall_attendance_current,-0.97,Reduces Risk,numeric__attendance_overall_attendance_avg_3m,0.889,Increases Risk,numeric__attendance_subject_attendance_avg_3m,0.694,Increases Risk,numeric__lms_logins_per_week_slope_3m,-0.602,Reduces Risk
S2117,INFORMATION TECH,,8.55,0.0,83.3,92.4,90.9,80.7,89.6,82.5,77.4,3.0,1.0,3.0,1.0,3.92,4.21,81.1,100.0,Green,Reliable,0.17,0,Low,0.316,1,Medium,10.18,Stable,18.95,Stable,18.95,Placement,Low,Yes,No immediate intervention,numeric__placement_coding_score_avg_3m,0.963,Increases Risk,numeric__skills_tech_skills_score_avg_3m,-0.831,Reduces Risk,numeric__attendance_declining_flag,-0.741,Reduces Risk,numeric__placement_aptitude_score_current,-0.635,Reduces Risk,numeric__lms_assignment_completion_pct_avg_3m,0.529,Increases Risk,numeric__engagement_hackathons_attended_current,0.859,Increases Risk,numeric__placement_aptitude_score_current,0.62,Increases Risk,numeric__attendance_overall_attendance_slope_3m,-0.561,Reduces Risk,numeric__engagement_strength,-0.532,Reduces Risk,numeric__attendance_overall_attendance_avg_3m,0.528,Increases Risk
S2118,CSE,,9.41,0.0,91.1,90.8,90.0,85.2,86.4,80.5,90.3,3.0,2.0,2.0,1.0,,4.21,87.85,100.0,Green,Reliable,0.13,0,Low,0.236,1,Medium,7.81,Stable,14.15,Stable,14.15,Placement,Low,Yes,No immediate intervention,numeric__placement_coding_score_avg_3m,1.18,Increases Risk,numeric__academic_warning_score,-0.934,Reduces Risk,numeric__skills_soft_skills_score_avg_3m,0.83,Increases Risk,numeric__feedback_satisfaction_score_missing,-0.713,Reduces Risk,numeric__academic_cgpa_current,0.71,Increases Risk,numeric__attendance_overall_attendance_current,-1.424,Reduces Risk,numeric__attendance_overall_attendance_avg_3m,0.745,Increases Risk,numeric__academic_internal_marks_avg_3m,-0.72,Reduces Risk,numeric__attendance_subject_attendance_current,-0.598,Reduces Risk,numeric__placement_coding_score_avg_3m,-0.581,Reduces Risk
S2119,CIVIL,,9.18,0.0,84.5,89.4,95.2,93.1,95.9,88.4,81.0,4.0,2.0,4.0,1.0,,4.42,86.72,100.0,Green,Reliable,0.014,0,Low,0.139,0,Low,0.85,Stable,8.33,Stable,8.33,Placement,Low,No,No immediate intervention,numeric__placement_aptitude_score_current,-1.127,Reduces Risk,numeric__skills_soft_skills_score_avg_3m,0.98,Increases Risk,numeric__placement_coding_score_avg_3m,0.954,Increases Risk,numeric__placement_mock_interview_score_avg_3m,-0.894,Reduces Risk,numeric__attendance_declining_flag,-0.741,Reduces Risk,numeric__engagement_strength,-1.84,Reduces Risk,numeric__engagement_hackathons_attended_current,1.814,Increases Risk,numeric__placement_aptitude_score_current,1.099,Increases Risk,numeric__feedback_satisfaction_score_slope_3m,-1.085,Reduces Risk,numeric__placement_mock_interview_score_current,-1.028,Reduces Risk
S2120,CSE,,9.49,0.0,90.8,83.6,95.9,78.4,90.2,92.6,78.3,3.0,1.0,3.0,2.0,4.23,4.44,85.07,100.0,Green,Reliable,0.134,0,Low,0.046,0,Low,6.43,Improving,2.75,Stable,6.43,Academic,Low,No,No immediate intervention,numeric__placement_coding_score_avg_3m,1.603,Increases Risk,numeric__skills_tech_skills_score_avg_3m,-1.237,Reduces Risk,numeric__feedback_satisfaction_score_avg_3m,-0.778,Reduces Risk,numeric__academic_cgpa_current,0.765,Increases Risk,numeric__placement_aptitude_score_current,-0.682,Reduces Risk,numeric__engagement_strength,-1.093,Reduces Risk,numeric__engagement_hackathons_attended_current,0.859,Increases Risk,numeric__placement_coding_score_avg_3m,-0.79,Reduces Risk,numeric__academic_internal_marks_avg_3m,-0.752,Reduces Risk,numeric__placement_aptitude_score_current,0.665,Increases Risk
S2121,MECH,,8.56,0.0,68.8,82.3,93.7,98.8,92.8,87.3,93.4,4.0,2.0,2.0,1.0,4.46,5.0,79.72,100.0,Green,Reliable,0.04,0,Low,0.027,0,Low,2.84,Declining,1.62,Stable,2.84,Academic,Low,No,No immediate intervention,numeric__placement_mock_interview_score_avg_3m,-1.127,Reduces Risk,numeric__placement_coding_score_avg_3m,1.086,Increases Risk,numeric__skills_soft_skills_score_avg_3m,1.048,Increases Risk,numeric__placement_mock_interview_score_current,-0.888,Reduces Risk,numeric__placement_aptitude_score_current,-0.885,Reduces Risk,numeric__placement_mock_interview_score_current,-1.352,Reduces Risk,numeric__placement_mock_interview_score_avg_3m,-0.929,Reduces Risk,numeric__placement_aptitude_score_current,0.863,Increases Risk,numeric__attendance_overall_attendance_current,0.858,Increases Risk,numeric__attendance_overall_attendance_avg_3m,-0.747,Reduces Risk
S2122,CIVIL,,8.87,0.0,67.2,75.9,90.8,71.9,85.5,90.9,73.6,3.0,1.0,3.0,1.0,3.61,4.86,79.09,100.0,Green,Reliable,0.632,1,High,0.261,1,Medium,45.54,Declining,15.65,Stable,45.54,Academic,Medium,Yes,Monitor student - 14d,numeric__lms_logins_per_week_slope_3m,0.633,Increases Risk,numeric__skills_tech_skills_score_avg_3m,-0.616,Reduces Risk,numeric__feedback_faculty_rating_avg_3m,-0.568,Reduces Risk,numeric__cgpa_declining_flag,0.487,Increases Risk,numeric__feedback_faculty_rating_current,-0.436,Reduces Risk,numeric__attendance_overall_attendance_current,1.15,Increases Risk,numeric__attendance_overall_attendance_avg_3m,-0.909,Reduces Risk,numeric__engagement_hackathons_attended_current,0.859,Increases Risk,numeric__attendance_subject_attendance_current,0.666,Increases Risk,numeric__attendance_subject_attendance_avg_3m,-0.595,Reduces Risk
S2123,ME,,7.44,0.0,58.9,61.1,77.1,65.6,86.1,74.1,65.8,1.0,1.0,2.0,3.0,4.14,3.78,64.72,100.0,Amber,Reliable,0.599,1,Medium,0.48,1,Medium,43.14,Declining,28.82,Stable,43.14,Academic,Medium,Yes,Monitor student - 14d,numeric__academic_warning_score,1.59,Increases Risk,numeric__lms_assignment_completion_pct_avg_3m,-1.187,Reduces Risk,numeric__placement_aptitude_score_slope_3m,0.782,Increases Risk,numeric__attendance_declining_flag,-0.741,Reduces Risk,numeric__attendance_overall_attendance_avg_3m,0.737,Increases Risk,numeric__attendance_overall_attendance_current,3.043,Increases Risk,numeric__attendance_overall_attendance_avg_3m,-2.025,Reduces Risk,numeric__attendance_subject_attendance_avg_3m,-1.385,Reduces Risk,numeric__attendance_subject_attendance_current,1.106,Increases Risk,numeric__critical_attendance_flag,-0.998,Reduces Risk
S2124,CIVIL,,8.52,1.0,61.2,53.0,79.0,71.1,76.1,71.2,75.6,3.0,0.0,3.0,1.0,3.24,4.25,67.73,100.0,Amber,Reliable,0.372,1,Medium,0.351,1,Medium,26.82,Declining,21.05,Stable,26.82,Academic,Low,Yes,No immediate intervention,numeric__academic_warning_score,1.988,Increases Risk,numeric__lms_assignment_completion_pct_avg_3m,-1.784,Reduces Risk,numeric__feedback_satisfaction_score_avg_3m,1.332,Increases Risk,numeric__lms_assignment_completion_pct_current,0.925,Increases Risk,numeric__attendance_declining_flag,-0.741,Reduces Risk,numeric__attendance_overall_attendance_current,1.68,Increases Risk,numeric__attendance_overall_attendance_avg_3m,-1.01,Reduces Risk,numeric__critical_attendance_flag,-0.998,Reduces Risk,numeric__attendance_subject_attendance_current,0.984,Increases Risk,numeric__attendance_subject_attendance_avg_3m,-0.926,Reduces Risk
S2125,MECH,,8.18,2.0,68.6,57.7,87.2,87.1,91.5,70.0,80.9,3.0,3.0,2.0,1.0,4.52,4.9,70.12,100.0,Green,Reliable,0.049,0,Low,0.204,1,Medium,5.9,Declining,12.22,Stable,12.22,Placement,Low,Yes,No immediate intervention,numeric__academic_warning_score,1.324,Increases Risk,numeric__engagement_events_attended_slope_3m,-1.2,Reduces Risk,numeric__lms_assignment_completion_pct_avg_3m,-1.042,Reduces Risk,numeric__placement_aptitude_score_current,-0.783,Reduces Risk,numeric__academic_backlogs_slope_3m,0.781,Increases Risk,numeric__attendance_overall_attendance_current,0.988,Increases Risk,numeric__low_lms_flag,0.914,Increases Risk,numeric__placement_aptitude_score_current,0.764,Increases Risk,numeric__placement_mock_interview_score_std_3m,-0.693,Reduces Risk,numeric__placement_mock_interview_score_current,-0.686,Reduces Risk
S2126,CIVIL,,8.42,0.0,73.5,61.4,77.5,56.1,63.3,75.6,57.6,2.0,0.0,3.0,1.0,,3.86,71.15,100.0,Green,Reliable,0.507,1,Medium,0.348,1,Medium,36.5,Declining,20.86,Stable,36.5,Academic,Medium,Yes,Monitor student - 14d,numeric__placement_aptitude_score_current,1.416,Increases Risk,numeric__feedback_satisfaction_score_avg_3m,1.31,Increases Risk,numeric__lms_assignment_completion_pct_avg_3m,-1.239,Reduces Risk,numeric__skills_soft_skills_score_avg_3m,-0.864,Reduces Risk,numeric__placement_mock_interview_score_avg_3m,0.767,Increases Risk,numeric__placement_aptitude_score_current,-1.383,Reduces Risk,numeric__placement_mock_interview_score_current,1.078,Increases Risk,numeric__low_lms_flag,0.914,Increases Risk,numeric__engagement_hackathons_attended_current,0.859,Increases Risk,numeric__feedback_satisfaction_score_slope_3m,-0.719,Reduces Risk
S2127,IT,,8.94,0.0,91.5,85.0,89.6,83.5,89.0,84.9,86.7,4.0,3.0,2.0,1.0,4.32,4.3,83.81,100.0,Green,Reliable,0.246,0,Low,0.097,0,Low,17.75,Declining,5.84,Stable,17.75,Academic,Low,No,No immediate intervention,numeric__placement_coding_score_avg_3m,1.105,Increases Risk,numeric__skills_tech_skills_score_avg_3m,-0.877,Reduces Risk,numeric__feedback_satisfaction_score_avg_3m,-0.695,Reduces Risk,numeric__academic_cgpa_std_3m,-0.646,Reduces Risk,numeric__lms_logins_per_week_slope_3m,-0.641,Reduces Risk,numeric__attendance_overall_attendance_current,-1.057,Reduces Risk,numeric__attendance_overall_attendance_avg_3m,0.702,Increases Risk,numeric__academic_internal_marks_avg_3m,-0.639,Reduces Risk,numeric__attendance_subject_attendance_avg_3m,0.639,Increases Risk,numeric__attendance_subject_attendance_current,-0.619,Reduces Risk
S2128,CSE,,8.5,0.0,96.5,87.8,93.8,74.8,80.4,96.6,74.3,3.0,1.0,3.0,2.0,3.4,4.19,82.97,100.0,Green,Reliable,0.49,1,Medium,0.442,1,Medium,35.29,Declining,26.53,Stable,35.29,Academic,Medium,Yes,Monitor student - 14d,numeric__skills_tech_skills_score_avg_3m,-0.911,Reduces Risk,numeric__placement_coding_score_avg_3m,0.904,Increases Risk,numeric__cgpa_declining_flag,0.487,Increases Risk,numeric__feedback_satisfaction_score_current,-0.463,Reduces Risk,numeric__skills_soft_skills_score_avg_3m,0.409,Increases Risk,numeric__attendance_overall_attendance_current,-1.251,Reduces Risk,numeric__engagement_strength,-1.093,Reduces Risk,numeric__attendance_subject_attendance_current,-0.884,Reduces Risk,numeric__engagement_hackathons_attended_current,0.859,Increases Risk,numeric__feedback_satisfaction_score_slope_3m,-0.754,Reduces Risk
S2129,CIVIL,,8.53,0.0,64.8,59.1,88.5,57.0,84.5,86.5,65.9,1.0,0.0,2.0,3.0,,,71.61,95.0,Green,Reliable,0.118,0,Low,0.501,1,High,8.46,Declining,30.04,Stable,30.04,Placement,Medium,Yes,Monitor student - 14d,numeric__lms_assignment_completion_pct_avg_3m,-1.388,Reduces Risk,numeric__academic_warning_score,1.324,Increases Risk,numeric__placement_mock_interview_score_avg_3m,0.958,Increases Risk,numeric__skills_soft_skills_score_avg_3m,-0.762,Reduces Risk,numeric__attendance_declining_flag,-0.741,Reduces Risk,numeric__attendance_overall_attendance_current,1.766,Increases Risk,numeric__attendance_overall_attendance_avg_3m,-1.038,Reduces Risk,numeric__placement_mock_interview_score_current,1.027,Increases Risk,numeric__critical_attendance_flag,-0.998,Reduces Risk,numeric__engagement_certifications_count_current,0.937,Increases Risk
S2130,ECE DEPT,,8.71,0.0,84.4,89.3,82.2,83.6,88.8,80.9,80.0,5.0,1.0,3.0,1.0,4.83,4.67,85.88,100.0,Green,Reliable,0.03,0,Low,0.249,1,Medium,1.44,Improving,14.92,Stable,14.92,Placement,Low,Yes,No immediate intervention,numeric__feedback_satisfaction_score_avg_3m,-0.914,Reduces Risk,numeric__lms_assignment_completion_pct_avg_3m,0.814,Increases Risk,numeric__feedback_satisfaction_score_current,0.768,Increases Risk,numeric__attendance_declining_flag,-0.741,Reduces Risk,numeric__placement_coding_score_avg_3m,-0.589,Reduces Risk,numeric__engagement_strength,-1.653,Reduces Risk,numeric__engagement_hackathons_attended_current,0.859,Increases Risk,numeric__attendance_overall_attendance_current,-0.808,Reduces Risk,numeric__attendance_subject_attendance_avg_3m,0.71,Increases Risk,numeric__attendance_overall_attendance_avg_3m,0.702,Increases Risk
S2131,IT,,7.44,0.0,68.0,70.9,70.6,51.2,66.4,74.9,51.7,1.0,0.0,2.0,0.0,,,67.96,95.0,Amber,Reliable,0.187,0,Low,0.36,1,Medium,11.2,Stable,21.61,Stable,21.61,Placement,Low,Yes,No immediate intervention,numeric__skills_soft_skills_score_avg_3m,-1.372,Reduces Risk,numeric__placement_mock_interview_score_avg_3m,1.284,Increases Risk,numeric__placement_aptitude_score_current,1.175,Increases Risk,numeric__placement_mock_interview_score_current,0.891,Increases Risk,numeric__engagement_events_attended_slope_3m,-0.882,Reduces Risk,numeric__engagement_strength,1.896,Increases Risk,numeric__placement_mock_interview_score_current,1.357,Increases Risk,numeric__placement_aptitude_score_current,-1.147,Reduces Risk,numeric__placement_mock_interview_score_avg_3m,1.059,Increases Risk,numeric__attendance_overall_attendance_current,1.02,Increases Risk
S2132,IT,,9.08,0.0,72.6,76.2,98.2,75.7,78.1,91.9,75.3,2.0,0.0,2.0,1.0,3.34,4.27,76.35,100.0,Green,Reliable,0.082,0,Low,0.108,0,Low,4.93,Stable,6.49,Stable,6.49,Placement,Low,No,No immediate intervention,numeric__placement_coding_score_avg_3m,1.331,Increases Risk,numeric__skills_tech_skills_score_avg_3m,-1.166,Reduces Risk,numeric__lms_logins_per_week_slope_3m,-0.769,Reduces Risk,numeric__feedback_satisfaction_score_avg_3m,0.656,Increases Risk,numeric__placement_aptitude_score_slope_3m,-0.589,Reduces Risk,numeric__attendance_overall_attendance_current,0.955,Increases Risk,numeric__attendance_overall_attendance_avg_3m,-0.919,Reduces Risk,numeric__low_lms_flag,0.914,Increases Risk,numeric__attendance_subject_attendance_avg_3m,-0.788,Reduces Risk,numeric__engagement_strength,0.775,Increases Risk
S2133,IT,,8.88,0.0,79.0,73.8,93.6,80.9,84.1,87.0,79.9,2.0,0.0,2.0,1.0,,4.73,78.72,100.0,Green,Reliable,0.23,0,Low,0.013,0,Low,13.77,Stable,0.79,Stable,13.77,Academic,Low,No,No immediate intervention,numeric__placement_coding_score_avg_3m,1.061,Increases Risk,numeric__feedback_satisfaction_score_avg_3m,0.749,Increases Risk,numeric__feedback_satisfaction_score_missing,-0.713,Reduces Risk,numeric__skills_tech_skills_score_avg_3m,-0.669,Reduces Risk,numeric__lms_assignment_completion_pct_avg_3m,-0.644,Reduces Risk,numeric__engagement_strength,0.775,Increases Risk,numeric__attendance_overall_attendance_avg_3m,-0.687,Reduces Risk,numeric__attendance_overall_attendance_current,0.577,Increases Risk,numeric__academic_internal_marks_avg_3m,-0.568,Reduces Risk,numeric__attendance_subject_attendance_avg_3m,-0.541,Reduces Risk
S2134,INFO TECH,,8.7,2.0,74.7,81.9,89.3,71.4,84.5,88.1,71.9,3.0,1.0,3.0,1.0,3.65,4.19,75.27,100.0,Green,Reliable,0.384,1,Medium,0.729,1,High,30.74,Improving,43.75,Stable,43.75,Placement,Medium,Yes,Monitor student - 14d,numeric__academic_backlogs_avg_3m,-0.956,Reduces Risk,numeric__attendance_declining_flag,-0.741,Reduces Risk,categorical__department_INFO TECH,0.662,Increases Risk,numeric__placement_coding_score_avg_3m,0.568,Increases Risk,numeric__engagement_hackathons_attended_std_3m,-0.556,Reduces Risk,numeric__engagement_hackathons_attended_current,0.859,Increases Risk,numeric__attendance_overall_attendance_slope_3m,-0.545,Reduces Risk,numeric__placement_aptitude_score_slope_3m,-0.543,Reduces Risk,numeric__engagement_strength,-0.532,Reduces Risk,numeric__academic_internal_marks_slope_3m,-0.431,Reduces Risk
S2135,COMP SCI,,7.97,1.0,53.7,49.8,89.5,71.1,89.0,89.6,68.1,1.0,0.0,2.0,1.0,3.46,4.45,67.08,100.0,Amber,Reliable,0.141,0,Low,0.102,0,Low,10.16,Declining,6.15,Stable,10.16,Academic,Low,No,No immediate intervention,numeric__academic_warning_score,1.723,Increases Risk,numeric__lms_assignment_completion_pct_avg_3m,-1.602,Reduces Risk,numeric__lms_assignment_completion_pct_current,1.036,Increases Risk,numeric__skills_tech_skills_score_avg_3m,-0.973,Reduces Risk,numeric__placement_coding_score_avg_3m,0.879,Increases Risk,numeric__attendance_overall_attendance_current,2.286,Increases Risk,numeric__attendance_subject_attendance_current,1.381,Increases Risk,numeric__engagement_strength,1.335,Increases Risk,numeric__attendance_overall_attendance_avg_3m,-1.283,Reduces Risk,numeric__critical_attendance_flag,-0.998,Reduces Risk
S2136,IT,,8.73,0.0,63.8,67.9,83.3,74.8,88.8,83.2,75.3,1.0,2.0,2.0,1.0,3.71,4.95,73.86,100.0,Green,Reliable,0.057,0,Low,0.303,1,Medium,3.41,Stable,18.2,Stable,18.2,Placement,Low,Yes,No immediate intervention,numeric__placement_coding_score_avg_3m,1.014,Increases Risk,numeric__lms_assignment_completion_pct_avg_3m,-0.758,Reduces Risk,numeric__feedback_satisfaction_score_avg_3m,0.734,Increases Risk,numeric__placement_coding_score_slope_3m,-0.654,Reduces Risk,numeric__feedback_faculty_rating_avg_3m,-0.65,Reduces Risk,numeric__attendance_overall_attendance_current,1.507,Increases Risk,numeric__engagement_strength,1.335,Increases Risk,numeric__attendance_overall_attendance_avg_3m,-0.975,Reduces Risk,numeric__attendance_subject_attendance_current,0.846,Increases Risk,numeric__attendance_subject_attendance_avg_3m,-0.809,Reduces Risk
S2137,ME,,8.26,0.0,86.8,74.8,80.2,67.6,87.0,85.9,68.6,3.0,1.0,2.0,3.0,3.43,4.42,77.45,100.0,Green,Reliable,0.05,0,Low,0.486,1,Medium,3.02,Stable,29.16,Stable,29.16,Placement,Low,Yes,No immediate intervention,numeric__attendance_declining_flag,-0.741,Reduces Risk,numeric__feedback_satisfaction_score_avg_3m,0.729,Increases Risk,numeric__engagement_events_attended_slope_3m,-0.564,Reduces Risk,numeric__engagement_hackathons_attended_std_3m,-0.556,Reduces Risk,numeric__academic_warning_score,-0.535,Reduces Risk,numeric__engagement_certifications_count_current,0.937,Increases Risk,numeric__engagement_strength,-0.906,Reduces Risk,numeric__academic_internal_marks_slope_3m,0.644,Increases Risk,numeric__placement_aptitude_score_slope_3m,-0.492,Reduces Risk,numeric__academic_subject_score_avg_slope_3m,-0.446,Reduces Risk
S2138,ECE,,9.25,0.0,81.3,85.8,86.6,93.7,97.5,85.0,89.2,5.0,1.0,3.0,1.0,4.24,4.99,84.91,100.0,Green,Reliable,0.114,0,Low,0.159,0,Low,5.47,Improving,9.52,Stable,9.52,Placement,Low,No,No immediate intervention,numeric__placement_aptitude_score_current,-1.251,Reduces Risk,numeric__skills_soft_skills_score_avg_3m,1.213,Increases Risk,numeric__placement_coding_score_avg_3m,1.18,Increases Risk,numeric__skills_tech_skills_score_avg_3m,-1.071,Reduces Risk,numeric__placement_mock_interview_score_avg_3m,-1.022,Reduces Risk,numeric__engagement_strength,-1.653,Reduces Risk,numeric__placement_aptitude_score_current,1.221,Increases Risk,numeric__placement_mock_interview_score_current,-1.062,Reduces Risk,numeric__engagement_hackathons_attended_current,0.859,Increases Risk,numeric__placement_mock_interview_score_avg_3m,-0.843,Reduces Risk
S2139,IT,,8.7,0.0,100.0,89.8,86.4,76.0,78.3,80.9,76.2,5.0,2.0,1.0,3.0,4.69,4.14,86.62,100.0,Green,Reliable,0.044,0,Low,0.044,0,Low,2.09,Improving,2.66,Stable,2.66,Placement,Low,No,No immediate intervention,numeric__feedback_satisfaction_score_avg_3m,-1.055,Reduces Risk,numeric__lms_assignment_completion_pct_avg_3m,0.956,Increases Risk,numeric__attendance_declining_flag,-0.741,Reduces Risk,numeric__feedback_satisfaction_score_current,0.647,Increases Risk,numeric__engagement_hackathons_attended_std_3m,-0.556,Reduces Risk,numeric__attendance_overall_attendance_current,-1.9,Reduces Risk,numeric__attendance_overall_attendance_avg_3m,1.407,Increases Risk,numeric__engagement_strength,-1.279,Reduces Risk,numeric__attendance_subject_attendance_avg_3m,1.084,Increases Risk,numeric__attendance_subject_attendance_current,-1.069,Reduces Risk
S2140,CSE,,8.18,0.0,89.1,81.0,80.2,60.2,65.6,81.6,65.8,,,,,,3.6,78.9,100.0,Green,Reliable,0.269,0,Low,0.073,0,Low,12.9,Improving,4.4,Stable,12.9,Academic,Low,No,No immediate intervention,numeric__placement_aptitude_score_current,1.237,Increases Risk,numeric__attendance_declining_flag,-0.741,Reduces Risk,numeric__feedback_satisfaction_score_missing,-0.713,Reduces Risk,numeric__feedback_satisfaction_score_avg_3m,0.632,Increases Risk,numeric__placement_mock_interview_score_current,0.555,Increases Risk,numeric__attendance_overall_attendance_current,-1.262,Reduces Risk,numeric__placement_aptitude_score_current,-1.208,Reduces Risk,numeric__attendance_overall_attendance_avg_3m,0.899,Increases Risk,numeric__placement_mock_interview_score_current,0.845,Increases Risk,numeric__attendance_subject_attendance_avg_3m,0.629,Increases Risk
S2141,CSE,,7.28,1.0,43.5,66.7,90.9,57.1,72.7,82.2,62.9,1.0,1.0,1.0,3.0,3.71,3.68,59.39,100.0,Amber,Reliable,0.822,1,High,0.496,1,Medium,59.2,Declining,29.77,Stable,59.2,Academic,Medium,Yes,Monitor student - 14d,numeric__academic_warning_score,1.988,Increases Risk,numeric__lms_assignment_completion_pct_avg_3m,-1.256,Reduces Risk,numeric__engagement_hackathons_attended_std_3m,1.074,Increases Risk,numeric__attendance_overall_attendance_avg_3m,1.031,Increases Risk,numeric__academic_cgpa_current,-0.743,Reduces Risk,numeric__attendance_overall_attendance_current,4.319,Increases Risk,numeric__attendance_overall_attendance_avg_3m,-2.833,Reduces Risk,numeric__attendance_subject_attendance_avg_3m,-2.009,Reduces Risk,numeric__attendance_subject_attendance_current,1.92,Increases Risk,numeric__engagement_hackathons_attended_current,-1.05,Reduces Risk
S2142,CSE,,7.1,1.0,90.8,88.9,64.0,83.8,64.1,72.3,80.9,3.0,1.0,1.0,0.0,4.39,3.56,75.69,100.0,Green,Reliable,0.089,0,Low,0.272,1,Medium,4.25,Improving,16.35,Stable,16.35,Placement,Low,Yes,No immediate intervention,numeric__placement_coding_score_avg_3m,-1.396,Reduces Risk,numeric__placement_aptitude_score_current,1.354,Increases Risk,numeric__feedback_satisfaction_score_avg_3m,-1.187,Reduces Risk,numeric__lms_assignment_completion_pct_avg_3m,0.944,Increases Risk,numeric__academic_cgpa_current,-0.866,Reduces Risk,numeric__engagement_strength,1.522,Increases Risk,numeric__attendance_overall_attendance_current,-1.338,Reduces Risk,numeric__placement_aptitude_score_current,-1.322,Reduces Risk,numeric__engagement_hackathons_attended_current,-1.05,Reduces Risk,numeric__attendance_overall_attendance_avg_3m,1.018,Increases Risk
S2143,MECH,,8.04,1.0,55.8,70.0,84.4,75.7,77.2,75.8,68.2,2.0,1.0,2.0,1.0,3.41,3.77,65.11,100.0,Amber,Reliable,0.858,1,High,0.128,0,Low,61.75,Declining,7.66,Stable,61.75,Academic,High,Yes,Advisor review recommended - 7d,numeric__academic_warning_score,1.988,Increases Risk,numeric__lms_assignment_completion_pct_avg_3m,-0.997,Reduces Risk,numeric__academic_backlogs_slope_3m,0.781,Increases Risk,numeric__attendance_declining_flag,-0.741,Reduces Risk,numeric__placement_coding_score_slope_3m,0.673,Increases Risk,numeric__attendance_overall_attendance_current,3.129,Increases Risk,numeric__attendance_overall_attendance_avg_3m,-1.73,Reduces Risk,numeric__attendance_subject_attendance_avg_3m,-1.324,Reduces Risk,numeric__attendance_subject_attendance_current,1.27,Increases Risk,numeric__critical_attendance_flag,-0.998,Reduces Risk
S2144,CIVIL,,7.82,1.0,67.6,72.8,83.0,76.3,83.5,72.8,74.8,3.0,1.0,2.0,3.0,4.23,4.06,69.13,100.0,Amber,Reliable,0.364,1,Medium,0.55,1,High,26.19,Declining,32.99,Stable,32.99,Placement,Medium,Yes,Monitor student - 14d,numeric__academic_warning_score,1.59,Increases Risk,numeric__engagement_hackathons_attended_std_3m,1.074,Increases Risk,numeric__attendance_declining_flag,-0.741,Reduces Risk,numeric__lms_assignment_completion_pct_avg_3m,-0.556,Reduces Risk,numeric__academic_cgpa_std_3m,-0.553,Reduces Risk,numeric__attendance_overall_attendance_current,1.496,Increases Risk,numeric__engagement_certifications_count_current,0.937,Increases Risk,numeric__low_lms_flag,0.914,Increases Risk,numeric__engagement_strength,-0.906,Reduces Risk,numeric__attendance_overall_attendance_avg_3m,-0.876,Reduces Risk
S2145,CIVIL,,8.75,0.0,65.2,53.9,96.4,84.5,89.6,96.0,76.7,3.0,1.0,3.0,1.0,3.24,4.53,72.07,100.0,Green,Reliable,0.078,0,Low,0.188,0,Low,5.62,Declining,11.27,Stable,11.27,Placement,Low,No,No immediate intervention,numeric__lms_assignment_completion_pct_avg_3m,-1.844,Reduces Risk,numeric__academic_warning_score,1.59,Increases Risk,numeric__skills_tech_skills_score_avg_3m,-1.056,Reduces Risk,numeric__placement_coding_score_avg_3m,1.014,Increases Risk,numeric__feedback_satisfaction_score_avg_3m,0.989,Increases Risk,numeric__attendance_overall_attendance_current,2.318,Increases Risk,numeric__attendance_overall_attendance_avg_3m,-1.457,Reduces Risk,numeric__attendance_subject_attendance_avg_3m,-1.024,Reduces Risk,numeric__critical_attendance_flag,-0.998,Reduces Risk,numeric__low_lms_flag,0.914,Increases Risk
S2146,CIVIL,,8.16,0.0,75.6,78.1,65.7,71.3,74.7,73.0,73.6,4.0,1.0,1.0,2.0,3.79,4.37,78.81,100.0,Green,Reliable,0.202,0,Low,0.391,1,Medium,9.71,Improving,23.48,Stable,23.48,Placement,Low,Yes,No immediate intervention,numeric__lms_logins_per_week_missing,-1.54,Reduces Risk,numeric__lms_logins_per_week_slope_3m,1.526,Increases Risk,numeric__placement_coding_score_avg_3m,-1.226,Reduces Risk,numeric__skills_tech_skills_score_avg_3m,1.07,Increases Risk,numeric__academic_warning_score,-0.934,Reduces Risk,numeric__engagement_hackathons_attended_current,-1.05,Reduces Risk,numeric__lms_logins_per_week_slope_3m,0.897,Increases Risk,numeric__skills_soft_skills_score_std_3m,-0.698,Reduces Risk,numeric__placement_coding_score_avg_3m,0.604,Increases Risk,numeric__placement_aptitude_score_current,-0.515,Reduces Risk
S2147,COMP SCI,,8.6,0.0,65.0,51.7,100.0,72.5,89.2,90.9,74.5,1.0,0.0,4.0,1.0,2.59,4.94,74.02,80.0,Green,Reliable,0.481,1,Medium,0.267,1,Medium,34.62,Declining,16.04,Stable,34.62,Academic,Medium,Yes,Monitor student - 14d,numeric__lms_assignment_completion_pct_avg_3m,-1.768,Reduces Risk,numeric__placement_coding_score_avg_3m,1.632,Increases Risk,numeric__feedback_satisfaction_score_avg_3m,1.512,Increases Risk,numeric__skills_tech_skills_score_avg_3m,-1.301,Reduces Risk,numeric__feedback_satisfaction_score_current,-1.159,Reduces Risk,numeric__engagement_hackathons_attended_current,1.814,Increases Risk,numeric__feedback_satisfaction_score_current,0.986,Increases Risk,numeric__low_lms_flag,0.914,Increases Risk,numeric__attendance_overall_attendance_avg_3m,-0.874,Reduces Risk,numeric__attendance_subject_attendance_avg_3m,-0.843,Reduces Risk
S2148,MECH,,8.16,0.0,79.0,86.3,85.2,91.7,85.8,92.5,89.3,4.0,1.0,3.0,1.0,4.73,4.35,81.7,100.0,Green,Reliable,0.126,0,Low,0.454,1,Medium,9.08,Declining,27.24,Stable,27.24,Placement,Low,Yes,No immediate intervention,numeric__feedback_satisfaction_score_avg_3m,-1.075,Reduces Risk,numeric__skills_soft_skills_score_avg_3m,1.001,Increases Risk,numeric__placement_mock_interview_score_avg_3m,-0.878,Reduces Risk,numeric__feedback_satisfaction_score_current,0.682,Increases Risk,numeric__skills_tech_skills_score_avg_3m,-0.65,Reduces Risk,numeric__engagement_strength,-1.093,Reduces Risk,numeric__placement_mock_interview_score_current,-0.948,Reduces Risk,numeric__engagement_hackathons_attended_current,0.859,Increases Risk,numeric__placement_mock_interview_score_avg_3m,-0.724,Reduces Risk,numeric__feedback_satisfaction_score_current,-0.578,Reduces Risk
S2149,INFORMATION TECH,,7.09,0.0,94.2,95.1,73.0,71.5,70.7,73.9,79.7,4.0,1.0,2.0,1.0,5.0,3.65,80.53,100.0,Green,Reliable,0.476,1,Medium,0.769,1,High,34.28,Declining,46.14,Stable,46.14,Placement,Medium,Yes,Monitor student - 14d,numeric__placement_coding_score_avg_3m,-1.132,Reduces Risk,numeric__feedback_satisfaction_score_avg_3m,-0.997,Reduces Risk,numeric__skills_tech_skills_score_avg_3m,0.99,Increases Risk,numeric__feedback_satisfaction_score_current,0.914,Increases Risk,numeric__lms_assignment_completion_pct_avg_3m,0.913,Increases Risk,numeric__attendance_overall_attendance_current,-1.468,Reduces Risk,numeric__attendance_overall_attendance_avg_3m,0.911,Increases Risk,numeric__academic_internal_marks_avg_3m,0.861,Increases Risk,numeric__placement_aptitude_score_current,-0.82,Reduces Risk,numeric__feedback_satisfaction_score_current,-0.776,Reduces Risk
S2150,CSE,,9.29,0.0,83.3,78.9,100.0,83.5,91.8,97.4,82.3,,,,,4.17,4.45,84.71,100.0,Green,Reliable,0.092,0,Low,0.088,0,Low,5.49,Stable,5.29,Stable,5.49,Academic,Low,No,No immediate intervention,numeric__placement_coding_score_avg_3m,1.732,Increases Risk,numeric__skills_tech_skills_score_avg_3m,-1.234,Reduces Risk,numeric__placement_aptitude_score_current,-0.807,Reduces Risk,numeric__attendance_declining_flag,-0.741,Reduces Risk,numeric__academic_cgpa_current,0.629,Increases Risk,numeric__placement_coding_score_avg_3m,-0.853,Reduces Risk,numeric__placement_aptitude_score_current,0.787,Increases Risk,numeric__skills_tech_skills_score_avg_3m,0.556,Increases Risk,numeric__placement_readiness_score,0.506,Increases Risk,numeric__placement_mock_interview_score_avg_3m,-0.485,Reduces Risk
S2151,CE,,9.63,1.0,82.8,87.8,91.4,96.2,100.0,87.5,91.1,3.0,2.0,2.0,1.0,4.41,4.43,83.06,100.0,Green,Reliable,0.083,0,Low,0.167,0,Low,3.99,Improving,10.01,Stable,10.01,Placement,Low,No,No immediate intervention,numeric__placement_aptitude_score_current,-1.446,Reduces Risk,numeric__placement_mock_interview_score_avg_3m,-1.082,Reduces Risk,numeric__skills_soft_skills_score_avg_3m,0.972,Increases Risk,numeric__feedback_satisfaction_score_avg_3m,-0.943,Reduces Risk,numeric__lms_assignment_completion_pct_avg_3m,0.876,Increases Risk,numeric__placement_aptitude_score_current,1.412,Increases Risk,numeric__placement_mock_interview_score_current,-1.204,Reduces Risk,numeric__placement_mock_interview_score_avg_3m,-0.892,Reduces Risk,numeric__academic_internal_marks_avg_3m,-0.706,Reduces Risk,numeric__skills_soft_skills_score_current,0.589,Increases Risk
S2152,ME,,8.78,0.0,83.9,86.8,86.8,99.4,79.9,86.8,95.6,3.0,1.0,2.0,1.0,4.69,4.51,83.37,100.0,Green,Reliable,0.652,1,High,0.081,0,Low,46.92,Declining,4.84,Stable,46.92,Academic,Medium,Yes,Monitor student - 14d,numeric__lms_assignment_completion_pct_avg_3m,0.985,Increases Risk,numeric__placement_mock_interview_score_current,-0.91,Reduces Risk,numeric__skills_soft_skills_score_avg_3m,0.778,Increases Risk,numeric__attendance_declining_flag,-0.741,Reduces Risk,numeric__feedback_satisfaction_score_current,0.647,Increases Risk,numeric__placement_mock_interview_score_current,-1.386,Reduces Risk,numeric__placement_mock_interview_score_std_3m,-1.204,Reduces Risk,numeric__skills_soft_skills_score_std_3m,1.175,Increases Risk,numeric__feedback_satisfaction_score_slope_3m,0.85,Increases Risk,numeric__skills_soft_skills_score_current,0.757,Increases Risk
S2153,CIVIL,,7.68,0.0,74.1,72.2,63.7,52.9,65.7,72.6,51.5,2.0,2.0,1.0,0.0,3.57,3.1,69.72,100.0,Amber,Reliable,0.693,1,High,0.809,1,High,49.87,Declining,48.52,Stable,49.87,Academic,Medium,Yes,Monitor student - 14d,numeric__skills_soft_skills_score_avg_3m,-1.608,Reduces Risk,numeric__placement_coding_score_avg_3m,-1.421,Reduces Risk,numeric__placement_aptitude_score_current,1.229,Increases Risk,numeric__placement_mock_interview_score_avg_3m,1.185,Increases Risk,numeric__feedback_faculty_rating_avg_3m,0.868,Increases Risk,numeric__engagement_strength,2.083,Increases Risk,numeric__placement_mock_interview_score_current,1.261,Increases Risk,numeric__placement_aptitude_score_current,-1.2,Reduces Risk,numeric__engagement_hackathons_attended_current,-1.05,Reduces Risk,numeric__placement_mock_interview_score_avg_3m,0.977,Increases Risk
S2154,ECE,,9.26,0.0,74.2,68.8,99.8,66.0,85.8,99.3,61.5,2.0,0.0,3.0,1.0,3.8,4.02,77.54,100.0,Green,Reliable,0.727,1,High,0.815,1,High,43.63,Stable,48.9,Stable,48.9,Placement,Medium,Yes,Monitor student - 14d,numeric__feedback_satisfaction_score_avg_3m,0.797,Increases Risk,numeric__placement_coding_score_slope_3m,0.781,Increases Risk,numeric__skills_soft_skills_score_avg_3m,-0.642,Reduces Risk,numeric__lms_assignment_completion_pct_avg_3m,-0.625,Reduces Risk,numeric__academic_cgpa_current,0.608,Increases Risk,numeric__low_lms_flag,0.914,Increases Risk,numeric__engagement_hackathons_attended_current,0.859,Increases Risk,numeric__placement_coding_score_slope_3m,-0.72,Reduces Risk,numeric__lms_logins_per_week_avg_3m,-0.653,Reduces Risk,numeric__academic_internal_marks_avg_3m,-0.644,Reduces Risk
S2155,IT,,7.75,0.0,81.2,72.7,81.8,57.6,77.5,81.3,57.2,5.0,1.0,1.0,3.0,3.91,3.59,75.86,100.0,Green,Reliable,0.847,1,High,0.298,1,Medium,50.83,Stable,17.9,Stable,50.83,Academic,Medium,Yes,Monitor student - 14d,numeric__academic_warning_score,-0.934,Reduces Risk,numeric__skills_soft_skills_score_avg_3m,-0.754,Reduces Risk,numeric__engagement_events_attended_slope_3m,0.71,Increases Risk,numeric__placement_mock_interview_score_avg_3m,0.699,Increases Risk,numeric__engagement_hackathons_attended_std_3m,0.676,Increases Risk,numeric__engagement_strength,-1.279,Reduces Risk,numeric__engagement_hackathons_attended_current,-1.05,Reduces Risk,numeric__placement_mock_interview_score_current,0.993,Increases Risk,numeric__engagement_certifications_count_current,0.937,Increases Risk,numeric__engagement_events_attended_current,0.689,Increases Risk
S2156,COMP SCI,,9.8,0.0,81.3,96.2,93.9,97.1,92.0,90.1,92.3,5.0,2.0,2.0,2.0,4.16,4.53,89.21,100.0,Green,Reliable,0.098,0,Low,0.061,0,Low,4.72,Improving,3.67,Stable,4.72,Academic,Low,No,No immediate intervention,numeric__placement_coding_score_avg_3m,1.538,Increases Risk,numeric__skills_tech_skills_score_avg_3m,-1.237,Reduces Risk,numeric__academic_cgpa_current,0.976,Increases Risk,numeric__academic_warning_score,-0.934,Reduces Risk,numeric__lms_assignment_completion_pct_avg_3m,0.928,Increases Risk,numeric__engagement_strength,-1.466,Reduces Risk,numeric__placement_mock_interview_score_current,-1.255,Reduces Risk,numeric__attendance_overall_attendance_current,-0.884,Reduces Risk,numeric__placement_aptitude_score_current,0.802,Increases Risk,numeric__placement_aptitude_score_slope_3m,-0.777,Reduces Risk
S2157,CIVIL,,8.77,1.0,68.0,65.5,90.2,60.5,88.9,83.7,64.9,0.0,1.0,2.0,1.0,,4.82,69.71,100.0,Amber,Reliable,0.177,0,Low,0.096,0,Low,12.77,Declining,5.79,Stable,12.77,Academic,Low,No,No immediate intervention,numeric__feedback_satisfaction_score_avg_3m,1.58,Increases Risk,numeric__lms_assignment_completion_pct_avg_3m,-1.203,Reduces Risk,numeric__skills_soft_skills_score_avg_3m,-0.843,Reduces Risk,numeric__feedback_satisfaction_score_missing,-0.713,Reduces Risk,numeric__placement_mock_interview_score_avg_3m,0.662,Increases Risk,numeric__engagement_strength,1.896,Increases Risk,numeric__attendance_overall_attendance_current,1.409,Increases Risk,numeric__feedback_satisfaction_score_slope_3m,-1.294,Reduces Risk,numeric__attendance_overall_attendance_avg_3m,-1.081,Reduces Risk,numeric__engagement_events_attended_current,-0.96,Reduces Risk
S2158,CSE,,9.18,0.0,87.5,92.5,77.6,74.6,80.0,74.9,76.7,2.0,2.0,3.0,1.0,4.11,4.32,83.18,100.0,Green,Reliable,0.233,0,Low,0.065,0,Low,11.16,Improving,3.91,Stable,11.16,Academic,Low,No,No immediate intervention,numeric__attendance_declining_flag,-0.741,Reduces Risk,numeric__placement_coding_score_slope_3m,-0.562,Reduces Risk,numeric__academic_cgpa_current,0.553,Increases Risk,numeric__academic_warning_score,-0.535,Reduces Risk,numeric__lms_assignment_completion_pct_current,-0.446,Reduces Risk,numeric__attendance_overall_attendance_current,-1.154,Reduces Risk,numeric__engagement_hackathons_attended_current,0.859,Increases Risk,numeric__attendance_overall_attendance_avg_3m,0.846,Increases Risk,numeric__attendance_subject_attendance_avg_3m,0.657,Increases Risk,numeric__academic_internal_marks_avg_3m,-0.536,Reduces Risk
S2159,CIVIL,,8.98,0.0,65.5,74.5,87.7,80.8,100.0,78.8,73.2,,,,,3.74,5.0,78.52,100.0,Green,Reliable,0.034,0,Low,0.377,1,Medium,2.41,Declining,22.6,Stable,22.6,Placement,Low,Yes,No immediate intervention,numeric__placement_aptitude_score_current,-1.446,Reduces Risk,numeric__placement_coding_score_avg_3m,0.995,Increases Risk,numeric__feedback_faculty_rating_avg_3m,-0.744,Reduces Risk,numeric__attendance_declining_flag,-0.741,Reduces Risk,numeric__academic_cgpa_std_3m,-0.611,Reduces Risk,numeric__placement_aptitude_score_current,1.412,Increases Risk,numeric__attendance_overall_attendance_current,1.161,Increases Risk,numeric__attendance_subject_attendance_current,0.756,Increases Risk,numeric__feedback_faculty_rating_current,-0.654,Reduces Risk,numeric__attendance_subject_attendance_avg_3m,-0.579,Reduces Risk
S2160,IT,,8.1,2.0,65.3,73.9,84.3,77.4,89.7,84.2,80.9,,,,,4.2,4.29,70.7,100.0,Green,Reliable,0.18,0,Low,0.354,1,Medium,21.54,Declining,21.23,Stable,21.54,Academic,Low,Yes,No immediate intervention,numeric__academic_warning_score,1.59,Increases Risk,numeric__academic_backlogs_avg_3m,-0.956,Reduces Risk,numeric__placement_coding_score_avg_3m,0.847,Increases Risk,numeric__attendance_declining_flag,-0.741,Reduces Risk,numeric__skills_tech_skills_score_avg_3m,-0.696,Reduces Risk,numeric__attendance_overall_attendance_current,1.226,Increases Risk,numeric__low_lms_flag,0.914,Increases Risk,numeric__academic_subject_score_avg_slope_3m,-0.876,Reduces Risk,numeric__attendance_subject_attendance_current,0.767,Increases Risk,numeric__academic_warning_score,-0.635,Reduces Risk
S2161,CIVIL,,9.34,1.0,92.0,80.6,86.8,86.2,88.6,91.0,82.3,5.0,1.0,2.0,2.0,4.07,4.95,85.04,100.0,Green,Reliable,0.083,0,Low,0.157,0,Low,4.0,Improving,9.4,Stable,9.4,Placement,Low,No,No immediate intervention,numeric__lms_logins_per_week_slope_3m,0.888,Increases Risk,numeric__feedback_faculty_rating_avg_3m,-0.887,Reduces Risk,numeric__skills_soft_skills_score_avg_3m,0.744,Increases Risk,numeric__engagement_hackathons_attended_std_3m,0.676,Increases Risk,numeric__academic_cgpa_current,0.663,Increases Risk,numeric__engagement_strength,-1.466,Reduces Risk,numeric__attendance_overall_attendance_current,-1.403,Reduces Risk,numeric__attendance_overall_attendance_avg_3m,0.844,Increases Risk,numeric__placement_mock_interview_score_std_3m,-0.748,Reduces Risk,numeric__engagement_events_attended_current,0.689,Increases Risk
S2162,CIVIL,,7.32,1.0,66.8,80.2,76.6,78.5,89.0,76.4,73.3,5.0,1.0,3.0,1.0,4.19,4.29,71.08,100.0,Green,Reliable,0.052,0,Low,0.135,0,Low,3.09,Stable,8.11,Stable,8.11,Placement,Low,No,No immediate intervention,numeric__academic_warning_score,0.793,Increases Risk,numeric__academic_backlogs_slope_3m,0.781,Increases Risk,numeric__attendance_declining_flag,-0.741,Reduces Risk,numeric__academic_cgpa_current,-0.715,Reduces Risk,numeric__feedback_satisfaction_score_avg_3m,-0.642,Reduces Risk,numeric__attendance_overall_attendance_current,1.669,Increases Risk,numeric__engagement_strength,-1.653,Reduces Risk,numeric__academic_internal_marks_avg_3m,1.022,Increases Risk,numeric__critical_attendance_flag,-0.998,Reduces Risk,numeric__attendance_overall_attendance_avg_3m,-0.975,Reduces Risk
S2163,CIVIL,,8.31,0.0,100.0,95.3,75.5,75.7,80.3,75.4,75.8,3.0,4.0,5.0,1.0,,4.22,85.91,100.0,Green,Reliable,0.037,0,Low,0.463,1,Medium,1.77,Improving,27.79,Stable,27.79,Placement,Low,Yes,No immediate intervention,numeric__feedback_satisfaction_score_avg_3m,-1.257,Reduces Risk,numeric__engagement_hackathons_attended_std_3m,1.074,Increases Risk,numeric__engagement_hackathons_attended_current,1.034,Increases Risk,numeric__lms_assignment_completion_pct_avg_3m,0.977,Increases Risk,numeric__feedback_satisfaction_score_missing,-0.713,Reduces Risk,numeric__engagement_hackathons_attended_current,2.768,Increases Risk,numeric__attendance_overall_attendance_current,-2.16,Reduces Risk,numeric__engagement_strength,-2.027,Reduces Risk,numeric__attendance_overall_attendance_avg_3m,1.293,Increases Risk,numeric__attendance_subject_attendance_current,-1.069,Reduces Risk
S2164,MECH,,8.96,0.0,77.9,78.9,79.9,72.7,85.2,78.6,73.7,2.0,2.0,2.0,1.0,3.75,4.49,79.48,100.0,Green,Reliable,0.294,0,Low,0.548,1,High,17.62,Stable,32.9,Stable,32.9,Placement,Medium,Yes,Monitor student - 14d,numeric__academic_warning_score,-0.934,Reduces Risk,numeric__lms_logins_per_week_slope_3m,0.506,Increases Risk,numeric__placement_coding_score_avg_3m,0.471,Increases Risk,numeric__academic_cgpa_current,0.403,Increases Risk,numeric__placement_coding_score_slope_3m,-0.35,Reduces Risk,numeric__engagement_strength,0.775,Increases Risk,numeric__academic_internal_marks_avg_3m,-0.414,Reduces Risk,numeric__academic_warning_score,0.373,Increases Risk,numeric__placement_coding_score_slope_3m,0.322,Increases Risk,numeric__engagement_events_attended_current,-0.3,Reduces Risk
S2165,ECE,,8.84,0.0,64.4,68.9,83.2,74.1,84.0,81.5,73.0,2.0,2.0,2.0,1.0,3.28,4.54,75.54,100.0,Green,Reliable,0.197,0,Low,0.117,0,Low,14.19,Declining,7.03,Stable,14.19,Academic,Low,No,No immediate intervention,numeric__attendance_declining_flag,-0.741,Reduces Risk,numeric__engagement_hackathons_attended_std_3m,0.676,Increases Risk,numeric__feedback_satisfaction_score_current,-0.566,Reduces Risk,numeric__lms_logins_per_week_slope_3m,-0.514,Reduces Risk,numeric__feedback_satisfaction_score_avg_3m,0.491,Increases Risk,numeric__attendance_subject_attendance_current,0.815,Increases Risk,numeric__engagement_strength,0.775,Increases Risk,numeric__feedback_satisfaction_score_slope_3m,-0.614,Reduces Risk,numeric__attendance_overall_attendance_current,0.544,Increases Risk,numeric__attendance_subject_attendance_avg_3m,-0.52,Reduces Risk
S2166,MECH,,9.02,0.0,87.1,89.5,82.0,91.5,,81.4,90.6,4.0,3.0,2.0,3.0,4.71,3.87,84.49,100.0,Green,Reliable,0.097,0,Low,0.04,0,Low,4.65,Improving,2.4,Stable,4.65,Academic,Low,No,No immediate intervention,numeric__feedback_satisfaction_score_avg_3m,-0.997,Reduces Risk,numeric__skills_soft_skills_score_avg_3m,0.872,Increases Risk,numeric__lms_assignment_completion_pct_avg_3m,0.781,Increases Risk,numeric__attendance_declining_flag,-0.741,Reduces Risk,numeric__feedback_satisfaction_score_current,0.664,Increases Risk,numeric__engagement_strength,-1.466,Reduces Risk,numeric__engagement_certifications_count_current,0.937,Increases Risk,numeric__placement_mock_interview_score_current,-0.936,Reduces Risk,numeric__placement_aptitude_score_missing,-0.831,Reduces Risk,numeric__attendance_overall_attendance_avg_3m,0.639,Increases Risk
S2167,MECH,,8.3,0.0,84.5,84.7,73.0,85.0,,70.0,77.8,6.0,1.0,5.0,1.0,3.66,4.63,81.66,100.0,Green,Reliable,0.575,1,Medium,0.141,0,Low,34.5,Stable,8.47,Stable,34.5,Academic,Medium,Yes,Monitor student - 14d,numeric__engagement_events_attended_slope_3m,1.347,Increases Risk,numeric__engagement_strength,-1.08,Reduces Risk,numeric__engagement_hackathons_attended_std_3m,1.074,Increases Risk,numeric__engagement_hackathons_attended_current,1.034,Increases Risk,numeric__academic_warning_score,-0.934,Reduces Risk,numeric__engagement_strength,-3.708,Reduces Risk,numeric__engagement_hackathons_attended_current,2.768,Increases Risk,numeric__engagement_events_attended_current,1.019,Increases Risk,numeric__placement_aptitude_score_missing,-0.831,Reduces Risk,numeric__placement_mock_interview_score_current,-0.566,Reduces Risk
S2168,ECE,,7.99,0.0,86.3,82.8,53.5,72.2,71.7,61.4,77.3,2.0,2.0,1.0,1.0,4.58,4.08,76.84,100.0,Green,Reliable,0.182,0,Low,0.594,1,High,13.1,Declining,35.62,Stable,35.62,Placement,Medium,Yes,Monitor student - 14d,numeric__placement_coding_score_avg_3m,-2.214,Reduces Risk,numeric__skills_tech_skills_score_avg_3m,1.816,Increases Risk,numeric__academic_warning_score,-0.934,Reduces Risk,numeric__placement_coding_score_current,0.829,Increases Risk,numeric__placement_aptitude_score_current,0.761,Increases Risk,numeric__attendance_overall_attendance_current,-1.533,Reduces Risk,numeric__engagement_strength,1.522,Increases Risk,numeric__low_coding_flag,1.487,Increases Risk,numeric__placement_coding_score_avg_3m,1.091,Increases Risk,numeric__attendance_overall_attendance_avg_3m,1.059,Increases Risk
S2169,CIVIL,,6.99,1.0,71.8,72.3,78.1,73.2,80.3,76.1,76.6,,,,,3.97,3.95,69.77,100.0,Amber,Reliable,0.392,1,Medium,0.249,1,Medium,28.21,Declining,14.93,Stable,28.21,Academic,Low,Yes,No immediate intervention,numeric__academic_warning_score,1.191,Increases Risk,numeric__academic_cgpa_current,-0.941,Reduces Risk,numeric__academic_backlogs_slope_3m,0.781,Increases Risk,numeric__attendance_declining_flag,-0.741,Reduces Risk,numeric__lms_assignment_completion_pct_avg_3m,-0.68,Reduces Risk,numeric__attendance_overall_attendance_current,0.988,Increases Risk,numeric__academic_internal_marks_avg_3m,0.691,Increases Risk,numeric__feedback_satisfaction_score_slope_3m,0.545,Increases Risk,numeric__academic_cgpa_current,0.517,Increases Risk,numeric__academic_cgpa_avg_3m,0.503,Increases Risk
S2170,IT,,8.73,0.0,54.7,52.3,100.0,74.6,88.6,92.0,73.3,,,,,3.74,4.87,75.96,80.0,Green,Reliable,0.232,0,Low,0.022,0,Low,16.69,Declining,1.31,Stable,16.69,Academic,Low,No,No immediate intervention,numeric__lms_assignment_completion_pct_avg_3m,-1.704,Reduces Risk,numeric__placement_coding_score_avg_3m,1.66,Increases Risk,numeric__skills_tech_skills_score_avg_3m,-1.476,Reduces Risk,numeric__lms_assignment_completion_pct_current,0.949,Increases Risk,numeric__feedback_faculty_rating_avg_3m,-0.748,Reduces Risk,numeric__attendance_subject_attendance_current,1.328,Increases Risk,numeric__attendance_overall_attendance_avg_3m,-1.313,Reduces Risk,numeric__attendance_subject_attendance_avg_3m,-1.223,Reduces Risk,numeric__low_lms_flag,0.914,Increases Risk,numeric__lms_assignment_completion_pct_current,-0.824,Reduces Risk
S2171,ECE,,7.75,0.0,91.5,94.8,74.8,78.7,77.9,71.5,79.1,3.0,1.0,3.0,2.0,4.68,4.22,83.08,100.0,Green,Reliable,0.106,0,Low,0.51,1,High,6.35,Stable,30.61,Stable,30.61,Placement,Medium,Yes,Monitor student - 14d,numeric__placement_coding_score_avg_3m,-0.969,Reduces Risk,numeric__skills_tech_skills_score_avg_3m,0.941,Increases Risk,numeric__engagement_events_attended_slope_3m,-0.882,Reduces Risk,numeric__lms_assignment_completion_pct_avg_3m,0.852,Increases Risk,numeric__feedback_satisfaction_score_avg_3m,-0.783,Reduces Risk,numeric__attendance_overall_attendance_current,-1.792,Reduces Risk,numeric__attendance_overall_attendance_avg_3m,1.109,Increases Risk,numeric__engagement_strength,-1.093,Reduces Risk,numeric__engagement_hackathons_attended_current,0.859,Increases Risk,numeric__attendance_subject_attendance_avg_3m,0.645,Increases Risk
S2172,CSE,,8.1,0.0,53.5,77.3,78.6,69.9,76.6,90.2,75.4,1.0,2.0,1.0,1.0,3.59,4.05,72.63,100.0,Green,Reliable,0.058,0,Low,0.451,1,Medium,2.76,Improving,27.05,Stable,27.05,Placement,Low,Yes,No immediate intervention,numeric__lms_logins_per_week_slope_3m,0.888,Increases Risk,numeric__attendance_declining_flag,-0.741,Reduces Risk,numeric__skills_tech_skills_score_avg_3m,-0.61,Reduces Risk,numeric__engagement_strength,0.607,Increases Risk,numeric__skills_soft_skills_score_avg_3m,-0.581,Reduces Risk,numeric__engagement_strength,2.083,Increases Risk,numeric__attendance_overall_attendance_current,1.896,Increases Risk,numeric__attendance_subject_attendance_current,1.391,Increases Risk,numeric__attendance_overall_attendance_avg_3m,-1.058,Reduces Risk,numeric__engagement_hackathons_attended_current,-1.05,Reduces Risk
S2173,CIVIL,,7.83,4.0,76.3,78.3,67.2,73.4,76.2,68.5,76.4,3.0,2.0,1.0,2.0,3.95,3.93,65.84,100.0,Amber,Reliable,0.082,0,Low,0.915,1,High,9.9,Declining,54.88,Stable,54.88,Placement,Medium,Yes,Monitor student - 14d,numeric__academic_backlogs_avg_3m,-1.783,Reduces Risk,numeric__academic_backlogs_slope_3m,0.781,Increases Risk,numeric__academic_backlogs_current,0.78,Increases Risk,numeric__attendance_declining_flag,-0.741,Reduces Risk,numeric__academic_warning_score,0.66,Increases Risk,numeric__engagement_hackathons_attended_current,-1.05,Reduces Risk,numeric__academic_backlogs_avg_3m,0.692,Increases Risk,numeric__academic_backlogs_current,0.688,Increases Risk,numeric__placement_coding_score_std_3m,0.669,Increases Risk,numeric__engagement_strength,0.402,Increases Risk
S2174,IT,,8.12,1.0,59.1,67.6,91.0,81.4,87.3,77.5,80.6,3.0,2.0,2.0,1.0,4.02,4.62,69.08,100.0,Amber,Reliable,0.312,1,Medium,0.073,0,Low,22.49,Declining,4.4,Stable,22.49,Academic,Low,Yes,No immediate intervention,numeric__academic_warning_score,1.988,Increases Risk,numeric__placement_coding_score_avg_3m,1.033,Increases Risk,numeric__lms_assignment_completion_pct_avg_3m,-0.763,Reduces Risk,numeric__attendance_declining_flag,-0.741,Reduces Risk,numeric__lms_logins_per_week_slope_3m,-0.641,Reduces Risk,numeric__attendance_overall_attendance_current,2.004,Increases Risk,numeric__attendance_overall_attendance_avg_3m,-1.27,Reduces Risk,numeric__attendance_subject_attendance_current,1.095,Increases Risk,numeric__attendance_subject_attendance_avg_3m,-1.038,Reduces Risk,numeric__critical_attendance_flag,-0.998,Reduces Risk
S2175,IT,,8.58,0.0,85.5,97.5,86.0,84.8,78.0,87.1,72.1,4.0,2.0,2.0,2.0,,4.62,82.91,100.0,Green,Reliable,0.01,0,Low,0.05,0,Low,0.48,Improving,3.01,Stable,3.01,Placement,Low,No,No immediate intervention,numeric__lms_assignment_completion_pct_avg_3m,1.16,Increases Risk,numeric__feedback_satisfaction_score_avg_3m,-0.746,Reduces Risk,numeric__feedback_satisfaction_score_missing,-0.713,Reduces Risk,numeric__skills_tech_skills_score_avg_3m,-0.687,Reduces Risk,numeric__academic_warning_score,-0.668,Reduces Risk,numeric__engagement_strength,-0.906,Reduces Risk,numeric__attendance_overall_attendance_current,-0.797,Reduces Risk,numeric__attendance_overall_attendance_avg_3m,0.622,Increases Risk,numeric__placement_mock_interview_score_current,-0.555,Reduces Risk,numeric__lms_assignment_completion_pct_current,0.538,Increases Risk
S2176,ECE DEPT,,8.32,0.0,68.2,73.2,73.7,74.7,81.5,69.6,81.2,3.0,1.0,3.0,2.0,3.61,3.51,75.19,100.0,Green,Reliable,0.855,1,High,0.443,1,Medium,51.3,Stable,26.6,Stable,51.3,Academic,Medium,Yes,Monitor student - 14d,numeric__placement_coding_score_avg_3m,-0.925,Reduces Risk,numeric__engagement_hackathons_attended_std_3m,0.676,Increases Risk,numeric__feedback_satisfaction_score_avg_3m,0.652,Increases Risk,numeric__skills_tech_skills_score_avg_3m,0.615,Increases Risk,numeric__feedback_faculty_rating_current,0.446,Increases Risk,numeric__engagement_strength,-1.093,Reduces Risk,numeric__engagement_hackathons_attended_current,0.859,Increases Risk,numeric__attendance_overall_attendance_current,0.847,Increases Risk,numeric__attendance_subject_attendance_avg_3m,-0.762,Reduces Risk,numeric__attendance_overall_attendance_avg_3m,-0.699,Reduces Risk
S2177,MECH,,8.35,1.0,85.9,81.5,84.8,71.5,83.0,75.7,65.2,3.0,2.0,4.0,2.0,3.77,4.23,77.24,100.0,Green,Reliable,0.33,1,Medium,0.744,1,High,15.86,Improving,44.64,Stable,44.64,Placement,Medium,Yes,Monitor student - 14d,numeric__lms_logins_per_week_slope_3m,0.761,Increases Risk,numeric__engagement_hackathons_attended_current,0.678,Increases Risk,numeric__engagement_hackathons_attended_std_3m,0.676,Increases Risk,numeric__engagement_strength,-0.536,Reduces Risk,numeric__academic_warning_score,-0.535,Reduces Risk,numeric__engagement_strength,-1.84,Reduces Risk,numeric__engagement_hackathons_attended_current,1.814,Increases Risk,numeric__lms_logins_per_week_slope_3m,0.447,Increases Risk,numeric__engagement_certifications_count_current,0.392,Increases Risk,numeric__skills_soft_skills_score_current,-0.376,Reduces Risk
S2178,MECH,,8.3,1.0,81.8,75.8,65.9,61.5,75.5,62.2,59.4,5.0,2.0,1.0,1.0,3.71,3.68,70.81,100.0,Green,Reliable,0.706,1,High,0.163,0,Low,33.89,Improving,9.76,Stable,33.89,Academic,Medium,Yes,Monitor student - 14d,numeric__placement_coding_score_avg_3m,-1.098,Reduces Risk,numeric__skills_soft_skills_score_avg_3m,-0.987,Reduces Risk,numeric__skills_tech_skills_score_avg_3m,0.867,Increases Risk,numeric__placement_mock_interview_score_avg_3m,0.8,Increases Risk,numeric__placement_mock_interview_score_current,0.506,Increases Risk,numeric__engagement_hackathons_attended_current,-1.05,Reduces Risk,numeric__feedback_satisfaction_score_slope_3m,-0.824,Reduces Risk,numeric__placement_mock_interview_score_current,0.771,Increases Risk,numeric__engagement_events_attended_current,0.689,Increases Risk,numeric__placement_mock_interview_score_avg_3m,0.66,Increases Risk
S2179,CE,,,0.0,82.1,89.4,66.7,64.5,73.2,65.9,70.5,4.0,3.0,1.0,1.0,4.23,3.7,72.63,65.0,Green,Reliable,0.001,0,Low,0.131,0,Low,0.05,Improving,7.88,Stable,7.88,Placement,Low,No,No immediate intervention,numeric__academic_cgpa_missing,-6.778,Reduces Risk,numeric__placement_coding_score_avg_3m,-1.44,Reduces Risk,numeric__skills_tech_skills_score_avg_3m,1.106,Increases Risk,numeric__attendance_declining_flag,-0.741,Reduces Risk,numeric__placement_aptitude_score_current,0.644,Increases Risk,numeric__academic_cgpa_missing,-1.515,Reduces Risk,numeric__engagement_hackathons_attended_current,-1.05,Reduces Risk,numeric__attendance_overall_attendance_avg_3m,0.897,Increases Risk,numeric__attendance_overall_attendance_current,-0.851,Reduces Risk,numeric__placement_coding_score_avg_3m,0.709,Increases Risk
S2180,CS,,7.8,1.0,70.6,80.5,96.3,73.8,91.6,91.8,72.0,4.0,1.0,2.0,2.0,4.71,4.44,74.58,100.0,Green,Reliable,0.041,0,Low,0.148,0,Low,2.94,Declining,8.91,Stable,8.91,Placement,Low,No,No immediate intervention,numeric__feedback_satisfaction_score_avg_3m,-1.435,Reduces Risk,numeric__placement_coding_score_avg_3m,1.12,Increases Risk,numeric__academic_warning_score,0.926,Increases Risk,numeric__skills_tech_skills_score_avg_3m,-0.914,Reduces Risk,numeric__placement_aptitude_score_current,-0.791,Reduces Risk,numeric__attendance_overall_attendance_current,0.977,Increases Risk,numeric__engagement_strength,-0.906,Reduces Risk,numeric__placement_aptitude_score_current,0.772,Increases Risk,numeric__skills_soft_skills_score_std_3m,0.739,Increases Risk,categorical__department_CS,-0.575,Reduces Risk
S2181,ECE,,9.22,1.0,76.5,70.4,94.6,66.3,86.0,94.7,66.1,3.0,2.0,2.0,2.0,3.57,4.52,77.36,100.0,Green,Reliable,0.241,0,Low,0.44,1,Medium,14.45,Stable,26.38,Stable,26.38,Placement,Low,Yes,No immediate intervention,numeric__skills_tech_skills_score_avg_3m,-1.151,Reduces Risk,numeric__placement_coding_score_avg_3m,1.02,Increases Risk,numeric__academic_cgpa_current,0.581,Increases Risk,numeric__attendance_overall_attendance_std_3m,-0.51,Reduces Risk,numeric__lms_assignment_completion_pct_avg_3m,-0.431,Reduces Risk,numeric__academic_internal_marks_avg_3m,-0.646,Reduces Risk,numeric__skills_tech_skills_score_avg_3m,0.518,Increases Risk,numeric__placement_coding_score_avg_3m,-0.503,Reduces Risk,numeric__placement_mock_interview_score_current,0.498,Increases Risk,numeric__placement_mock_interview_score_std_3m,-0.409,Reduces Risk
S2182,CSE,,7.59,2.0,68.9,69.5,84.0,57.2,62.8,75.1,59.5,1.0,1.0,1.0,2.0,3.53,4.01,63.48,100.0,Amber,Reliable,0.478,1,Medium,0.604,1,High,57.34,Declining,36.27,Stable,57.34,Academic,Medium,Yes,Monitor student - 14d,numeric__placement_aptitude_score_current,1.455,Increases Risk,numeric__academic_backlogs_avg_3m,-0.956,Reduces Risk,numeric__skills_soft_skills_score_avg_3m,-0.875,Reduces Risk,numeric__lms_assignment_completion_pct_avg_3m,-0.803,Reduces Risk,numeric__academic_warning_score,0.793,Increases Risk,numeric__attendance_overall_attendance_current,1.572,Increases Risk,numeric__engagement_strength,1.522,Increases Risk,numeric__placement_aptitude_score_current,-1.421,Reduces Risk,numeric__attendance_overall_attendance_avg_3m,-1.209,Reduces Risk,numeric__engagement_hackathons_attended_current,-1.05,Reduces Risk
S2183,CSE,,7.7,2.0,75.7,79.0,86.8,78.3,70.6,90.3,77.3,3.0,2.0,2.0,2.0,4.52,4.6,71.41,100.0,Green,Reliable,0.214,0,Low,0.074,0,Low,25.74,Declining,4.42,Stable,25.74,Academic,Low,No,No immediate intervention,numeric__academic_warning_score,1.191,Increases Risk,numeric__placement_aptitude_score_current,0.847,Increases Risk,numeric__academic_backlogs_slope_3m,0.781,Increases Risk,numeric__attendance_declining_flag,-0.741,Reduces Risk,numeric__engagement_club_participations_avg_3m,0.671,Increases Risk,numeric__attendance_overall_attendance_current,0.944,Increases Risk,numeric__placement_aptitude_score_current,-0.827,Reduces Risk,numeric__attendance_overall_attendance_avg_3m,-0.517,Reduces Risk,numeric__low_attendance_flag,-0.492,Reduces Risk,numeric__academic_warning_score,-0.476,Reduces Risk
S2184,INFO TECH,,9.79,0.0,90.5,84.2,100.0,85.9,99.9,87.3,76.4,3.0,1.0,3.0,3.0,3.78,5.0,87.52,100.0,Green,Reliable,0.132,0,Low,0.198,0,Low,7.92,Stable,11.86,Stable,11.86,Placement,Low,No,No immediate intervention,numeric__placement_coding_score_avg_3m,1.732,Increases Risk,numeric__placement_aptitude_score_current,-1.439,Reduces Risk,numeric__skills_tech_skills_score_avg_3m,-1.141,Reduces Risk,numeric__academic_cgpa_current,0.97,Increases Risk,numeric__feedback_faculty_rating_avg_3m,-0.949,Reduces Risk,numeric__engagement_strength,-1.653,Reduces Risk,numeric__placement_aptitude_score_current,1.404,Increases Risk,numeric__engagement_certifications_count_current,0.937,Increases Risk,numeric__engagement_hackathons_attended_current,0.859,Increases Risk,numeric__placement_coding_score_avg_3m,-0.853,Reduces Risk
S2185,IT,,7.69,1.0,92.3,94.8,78.3,67.9,75.1,83.4,74.9,3.0,2.0,1.0,2.0,4.02,4.07,77.56,100.0,Green,Reliable,0.045,0,Low,0.524,1,High,2.16,Improving,31.41,Stable,31.41,Placement,Medium,Yes,Monitor student - 14d,numeric__lms_assignment_completion_pct_avg_3m,0.937,Increases Risk,numeric__engagement_events_attended_slope_3m,-0.564,Reduces Risk,numeric__engagement_hackathons_attended_std_3m,-0.556,Reduces Risk,numeric__academic_warning_score,-0.535,Reduces Risk,numeric__lms_assignment_completion_pct_current,-0.526,Reduces Risk,numeric__attendance_overall_attendance_current,-1.251,Reduces Risk,numeric__engagement_hackathons_attended_current,-1.05,Reduces Risk,numeric__attendance_overall_attendance_avg_3m,0.768,Increases Risk,numeric__attendance_subject_attendance_current,-0.662,Reduces Risk,numeric__attendance_subject_attendance_avg_3m,0.56,Increases Risk
S2186,CIVIL,,9.32,0.0,87.5,91.6,98.4,84.6,85.7,92.7,82.6,4.0,1.0,3.0,1.0,4.41,3.77,85.51,100.0,Green,Reliable,0.112,0,Low,0.308,1,Medium,5.36,Improving,18.49,Stable,18.49,Placement,Low,Yes,No immediate intervention,numeric__feedback_satisfaction_score_avg_3m,-1.016,Reduces Risk,numeric__placement_coding_score_avg_3m,0.769,Increases Risk,numeric__skills_tech_skills_score_avg_3m,-0.733,Reduces Risk,numeric__academic_warning_score,-0.668,Reduces Risk,numeric__academic_cgpa_current,0.649,Increases Risk,numeric__engagement_strength,-1.093,Reduces Risk,numeric__engagement_hackathons_attended_current,0.859,Increases Risk,numeric__attendance_overall_attendance_current,-0.678,Reduces Risk,numeric__academic_subject_score_avg_slope_3m,-0.564,Reduces Risk,numeric__placement_mock_interview_score_current,-0.544,Reduces Risk
S2187,IT,,8.33,1.0,77.6,59.2,82.1,65.9,70.0,84.7,68.6,2.0,1.0,2.0,1.0,2.56,4.0,69.96,100.0,Amber,Reliable,0.288,0,Low,0.614,1,High,17.27,Stable,36.85,Stable,36.85,Placement,Medium,Yes,Monitor student - 14d,numeric__feedback_satisfaction_score_avg_3m,1.537,Increases Risk,numeric__lms_assignment_completion_pct_avg_3m,-1.386,Reduces Risk,numeric__feedback_satisfaction_score_current,-1.185,Reduces Risk,numeric__skills_soft_skills_score_avg_3m,-0.982,Reduces Risk,numeric__placement_aptitude_score_current,0.894,Increases Risk,numeric__feedback_satisfaction_score_slope_3m,-1.05,Reduces Risk,numeric__feedback_satisfaction_score_current,1.008,Increases Risk,numeric__low_lms_flag,0.914,Increases Risk,numeric__placement_aptitude_score_current,-0.873,Reduces Risk,numeric__engagement_strength,0.775,Increases Risk
S2188,ECE,,7.1,0.0,75.8,75.5,60.7,44.3,65.8,55.3,52.7,1.0,0.0,1.0,0.0,3.52,3.97,64.89,100.0,Amber,Reliable,0.525,1,Medium,0.259,1,Medium,31.48,Stable,15.52,Stable,31.48,Academic,Medium,Yes,Monitor student - 14d,numeric__placement_coding_score_avg_3m,-2.713,Reduces Risk,numeric__skills_tech_skills_score_avg_3m,2.455,Increases Risk,numeric__placement_mock_interview_score_avg_3m,1.424,Increases Risk,numeric__skills_soft_skills_score_avg_3m,-1.391,Reduces Risk,numeric__placement_aptitude_score_current,1.221,Increases Risk,numeric__engagement_strength,2.643,Increases Risk,numeric__placement_mock_interview_score_current,1.75,Increases Risk,numeric__placement_coding_score_avg_3m,1.337,Increases Risk,numeric__placement_aptitude_score_current,-1.193,Reduces Risk,numeric__placement_mock_interview_score_avg_3m,1.174,Increases Risk
S2189,CSE,,7.83,1.0,73.3,85.8,82.4,86.0,79.8,88.6,79.8,4.0,1.0,2.0,2.0,4.74,4.57,76.41,100.0,Green,Reliable,0.404,1,Medium,0.247,1,Medium,29.07,Declining,14.84,Stable,29.07,Academic,Low,Yes,No immediate intervention,numeric__feedback_satisfaction_score_avg_3m,-1.055,Reduces Risk,numeric__academic_backlogs_slope_3m,0.781,Increases Risk,numeric__attendance_declining_flag,-0.741,Reduces Risk,numeric__feedback_satisfaction_score_current,0.69,Increases Risk,numeric__academic_warning_score,0.66,Increases Risk,numeric__engagement_strength,-0.906,Reduces Risk,numeric__placement_mock_interview_score_current,-0.623,Reduces Risk,numeric__feedback_satisfaction_score_current,-0.586,Reduces Risk,categorical__department_CSE,-0.416,Reduces Risk,numeric__placement_mock_interview_score_avg_3m,-0.408,Reduces Risk
S2190,IT,,8.28,0.0,100.0,94.9,90.9,68.1,79.0,92.1,68.2,3.0,1.0,2.0,1.0,4.61,4.06,83.78,100.0,Green,Reliable,0.174,0,Low,0.102,0,Low,8.36,Improving,6.15,Stable,8.36,Academic,Low,No,No immediate intervention,numeric__lms_assignment_completion_pct_avg_3m,0.89,Increases Risk,numeric__feedback_satisfaction_score_avg_3m,-0.739,Reduces Risk,numeric__academic_warning_score,-0.668,Reduces Risk,numeric__feedback_satisfaction_score_current,0.578,Increases Risk,numeric__lms_assignment_completion_pct_current,-0.529,Reduces Risk,numeric__attendance_overall_attendance_current,-2.138,Reduces Risk,numeric__attendance_overall_attendance_avg_3m,1.407,Increases Risk,numeric__attendance_subject_attendance_avg_3m,1.082,Increases Risk,numeric__attendance_subject_attendance_current,-1.069,Reduces Risk,numeric__placement_mock_interview_score_std_3m,-0.687,Reduces Risk
S2191,MECH,,8.9,0.0,76.6,74.2,82.0,86.2,87.1,86.7,90.6,3.0,2.0,2.0,1.0,3.86,4.49,79.07,100.0,Green,Reliable,0.223,0,Low,0.533,1,High,13.39,Stable,32.0,Stable,32.0,Placement,Medium,Yes,Monitor student - 14d,numeric__skills_tech_skills_score_avg_3m,-0.837,Reduces Risk,numeric__attendance_declining_flag,-0.741,Reduces Risk,numeric__engagement_hackathons_attended_std_3m,0.676,Increases Risk,numeric__academic_warning_score,-0.535,Reduces Risk,numeric__skills_soft_skills_score_avg_3m,0.519,Increases Risk,numeric__skills_soft_skills_score_std_3m,0.817,Increases Risk,numeric__placement_mock_interview_score_std_3m,-0.647,Reduces Risk,numeric__placement_mock_interview_score_current,-0.635,Reduces Risk,numeric__skills_soft_skills_score_current,0.571,Increases Risk,numeric__placement_aptitude_score_current,0.429,Increases Risk
S2192,CIVIL,,8.75,0.0,84.1,85.8,92.5,75.6,78.3,85.4,70.8,4.0,3.0,2.0,2.0,,,80.95,95.0,Green,Reliable,0.597,1,Medium,0.143,0,Low,43.01,Declining,8.59,Stable,43.01,Academic,Medium,Yes,Monitor student - 14d,numeric__placement_coding_score_avg_3m,1.011,Increases Risk,numeric__skills_tech_skills_score_avg_3m,-0.982,Reduces Risk,numeric__attendance_declining_flag,-0.741,Reduces Risk,numeric__engagement_events_attended_slope_3m,0.71,Increases Risk,numeric__engagement_hackathons_attended_std_3m,-0.556,Reduces Risk,numeric__engagement_strength,-0.906,Reduces Risk,numeric__engagement_club_participations_current,-0.547,Reduces Risk,numeric__attendance_overall_attendance_avg_3m,0.521,Increases Risk,numeric__placement_coding_score_avg_3m,-0.498,Reduces Risk,numeric__skills_tech_skills_score_avg_3m,0.442,Increases Risk
S2193,CIVIL,,9.53,1.0,78.2,87.5,82.7,91.0,83.4,82.8,95.3,2.0,1.0,2.0,3.0,3.86,3.94,83.11,100.0,Green,Reliable,0.126,0,Low,0.78,1,High,7.57,Stable,46.78,Stable,46.78,Placement,Medium,Yes,Monitor student - 14d,numeric__placement_coding_score_avg_3m,0.838,Increases Risk,numeric__academic_cgpa_current,0.792,Increases Risk,numeric__skills_tech_skills_score_avg_3m,-0.779,Reduces Risk,numeric__attendance_declining_flag,-0.741,Reduces Risk,numeric__placement_mock_interview_score_current,-0.596,Reduces Risk,numeric__engagement_certifications_count_current,0.937,Increases Risk,numeric__placement_mock_interview_score_current,-0.908,Reduces Risk,numeric__skills_soft_skills_score_std_3m,0.892,Increases Risk,numeric__academic_internal_marks_avg_3m,-0.849,Reduces Risk,numeric__skills_soft_skills_score_current,0.746,Increases Risk
S2194,MECHANICAL ENGINEERING,,9.11,0.0,75.8,61.1,90.1,65.0,90.2,88.8,66.7,1.0,0.0,2.0,1.0,3.3,3.93,72.71,100.0,Green,Reliable,0.352,1,Medium,0.538,1,High,25.38,Declining,32.26,Stable,32.26,Placement,Medium,Yes,Monitor student - 14d,numeric__feedback_satisfaction_score_avg_3m,1.177,Increases Risk,numeric__lms_assignment_completion_pct_avg_3m,-1.097,Reduces Risk,numeric__lms_logins_per_week_slope_3m,-0.769,Reduces Risk,numeric__skills_soft_skills_score_avg_3m,-0.767,Reduces Risk,numeric__placement_aptitude_score_slope_3m,0.73,Increases Risk,numeric__engagement_strength,1.335,Increases Risk,numeric__attendance_overall_attendance_current,1.009,Increases Risk,numeric__low_lms_flag,0.914,Increases Risk,numeric__placement_aptitude_score_slope_3m,-0.773,Reduces Risk,numeric__attendance_overall_attendance_avg_3m,-0.737,Reduces Risk
S2195,ECE,,8.42,1.0,66.3,59.4,91.7,72.5,87.2,91.0,72.1,3.0,3.0,2.0,1.0,4.06,4.5,71.29,100.0,Green,Reliable,0.624,1,High,0.061,0,Low,44.96,Declining,3.65,Stable,44.96,Academic,Medium,Yes,Monitor student - 14d,numeric__academic_warning_score,1.324,Increases Risk,numeric__academic_backlogs_slope_3m,0.781,Increases Risk,numeric__attendance_declining_flag,-0.741,Reduces Risk,numeric__lms_assignment_completion_pct_current,0.703,Increases Risk,numeric__lms_assignment_completion_pct_avg_3m,-0.677,Reduces Risk,numeric__attendance_overall_attendance_current,1.539,Increases Risk,numeric__attendance_overall_attendance_avg_3m,-0.934,Reduces Risk,numeric__low_lms_flag,0.914,Increases Risk,numeric__attendance_subject_attendance_current,0.714,Increases Risk,numeric__attendance_subject_attendance_avg_3m,-0.673,Reduces Risk
S2196,CE,,9.6,0.0,82.4,75.2,83.2,80.2,91.6,80.2,78.1,2.0,1.0,3.0,1.0,3.67,4.38,80.43,100.0,Green,Reliable,0.214,0,Low,0.3,1,Medium,12.85,Stable,17.99,Stable,17.99,Placement,Low,Yes,No immediate intervention,numeric__academic_cgpa_current,0.84,Increases Risk,numeric__placement_aptitude_score_current,-0.791,Reduces Risk,numeric__attendance_declining_flag,-0.741,Reduces Risk,numeric__placement_coding_score_std_3m,-0.592,Reduces Risk,numeric__academic_warning_score,-0.535,Reduces Risk,numeric__academic_internal_marks_avg_3m,-0.929,Reduces Risk,numeric__engagement_hackathons_attended_current,0.859,Increases Risk,numeric__placement_aptitude_score_current,0.772,Increases Risk,numeric__placement_coding_score_std_3m,0.699,Increases Risk,numeric__academic_cgpa_avg_3m,-0.507,Reduces Risk
S2197,CS,,8.99,0.0,66.8,67.4,100.0,76.5,86.6,95.4,77.2,2.0,0.0,2.0,1.0,,,74.51,95.0,Green,Reliable,0.493,1,Medium,0.178,0,Low,35.52,Declining,10.66,Stable,35.52,Academic,Medium,Yes,Monitor student - 14d,numeric__placement_coding_score_avg_3m,1.503,Increases Risk,numeric__skills_tech_skills_score_avg_3m,-1.043,Reduces Risk,numeric__lms_assignment_completion_pct_avg_3m,-0.91,Reduces Risk,numeric__academic_warning_score,0.793,Increases Risk,categorical__department_CS,-0.543,Reduces Risk,numeric__attendance_overall_attendance_current,1.572,Increases Risk,numeric__attendance_overall_attendance_avg_3m,-1.318,Reduces Risk,numeric__low_lms_flag,0.914,Increases Risk,numeric__attendance_subject_attendance_avg_3m,-0.833,Reduces Risk,numeric__engagement_strength,0.775,Increases Risk
S2198,MECH,,8.32,0.0,92.6,95.0,67.3,77.1,79.7,70.2,77.4,4.0,2.0,3.0,2.0,4.36,4.09,81.32,100.0,Green,Reliable,0.072,0,Low,0.124,0,Low,3.45,Improving,7.42,Stable,7.42,Placement,Low,No,No immediate intervention,numeric__lms_assignment_completion_pct_avg_3m,1.136,Increases Risk,numeric__feedback_satisfaction_score_avg_3m,-1.075,Reduces Risk,numeric__placement_coding_score_avg_3m,-0.825,Reduces Risk,numeric__skills_tech_skills_score_avg_3m,0.677,Increases Risk,numeric__academic_warning_score,-0.668,Reduces Risk,numeric__engagement_strength,-1.653,Reduces Risk,numeric__attendance_overall_attendance_current,-1.035,Reduces Risk,numeric__engagement_hackathons_attended_current,0.859,Increases Risk,numeric__attendance_subject_attendance_current,-0.678,Reduces Risk,numeric__attendance_overall_attendance_avg_3m,0.561,Increases Risk
S2199,ELECTRONICS & COMM,,9.44,0.0,64.1,79.3,74.6,68.1,90.2,72.6,70.5,3.0,0.0,3.0,1.0,3.65,4.52,78.15,100.0,Green,Reliable,0.462,1,Medium,0.294,1,Medium,22.19,Improving,17.66,Stable,22.19,Academic,Low,Yes,No immediate intervention,numeric__academic_cgpa_current,0.731,Increases Risk,numeric__placement_aptitude_score_current,-0.682,Reduces Risk,numeric__placement_coding_score_slope_3m,-0.675,Reduces Risk,numeric__lms_logins_per_week_slope_3m,0.633,Increases Risk,numeric__placement_coding_score_avg_3m,0.562,Increases Risk,numeric__attendance_overall_attendance_current,1.301,Increases Risk,numeric__attendance_overall_attendance_avg_3m,-0.949,Reduces Risk,numeric__engagement_hackathons_attended_current,0.859,Increases Risk,numeric__attendance_subject_attendance_current,0.83,Increases Risk,numeric__academic_internal_marks_avg_3m,-0.773,Reduces Risk
S2200,MECH,,8.56,1.0,85.9,82.3,78.8,73.4,85.9,87.0,73.0,4.0,1.0,1.0,2.0,3.41,4.02,79.58,100.0,Green,Reliable,0.073,0,Low,0.506,1,High,3.52,Improving,30.38,Stable,30.38,Placement,Medium,Yes,Monitor student - 14d,numeric__engagement_hackathons_attended_std_3m,-0.556,Reduces Risk,numeric__lms_assignment_completion_pct_avg_3m,0.499,Increases Risk,numeric__feedback_satisfaction_score_current,-0.454,Reduces Risk,numeric__engagement_club_participations_avg_3m,0.408,Increases Risk,numeric__engagement_hackathons_attended_current,-0.392,Reduces Risk,numeric__attendance_overall_attendance_current,-1.316,Reduces Risk,numeric__engagement_hackathons_attended_current,-1.05,Reduces Risk,numeric__feedback_satisfaction_score_slope_3m,-0.623,Reduces Risk,numeric__attendance_overall_attendance_avg_3m,0.607,Increases Risk,numeric__engagement_certifications_count_current,0.392,Increases Risk
S2201,CSE,,9.78,0.0,95.9,87.1,100.0,98.2,81.9,98.2,87.1,4.0,1.0,3.0,2.0,4.51,4.51,90.19,100.0,Green,Reliable,0.043,0,Low,0.048,0,Low,2.06,Improving,2.9,Stable,2.9,Placement,Low,No,No immediate intervention,numeric__placement_coding_score_avg_3m,1.688,Increases Risk,numeric__skills_tech_skills_score_avg_3m,-1.396,Reduces Risk,numeric__skills_soft_skills_score_avg_3m,1.362,Increases Risk,numeric__placement_mock_interview_score_avg_3m,-1.181,Reduces Risk,numeric__academic_cgpa_current,0.963,Increases Risk,numeric__engagement_strength,-1.653,Reduces Risk,numeric__attendance_overall_attendance_current,-1.489,Reduces Risk,numeric__placement_mock_interview_score_current,-1.318,Reduces Risk,numeric__attendance_overall_attendance_avg_3m,1.016,Increases Risk,numeric__placement_mock_interview_score_avg_3m,-0.974,Reduces Risk
S2202,IT,,9.56,0.0,79.3,87.2,91.1,83.3,93.8,89.8,76.7,3.0,2.0,2.0,1.0,3.62,3.93,83.2,80.0,Green,Reliable,0.405,1,Medium,0.677,1,High,19.45,Improving,40.62,Stable,40.62,Placement,Medium,Yes,Monitor student - 14d,numeric__placement_aptitude_score_current,-0.963,Reduces Risk,numeric__academic_warning_score,-0.934,Reduces Risk,numeric__placement_coding_score_avg_3m,0.901,Increases Risk,numeric__academic_cgpa_current,0.813,Increases Risk,numeric__skills_tech_skills_score_avg_3m,-0.733,Reduces Risk,numeric__placement_aptitude_score_current,0.939,Increases Risk,numeric__attendance_overall_attendance_slope_3m,0.625,Increases Risk,numeric__academic_subject_score_avg_slope_3m,0.616,Increases Risk,numeric__placement_mock_interview_score_current,-0.47,Reduces Risk,numeric__academic_cgpa_avg_3m,-0.469,Reduces Risk
S2203,IT,,6.36,0.0,56.4,55.3,80.6,48.0,64.4,81.2,51.1,2.0,0.0,1.0,0.0,3.73,3.86,60.96,100.0,Amber,Reliable,0.54,1,Medium,0.372,1,Medium,51.89,Declining,22.29,Stable,51.89,Academic,Medium,Yes,Academic mentoring - Faculty - 7d,numeric__skills_soft_skills_score_avg_3m,-1.75,Reduces Risk,numeric__lms_assignment_completion_pct_avg_3m,-1.614,Reduces Risk,numeric__placement_mock_interview_score_avg_3m,1.594,Increases Risk,numeric__academic_warning_score,1.59,Increases Risk,numeric__academic_cgpa_current,-1.37,Reduces Risk,numeric__attendance_overall_attendance_current,2.491,Increases Risk,numeric__engagement_strength,2.083,Increases Risk,numeric__placement_mock_interview_score_current,1.54,Increases Risk,numeric__attendance_overall_attendance_avg_3m,-1.461,Reduces Risk,numeric__placement_mock_interview_score_avg_3m,1.314,Increases Risk
S2204,ELECTRONICS & COMM,,7.17,0.0,75.0,80.7,80.4,76.4,73.2,82.2,75.6,3.0,1.0,3.0,1.0,3.85,4.22,74.94,100.0,Green,Reliable,0.362,1,Medium,0.583,1,High,26.03,Declining,34.96,Stable,34.96,Placement,Medium,Yes,Monitor student - 14d,numeric__placement_coding_score_avg_3m,-1.0,Reduces Risk,numeric__skills_tech_skills_score_avg_3m,0.895,Increases Risk,numeric__placement_coding_score_slope_3m,0.864,Increases Risk,numeric__academic_cgpa_current,-0.818,Reduces Risk,numeric__lms_logins_per_week_slope_3m,0.761,Increases Risk,numeric__academic_internal_marks_avg_3m,0.942,Increases Risk,numeric__engagement_hackathons_attended_current,0.859,Increases Risk,numeric__placement_coding_score_slope_3m,-0.797,Reduces Risk,numeric__placement_aptitude_score_current,-0.629,Reduces Risk,numeric__attendance_overall_attendance_current,0.533,Increases Risk
S2205,CIVIL,,7.35,1.0,51.7,61.1,70.2,69.1,69.4,70.8,67.6,2.0,0.0,1.0,1.0,4.05,3.79,62.44,100.0,Amber,Reliable,0.656,1,High,0.286,1,Medium,47.21,Declining,17.16,Stable,47.21,Academic,Medium,Yes,Monitor student - 14d,numeric__academic_warning_score,1.723,Increases Risk,numeric__lms_assignment_completion_pct_avg_3m,-1.426,Reduces Risk,numeric__skills_tech_skills_score_avg_3m,1.275,Increases Risk,numeric__placement_coding_score_avg_3m,-1.204,Reduces Risk,numeric__attendance_overall_attendance_std_3m,1.034,Increases Risk,numeric__attendance_overall_attendance_current,2.718,Increases Risk,numeric__engagement_strength,1.522,Increases Risk,numeric__attendance_subject_attendance_current,1.487,Increases Risk,numeric__attendance_overall_attendance_avg_3m,-1.386,Reduces Risk,numeric__engagement_hackathons_attended_current,-1.05,Reduces Risk
S2206,ECE,,7.18,0.0,69.5,76.2,55.3,64.0,71.5,61.8,69.4,2.0,1.0,3.0,0.0,3.29,3.72,69.2,100.0,Amber,Reliable,0.394,1,Medium,0.864,1,High,18.91,Improving,51.82,Stable,51.82,Placement,Medium,Yes,Monitor student - 14d,numeric__placement_coding_score_avg_3m,-2.651,Reduces Risk,numeric__skills_tech_skills_score_avg_3m,2.184,Increases Risk,numeric__engagement_events_attended_slope_3m,-1.519,Reduces Risk,numeric__placement_aptitude_score_slope_3m,1.236,Increases Risk,numeric__skills_soft_skills_score_avg_3m,-0.951,Reduces Risk,numeric__low_coding_flag,1.487,Increases Risk,numeric__placement_aptitude_score_slope_3m,-1.309,Reduces Risk,numeric__placement_coding_score_avg_3m,1.306,Increases Risk,numeric__academic_internal_marks_avg_3m,1.036,Increases Risk,numeric__skills_tech_skills_score_avg_3m,-0.984,Reduces Risk
S2207,CIVIL,,9.32,0.0,81.4,95.5,96.7,95.3,94.6,100.0,93.5,4.0,1.0,4.0,1.0,4.1,4.94,86.11,100.0,Green,Reliable,0.232,0,Low,0.182,0,Low,11.14,Improving,10.9,Stable,11.14,Academic,Low,No,No immediate intervention,numeric__placement_coding_score_avg_3m,1.465,Increases Risk,numeric__skills_soft_skills_score_avg_3m,1.291,Increases Risk,numeric__skills_tech_skills_score_avg_3m,-1.135,Reduces Risk,numeric__placement_mock_interview_score_avg_3m,-1.076,Reduces Risk,numeric__placement_aptitude_score_current,-1.025,Reduces Risk,numeric__engagement_strength,-1.84,Reduces Risk,numeric__engagement_hackathons_attended_current,1.814,Increases Risk,numeric__placement_mock_interview_score_current,-1.153,Reduces Risk,numeric__placement_aptitude_score_current,1.0,Increases Risk,numeric__placement_mock_interview_score_avg_3m,-0.887,Reduces Risk
S2208,MECH,,6.89,0.0,96.2,81.8,58.3,59.7,61.1,61.2,59.2,5.0,2.0,2.0,0.0,4.6,3.3,73.53,100.0,Green,Reliable,0.343,1,Medium,0.59,1,High,24.72,Declining,35.41,Stable,35.41,Placement,Medium,Yes,Monitor student - 14d,numeric__placement_coding_score_avg_3m,-2.387,Reduces Risk,numeric__skills_tech_skills_score_avg_3m,1.859,Increases Risk,numeric__placement_aptitude_score_current,1.588,Increases Risk,numeric__feedback_satisfaction_score_avg_3m,-1.055,Reduces Risk,numeric__academic_cgpa_current,-1.009,Reduces Risk,numeric__placement_aptitude_score_current,-1.551,Reduces Risk,numeric__low_coding_flag,1.487,Increases Risk,numeric__placement_coding_score_avg_3m,1.176,Increases Risk,numeric__placement_mock_interview_score_current,0.874,Increases Risk,numeric__attendance_subject_attendance_current,-0.868,Reduces Risk
S2209,IT,,6.88,1.0,66.9,54.9,88.0,53.1,82.1,86.3,59.3,3.0,1.0,1.0,1.0,3.18,4.12,64.31,100.0,Amber,Reliable,0.258,0,Low,0.275,1,Medium,18.6,Declining,16.48,Stable,18.6,Academic,Low,Yes,No immediate intervention,numeric__academic_warning_score,1.457,Increases Risk,numeric__lms_assignment_completion_pct_avg_3m,-1.422,Reduces Risk,numeric__skills_soft_skills_score_avg_3m,-1.336,Reduces Risk,numeric__placement_mock_interview_score_avg_3m,1.172,Increases Risk,numeric__academic_cgpa_current,-1.016,Reduces Risk,numeric__placement_mock_interview_score_current,1.249,Increases Risk,numeric__engagement_hackathons_attended_current,-1.05,Reduces Risk,numeric__placement_mock_interview_score_avg_3m,0.966,Increases Risk,numeric__engagement_strength,0.962,Increases Risk,numeric__low_lms_flag,0.914,Increases Risk
S2210,CSE,,6.66,1.0,90.6,94.2,69.9,59.2,58.5,76.1,54.6,,,,,4.68,3.26,73.26,100.0,Green,Reliable,0.315,1,Medium,0.036,0,Low,15.12,Improving,2.14,Stable,15.12,Academic,Low,Yes,No immediate intervention,numeric__placement_coding_score_avg_3m,-1.979,Reduces Risk,numeric__placement_aptitude_score_current,1.791,Increases Risk,numeric__feedback_faculty_rating_avg_3m,1.241,Increases Risk,numeric__lms_assignment_completion_pct_avg_3m,1.191,Increases Risk,numeric__skills_tech_skills_score_avg_3m,1.186,Increases Risk,numeric__low_aptitude_flag,-1.906,Reduces Risk,numeric__placement_aptitude_score_current,-1.749,Reduces Risk,numeric__academic_internal_marks_avg_3m,1.19,Increases Risk,numeric__placement_coding_score_avg_3m,0.975,Increases Risk,numeric__attendance_overall_attendance_current,-0.905,Reduces Risk
S2211,CSE,,8.04,1.0,83.0,70.5,97.1,85.9,92.3,94.3,85.3,2.0,3.0,4.0,1.0,4.14,4.73,74.86,100.0,Green,Reliable,0.508,1,Medium,0.101,0,Low,36.57,Declining,6.08,Stable,36.57,Academic,Medium,Yes,Monitor student - 14d,numeric__placement_coding_score_avg_3m,1.556,Increases Risk,numeric__skills_tech_skills_score_avg_3m,-1.206,Reduces Risk,numeric__attendance_overall_attendance_std_3m,1.154,Increases Risk,numeric__academic_warning_score,1.059,Increases Risk,numeric__placement_aptitude_score_current,-0.846,Reduces Risk,numeric__engagement_hackathons_attended_current,1.814,Increases Risk,numeric__low_lms_flag,0.914,Increases Risk,numeric__placement_aptitude_score_current,0.825,Increases Risk,numeric__attendance_overall_attendance_std_3m,-0.801,Reduces Risk,numeric__placement_coding_score_avg_3m,-0.767,Reduces Risk
S2212,CSE,,9.03,0.0,57.8,57.2,82.4,68.4,89.3,85.4,65.9,3.0,0.0,2.0,2.0,,,73.94,95.0,Green,Reliable,0.162,0,Low,0.4,1,Medium,7.76,Improving,24.02,Stable,24.02,Placement,Low,Yes,No immediate intervention,numeric__skills_tech_skills_score_avg_3m,-1.046,Reduces Risk,numeric__lms_assignment_completion_pct_avg_3m,-0.924,Reduces Risk,numeric__placement_coding_score_avg_3m,0.92,Increases Risk,numeric__lms_assignment_completion_pct_current,0.779,Increases Risk,numeric__placement_coding_score_slope_3m,-0.758,Reduces Risk,numeric__attendance_overall_attendance_current,1.334,Increases Risk,numeric__attendance_subject_attendance_current,1.164,Increases Risk,numeric__attendance_subject_attendance_avg_3m,-0.939,Reduces Risk,numeric__low_lms_flag,0.914,Increases Risk,numeric__attendance_overall_attendance_avg_3m,-0.851,Reduces Risk
S2213,CIVIL,,8.33,0.0,81.0,90.3,79.0,64.5,78.7,78.4,59.5,5.0,2.0,2.0,1.0,4.2,4.43,78.3,100.0,Green,Reliable,0.536,1,Medium,0.129,0,Low,25.72,Improving,7.76,Stable,25.72,Academic,Low,Yes,No immediate intervention,numeric__engagement_events_attended_slope_3m,1.028,Increases Risk,numeric__attendance_declining_flag,-0.741,Reduces Risk,numeric__placement_coding_score_avg_3m,-0.712,Reduces Risk,numeric__skills_tech_skills_score_avg_3m,0.544,Increases Risk,numeric__lms_assignment_completion_pct_avg_3m,0.525,Increases Risk,numeric__engagement_strength,-0.906,Reduces Risk,numeric__engagement_events_attended_current,0.689,Increases Risk,numeric__skills_soft_skills_score_std_3m,0.661,Increases Risk,numeric__placement_mock_interview_score_current,0.6,Increases Risk,numeric__skills_soft_skills_score_current,-0.588,Reduces Risk
S2214,CIVIL,,8.83,0.0,86.1,77.8,90.4,72.2,91.1,80.0,69.6,3.0,3.0,4.0,1.0,3.74,3.9,80.21,100.0,Green,Reliable,0.286,0,Low,0.282,1,Medium,17.19,Stable,16.91,Stable,17.19,Academic,Low,Yes,No immediate intervention,numeric__placement_aptitude_score_current,-0.752,Reduces Risk,numeric__engagement_hackathons_attended_current,0.678,Increases Risk,numeric__engagement_hackathons_attended_std_3m,0.676,Increases Risk,numeric__academic_warning_score,-0.668,Reduces Risk,numeric__placement_coding_score_avg_3m,0.565,Increases Risk,numeric__engagement_hackathons_attended_current,1.814,Increases Risk,numeric__engagement_strength,-1.279,Reduces Risk,numeric__placement_aptitude_score_current,0.734,Increases Risk,numeric__engagement_club_participations_current,-0.547,Reduces Risk,numeric__feedback_satisfaction_score_slope_3m,-0.51,Reduces Risk
S2215,IT,,9.16,0.0,76.1,72.7,98.6,85.0,90.4,95.1,89.4,3.0,1.0,3.0,2.0,3.63,5.0,82.9,100.0,Green,Reliable,0.039,0,Low,0.272,1,Medium,2.36,Stable,16.34,Stable,16.34,Placement,Low,Yes,No immediate intervention,numeric__placement_coding_score_avg_3m,1.384,Increases Risk,numeric__skills_tech_skills_score_avg_3m,-1.277,Reduces Risk,numeric__academic_warning_score,-0.934,Reduces Risk,numeric__skills_soft_skills_score_avg_3m,0.807,Increases Risk,numeric__feedback_faculty_rating_avg_3m,-0.736,Reduces Risk,numeric__engagement_strength,-1.093,Reduces Risk,numeric__engagement_hackathons_attended_current,0.859,Increases Risk,numeric__placement_coding_score_avg_3m,-0.682,Reduces Risk,numeric__placement_aptitude_score_current,0.681,Increases Risk,numeric__feedback_faculty_rating_current,-0.654,Reduces Risk
S2216,CS,,9.52,0.0,100.0,91.1,96.3,92.7,94.0,92.5,91.8,6.0,1.0,3.0,1.0,4.04,4.28,90.89,100.0,Green,Reliable,0.03,0,Low,0.022,0,Low,1.44,Improving,1.33,Stable,1.44,Academic,Low,No,No immediate intervention,numeric__placement_coding_score_avg_3m,1.459,Increases Risk,numeric__skills_soft_skills_score_avg_3m,1.223,Increases Risk,numeric__placement_mock_interview_score_avg_3m,-1.016,Reduces Risk,numeric__placement_aptitude_score_current,-0.978,Reduces Risk,numeric__academic_warning_score,-0.934,Reduces Risk,numeric__engagement_strength,-2.213,Reduces Risk,numeric__attendance_overall_attendance_current,-2.171,Reduces Risk,numeric__attendance_overall_attendance_avg_3m,1.271,Increases Risk,numeric__attendance_subject_attendance_current,-1.069,Reduces Risk,numeric__engagement_events_attended_current,1.019,Increases Risk
S2217,CS,,9.0,0.0,67.1,56.0,85.5,71.0,89.5,87.0,71.1,1.0,0.0,2.0,1.0,3.15,4.18,72.84,100.0,Green,Reliable,0.035,0,Low,0.554,1,High,2.49,Declining,33.22,Stable,33.22,Placement,Medium,Yes,Monitor student - 14d,numeric__lms_assignment_completion_pct_avg_3m,-1.635,Reduces Risk,numeric__feedback_satisfaction_score_avg_3m,1.031,Increases Risk,numeric__placement_coding_score_avg_3m,0.882,Increases Risk,numeric__skills_tech_skills_score_avg_3m,-0.831,Reduces Risk,numeric__lms_assignment_completion_pct_current,0.821,Increases Risk,numeric__attendance_overall_attendance_current,1.518,Increases Risk,numeric__engagement_strength,1.335,Increases Risk,numeric__low_lms_flag,0.914,Increases Risk,numeric__attendance_overall_attendance_avg_3m,-0.737,Reduces Risk,numeric__lms_assignment_completion_pct_current,-0.713,Reduces Risk
S2218,ECE,,7.16,2.0,65.2,56.1,64.6,68.1,69.7,66.1,73.7,1.0,0.0,2.0,1.0,,,60.7,95.0,Amber,Reliable,0.255,0,Low,0.779,1,High,30.61,Declining,46.75,Stable,46.75,Placement,Medium,Yes,Monitor student - 14d,numeric__lms_assignment_completion_pct_avg_3m,-1.222,Reduces Risk,numeric__placement_coding_score_avg_3m,-1.201,Reduces Risk,numeric__academic_warning_score,1.191,Increases Risk,numeric__academic_backlogs_avg_3m,-0.956,Reduces Risk,numeric__skills_tech_skills_score_avg_3m,0.941,Increases Risk,numeric__attendance_overall_attendance_current,1.399,Increases Risk,numeric__engagement_strength,1.335,Increases Risk,numeric__attendance_overall_attendance_avg_3m,-1.189,Reduces Risk,numeric__attendance_subject_attendance_avg_3m,-1.026,Reduces Risk,numeric__low_lms_flag,0.914,Increases Risk
S2219,INFO TECH,,8.02,0.0,86.9,77.6,83.9,82.9,79.1,75.0,74.7,3.0,2.0,1.0,2.0,4.55,4.18,78.33,100.0,Green,Reliable,0.575,1,Medium,0.023,0,Low,41.42,Declining,1.37,Stable,41.42,Academic,Medium,Yes,Monitor student - 14d,numeric__feedback_satisfaction_score_avg_3m,-0.666,Reduces Risk,categorical__department_INFO TECH,0.662,Increases Risk,numeric__feedback_satisfaction_score_current,0.527,Increases Risk,numeric__cgpa_declining_flag,0.487,Increases Risk,numeric__engagement_hackathons_attended_current,-0.392,Reduces Risk,numeric__engagement_hackathons_attended_current,-1.05,Reduces Risk,numeric__attendance_overall_attendance_current,-0.905,Reduces Risk,numeric__attendance_overall_attendance_avg_3m,0.465,Increases Risk,numeric__attendance_subject_attendance_avg_3m,0.45,Increases Risk,numeric__placement_mock_interview_score_current,-0.447,Reduces Risk
S2220,MECH,,6.77,2.0,62.3,58.6,68.9,58.0,73.5,70.2,57.6,1.0,1.0,1.0,1.0,3.32,4.14,58.3,100.0,Amber,Reliable,0.096,0,Low,0.376,1,Medium,11.46,Declining,22.54,Stable,22.54,Placement,Low,Yes,No immediate intervention,numeric__academic_warning_score,1.988,Increases Risk,numeric__lms_assignment_completion_pct_avg_3m,-1.443,Reduces Risk,numeric__placement_coding_score_avg_3m,-1.418,Reduces Risk,numeric__skills_soft_skills_score_avg_3m,-1.129,Reduces Risk,numeric__academic_cgpa_current,-1.091,Reduces Risk,numeric__attendance_overall_attendance_current,2.199,Increases Risk,numeric__engagement_strength,2.083,Increases Risk,numeric__attendance_overall_attendance_avg_3m,-1.366,Reduces Risk,numeric__engagement_hackathons_attended_current,-1.05,Reduces Risk,numeric__critical_attendance_flag,-0.998,Reduces Risk
S2221,IT,,7.58,2.0,96.4,70.0,76.2,64.6,,71.4,62.7,4.0,2.0,1.0,2.0,3.54,4.0,70.16,100.0,Green,Reliable,0.434,1,Medium,0.214,1,Medium,43.43,Stable,12.83,Stable,43.43,Academic,Medium,Yes,Monitor student - 14d,numeric__academic_backlogs_avg_3m,-0.956,Reduces Risk,numeric__feedback_satisfaction_score_avg_3m,0.885,Increases Risk,numeric__engagement_hackathons_attended_std_3m,0.676,Increases Risk,numeric__lms_logins_per_week_slope_3m,-0.641,Reduces Risk,numeric__placement_mock_interview_score_avg_3m,0.6,Increases Risk,numeric__attendance_overall_attendance_current,-1.273,Reduces Risk,numeric__engagement_hackathons_attended_current,-1.05,Reduces Risk,numeric__attendance_subject_attendance_current,-0.879,Reduces Risk,numeric__placement_aptitude_score_missing,-0.831,Reduces Risk,numeric__attendance_subject_attendance_avg_3m,0.745,Increases Risk
S2222,ECE,,8.95,0.0,72.1,60.7,70.5,58.5,89.1,71.8,61.5,1.0,0.0,4.0,1.0,2.87,4.04,72.67,100.0,Green,Reliable,0.381,1,Medium,0.919,1,High,18.28,Improving,55.12,Stable,55.12,Placement,Medium,Yes,Monitor student - 14d,numeric__feedback_satisfaction_score_avg_3m,1.648,Increases Risk,numeric__lms_assignment_completion_pct_avg_3m,-1.497,Reduces Risk,numeric__placement_mock_interview_score_avg_3m,0.965,Increases Risk,numeric__feedback_satisfaction_score_current,-0.919,Reduces Risk,numeric__skills_soft_skills_score_avg_3m,-0.914,Reduces Risk,numeric__engagement_hackathons_attended_current,1.814,Increases Risk,numeric__placement_mock_interview_score_current,0.942,Increases Risk,numeric__low_lms_flag,0.914,Increases Risk,numeric__attendance_overall_attendance_current,0.815,Increases Risk,numeric__placement_mock_interview_score_avg_3m,0.796,Increases Risk
S2223,CIVIL,,9.58,1.0,96.4,80.5,83.6,84.1,90.2,81.7,86.2,4.0,1.0,3.0,2.0,3.97,4.08,85.58,100.0,Green,Reliable,0.195,0,Low,0.13,0,Low,9.37,Improving,7.78,Stable,9.37,Academic,Low,No,No immediate intervention,numeric__academic_cgpa_current,0.826,Increases Risk,numeric__placement_aptitude_score_current,-0.682,Reduces Risk,numeric__skills_soft_skills_score_avg_3m,0.652,Increases Risk,numeric__placement_mock_interview_score_avg_3m,-0.579,Reduces Risk,numeric__academic_warning_score,-0.535,Reduces Risk,numeric__engagement_strength,-1.653,Reduces Risk,numeric__attendance_overall_attendance_current,-1.327,Reduces Risk,numeric__attendance_overall_attendance_avg_3m,0.887,Increases Risk,numeric__attendance_subject_attendance_current,-0.879,Reduces Risk,numeric__engagement_hackathons_attended_current,0.859,Increases Risk
S2224,CIVIL,,8.48,0.0,85.3,94.1,76.3,77.5,71.4,76.0,74.2,5.0,2.0,2.0,2.0,4.11,4.35,83.37,100.0,Green,Reliable,0.087,0,Low,0.488,1,Medium,4.19,Improving,29.26,Stable,29.26,Placement,Low,Yes,No immediate intervention,numeric__academic_warning_score,-0.934,Reduces Risk,numeric__lms_assignment_completion_pct_avg_3m,0.828,Increases Risk,numeric__placement_aptitude_score_current,0.785,Increases Risk,numeric__placement_coding_score_avg_3m,-0.749,Reduces Risk,numeric__skills_tech_skills_score_avg_3m,0.548,Increases Risk,numeric__engagement_strength,-1.466,Reduces Risk,numeric__attendance_overall_attendance_current,-1.165,Reduces Risk,numeric__attendance_overall_attendance_avg_3m,0.884,Increases Risk,numeric__placement_aptitude_score_current,-0.766,Reduces Risk,numeric__engagement_events_attended_current,0.689,Increases Risk
S2225,IT DEPT,,7.93,1.0,78.1,71.8,100.0,87.3,90.9,96.3,87.0,5.0,2.0,3.0,1.0,4.24,4.72,78.44,100.0,Green,Reliable,0.211,0,Low,0.103,0,Low,15.16,Declining,6.17,Stable,15.16,Academic,Low,No,No immediate intervention,numeric__placement_coding_score_avg_3m,1.378,Increases Risk,numeric__skills_tech_skills_score_avg_3m,-1.206,Reduces Risk,numeric__academic_backlogs_slope_3m,0.781,Increases Risk,numeric__placement_aptitude_score_current,-0.737,Reduces Risk,numeric__placement_mock_interview_score_avg_3m,-0.596,Reduces Risk,numeric__engagement_strength,-1.653,Reduces Risk,numeric__engagement_hackathons_attended_current,0.859,Increases Risk,numeric__placement_aptitude_score_current,0.719,Increases Risk,numeric__placement_mock_interview_score_current,-0.697,Reduces Risk,numeric__engagement_events_attended_current,0.689,Increases Risk
S2226,MECH,,8.93,0.0,83.4,76.5,74.7,84.5,85.4,76.9,83.9,4.0,1.0,2.0,1.0,3.94,4.77,82.47,100.0,Green,Reliable,0.017,0,Low,0.284,1,Medium,1.04,Stable,17.01,Stable,17.01,Placement,Low,Yes,No immediate intervention,numeric__lms_logins_per_week_slope_3m,0.761,Increases Risk,numeric__placement_coding_score_slope_3m,-0.742,Reduces Risk,numeric__attendance_declining_flag,-0.741,Reduces Risk,numeric__feedback_faculty_rating_avg_3m,-0.736,Reduces Risk,numeric__engagement_events_attended_slope_3m,0.71,Increases Risk,numeric__placement_coding_score_slope_3m,0.684,Increases Risk,numeric__placement_mock_interview_score_current,-0.538,Reduces Risk,numeric__feedback_faculty_rating_current,-0.468,Reduces Risk,numeric__attendance_overall_attendance_current,-0.451,Reduces Risk,numeric__lms_logins_per_week_slope_3m,0.447,Increases Risk
S2227,MECH,,7.45,0.0,64.6,62.4,73.4,69.3,85.6,70.8,66.1,3.0,1.0,2.0,1.0,,4.09,67.99,100.0,Amber,Reliable,0.013,0,Low,0.134,0,Low,0.93,Declining,8.03,Stable,8.03,Placement,Low,No,No immediate intervention,numeric__lms_assignment_completion_pct_avg_3m,-1.317,Reduces Risk,numeric__academic_warning_score,0.793,Increases Risk,numeric__attendance_declining_flag,-0.741,Reduces Risk,numeric__feedback_satisfaction_score_missing,-0.713,Reduces Risk,numeric__academic_cgpa_current,-0.627,Reduces Risk,numeric__attendance_overall_attendance_current,1.95,Increases Risk,numeric__attendance_overall_attendance_avg_3m,-1.409,Reduces Risk,numeric__critical_attendance_flag,-0.998,Reduces Risk,numeric__attendance_subject_attendance_avg_3m,-0.985,Reduces Risk,numeric__low_lms_flag,0.914,Increases Risk
S2228,CSE,,6.02,0.0,97.9,93.3,65.1,70.6,50.9,61.5,74.3,4.0,2.0,0.0,0.0,4.23,3.77,73.99,100.0,Green,Reliable,0.077,0,Low,0.088,0,Low,4.9,Improving,5.25,Stable,5.25,Placement,Low,No,Academic mentoring - Faculty - 7d,numeric__placement_aptitude_score_current,2.384,Increases Risk,numeric__placement_coding_score_avg_3m,-1.684,Reduces Risk,numeric__academic_cgpa_current,-1.602,Reduces Risk,numeric__skills_tech_skills_score_avg_3m,1.579,Increases Risk,numeric__feedback_faculty_rating_avg_3m,0.864,Increases Risk,numeric__placement_aptitude_score_current,-2.327,Reduces Risk,numeric__engagement_hackathons_attended_current,-2.005,Reduces Risk,numeric__low_aptitude_flag,-1.906,Reduces Risk,numeric__engagement_strength,1.709,Increases Risk,numeric__academic_internal_marks_avg_3m,1.694,Increases Risk
S2229,CSE,,8.39,0.0,81.0,89.6,72.9,83.1,73.8,76.3,79.2,3.0,1.0,1.0,2.0,4.18,3.95,81.5,100.0,Green,Reliable,0.152,0,Low,0.176,0,Low,10.91,Declining,10.57,Stable,10.91,Academic,Low,No,No immediate intervention,numeric__attendance_declining_flag,-0.741,Reduces Risk,numeric__lms_assignment_completion_pct_avg_3m,0.705,Increases Risk,numeric__placement_coding_score_slope_3m,-0.675,Reduces Risk,numeric__academic_cgpa_std_3m,-0.619,Reduces Risk,numeric__placement_aptitude_score_current,0.597,Increases Risk,numeric__engagement_hackathons_attended_current,-1.05,Reduces Risk,numeric__attendance_overall_attendance_current,-0.97,Reduces Risk,numeric__attendance_overall_attendance_avg_3m,0.934,Increases Risk,numeric__placement_coding_score_slope_3m,0.622,Increases Risk,numeric__attendance_subject_attendance_avg_3m,0.605,Increases Risk
S2230,CIVIL,,8.16,0.0,81.5,91.0,72.0,82.9,81.3,70.9,80.9,4.0,4.0,1.0,1.0,4.29,3.97,81.35,100.0,Green,Reliable,0.191,0,Low,0.4,1,Medium,9.17,Improving,23.98,Stable,23.98,Placement,Low,Yes,No immediate intervention,numeric__academic_warning_score,-0.934,Reduces Risk,numeric__lms_assignment_completion_pct_avg_3m,0.814,Increases Risk,numeric__feedback_satisfaction_score_avg_3m,-0.703,Reduces Risk,numeric__engagement_hackathons_attended_std_3m,0.676,Increases Risk,numeric__skills_soft_skills_score_avg_3m,0.631,Increases Risk,numeric__engagement_hackathons_attended_current,-1.05,Reduces Risk,numeric__engagement_club_participations_current,-0.871,Reduces Risk,numeric__attendance_overall_attendance_current,-0.829,Reduces Risk,numeric__attendance_overall_attendance_avg_3m,0.536,Increases Risk,numeric__placement_mock_interview_score_avg_3m,-0.499,Reduces Risk
S2231,MECH,,8.51,1.0,97.1,88.0,78.6,67.8,79.9,79.4,67.3,2.0,1.0,2.0,1.0,4.24,4.35,79.69,100.0,Green,Reliable,0.067,0,Low,0.267,1,Medium,3.23,Improving,16.03,Stable,16.03,Placement,Low,Yes,No immediate intervention,numeric__feedback_satisfaction_score_avg_3m,-0.661,Reduces Risk,numeric__academic_warning_score,-0.535,Reduces Risk,numeric__skills_tech_skills_score_avg_3m,0.532,Increases Risk,numeric__placement_coding_score_avg_3m,-0.505,Reduces Risk,numeric__lms_assignment_completion_pct_avg_3m,0.463,Increases Risk,numeric__attendance_overall_attendance_current,-1.37,Reduces Risk,numeric__attendance_overall_attendance_avg_3m,1.003,Increases Risk,numeric__attendance_subject_attendance_avg_3m,0.927,Increases Risk,numeric__attendance_subject_attendance_current,-0.916,Reduces Risk,numeric__engagement_strength,0.775,Increases Risk
S2232,ECE,,8.39,0.0,85.8,82.0,74.3,85.7,73.2,82.0,75.3,4.0,2.0,2.0,1.0,4.13,4.09,78.87,100.0,Green,Reliable,0.15,0,Low,0.182,0,Low,9.02,Stable,10.93,Stable,10.93,Placement,Low,No,No immediate intervention,numeric__attendance_declining_flag,-0.741,Reduces Risk,numeric__placement_aptitude_score_current,0.644,Increases Risk,numeric__engagement_hackathons_attended_std_3m,-0.556,Reduces Risk,numeric__academic_warning_score,-0.535,Reduces Risk,numeric__placement_coding_score_avg_3m,-0.442,Reduces Risk,numeric__placement_aptitude_score_current,-0.629,Reduces Risk,numeric__placement_mock_interview_score_current,-0.606,Reduces Risk,numeric__attendance_subject_attendance_avg_3m,0.538,Increases Risk,numeric__feedback_satisfaction_score_slope_3m,0.536,Increases Risk,numeric__academic_internal_marks_avg_3m,-0.402,Reduces Risk
S2233,CSE,,7.11,2.0,58.1,52.8,81.6,64.6,69.4,85.2,60.5,,,,,,3.62,60.92,100.0,Amber,Reliable,0.351,1,Medium,0.162,0,Low,42.12,Declining,9.7,Stable,42.12,Academic,Medium,Yes,Monitor student - 14d,numeric__academic_warning_score,1.723,Increases Risk,numeric__lms_assignment_completion_pct_avg_3m,-1.486,Reduces Risk,numeric__attendance_overall_attendance_std_3m,0.974,Increases Risk,numeric__placement_aptitude_score_current,0.941,Increases Risk,numeric__lms_assignment_completion_pct_current,0.932,Increases Risk,numeric__attendance_overall_attendance_current,2.405,Increases Risk,numeric__attendance_overall_attendance_avg_3m,-1.189,Reduces Risk,numeric__attendance_subject_attendance_current,1.148,Increases Risk,numeric__attendance_subject_attendance_avg_3m,-1.079,Reduces Risk,numeric__critical_attendance_flag,-0.998,Reduces Risk
S2234,ME,,7.2,0.0,59.9,80.9,69.0,86.1,79.4,62.6,78.8,3.0,1.0,3.0,1.0,4.53,4.29,70.83,100.0,Green,Reliable,0.108,0,Low,0.518,1,High,6.5,Stable,31.07,Stable,31.07,Placement,Medium,Yes,Monitor student - 14d,numeric__attendance_overall_attendance_std_3m,0.819,Increases Risk,numeric__skills_tech_skills_score_avg_3m,0.812,Increases Risk,numeric__academic_cgpa_current,-0.797,Reduces Risk,numeric__attendance_declining_flag,-0.741,Reduces Risk,numeric__placement_coding_score_slope_3m,-0.675,Reduces Risk,numeric__attendance_overall_attendance_current,1.572,Increases Risk,numeric__attendance_subject_attendance_current,1.053,Increases Risk,numeric__low_lms_flag,0.914,Increases Risk,numeric__academic_internal_marks_avg_3m,0.9,Increases Risk,numeric__engagement_hackathons_attended_current,0.859,Increases Risk
S2235,ECE,,8.95,0.0,77.6,73.5,90.1,81.8,86.6,85.5,77.8,2.0,1.0,2.0,1.0,3.46,4.88,78.62,100.0,Green,Reliable,0.042,0,Low,0.423,1,Medium,2.04,Improving,25.36,Stable,25.36,Placement,Low,Yes,No immediate intervention,numeric__academic_warning_score,-0.934,Reduces Risk,numeric__feedback_faculty_rating_avg_3m,-0.777,Reduces Risk,numeric__placement_coding_score_avg_3m,0.618,Increases Risk,numeric__lms_assignment_completion_pct_avg_3m,-0.485,Reduces Risk,numeric__feedback_faculty_rating_current,-0.449,Reduces Risk,numeric__engagement_strength,0.775,Increases Risk,numeric__feedback_faculty_rating_current,-0.557,Reduces Risk,numeric__attendance_overall_attendance_current,0.523,Increases Risk,numeric__placement_aptitude_score_current,0.391,Increases Risk,numeric__placement_mock_interview_score_current,-0.384,Reduces Risk
S2236,ECE,,7.71,1.0,69.1,67.7,70.5,43.2,64.4,61.5,58.0,3.0,0.0,1.0,0.0,3.34,4.21,65.98,100.0,Amber,Reliable,0.921,1,High,0.397,1,Medium,66.3,Declining,23.83,Stable,66.3,Academic,High,Yes,Advisor review recommended - 7d,numeric__skills_tech_skills_score_avg_3m,1.705,Increases Risk,numeric__placement_coding_score_avg_3m,-1.697,Reduces Risk,numeric__placement_mock_interview_score_avg_3m,1.508,Increases Risk,numeric__feedback_satisfaction_score_avg_3m,1.337,Increases Risk,numeric__placement_aptitude_score_current,1.331,Increases Risk,numeric__placement_mock_interview_score_current,1.813,Increases Risk,numeric__engagement_strength,1.522,Increases Risk,numeric__placement_aptitude_score_current,-1.299,Reduces Risk,numeric__placement_mock_interview_score_avg_3m,1.243,Increases Risk,numeric__engagement_hackathons_attended_current,-1.05,Reduces Risk
S2237,CSE,,7.46,0.0,75.9,81.1,74.1,70.6,67.9,79.5,75.8,2.0,2.0,1.0,2.0,,,73.94,95.0,Green,Reliable,0.086,0,Low,0.37,1,Medium,4.12,Improving,22.17,Stable,22.17,Placement,Low,Yes,No immediate intervention,numeric__placement_aptitude_score_current,1.058,Increases Risk,numeric__academic_warning_score,-0.668,Reduces Risk,numeric__academic_cgpa_current,-0.62,Reduces Risk,numeric__engagement_hackathons_attended_std_3m,-0.556,Reduces Risk,numeric__attendance_overall_attendance_std_3m,-0.466,Reduces Risk,numeric__engagement_hackathons_attended_current,-1.05,Reduces Risk,numeric__placement_aptitude_score_current,-1.033,Reduces Risk,numeric__engagement_strength,0.962,Increases Risk,numeric__academic_internal_marks_avg_3m,0.691,Increases Risk,numeric__placement_mock_interview_score_std_3m,0.441,Increases Risk
S2238,IT,,8.2,0.0,75.2,90.6,88.6,74.0,82.5,86.1,71.1,4.0,3.0,2.0,3.0,,,80.51,95.0,Green,Reliable,0.01,0,Low,0.366,1,Medium,0.49,Improving,21.95,Stable,21.95,Placement,Low,Yes,No immediate intervention,numeric__attendance_declining_flag,-0.741,Reduces Risk,numeric__skills_tech_skills_score_avg_3m,-0.653,Reduces Risk,numeric__engagement_hackathons_attended_std_3m,-0.556,Reduces Risk,numeric__academic_warning_score,-0.535,Reduces Risk,numeric__lms_assignment_completion_pct_avg_3m,0.442,Increases Risk,numeric__engagement_strength,-1.466,Reduces Risk,numeric__engagement_certifications_count_current,0.937,Increases Risk,numeric__engagement_club_participations_current,-0.547,Reduces Risk,categorical__department_IT,-0.403,Reduces Risk,numeric__engagement_events_attended_current,0.36,Increases Risk
S2239,CIVIL,,6.99,1.0,90.2,75.8,78.8,73.3,70.6,74.6,76.6,3.0,1.0,1.0,2.0,4.04,3.85,69.78,100.0,Amber,Reliable,0.134,0,Low,0.295,1,Medium,9.61,Declining,17.7,Stable,17.7,Placement,Low,Yes,No immediate intervention,numeric__academic_warning_score,1.324,Increases Risk,numeric__placement_coding_score_avg_3m,-1.201,Reduces Risk,numeric__academic_cgpa_current,-0.941,Reduces Risk,numeric__skills_tech_skills_score_avg_3m,0.892,Increases Risk,numeric__placement_aptitude_score_current,0.847,Increases Risk,numeric__engagement_hackathons_attended_current,-1.05,Reduces Risk,numeric__low_lms_flag,0.914,Increases Risk,numeric__academic_internal_marks_avg_3m,0.896,Increases Risk,numeric__placement_aptitude_score_current,-0.827,Reduces Risk,numeric__placement_coding_score_avg_3m,0.592,Increases Risk
S2240,IT,,9.14,0.0,87.2,75.8,97.3,70.6,83.1,90.0,77.5,3.0,1.0,2.0,1.0,3.78,4.32,82.51,100.0,Green,Reliable,0.325,1,Medium,0.256,1,Medium,19.52,Stable,15.33,Stable,19.52,Academic,Low,Yes,No immediate intervention,numeric__placement_coding_score_avg_3m,1.189,Increases Risk,numeric__skills_tech_skills_score_avg_3m,-1.037,Reduces Risk,numeric__academic_warning_score,-0.934,Reduces Risk,numeric__placement_aptitude_score_slope_3m,0.794,Increases Risk,numeric__lms_assignment_completion_pct_avg_3m,-0.68,Reduces Risk,numeric__attendance_overall_attendance_current,-0.97,Reduces Risk,numeric__placement_aptitude_score_slope_3m,-0.841,Reduces Risk,numeric__placement_coding_score_avg_3m,-0.586,Reduces Risk,numeric__academic_internal_marks_avg_3m,-0.545,Reduces Risk,numeric__attendance_overall_attendance_avg_3m,0.523,Increases Risk
S2241,CIVIL,,7.7,0.0,53.5,65.4,70.5,56.3,73.5,76.3,59.8,1.0,0.0,1.0,1.0,2.2,4.39,64.66,100.0,Amber,Reliable,0.233,0,Low,0.546,1,High,16.79,Declining,32.77,Stable,32.77,Placement,Medium,Yes,Monitor student - 14d,numeric__feedback_satisfaction_score_avg_3m,1.532,Increases Risk,numeric__feedback_satisfaction_score_current,-1.495,Reduces Risk,numeric__skills_soft_skills_score_avg_3m,-1.312,Reduces Risk,numeric__lms_assignment_completion_pct_avg_3m,-1.211,Reduces Risk,numeric__placement_coding_score_avg_3m,-1.182,Reduces Risk,numeric__attendance_overall_attendance_current,2.891,Increases Risk,numeric__attendance_overall_attendance_avg_3m,-2.129,Reduces Risk,numeric__engagement_strength,2.083,Increases Risk,numeric__attendance_subject_attendance_avg_3m,-1.651,Reduces Risk,numeric__attendance_subject_attendance_current,1.391,Increases Risk
S2242,CIVIL,,9.38,0.0,85.7,73.9,79.0,78.2,91.2,76.4,76.0,3.0,2.0,2.0,2.0,3.83,4.67,79.12,100.0,Green,Reliable,0.119,0,Low,0.13,0,Low,8.6,Declining,7.79,Stable,8.6,Academic,Low,No,No immediate intervention,numeric__placement_aptitude_score_current,-0.76,Reduces Risk,numeric__academic_cgpa_current,0.69,Increases Risk,numeric__skills_tech_skills_score_avg_3m,-0.629,Reduces Risk,numeric__engagement_hackathons_attended_std_3m,-0.556,Reduces Risk,numeric__lms_logins_per_week_slope_3m,-0.514,Reduces Risk,numeric__low_lms_flag,0.914,Increases Risk,numeric__placement_aptitude_score_current,0.741,Increases Risk,numeric__academic_subject_score_avg_slope_3m,-0.472,Reduces Risk,numeric__academic_cgpa_avg_3m,-0.42,Reduces Risk,numeric__academic_internal_marks_avg_3m,-0.409,Reduces Risk
S2243,ME,,8.78,1.0,74.7,72.2,85.8,66.1,88.6,80.0,61.8,5.0,1.0,2.0,2.0,3.77,4.12,75.64,100.0,Green,Reliable,0.19,0,Low,0.403,1,Medium,9.12,Improving,24.16,Stable,24.16,Placement,Low,Yes,No immediate intervention,numeric__attendance_declining_flag,-0.741,Reduces Risk,numeric__placement_aptitude_score_current,-0.557,Reduces Risk,numeric__skills_tech_skills_score_avg_3m,-0.524,Reduces Risk,numeric__engagement_strength,-0.427,Reduces Risk,numeric__skills_soft_skills_score_std_3m,0.382,Increases Risk,numeric__engagement_strength,-1.466,Reduces Risk,numeric__skills_soft_skills_score_std_3m,0.829,Increases Risk,numeric__engagement_events_attended_current,0.689,Increases Risk,numeric__placement_aptitude_score_current,0.543,Increases Risk,numeric__placement_mock_interview_score_current,0.509,Increases Risk
S2244,INFO TECH,,8.82,1.0,86.9,92.7,100.0,88.3,80.8,94.3,86.3,5.0,1.0,2.0,2.0,4.37,4.51,83.6,100.0,Green,Reliable,0.234,0,Low,0.023,0,Low,11.24,Improving,1.39,Stable,11.24,Academic,Low,No,No immediate intervention,numeric__feedback_satisfaction_score_avg_3m,-1.118,Reduces Risk,numeric__placement_coding_score_slope_3m,0.823,Increases Risk,numeric__placement_coding_score_avg_3m,0.785,Increases Risk,numeric__engagement_events_attended_slope_3m,0.71,Increases Risk,numeric__placement_mock_interview_score_avg_3m,-0.666,Reduces Risk,numeric__engagement_strength,-1.466,Reduces Risk,numeric__placement_coding_score_slope_3m,-0.758,Reduces Risk,numeric__placement_mock_interview_score_current,-0.754,Reduces Risk,numeric__attendance_overall_attendance_current,-0.732,Reduces Risk,numeric__engagement_events_attended_current,0.689,Increases Risk
S2245,IT,,7.44,0.0,69.7,66.7,88.4,68.0,79.0,90.3,67.5,2.0,1.0,2.0,2.0,4.42,4.33,70.9,100.0,Green,Reliable,0.037,0,Low,0.288,1,Medium,2.64,Declining,17.25,Stable,17.25,Placement,Low,Yes,No immediate intervention,numeric__academic_warning_score,1.191,Increases Risk,numeric__placement_coding_score_avg_3m,0.785,Increases Risk,numeric__attendance_declining_flag,-0.741,Reduces Risk,numeric__academic_cgpa_std_3m,-0.713,Reduces Risk,numeric__skills_tech_skills_score_avg_3m,-0.684,Reduces Risk,numeric__attendance_overall_attendance_current,1.269,Increases Risk,numeric__low_lms_flag,0.914,Increases Risk,numeric__skills_soft_skills_score_std_3m,0.679,Increases Risk,numeric__attendance_overall_attendance_avg_3m,-0.613,Reduces Risk,numeric__academic_internal_marks_avg_3m,0.601,Increases Risk
S2246,ME,,9.16,0.0,77.7,87.3,87.3,86.2,90.2,90.3,82.5,5.0,1.0,3.0,1.0,4.28,5.0,83.06,100.0,Green,Reliable,0.707,1,High,0.058,0,Low,50.93,Declining,3.51,Stable,50.93,Academic,Medium,Yes,Monitor student - 14d,numeric__engagement_events_attended_slope_3m,1.028,Increases Risk,numeric__feedback_faculty_rating_avg_3m,-0.744,Reduces Risk,numeric__skills_soft_skills_score_avg_3m,0.689,Increases Risk,numeric__placement_aptitude_score_current,-0.682,Reduces Risk,numeric__placement_mock_interview_score_avg_3m,-0.596,Reduces Risk,numeric__engagement_strength,-1.653,Reduces Risk,numeric__engagement_hackathons_attended_current,0.859,Increases Risk,numeric__engagement_events_attended_current,0.689,Increases Risk,numeric__placement_aptitude_score_current,0.665,Increases Risk,numeric__feedback_faculty_rating_current,-0.654,Reduces Risk
S2247,CIVIL,,7.13,1.0,47.4,61.7,67.5,62.9,74.1,68.7,67.6,3.0,1.0,1.0,1.0,3.57,3.93,58.7,100.0,Amber,Reliable,0.688,1,High,0.401,1,Medium,49.54,Declining,24.04,Stable,49.54,Academic,Medium,Yes,Monitor student - 14d,numeric__academic_warning_score,1.988,Increases Risk,numeric__lms_assignment_completion_pct_avg_3m,-1.495,Reduces Risk,numeric__placement_coding_score_avg_3m,-0.988,Reduces Risk,numeric__academic_cgpa_current,-0.845,Reduces Risk,numeric__attendance_overall_attendance_avg_3m,0.842,Increases Risk,numeric__attendance_overall_attendance_current,3.843,Increases Risk,numeric__attendance_overall_attendance_avg_3m,-2.313,Reduces Risk,numeric__attendance_subject_attendance_avg_3m,-1.753,Reduces Risk,numeric__attendance_subject_attendance_current,1.714,Increases Risk,numeric__engagement_hackathons_attended_current,-1.05,Reduces Risk
S2248,MECH,,7.95,0.0,70.9,65.9,67.6,63.7,87.7,72.4,67.3,1.0,1.0,2.0,1.0,3.64,3.45,71.6,100.0,Green,Reliable,0.327,1,Medium,0.931,1,High,23.53,Declining,55.84,Stable,55.84,Placement,Medium,Yes,Monitor student - 14d,numeric__placement_coding_score_avg_3m,-1.101,Reduces Risk,numeric__attendance_declining_flag,-0.741,Reduces Risk,numeric__skills_tech_skills_score_avg_3m,0.72,Increases Risk,numeric__feedback_satisfaction_score_avg_3m,0.669,Increases Risk,numeric__lms_assignment_completion_pct_avg_3m,-0.637,Reduces Risk,numeric__engagement_strength,1.335,Increases Risk,numeric__attendance_overall_attendance_current,0.998,Increases Risk,numeric__placement_mock_interview_score_current,0.646,Increases Risk,numeric__feedback_satisfaction_score_slope_3m,0.641,Increases Risk,numeric__engagement_events_attended_current,-0.63,Reduces Risk
S2249,CSE,,9.13,0.0,54.2,65.2,93.1,63.3,88.6,83.1,66.6,1.0,3.0,3.0,1.0,2.46,4.38,70.98,100.0,Green,Reliable,0.594,1,Medium,0.711,1,High,28.51,Improving,42.68,Stable,42.68,Placement,Medium,Yes,Monitor student - 14d,numeric__feedback_satisfaction_score_avg_3m,1.804,Increases Risk,numeric__lms_assignment_completion_pct_avg_3m,-1.294,Reduces Risk,numeric__feedback_satisfaction_score_current,-1.271,Reduces Risk,numeric__engagement_hackathons_attended_std_3m,1.074,Increases Risk,numeric__placement_coding_score_avg_3m,1.061,Increases Risk,numeric__attendance_overall_attendance_current,2.578,Increases Risk,numeric__attendance_overall_attendance_avg_3m,-1.553,Reduces Risk,numeric__attendance_subject_attendance_current,1.354,Increases Risk,numeric__attendance_subject_attendance_avg_3m,-1.33,Reduces Risk,numeric__feedback_satisfaction_score_current,1.081,Increases Risk
S2250,IT DEPT,,8.13,1.0,91.3,81.6,88.1,74.8,73.7,82.4,70.5,3.0,1.0,1.0,2.0,4.15,4.16,77.46,100.0,Green,Reliable,0.052,0,Low,0.224,1,Medium,2.5,Improving,13.46,Stable,13.46,Placement,Low,Yes,No immediate intervention,numeric__placement_coding_score_slope_3m,1.069,Increases Risk,numeric__attendance_declining_flag,-0.741,Reduces Risk,numeric__placement_coding_score_avg_3m,-0.705,Reduces Risk,numeric__engagement_hackathons_attended_std_3m,0.676,Increases Risk,numeric__placement_aptitude_score_current,0.605,Increases Risk,numeric__engagement_hackathons_attended_current,-1.05,Reduces Risk,numeric__placement_coding_score_slope_3m,-0.985,Reduces Risk,numeric__attendance_subject_attendance_current,-0.609,Reduces Risk,numeric__placement_coding_score_std_3m,0.603,Increases Risk,numeric__placement_aptitude_score_current,-0.591,Reduces Risk
S2251,CSE,,8.3,1.0,66.8,73.3,84.2,85.2,84.3,81.9,80.0,4.0,1.0,3.0,1.0,,4.03,70.84,100.0,Green,Reliable,0.187,0,Low,0.016,0,Low,13.45,Declining,0.93,Stable,13.45,Academic,Low,No,No immediate intervention,numeric__academic_warning_score,1.988,Increases Risk,numeric__academic_backlogs_slope_3m,0.781,Increases Risk,numeric__skills_tech_skills_score_avg_3m,-0.751,Reduces Risk,numeric__attendance_declining_flag,-0.741,Reduces Risk,numeric__placement_coding_score_avg_3m,0.719,Increases Risk,numeric__attendance_overall_attendance_current,1.777,Increases Risk,numeric__engagement_strength,-1.093,Reduces Risk,numeric__attendance_overall_attendance_avg_3m,-1.05,Reduces Risk,numeric__critical_attendance_flag,-0.998,Reduces Risk,numeric__low_lms_flag,0.914,Increases Risk
S2252,MECHANICAL ENGINEERING,,7.6,1.0,70.0,88.9,54.7,71.5,65.7,54.5,64.2,,,,,4.37,3.49,71.02,100.0,Green,Reliable,0.641,1,High,0.331,1,Medium,30.79,Improving,19.84,Stable,30.79,Academic,Medium,Yes,Monitor student - 14d,numeric__placement_coding_score_avg_3m,-2.378,Reduces Risk,numeric__skills_tech_skills_score_avg_3m,2.326,Increases Risk,numeric__placement_aptitude_score_current,1.229,Increases Risk,numeric__placement_coding_score_current,0.794,Increases Risk,numeric__low_technical_skill_flag,0.768,Increases Risk,numeric__low_coding_flag,1.487,Increases Risk,numeric__placement_aptitude_score_current,-1.2,Reduces Risk,numeric__placement_coding_score_avg_3m,1.172,Increases Risk,numeric__skills_tech_skills_score_avg_3m,-1.048,Reduces Risk,numeric__attendance_overall_attendance_current,0.674,Increases Risk
S2253,CSE,,7.88,0.0,80.8,92.5,71.0,77.9,64.7,64.9,77.8,3.0,2.0,2.0,1.0,3.73,3.51,78.5,100.0,Green,Reliable,0.587,1,Medium,0.328,1,Medium,28.17,Improving,19.66,Stable,28.17,Academic,Low,Yes,No immediate intervention,numeric__placement_aptitude_score_current,1.307,Increases Risk,numeric__skills_tech_skills_score_avg_3m,1.063,Increases Risk,numeric__academic_warning_score,-0.934,Reduces Risk,numeric__lms_assignment_completion_pct_avg_3m,0.733,Increases Risk,numeric__placement_coding_score_avg_3m,-0.705,Reduces Risk,numeric__placement_aptitude_score_current,-1.276,Reduces Risk,numeric__feedback_faculty_rating_current,0.552,Increases Risk,numeric__skills_tech_skills_score_avg_3m,-0.479,Reduces Risk,numeric__attendance_overall_attendance_current,-0.473,Reduces Risk,numeric__skills_soft_skills_score_std_3m,0.428,Increases Risk
S2254,CSE,,7.67,0.0,76.0,75.3,78.3,62.5,76.8,78.8,65.8,2.0,1.0,1.0,1.0,3.46,3.46,72.66,100.0,Green,Reliable,0.377,1,Medium,0.45,1,Medium,22.6,Stable,26.98,Stable,26.98,Placement,Low,Yes,No immediate intervention,numeric__academic_warning_score,-0.668,Reduces Risk,numeric__feedback_faculty_rating_avg_3m,0.634,Increases Risk,numeric__skills_soft_skills_score_avg_3m,-0.521,Reduces Risk,numeric__feedback_faculty_rating_current,0.479,Increases Risk,numeric__academic_cgpa_current,-0.477,Reduces Risk,numeric__engagement_strength,1.522,Increases Risk,numeric__engagement_hackathons_attended_current,-1.05,Reduces Risk,numeric__placement_mock_interview_score_current,0.714,Increases Risk,numeric__feedback_satisfaction_score_slope_3m,-0.667,Reduces Risk,numeric__academic_internal_marks_avg_3m,0.645,Increases Risk
S2255,CIVIL,,8.35,0.0,79.7,83.1,79.6,81.9,80.9,76.2,83.5,5.0,1.0,2.0,3.0,4.29,3.84,82.64,100.0,Green,Reliable,0.024,0,Low,0.535,1,High,1.18,Improving,32.11,Stable,32.11,Placement,Medium,Yes,Monitor student - 14d,numeric__feedback_satisfaction_score_avg_3m,-0.764,Reduces Risk,numeric__academic_warning_score,-0.668,Reduces Risk,numeric__engagement_strength,-0.591,Reduces Risk,numeric__engagement_hackathons_attended_std_3m,-0.556,Reduces Risk,numeric__placement_coding_score_avg_3m,-0.404,Reduces Risk,numeric__engagement_strength,-2.027,Reduces Risk,numeric__attendance_overall_attendance_current,-1.284,Reduces Risk,numeric__engagement_certifications_count_current,0.937,Increases Risk,numeric__attendance_overall_attendance_avg_3m,0.912,Increases Risk,numeric__engagement_events_attended_current,0.689,Increases Risk
S2256,IT,,7.96,0.0,83.8,69.1,92.9,59.1,76.4,91.2,58.8,2.0,1.0,2.0,1.0,3.12,3.79,72.65,100.0,Green,Reliable,0.194,0,Low,0.421,1,Medium,11.66,Stable,25.25,Stable,25.25,Placement,Low,Yes,No immediate intervention,numeric__feedback_satisfaction_score_avg_3m,1.079,Increases Risk,numeric__skills_soft_skills_score_avg_3m,-0.985,Reduces Risk,numeric__placement_coding_score_avg_3m,0.797,Increases Risk,numeric__lms_assignment_completion_pct_avg_3m,-0.765,Reduces Risk,numeric__attendance_declining_flag,-0.741,Reduces Risk,numeric__low_lms_flag,0.914,Increases Risk,numeric__placement_mock_interview_score_current,0.908,Increases Risk,numeric__engagement_strength,0.775,Increases Risk,numeric__skills_soft_skills_score_current,-0.614,Reduces Risk,numeric__placement_mock_interview_score_avg_3m,0.6,Increases Risk
S2257,CIVIL,,8.28,1.0,92.9,79.1,76.7,66.4,88.0,71.3,68.7,3.0,1.0,2.0,2.0,4.11,3.68,75.82,100.0,Green,Reliable,0.155,0,Low,0.826,1,High,7.43,Improving,49.59,Stable,49.59,Placement,Medium,Yes,Monitor student - 14d,numeric__skills_soft_skills_score_avg_3m,-0.516,Reduces Risk,numeric__placement_aptitude_score_current,-0.51,Reduces Risk,numeric__placement_mock_interview_score_avg_3m,0.402,Increases Risk,numeric__placement_aptitude_score_slope_3m,0.396,Increases Risk,numeric__engagement_events_attended_slope_3m,0.392,Increases Risk,numeric__attendance_subject_attendance_current,-0.693,Reduces Risk,numeric__skills_soft_skills_score_std_3m,-0.69,Reduces Risk,numeric__attendance_subject_attendance_avg_3m,0.643,Increases Risk,numeric__attendance_overall_attendance_current,-0.602,Reduces Risk,numeric__placement_aptitude_score_current,0.498,Increases Risk
S2258,CSE,,7.81,0.0,71.6,78.2,94.0,89.5,78.8,97.2,87.3,4.0,2.0,3.0,2.0,4.81,4.13,80.45,100.0,Green,Reliable,0.129,0,Low,0.068,0,Low,9.29,Declining,4.1,Stable,9.29,Academic,Low,No,No immediate intervention,numeric__feedback_satisfaction_score_avg_3m,-1.269,Reduces Risk,numeric__skills_tech_skills_score_avg_3m,-0.988,Reduces Risk,numeric__placement_coding_score_avg_3m,0.885,Increases Risk,numeric__placement_mock_interview_score_avg_3m,-0.855,Reduces Risk,numeric__skills_soft_skills_score_avg_3m,0.76,Increases Risk,numeric__engagement_strength,-1.653,Reduces Risk,numeric__engagement_hackathons_attended_current,0.859,Increases Risk,numeric__placement_mock_interview_score_current,-0.823,Reduces Risk,numeric__attendance_overall_attendance_current,0.815,Increases Risk,numeric__placement_mock_interview_score_avg_3m,-0.705,Reduces Risk
S2259,CIVIL,,8.0,0.0,84.2,91.4,74.3,87.5,79.6,71.3,88.8,4.0,2.0,3.0,1.0,,3.96,80.5,100.0,Green,Reliable,0.022,0,Low,0.45,1,Medium,1.35,Stable,26.97,Stable,26.97,Placement,Low,Yes,No immediate intervention,numeric__skills_soft_skills_score_avg_3m,0.927,Increases Risk,numeric__lms_assignment_completion_pct_avg_3m,0.748,Increases Risk,numeric__feedback_satisfaction_score_missing,-0.713,Reduces Risk,numeric__academic_warning_score,-0.668,Reduces Risk,numeric__placement_mock_interview_score_avg_3m,-0.534,Reduces Risk,numeric__engagement_strength,-1.093,Reduces Risk,numeric__attendance_overall_attendance_current,-1.024,Reduces Risk,numeric__engagement_hackathons_attended_current,0.859,Increases Risk,numeric__placement_mock_interview_score_current,-0.709,Reduces Risk,numeric__attendance_overall_attendance_avg_3m,0.551,Increases Risk
S2260,ECE,,6.38,2.0,93.1,91.8,51.3,57.4,66.9,53.3,64.6,4.0,1.0,0.0,0.0,4.65,3.53,67.59,100.0,Amber,Reliable,0.759,1,High,0.955,1,High,91.06,Declining,57.32,Stable,91.06,Academic,High,Yes,Academic mentoring - Faculty - 7d,numeric__placement_coding_score_avg_3m,-3.115,Reduces Risk,numeric__skills_tech_skills_score_avg_3m,2.645,Increases Risk,numeric__academic_cgpa_current,-1.357,Reduces Risk,numeric__placement_aptitude_score_current,1.136,Increases Risk,numeric__lms_assignment_completion_pct_avg_3m,1.063,Increases Risk,numeric__engagement_hackathons_attended_current,-2.005,Reduces Risk,numeric__engagement_strength,1.709,Increases Risk,numeric__placement_coding_score_avg_3m,1.535,Increases Risk,numeric__low_coding_flag,1.487,Increases Risk,numeric__academic_internal_marks_avg_3m,1.299,Increases Risk
S2261,CIVIL,,7.09,1.0,67.2,79.3,72.7,73.3,,74.4,73.8,,,,,4.06,3.99,68.93,100.0,Amber,Reliable,0.215,0,Low,0.317,1,Medium,15.47,Declining,19.02,Stable,19.02,Placement,Low,Yes,No immediate intervention,numeric__academic_warning_score,1.59,Increases Risk,numeric__placement_coding_score_avg_3m,-1.151,Reduces Risk,numeric__skills_tech_skills_score_avg_3m,1.005,Increases Risk,numeric__academic_cgpa_current,-0.872,Reduces Risk,numeric__attendance_declining_flag,-0.741,Reduces Risk,numeric__attendance_overall_attendance_current,1.258,Increases Risk,numeric__low_lms_flag,0.914,Increases Risk,numeric__placement_aptitude_score_missing,-0.831,Reduces Risk,numeric__academic_internal_marks_avg_3m,0.721,Increases Risk,numeric__attendance_subject_attendance_current,0.666,Increases Risk
S2262,CIVIL,,7.89,0.0,75.4,54.3,73.0,65.9,61.6,71.1,66.5,2.0,0.0,2.0,1.0,3.49,4.26,71.78,100.0,Green,Reliable,0.433,1,Medium,0.981,1,High,31.15,Declining,58.85,Stable,58.85,Placement,Medium,Yes,Monitor student - 14d,numeric__placement_aptitude_score_slope_3m,-1.955,Reduces Risk,numeric__placement_aptitude_score_current,1.549,Increases Risk,numeric__skills_soft_skills_score_avg_3m,-1.202,Reduces Risk,numeric__lms_assignment_completion_pct_avg_3m,-1.18,Reduces Risk,numeric__placement_aptitude_score_std_3m,-1.148,Reduces Risk,numeric__placement_aptitude_score_slope_3m,2.071,Increases Risk,numeric__placement_aptitude_score_current,-1.513,Reduces Risk,numeric__low_lms_flag,0.914,Increases Risk,numeric__placement_aptitude_score_std_3m,0.831,Increases Risk,numeric__placement_mock_interview_score_avg_3m,0.81,Increases Risk
S2263,CSE,,8.23,3.0,83.1,77.9,88.7,74.3,78.6,86.2,70.4,2.0,1.0,1.0,1.0,3.71,3.82,70.57,100.0,Green,Reliable,0.543,1,Medium,0.182,0,Low,65.21,Declining,10.93,Stable,65.21,Academic,High,Yes,Advisor review recommended - 7d,numeric__academic_backlogs_avg_3m,-1.576,Reduces Risk,numeric__skills_soft_skills_score_avg_3m,-0.694,Reduces Risk,numeric__attendance_overall_attendance_std_3m,0.646,Increases Risk,numeric__placement_coding_score_slope_3m,0.643,Increases Risk,numeric__academic_backlogs_current,0.556,Increases Risk,numeric__engagement_strength,1.522,Increases Risk,numeric__engagement_hackathons_attended_current,-1.05,Reduces Risk,numeric__academic_backlogs_avg_3m,0.611,Increases Risk,numeric__placement_coding_score_slope_3m,-0.593,Reduces Risk,numeric__academic_backlogs_current,0.491,Increases Risk
S2264,CSE,,8.34,1.0,80.5,88.5,78.6,71.0,73.9,80.3,66.7,2.0,1.0,2.0,1.0,3.86,3.8,75.28,80.0,Green,Reliable,0.063,0,Low,0.384,1,Medium,3.77,Stable,23.03,Stable,23.03,Placement,Low,Yes,No immediate intervention,numeric__attendance_declining_flag,-0.741,Reduces Risk,numeric__lms_logins_per_week_slope_3m,0.633,Increases Risk,numeric__skills_soft_skills_score_avg_3m,-0.597,Reduces Risk,numeric__placement_aptitude_score_current,0.589,Increases Risk,numeric__engagement_events_attended_slope_3m,-0.564,Reduces Risk,numeric__engagement_strength,0.775,Increases Risk,numeric__placement_aptitude_score_current,-0.576,Reduces Risk,numeric__skills_soft_skills_score_std_3m,-0.497,Reduces Risk,numeric__placement_aptitude_score_slope_3m,0.466,Increases Risk,categorical__department_CSE,-0.416,Reduces Risk
S2265,CSE,,9.1,0.0,78.2,72.4,100.0,83.6,92.8,91.4,75.8,4.0,1.0,2.0,2.0,3.11,4.59,81.87,100.0,Green,Reliable,0.048,0,Low,0.033,0,Low,3.43,Declining,1.99,Stable,3.43,Academic,Low,No,No immediate intervention,numeric__placement_coding_score_avg_3m,1.403,Increases Risk,numeric__skills_tech_skills_score_avg_3m,-1.184,Reduces Risk,numeric__placement_aptitude_score_current,-0.885,Reduces Risk,numeric__attendance_declining_flag,-0.741,Reduces Risk,numeric__feedback_satisfaction_score_current,-0.712,Reduces Risk,numeric__feedback_satisfaction_score_slope_3m,-0.989,Reduces Risk,numeric__engagement_strength,-0.906,Reduces Risk,numeric__placement_aptitude_score_current,0.863,Increases Risk,numeric__placement_coding_score_avg_3m,-0.691,Reduces Risk,numeric__feedback_satisfaction_score_current,0.606,Increases Risk
S2266,ECE,,8.23,0.0,68.6,85.0,79.7,94.2,86.2,74.4,92.5,4.0,1.0,2.0,2.0,,4.3,77.37,100.0,Green,Reliable,0.005,0,Low,0.08,0,Low,0.37,Declining,4.78,Stable,4.78,Placement,Low,No,No immediate intervention,numeric__feedback_satisfaction_score_avg_3m,-1.323,Reduces Risk,numeric__skills_soft_skills_score_avg_3m,1.263,Increases Risk,numeric__placement_mock_interview_score_avg_3m,-1.191,Reduces Risk,numeric__engagement_events_attended_slope_3m,-0.882,Reduces Risk,numeric__academic_warning_score,0.793,Increases Risk,numeric__attendance_overall_attendance_current,1.171,Increases Risk,numeric__placement_mock_interview_score_current,-1.09,Reduces Risk,numeric__placement_mock_interview_score_avg_3m,-0.982,Reduces Risk,numeric__engagement_strength,-0.906,Reduces Risk,numeric__feedback_satisfaction_score_slope_3m,-0.702,Reduces Risk
S2267,ECE,,7.16,0.0,84.8,67.1,63.6,57.7,67.4,64.5,61.0,3.0,1.0,2.0,0.0,4.34,3.51,70.51,100.0,Green,Reliable,0.406,1,Medium,0.515,1,High,19.47,Improving,30.89,Stable,30.89,Placement,Medium,Yes,Monitor student - 14d,numeric__placement_coding_score_avg_3m,-1.713,Reduces Risk,numeric__skills_tech_skills_score_avg_3m,1.441,Increases Risk,numeric__placement_aptitude_score_current,1.097,Increases Risk,numeric__skills_soft_skills_score_avg_3m,-1.095,Reduces Risk,numeric__feedback_faculty_rating_avg_3m,0.995,Increases Risk,numeric__academic_internal_marks_avg_3m,1.137,Increases Risk,numeric__placement_aptitude_score_current,-1.071,Reduces Risk,numeric__placement_mock_interview_score_current,0.987,Increases Risk,numeric__placement_coding_score_avg_3m,0.844,Increases Risk,numeric__placement_mock_interview_score_avg_3m,0.793,Increases Risk
S2268,IT,,8.61,0.0,88.3,81.4,94.6,83.5,77.2,88.1,87.3,3.0,1.0,3.0,4.0,3.74,3.77,84.25,100.0,Green,Reliable,0.416,1,Medium,0.598,1,High,29.92,Declining,35.87,Stable,35.87,Placement,Medium,Yes,Monitor student - 14d,numeric__placement_coding_score_avg_3m,0.722,Increases Risk,numeric__engagement_strength,-0.645,Reduces Risk,numeric__engagement_events_attended_slope_3m,-0.564,Reduces Risk,numeric__placement_aptitude_score_slope_3m,-0.508,Reduces Risk,numeric__lms_logins_per_week_slope_3m,0.506,Increases Risk,numeric__engagement_strength,-2.213,Reduces Risk,numeric__engagement_certifications_count_current,1.482,Increases Risk,numeric__engagement_hackathons_attended_current,0.859,Increases Risk,numeric__attendance_overall_attendance_current,-0.765,Reduces Risk,numeric__placement_aptitude_score_slope_3m,0.539,Increases Risk
S2269,CIVIL,,9.21,0.0,81.6,80.1,74.6,65.9,81.2,73.6,65.1,3.0,1.0,5.0,1.0,3.58,4.21,81.13,100.0,Green,Reliable,0.82,1,High,0.668,1,High,39.38,Improving,40.05,Stable,40.05,Placement,Medium,Yes,Monitor student - 14d,numeric__engagement_hackathons_attended_std_3m,1.292,Increases Risk,numeric__engagement_hackathons_attended_current,1.034,Increases Risk,numeric__academic_warning_score,-0.934,Reduces Risk,numeric__placement_coding_score_slope_3m,-0.729,Reduces Risk,numeric__engagement_strength,-0.591,Reduces Risk,numeric__engagement_hackathons_attended_current,2.768,Increases Risk,numeric__engagement_strength,-2.027,Reduces Risk,numeric__placement_coding_score_slope_3m,0.672,Increases Risk,numeric__academic_internal_marks_avg_3m,-0.542,Reduces Risk,numeric__placement_mock_interview_score_current,0.521,Increases Risk
S2270,CIVIL,,8.66,1.0,82.2,70.8,78.5,89.3,85.2,79.5,85.5,3.0,1.0,2.0,2.0,4.43,3.99,75.93,100.0,Green,Reliable,0.079,0,Low,0.108,0,Low,5.67,Declining,6.48,Stable,6.48,Placement,Low,No,No immediate intervention,numeric__skills_soft_skills_score_avg_3m,1.074,Increases Risk,numeric__academic_cgpa_std_3m,-0.868,Reduces Risk,numeric__feedback_satisfaction_score_avg_3m,-0.802,Reduces Risk,numeric__placement_mock_interview_score_avg_3m,-0.757,Reduces Risk,numeric__engagement_hackathons_attended_std_3m,-0.556,Reduces Risk,numeric__placement_mock_interview_score_current,-0.811,Reduces Risk,numeric__placement_mock_interview_score_avg_3m,-0.624,Reduces Risk,numeric__academic_internal_marks_slope_3m,0.605,Increases Risk,numeric__academic_cgpa_std_3m,-0.531,Reduces Risk,numeric__academic_subject_score_avg_slope_3m,-0.468,Reduces Risk
S2271,MECH,,7.51,2.0,73.0,77.6,58.7,71.6,74.5,52.6,71.0,6.0,1.0,2.0,1.0,4.41,4.13,69.05,100.0,Amber,Reliable,0.715,1,High,0.457,1,Medium,85.78,Declining,27.42,Stable,85.78,Academic,High,Yes,Advisor review recommended - 7d,numeric__placement_coding_score_avg_3m,-1.371,Reduces Risk,numeric__skills_tech_skills_score_avg_3m,1.325,Increases Risk,numeric__academic_backlogs_slope_3m,0.781,Increases Risk,numeric__low_technical_skill_flag,0.768,Increases Risk,numeric__feedback_satisfaction_score_avg_3m,-0.764,Reduces Risk,numeric__low_coding_flag,1.487,Increases Risk,numeric__engagement_strength,-1.466,Reduces Risk,numeric__engagement_events_attended_current,1.019,Increases Risk,numeric__placement_coding_score_avg_3m,0.675,Increases Risk,numeric__skills_soft_skills_score_std_3m,0.631,Increases Risk
S2272,MECH,,7.65,1.0,72.5,89.6,63.1,71.1,74.3,75.3,71.2,4.0,2.0,2.0,2.0,4.3,3.85,73.0,100.0,Green,Reliable,0.255,0,Low,0.722,1,High,15.28,Stable,43.33,Stable,43.33,Placement,Medium,Yes,Monitor student - 14d,numeric__placement_coding_score_avg_3m,-0.919,Reduces Risk,numeric__feedback_satisfaction_score_avg_3m,-0.875,Reduces Risk,numeric__academic_backlogs_slope_3m,0.781,Increases Risk,numeric__attendance_overall_attendance_std_3m,-0.639,Reduces Risk,numeric__placement_coding_score_slope_3m,-0.637,Reduces Risk,numeric__engagement_strength,-0.906,Reduces Risk,numeric__academic_internal_marks_avg_3m,0.594,Increases Risk,numeric__placement_coding_score_slope_3m,0.587,Increases Risk,numeric__placement_aptitude_score_current,-0.545,Reduces Risk,numeric__skills_soft_skills_score_std_3m,0.532,Increases Risk
S2273,IT,,8.34,0.0,64.2,93.3,98.5,100.0,86.0,92.5,94.9,3.0,3.0,4.0,1.0,4.52,4.65,81.63,100.0,Green,Reliable,0.197,0,Low,0.038,0,Low,14.2,Declining,2.25,Stable,14.2,Academic,Low,No,No immediate intervention,numeric__placement_coding_score_avg_3m,1.685,Increases Risk,numeric__skills_soft_skills_score_avg_3m,1.284,Increases Risk,numeric__skills_tech_skills_score_avg_3m,-1.252,Reduces Risk,numeric__feedback_satisfaction_score_avg_3m,-1.055,Reduces Risk,numeric__placement_mock_interview_score_avg_3m,-0.942,Reduces Risk,numeric__engagement_hackathons_attended_current,1.814,Increases Risk,numeric__placement_mock_interview_score_current,-1.42,Reduces Risk,numeric__engagement_strength,-1.279,Reduces Risk,numeric__attendance_overall_attendance_current,1.171,Increases Risk,numeric__placement_coding_score_avg_3m,-0.83,Reduces Risk
S2274,CIVIL,,8.93,0.0,56.4,57.6,92.9,78.4,80.3,87.2,81.3,1.0,1.0,4.0,1.0,3.78,4.45,71.43,100.0,Green,Reliable,0.694,1,High,0.389,1,Medium,49.95,Declining,23.33,Stable,49.95,Academic,Medium,Yes,Monitor student - 14d,numeric__academic_warning_score,1.59,Increases Risk,numeric__lms_assignment_completion_pct_avg_3m,-1.497,Reduces Risk,numeric__lms_assignment_completion_pct_current,0.765,Increases Risk,numeric__attendance_declining_flag,-0.741,Reduces Risk,numeric__placement_coding_score_avg_3m,0.687,Increases Risk,numeric__attendance_overall_attendance_current,3.216,Increases Risk,numeric__engagement_hackathons_attended_current,1.814,Increases Risk,numeric__attendance_overall_attendance_avg_3m,-1.793,Reduces Risk,numeric__attendance_subject_attendance_current,1.238,Increases Risk,numeric__attendance_subject_attendance_avg_3m,-1.077,Reduces Risk
S2275,ME,,9.45,0.0,87.9,84.2,96.5,93.3,91.9,90.2,91.0,5.0,1.0,2.0,1.0,4.24,4.5,88.09,100.0,Green,Reliable,0.04,0,Low,0.045,0,Low,2.42,Stable,2.71,Stable,2.71,Placement,Low,No,No immediate intervention,numeric__placement_coding_score_avg_3m,1.167,Increases Risk,numeric__placement_mock_interview_score_avg_3m,-1.078,Reduces Risk,numeric__skills_soft_skills_score_avg_3m,1.022,Increases Risk,numeric__placement_aptitude_score_current,-0.815,Reduces Risk,numeric__attendance_declining_flag,-0.741,Reduces Risk,numeric__attendance_overall_attendance_current,-1.273,Reduces Risk,numeric__attendance_overall_attendance_avg_3m,1.2,Increases Risk,numeric__placement_mock_interview_score_current,-1.039,Reduces Risk,numeric__engagement_strength,-0.906,Reduces Risk,numeric__placement_mock_interview_score_avg_3m,-0.889,Reduces Risk
S2276,ME,,9.64,0.0,79.5,66.4,99.0,66.4,88.0,96.9,65.6,2.0,0.0,3.0,1.0,3.53,4.65,79.21,100.0,Green,Reliable,0.422,1,Medium,0.708,1,High,20.28,Improving,42.5,Stable,42.5,Placement,Medium,Yes,Monitor student - 14d,numeric__placement_coding_score_avg_3m,1.4,Increases Risk,numeric__skills_tech_skills_score_avg_3m,-0.942,Reduces Risk,numeric__lms_assignment_completion_pct_avg_3m,-0.914,Reduces Risk,numeric__feedback_satisfaction_score_avg_3m,0.89,Increases Risk,numeric__academic_cgpa_current,0.867,Increases Risk,numeric__skills_soft_skills_score_std_3m,1.15,Increases Risk,numeric__engagement_hackathons_attended_current,0.859,Increases Risk,numeric__academic_internal_marks_avg_3m,-0.708,Reduces Risk,numeric__placement_mock_interview_score_std_3m,-0.692,Reduces Risk,numeric__placement_coding_score_avg_3m,-0.69,Reduces Risk
S2277,CIVIL,,7.62,0.0,81.7,85.0,64.9,78.6,72.0,58.2,83.7,4.0,1.0,1.0,0.0,4.4,3.95,75.87,100.0,Green,Reliable,0.844,1,High,0.312,1,Medium,40.49,Improving,18.75,Stable,40.49,Academic,Medium,Yes,Monitor student - 14d,numeric__skills_tech_skills_score_avg_3m,1.736,Increases Risk,numeric__placement_coding_score_avg_3m,-1.647,Reduces Risk,numeric__low_technical_skill_flag,0.768,Increases Risk,numeric__placement_aptitude_score_current,0.738,Increases Risk,numeric__academic_warning_score,-0.668,Reduces Risk,numeric__engagement_hackathons_attended_current,-1.05,Reduces Risk,numeric__engagement_strength,0.962,Increases Risk,numeric__skills_soft_skills_score_std_3m,0.825,Increases Risk,numeric__placement_coding_score_avg_3m,0.811,Increases Risk,numeric__skills_tech_skills_score_avg_3m,-0.782,Reduces Risk
S2278,IT,,6.72,1.0,80.3,86.1,63.5,67.3,69.2,67.1,68.7,4.0,1.0,1.0,1.0,4.27,3.17,71.73,100.0,Green,Reliable,0.571,1,Medium,0.862,1,High,27.41,Improving,51.74,Stable,51.74,Placement,Medium,Yes,Monitor student - 14d,numeric__placement_coding_score_avg_3m,-1.982,Reduces Risk,numeric__skills_tech_skills_score_avg_3m,1.543,Increases Risk,numeric__engagement_hackathons_attended_std_3m,1.292,Increases Risk,numeric__academic_cgpa_current,-1.125,Reduces Risk,numeric__placement_aptitude_score_current,0.956,Increases Risk,numeric__academic_internal_marks_avg_3m,1.262,Increases Risk,numeric__engagement_hackathons_attended_current,-1.05,Reduces Risk,numeric__placement_coding_score_avg_3m,0.977,Increases Risk,numeric__placement_aptitude_score_current,-0.934,Reduces Risk,numeric__feedback_faculty_rating_current,0.827,Increases Risk
S2279,MECH,,7.43,0.0,65.6,75.5,67.1,81.9,,66.2,81.4,4.0,2.0,2.0,1.0,3.72,3.97,70.64,100.0,Green,Reliable,0.499,1,Medium,0.067,0,Low,35.9,Declining,4.01,Stable,35.9,Academic,Medium,Yes,Monitor student - 14d,numeric__placement_coding_score_avg_3m,-1.151,Reduces Risk,numeric__skills_tech_skills_score_avg_3m,0.965,Increases Risk,numeric__academic_warning_score,0.793,Increases Risk,numeric__academic_cgpa_current,-0.64,Reduces Risk,numeric__cgpa_declining_flag,0.487,Increases Risk,numeric__attendance_overall_attendance_current,1.864,Increases Risk,numeric__attendance_overall_attendance_avg_3m,-1.23,Reduces Risk,numeric__critical_attendance_flag,-0.998,Reduces Risk,numeric__attendance_subject_attendance_avg_3m,-0.967,Reduces Risk,numeric__placement_aptitude_score_missing,-0.831,Reduces Risk
S2280,CIVIL,,9.02,0.0,90.0,84.2,80.3,88.2,86.1,75.6,87.8,4.0,2.0,3.0,1.0,4.51,4.19,84.5,100.0,Green,Reliable,0.237,0,Low,0.325,1,Medium,11.38,Improving,19.48,Stable,19.48,Placement,Low,Yes,No immediate intervention,numeric__academic_warning_score,-0.934,Reduces Risk,numeric__skills_soft_skills_score_avg_3m,0.508,Increases Risk,numeric__feedback_satisfaction_score_current,0.492,Increases Risk,numeric__placement_mock_interview_score_current,-0.492,Reduces Risk,numeric__academic_cgpa_current,0.444,Increases Risk,numeric__engagement_strength,-1.093,Reduces Risk,numeric__attendance_overall_attendance_current,-0.981,Reduces Risk,numeric__engagement_hackathons_attended_current,0.859,Increases Risk,numeric__attendance_overall_attendance_avg_3m,0.841,Increases Risk,numeric__placement_mock_interview_score_current,-0.749,Reduces Risk
S2281,ME,,7.3,0.0,95.8,92.4,56.0,74.9,69.2,52.7,80.2,5.0,1.0,2.0,0.0,,3.46,78.82,100.0,Green,Reliable,0.532,1,Medium,0.829,1,High,38.3,Declining,49.72,Stable,49.72,Placement,Medium,Yes,Monitor student - 14d,numeric__placement_coding_score_avg_3m,-1.631,Reduces Risk,numeric__skills_tech_skills_score_avg_3m,1.589,Increases Risk,numeric__lms_assignment_completion_pct_avg_3m,1.224,Increases Risk,numeric__feedback_satisfaction_score_avg_3m,-1.126,Reduces Risk,numeric__placement_aptitude_score_current,0.956,Increases Risk,numeric__attendance_overall_attendance_current,-2.171,Reduces Risk,numeric__low_coding_flag,1.487,Increases Risk,numeric__attendance_overall_attendance_avg_3m,1.316,Increases Risk,numeric__attendance_subject_attendance_avg_3m,0.936,Increases Risk,numeric__placement_aptitude_score_current,-0.934,Reduces Risk
S2282,CIVIL,,9.71,1.0,96.1,77.6,98.5,70.0,98.3,98.1,68.2,3.0,1.0,3.0,1.0,3.63,4.48,81.84,100.0,Green,Reliable,0.076,0,Low,0.083,0,Low,4.53,Stable,5.0,Stable,5.0,Placement,Low,No,No immediate intervention,numeric__placement_coding_score_avg_3m,1.428,Increases Risk,numeric__placement_aptitude_score_current,-1.314,Reduces Risk,numeric__skills_tech_skills_score_avg_3m,-1.24,Reduces Risk,numeric__academic_cgpa_current,0.915,Increases Risk,numeric__academic_warning_score,-0.535,Reduces Risk,numeric__placement_aptitude_score_current,1.282,Increases Risk,numeric__academic_internal_marks_avg_3m,-0.968,Reduces Risk,numeric__attendance_subject_attendance_current,-0.863,Reduces Risk,numeric__engagement_hackathons_attended_current,0.859,Increases Risk,numeric__attendance_overall_attendance_current,-0.819,Reduces Risk
S2283,ECE,,8.43,1.0,50.1,59.9,83.0,66.5,84.1,83.7,68.7,5.0,0.0,3.0,1.0,3.48,4.1,70.41,80.0,Green,Reliable,0.868,1,High,0.391,1,Medium,62.46,Declining,23.47,Stable,62.46,Academic,High,Yes,Advisor review recommended - 7d,numeric__lms_assignment_completion_pct_avg_3m,-1.54,Reduces Risk,numeric__engagement_events_attended_slope_3m,1.347,Increases Risk,numeric__academic_backlogs_slope_3m,0.781,Increases Risk,numeric__lms_assignment_completion_pct_current,0.685,Increases Risk,numeric__feedback_satisfaction_score_avg_3m,0.666,Increases Risk,numeric__engagement_strength,-1.653,Reduces Risk,numeric__attendance_subject_attendance_current,1.571,Increases Risk,numeric__attendance_subject_attendance_avg_3m,-1.375,Reduces Risk,numeric__attendance_overall_attendance_avg_3m,-1.23,Reduces Risk,numeric__low_lms_flag,0.914,Increases Risk
S2284,MECH,,7.8,1.0,62.4,64.8,86.2,71.8,88.7,89.4,79.8,2.0,1.0,3.0,1.0,3.93,4.32,70.71,100.0,Green,Reliable,0.18,0,Low,0.259,1,Medium,10.78,Stable,15.56,Stable,15.56,Placement,Low,Yes,No immediate intervention,numeric__academic_backlogs_slope_3m,0.781,Increases Risk,numeric__attendance_overall_attendance_std_3m,0.742,Increases Risk,numeric__attendance_declining_flag,-0.741,Reduces Risk,numeric__placement_coding_score_slope_3m,0.673,Increases Risk,numeric__academic_warning_score,0.66,Increases Risk,numeric__attendance_overall_attendance_current,1.312,Increases Risk,numeric__attendance_subject_attendance_current,0.92,Increases Risk,numeric__engagement_hackathons_attended_current,0.859,Increases Risk,numeric__placement_coding_score_slope_3m,-0.62,Reduces Risk,numeric__placement_aptitude_score_current,0.551,Increases Risk
S2285,IT,,7.6,3.0,83.0,80.1,62.7,60.3,69.1,62.1,64.4,2.0,2.0,2.0,0.0,3.47,2.74,65.79,100.0,Amber,Reliable,0.926,1,High,0.894,1,High,100.0,Declining,53.63,Stable,100.0,Academic,High,Yes,Advisor review recommended - 7d,numeric__academic_backlogs_avg_3m,-1.576,Reduces Risk,numeric__placement_coding_score_avg_3m,-1.091,Reduces Risk,numeric__skills_tech_skills_score_avg_3m,1.085,Increases Risk,numeric__feedback_faculty_rating_avg_3m,1.056,Increases Risk,numeric__placement_aptitude_score_current,0.964,Increases Risk,numeric__engagement_strength,1.335,Increases Risk,numeric__feedback_faculty_rating_current,1.176,Increases Risk,numeric__placement_aptitude_score_current,-0.941,Reduces Risk,numeric__placement_mock_interview_score_current,0.839,Increases Risk,numeric__placement_mock_interview_score_avg_3m,0.703,Increases Risk
S2286,CIVIL,,9.17,0.0,100.0,100.0,97.4,86.8,94.0,96.2,82.0,4.0,1.0,3.0,1.0,4.71,4.67,89.72,100.0,Green,Reliable,0.072,0,Low,0.182,0,Low,3.48,Improving,10.92,Stable,10.92,Placement,Low,No,No immediate intervention,numeric__placement_coding_score_avg_3m,1.346,Increases Risk,numeric__lms_assignment_completion_pct_avg_3m,1.335,Increases Risk,numeric__feedback_satisfaction_score_avg_3m,-1.235,Reduces Risk,numeric__skills_soft_skills_score_avg_3m,1.116,Increases Risk,numeric__placement_mock_interview_score_avg_3m,-1.1,Reduces Risk,numeric__attendance_overall_attendance_current,-2.041,Reduces Risk,numeric__attendance_overall_attendance_avg_3m,1.392,Increases Risk,numeric__attendance_subject_attendance_avg_3m,1.179,Increases Risk,numeric__engagement_strength,-1.093,Reduces Risk,numeric__attendance_subject_attendance_current,-1.069,Reduces Risk
S2287,CSE,,8.09,1.0,79.7,77.2,79.6,70.0,78.8,79.6,72.1,2.0,0.0,1.0,1.0,3.61,4.17,71.11,80.0,Green,Reliable,0.336,1,Medium,0.554,1,High,20.14,Stable,33.23,Stable,33.23,Placement,Medium,Yes,Monitor student - 14d,numeric__skills_soft_skills_score_avg_3m,-1.074,Reduces Risk,numeric__placement_mock_interview_score_avg_3m,0.837,Increases Risk,numeric__lms_assignment_completion_pct_avg_3m,-0.608,Reduces Risk,numeric__engagement_hackathons_attended_std_3m,-0.556,Reduces Risk,numeric__skills_tech_skills_score_avg_3m,-0.463,Reduces Risk,numeric__engagement_strength,1.522,Increases Risk,numeric__engagement_hackathons_attended_current,-1.05,Reduces Risk,numeric__skills_soft_skills_score_std_3m,0.903,Increases Risk,numeric__placement_mock_interview_score_std_3m,-0.719,Reduces Risk,numeric__placement_mock_interview_score_avg_3m,0.69,Increases Risk
S2288,CIVIL,,7.95,0.0,92.5,82.1,82.6,74.6,79.8,86.5,76.1,4.0,1.0,3.0,3.0,4.31,3.94,79.88,100.0,Green,Reliable,0.07,0,Low,0.637,1,High,5.06,Declining,38.24,Stable,38.24,Placement,Medium,Yes,Monitor student - 14d,numeric__lms_logins_per_week_slope_3m,-0.896,Reduces Risk,numeric__engagement_strength,-0.645,Reduces Risk,numeric__engagement_hackathons_attended_std_3m,-0.556,Reduces Risk,numeric__feedback_satisfaction_score_avg_3m,-0.54,Reduces Risk,numeric__attendance_overall_attendance_std_3m,-0.523,Reduces Risk,numeric__engagement_strength,-2.213,Reduces Risk,numeric__attendance_overall_attendance_current,-0.97,Reduces Risk,numeric__engagement_certifications_count_current,0.937,Increases Risk,numeric__engagement_hackathons_attended_current,0.859,Increases Risk,numeric__attendance_overall_attendance_avg_3m,0.702,Increases Risk
S2289,MECH,,7.29,0.0,70.8,71.9,78.2,72.3,77.5,78.4,70.4,3.0,2.0,2.0,3.0,3.82,3.98,74.91,100.0,Green,Reliable,0.008,0,Low,0.281,1,Medium,0.54,Declining,16.86,Stable,16.86,Placement,Low,Yes,No immediate intervention,numeric__lms_logins_per_week_missing,-1.54,Reduces Risk,numeric__academic_cgpa_current,-0.736,Reduces Risk,numeric__engagement_hackathons_attended_std_3m,-0.556,Reduces Risk,numeric__lms_assignment_completion_pct_avg_3m,-0.533,Reduces Risk,numeric__lms_logins_per_week_slope_3m,-0.514,Reduces Risk,numeric__attendance_overall_attendance_current,1.247,Increases Risk,numeric__engagement_certifications_count_current,0.937,Increases Risk,numeric__engagement_strength,-0.906,Reduces Risk,numeric__attendance_overall_attendance_avg_3m,-0.886,Reduces Risk,numeric__academic_internal_marks_avg_3m,0.73,Increases Risk
S2290,CIVIL,,7.06,1.0,56.5,66.0,72.1,63.4,77.6,70.7,55.9,4.0,0.0,3.0,1.0,3.49,3.89,62.5,100.0,Amber,Reliable,0.704,1,High,0.759,1,High,50.67,Declining,45.55,Stable,50.67,Academic,Medium,Yes,Monitor student - 14d,numeric__academic_warning_score,1.988,Increases Risk,numeric__placement_coding_score_avg_3m,-1.251,Reduces Risk,numeric__lms_assignment_completion_pct_avg_3m,-1.128,Reduces Risk,numeric__skills_soft_skills_score_avg_3m,-1.016,Reduces Risk,numeric__skills_tech_skills_score_avg_3m,0.941,Increases Risk,numeric__attendance_overall_attendance_current,2.87,Increases Risk,numeric__attendance_overall_attendance_avg_3m,-1.811,Reduces Risk,numeric__attendance_subject_attendance_avg_3m,-1.318,Reduces Risk,numeric__attendance_subject_attendance_current,1.233,Increases Risk,numeric__engagement_strength,-1.093,Reduces Risk
S2291,IT,,8.87,0.0,73.2,82.7,92.1,80.1,82.4,83.8,86.6,2.0,1.0,5.0,1.0,3.97,4.19,79.4,100.0,Green,Reliable,0.827,1,High,0.793,1,High,49.63,Stable,47.56,Stable,49.63,Academic,Medium,Yes,Monitor student - 14d,numeric__engagement_hackathons_attended_std_3m,1.292,Increases Risk,numeric__placement_coding_score_avg_3m,1.042,Increases Risk,numeric__engagement_hackathons_attended_current,1.034,Increases Risk,numeric__engagement_events_attended_slope_3m,-0.882,Reduces Risk,numeric__skills_tech_skills_score_avg_3m,-0.57,Reduces Risk,numeric__engagement_hackathons_attended_current,2.768,Increases Risk,numeric__engagement_strength,-1.466,Reduces Risk,numeric__low_lms_flag,0.914,Increases Risk,numeric__placement_mock_interview_score_std_3m,-0.809,Reduces Risk,numeric__skills_soft_skills_score_std_3m,0.675,Increases Risk
S2292,MECH,,8.78,0.0,73.6,60.8,75.4,67.4,89.3,77.6,61.6,0.0,0.0,5.0,1.0,3.12,4.3,73.63,100.0,Green,Reliable,0.301,1,Medium,0.737,1,High,18.04,Stable,44.21,Stable,44.21,Placement,Medium,Yes,Monitor student - 14d,numeric__engagement_hackathons_attended_std_3m,1.074,Increases Risk,numeric__engagement_hackathons_attended_current,1.034,Increases Risk,numeric__lms_assignment_completion_pct_avg_3m,-0.945,Reduces Risk,numeric__feedback_satisfaction_score_avg_3m,0.885,Increases Risk,numeric__skills_soft_skills_score_avg_3m,-0.741,Reduces Risk,numeric__engagement_hackathons_attended_current,2.768,Increases Risk,numeric__attendance_overall_attendance_current,1.085,Increases Risk,numeric__engagement_events_attended_current,-0.96,Reduces Risk,numeric__attendance_overall_attendance_avg_3m,-0.856,Reduces Risk,numeric__feedback_satisfaction_score_current,0.598,Increases Risk
S2293,MECH,,7.64,0.0,73.2,83.2,70.6,87.1,81.3,72.3,86.6,4.0,1.0,2.0,1.0,4.65,3.68,74.38,100.0,Green,Reliable,0.255,0,Low,0.506,1,High,18.37,Declining,30.38,Stable,30.38,Placement,Medium,Yes,Monitor student - 14d,numeric__feedback_satisfaction_score_avg_3m,-1.177,Reduces Risk,numeric__placement_coding_score_avg_3m,-0.897,Reduces Risk,numeric__attendance_declining_flag,-0.741,Reduces Risk,numeric__academic_warning_score,0.66,Increases Risk,numeric__feedback_satisfaction_score_current,0.613,Increases Risk,numeric__low_lms_flag,0.914,Increases Risk,numeric__placement_mock_interview_score_current,-0.686,Reduces Risk,numeric__feedback_satisfaction_score_current,-0.52,Reduces Risk,numeric__academic_internal_marks_avg_3m,0.454,Increases Risk,numeric__placement_coding_score_avg_3m,0.442,Increases Risk
S2294,ECE,,8.78,0.0,74.3,80.6,91.8,80.6,87.2,75.3,80.7,3.0,2.0,2.0,1.0,4.04,4.44,78.45,100.0,Green,Reliable,0.332,1,Medium,0.13,0,Low,19.94,Stable,7.81,Stable,19.94,Academic,Low,Yes,No immediate intervention,numeric__placement_coding_score_avg_3m,1.011,Increases Risk,numeric__attendance_declining_flag,-0.741,Reduces Risk,numeric__engagement_hackathons_attended_std_3m,0.676,Increases Risk,numeric__skills_tech_skills_score_avg_3m,-0.583,Reduces Risk,numeric__feedback_faculty_rating_avg_3m,-0.514,Reduces Risk,numeric__attendance_overall_attendance_current,1.009,Increases Risk,numeric__attendance_overall_attendance_avg_3m,-0.568,Reduces Risk,numeric__placement_coding_score_avg_3m,-0.498,Reduces Risk,numeric__low_attendance_flag,-0.492,Reduces Risk,numeric__placement_aptitude_score_current,0.437,Increases Risk
S2295,ME,,8.19,1.0,68.2,75.3,76.9,66.0,80.8,71.3,67.0,,,,,,,69.61,95.0,Amber,Reliable,0.171,0,Low,0.322,1,Medium,8.21,Improving,19.34,Stable,19.34,Placement,Low,Yes,No immediate intervention,numeric__skills_tech_skills_score_avg_3m,0.953,Increases Risk,numeric__lms_assignment_completion_pct_avg_3m,-0.798,Reduces Risk,numeric__lms_logins_per_week_slope_3m,-0.769,Reduces Risk,numeric__academic_warning_score,0.66,Increases Risk,numeric__placement_coding_score_avg_3m,-0.646,Reduces Risk,numeric__attendance_overall_attendance_current,1.345,Increases Risk,numeric__attendance_overall_attendance_avg_3m,-0.98,Reduces Risk,numeric__low_lms_flag,0.914,Increases Risk,numeric__attendance_subject_attendance_avg_3m,-0.878,Reduces Risk,numeric__attendance_subject_attendance_current,0.613,Increases Risk
S2296,ECE,,8.88,1.0,78.1,68.9,88.1,69.1,87.7,88.1,68.8,3.0,0.0,3.0,2.0,3.06,4.1,73.82,100.0,Green,Reliable,0.279,0,Low,0.681,1,High,16.72,Stable,40.88,Stable,40.88,Placement,Medium,Yes,Monitor student - 14d,numeric__feedback_satisfaction_score_avg_3m,1.157,Increases Risk,numeric__lms_assignment_completion_pct_avg_3m,-0.765,Reduces Risk,numeric__feedback_satisfaction_score_current,-0.755,Reduces Risk,numeric__placement_coding_score_avg_3m,0.615,Increases Risk,numeric__skills_tech_skills_score_avg_3m,-0.518,Reduces Risk,numeric__engagement_strength,-1.093,Reduces Risk,numeric__attendance_overall_attendance_current,0.966,Increases Risk,numeric__engagement_hackathons_attended_current,0.859,Increases Risk,numeric__attendance_overall_attendance_avg_3m,-0.79,Reduces Risk,numeric__feedback_satisfaction_score_current,0.642,Increases Risk
S2297,ECE,,8.99,2.0,98.2,98.0,90.8,65.7,69.6,79.0,70.5,2.0,1.0,3.0,1.0,4.33,4.38,78.92,100.0,Green,Reliable,0.386,1,Medium,0.168,0,Low,38.6,Stable,10.08,Stable,38.6,Academic,Medium,Yes,Monitor student - 14d,numeric__academic_backlogs_avg_3m,-0.956,Reduces Risk,numeric__placement_aptitude_score_current,0.925,Increases Risk,numeric__lms_assignment_completion_pct_current,-0.637,Reduces Risk,numeric__lms_assignment_completion_pct_avg_3m,0.622,Increases Risk,numeric__engagement_events_attended_slope_3m,-0.564,Reduces Risk,numeric__attendance_overall_attendance_current,-1.284,Reduces Risk,numeric__attendance_subject_attendance_current,-0.974,Reduces Risk,numeric__placement_aptitude_score_current,-0.903,Reduces Risk,numeric__engagement_hackathons_attended_current,0.859,Increases Risk,numeric__attendance_overall_attendance_avg_3m,0.768,Increases Risk
S2298,CSE,,7.01,1.0,84.1,75.8,64.8,51.9,64.0,65.9,52.1,3.0,1.0,4.0,1.0,,,68.31,95.0,Amber,Reliable,0.146,0,Low,0.493,1,Medium,7.0,Improving,29.6,Stable,29.6,Placement,Low,Yes,No immediate intervention,numeric__placement_aptitude_score_current,1.362,Increases Risk,numeric__placement_coding_score_avg_3m,-1.258,Reduces Risk,numeric__skills_tech_skills_score_avg_3m,1.07,Increases Risk,numeric__placement_mock_interview_score_avg_3m,1.049,Increases Risk,numeric__skills_soft_skills_score_avg_3m,-1.016,Reduces Risk,numeric__engagement_hackathons_attended_current,1.814,Increases Risk,numeric__placement_aptitude_score_current,-1.33,Reduces Risk,numeric__placement_mock_interview_score_current,1.318,Increases Risk,numeric__engagement_strength,-1.279,Reduces Risk,numeric__academic_internal_marks_avg_3m,1.004,Increases Risk
S2299,CSE,,9.54,0.0,70.7,64.6,100.0,68.5,88.9,94.9,67.4,2.0,1.0,4.0,3.0,3.29,4.59,79.4,100.0,Green,Reliable,0.374,1,Medium,0.047,0,Low,22.44,Stable,2.83,Stable,22.44,Academic,Low,Yes,No immediate intervention,numeric__placement_coding_score_avg_3m,1.563,Increases Risk,numeric__skills_tech_skills_score_avg_3m,-1.28,Reduces Risk,numeric__academic_cgpa_current,0.799,Increases Risk,numeric__feedback_satisfaction_score_avg_3m,0.768,Increases Risk,numeric__lms_assignment_completion_pct_avg_3m,-0.694,Reduces Risk,numeric__engagement_strength,-1.84,Reduces Risk,numeric__engagement_hackathons_attended_current,1.814,Increases Risk,numeric__engagement_certifications_count_current,0.937,Increases Risk,numeric__academic_internal_marks_avg_3m,-0.853,Reduces Risk,numeric__placement_coding_score_avg_3m,-0.77,Reduces Risk
S2300,CIVIL,,7.94,0.0,93.9,84.2,69.5,65.2,81.0,69.4,62.7,4.0,1.0,1.0,2.0,3.99,3.47,77.84,100.0,Green,Reliable,0.232,0,Low,0.602,1,High,11.16,Improving,36.15,Stable,36.15,Placement,Medium,Yes,Monitor student - 14d,numeric__placement_coding_score_avg_3m,-0.941,Reduces Risk,numeric__academic_warning_score,-0.934,Reduces Risk,numeric__feedback_faculty_rating_avg_3m,0.724,Increases Risk,numeric__attendance_overall_attendance_std_3m,0.691,Increases Risk,numeric__skills_tech_skills_score_avg_3m,0.603,Increases Risk,numeric__attendance_overall_attendance_current,-1.067,Reduces Risk,numeric__engagement_hackathons_attended_current,-1.05,Reduces Risk,numeric__attendance_subject_attendance_current,-0.746,Reduces Risk,numeric__feedback_faculty_rating_current,0.585,Increases Risk,numeric__placement_mock_interview_score_current,0.561,Increases Risk
S2301,CIVIL,,8.05,1.0,92.7,95.2,66.3,89.2,66.2,71.3,86.0,4.0,2.0,2.0,1.0,4.27,3.94,79.23,100.0,Green,Reliable,0.02,0,Low,0.612,1,High,0.98,Improving,36.7,Stable,36.7,Placement,Medium,Yes,Monitor student - 14d,numeric__lms_assignment_completion_pct_avg_3m,1.295,Increases Risk,numeric__placement_aptitude_score_current,1.19,Increases Risk,numeric__placement_coding_score_avg_3m,-1.0,Reduces Risk,numeric__skills_soft_skills_score_avg_3m,0.893,Increases Risk,numeric__feedback_satisfaction_score_avg_3m,-0.832,Reduces Risk,numeric__attendance_overall_attendance_current,-1.305,Reduces Risk,numeric__attendance_overall_attendance_avg_3m,1.228,Increases Risk,numeric__placement_aptitude_score_current,-1.162,Reduces Risk,numeric__attendance_subject_attendance_avg_3m,0.972,Increases Risk,numeric__placement_aptitude_score_slope_3m,0.815,Increases Risk
S2302,MECH,,8.73,0.0,87.6,82.0,81.1,88.5,91.1,80.7,82.6,,,,,4.27,4.29,83.44,80.0,Green,Reliable,0.032,0,Low,0.146,0,Low,1.54,Improving,8.74,Stable,8.74,Placement,Low,No,No immediate intervention,numeric__placement_aptitude_score_current,-0.752,Reduces Risk,numeric__attendance_declining_flag,-0.741,Reduces Risk,numeric__academic_warning_score,-0.535,Reduces Risk,numeric__placement_mock_interview_score_current,-0.503,Reduces Risk,numeric__skills_soft_skills_score_avg_3m,0.487,Increases Risk,numeric__placement_mock_interview_score_current,-0.766,Reduces Risk,numeric__placement_aptitude_score_current,0.734,Increases Risk,numeric__attendance_subject_attendance_current,-0.413,Reduces Risk,numeric__skills_soft_skills_score_std_3m,-0.383,Reduces Risk,numeric__placement_mock_interview_score_std_3m,-0.366,Reduces Risk
S2303,ELECTRONICS & COMM,,6.73,0.0,85.9,79.3,53.8,66.3,66.3,56.4,62.6,2.0,1.0,1.0,0.0,3.76,3.3,67.08,100.0,Amber,Reliable,0.757,1,High,0.838,1,High,36.33,Improving,50.31,Stable,50.31,Placement,Medium,Yes,Monitor student - 14d,numeric__placement_coding_score_avg_3m,-1.979,Reduces Risk,numeric__skills_tech_skills_score_avg_3m,1.45,Increases Risk,numeric__placement_aptitude_score_current,1.182,Increases Risk,numeric__academic_cgpa_current,-1.118,Reduces Risk,numeric__lms_logins_per_week_slope_3m,-0.896,Reduces Risk,numeric__engagement_strength,2.083,Increases Risk,numeric__low_coding_flag,1.487,Increases Risk,numeric__placement_aptitude_score_current,-1.155,Reduces Risk,numeric__academic_internal_marks_avg_3m,1.142,Increases Risk,numeric__engagement_hackathons_attended_current,-1.05,Reduces Risk
S2304,IT,,9.05,1.0,76.6,86.6,89.3,83.5,86.7,81.8,82.4,3.0,1.0,2.0,1.0,3.99,4.77,78.4,100.0,Green,Reliable,0.136,0,Low,0.243,1,Medium,6.54,Improving,14.57,Stable,14.57,Placement,Low,Yes,No immediate intervention,numeric__placement_coding_score_avg_3m,0.929,Increases Risk,numeric__lms_assignment_completion_pct_avg_3m,0.7,Increases Risk,numeric__feedback_faculty_rating_avg_3m,-0.645,Reduces Risk,numeric__attendance_overall_attendance_std_3m,-0.613,Reduces Risk,numeric__academic_cgpa_current,0.465,Increases Risk,numeric__placement_mock_interview_score_current,-0.481,Reduces Risk,numeric__feedback_faculty_rating_current,-0.468,Reduces Risk,numeric__placement_coding_score_avg_3m,-0.458,Reduces Risk,numeric__attendance_overall_attendance_std_3m,0.425,Increases Risk,categorical__department_IT,-0.403,Reduces Risk
S2305,ECE,,8.06,0.0,79.6,77.8,62.1,71.6,81.5,61.6,76.6,2.0,1.0,2.0,2.0,3.99,4.0,75.71,100.0,Green,Reliable,0.395,1,Medium,0.501,1,High,23.72,Stable,30.04,Stable,30.04,Placement,Medium,Yes,Monitor student - 14d,numeric__placement_coding_score_avg_3m,-1.192,Reduces Risk,numeric__skills_tech_skills_score_avg_3m,1.079,Increases Risk,numeric__placement_coding_score_slope_3m,-0.717,Reduces Risk,numeric__academic_warning_score,-0.668,Reduces Risk,numeric__placement_coding_score_current,0.575,Increases Risk,numeric__placement_coding_score_slope_3m,0.66,Increases Risk,numeric__placement_coding_score_avg_3m,0.587,Increases Risk,numeric__skills_tech_skills_score_avg_3m,-0.486,Reduces Risk,numeric__skills_soft_skills_score_std_3m,-0.407,Reduces Risk,numeric__engagement_certifications_count_current,0.392,Increases Risk
S2306,CIVIL,,8.65,1.0,70.2,72.6,75.2,69.8,74.8,73.2,69.3,3.0,1.0,2.0,1.0,3.81,4.57,72.49,100.0,Green,Reliable,0.393,1,Medium,0.218,1,Medium,18.86,Improving,13.05,Stable,18.86,Academic,Low,Yes,No immediate intervention,numeric__placement_coding_score_slope_3m,-0.591,Reduces Risk,numeric__placement_aptitude_score_current,0.519,Increases Risk,numeric__placement_mock_interview_score_avg_3m,0.508,Increases Risk,numeric__lms_assignment_completion_pct_avg_3m,-0.469,Reduces Risk,numeric__skills_soft_skills_score_avg_3m,-0.427,Reduces Risk,numeric__attendance_overall_attendance_current,0.804,Increases Risk,numeric__attendance_overall_attendance_avg_3m,-0.767,Reduces Risk,numeric__academic_internal_marks_slope_3m,-0.556,Reduces Risk,numeric__placement_coding_score_slope_3m,0.545,Increases Risk,numeric__skills_soft_skills_score_std_3m,-0.517,Reduces Risk
S2307,INFORMATION TECH,,8.45,1.0,51.9,58.6,100.0,76.3,87.5,91.4,82.0,2.0,1.0,3.0,1.0,2.96,4.23,67.84,100.0,Amber,Reliable,0.372,1,Medium,0.222,1,Medium,26.82,Declining,13.3,Stable,26.82,Academic,Low,Yes,No immediate intervention,numeric__academic_warning_score,1.723,Increases Risk,numeric__placement_coding_score_avg_3m,1.588,Increases Risk,numeric__lms_assignment_completion_pct_avg_3m,-1.393,Reduces Risk,numeric__skills_tech_skills_score_avg_3m,-1.0,Reduces Risk,numeric__attendance_overall_attendance_std_3m,0.961,Increases Risk,numeric__attendance_overall_attendance_current,3.227,Increases Risk,numeric__attendance_overall_attendance_avg_3m,-1.818,Reduces Risk,numeric__attendance_subject_attendance_current,1.476,Increases Risk,numeric__attendance_subject_attendance_avg_3m,-1.263,Reduces Risk,numeric__critical_attendance_flag,-0.998,Reduces Risk
S2308,IT,,8.42,0.0,70.7,72.4,84.1,67.9,82.1,74.5,60.8,2.0,0.0,3.0,1.0,3.16,4.05,74.63,100.0,Green,Reliable,0.551,1,Medium,0.469,1,Medium,26.47,Improving,28.16,Stable,28.16,Placement,Low,Yes,No immediate intervention,numeric__feedback_satisfaction_score_avg_3m,1.118,Increases Risk,numeric__attendance_declining_flag,-0.741,Reduces Risk,numeric__feedback_satisfaction_score_current,-0.669,Reduces Risk,numeric__skills_soft_skills_score_avg_3m,-0.367,Reduces Risk,numeric__engagement_club_participations_std_3m,-0.339,Reduces Risk,numeric__engagement_hackathons_attended_current,0.859,Increases Risk,numeric__feedback_satisfaction_score_current,0.569,Increases Risk,numeric__skills_soft_skills_score_current,-0.539,Reduces Risk,numeric__attendance_overall_attendance_current,0.512,Increases Risk,numeric__attendance_subject_attendance_current,0.481,Increases Risk
S2309,ECE,,9.77,0.0,66.3,74.7,91.0,73.1,93.6,82.8,78.0,3.0,0.0,2.0,4.0,3.15,4.53,80.49,100.0,Green,Reliable,0.027,0,Low,0.272,1,Medium,1.31,Improving,16.35,Stable,16.35,Placement,Low,Yes,No immediate intervention,numeric__academic_cgpa_current,0.956,Increases Risk,numeric__placement_aptitude_score_current,-0.947,Reduces Risk,numeric__placement_coding_score_avg_3m,0.923,Increases Risk,numeric__attendance_declining_flag,-0.741,Reduces Risk,numeric__feedback_satisfaction_score_current,-0.678,Reduces Risk,numeric__engagement_certifications_count_current,1.482,Increases Risk,numeric__engagement_strength,-1.466,Reduces Risk,numeric__academic_internal_marks_avg_3m,-1.005,Reduces Risk,numeric__attendance_overall_attendance_current,0.988,Increases Risk,numeric__placement_aptitude_score_current,0.924,Increases Risk
S2310,CIVIL,,7.69,0.0,97.9,80.2,59.9,66.4,78.7,58.7,66.0,3.0,2.0,1.0,1.0,3.96,3.91,74.57,100.0,Green,Reliable,0.561,1,Medium,0.473,1,Medium,26.94,Improving,28.39,Stable,28.39,Placement,Low,Yes,No immediate intervention,numeric__placement_coding_score_avg_3m,-1.75,Reduces Risk,numeric__skills_tech_skills_score_avg_3m,1.65,Increases Risk,numeric__academic_warning_score,-0.934,Reduces Risk,numeric__skills_soft_skills_score_avg_3m,-0.89,Reduces Risk,numeric__placement_mock_interview_score_avg_3m,0.8,Increases Risk,numeric__low_coding_flag,1.487,Increases Risk,numeric__engagement_hackathons_attended_current,-1.05,Reduces Risk,numeric__engagement_strength,0.962,Increases Risk,numeric__attendance_subject_attendance_current,-0.958,Reduces Risk,numeric__placement_coding_score_avg_3m,0.862,Increases Risk
S2311,INFORMATION TECH,,7.15,1.0,82.1,77.3,88.3,75.9,77.3,82.1,73.9,5.0,2.0,1.0,1.0,4.73,3.87,72.16,100.0,Green,Reliable,0.158,0,Low,0.266,1,Medium,11.35,Declining,15.95,Stable,15.95,Placement,Low,Yes,No immediate intervention,numeric__feedback_satisfaction_score_avg_3m,-1.162,Reduces Risk,numeric__academic_cgpa_current,-0.831,Reduces Risk,numeric__attendance_declining_flag,-0.741,Reduces Risk,numeric__engagement_events_attended_slope_3m,0.71,Increases Risk,numeric__feedback_satisfaction_score_current,0.682,Increases Risk,numeric__engagement_hackathons_attended_current,-1.05,Reduces Risk,numeric__academic_internal_marks_avg_3m,1.011,Increases Risk,numeric__engagement_events_attended_current,0.689,Increases Risk,numeric__feedback_satisfaction_score_current,-0.578,Reduces Risk,numeric__attendance_overall_attendance_slope_3m,-0.561,Reduces Risk
S2312,CIVIL,,7.4,0.0,94.0,94.8,67.4,81.8,78.1,67.2,71.7,5.0,1.0,1.0,1.0,4.14,4.61,82.62,100.0,Green,Reliable,0.006,0,Low,0.254,1,Medium,0.26,Improving,15.23,Stable,15.23,Placement,Low,Yes,No immediate intervention,numeric__placement_coding_score_avg_3m,-1.393,Reduces Risk,numeric__feedback_satisfaction_score_avg_3m,-1.021,Reduces Risk,numeric__skills_tech_skills_score_avg_3m,0.99,Increases Risk,numeric__lms_assignment_completion_pct_avg_3m,0.963,Increases Risk,numeric__academic_warning_score,-0.934,Reduces Risk,numeric__attendance_overall_attendance_current,-2.138,Reduces Risk,numeric__attendance_overall_attendance_avg_3m,1.463,Increases Risk,numeric__engagement_hackathons_attended_current,-1.05,Reduces Risk,numeric__attendance_subject_attendance_avg_3m,1.031,Increases Risk,numeric__attendance_subject_attendance_current,-0.752,Reduces Risk
S2313,MECH,,8.48,0.0,83.3,86.9,74.6,76.5,80.0,78.4,80.8,,,,,4.59,4.04,82.61,100.0,Green,Reliable,0.329,1,Medium,0.247,1,Medium,23.67,Declining,14.84,Stable,23.67,Academic,Low,Yes,No immediate intervention,numeric__placement_coding_score_avg_3m,-0.944,Reduces Risk,numeric__feedback_satisfaction_score_avg_3m,-0.861,Reduces Risk,numeric__attendance_declining_flag,-0.741,Reduces Risk,numeric__skills_tech_skills_score_avg_3m,0.646,Increases Risk,numeric__feedback_satisfaction_score_current,0.561,Increases Risk,numeric__attendance_overall_attendance_current,-0.786,Reduces Risk,numeric__attendance_overall_attendance_avg_3m,0.685,Increases Risk,numeric__academic_internal_marks_slope_3m,0.562,Increases Risk,numeric__attendance_subject_attendance_avg_3m,0.519,Increases Risk,numeric__feedback_satisfaction_score_current,-0.476,Reduces Risk
S2314,ECE DEPT,,8.17,0.0,91.8,100.0,76.0,81.5,78.0,79.4,82.3,3.0,2.0,1.0,1.0,4.62,4.13,84.46,100.0,Green,Reliable,0.033,0,Low,0.224,1,Medium,1.57,Improving,13.42,Stable,13.42,Placement,Low,Yes,No immediate intervention,numeric__lms_assignment_completion_pct_avg_3m,1.136,Increases Risk,numeric__placement_coding_score_avg_3m,-0.931,Reduces Risk,numeric__skills_tech_skills_score_avg_3m,0.759,Increases Risk,numeric__attendance_declining_flag,-0.741,Reduces Risk,numeric__feedback_satisfaction_score_avg_3m,-0.739,Reduces Risk,numeric__attendance_overall_attendance_current,-1.803,Reduces Risk,numeric__attendance_overall_attendance_avg_3m,1.263,Increases Risk,numeric__engagement_hackathons_attended_current,-1.05,Reduces Risk,numeric__engagement_strength,0.962,Increases Risk,numeric__attendance_subject_attendance_avg_3m,0.907,Increases Risk
S2315,CIVIL,,7.43,1.0,62.3,63.8,70.1,60.5,86.8,70.0,62.7,1.0,0.0,2.0,1.0,3.82,4.03,62.72,100.0,Amber,Reliable,0.155,0,Low,0.67,1,High,11.13,Declining,40.18,Stable,40.18,Placement,Medium,Yes,Monitor student - 14d,numeric__academic_warning_score,1.723,Increases Risk,numeric__lms_assignment_completion_pct_avg_3m,-1.052,Reduces Risk,numeric__skills_tech_skills_score_avg_3m,0.812,Increases Risk,numeric__academic_cgpa_std_3m,-0.785,Reduces Risk,numeric__academic_backlogs_slope_3m,0.781,Increases Risk,numeric__attendance_overall_attendance_current,2.88,Increases Risk,numeric__attendance_overall_attendance_avg_3m,-1.608,Reduces Risk,numeric__engagement_strength,1.335,Increases Risk,numeric__attendance_subject_attendance_avg_3m,-1.16,Reduces Risk,numeric__critical_attendance_flag,-0.998,Reduces Risk
S2316,IT,,9.44,0.0,82.3,76.9,100.0,78.4,94.6,100.0,76.0,2.0,1.0,2.0,1.0,4.34,4.42,82.71,100.0,Green,Reliable,0.355,1,Medium,0.454,1,Medium,21.28,Stable,27.25,Stable,27.25,Placement,Low,Yes,No immediate intervention,numeric__placement_coding_score_avg_3m,1.343,Increases Risk,numeric__placement_aptitude_score_current,-1.025,Reduces Risk,numeric__academic_warning_score,-0.934,Reduces Risk,numeric__skills_tech_skills_score_avg_3m,-0.902,Reduces Risk,numeric__academic_cgpa_current,0.731,Increases Risk,numeric__placement_aptitude_score_current,1.0,Increases Risk,numeric__engagement_strength,0.775,Increases Risk,numeric__placement_coding_score_avg_3m,-0.662,Reduces Risk,numeric__feedback_satisfaction_score_slope_3m,0.536,Increases Risk,numeric__placement_readiness_score,0.482,Increases Risk
S2317,IT,,8.12,0.0,83.6,84.1,76.5,70.0,86.2,74.2,68.8,4.0,1.0,2.0,1.0,3.97,4.28,79.29,100.0,Green,Reliable,0.127,0,Low,0.407,1,Medium,9.17,Declining,24.41,Stable,24.41,Placement,Low,Yes,No immediate intervention,numeric__attendance_declining_flag,-0.741,Reduces Risk,numeric__lms_assignment_completion_pct_avg_3m,0.541,Increases Risk,numeric__cgpa_declining_flag,0.487,Increases Risk,numeric__placement_aptitude_score_current,-0.37,Reduces Risk,numeric__feedback_satisfaction_score_avg_3m,-0.355,Reduces Risk,categorical__department_IT,-0.403,Reduces Risk,numeric__placement_aptitude_score_current,0.361,Increases Risk,numeric__engagement_events_attended_current,0.36,Increases Risk,numeric__engagement_strength,-0.346,Reduces Risk,numeric__attendance_overall_attendance_current,-0.321,Reduces Risk
S2318,CE,,7.84,0.0,63.1,67.2,74.2,62.5,72.4,81.4,64.3,2.0,0.0,1.0,1.0,2.86,3.73,68.24,100.0,Amber,Reliable,0.612,1,High,0.884,1,High,29.37,Improving,53.03,Stable,53.03,Placement,Medium,Yes,Monitor student - 14d,numeric__feedback_satisfaction_score_avg_3m,1.609,Increases Risk,numeric__lms_assignment_completion_pct_avg_3m,-1.267,Reduces Risk,numeric__feedback_satisfaction_score_current,-0.927,Reduces Risk,numeric__placement_coding_score_avg_3m,-0.887,Reduces Risk,numeric__attendance_declining_flag,-0.741,Reduces Risk,numeric__engagement_strength,1.522,Increases Risk,numeric__attendance_overall_attendance_current,1.409,Increases Risk,numeric__engagement_hackathons_attended_current,-1.05,Reduces Risk,numeric__low_lms_flag,0.914,Increases Risk,numeric__attendance_subject_attendance_current,0.883,Increases Risk
S2319,ECE,,8.59,0.0,61.2,59.1,87.3,80.2,96.6,80.7,76.4,3.0,1.0,5.0,1.0,3.98,5.0,74.07,100.0,Green,Reliable,0.562,1,Medium,0.108,0,Low,40.44,Declining,6.46,Stable,40.44,Academic,Medium,Yes,Monitor student - 14d,numeric__academic_warning_score,1.59,Increases Risk,numeric__engagement_hackathons_attended_std_3m,1.292,Increases Risk,numeric__placement_aptitude_score_current,-1.181,Reduces Risk,numeric__engagement_hackathons_attended_current,1.034,Increases Risk,numeric__lms_assignment_completion_pct_avg_3m,-1.004,Reduces Risk,numeric__engagement_hackathons_attended_current,2.768,Increases Risk,numeric__attendance_overall_attendance_current,2.048,Increases Risk,numeric__engagement_strength,-2.027,Reduces Risk,numeric__placement_aptitude_score_current,1.153,Increases Risk,numeric__attendance_overall_attendance_avg_3m,-1.025,Reduces Risk
S2320,CE,,6.86,2.0,60.1,80.5,60.9,70.6,69.8,59.9,75.1,5.0,1.0,1.0,0.0,4.17,4.16,63.05,100.0,Amber,Reliable,0.741,1,High,0.056,0,Low,88.88,Declining,3.38,Stable,88.88,Academic,High,Yes,Advisor review recommended - 7d,numeric__academic_warning_score,1.856,Increases Risk,numeric__placement_coding_score_avg_3m,-1.458,Reduces Risk,numeric__attendance_overall_attendance_std_3m,1.042,Increases Risk,numeric__academic_cgpa_current,-1.029,Reduces Risk,numeric__academic_backlogs_avg_3m,-0.956,Reduces Risk,numeric__attendance_overall_attendance_current,2.156,Increases Risk,numeric__engagement_hackathons_attended_current,-1.05,Reduces Risk,numeric__attendance_subject_attendance_current,1.042,Increases Risk,numeric__critical_attendance_flag,-0.998,Reduces Risk,numeric__academic_internal_marks_avg_3m,0.992,Increases Risk
S2321,MECH,,8.76,1.0,81.3,89.2,85.9,80.9,92.5,82.8,76.6,4.0,2.0,3.0,1.0,,4.07,80.54,100.0,Green,Reliable,0.092,0,Low,0.314,1,Medium,6.64,Declining,18.87,Stable,18.87,Placement,Low,Yes,No immediate intervention,numeric__placement_aptitude_score_current,-0.861,Reduces Risk,numeric__feedback_satisfaction_score_missing,-0.713,Reduces Risk,numeric__engagement_events_attended_slope_3m,0.71,Increases Risk,numeric__placement_aptitude_score_slope_3m,0.589,Increases Risk,numeric__academic_warning_score,-0.535,Reduces Risk,numeric__engagement_strength,-1.093,Reduces Risk,numeric__engagement_hackathons_attended_current,0.859,Increases Risk,numeric__placement_aptitude_score_current,0.84,Increases Risk,numeric__placement_aptitude_score_slope_3m,-0.624,Reduces Risk,numeric__placement_mock_interview_score_std_3m,-0.481,Reduces Risk
S2322,INFO TECH,,8.23,0.0,93.7,98.1,86.5,93.1,89.0,79.1,90.2,4.0,1.0,2.0,1.0,4.44,3.99,84.45,100.0,Green,Reliable,0.248,0,Low,0.19,0,Low,17.84,Declining,11.41,Stable,17.84,Academic,Low,No,No immediate intervention,numeric__skills_soft_skills_score_avg_3m,0.812,Increases Risk,numeric__placement_mock_interview_score_avg_3m,-0.779,Reduces Risk,numeric__lms_assignment_completion_pct_avg_3m,0.764,Increases Risk,numeric__placement_mock_interview_score_current,-0.675,Reduces Risk,categorical__department_INFO TECH,0.662,Increases Risk,numeric__attendance_overall_attendance_current,-1.76,Reduces Risk,numeric__attendance_overall_attendance_avg_3m,1.114,Increases Risk,numeric__placement_mock_interview_score_current,-1.028,Reduces Risk,numeric__attendance_subject_attendance_avg_3m,0.846,Increases Risk,numeric__attendance_subject_attendance_current,-0.736,Reduces Risk
S2323,CIVIL,,9.43,0.0,76.9,68.5,85.4,72.4,76.1,81.5,71.7,2.0,1.0,3.0,3.0,2.8,4.33,77.96,100.0,Green,Reliable,0.466,1,Medium,0.536,1,High,33.52,Declining,32.15,Stable,33.52,Academic,Medium,Yes,Monitor student - 14d,numeric__lms_assignment_completion_pct_avg_3m,-0.99,Reduces Risk,numeric__feedback_satisfaction_score_current,-0.979,Reduces Risk,numeric__feedback_satisfaction_score_avg_3m,0.822,Increases Risk,numeric__academic_cgpa_current,0.724,Increases Risk,numeric__cgpa_declining_flag,0.487,Increases Risk,numeric__engagement_strength,-1.093,Reduces Risk,numeric__engagement_certifications_count_current,0.937,Increases Risk,numeric__low_lms_flag,0.914,Increases Risk,numeric__engagement_hackathons_attended_current,0.859,Increases Risk,numeric__feedback_satisfaction_score_slope_3m,-0.85,Reduces Risk
S2324,CIVIL,,6.87,0.0,100.0,89.5,42.5,60.1,71.7,47.8,57.3,4.0,1.0,3.0,2.0,4.09,3.29,75.72,100.0,Green,Reliable,0.154,0,Low,0.96,1,High,7.41,Improving,57.59,Stable,57.59,Placement,Medium,Yes,Monitor student - 14d,numeric__placement_coding_score_avg_3m,-2.814,Reduces Risk,numeric__skills_tech_skills_score_avg_3m,2.427,Increases Risk,numeric__feedback_faculty_rating_avg_3m,1.208,Increases Risk,numeric__placement_coding_score_current,1.154,Increases Risk,numeric__academic_cgpa_current,-1.022,Reduces Risk,numeric__attendance_overall_attendance_current,-2.041,Reduces Risk,numeric__engagement_strength,-1.653,Reduces Risk,numeric__low_coding_flag,1.487,Increases Risk,numeric__attendance_overall_attendance_avg_3m,1.4,Increases Risk,numeric__placement_coding_score_avg_3m,1.386,Increases Risk
S2325,MECH,,8.13,0.0,74.9,74.7,100.0,90.0,94.3,96.3,92.7,4.0,2.0,3.0,1.0,4.32,4.77,79.99,100.0,Green,Reliable,0.016,0,Low,0.175,0,Low,1.12,Declining,10.51,Stable,10.51,Placement,Low,No,No immediate intervention,numeric__skills_soft_skills_score_avg_3m,1.108,Increases Risk,numeric__placement_coding_score_avg_3m,1.011,Increases Risk,numeric__placement_aptitude_score_current,-1.002,Reduces Risk,numeric__placement_mock_interview_score_avg_3m,-0.822,Reduces Risk,numeric__attendance_declining_flag,-0.741,Reduces Risk,numeric__engagement_strength,-1.093,Reduces Risk,numeric__placement_aptitude_score_current,0.978,Increases Risk,numeric__engagement_hackathons_attended_current,0.859,Increases Risk,numeric__placement_mock_interview_score_current,-0.851,Reduces Risk,numeric__attendance_overall_attendance_current,0.75,Increases Risk
S2326,ECE,,8.53,1.0,79.1,84.2,69.9,79.6,83.4,77.1,72.4,3.0,1.0,2.0,1.0,3.86,4.42,77.54,100.0,Green,Reliable,0.101,0,Low,0.532,1,High,6.07,Stable,31.95,Stable,31.95,Placement,Medium,Yes,Monitor student - 14d,numeric__engagement_hackathons_attended_std_3m,0.676,Increases Risk,numeric__attendance_overall_attendance_std_3m,-0.573,Reduces Risk,numeric__skills_soft_skills_score_avg_3m,-0.558,Reduces Risk,numeric__placement_aptitude_score_slope_3m,0.545,Increases Risk,numeric__placement_coding_score_slope_3m,-0.445,Reduces Risk,numeric__attendance_overall_attendance_current,-0.602,Reduces Risk,numeric__placement_aptitude_score_slope_3m,-0.577,Reduces Risk,numeric__feedback_satisfaction_score_slope_3m,-0.51,Reduces Risk,numeric__attendance_overall_attendance_avg_3m,0.417,Increases Risk,numeric__placement_coding_score_slope_3m,0.411,Increases Risk
S2327,IT,,7.74,1.0,80.4,67.3,89.0,80.3,81.5,88.8,80.8,2.0,1.0,4.0,1.0,3.82,4.33,74.49,100.0,Green,Reliable,0.394,1,Medium,0.299,1,Medium,28.38,Declining,17.95,Stable,28.38,Academic,Low,Yes,No immediate intervention,numeric__skills_tech_skills_score_avg_3m,-0.77,Reduces Risk,numeric__skills_soft_skills_score_avg_3m,0.694,Increases Risk,numeric__engagement_hackathons_attended_current,0.678,Increases Risk,numeric__engagement_hackathons_attended_std_3m,0.676,Increases Risk,numeric__placement_coding_score_avg_3m,0.675,Increases Risk,numeric__engagement_hackathons_attended_current,1.814,Increases Risk,numeric__engagement_strength,-0.719,Reduces Risk,numeric__attendance_overall_attendance_slope_3m,0.569,Increases Risk,numeric__attendance_overall_attendance_avg_3m,-0.442,Reduces Risk,numeric__academic_subject_score_avg_slope_3m,-0.42,Reduces Risk
S2328,ECE,,8.55,1.0,91.4,88.5,86.2,81.8,87.1,83.1,78.8,5.0,1.0,2.0,2.0,4.06,4.76,81.36,100.0,Green,Reliable,0.089,0,Low,0.329,1,Medium,4.26,Improving,19.76,Stable,19.76,Placement,Low,Yes,No immediate intervention,numeric__engagement_events_attended_slope_3m,1.028,Increases Risk,numeric__attendance_declining_flag,-0.741,Reduces Risk,numeric__feedback_faculty_rating_avg_3m,-0.531,Reduces Risk,numeric__engagement_hackathons_attended_std_3m,0.511,Increases Risk,numeric__placement_aptitude_score_current,-0.44,Reduces Risk,numeric__engagement_strength,-1.466,Reduces Risk,numeric__engagement_events_attended_current,0.689,Increases Risk,numeric__attendance_subject_attendance_current,-0.614,Reduces Risk,numeric__attendance_overall_attendance_current,-0.581,Reduces Risk,numeric__feedback_faculty_rating_current,-0.46,Reduces Risk
S2329,CSE,,8.01,0.0,83.9,90.7,92.5,76.9,83.6,87.8,76.2,5.0,2.0,1.0,1.0,4.44,4.25,81.23,100.0,Green,Reliable,0.074,0,Low,0.274,1,Medium,4.43,Stable,16.43,Stable,16.43,Placement,Low,Yes,No immediate intervention,numeric__academic_warning_score,-0.934,Reduces Risk,numeric__lms_assignment_completion_pct_avg_3m,0.71,Increases Risk,numeric__feedback_satisfaction_score_avg_3m,-0.584,Reduces Risk,numeric__skills_tech_skills_score_avg_3m,-0.527,Reduces Risk,numeric__placement_coding_score_avg_3m,0.512,Increases Risk,numeric__engagement_hackathons_attended_current,-1.05,Reduces Risk,numeric__engagement_events_attended_current,0.689,Increases Risk,numeric__lms_logins_per_week_avg_3m,0.479,Increases Risk,numeric__skills_soft_skills_score_std_3m,-0.429,Reduces Risk,categorical__department_CSE,-0.416,Reduces Risk
S2330,IT,,8.76,0.0,70.5,77.4,85.9,76.2,77.8,88.1,73.2,2.0,3.0,1.0,1.0,3.53,4.01,77.37,100.0,Green,Reliable,0.206,0,Low,0.296,1,Medium,9.87,Improving,17.74,Stable,17.74,Placement,Low,Yes,No immediate intervention,numeric__academic_warning_score,-0.934,Reduces Risk,numeric__skills_soft_skills_score_avg_3m,-0.511,Reduces Risk,numeric__feedback_satisfaction_score_avg_3m,0.447,Increases Risk,numeric__engagement_strength,0.444,Increases Risk,numeric__placement_aptitude_score_slope_3m,-0.428,Reduces Risk,numeric__engagement_strength,1.522,Increases Risk,numeric__engagement_hackathons_attended_current,-1.05,Reduces Risk,numeric__engagement_club_participations_current,-0.547,Reduces Risk,numeric__attendance_subject_attendance_current,0.492,Increases Risk,numeric__placement_aptitude_score_slope_3m,0.453,Increases Risk
S2331,CSE,,9.13,1.0,88.5,88.9,100.0,87.8,88.1,92.5,82.5,6.0,2.0,2.0,2.0,4.42,4.61,84.15,100.0,Green,Reliable,0.312,1,Medium,0.03,0,Low,15.0,Improving,1.78,Stable,15.0,Academic,Low,Yes,No immediate intervention,numeric__placement_coding_score_avg_3m,1.331,Increases Risk,numeric__engagement_events_attended_slope_3m,1.028,Increases Risk,numeric__placement_mock_interview_score_avg_3m,-0.997,Reduces Risk,numeric__skills_tech_skills_score_avg_3m,-0.942,Reduces Risk,numeric__skills_soft_skills_score_avg_3m,0.773,Increases Risk,numeric__engagement_strength,-2.027,Reduces Risk,numeric__engagement_events_attended_current,1.019,Increases Risk,numeric__placement_mock_interview_score_avg_3m,-0.822,Reduces Risk,numeric__attendance_overall_attendance_current,-0.743,Reduces Risk,numeric__placement_mock_interview_score_current,-0.726,Reduces Risk
S2332,CSE,,9.51,0.0,94.4,90.8,98.3,88.3,91.4,93.0,78.2,5.0,1.0,2.0,2.0,4.27,4.45,89.36,100.0,Green,Reliable,0.215,0,Low,0.159,0,Low,10.32,Improving,9.56,Stable,10.32,Academic,Low,No,No immediate intervention,numeric__placement_coding_score_avg_3m,1.4,Increases Risk,numeric__skills_tech_skills_score_avg_3m,-1.218,Reduces Risk,numeric__academic_warning_score,-0.934,Reduces Risk,numeric__lms_logins_per_week_slope_3m,0.888,Increases Risk,numeric__skills_soft_skills_score_avg_3m,0.83,Increases Risk,numeric__engagement_strength,-1.466,Reduces Risk,numeric__attendance_overall_attendance_current,-1.176,Reduces Risk,numeric__attendance_subject_attendance_current,-0.773,Reduces Risk,numeric__placement_aptitude_score_current,0.757,Increases Risk,numeric__placement_mock_interview_score_current,-0.754,Reduces Risk
S2333,CIVIL,,8.88,0.0,76.3,82.4,86.3,88.5,89.9,84.8,84.3,2.0,1.0,3.0,1.0,3.94,4.39,79.11,100.0,Green,Reliable,0.116,0,Low,0.441,1,Medium,8.33,Declining,26.44,Stable,26.44,Placement,Low,Yes,No immediate intervention,numeric__attendance_declining_flag,-0.741,Reduces Risk,numeric__placement_aptitude_score_current,-0.659,Reduces Risk,numeric__engagement_events_attended_slope_3m,-0.564,Reduces Risk,numeric__academic_warning_score,0.527,Increases Risk,numeric__placement_mock_interview_score_current,-0.503,Reduces Risk,numeric__attendance_overall_attendance_current,1.074,Increases Risk,numeric__engagement_hackathons_attended_current,0.859,Increases Risk,numeric__placement_mock_interview_score_current,-0.766,Reduces Risk,numeric__attendance_overall_attendance_avg_3m,-0.692,Reduces Risk,numeric__placement_aptitude_score_current,0.642,Increases Risk
S2334,ECE,,7.65,0.0,83.0,69.4,64.6,52.4,71.4,71.5,59.8,2.0,0.0,1.0,0.0,3.28,3.95,68.51,100.0,Amber,Reliable,0.373,1,Medium,0.781,1,High,17.91,Improving,46.88,Stable,46.88,Placement,Medium,Yes,Monitor student - 14d,numeric__placement_coding_score_avg_3m,-1.694,Reduces Risk,numeric__skills_soft_skills_score_avg_3m,-1.438,Reduces Risk,numeric__feedback_satisfaction_score_avg_3m,1.361,Increases Risk,numeric__placement_mock_interview_score_avg_3m,1.339,Increases Risk,numeric__lms_assignment_completion_pct_avg_3m,-1.158,Reduces Risk,numeric__engagement_strength,2.083,Increases Risk,numeric__placement_mock_interview_score_current,1.289,Increases Risk,numeric__placement_mock_interview_score_avg_3m,1.104,Increases Risk,numeric__engagement_hackathons_attended_current,-1.05,Reduces Risk,numeric__placement_coding_score_avg_3m,0.835,Increases Risk
S2335,CSE,,9.18,1.0,75.4,77.9,99.0,79.9,86.2,93.0,77.6,3.0,1.0,3.0,1.0,4.14,4.4,79.87,100.0,Green,Reliable,0.223,0,Low,0.083,0,Low,10.7,Improving,4.96,Stable,10.7,Academic,Low,No,No immediate intervention,numeric__placement_coding_score_avg_3m,1.651,Increases Risk,numeric__skills_tech_skills_score_avg_3m,-1.206,Reduces Risk,numeric__attendance_declining_flag,-0.741,Reduces Risk,numeric__attendance_overall_attendance_std_3m,0.696,Increases Risk,numeric__academic_cgpa_current,0.553,Increases Risk,numeric__engagement_hackathons_attended_current,0.859,Increases Risk,numeric__placement_coding_score_avg_3m,-0.813,Reduces Risk,numeric__placement_mock_interview_score_std_3m,-0.761,Reduces Risk,numeric__skills_soft_skills_score_std_3m,0.638,Increases Risk,numeric__attendance_overall_attendance_current,0.598,Increases Risk
S2336,ECE,,7.94,0.0,79.4,82.9,66.8,88.2,72.1,69.1,87.7,4.0,2.0,2.0,1.0,4.48,3.97,78.11,100.0,Green,Reliable,0.842,1,High,0.066,0,Low,50.51,Stable,3.97,Stable,50.51,Academic,Medium,Yes,Monitor student - 14d,numeric__attendance_overall_attendance_std_3m,1.48,Increases Risk,numeric__placement_coding_score_avg_3m,-1.051,Reduces Risk,numeric__skills_tech_skills_score_avg_3m,0.907,Increases Risk,numeric__attendance_declining_flag,-0.741,Reduces Risk,numeric__placement_aptitude_score_current,0.73,Increases Risk,numeric__attendance_overall_attendance_std_3m,-1.026,Reduces Risk,numeric__placement_mock_interview_score_current,-0.749,Reduces Risk,numeric__placement_aptitude_score_current,-0.713,Reduces Risk,numeric__placement_mock_interview_score_std_3m,-0.677,Reduces Risk,numeric__skills_soft_skills_score_std_3m,0.52,Increases Risk
S2337,MECH,,6.92,1.0,76.5,85.3,63.7,76.4,73.9,70.6,83.1,5.0,1.0,2.0,1.0,4.61,3.78,72.46,100.0,Green,Reliable,0.596,1,Medium,0.443,1,Medium,42.91,Declining,26.59,Stable,42.91,Academic,Medium,Yes,Monitor student - 14d,numeric__placement_coding_score_avg_3m,-1.844,Reduces Risk,numeric__skills_tech_skills_score_avg_3m,1.091,Increases Risk,numeric__academic_cgpa_current,-0.988,Reduces Risk,numeric__feedback_faculty_rating_avg_3m,0.741,Increases Risk,numeric__feedback_satisfaction_score_avg_3m,-0.715,Reduces Risk,numeric__academic_internal_marks_avg_3m,1.013,Increases Risk,numeric__placement_coding_score_avg_3m,0.909,Increases Risk,numeric__engagement_strength,-0.906,Reduces Risk,numeric__engagement_events_attended_current,0.689,Increases Risk,numeric__placement_aptitude_score_current,-0.576,Reduces Risk
S2338,MECH,,6.43,2.0,80.6,78.1,52.9,55.5,51.0,57.6,57.6,2.0,3.0,1.0,1.0,4.11,3.42,64.4,100.0,Amber,Reliable,0.446,1,Medium,0.309,1,Medium,35.68,Improving,18.56,Stable,35.68,Academic,Medium,Yes,Academic mentoring - Faculty - 7d,numeric__placement_coding_score_avg_3m,-3.272,Reduces Risk,numeric__skills_tech_skills_score_avg_3m,2.504,Increases Risk,numeric__placement_aptitude_score_current,2.376,Increases Risk,numeric__academic_cgpa_current,-1.323,Reduces Risk,numeric__skills_soft_skills_score_avg_3m,-1.244,Reduces Risk,numeric__placement_aptitude_score_current,-2.32,Reduces Risk,numeric__low_aptitude_flag,-1.906,Reduces Risk,numeric__placement_coding_score_avg_3m,1.612,Increases Risk,numeric__engagement_strength,1.522,Increases Risk,numeric__low_coding_flag,1.487,Increases Risk
S2339,ELECTRONICS & COMM,,9.52,0.0,78.0,70.1,87.8,86.3,89.8,84.8,87.9,2.0,1.0,2.0,1.0,3.43,4.78,80.44,100.0,Green,Reliable,0.258,0,Low,0.372,1,Medium,15.49,Stable,22.33,Stable,22.33,Placement,Low,Yes,No immediate intervention,numeric__skills_tech_skills_score_avg_3m,-0.957,Reduces Risk,numeric__academic_warning_score,-0.934,Reduces Risk,numeric__feedback_satisfaction_score_avg_3m,0.793,Increases Risk,numeric__academic_cgpa_current,0.785,Increases Risk,numeric__lms_logins_per_week_slope_3m,0.761,Increases Risk,numeric__engagement_strength,0.775,Increases Risk,numeric__placement_mock_interview_score_current,-0.64,Reduces Risk,numeric__placement_aptitude_score_current,0.635,Increases Risk,numeric__feedback_faculty_rating_current,-0.476,Reduces Risk,numeric__academic_cgpa_avg_3m,-0.475,Reduces Risk
S2340,MECH,,9.45,0.0,73.1,71.3,88.4,65.8,88.4,92.1,68.4,1.0,2.0,3.0,2.0,3.36,4.3,76.74,100.0,Green,Reliable,0.32,1,Medium,0.709,1,High,23.07,Declining,42.52,Stable,42.52,Placement,Medium,Yes,Monitor student - 14d,numeric__placement_coding_score_avg_3m,1.255,Increases Risk,numeric__skills_tech_skills_score_avg_3m,-1.071,Reduces Risk,numeric__feedback_satisfaction_score_avg_3m,0.934,Increases Risk,numeric__academic_cgpa_current,0.738,Increases Risk,numeric__placement_aptitude_score_std_3m,-0.733,Reduces Risk,numeric__academic_internal_marks_avg_3m,-0.991,Reduces Risk,numeric__low_lms_flag,0.914,Increases Risk,numeric__engagement_hackathons_attended_current,0.859,Increases Risk,numeric__placement_aptitude_score_slope_3m,-0.649,Reduces Risk,numeric__engagement_events_attended_current,-0.63,Reduces Risk
S2341,ECE,,6.81,1.0,60.2,61.7,71.0,65.8,75.8,69.7,73.9,5.0,1.0,1.0,1.0,3.43,3.73,63.21,100.0,Amber,Reliable,0.885,1,High,0.299,1,Medium,63.69,Declining,17.93,Stable,63.69,Academic,High,Yes,Advisor review recommended - 7d,numeric__academic_warning_score,2.254,Increases Risk,numeric__lms_assignment_completion_pct_avg_3m,-1.265,Reduces Risk,numeric__academic_cgpa_current,-1.063,Reduces Risk,numeric__engagement_events_attended_slope_3m,1.028,Increases Risk,numeric__placement_coding_score_avg_3m,-0.837,Reduces Risk,numeric__attendance_overall_attendance_current,2.048,Increases Risk,numeric__attendance_overall_attendance_avg_3m,-1.381,Reduces Risk,numeric__attendance_subject_attendance_avg_3m,-1.064,Reduces Risk,numeric__engagement_hackathons_attended_current,-1.05,Reduces Risk,numeric__attendance_subject_attendance_current,1.037,Increases Risk
S2342,IT,,9.25,3.0,80.6,78.1,98.6,73.9,86.9,87.7,70.1,4.0,1.0,4.0,1.0,3.77,4.89,75.59,100.0,Green,Reliable,0.245,0,Low,0.09,0,Low,29.41,Declining,5.39,Stable,29.41,Academic,Low,No,No immediate intervention,numeric__placement_coding_score_avg_3m,1.657,Increases Risk,numeric__academic_backlogs_avg_3m,-1.576,Reduces Risk,numeric__skills_tech_skills_score_avg_3m,-1.261,Reduces Risk,numeric__attendance_declining_flag,-0.741,Reduces Risk,numeric__engagement_hackathons_attended_current,0.678,Increases Risk,numeric__engagement_strength,-1.84,Reduces Risk,numeric__engagement_hackathons_attended_current,1.814,Increases Risk,numeric__feedback_satisfaction_score_slope_3m,-0.981,Reduces Risk,numeric__placement_coding_score_avg_3m,-0.816,Reduces Risk,numeric__academic_backlogs_avg_3m,0.611,Increases Risk
S2343,CIVIL,,6.46,1.0,99.6,100.0,63.3,68.2,63.5,56.9,65.3,3.0,1.0,1.0,0.0,4.67,3.98,71.96,100.0,Green,Reliable,0.188,0,Low,0.25,1,Medium,15.05,Stable,14.99,Stable,15.05,Academic,Low,Yes,Academic mentoring - Faculty - 7d,numeric__skills_tech_skills_score_avg_3m,2.0,Increases Risk,numeric__placement_coding_score_avg_3m,-1.86,Reduces Risk,numeric__placement_aptitude_score_current,1.401,Increases Risk,numeric__academic_cgpa_current,-1.302,Reduces Risk,numeric__lms_assignment_completion_pct_avg_3m,0.949,Increases Risk,numeric__engagement_strength,1.522,Increases Risk,numeric__placement_aptitude_score_current,-1.368,Reduces Risk,numeric__attendance_overall_attendance_current,-1.219,Reduces Risk,numeric__academic_internal_marks_avg_3m,1.193,Increases Risk,numeric__attendance_overall_attendance_avg_3m,1.112,Increases Risk
S2344,CSE,,9.54,0.0,91.4,80.2,82.7,79.5,79.1,82.3,80.5,3.0,3.0,2.0,1.0,4.04,4.64,84.32,100.0,Green,Reliable,0.346,1,Medium,0.024,0,Low,20.79,Stable,1.42,Stable,20.79,Academic,Low,Yes,No immediate intervention,numeric__academic_warning_score,-0.934,Reduces Risk,numeric__academic_cgpa_current,0.799,Increases Risk,numeric__skills_soft_skills_score_avg_3m,0.752,Increases Risk,numeric__skills_tech_skills_score_avg_3m,-0.715,Reduces Risk,numeric__placement_coding_score_avg_3m,0.643,Increases Risk,numeric__attendance_overall_attendance_current,-0.948,Reduces Risk,numeric__academic_internal_marks_avg_3m,-0.855,Reduces Risk,numeric__attendance_subject_attendance_current,-0.614,Reduces Risk,numeric__engagement_club_participations_current,-0.547,Reduces Risk,numeric__attendance_overall_attendance_avg_3m,0.516,Increases Risk
S2345,MECH,,9.2,1.0,88.4,82.6,76.3,77.4,85.2,80.5,85.6,4.0,3.0,2.0,1.0,3.91,4.2,82.82,100.0,Green,Reliable,0.102,0,Low,0.327,1,Medium,7.33,Declining,19.6,Stable,19.6,Placement,Low,Yes,No immediate intervention,numeric__lms_assignment_completion_pct_avg_3m,0.631,Increases Risk,numeric__academic_cgpa_current,0.567,Increases Risk,numeric__engagement_hackathons_attended_std_3m,-0.556,Reduces Risk,numeric__skills_soft_skills_score_avg_3m,0.519,Increases Risk,numeric__attendance_overall_attendance_avg_3m,-0.351,Reduces Risk,numeric__attendance_overall_attendance_current,-1.533,Reduces Risk,numeric__attendance_overall_attendance_avg_3m,0.965,Increases Risk,numeric__attendance_subject_attendance_avg_3m,0.696,Increases Risk,numeric__academic_internal_marks_avg_3m,-0.63,Reduces Risk,numeric__engagement_club_participations_current,-0.547,Reduces Risk
S2346,ECE,,5.89,0.0,90.2,79.7,49.8,56.6,54.2,56.1,57.1,3.0,1.0,0.0,0.0,3.64,3.01,66.36,100.0,Amber,Reliable,0.193,0,Low,0.481,1,Medium,15.46,Stable,28.84,Stable,28.84,Placement,Low,Yes,Academic mentoring - Faculty - 7d,numeric__placement_coding_score_avg_3m,-3.014,Reduces Risk,numeric__skills_tech_skills_score_avg_3m,2.273,Increases Risk,numeric__placement_aptitude_score_current,2.126,Increases Risk,numeric__academic_cgpa_current,-1.691,Reduces Risk,numeric__feedback_faculty_rating_avg_3m,1.225,Increases Risk,numeric__engagement_strength,2.269,Increases Risk,numeric__placement_aptitude_score_current,-2.076,Reduces Risk,numeric__engagement_hackathons_attended_current,-2.005,Reduces Risk,numeric__low_aptitude_flag,-1.906,Reduces Risk,numeric__academic_internal_marks_avg_3m,1.743,Increases Risk
S2347,CIVIL,,9.29,0.0,72.4,82.1,85.9,84.4,91.4,82.9,76.6,5.0,2.0,2.0,1.0,3.64,4.44,79.17,100.0,Green,Reliable,0.154,0,Low,0.152,0,Low,9.27,Stable,9.13,Stable,9.27,Academic,Low,No,No immediate intervention,numeric__placement_aptitude_score_current,-0.776,Reduces Risk,numeric__attendance_declining_flag,-0.741,Reduces Risk,numeric__skills_soft_skills_score_avg_3m,0.629,Increases Risk,numeric__academic_cgpa_current,0.629,Increases Risk,numeric__engagement_hackathons_attended_std_3m,-0.556,Reduces Risk,numeric__attendance_overall_attendance_current,1.323,Increases Risk,numeric__engagement_strength,-0.906,Reduces Risk,numeric__attendance_overall_attendance_avg_3m,-0.764,Reduces Risk,numeric__placement_aptitude_score_current,0.757,Increases Risk,numeric__academic_internal_marks_avg_3m,-0.724,Reduces Risk
S2348,IT,,7.47,0.0,87.7,82.0,77.0,63.8,69.5,75.2,62.4,2.0,1.0,1.0,2.0,3.67,3.98,73.28,100.0,Green,Reliable,0.114,0,Low,0.525,1,High,6.81,Stable,31.51,Stable,31.51,Placement,Medium,Yes,Monitor student - 14d,numeric__placement_aptitude_score_current,0.933,Increases Risk,numeric__skills_soft_skills_score_avg_3m,-0.707,Reduces Risk,numeric__academic_warning_score,-0.668,Reduces Risk,numeric__placement_mock_interview_score_avg_3m,0.662,Increases Risk,numeric__academic_cgpa_current,-0.613,Reduces Risk,numeric__engagement_hackathons_attended_current,-1.05,Reduces Risk,numeric__engagement_strength,0.962,Increases Risk,numeric__placement_aptitude_score_current,-0.911,Reduces Risk,numeric__placement_mock_interview_score_current,0.64,Increases Risk,numeric__placement_mock_interview_score_avg_3m,0.546,Increases Risk
S2349,ME,,7.54,0.0,94.2,72.9,56.7,48.6,74.3,56.4,53.3,,,,,3.35,3.47,72.64,100.0,Green,Reliable,0.296,0,Low,0.874,1,High,17.75,Stable,52.43,Stable,52.43,Placement,Medium,Yes,Monitor student - 14d,numeric__placement_coding_score_avg_3m,-1.869,Reduces Risk,numeric__skills_tech_skills_score_avg_3m,1.684,Increases Risk,numeric__placement_mock_interview_score_avg_3m,1.164,Increases Risk,numeric__skills_soft_skills_score_avg_3m,-1.034,Reduces Risk,numeric__placement_mock_interview_score_current,0.989,Increases Risk,numeric__placement_mock_interview_score_current,1.505,Increases Risk,numeric__low_coding_flag,1.487,Increases Risk,numeric__attendance_overall_attendance_current,-1.078,Reduces Risk,numeric__placement_mock_interview_score_avg_3m,0.959,Increases Risk,numeric__placement_coding_score_avg_3m,0.921,Increases Risk
S2350,MECH,,9.63,0.0,73.4,85.1,92.2,84.1,90.8,87.8,83.5,3.0,1.0,2.0,1.0,4.04,4.45,83.91,100.0,Green,Reliable,0.21,0,Low,0.251,1,Medium,10.08,Improving,15.04,Stable,15.04,Placement,Low,Yes,No immediate intervention,numeric__placement_coding_score_avg_3m,0.985,Increases Risk,numeric__academic_warning_score,-0.934,Reduces Risk,numeric__academic_cgpa_current,0.86,Increases Risk,numeric__placement_mock_interview_score_avg_3m,-0.816,Reduces Risk,numeric__skills_soft_skills_score_avg_3m,0.757,Increases Risk,numeric__placement_aptitude_score_current,0.711,Increases Risk,numeric__academic_internal_marks_avg_3m,-0.681,Reduces Risk,numeric__placement_mock_interview_score_avg_3m,-0.673,Reduces Risk,numeric__placement_mock_interview_score_current,-0.515,Reduces Risk,numeric__academic_cgpa_avg_3m,-0.49,Reduces Risk
S2351,CSE,,8.08,0.0,75.9,74.4,71.0,50.1,68.6,66.2,52.9,1.0,0.0,2.0,0.0,3.57,4.33,68.91,100.0,Amber,Reliable,0.548,1,Medium,0.176,0,Low,26.3,Improving,10.53,Stable,26.3,Academic,Low,Yes,No immediate intervention,numeric__placement_aptitude_score_current,1.003,Increases Risk,numeric__placement_mock_interview_score_current,0.933,Increases Risk,numeric__placement_mock_interview_score_avg_3m,0.808,Increases Risk,numeric__skills_soft_skills_score_avg_3m,-0.796,Reduces Risk,numeric__attendance_declining_flag,-0.741,Reduces Risk,numeric__engagement_strength,1.896,Increases Risk,numeric__placement_mock_interview_score_current,1.42,Increases Risk,numeric__attendance_overall_attendance_current,1.074,Increases Risk,numeric__placement_aptitude_score_current,-0.979,Reduces Risk,numeric__skills_soft_skills_score_current,-0.834,Reduces Risk
S2352,IT DEPT,,9.12,0.0,99.8,90.6,92.6,83.4,85.6,86.7,87.5,6.0,2.0,2.0,1.0,4.72,4.8,86.92,100.0,Green,Reliable,0.049,0,Low,0.115,0,Low,2.92,Stable,6.91,Stable,6.91,Placement,Low,No,No immediate intervention,numeric__lms_assignment_completion_pct_avg_3m,1.193,Increases Risk,numeric__placement_coding_score_avg_3m,1.067,Increases Risk,numeric__feedback_satisfaction_score_avg_3m,-1.031,Reduces Risk,numeric__skills_tech_skills_score_avg_3m,-0.966,Reduces Risk,numeric__skills_soft_skills_score_avg_3m,0.807,Increases Risk,numeric__engagement_strength,-1.466,Reduces Risk,numeric__attendance_subject_attendance_current,-1.059,Reduces Risk,numeric__engagement_events_attended_current,1.019,Increases Risk,numeric__attendance_overall_attendance_current,-0.981,Reduces Risk,numeric__attendance_subject_attendance_avg_3m,0.865,Increases Risk
S2353,CIVIL,,7.57,1.0,82.0,77.0,79.1,71.8,76.6,77.6,74.3,2.0,2.0,2.0,2.0,4.28,3.79,72.09,100.0,Green,Reliable,0.466,1,Medium,0.64,1,High,33.57,Declining,38.39,Stable,38.39,Placement,Medium,Yes,Monitor student - 14d,numeric__academic_warning_score,0.926,Increases Risk,numeric__academic_backlogs_slope_3m,0.781,Increases Risk,numeric__skills_tech_skills_score_avg_3m,0.753,Increases Risk,numeric__attendance_declining_flag,-0.741,Reduces Risk,numeric__placement_coding_score_avg_3m,-0.69,Reduces Risk,numeric__attendance_overall_attendance_current,0.879,Increases Risk,numeric__low_attendance_flag,-0.492,Reduces Risk,numeric__feedback_satisfaction_score_slope_3m,0.431,Increases Risk,numeric__engagement_certifications_count_current,0.392,Increases Risk,numeric__attendance_overall_attendance_avg_3m,-0.371,Reduces Risk
S2354,CSE,,8.99,0.0,94.7,98.1,95.2,90.6,83.0,86.3,84.0,3.0,4.0,2.0,2.0,3.95,4.63,87.69,100.0,Green,Reliable,0.122,0,Low,0.022,0,Low,5.85,Improving,1.34,Stable,5.85,Academic,Low,No,No immediate intervention,numeric__placement_coding_score_avg_3m,1.331,Increases Risk,numeric__lms_assignment_completion_pct_avg_3m,1.207,Increases Risk,numeric__skills_tech_skills_score_avg_3m,-0.917,Reduces Risk,numeric__feedback_satisfaction_score_avg_3m,-0.866,Reduces Risk,numeric__skills_soft_skills_score_avg_3m,0.828,Increases Risk,numeric__attendance_overall_attendance_current,-2.073,Reduces Risk,numeric__attendance_overall_attendance_avg_3m,1.21,Increases Risk,numeric__attendance_subject_attendance_avg_3m,0.944,Increases Risk,numeric__placement_mock_interview_score_current,-0.885,Reduces Risk,numeric__engagement_club_participations_current,-0.871,Reduces Risk
S2355,IT,,8.56,1.0,97.6,99.5,92.6,76.5,79.1,92.1,80.8,4.0,3.0,2.0,1.0,4.76,4.46,84.56,100.0,Green,Reliable,0.354,1,Medium,0.059,0,Low,16.99,Improving,3.56,Stable,16.99,Academic,Low,Yes,No immediate intervention,numeric__feedback_satisfaction_score_avg_3m,-1.118,Reduces Risk,numeric__placement_coding_score_avg_3m,1.114,Increases Risk,numeric__lms_assignment_completion_pct_avg_3m,1.068,Increases Risk,numeric__skills_tech_skills_score_avg_3m,-0.896,Reduces Risk,numeric__skills_soft_skills_score_avg_3m,0.833,Increases Risk,numeric__attendance_overall_attendance_current,-1.835,Reduces Risk,numeric__attendance_overall_attendance_avg_3m,1.23,Increases Risk,numeric__attendance_subject_attendance_avg_3m,1.009,Increases Risk,numeric__attendance_subject_attendance_current,-0.942,Reduces Risk,numeric__lms_logins_per_week_avg_3m,0.802,Increases Risk
S2356,CIVIL,,9.77,0.0,60.1,68.8,88.8,65.7,84.8,86.7,63.1,5.0,1.0,4.0,1.0,,4.58,77.14,100.0,Green,Reliable,0.84,1,High,0.054,0,Low,40.33,Improving,3.26,Stable,40.33,Academic,Medium,Yes,Monitor student - 14d,numeric__feedback_satisfaction_score_avg_3m,1.179,Increases Risk,numeric__engagement_hackathons_attended_std_3m,1.074,Increases Risk,numeric__lms_assignment_completion_pct_avg_3m,-0.993,Reduces Risk,numeric__academic_cgpa_current,0.956,Increases Risk,numeric__feedback_satisfaction_score_missing,-0.713,Reduces Risk,numeric__engagement_strength,-2.4,Reduces Risk,numeric__attendance_overall_attendance_current,2.394,Increases Risk,numeric__attendance_overall_attendance_avg_3m,-1.833,Reduces Risk,numeric__engagement_hackathons_attended_current,1.814,Increases Risk,numeric__attendance_subject_attendance_avg_3m,-1.335,Reduces Risk
S2357,CIVIL,,8.31,1.0,89.5,77.0,79.7,74.5,77.9,73.5,85.6,4.0,2.0,2.0,1.0,4.54,4.11,76.77,100.0,Green,Reliable,0.156,0,Low,0.056,0,Low,11.25,Declining,3.34,Stable,11.25,Academic,Low,No,No immediate intervention,numeric__academic_backlogs_slope_3m,0.781,Increases Risk,numeric__attendance_declining_flag,-0.741,Reduces Risk,numeric__skills_soft_skills_score_avg_3m,0.715,Increases Risk,numeric__placement_mock_interview_score_avg_3m,-0.641,Reduces Risk,numeric__placement_coding_score_slope_3m,0.639,Increases Risk,numeric__placement_mock_interview_score_std_3m,-0.994,Reduces Risk,numeric__placement_coding_score_slope_3m,-0.589,Reduces Risk,numeric__placement_mock_interview_score_avg_3m,-0.528,Reduces Risk,numeric__attendance_subject_attendance_current,-0.514,Reduces Risk,numeric__placement_aptitude_score_slope_3m,0.449,Increases Risk
S2358,ECE,,8.43,0.0,100.0,78.8,82.3,76.8,80.3,82.3,73.8,3.0,1.0,2.0,1.0,3.66,4.55,81.67,100.0,Green,Reliable,0.169,0,Low,0.094,0,Low,12.14,Declining,5.65,Stable,12.14,Academic,Low,No,No immediate intervention,numeric__academic_warning_score,-0.934,Reduces Risk,numeric__lms_logins_per_week_slope_3m,0.761,Increases Risk,numeric__engagement_events_attended_slope_3m,0.392,Increases Risk,numeric__attendance_overall_attendance_std_3m,-0.385,Reduces Risk,categorical__department_ECE,0.346,Increases Risk,numeric__attendance_overall_attendance_current,-1.186,Reduces Risk,numeric__attendance_subject_attendance_current,-1.069,Reduces Risk,numeric__attendance_subject_attendance_avg_3m,0.946,Increases Risk,numeric__attendance_overall_attendance_avg_3m,0.816,Increases Risk,numeric__skills_soft_skills_score_std_3m,-0.622,Reduces Risk
S2359,ECE,,7.2,1.0,77.7,78.9,48.8,58.6,59.3,54.8,66.6,4.0,2.0,0.0,0.0,3.98,3.14,65.96,100.0,Amber,Reliable,0.94,1,High,0.319,1,Medium,45.1,Improving,19.13,Stable,45.1,Academic,Medium,Yes,Monitor student - 14d,numeric__placement_coding_score_avg_3m,-2.716,Reduces Risk,numeric__skills_tech_skills_score_avg_3m,2.108,Increases Risk,numeric__placement_aptitude_score_current,1.728,Increases Risk,numeric__engagement_hackathons_attended_std_3m,1.578,Increases Risk,numeric__feedback_faculty_rating_avg_3m,1.151,Increases Risk,numeric__engagement_hackathons_attended_current,-2.005,Reduces Risk,numeric__low_aptitude_flag,-1.906,Reduces Risk,numeric__engagement_strength,1.709,Increases Risk,numeric__placement_aptitude_score_current,-1.688,Reduces Risk,numeric__low_coding_flag,1.487,Increases Risk
S2360,IT,,8.35,0.0,86.1,78.1,89.1,69.8,72.4,90.5,74.2,3.0,1.0,6.0,1.0,3.98,3.81,80.1,100.0,Green,Reliable,0.913,1,High,0.584,1,High,43.8,Improving,35.02,Stable,43.8,Academic,Medium,Yes,Monitor student - 14d,numeric__engagement_hackathons_attended_std_3m,2.524,Increases Risk,numeric__engagement_hackathons_attended_current,1.391,Increases Risk,numeric__engagement_strength,-0.808,Reduces Risk,numeric__skills_tech_skills_score_avg_3m,-0.755,Reduces Risk,numeric__attendance_declining_flag,-0.741,Reduces Risk,numeric__engagement_hackathons_attended_current,3.723,Increases Risk,numeric__engagement_strength,-2.774,Reduces Risk,numeric__engagement_hackathons_attended_std_3m,0.949,Increases Risk,numeric__placement_aptitude_score_current,-0.69,Reduces Risk,numeric__skills_soft_skills_score_std_3m,0.463,Increases Risk
S2361,CIVIL,,7.79,1.0,81.5,83.9,70.4,67.8,79.9,73.7,66.2,4.0,1.0,4.0,1.0,4.28,4.43,75.27,100.0,Green,Reliable,0.593,1,Medium,0.826,1,High,42.67,Declining,49.53,Stable,49.53,Placement,Medium,Yes,Monitor student - 14d,numeric__attendance_declining_flag,-0.741,Reduces Risk,numeric__lms_assignment_completion_pct_avg_3m,0.733,Increases Risk,numeric__engagement_hackathons_attended_current,0.678,Increases Risk,numeric__engagement_hackathons_attended_std_3m,0.676,Increases Risk,numeric__academic_warning_score,0.66,Increases Risk,numeric__engagement_strength,-1.84,Reduces Risk,numeric__engagement_hackathons_attended_current,1.814,Increases Risk,numeric__skills_soft_skills_score_std_3m,0.589,Increases Risk,numeric__academic_internal_marks_avg_3m,0.544,Increases Risk,numeric__placement_mock_interview_score_std_3m,-0.502,Reduces Risk
S2362,ECE,,6.54,0.0,95.5,84.6,63.2,80.4,63.6,60.7,75.7,4.0,2.0,1.0,0.0,4.61,3.51,76.51,100.0,Green,Reliable,0.14,0,Low,0.116,0,Low,10.12,Declining,6.94,Stable,10.12,Academic,Low,No,No immediate intervention,numeric__placement_coding_score_avg_3m,-2.202,Reduces Risk,numeric__skills_tech_skills_score_avg_3m,1.668,Increases Risk,numeric__placement_aptitude_score_current,1.393,Increases Risk,numeric__academic_cgpa_current,-1.248,Reduces Risk,numeric__feedback_satisfaction_score_avg_3m,-1.089,Reduces Risk,numeric__attendance_overall_attendance_current,-1.587,Reduces Risk,numeric__placement_aptitude_score_current,-1.36,Reduces Risk,numeric__academic_internal_marks_avg_3m,1.322,Increases Risk,numeric__placement_coding_score_avg_3m,1.085,Increases Risk,numeric__engagement_hackathons_attended_current,-1.05,Reduces Risk
S2363,IT,,9.51,0.0,100.0,100.0,91.4,89.1,80.9,82.2,80.5,5.0,1.0,2.0,1.0,,3.95,88.57,100.0,Green,Reliable,0.181,0,Low,0.139,0,Low,13.03,Declining,8.36,Stable,13.03,Academic,Low,No,No immediate intervention,numeric__feedback_satisfaction_score_avg_3m,-1.461,Reduces Risk,numeric__lms_assignment_completion_pct_avg_3m,1.392,Increases Risk,numeric__placement_coding_score_avg_3m,1.155,Increases Risk,numeric__skills_tech_skills_score_avg_3m,-0.816,Reduces Risk,numeric__academic_cgpa_current,0.779,Increases Risk,numeric__attendance_overall_attendance_current,-2.095,Reduces Risk,numeric__attendance_overall_attendance_avg_3m,1.344,Increases Risk,numeric__attendance_subject_attendance_avg_3m,1.096,Increases Risk,numeric__attendance_subject_attendance_current,-1.069,Reduces Risk,numeric__engagement_strength,-0.906,Reduces Risk
S2364,CSE,,8.24,1.0,93.3,89.1,74.5,80.5,78.6,74.5,78.7,4.0,1.0,2.0,1.0,3.9,4.06,79.36,100.0,Green,Reliable,0.172,0,Low,0.12,0,Low,10.31,Stable,7.22,Stable,10.31,Academic,Low,No,No immediate intervention,numeric__lms_assignment_completion_pct_avg_3m,0.904,Increases Risk,numeric__engagement_hackathons_attended_std_3m,-0.556,Reduces Risk,numeric__feedback_satisfaction_score_avg_3m,-0.418,Reduces Risk,numeric__engagement_events_attended_slope_3m,0.392,Increases Risk,numeric__feedback_faculty_rating_avg_3m,0.367,Increases Risk,numeric__attendance_overall_attendance_current,-1.533,Reduces Risk,numeric__attendance_overall_attendance_avg_3m,0.995,Increases Risk,numeric__attendance_subject_attendance_avg_3m,0.773,Increases Risk,numeric__attendance_subject_attendance_current,-0.715,Reduces Risk,numeric__academic_internal_marks_slope_3m,-0.629,Reduces Risk
S2365,MECH,,9.38,1.0,74.6,76.2,73.1,71.3,91.7,80.9,71.3,2.0,2.0,3.0,1.0,4.07,4.2,79.72,100.0,Green,Reliable,0.318,1,Medium,0.517,1,High,15.29,Improving,31.02,Stable,31.02,Placement,Medium,Yes,Monitor student - 14d,numeric__placement_coding_score_avg_3m,-0.891,Reduces Risk,numeric__placement_aptitude_score_current,-0.799,Reduces Risk,numeric__academic_cgpa_current,0.69,Increases Risk,numeric__lms_logins_per_week_slope_3m,0.633,Increases Risk,numeric__academic_warning_score,-0.535,Reduces Risk,numeric__engagement_hackathons_attended_current,0.859,Increases Risk,numeric__placement_aptitude_score_current,0.78,Increases Risk,numeric__academic_internal_marks_avg_3m,-0.6,Reduces Risk,numeric__attendance_subject_attendance_avg_3m,-0.47,Reduces Risk,numeric__placement_coding_score_avg_3m,0.439,Increases Risk
S2366,CIVIL,,7.76,0.0,80.3,63.5,73.9,64.4,62.1,71.8,71.7,3.0,1.0,1.0,2.0,4.36,4.09,72.19,100.0,Green,Reliable,0.658,1,High,0.395,1,Medium,47.4,Declining,23.71,Stable,47.4,Academic,Medium,Yes,Monitor student - 14d,numeric__placement_aptitude_score_current,1.51,Increases Risk,numeric__placement_coding_score_avg_3m,-0.894,Reduces Risk,numeric__skills_tech_skills_score_avg_3m,0.799,Increases Risk,numeric__attendance_declining_flag,-0.741,Reduces Risk,numeric__skills_soft_skills_score_avg_3m,-0.602,Reduces Risk,numeric__placement_aptitude_score_current,-1.474,Reduces Risk,numeric__engagement_hackathons_attended_current,-1.05,Reduces Risk,numeric__placement_mock_interview_score_current,0.606,Increases Risk,numeric__placement_aptitude_score_slope_3m,0.547,Increases Risk,numeric__academic_internal_marks_avg_3m,0.502,Increases Risk
S2367,CIVIL ENGINEERING,,8.86,0.0,72.7,82.0,78.5,62.7,79.8,79.2,70.0,4.0,2.0,4.0,1.0,3.76,4.07,76.84,100.0,Green,Reliable,0.658,1,High,0.234,1,Medium,31.56,Improving,14.05,Stable,31.56,Academic,Medium,Yes,Monitor student - 14d,numeric__engagement_events_attended_slope_3m,0.71,Increases Risk,numeric__skills_tech_skills_score_avg_3m,0.698,Increases Risk,numeric__engagement_hackathons_attended_current,0.678,Increases Risk,numeric__placement_coding_score_avg_3m,-0.583,Reduces Risk,categorical__department_CIVIL ENGINEERING,-0.58,Reduces Risk,numeric__engagement_strength,-1.84,Reduces Risk,numeric__engagement_hackathons_attended_current,1.814,Increases Risk,numeric__attendance_overall_attendance_current,0.988,Increases Risk,numeric__placement_mock_interview_score_current,0.703,Increases Risk,numeric__attendance_overall_attendance_avg_3m,-0.674,Reduces Risk
S2368,CIVIL,,8.66,0.0,86.6,76.0,99.8,85.3,94.9,95.4,85.0,4.0,3.0,3.0,1.0,4.24,4.89,81.28,100.0,Green,Reliable,0.085,0,Low,0.234,1,Medium,6.1,Declining,14.06,Stable,14.06,Placement,Low,Yes,No immediate intervention,numeric__placement_coding_score_avg_3m,1.061,Increases Risk,numeric__placement_aptitude_score_current,-1.049,Reduces Risk,numeric__skills_tech_skills_score_avg_3m,-0.914,Reduces Risk,numeric__skills_soft_skills_score_avg_3m,0.828,Increases Risk,numeric__feedback_faculty_rating_avg_3m,-0.736,Reduces Risk,numeric__engagement_strength,-1.093,Reduces Risk,numeric__placement_aptitude_score_current,1.023,Increases Risk,numeric__engagement_hackathons_attended_current,0.859,Increases Risk,numeric__placement_mock_interview_score_current,-0.584,Reduces Risk,numeric__feedback_faculty_rating_current,-0.565,Reduces Risk
S2369,IT,,5.3,2.0,58.4,69.4,56.3,47.2,61.7,59.8,49.9,3.0,2.0,0.0,0.0,4.11,3.25,53.54,100.0,Amber,Reliable,0.532,1,Medium,0.774,1,High,63.86,Declining,46.45,Stable,63.86,Academic,High,Yes,Academic mentoring - Faculty - 7d,numeric__academic_cgpa_current,-2.094,Reduces Risk,numeric__placement_coding_score_avg_3m,-1.869,Reduces Risk,numeric__skills_soft_skills_score_avg_3m,-1.7,Reduces Risk,numeric__academic_warning_score,1.59,Increases Risk,numeric__skills_tech_skills_score_avg_3m,1.543,Increases Risk,numeric__engagement_strength,2.269,Increases Risk,numeric__attendance_overall_attendance_current,2.242,Increases Risk,numeric__engagement_hackathons_attended_current,-2.005,Reduces Risk,numeric__academic_internal_marks_avg_3m,1.756,Increases Risk,numeric__placement_mock_interview_score_current,1.585,Increases Risk
S2370,COMP SCI,,8.25,0.0,72.1,82.5,85.1,72.6,77.8,82.6,66.7,3.0,1.0,4.0,1.0,3.77,3.6,75.63,100.0,Green,Reliable,0.606,1,High,0.487,1,Medium,36.35,Stable,29.22,Stable,36.35,Academic,Medium,Yes,Monitor student - 14d,numeric__attendance_declining_flag,-0.741,Reduces Risk,numeric__engagement_hackathons_attended_current,0.678,Increases Risk,numeric__engagement_hackathons_attended_std_3m,0.676,Increases Risk,numeric__placement_coding_score_avg_3m,0.505,Increases Risk,numeric__low_attendance_flag,-0.423,Reduces Risk,numeric__engagement_hackathons_attended_current,1.814,Increases Risk,numeric__engagement_strength,-1.279,Reduces Risk,numeric__attendance_overall_attendance_current,1.009,Increases Risk,numeric__attendance_overall_attendance_avg_3m,-0.581,Reduces Risk,numeric__low_attendance_flag,-0.492,Reduces Risk
S2371,IT,,8.16,0.0,76.0,66.6,79.5,80.5,82.9,76.5,79.4,2.0,0.0,4.0,1.0,3.6,4.33,75.84,100.0,Green,Reliable,0.343,1,Medium,0.575,1,High,16.45,Improving,34.51,Stable,34.51,Placement,Medium,Yes,Monitor student - 14d,numeric__engagement_hackathons_attended_current,0.678,Increases Risk,numeric__academic_warning_score,-0.668,Reduces Risk,numeric__lms_assignment_completion_pct_avg_3m,-0.642,Reduces Risk,numeric__feedback_satisfaction_score_avg_3m,0.598,Increases Risk,numeric__placement_coding_score_slope_3m,-0.537,Reduces Risk,numeric__engagement_hackathons_attended_current,1.814,Increases Risk,numeric__engagement_strength,-0.719,Reduces Risk,numeric__placement_coding_score_slope_3m,0.495,Increases Risk,numeric__placement_mock_interview_score_std_3m,-0.458,Reduces Risk,numeric__attendance_overall_attendance_current,0.458,Increases Risk
S2372,MECH,,8.7,0.0,82.9,88.9,79.4,84.8,,82.2,82.2,4.0,1.0,2.0,1.0,4.46,4.53,84.06,100.0,Green,Reliable,0.134,0,Low,0.103,0,Low,8.06,Stable,6.18,Stable,8.06,Academic,Low,No,No immediate intervention,numeric__academic_warning_score,-0.934,Reduces Risk,numeric__skills_soft_skills_score_avg_3m,0.579,Increases Risk,numeric__engagement_hackathons_attended_std_3m,-0.556,Reduces Risk,numeric__feedback_satisfaction_score_avg_3m,-0.516,Reduces Risk,numeric__placement_coding_score_avg_3m,-0.502,Reduces Risk,numeric__attendance_overall_attendance_current,-0.938,Reduces Risk,numeric__placement_aptitude_score_missing,-0.831,Reduces Risk,numeric__attendance_overall_attendance_avg_3m,0.748,Increases Risk,numeric__placement_mock_interview_score_current,-0.555,Reduces Risk,numeric__academic_subject_score_avg_slope_3m,-0.412,Reduces Risk
S2373,CSE,,7.83,1.0,86.5,86.1,84.7,70.9,71.4,78.9,71.0,4.0,1.0,2.0,2.0,3.82,4.31,78.42,100.0,Green,Reliable,0.077,0,Low,0.293,1,Medium,4.61,Stable,17.57,Stable,17.57,Placement,Low,Yes,No immediate intervention,numeric__placement_aptitude_score_current,0.785,Increases Risk,numeric__attendance_overall_attendance_std_3m,-0.639,Reduces Risk,numeric__academic_warning_score,-0.535,Reduces Risk,numeric__lms_assignment_completion_pct_avg_3m,0.409,Increases Risk,numeric__engagement_events_attended_slope_3m,0.392,Increases Risk,numeric__engagement_strength,-0.906,Reduces Risk,numeric__attendance_overall_attendance_current,-0.884,Reduces Risk,numeric__placement_aptitude_score_current,-0.766,Reduces Risk,numeric__attendance_overall_attendance_avg_3m,0.612,Increases Risk,numeric__attendance_overall_attendance_std_3m,0.443,Increases Risk
S2374,CSE,,7.43,0.0,65.3,81.2,78.1,78.3,72.4,76.8,80.3,4.0,1.0,2.0,1.0,4.29,4.02,74.18,100.0,Green,Reliable,0.492,1,Medium,0.117,0,Low,35.39,Declining,7.04,Stable,35.39,Academic,Medium,Yes,Monitor student - 14d,numeric__feedback_satisfaction_score_avg_3m,-0.856,Reduces Risk,numeric__academic_warning_score,0.793,Increases Risk,numeric__attendance_declining_flag,-0.741,Reduces Risk,numeric__attendance_overall_attendance_std_3m,0.714,Increases Risk,numeric__placement_aptitude_score_current,0.707,Increases Risk,numeric__attendance_subject_attendance_current,0.767,Increases Risk,numeric__attendance_overall_attendance_current,0.696,Increases Risk,numeric__placement_aptitude_score_current,-0.69,Reduces Risk,numeric__attendance_overall_attendance_std_3m,-0.495,Reduces Risk,numeric__low_attendance_flag,-0.492,Reduces Risk
S2375,ECE,,7.39,2.0,100.0,94.9,59.7,74.0,73.4,62.8,67.7,3.0,2.0,2.0,1.0,4.53,3.51,76.36,100.0,Green,Reliable,0.357,1,Medium,0.94,1,High,35.68,Stable,56.43,Stable,56.43,Placement,Medium,Yes,Monitor student - 14d,numeric__placement_coding_score_avg_3m,-1.75,Reduces Risk,numeric__skills_tech_skills_score_avg_3m,1.463,Increases Risk,numeric__lms_assignment_completion_pct_avg_3m,1.288,Increases Risk,numeric__feedback_satisfaction_score_avg_3m,-1.245,Reduces Risk,numeric__academic_backlogs_avg_3m,-0.956,Reduces Risk,numeric__attendance_overall_attendance_current,-2.171,Reduces Risk,numeric__low_coding_flag,1.487,Increases Risk,numeric__attendance_overall_attendance_avg_3m,1.349,Increases Risk,numeric__attendance_subject_attendance_avg_3m,1.179,Increases Risk,numeric__attendance_subject_attendance_current,-1.069,Reduces Risk
S2376,CSE,,7.42,0.0,70.7,81.4,73.5,63.6,76.0,74.7,71.1,2.0,1.0,2.0,1.0,3.43,3.74,72.69,100.0,Green,Reliable,0.3,1,Medium,0.761,1,High,14.42,Improving,45.64,Stable,45.64,Placement,Medium,Yes,Monitor student - 14d,numeric__placement_mock_interview_score_avg_3m,0.818,Increases Risk,numeric__attendance_declining_flag,-0.741,Reduces Risk,numeric__academic_cgpa_current,-0.647,Reduces Risk,numeric__engagement_events_attended_slope_3m,-0.564,Reduces Risk,numeric__feedback_satisfaction_score_avg_3m,0.525,Increases Risk,numeric__academic_internal_marks_avg_3m,0.801,Increases Risk,numeric__engagement_strength,0.775,Increases Risk,numeric__placement_mock_interview_score_avg_3m,0.674,Increases Risk,numeric__placement_mock_interview_score_current,0.652,Increases Risk,numeric__attendance_overall_attendance_current,0.587,Increases Risk
S2377,MECH,,8.38,1.0,77.1,77.5,72.0,65.1,83.1,69.8,68.0,2.0,2.0,1.0,2.0,4.02,3.42,71.1,100.0,Green,Reliable,0.929,1,High,0.453,1,Medium,66.88,Declining,27.2,Stable,66.88,Academic,High,Yes,Advisor review recommended - 7d,numeric__skills_tech_skills_score_avg_3m,1.509,Increases Risk,numeric__placement_coding_score_avg_3m,-1.182,Reduces Risk,numeric__placement_mock_interview_score_avg_3m,0.816,Increases Risk,numeric__academic_warning_score,0.793,Increases Risk,numeric__skills_soft_skills_score_avg_3m,-0.655,Reduces Risk,numeric__engagement_hackathons_attended_current,-1.05,Reduces Risk,numeric__engagement_strength,0.962,Increases Risk,numeric__attendance_overall_attendance_current,0.782,Increases Risk,numeric__feedback_satisfaction_score_slope_3m,0.754,Increases Risk,numeric__skills_tech_skills_score_avg_3m,-0.68,Reduces Risk
S2378,CSE,,8.56,0.0,57.8,58.4,89.9,61.3,79.6,85.1,55.0,1.0,0.0,2.0,1.0,2.96,4.31,68.76,100.0,Amber,Reliable,0.086,0,Low,0.285,1,Medium,5.15,Stable,17.12,Stable,17.12,Placement,Low,Yes,No immediate intervention,numeric__lms_assignment_completion_pct_avg_3m,-1.697,Reduces Risk,numeric__skills_soft_skills_score_avg_3m,-1.653,Reduces Risk,numeric__feedback_satisfaction_score_avg_3m,1.182,Increases Risk,numeric__academic_warning_score,1.059,Increases Risk,numeric__placement_mock_interview_score_avg_3m,1.041,Increases Risk,numeric__attendance_overall_attendance_current,2.242,Increases Risk,numeric__attendance_overall_attendance_avg_3m,-1.467,Reduces Risk,numeric__engagement_strength,1.335,Increases Risk,numeric__attendance_subject_attendance_current,1.164,Increases Risk,numeric__attendance_subject_attendance_avg_3m,-1.071,Reduces Risk
S2379,CIVIL,,9.03,0.0,88.9,88.7,81.1,87.2,93.9,80.8,83.5,3.0,2.0,2.0,1.0,4.41,4.66,81.95,100.0,Green,Reliable,0.06,0,Low,0.277,1,Medium,3.57,Stable,16.64,Stable,16.64,Placement,Low,Yes,No immediate intervention,numeric__placement_aptitude_score_current,-0.971,Reduces Risk,numeric__lms_assignment_completion_pct_avg_3m,0.771,Increases Risk,numeric__attendance_declining_flag,-0.741,Reduces Risk,numeric__placement_coding_score_avg_3m,0.524,Increases Risk,numeric__lms_logins_per_week_slope_3m,-0.514,Reduces Risk,numeric__placement_aptitude_score_current,0.947,Increases Risk,numeric__feedback_satisfaction_score_slope_3m,0.728,Increases Risk,numeric__placement_mock_interview_score_current,-0.692,Reduces Risk,numeric__academic_subject_score_avg_slope_3m,-0.553,Reduces Risk,numeric__attendance_subject_attendance_current,-0.482,Reduces Risk
S2380,ECE,,7.27,1.0,75.1,71.7,72.5,57.5,72.7,69.3,65.5,4.0,0.0,1.0,1.0,3.45,3.65,66.25,100.0,Amber,Reliable,0.215,0,Low,0.674,1,High,10.3,Improving,40.47,Stable,40.47,Placement,Medium,Yes,Monitor student - 14d,numeric__placement_coding_score_avg_3m,-1.069,Reduces Risk,numeric__engagement_events_attended_slope_3m,1.028,Increases Risk,numeric__skills_tech_skills_score_avg_3m,0.879,Increases Risk,numeric__placement_mock_interview_score_avg_3m,0.825,Increases Risk,numeric__skills_soft_skills_score_avg_3m,-0.791,Reduces Risk,numeric__engagement_hackathons_attended_current,-1.05,Reduces Risk,numeric__placement_mock_interview_score_current,0.999,Increases Risk,numeric__low_lms_flag,0.914,Increases Risk,numeric__placement_mock_interview_score_avg_3m,0.681,Increases Risk,numeric__placement_aptitude_score_current,-0.667,Reduces Risk
S2381,IT,,8.8,1.0,87.8,82.5,88.7,85.3,86.7,82.5,86.0,6.0,1.0,2.0,1.0,4.34,4.31,85.17,100.0,Green,Reliable,0.056,0,Low,0.038,0,Low,2.71,Improving,2.25,Stable,2.71,Academic,Low,No,No immediate intervention,numeric__lms_logins_per_week_missing,-1.54,Reduces Risk,numeric__engagement_events_attended_slope_3m,1.028,Increases Risk,numeric__feedback_satisfaction_score_avg_3m,-0.783,Reduces Risk,numeric__lms_assignment_completion_pct_avg_3m,0.752,Increases Risk,numeric__placement_coding_score_avg_3m,0.75,Increases Risk,numeric__engagement_strength,-1.466,Reduces Risk,numeric__engagement_events_attended_current,1.019,Increases Risk,numeric__attendance_overall_attendance_current,-0.981,Reduces Risk,numeric__attendance_overall_attendance_avg_3m,0.793,Increases Risk,numeric__skills_soft_skills_score_std_3m,0.768,Increases Risk
S2382,IT,,8.15,1.0,78.0,77.1,83.6,70.1,78.9,81.8,74.6,3.0,2.0,1.0,2.0,3.47,4.07,72.94,100.0,Green,Reliable,0.358,1,Medium,0.363,1,Medium,17.18,Improving,21.77,Stable,21.77,Placement,Low,Yes,No immediate intervention,numeric__feedback_satisfaction_score_avg_3m,0.632,Increases Risk,numeric__engagement_hackathons_attended_std_3m,-0.556,Reduces Risk,numeric__skills_soft_skills_score_avg_3m,-0.524,Reduces Risk,numeric__lms_logins_per_week_slope_3m,-0.514,Reduces Risk,numeric__placement_mock_interview_score_avg_3m,0.487,Increases Risk,numeric__engagement_hackathons_attended_current,-1.05,Reduces Risk,categorical__department_IT,-0.403,Reduces Risk,numeric__placement_mock_interview_score_avg_3m,0.402,Increases Risk,numeric__engagement_strength,0.402,Increases Risk,numeric__engagement_certifications_count_current,0.392,Increases Risk
S2383,ECE,,6.44,0.0,91.7,87.7,68.2,70.6,57.3,72.1,74.6,6.0,2.0,2.0,1.0,4.3,3.5,76.93,100.0,Green,Reliable,0.279,0,Low,0.188,0,Low,17.88,Improving,11.27,Stable,17.88,Academic,Low,No,Academic mentoring - Faculty - 7d,numeric__placement_aptitude_score_current,1.884,Increases Risk,numeric__placement_coding_score_avg_3m,-1.879,Reduces Risk,numeric__skills_tech_skills_score_avg_3m,1.481,Increases Risk,numeric__academic_cgpa_current,-1.316,Reduces Risk,numeric__engagement_events_attended_slope_3m,1.028,Increases Risk,numeric__low_aptitude_flag,-1.906,Reduces Risk,numeric__placement_aptitude_score_current,-1.84,Reduces Risk,numeric__engagement_strength,-1.466,Reduces Risk,numeric__academic_internal_marks_avg_3m,1.22,Increases Risk,numeric__attendance_overall_attendance_current,-1.078,Reduces Risk
S2384,COMP SCI,,7.48,0.0,76.5,76.2,96.7,90.2,78.8,89.0,83.4,2.0,2.0,2.0,1.0,,,75.76,95.0,Green,Reliable,0.17,0,Low,0.063,0,Low,12.24,Declining,3.79,Stable,12.24,Academic,Low,No,No immediate intervention,numeric__placement_coding_score_avg_3m,1.262,Increases Risk,numeric__skills_tech_skills_score_avg_3m,-0.804,Reduces Risk,numeric__academic_cgpa_current,-0.606,Reduces Risk,numeric__placement_mock_interview_score_current,-0.566,Reduces Risk,numeric__engagement_events_attended_slope_3m,-0.564,Reduces Risk,numeric__placement_mock_interview_score_current,-0.862,Reduces Risk,numeric__engagement_strength,0.775,Increases Risk,numeric__placement_coding_score_avg_3m,-0.622,Reduces Risk,numeric__academic_internal_marks_avg_3m,0.475,Increases Risk,numeric__placement_mock_interview_score_std_3m,-0.446,Reduces Risk
S2385,IT,,6.3,1.0,55.4,68.9,82.4,59.2,70.4,81.3,58.0,2.0,1.0,1.0,1.0,3.81,3.37,59.26,100.0,Amber,Reliable,0.473,1,Medium,0.378,1,Medium,45.39,Declining,22.68,Stable,45.39,Academic,Medium,Yes,Academic mentoring - Faculty - 7d,numeric__academic_warning_score,2.254,Increases Risk,numeric__academic_cgpa_current,-1.411,Reduces Risk,numeric__lms_assignment_completion_pct_avg_3m,-1.061,Reduces Risk,numeric__placement_aptitude_score_current,0.863,Increases Risk,numeric__skills_soft_skills_score_avg_3m,-0.854,Reduces Risk,numeric__attendance_overall_attendance_current,3.205,Increases Risk,numeric__attendance_overall_attendance_avg_3m,-2.081,Reduces Risk,numeric__engagement_strength,1.522,Increases Risk,numeric__attendance_subject_attendance_avg_3m,-1.499,Reduces Risk,numeric__attendance_subject_attendance_current,1.291,Increases Risk
S2386,MECH,,9.87,1.0,80.9,93.5,90.2,90.5,90.3,88.8,85.6,3.0,1.0,4.0,2.0,,4.44,85.88,100.0,Green,Reliable,0.068,0,Low,0.424,1,Medium,4.08,Stable,25.43,Stable,25.43,Placement,Low,Yes,No immediate intervention,numeric__skills_soft_skills_score_avg_3m,1.126,Increases Risk,numeric__feedback_satisfaction_score_avg_3m,-1.046,Reduces Risk,numeric__academic_cgpa_current,1.024,Increases Risk,numeric__engagement_events_attended_slope_3m,-0.882,Reduces Risk,numeric__lms_assignment_completion_pct_avg_3m,0.876,Increases Risk,numeric__engagement_strength,-1.84,Reduces Risk,numeric__engagement_hackathons_attended_current,1.814,Increases Risk,numeric__academic_internal_marks_avg_3m,-1.155,Reduces Risk,numeric__placement_mock_interview_score_current,-0.88,Reduces Risk,numeric__placement_mock_interview_score_avg_3m,-0.713,Reduces Risk
S2387,CSE,,8.03,0.0,79.8,82.8,84.0,63.5,71.3,84.5,70.3,5.0,1.0,2.0,1.0,4.35,3.18,77.0,100.0,Green,Reliable,0.961,1,High,0.275,1,Medium,69.22,Declining,16.52,Stable,69.22,Academic,High,Yes,Advisor review recommended - 7d,numeric__placement_aptitude_score_current,0.792,Increases Risk,numeric__feedback_faculty_rating_avg_3m,0.773,Increases Risk,numeric__engagement_events_attended_slope_3m,0.71,Increases Risk,numeric__feedback_faculty_rating_current,0.662,Increases Risk,numeric__skills_soft_skills_score_avg_3m,-0.539,Reduces Risk,numeric__engagement_strength,-0.906,Reduces Risk,numeric__feedback_faculty_rating_current,0.819,Increases Risk,numeric__placement_aptitude_score_current,-0.774,Reduces Risk,numeric__engagement_events_attended_current,0.689,Increases Risk,numeric__placement_mock_interview_score_current,0.657,Increases Risk
S2388,CSE,,8.27,0.0,79.8,81.2,86.5,84.8,70.6,83.9,78.6,,,,,,,81.63,95.0,Green,Reliable,0.096,0,Low,0.053,0,Low,5.74,Stable,3.16,Stable,5.74,Academic,Low,No,No immediate intervention,numeric__placement_aptitude_score_current,0.847,Increases Risk,numeric__attendance_declining_flag,-0.741,Reduces Risk,numeric__placement_coding_score_avg_3m,0.549,Increases Risk,numeric__academic_warning_score,-0.535,Reduces Risk,numeric__skills_tech_skills_score_avg_3m,-0.404,Reduces Risk,numeric__placement_aptitude_score_current,-0.827,Reduces Risk,numeric__attendance_overall_attendance_current,-0.678,Reduces Risk,numeric__attendance_overall_attendance_avg_3m,0.607,Increases Risk,numeric__placement_mock_interview_score_current,-0.555,Reduces Risk,numeric__academic_internal_marks_slope_3m,-0.444,Reduces Risk
S2389,MECH,,8.02,1.0,59.0,78.2,68.7,60.9,74.8,69.5,64.9,1.0,0.0,1.0,1.0,3.3,4.16,67.03,100.0,Amber,Reliable,0.698,1,High,0.31,1,Medium,41.9,Stable,18.58,Stable,41.9,Academic,Medium,Yes,Monitor student - 14d,numeric__placement_coding_score_avg_3m,-1.107,Reduces Risk,numeric__skills_tech_skills_score_avg_3m,0.962,Increases Risk,numeric__feedback_satisfaction_score_avg_3m,0.943,Increases Risk,numeric__skills_soft_skills_score_avg_3m,-0.938,Reduces Risk,numeric__attendance_overall_attendance_std_3m,0.89,Increases Risk,numeric__engagement_strength,2.083,Increases Risk,numeric__attendance_overall_attendance_current,1.939,Increases Risk,numeric__attendance_subject_attendance_current,1.1,Increases Risk,numeric__engagement_hackathons_attended_current,-1.05,Reduces Risk,numeric__critical_attendance_flag,-0.998,Reduces Risk
S2390,IT,,8.85,1.0,74.0,68.8,100.0,83.2,92.6,96.1,83.3,4.0,1.0,3.0,2.0,4.17,4.53,77.17,80.0,Green,Reliable,0.396,1,Medium,0.036,0,Low,28.5,Declining,2.16,Stable,28.5,Academic,Low,Yes,No immediate intervention,numeric__placement_coding_score_avg_3m,1.566,Increases Risk,numeric__skills_tech_skills_score_avg_3m,-1.224,Reduces Risk,numeric__academic_warning_score,1.059,Increases Risk,numeric__placement_aptitude_score_current,-0.869,Reduces Risk,numeric__academic_backlogs_slope_3m,0.781,Increases Risk,numeric__engagement_strength,-1.653,Reduces Risk,numeric__low_lms_flag,0.914,Increases Risk,numeric__engagement_hackathons_attended_current,0.859,Increases Risk,numeric__attendance_overall_attendance_avg_3m,-0.851,Reduces Risk,numeric__placement_aptitude_score_current,0.848,Increases Risk
S2391,IT,,10.0,0.0,85.9,77.8,96.2,78.3,84.9,93.2,72.5,1.0,0.0,2.0,1.0,3.37,4.31,80.9,100.0,Green,Reliable,0.317,1,Medium,0.404,1,Medium,15.24,Improving,24.27,Stable,24.27,Placement,Low,Yes,No immediate intervention,numeric__feedback_satisfaction_score_avg_3m,1.152,Increases Risk,numeric__academic_cgpa_current,1.113,Increases Risk,numeric__academic_warning_score,-0.934,Reduces Risk,numeric__placement_coding_score_avg_3m,0.882,Increases Risk,numeric__skills_tech_skills_score_avg_3m,-0.721,Reduces Risk,numeric__engagement_strength,1.335,Increases Risk,numeric__academic_internal_marks_avg_3m,-0.95,Reduces Risk,numeric__engagement_events_attended_current,-0.63,Reduces Risk,numeric__academic_cgpa_avg_3m,-0.629,Reduces Risk,numeric__academic_cgpa_current,-0.611,Reduces Risk
S2392,CSE,,9.24,0.0,81.8,88.5,95.0,90.0,86.2,81.5,82.9,2.0,2.0,3.0,1.0,3.94,4.88,84.61,100.0,Green,Reliable,0.248,0,Low,0.092,0,Low,17.86,Declining,5.54,Stable,17.86,Academic,Low,No,No immediate intervention,numeric__placement_coding_score_avg_3m,1.563,Increases Risk,numeric__skills_tech_skills_score_avg_3m,-1.191,Reduces Risk,numeric__skills_soft_skills_score_avg_3m,0.807,Increases Risk,numeric__placement_mock_interview_score_avg_3m,-0.726,Reduces Risk,numeric__feedback_faculty_rating_avg_3m,-0.604,Reduces Risk,numeric__engagement_hackathons_attended_current,0.859,Increases Risk,numeric__placement_mock_interview_score_current,-0.851,Reduces Risk,numeric__placement_coding_score_avg_3m,-0.77,Reduces Risk,numeric__attendance_overall_attendance_current,-0.613,Reduces Risk,numeric__placement_mock_interview_score_avg_3m,-0.599,Reduces Risk
S2393,ELECTRONICS & COMM,,7.35,2.0,62.2,78.8,69.2,87.0,83.1,66.7,83.0,4.0,2.0,3.0,4.0,4.16,4.07,68.22,100.0,Amber,Reliable,0.122,0,Low,0.208,1,Medium,14.65,Declining,12.48,Stable,14.65,Academic,Low,Yes,No immediate intervention,numeric__academic_warning_score,1.59,Increases Risk,numeric__placement_coding_score_avg_3m,-1.123,Reduces Risk,numeric__skills_tech_skills_score_avg_3m,0.953,Increases Risk,numeric__lms_logins_per_week_slope_3m,-0.896,Reduces Risk,numeric__engagement_strength,-0.808,Reduces Risk,numeric__engagement_strength,-2.774,Reduces Risk,numeric__attendance_overall_attendance_current,1.55,Increases Risk,numeric__engagement_certifications_count_current,1.482,Increases Risk,numeric__attendance_subject_attendance_current,0.931,Increases Risk,numeric__low_lms_flag,0.914,Increases Risk
S2394,MECHANICAL ENGINEERING,,8.41,1.0,84.2,96.2,77.6,82.0,87.3,76.6,74.5,4.0,1.0,1.0,1.0,4.51,4.82,80.63,100.0,Green,Reliable,0.021,0,Low,0.246,1,Medium,0.99,Improving,14.74,Stable,14.74,Placement,Low,Yes,No immediate intervention,numeric__lms_assignment_completion_pct_avg_3m,1.316,Increases Risk,numeric__feedback_satisfaction_score_avg_3m,-0.973,Reduces Risk,numeric__placement_coding_score_avg_3m,-0.709,Reduces Risk,numeric__skills_tech_skills_score_avg_3m,0.652,Increases Risk,numeric__placement_aptitude_score_slope_3m,0.637,Increases Risk,numeric__engagement_hackathons_attended_current,-1.05,Reduces Risk,numeric__placement_aptitude_score_slope_3m,-0.675,Reduces Risk,numeric__feedback_faculty_rating_current,-0.508,Reduces Risk,numeric__lms_assignment_completion_pct_current,0.499,Increases Risk,numeric__lms_assignment_completion_pct_avg_3m,-0.475,Reduces Risk
S2395,MECH,,9.31,0.0,71.9,80.8,80.2,79.1,91.1,82.7,75.3,3.0,1.0,4.0,2.0,3.86,4.57,80.31,100.0,Green,Reliable,0.163,0,Low,0.275,1,Medium,7.81,Improving,16.48,Stable,16.48,Placement,Low,Yes,No immediate intervention,numeric__placement_aptitude_score_current,-0.752,Reduces Risk,numeric__attendance_declining_flag,-0.741,Reduces Risk,numeric__placement_coding_score_avg_3m,-0.68,Reduces Risk,numeric__engagement_hackathons_attended_current,0.678,Increases Risk,numeric__engagement_hackathons_attended_std_3m,0.676,Increases Risk,numeric__engagement_strength,-1.84,Reduces Risk,numeric__engagement_hackathons_attended_current,1.814,Increases Risk,numeric__attendance_overall_attendance_current,0.836,Increases Risk,numeric__placement_aptitude_score_current,0.734,Increases Risk,numeric__feedback_satisfaction_score_slope_3m,0.675,Increases Risk
S2396,CSE,,8.71,0.0,87.7,78.4,92.9,86.9,81.1,94.7,82.1,3.0,2.0,2.0,1.0,4.1,4.24,82.5,100.0,Green,Reliable,0.103,0,Low,0.221,1,Medium,4.96,Improving,13.25,Stable,13.25,Placement,Low,Yes,No immediate intervention,numeric__academic_warning_score,-0.934,Reduces Risk,numeric__engagement_hackathons_attended_std_3m,0.676,Increases Risk,numeric__feedback_satisfaction_score_avg_3m,-0.671,Reduces Risk,numeric__placement_coding_score_avg_3m,0.59,Increases Risk,numeric__skills_tech_skills_score_avg_3m,-0.53,Reduces Risk,numeric__attendance_overall_attendance_current,-0.743,Reduces Risk,numeric__placement_mock_interview_score_current,-0.675,Reduces Risk,numeric__attendance_overall_attendance_avg_3m,0.624,Increases Risk,numeric__attendance_subject_attendance_avg_3m,0.574,Increases Risk,numeric__skills_soft_skills_score_std_3m,0.436,Increases Risk
S2397,INFO TECH,,8.81,0.0,99.4,100.0,80.2,87.4,78.3,81.6,86.5,4.0,2.0,3.0,2.0,4.58,4.04,86.98,100.0,Green,Reliable,0.048,0,Low,0.136,0,Low,2.32,Improving,8.18,Stable,8.18,Placement,Low,No,No immediate intervention,numeric__lms_assignment_completion_pct_avg_3m,1.26,Increases Risk,numeric__feedback_satisfaction_score_avg_3m,-1.211,Reduces Risk,numeric__skills_soft_skills_score_avg_3m,1.071,Increases Risk,numeric__placement_mock_interview_score_avg_3m,-0.899,Reduces Risk,numeric__lms_assignment_completion_pct_current,-0.706,Reduces Risk,numeric__attendance_overall_attendance_current,-2.073,Reduces Risk,numeric__engagement_strength,-1.653,Reduces Risk,numeric__attendance_overall_attendance_avg_3m,1.427,Increases Risk,numeric__attendance_subject_attendance_avg_3m,1.167,Increases Risk,numeric__attendance_subject_attendance_current,-1.037,Reduces Risk
S2398,IT,,8.62,0.0,99.3,98.2,97.5,88.4,92.2,95.5,85.1,3.0,1.0,4.0,3.0,4.88,3.67,89.05,100.0,Green,Reliable,0.03,0,Low,0.555,1,High,1.43,Improving,33.3,Stable,33.3,Placement,Medium,Yes,Monitor student - 14d,numeric__placement_coding_score_avg_3m,1.654,Increases Risk,numeric__skills_tech_skills_score_avg_3m,-1.63,Reduces Risk,numeric__lms_assignment_completion_pct_avg_3m,1.295,Increases Risk,numeric__skills_soft_skills_score_avg_3m,1.234,Increases Risk,numeric__placement_mock_interview_score_avg_3m,-1.107,Reduces Risk,numeric__engagement_strength,-2.4,Reduces Risk,numeric__attendance_overall_attendance_current,-2.171,Reduces Risk,numeric__engagement_hackathons_attended_current,1.814,Increases Risk,numeric__attendance_overall_attendance_avg_3m,1.301,Increases Risk,numeric__attendance_subject_attendance_avg_3m,1.102,Increases Risk
S2399,MECH,,8.69,0.0,81.5,81.1,79.2,85.3,75.7,74.1,87.1,4.0,2.0,3.0,3.0,4.14,4.36,80.93,100.0,Green,Reliable,0.148,0,Low,0.205,1,Medium,8.9,Stable,12.31,Stable,12.31,Placement,Low,Yes,No immediate intervention,numeric__attendance_declining_flag,-0.741,Reduces Risk,numeric__engagement_strength,-0.645,Reduces Risk,numeric__attendance_overall_attendance_std_3m,0.59,Increases Risk,numeric__academic_warning_score,-0.535,Reduces Risk,numeric__placement_aptitude_score_std_3m,-0.504,Reduces Risk,numeric__engagement_strength,-2.213,Reduces Risk,numeric__engagement_certifications_count_current,0.937,Increases Risk,numeric__engagement_hackathons_attended_current,0.859,Increases Risk,numeric__placement_mock_interview_score_current,-0.584,Reduces Risk,numeric__skills_soft_skills_score_current,0.44,Increases Risk
S2400,IT,,7.3,2.0,75.5,69.4,76.8,59.2,71.0,72.0,60.9,3.0,1.0,2.0,0.0,3.62,4.24,66.92,100.0,Amber,Reliable,0.182,0,Low,0.387,1,Medium,21.9,Declining,23.23,Stable,23.23,Placement,Low,Yes,No immediate intervention,numeric__skills_soft_skills_score_avg_3m,-1.194,Reduces Risk,numeric__academic_backlogs_avg_3m,-0.956,Reduces Risk,numeric__placement_mock_interview_score_avg_3m,0.956,Increases Risk,numeric__placement_coding_score_avg_3m,-0.869,Reduces Risk,numeric__placement_aptitude_score_current,0.816,Increases Risk,numeric__placement_mock_interview_score_current,0.902,Increases Risk,numeric__placement_aptitude_score_current,-0.797,Reduces Risk,numeric__placement_mock_interview_score_avg_3m,0.788,Increases Risk,numeric__academic_internal_marks_avg_3m,0.776,Increases Risk,numeric__engagement_strength,0.775,Increases Risk
S2401,IT,,8.24,1.0,89.0,82.1,86.0,77.8,76.1,82.5,76.0,5.0,1.0,2.0,1.0,4.51,5.0,76.96,100.0,Green,Reliable,0.114,0,Low,0.023,0,Low,8.24,Declining,1.37,Stable,8.24,Academic,Low,No,No immediate intervention,numeric__feedback_satisfaction_score_avg_3m,-1.099,Reduces Risk,numeric__placement_coding_score_avg_3m,0.851,Increases Risk,numeric__skills_tech_skills_score_avg_3m,-0.816,Reduces Risk,numeric__academic_backlogs_slope_3m,0.781,Increases Risk,numeric__attendance_declining_flag,-0.741,Reduces Risk,numeric__engagement_strength,-0.906,Reduces Risk,numeric__engagement_events_attended_current,0.689,Increases Risk,numeric__feedback_faculty_rating_current,-0.654,Reduces Risk,numeric__placement_coding_score_slope_3m,0.561,Increases Risk,numeric__attendance_subject_attendance_avg_3m,0.536,Increases Risk
S2402,CE,,7.89,0.0,84.1,87.1,65.8,83.9,78.5,65.3,79.9,4.0,2.0,1.0,1.0,3.59,4.02,78.29,100.0,Green,Reliable,0.032,0,Low,0.367,1,Medium,1.92,Stable,22.03,Stable,22.03,Placement,Low,Yes,No immediate intervention,numeric__placement_coding_score_slope_3m,-0.867,Reduces Risk,numeric__attendance_declining_flag,-0.741,Reduces Risk,numeric__engagement_hackathons_attended_std_3m,-0.556,Reduces Risk,numeric__academic_warning_score,-0.535,Reduces Risk,numeric__placement_coding_score_current,0.466,Increases Risk,numeric__engagement_hackathons_attended_current,-1.05,Reduces Risk,numeric__placement_coding_score_slope_3m,0.799,Increases Risk,numeric__academic_internal_marks_avg_3m,0.539,Increases Risk,numeric__skills_soft_skills_score_std_3m,-0.518,Reduces Risk,numeric__placement_mock_interview_score_current,-0.504,Reduces Risk
S2403,CSE,,8.48,2.0,86.0,64.3,80.4,63.7,83.0,73.9,62.4,3.0,1.0,2.0,1.0,3.75,4.04,69.3,100.0,Amber,Reliable,0.408,1,Medium,0.075,0,Low,48.97,Declining,4.49,Stable,48.97,Academic,Medium,Yes,Monitor student - 14d,numeric__academic_warning_score,1.191,Increases Risk,numeric__academic_backlogs_slope_3m,0.781,Increases Risk,numeric__academic_backlogs_avg_3m,-0.749,Reduces Risk,numeric__attendance_declining_flag,-0.741,Reduces Risk,numeric__lms_assignment_completion_pct_avg_3m,-0.642,Reduces Risk,numeric__attendance_overall_attendance_current,0.652,Increases Risk,numeric__placement_mock_interview_score_current,0.646,Increases Risk,numeric__placement_mock_interview_score_avg_3m,0.522,Increases Risk,numeric__low_attendance_flag,-0.492,Reduces Risk,numeric__skills_soft_skills_score_current,-0.48,Reduces Risk
S2404,INFORMATION TECH,,7.91,0.0,95.9,100.0,80.9,77.6,63.8,78.6,77.3,3.0,2.0,1.0,3.0,4.66,3.97,82.52,100.0,Green,Reliable,0.019,0,Low,0.269,1,Medium,0.92,Improving,16.13,Stable,16.13,Placement,Low,Yes,No immediate intervention,numeric__placement_aptitude_score_current,1.377,Increases Risk,numeric__feedback_satisfaction_score_avg_3m,-1.162,Reduces Risk,numeric__lms_assignment_completion_pct_avg_3m,1.108,Increases Risk,numeric__lms_assignment_completion_pct_current,-0.706,Reduces Risk,numeric__academic_warning_score,-0.668,Reduces Risk,numeric__attendance_overall_attendance_current,-1.76,Reduces Risk,numeric__attendance_overall_attendance_avg_3m,1.349,Increases Risk,numeric__placement_aptitude_score_current,-1.345,Reduces Risk,numeric__engagement_hackathons_attended_current,-1.05,Reduces Risk,numeric__attendance_subject_attendance_avg_3m,0.988,Increases Risk
S2405,IT DEPT,,7.89,0.0,91.6,85.8,85.9,75.6,85.3,81.2,70.3,3.0,1.0,3.0,5.0,3.83,4.16,81.3,100.0,Green,Reliable,0.013,0,Low,0.704,1,High,0.8,Stable,42.21,Stable,42.21,Placement,Medium,Yes,Monitor student - 14d,numeric__engagement_strength,-0.808,Reduces Risk,numeric__academic_warning_score,-0.668,Reduces Risk,numeric__engagement_certifications_count_current,-0.387,Reduces Risk,numeric__skills_tech_skills_score_avg_3m,-0.358,Reduces Risk,numeric__placement_coding_score_avg_3m,0.358,Increases Risk,numeric__engagement_strength,-2.774,Reduces Risk,numeric__engagement_certifications_count_current,2.027,Increases Risk,numeric__engagement_hackathons_attended_current,0.859,Increases Risk,numeric__attendance_overall_attendance_current,-0.797,Reduces Risk,numeric__attendance_subject_attendance_current,-0.625,Reduces Risk
S2406,ECE DEPT,,6.67,1.0,55.3,73.7,68.2,55.5,84.3,78.1,56.2,4.0,1.0,1.0,1.0,3.57,4.03,63.24,100.0,Amber,Reliable,0.208,0,Low,0.269,1,Medium,14.98,Declining,16.14,Stable,16.14,Placement,Low,Yes,No immediate intervention,numeric__academic_warning_score,1.59,Increases Risk,numeric__placement_coding_score_avg_3m,-1.16,Reduces Risk,numeric__academic_cgpa_current,-1.159,Reduces Risk,numeric__skills_tech_skills_score_avg_3m,0.815,Increases Risk,numeric__attendance_declining_flag,-0.741,Reduces Risk,numeric__attendance_overall_attendance_current,2.253,Increases Risk,numeric__attendance_subject_attendance_current,1.296,Increases Risk,numeric__attendance_overall_attendance_avg_3m,-1.179,Reduces Risk,numeric__placement_mock_interview_score_current,1.113,Increases Risk,numeric__engagement_hackathons_attended_current,-1.05,Reduces Risk
S2407,MECH,,8.27,0.0,88.9,85.5,58.5,73.1,67.7,63.0,79.7,6.0,1.0,2.0,0.0,4.61,4.15,80.09,100.0,Green,Reliable,0.624,1,High,0.541,1,High,29.97,Improving,32.45,Stable,32.45,Placement,Medium,Yes,Monitor student - 14d,numeric__placement_coding_score_avg_3m,-1.182,Reduces Risk,numeric__placement_coding_score_slope_3m,-1.088,Reduces Risk,numeric__placement_aptitude_score_current,1.073,Increases Risk,numeric__academic_warning_score,-0.934,Reduces Risk,numeric__attendance_overall_attendance_std_3m,0.722,Increases Risk,numeric__low_coding_flag,1.487,Increases Risk,numeric__placement_aptitude_score_current,-1.048,Reduces Risk,numeric__engagement_events_attended_current,1.019,Increases Risk,numeric__placement_coding_score_slope_3m,1.003,Increases Risk,numeric__engagement_strength,-0.906,Reduces Risk
S2408,CSE,,8.83,0.0,82.5,78.7,93.0,75.2,87.4,90.4,80.7,2.0,1.0,3.0,2.0,,4.69,82.5,100.0,Green,Reliable,0.023,0,Low,0.067,0,Low,1.65,Declining,4.0,Stable,4.0,Placement,Low,No,No immediate intervention,numeric__placement_coding_score_avg_3m,1.174,Increases Risk,numeric__academic_warning_score,-0.934,Reduces Risk,numeric__skills_tech_skills_score_avg_3m,-0.853,Reduces Risk,numeric__feedback_satisfaction_score_missing,-0.713,Reduces Risk,numeric__engagement_events_attended_slope_3m,-0.564,Reduces Risk,numeric__engagement_hackathons_attended_current,0.859,Increases Risk,numeric__skills_soft_skills_score_std_3m,-0.662,Reduces Risk,numeric__placement_coding_score_avg_3m,-0.578,Reduces Risk,numeric__engagement_strength,-0.532,Reduces Risk,numeric__attendance_overall_attendance_current,-0.462,Reduces Risk
S2409,ME,,7.93,0.0,99.9,100.0,81.9,72.6,72.8,75.3,67.4,5.0,1.0,1.0,1.0,5.0,3.66,84.78,100.0,Green,Reliable,0.748,1,High,0.343,1,Medium,44.89,Stable,20.56,Stable,44.89,Academic,Medium,Yes,Monitor student - 14d,numeric__feedback_satisfaction_score_avg_3m,-1.454,Reduces Risk,numeric__lms_assignment_completion_pct_avg_3m,1.281,Increases Risk,numeric__skills_tech_skills_score_avg_3m,1.024,Increases Risk,numeric__feedback_satisfaction_score_current,0.914,Increases Risk,numeric__placement_coding_score_avg_3m,-0.897,Reduces Risk,numeric__attendance_overall_attendance_current,-2.171,Reduces Risk,numeric__skills_soft_skills_score_std_3m,1.466,Increases Risk,numeric__attendance_overall_attendance_avg_3m,1.334,Increases Risk,numeric__attendance_subject_attendance_avg_3m,1.112,Increases Risk,numeric__lms_logins_per_week_avg_3m,1.085,Increases Risk
S2410,MECH,,7.88,0.0,84.2,85.5,74.1,70.9,77.6,76.1,71.6,3.0,3.0,1.0,2.0,4.01,4.73,76.73,100.0,Green,Reliable,0.05,0,Low,0.131,0,Low,2.4,Improving,7.88,Stable,7.88,Placement,Low,No,No immediate intervention,numeric__academic_warning_score,-0.934,Reduces Risk,numeric__lms_assignment_completion_pct_avg_3m,0.638,Increases Risk,numeric__engagement_hackathons_attended_std_3m,-0.556,Reduces Risk,numeric__placement_coding_score_slope_3m,-0.496,Reduces Risk,numeric__placement_coding_score_avg_3m,-0.395,Reduces Risk,numeric__engagement_hackathons_attended_current,-1.05,Reduces Risk,numeric__academic_internal_marks_avg_3m,0.585,Increases Risk,numeric__engagement_club_participations_current,-0.547,Reduces Risk,numeric__placement_coding_score_slope_3m,0.457,Increases Risk,numeric__feedback_faculty_rating_current,-0.435,Reduces Risk
S2411,INFORMATION TECH,,8.91,1.0,55.9,70.9,96.5,74.7,87.2,94.7,73.5,2.0,1.0,2.0,2.0,3.84,4.23,71.74,100.0,Green,Reliable,0.499,1,Medium,0.081,0,Low,35.9,Declining,4.84,Stable,35.9,Academic,Medium,Yes,Monitor student - 14d,numeric__academic_warning_score,1.59,Increases Risk,numeric__placement_coding_score_avg_3m,1.218,Increases Risk,numeric__skills_tech_skills_score_avg_3m,-1.105,Reduces Risk,numeric__academic_backlogs_slope_3m,0.781,Increases Risk,numeric__attendance_declining_flag,-0.741,Reduces Risk,numeric__attendance_overall_attendance_current,2.534,Increases Risk,numeric__attendance_overall_attendance_avg_3m,-1.513,Reduces Risk,numeric__attendance_subject_attendance_current,1.264,Increases Risk,numeric__attendance_subject_attendance_avg_3m,-1.209,Reduces Risk,numeric__critical_attendance_flag,-0.998,Reduces Risk
S2412,IT,,9.5,0.0,74.1,88.3,89.3,71.0,95.2,82.3,79.4,3.0,1.0,4.0,1.0,3.77,4.81,81.71,100.0,Green,Reliable,0.86,1,High,0.156,0,Low,51.61,Stable,9.36,Stable,51.61,Academic,Medium,Yes,Monitor student - 14d,numeric__placement_aptitude_score_current,-1.072,Reduces Risk,numeric__placement_coding_score_avg_3m,0.904,Increases Risk,numeric__academic_cgpa_current,0.772,Increases Risk,numeric__engagement_hackathons_attended_current,0.678,Increases Risk,numeric__engagement_hackathons_attended_std_3m,0.676,Increases Risk,numeric__engagement_hackathons_attended_current,1.814,Increases Risk,numeric__engagement_strength,-1.279,Reduces Risk,numeric__placement_aptitude_score_current,1.046,Increases Risk,numeric__academic_internal_marks_avg_3m,-0.954,Reduces Risk,numeric__attendance_overall_attendance_current,0.685,Increases Risk
S2413,IT,,8.24,0.0,85.3,86.5,84.6,78.7,78.9,81.1,84.0,3.0,3.0,2.0,1.0,3.99,4.33,81.33,100.0,Green,Reliable,0.343,1,Medium,0.616,1,High,24.71,Declining,36.93,Stable,36.93,Placement,Medium,Yes,Monitor student - 14d,numeric__placement_coding_score_avg_3m,0.813,Increases Risk,numeric__placement_coding_score_slope_3m,-0.596,Reduces Risk,numeric__skills_tech_skills_score_avg_3m,-0.573,Reduces Risk,numeric__engagement_hackathons_attended_std_3m,-0.556,Reduces Risk,numeric__attendance_overall_attendance_std_3m,-0.505,Reduces Risk,numeric__attendance_overall_attendance_current,-0.808,Reduces Risk,numeric__placement_coding_score_slope_3m,0.549,Increases Risk,numeric__engagement_club_participations_current,-0.547,Reduces Risk,numeric__skills_soft_skills_score_std_3m,0.531,Increases Risk,numeric__attendance_subject_attendance_avg_3m,0.513,Increases Risk
S2414,INFO TECH,,7.65,1.0,100.0,88.3,92.9,78.5,74.1,86.2,67.6,,,,,4.54,4.73,80.6,100.0,Green,Reliable,0.242,0,Low,0.018,0,Low,17.46,Declining,1.09,Stable,17.46,Academic,Low,No,No immediate intervention,numeric__lms_assignment_completion_pct_avg_3m,0.937,Increases Risk,numeric__feedback_satisfaction_score_avg_3m,-0.924,Reduces Risk,numeric__placement_coding_score_avg_3m,0.713,Increases Risk,categorical__department_INFO TECH,0.662,Increases Risk,numeric__attendance_overall_attendance_std_3m,0.631,Increases Risk,numeric__attendance_overall_attendance_current,-2.171,Reduces Risk,numeric__attendance_overall_attendance_avg_3m,1.268,Increases Risk,numeric__attendance_subject_attendance_current,-1.069,Reduces Risk,numeric__attendance_subject_attendance_avg_3m,1.009,Increases Risk,numeric__placement_aptitude_score_current,-0.561,Reduces Risk
S2415,MECH,,7.67,0.0,86.9,88.4,70.7,66.8,64.3,72.2,73.9,2.0,2.0,2.0,2.0,3.51,4.19,76.58,100.0,Green,Reliable,0.493,1,Medium,0.306,1,Medium,29.6,Stable,18.35,Stable,29.6,Academic,Low,Yes,No immediate intervention,numeric__placement_coding_score_avg_3m,-1.553,Reduces Risk,numeric__placement_aptitude_score_current,1.338,Increases Risk,numeric__skills_tech_skills_score_avg_3m,1.254,Increases Risk,numeric__attendance_overall_attendance_std_3m,0.99,Increases Risk,numeric__academic_warning_score,-0.934,Reduces Risk,numeric__placement_aptitude_score_current,-1.307,Reduces Risk,numeric__placement_coding_score_avg_3m,0.765,Increases Risk,numeric__attendance_overall_attendance_current,-0.765,Reduces Risk,numeric__attendance_overall_attendance_std_3m,-0.686,Reduces Risk,numeric__skills_tech_skills_score_avg_3m,-0.565,Reduces Risk
S2416,IT,,9.06,1.0,49.7,58.9,95.8,86.6,93.8,93.4,81.7,4.0,1.0,3.0,1.0,3.66,4.68,71.28,100.0,Green,Reliable,0.815,1,High,0.036,0,Low,58.69,Declining,2.17,Stable,58.69,Academic,Medium,Yes,Monitor student - 14d,numeric__academic_warning_score,1.988,Increases Risk,numeric__placement_coding_score_avg_3m,1.6,Increases Risk,numeric__lms_assignment_completion_pct_avg_3m,-1.116,Reduces Risk,numeric__skills_tech_skills_score_avg_3m,-1.108,Reduces Risk,numeric__placement_aptitude_score_current,-0.963,Reduces Risk,numeric__attendance_overall_attendance_current,2.978,Increases Risk,numeric__attendance_overall_attendance_avg_3m,-1.813,Reduces Risk,numeric__attendance_subject_attendance_current,1.592,Increases Risk,numeric__attendance_subject_attendance_avg_3m,-1.487,Reduces Risk,numeric__engagement_strength,-1.093,Reduces Risk
S2417,CSE,,8.0,0.0,48.2,61.0,94.4,55.5,85.4,86.8,67.2,2.0,0.0,4.0,2.0,3.34,4.38,72.92,100.0,Green,Reliable,0.074,0,Low,0.191,0,Low,5.33,Declining,11.44,Stable,11.44,Placement,Low,No,No immediate intervention,numeric__lms_logins_per_week_missing,-1.54,Reduces Risk,numeric__lms_assignment_completion_pct_avg_3m,-1.497,Reduces Risk,numeric__placement_coding_score_avg_3m,1.305,Increases Risk,numeric__academic_warning_score,1.191,Increases Risk,numeric__feedback_satisfaction_score_avg_3m,1.065,Increases Risk,numeric__attendance_overall_attendance_current,2.718,Increases Risk,numeric__engagement_hackathons_attended_current,1.814,Increases Risk,numeric__attendance_overall_attendance_avg_3m,-1.803,Reduces Risk,numeric__attendance_subject_attendance_avg_3m,-1.722,Reduces Risk,numeric__attendance_subject_attendance_current,1.672,Increases Risk
S2418,IT,,7.7,1.0,81.4,87.1,64.7,68.8,67.3,70.3,71.4,4.0,3.0,2.0,1.0,4.24,4.17,73.78,100.0,Green,Reliable,0.581,1,Medium,0.424,1,Medium,41.81,Declining,25.42,Stable,41.81,Academic,Medium,Yes,Monitor student - 14d,numeric__placement_aptitude_score_current,1.104,Increases Risk,numeric__placement_coding_score_slope_3m,-0.85,Reduces Risk,numeric__attendance_overall_attendance_std_3m,0.791,Increases Risk,numeric__placement_coding_score_avg_3m,-0.765,Reduces Risk,numeric__feedback_satisfaction_score_avg_3m,-0.632,Reduces Risk,numeric__placement_aptitude_score_current,-1.078,Reduces Risk,numeric__placement_coding_score_slope_3m,0.784,Increases Risk,numeric__attendance_overall_attendance_std_3m,-0.549,Reduces Risk,numeric__engagement_club_participations_current,-0.547,Reduces Risk,numeric__placement_readiness_score,-0.45,Reduces Risk
S2419,CIVIL,,7.67,0.0,71.5,82.0,74.0,76.1,79.4,79.2,79.7,2.0,1.0,1.0,2.0,3.48,4.45,76.74,100.0,Green,Reliable,0.077,0,Low,0.826,1,High,4.64,Stable,49.56,Stable,49.56,Placement,Medium,Yes,Monitor student - 14d,numeric__placement_coding_score_avg_3m,-1.101,Reduces Risk,numeric__academic_warning_score,-0.934,Reduces Risk,numeric__skills_tech_skills_score_avg_3m,0.652,Increases Risk,numeric__placement_mock_interview_score_avg_3m,0.516,Increases Risk,numeric__academic_cgpa_current,-0.477,Reduces Risk,numeric__engagement_hackathons_attended_current,-1.05,Reduces Risk,numeric__engagement_strength,0.962,Increases Risk,numeric__skills_soft_skills_score_std_3m,0.744,Increases Risk,numeric__placement_coding_score_avg_3m,0.542,Increases Risk,numeric__placement_mock_interview_score_std_3m,-0.527,Reduces Risk
S2420,ECE,,8.23,1.0,90.9,97.2,77.7,85.1,78.6,82.4,83.6,3.0,1.0,2.0,1.0,4.58,3.94,85.01,100.0,Green,Reliable,0.001,0,Low,0.276,1,Medium,0.09,Declining,16.55,Stable,16.55,Placement,Low,Yes,No immediate intervention,numeric__lms_logins_per_week_missing,-1.54,Reduces Risk,numeric__lms_assignment_completion_pct_avg_3m,1.037,Increases Risk,numeric__lms_logins_per_week_slope_3m,-1.024,Reduces Risk,numeric__placement_coding_score_avg_3m,-0.894,Reduces Risk,numeric__feedback_satisfaction_score_avg_3m,-0.79,Reduces Risk,numeric__attendance_overall_attendance_current,-1.543,Reduces Risk,numeric__attendance_overall_attendance_avg_3m,1.17,Increases Risk,numeric__attendance_subject_attendance_avg_3m,0.802,Increases Risk,numeric__lms_logins_per_week_slope_3m,-0.602,Reduces Risk,numeric__attendance_subject_attendance_current,-0.588,Reduces Risk
S2421,ECE,,8.05,1.0,75.8,79.3,69.4,74.3,77.2,64.9,73.3,3.0,1.0,4.0,1.0,3.81,4.25,74.18,100.0,Green,Reliable,0.753,1,High,0.687,1,High,54.24,Declining,41.2,Stable,54.24,Academic,Medium,Yes,Monitor student - 14d,numeric__attendance_declining_flag,-0.741,Reduces Risk,numeric__engagement_hackathons_attended_current,0.678,Increases Risk,numeric__academic_warning_score,0.66,Increases Risk,numeric__engagement_hackathons_attended_std_3m,0.511,Increases Risk,numeric__cgpa_declining_flag,0.487,Increases Risk,numeric__engagement_hackathons_attended_current,1.814,Increases Risk,numeric__engagement_strength,-1.279,Reduces Risk,numeric__skills_soft_skills_score_std_3m,-0.624,Reduces Risk,numeric__academic_internal_marks_slope_3m,0.497,Increases Risk,numeric__academic_subject_score_avg_slope_3m,-0.483,Reduces Risk
S2422,INFO TECH,,8.18,0.0,65.9,68.0,88.4,76.6,86.8,77.5,74.9,3.0,1.0,2.0,1.0,2.96,4.26,77.62,100.0,Green,Reliable,0.046,0,Low,0.047,0,Low,3.28,Declining,2.8,Stable,3.28,Academic,Low,No,No immediate intervention,numeric__lms_logins_per_week_missing,-1.54,Reduces Risk,numeric__feedback_satisfaction_score_current,-0.841,Reduces Risk,categorical__department_INFO TECH,0.662,Increases Risk,numeric__attendance_overall_attendance_std_3m,-0.656,Reduces Risk,numeric__placement_coding_score_avg_3m,0.622,Increases Risk,numeric__feedback_satisfaction_score_slope_3m,-0.989,Reduces Risk,numeric__attendance_subject_attendance_current,0.735,Increases Risk,numeric__feedback_satisfaction_score_current,0.715,Increases Risk,numeric__attendance_overall_attendance_current,0.674,Increases Risk,numeric__skills_soft_skills_score_std_3m,-0.515,Reduces Risk
S2423,ECE DEPT,,8.93,0.0,100.0,100.0,84.6,90.0,90.1,87.6,88.4,5.0,1.0,4.0,1.0,,5.0,91.14,100.0,Green,Reliable,0.068,0,Low,0.098,0,Low,4.9,Declining,5.89,Stable,5.89,Placement,Low,No,No immediate intervention,numeric__lms_assignment_completion_pct_avg_3m,1.21,Increases Risk,numeric__skills_soft_skills_score_avg_3m,0.954,Increases Risk,numeric__feedback_satisfaction_score_avg_3m,-0.892,Reduces Risk,numeric__placement_mock_interview_score_avg_3m,-0.851,Reduces Risk,numeric__feedback_satisfaction_score_missing,-0.713,Reduces Risk,numeric__engagement_strength,-2.4,Reduces Risk,numeric__attendance_overall_attendance_current,-2.16,Reduces Risk,numeric__engagement_hackathons_attended_current,1.814,Increases Risk,numeric__attendance_overall_attendance_avg_3m,1.463,Increases Risk,numeric__attendance_subject_attendance_avg_3m,1.131,Increases Risk
S2424,ECE DEPT,,7.63,2.0,89.7,78.1,68.0,78.8,76.1,74.1,85.2,3.0,1.0,1.0,2.0,,,72.53,95.0,Green,Reliable,0.134,0,Low,0.589,1,High,13.43,Stable,35.33,Stable,35.33,Placement,Medium,Yes,Monitor student - 14d,numeric__placement_coding_score_avg_3m,-1.214,Reduces Risk,numeric__skills_tech_skills_score_avg_3m,1.03,Increases Risk,numeric__academic_backlogs_avg_3m,-0.956,Reduces Risk,numeric__academic_warning_score,-0.535,Reduces Risk,numeric__academic_cgpa_current,-0.504,Reduces Risk,numeric__engagement_hackathons_attended_current,-1.05,Reduces Risk,numeric__skills_soft_skills_score_std_3m,0.654,Increases Risk,numeric__placement_coding_score_avg_3m,0.598,Increases Risk,numeric__attendance_overall_attendance_current,-0.527,Reduces Risk,numeric__attendance_subject_attendance_current,-0.524,Reduces Risk
S2425,MECH,,8.2,1.0,63.0,64.0,74.0,53.2,77.2,79.8,63.3,0.0,2.0,2.0,1.0,2.87,4.44,66.53,100.0,Amber,Reliable,0.168,0,Low,0.801,1,High,8.05,Improving,48.05,Stable,48.05,Placement,Medium,Yes,Monitor student - 14d,numeric__feedback_satisfaction_score_avg_3m,1.58,Increases Risk,numeric__lms_assignment_completion_pct_avg_3m,-1.365,Reduces Risk,numeric__placement_mock_interview_score_avg_3m,1.302,Increases Risk,numeric__skills_soft_skills_score_avg_3m,-1.055,Reduces Risk,numeric__feedback_satisfaction_score_current,-0.919,Reduces Risk,numeric__engagement_strength,1.896,Increases Risk,numeric__attendance_overall_attendance_current,1.453,Increases Risk,numeric__attendance_overall_attendance_avg_3m,-1.439,Reduces Risk,numeric__placement_mock_interview_score_current,1.244,Increases Risk,numeric__attendance_subject_attendance_avg_3m,-1.203,Reduces Risk
S2426,IT,,7.27,1.0,76.9,74.3,85.0,90.7,68.0,88.9,91.0,4.0,1.0,2.0,1.0,3.8,3.84,74.85,100.0,Green,Reliable,0.548,1,Medium,0.369,1,Medium,39.46,Declining,22.12,Stable,39.46,Academic,Medium,Yes,Monitor student - 14d,numeric__placement_aptitude_score_current,1.05,Increases Risk,numeric__skills_soft_skills_score_avg_3m,0.794,Increases Risk,numeric__academic_backlogs_slope_3m,0.781,Increases Risk,numeric__academic_cgpa_current,-0.75,Reduces Risk,numeric__attendance_declining_flag,-0.741,Reduces Risk,numeric__placement_aptitude_score_current,-1.025,Reduces Risk,numeric__placement_mock_interview_score_current,-0.891,Reduces Risk,numeric__placement_aptitude_score_slope_3m,0.624,Increases Risk,numeric__academic_internal_marks_avg_3m,0.622,Increases Risk,numeric__skills_soft_skills_score_std_3m,0.592,Increases Risk
S2427,CS,,8.54,1.0,64.2,61.2,88.6,65.4,93.7,83.4,70.7,2.0,0.0,2.0,2.0,2.82,4.69,73.35,100.0,Green,Reliable,0.036,0,Low,0.592,1,High,2.19,Stable,35.55,Stable,35.55,Placement,Medium,Yes,Monitor student - 14d,numeric__feedback_satisfaction_score_avg_3m,1.629,Increases Risk,numeric__lms_assignment_completion_pct_avg_3m,-1.277,Reduces Risk,numeric__placement_coding_score_avg_3m,1.064,Increases Risk,numeric__feedback_satisfaction_score_current,-0.962,Reduces Risk,numeric__placement_aptitude_score_current,-0.955,Reduces Risk,numeric__placement_aptitude_score_current,0.932,Increases Risk,numeric__attendance_subject_attendance_current,0.825,Increases Risk,numeric__feedback_satisfaction_score_current,0.818,Increases Risk,numeric__placement_aptitude_score_slope_3m,-0.628,Reduces Risk,categorical__department_CS,-0.575,Reduces Risk
S2428,ECE,,8.42,0.0,79.1,71.1,90.6,100.0,90.2,91.3,97.8,5.0,3.0,2.0,1.0,4.87,4.7,82.48,100.0,Green,Reliable,0.052,0,Low,0.109,0,Low,3.76,Declining,6.56,Stable,6.56,Placement,Low,No,No immediate intervention,numeric__feedback_satisfaction_score_avg_3m,-1.06,Reduces Risk,numeric__skills_soft_skills_score_avg_3m,0.964,Increases Risk,numeric__placement_mock_interview_score_current,-0.933,Reduces Risk,numeric__placement_coding_score_avg_3m,0.885,Increases Risk,numeric__feedback_satisfaction_score_current,0.802,Increases Risk,numeric__placement_mock_interview_score_current,-1.42,Reduces Risk,numeric__engagement_strength,-0.906,Reduces Risk,numeric__skills_soft_skills_score_current,0.839,Increases Risk,numeric__engagement_events_attended_current,0.689,Increases Risk,numeric__placement_mock_interview_score_std_3m,-0.688,Reduces Risk
S2429,IT,,8.4,0.0,68.5,56.6,88.3,59.6,76.7,80.8,63.2,3.0,1.0,2.0,2.0,3.4,4.2,72.55,100.0,Green,Reliable,0.572,1,Medium,0.04,0,Low,34.31,Stable,2.41,Stable,34.31,Academic,Medium,Yes,Monitor student - 14d,numeric__lms_assignment_completion_pct_avg_3m,-1.379,Reduces Risk,numeric__placement_mock_interview_score_avg_3m,1.098,Increases Risk,numeric__skills_soft_skills_score_avg_3m,-1.071,Reduces Risk,numeric__lms_assignment_completion_pct_current,0.8,Increases Risk,numeric__attendance_overall_attendance_std_3m,0.749,Increases Risk,numeric__low_lms_flag,0.914,Increases Risk,numeric__placement_mock_interview_score_avg_3m,0.905,Increases Risk,numeric__attendance_overall_attendance_avg_3m,-0.901,Reduces Risk,numeric__placement_mock_interview_score_current,0.879,Increases Risk,numeric__attendance_subject_attendance_avg_3m,-0.709,Reduces Risk
S2430,ME,,8.23,2.0,92.0,89.6,73.6,78.6,82.6,79.5,81.7,6.0,1.0,1.0,1.0,4.49,3.75,78.08,100.0,Green,Reliable,0.15,0,Low,0.23,1,Medium,12.01,Improving,13.77,Stable,13.77,Placement,Low,Yes,No immediate intervention,numeric__academic_backlogs_avg_3m,-0.956,Reduces Risk,numeric__lms_assignment_completion_pct_avg_3m,0.876,Increases Risk,numeric__feedback_satisfaction_score_avg_3m,-0.802,Reduces Risk,numeric__placement_aptitude_score_slope_3m,0.746,Increases Risk,numeric__placement_coding_score_avg_3m,-0.737,Reduces Risk,numeric__attendance_overall_attendance_current,-1.554,Reduces Risk,numeric__engagement_hackathons_attended_current,-1.05,Reduces Risk,numeric__engagement_events_attended_current,1.019,Increases Risk,numeric__attendance_overall_attendance_avg_3m,0.99,Increases Risk,numeric__placement_aptitude_score_slope_3m,-0.79,Reduces Risk
S2431,COMP SCI,,8.36,0.0,83.3,89.9,72.9,80.3,79.2,79.9,77.5,3.0,3.0,2.0,1.0,,,79.03,95.0,Green,Reliable,0.046,0,Low,0.42,1,Medium,2.78,Stable,25.18,Stable,25.18,Placement,Low,Yes,No immediate intervention,numeric__academic_warning_score,-0.934,Reduces Risk,numeric__engagement_events_attended_slope_3m,-0.882,Reduces Risk,numeric__lms_assignment_completion_pct_avg_3m,0.698,Increases Risk,numeric__lms_assignment_completion_pct_current,-0.356,Reduces Risk,numeric__academic_cgpa_std_3m,0.336,Increases Risk,numeric__skills_soft_skills_score_std_3m,-0.604,Reduces Risk,numeric__engagement_club_participations_current,-0.547,Reduces Risk,numeric__academic_internal_marks_slope_3m,0.424,Increases Risk,numeric__academic_subject_score_avg_slope_3m,-0.416,Reduces Risk,numeric__attendance_overall_attendance_current,-0.386,Reduces Risk
S2432,ECE,,9.09,0.0,88.3,84.7,94.5,80.6,84.0,100.0,85.2,5.0,1.0,2.0,1.0,4.5,4.3,86.41,100.0,Green,Reliable,0.096,0,Low,0.52,1,High,6.93,Declining,31.21,Stable,31.21,Placement,Medium,Yes,Monitor student - 14d,numeric__academic_warning_score,-0.934,Reduces Risk,numeric__placement_coding_score_avg_3m,0.851,Increases Risk,numeric__skills_tech_skills_score_avg_3m,-0.816,Reduces Risk,numeric__feedback_satisfaction_score_avg_3m,-0.695,Reduces Risk,numeric__skills_soft_skills_score_avg_3m,0.592,Increases Risk,numeric__attendance_overall_attendance_current,-1.219,Reduces Risk,numeric__engagement_strength,-0.906,Reduces Risk,numeric__attendance_overall_attendance_avg_3m,0.7,Increases Risk,numeric__engagement_events_attended_current,0.689,Increases Risk,numeric__placement_aptitude_score_slope_3m,0.619,Increases Risk
S2433,MECH,,8.08,0.0,81.6,94.1,80.1,84.9,92.3,80.4,76.2,6.0,1.0,2.0,1.0,4.24,4.15,81.47,100.0,Green,Reliable,0.139,0,Low,0.224,1,Medium,8.35,Stable,13.45,Stable,13.45,Placement,Low,Yes,No immediate intervention,numeric__lms_assignment_completion_pct_avg_3m,0.961,Increases Risk,numeric__academic_warning_score,-0.934,Reduces Risk,numeric__placement_aptitude_score_current,-0.846,Reduces Risk,numeric__engagement_events_attended_slope_3m,0.71,Increases Risk,numeric__engagement_hackathons_attended_std_3m,0.676,Increases Risk,numeric__engagement_strength,-1.466,Reduces Risk,numeric__engagement_events_attended_current,1.019,Increases Risk,numeric__placement_aptitude_score_current,0.825,Increases Risk,numeric__placement_mock_interview_score_current,-0.561,Reduces Risk,numeric__placement_aptitude_score_slope_3m,-0.556,Reduces Risk
S2434,ME,,6.93,4.0,49.5,56.8,50.0,57.0,71.5,60.1,59.8,1.0,0.0,2.0,0.0,,,49.16,95.0,Red,Reliable,0.166,0,Low,0.979,1,High,19.96,Declining,58.76,Stable,58.76,Placement,Medium,Yes,Monitor student - 14d,numeric__placement_coding_score_avg_3m,-2.155,Reduces Risk,numeric__academic_backlogs_avg_3m,-1.99,Reduces Risk,numeric__academic_warning_score,1.988,Increases Risk,numeric__skills_tech_skills_score_avg_3m,1.745,Increases Risk,numeric__lms_assignment_completion_pct_avg_3m,-1.628,Reduces Risk,numeric__attendance_overall_attendance_current,3.194,Increases Risk,numeric__attendance_overall_attendance_avg_3m,-2.002,Reduces Risk,numeric__engagement_strength,1.896,Increases Risk,numeric__attendance_subject_attendance_current,1.603,Increases Risk,numeric__attendance_subject_attendance_avg_3m,-1.548,Reduces Risk
S2435,MECH,,8.01,1.0,50.1,66.3,80.3,68.1,79.2,79.0,75.6,4.0,1.0,2.0,1.0,4.12,4.06,66.71,100.0,Amber,Reliable,0.531,1,Medium,0.092,0,Low,38.25,Declining,5.54,Stable,38.25,Academic,Medium,Yes,Monitor student - 14d,numeric__academic_warning_score,1.988,Increases Risk,numeric__placement_coding_score_std_3m,-0.796,Reduces Risk,numeric__attendance_declining_flag,-0.741,Reduces Risk,numeric__attendance_overall_attendance_std_3m,0.715,Increases Risk,numeric__skills_tech_skills_score_avg_3m,0.621,Increases Risk,numeric__attendance_overall_attendance_current,3.01,Increases Risk,numeric__attendance_overall_attendance_avg_3m,-1.651,Reduces Risk,numeric__attendance_subject_attendance_current,1.571,Increases Risk,numeric__attendance_subject_attendance_avg_3m,-1.349,Reduces Risk,numeric__critical_attendance_flag,-0.998,Reduces Risk
S2436,CSE,,9.05,0.0,98.9,91.0,94.1,81.7,89.6,88.6,81.0,5.0,2.0,3.0,2.0,4.16,4.01,88.89,100.0,Green,Reliable,0.122,0,Low,0.309,1,Medium,7.3,Stable,18.56,Stable,18.56,Placement,Low,Yes,No immediate intervention,numeric__placement_coding_score_avg_3m,1.186,Increases Risk,numeric__skills_tech_skills_score_avg_3m,-0.957,Reduces Risk,numeric__academic_warning_score,-0.934,Reduces Risk,numeric__lms_assignment_completion_pct_avg_3m,0.733,Increases Risk,numeric__engagement_strength,-0.645,Reduces Risk,numeric__engagement_strength,-2.213,Reduces Risk,numeric__attendance_overall_attendance_current,-1.879,Reduces Risk,numeric__attendance_subject_attendance_avg_3m,1.049,Increases Risk,numeric__attendance_overall_attendance_avg_3m,1.013,Increases Risk,numeric__attendance_subject_attendance_current,-1.011,Reduces Risk
S2437,ELECTRONICS & COMM,,8.89,0.0,59.1,74.2,74.2,66.5,82.1,74.3,68.3,3.0,0.0,2.0,2.0,3.43,3.99,73.42,100.0,Green,Reliable,0.716,1,High,0.671,1,High,42.97,Stable,40.24,Stable,42.97,Academic,Medium,Yes,Monitor student - 14d,numeric__lms_assignment_completion_pct_avg_3m,-1.075,Reduces Risk,numeric__placement_mock_interview_score_avg_3m,0.794,Increases Risk,numeric__skills_soft_skills_score_avg_3m,-0.752,Reduces Risk,numeric__engagement_hackathons_attended_std_3m,0.676,Increases Risk,numeric__feedback_satisfaction_score_avg_3m,0.656,Increases Risk,numeric__attendance_overall_attendance_current,1.409,Increases Risk,numeric__attendance_subject_attendance_current,1.095,Increases Risk,numeric__low_lms_flag,0.914,Increases Risk,numeric__attendance_overall_attendance_avg_3m,-0.886,Reduces Risk,numeric__attendance_subject_attendance_avg_3m,-0.778,Reduces Risk
S2438,CIVIL,,8.75,0.0,87.0,76.1,72.9,72.6,91.7,63.9,70.2,1.0,2.0,2.0,1.0,3.01,4.8,77.09,100.0,Green,Reliable,0.009,0,Low,0.323,1,Medium,0.44,Improving,19.4,Stable,19.4,Placement,Low,Yes,No immediate intervention,numeric__engagement_events_attended_slope_3m,-0.882,Reduces Risk,numeric__placement_coding_score_slope_3m,-0.817,Reduces Risk,numeric__placement_aptitude_score_current,-0.799,Reduces Risk,numeric__feedback_satisfaction_score_current,-0.798,Reduces Risk,numeric__academic_warning_score,-0.668,Reduces Risk,numeric__engagement_strength,1.335,Increases Risk,numeric__placement_aptitude_score_current,0.78,Increases Risk,numeric__placement_coding_score_slope_3m,0.753,Increases Risk,numeric__feedback_satisfaction_score_current,0.679,Increases Risk,numeric__engagement_events_attended_current,-0.63,Reduces Risk
S2439,CIVIL,,7.96,0.0,61.2,70.4,75.4,60.2,74.5,69.5,60.2,2.0,0.0,1.0,1.0,3.17,4.37,67.65,100.0,Amber,Reliable,0.641,1,High,0.065,0,Low,46.14,Declining,3.88,Stable,46.14,Academic,Medium,Yes,Monitor student - 14d,numeric__academic_warning_score,1.191,Increases Risk,numeric__placement_coding_score_avg_3m,-0.865,Reduces Risk,numeric__skills_tech_skills_score_avg_3m,0.802,Increases Risk,numeric__skills_soft_skills_score_avg_3m,-0.744,Reduces Risk,numeric__attendance_declining_flag,-0.741,Reduces Risk,numeric__attendance_overall_attendance_current,2.145,Increases Risk,numeric__engagement_strength,1.522,Increases Risk,numeric__attendance_overall_attendance_avg_3m,-1.225,Reduces Risk,numeric__engagement_hackathons_attended_current,-1.05,Reduces Risk,numeric__critical_attendance_flag,-0.998,Reduces Risk
S2440,MECH,,6.91,1.0,72.4,63.8,65.7,62.2,75.1,65.7,58.5,1.0,1.0,1.0,1.0,3.6,3.87,63.24,100.0,Amber,Reliable,0.508,1,Medium,0.682,1,High,36.58,Declining,40.94,Stable,40.94,Placement,Medium,Yes,Monitor student - 14d,numeric__academic_warning_score,1.856,Increases Risk,numeric__lms_assignment_completion_pct_avg_3m,-1.35,Reduces Risk,numeric__skills_soft_skills_score_avg_3m,-1.134,Reduces Risk,numeric__academic_cgpa_current,-0.995,Reduces Risk,numeric__placement_coding_score_avg_3m,-0.982,Reduces Risk,numeric__engagement_strength,2.083,Increases Risk,numeric__attendance_overall_attendance_current,1.053,Increases Risk,numeric__engagement_hackathons_attended_current,-1.05,Reduces Risk,numeric__low_lms_flag,0.914,Increases Risk,numeric__academic_internal_marks_avg_3m,0.742,Increases Risk
S2441,IT,,7.06,1.0,73.6,64.2,81.3,64.3,66.9,74.5,65.3,6.0,0.0,1.0,0.0,3.69,3.36,67.3,100.0,Amber,Reliable,0.633,1,High,0.034,0,Low,45.57,Declining,2.03,Stable,45.57,Academic,Medium,Yes,Monitor student - 14d,numeric__engagement_events_attended_slope_3m,1.347,Increases Risk,numeric__placement_aptitude_score_current,1.136,Increases Risk,numeric__academic_cgpa_current,-0.893,Reduces Risk,numeric__skills_soft_skills_score_avg_3m,-0.864,Reduces Risk,numeric__placement_mock_interview_score_avg_3m,0.788,Increases Risk,numeric__placement_aptitude_score_current,-1.109,Reduces Risk,numeric__engagement_hackathons_attended_current,-1.05,Reduces Risk,numeric__engagement_events_attended_current,1.019,Increases Risk,numeric__academic_internal_marks_avg_3m,0.712,Increases Risk,numeric__attendance_overall_attendance_current,0.706,Increases Risk
S2442,CIVIL,,9.28,0.0,79.3,85.5,80.0,80.1,83.2,82.0,79.0,2.0,2.0,2.0,3.0,4.37,4.28,82.1,100.0,Green,Reliable,0.082,0,Low,0.794,1,High,5.92,Declining,47.63,Stable,47.63,Placement,Medium,Yes,Monitor student - 14d,numeric__engagement_events_attended_slope_3m,-0.882,Reduces Risk,numeric__skills_tech_skills_score_avg_3m,-0.865,Reduces Risk,numeric__placement_coding_score_avg_3m,0.709,Increases Risk,numeric__placement_coding_score_slope_3m,-0.696,Reduces Risk,numeric__academic_cgpa_current,0.622,Increases Risk,numeric__engagement_certifications_count_current,0.937,Increases Risk,numeric__placement_coding_score_slope_3m,0.641,Increases Risk,numeric__academic_internal_marks_avg_3m,-0.577,Reduces Risk,numeric__feedback_satisfaction_score_slope_3m,0.571,Increases Risk,numeric__attendance_overall_attendance_current,-0.505,Reduces Risk
S2443,IT,,7.87,0.0,71.3,77.7,74.9,58.8,76.3,82.0,59.2,2.0,2.0,1.0,1.0,3.81,4.64,71.66,100.0,Green,Reliable,0.026,0,Low,0.412,1,Medium,1.57,Stable,24.72,Stable,24.72,Placement,Low,Yes,No immediate intervention,numeric__placement_coding_score_slope_3m,-0.675,Reduces Risk,numeric__placement_mock_interview_score_current,0.607,Increases Risk,numeric__low_interview_flag,-0.579,Reduces Risk,numeric__engagement_events_attended_slope_3m,-0.564,Reduces Risk,numeric__engagement_hackathons_attended_std_3m,-0.556,Reduces Risk,numeric__engagement_strength,1.522,Increases Risk,numeric__engagement_hackathons_attended_current,-1.05,Reduces Risk,numeric__placement_mock_interview_score_current,0.925,Increases Risk,numeric__attendance_overall_attendance_current,0.825,Increases Risk,numeric__placement_coding_score_slope_3m,0.622,Increases Risk
S2444,CSE,,7.88,0.0,55.3,65.3,100.0,66.2,92.9,95.7,67.4,5.0,1.0,2.0,1.0,3.66,4.89,70.66,100.0,Green,Reliable,0.392,1,Medium,0.026,0,Low,28.26,Declining,1.54,Stable,28.26,Academic,Low,Yes,No immediate intervention,numeric__placement_coding_score_avg_3m,1.428,Increases Risk,numeric__engagement_events_attended_slope_3m,1.347,Increases Risk,numeric__academic_warning_score,1.191,Increases Risk,numeric__skills_tech_skills_score_avg_3m,-1.129,Reduces Risk,numeric__lms_assignment_completion_pct_avg_3m,-1.023,Reduces Risk,numeric__attendance_overall_attendance_current,3.259,Increases Risk,numeric__attendance_overall_attendance_avg_3m,-1.826,Reduces Risk,numeric__attendance_subject_attendance_current,1.296,Increases Risk,numeric__attendance_subject_attendance_avg_3m,-1.274,Reduces Risk,numeric__critical_attendance_flag,-0.998,Reduces Risk
S2445,CSE,,8.39,0.0,82.8,91.7,79.0,85.2,83.8,77.6,84.0,5.0,1.0,2.0,2.0,3.87,4.57,84.08,100.0,Green,Reliable,0.2,0,Low,0.134,0,Low,14.37,Declining,8.03,Stable,14.37,Academic,Low,No,No immediate intervention,numeric__lms_assignment_completion_pct_avg_3m,0.895,Increases Risk,numeric__feedback_satisfaction_score_avg_3m,-0.754,Reduces Risk,numeric__placement_coding_score_avg_3m,0.731,Increases Risk,numeric__engagement_hackathons_attended_std_3m,0.676,Increases Risk,numeric__skills_tech_skills_score_avg_3m,-0.638,Reduces Risk,numeric__engagement_strength,-1.466,Reduces Risk,numeric__attendance_overall_attendance_current,-1.013,Reduces Risk,numeric__feedback_satisfaction_score_slope_3m,-0.92,Reduces Risk,numeric__attendance_overall_attendance_avg_3m,0.826,Increases Risk,numeric__engagement_events_attended_current,0.689,Increases Risk
S2446,ECE,,8.82,0.0,85.5,55.6,97.6,77.2,99.3,99.4,71.9,1.0,0.0,2.0,1.0,3.17,4.44,75.15,100.0,Green,Reliable,0.1,0,Low,0.587,1,High,7.21,Declining,35.23,Stable,35.23,Placement,Medium,Yes,Monitor student - 14d,numeric__placement_aptitude_score_current,-1.392,Reduces Risk,numeric__lms_assignment_completion_pct_avg_3m,-1.132,Reduces Risk,numeric__skills_tech_skills_score_avg_3m,-1.049,Reduces Risk,numeric__feedback_satisfaction_score_avg_3m,0.968,Increases Risk,numeric__placement_coding_score_avg_3m,0.957,Increases Risk,numeric__placement_aptitude_score_current,1.358,Increases Risk,numeric__engagement_strength,1.335,Increases Risk,numeric__low_lms_flag,0.914,Increases Risk,numeric__lms_assignment_completion_pct_current,-0.725,Reduces Risk,numeric__engagement_events_attended_current,-0.63,Reduces Risk
S2447,IT,,8.42,1.0,87.0,77.2,72.0,80.1,73.8,65.3,78.5,4.0,1.0,1.0,1.0,4.02,4.0,77.09,100.0,Green,Reliable,0.582,1,Medium,0.014,0,Low,34.93,Stable,0.83,Stable,34.93,Academic,Medium,Yes,Monitor student - 14d,numeric__engagement_events_attended_slope_3m,0.71,Increases Risk,numeric__placement_aptitude_score_current,0.597,Increases Risk,numeric__engagement_hackathons_attended_std_3m,-0.556,Reduces Risk,numeric__academic_warning_score,-0.535,Reduces Risk,numeric__placement_coding_score_slope_3m,-0.487,Reduces Risk,numeric__engagement_hackathons_attended_current,-1.05,Reduces Risk,numeric__attendance_overall_attendance_current,-0.938,Reduces Risk,numeric__placement_aptitude_score_current,-0.584,Reduces Risk,numeric__placement_coding_score_slope_3m,0.449,Increases Risk,categorical__department_IT,-0.403,Reduces Risk
S2448,ME,,9.4,0.0,79.4,84.0,76.2,80.4,100.0,76.4,82.7,3.0,3.0,2.0,1.0,,,82.64,95.0,Green,Reliable,0.127,0,Low,0.525,1,High,6.1,Improving,31.51,Stable,31.51,Placement,Medium,Yes,Monitor student - 14d,numeric__placement_aptitude_score_current,-1.446,Reduces Risk,numeric__academic_warning_score,-0.934,Reduces Risk,numeric__placement_aptitude_score_slope_3m,0.906,Increases Risk,numeric__placement_aptitude_score_std_3m,-0.74,Reduces Risk,numeric__academic_cgpa_current,0.704,Increases Risk,numeric__placement_aptitude_score_current,1.412,Increases Risk,numeric__placement_aptitude_score_slope_3m,-0.96,Reduces Risk,numeric__engagement_club_participations_current,-0.547,Reduces Risk,numeric__placement_aptitude_score_std_3m,0.536,Increases Risk,numeric__academic_internal_marks_avg_3m,-0.494,Reduces Risk
S2449,MECH,,5.93,2.0,66.2,69.4,53.2,56.6,54.0,56.1,59.5,2.0,1.0,1.0,0.0,3.7,3.84,57.29,100.0,Amber,Reliable,0.166,0,Low,0.052,0,Low,19.94,Declining,3.1,Stable,19.94,Academic,Low,No,Academic mentoring - Faculty - 7d,numeric__placement_coding_score_avg_3m,-2.691,Reduces Risk,numeric__skills_tech_skills_score_avg_3m,2.212,Increases Risk,numeric__placement_aptitude_score_current,2.142,Increases Risk,numeric__academic_cgpa_current,-1.664,Reduces Risk,numeric__academic_warning_score,1.59,Increases Risk,numeric__placement_aptitude_score_current,-2.091,Reduces Risk,numeric__engagement_strength,2.083,Increases Risk,numeric__attendance_overall_attendance_current,1.929,Increases Risk,numeric__low_aptitude_flag,-1.906,Reduces Risk,numeric__low_coding_flag,1.487,Increases Risk
S2450,CSE,,7.42,2.0,72.4,90.2,79.4,76.3,80.3,82.0,81.4,5.0,3.0,1.0,1.0,3.99,3.71,69.19,100.0,Amber,Reliable,0.874,1,High,0.276,1,Medium,100.0,Declining,16.55,Stable,100.0,Academic,High,Yes,Advisor review recommended - 7d,numeric__engagement_hackathons_attended_std_3m,1.908,Increases Risk,numeric__academic_warning_score,0.793,Increases Risk,numeric__academic_backlogs_slope_3m,0.781,Increases Risk,numeric__academic_backlogs_avg_3m,-0.749,Reduces Risk,numeric__engagement_events_attended_slope_3m,0.71,Increases Risk,numeric__attendance_overall_attendance_current,1.323,Increases Risk,numeric__attendance_overall_attendance_avg_3m,-1.065,Reduces Risk,numeric__engagement_hackathons_attended_current,-1.05,Reduces Risk,numeric__engagement_hackathons_attended_std_3m,0.718,Increases Risk,numeric__engagement_events_attended_current,0.689,Increases Risk
S2451,CIVIL,,8.61,0.0,59.5,61.2,81.6,74.0,86.0,79.7,72.1,,,,,3.47,4.43,73.12,100.0,Green,Reliable,0.292,0,Low,0.14,0,Low,21.0,Declining,8.37,Stable,21.0,Academic,Low,No,No immediate intervention,numeric__academic_warning_score,1.59,Increases Risk,numeric__lms_assignment_completion_pct_avg_3m,-0.971,Reduces Risk,numeric__attendance_overall_attendance_std_3m,0.805,Increases Risk,numeric__attendance_declining_flag,-0.741,Reduces Risk,numeric__feedback_faculty_rating_avg_3m,-0.654,Reduces Risk,numeric__attendance_overall_attendance_current,1.831,Increases Risk,numeric__attendance_subject_attendance_current,1.074,Increases Risk,numeric__attendance_overall_attendance_avg_3m,-1.04,Reduces Risk,numeric__critical_attendance_flag,-0.998,Reduces Risk,numeric__attendance_subject_attendance_avg_3m,-0.93,Reduces Risk
S2452,MECH,,8.26,0.0,85.7,72.3,67.5,82.0,75.9,71.7,84.7,2.0,2.0,2.0,2.0,3.52,3.65,78.65,100.0,Green,Reliable,0.131,0,Low,0.101,0,Low,6.28,Improving,6.04,Stable,6.28,Academic,Low,No,No immediate intervention,numeric__placement_coding_score_avg_3m,-1.474,Reduces Risk,numeric__academic_warning_score,-0.934,Reduces Risk,numeric__skills_tech_skills_score_avg_3m,0.667,Increases Risk,numeric__engagement_events_attended_slope_3m,-0.564,Reduces Risk,numeric__attendance_overall_attendance_std_3m,0.552,Increases Risk,numeric__attendance_overall_attendance_current,-0.938,Reduces Risk,numeric__placement_coding_score_avg_3m,0.726,Increases Risk,numeric__feedback_satisfaction_score_slope_3m,-0.562,Reduces Risk,numeric__feedback_faculty_rating_current,0.439,Increases Risk,numeric__placement_aptitude_score_current,-0.424,Reduces Risk
S2453,ECE,,8.18,0.0,70.8,60.7,88.5,73.3,92.7,80.9,65.4,5.0,2.0,3.0,1.0,3.18,4.16,72.39,100.0,Green,Reliable,0.577,1,Medium,0.262,1,Medium,41.56,Declining,15.7,Stable,41.56,Academic,Medium,Yes,Monitor student - 14d,numeric__academic_warning_score,1.191,Increases Risk,numeric__engagement_events_attended_slope_3m,1.028,Increases Risk,numeric__placement_aptitude_score_current,-0.877,Reduces Risk,numeric__placement_coding_score_slope_3m,0.748,Increases Risk,numeric__attendance_declining_flag,-0.741,Reduces Risk,numeric__engagement_strength,-1.653,Reduces Risk,numeric__attendance_overall_attendance_current,1.615,Increases Risk,numeric__low_lms_flag,0.914,Increases Risk,numeric__engagement_hackathons_attended_current,0.859,Increases Risk,numeric__placement_aptitude_score_current,0.856,Increases Risk
S2454,CIVIL,,8.78,0.0,75.8,75.7,92.5,69.1,90.8,85.3,69.2,3.0,0.0,2.0,1.0,3.31,4.31,78.01,100.0,Green,Reliable,0.487,1,Medium,0.647,1,High,35.06,Declining,38.8,Stable,38.8,Placement,Medium,Yes,Monitor student - 14d,numeric__feedback_satisfaction_score_avg_3m,0.778,Increases Risk,numeric__placement_aptitude_score_current,-0.729,Reduces Risk,numeric__engagement_events_attended_slope_3m,0.71,Increases Risk,numeric__placement_coding_score_avg_3m,0.622,Increases Risk,numeric__engagement_hackathons_attended_std_3m,-0.556,Reduces Risk,numeric__placement_aptitude_score_current,0.711,Increases Risk,numeric__feedback_satisfaction_score_current,0.46,Increases Risk,numeric__engagement_club_participations_current,0.424,Increases Risk,numeric__lms_logins_per_week_avg_3m,-0.37,Reduces Risk,numeric__placement_mock_interview_score_current,0.339,Increases Risk
S2455,COMP SCI,,8.8,0.0,100.0,89.2,81.6,86.2,85.6,87.6,85.2,4.0,2.0,3.0,1.0,4.87,4.5,87.01,100.0,Green,Reliable,0.162,0,Low,0.095,0,Low,7.77,Improving,5.72,Stable,7.77,Academic,Low,No,No immediate intervention,numeric__feedback_satisfaction_score_current,0.802,Increases Risk,numeric__skills_soft_skills_score_avg_3m,0.791,Increases Risk,numeric__lms_assignment_completion_pct_avg_3m,0.724,Increases Risk,numeric__feedback_satisfaction_score_avg_3m,-0.676,Reduces Risk,numeric__academic_warning_score,-0.668,Reduces Risk,numeric__attendance_overall_attendance_current,-1.889,Reduces Risk,numeric__attendance_overall_attendance_avg_3m,1.102,Increases Risk,numeric__engagement_strength,-1.093,Reduces Risk,numeric__attendance_subject_attendance_current,-1.069,Reduces Risk,numeric__engagement_hackathons_attended_current,0.859,Increases Risk
S2456,ECE,,8.31,1.0,82.4,84.2,73.7,74.7,75.6,79.2,78.6,2.0,2.0,2.0,3.0,3.99,4.01,74.42,100.0,Green,Reliable,0.095,0,Low,0.752,1,High,5.69,Stable,45.14,Stable,45.14,Placement,Medium,Yes,Monitor student - 14d,numeric__engagement_events_attended_slope_3m,-1.2,Reduces Risk,numeric__attendance_declining_flag,-0.741,Reduces Risk,numeric__engagement_hackathons_attended_std_3m,0.676,Increases Risk,numeric__placement_aptitude_score_current,0.457,Increases Risk,numeric__placement_coding_score_avg_3m,-0.354,Reduces Risk,numeric__engagement_certifications_count_current,0.937,Increases Risk,numeric__academic_subject_score_avg_slope_3m,-0.523,Reduces Risk,numeric__placement_aptitude_score_current,-0.446,Reduces Risk,numeric__academic_internal_marks_slope_3m,0.407,Increases Risk,numeric__engagement_strength,-0.346,Reduces Risk
S2457,IT,,7.83,1.0,85.9,88.3,75.4,69.6,66.8,80.8,72.4,5.0,1.0,1.0,0.0,4.53,3.98,76.31,100.0,Green,Reliable,0.15,0,Low,0.07,0,Low,7.21,Improving,4.23,Stable,7.21,Academic,Low,No,No immediate intervention,numeric__placement_aptitude_score_current,1.143,Increases Risk,numeric__lms_assignment_completion_pct_avg_3m,1.11,Increases Risk,numeric__feedback_satisfaction_score_avg_3m,-0.943,Reduces Risk,numeric__skills_tech_skills_score_avg_3m,0.904,Increases Risk,numeric__placement_coding_score_avg_3m,-0.865,Reduces Risk,numeric__placement_aptitude_score_current,-1.117,Reduces Risk,numeric__engagement_hackathons_attended_current,-1.05,Reduces Risk,numeric__attendance_overall_attendance_current,-0.851,Reduces Risk,numeric__attendance_overall_attendance_avg_3m,0.771,Increases Risk,numeric__engagement_certifications_count_current,-0.698,Reduces Risk
S2458,ME,,9.18,0.0,88.2,73.7,89.8,76.9,78.9,89.9,73.6,3.0,1.0,3.0,1.0,3.7,3.52,79.91,100.0,Green,Reliable,0.521,1,Medium,0.431,1,Medium,31.27,Stable,25.84,Stable,31.27,Academic,Medium,Yes,Monitor student - 14d,numeric__academic_warning_score,-0.668,Reduces Risk,numeric__placement_aptitude_score_slope_3m,-0.649,Reduces Risk,numeric__academic_cgpa_current,0.553,Increases Risk,numeric__placement_coding_score_avg_3m,0.521,Increases Risk,numeric__feedback_faculty_rating_current,0.439,Increases Risk,numeric__engagement_hackathons_attended_current,0.859,Increases Risk,numeric__placement_aptitude_score_slope_3m,0.688,Increases Risk,numeric__feedback_faculty_rating_current,0.544,Increases Risk,numeric__engagement_strength,-0.532,Reduces Risk,numeric__academic_internal_marks_avg_3m,-0.464,Reduces Risk
S2459,CIVIL ENGINEERING,,9.62,0.0,88.0,90.5,80.8,89.7,98.6,77.9,92.7,3.0,1.0,2.0,1.0,4.33,4.47,87.38,100.0,Green,Reliable,0.118,0,Low,0.751,1,High,8.47,Declining,45.05,Stable,45.05,Placement,Medium,Yes,Monitor student - 14d,numeric__placement_aptitude_score_current,-1.337,Reduces Risk,numeric__academic_cgpa_current,0.854,Increases Risk,numeric__attendance_declining_flag,-0.741,Reduces Risk,numeric__lms_assignment_completion_pct_avg_3m,0.738,Increases Risk,numeric__skills_soft_skills_score_avg_3m,0.726,Increases Risk,numeric__attendance_overall_attendance_current,-1.446,Reduces Risk,numeric__placement_aptitude_score_current,1.305,Increases Risk,numeric__attendance_overall_attendance_avg_3m,1.124,Increases Risk,numeric__placement_mock_interview_score_current,-0.834,Reduces Risk,numeric__attendance_subject_attendance_avg_3m,0.822,Increases Risk
S2460,IT,,8.08,0.0,80.7,87.9,92.2,72.0,80.9,83.4,74.1,2.0,1.0,2.0,1.0,4.31,4.67,79.03,80.0,Green,Reliable,0.108,0,Low,0.633,1,High,5.2,Improving,37.99,Stable,37.99,Placement,Medium,Yes,Monitor student - 14d,numeric__academic_warning_score,-0.934,Reduces Risk,numeric__skills_tech_skills_score_avg_3m,-0.622,Reduces Risk,numeric__lms_assignment_completion_pct_avg_3m,0.548,Increases Risk,numeric__placement_coding_score_avg_3m,0.527,Increases Risk,numeric__placement_aptitude_score_slope_3m,0.408,Increases Risk,numeric__engagement_strength,0.775,Increases Risk,numeric__feedback_satisfaction_score_slope_3m,0.684,Increases Risk,numeric__skills_soft_skills_score_std_3m,-0.442,Reduces Risk,numeric__placement_aptitude_score_slope_3m,-0.432,Reduces Risk,numeric__attendance_overall_attendance_avg_3m,0.422,Increases Risk
S2461,ECE,,9.1,0.0,79.9,69.2,93.6,63.2,88.6,83.5,72.9,3.0,2.0,2.0,1.0,4.03,4.08,79.41,100.0,Green,Reliable,0.758,1,High,0.126,0,Low,45.5,Stable,7.55,Stable,45.5,Academic,Medium,Yes,Monitor student - 14d,numeric__academic_warning_score,-0.934,Reduces Risk,numeric__attendance_overall_attendance_std_3m,0.649,Increases Risk,numeric__lms_assignment_completion_pct_avg_3m,-0.618,Reduces Risk,numeric__placement_aptitude_score_current,-0.557,Reduces Risk,numeric__placement_coding_score_avg_3m,0.546,Increases Risk,numeric__placement_mock_interview_score_current,0.674,Increases Risk,numeric__placement_aptitude_score_current,0.543,Increases Risk,numeric__skills_soft_skills_score_std_3m,-0.464,Reduces Risk,numeric__placement_coding_score_slope_3m,-0.458,Reduces Risk,numeric__attendance_overall_attendance_std_3m,-0.45,Reduces Risk
S2462,CSE,,7.62,1.0,99.2,84.9,76.1,67.1,65.5,73.5,70.5,3.0,2.0,1.0,0.0,4.47,3.75,77.74,100.0,Green,Reliable,0.113,0,Low,0.459,1,Medium,5.43,Improving,27.52,Stable,27.52,Placement,Low,Yes,No immediate intervention,numeric__placement_aptitude_score_current,1.245,Increases Risk,numeric__lms_logins_per_week_slope_3m,1.016,Increases Risk,numeric__skills_tech_skills_score_avg_3m,0.867,Increases Risk,numeric__placement_coding_score_avg_3m,-0.759,Reduces Risk,numeric__feedback_satisfaction_score_avg_3m,-0.657,Reduces Risk,numeric__attendance_overall_attendance_current,-2.171,Reduces Risk,numeric__engagement_strength,1.522,Increases Risk,numeric__attendance_overall_attendance_avg_3m,1.384,Increases Risk,numeric__placement_aptitude_score_current,-1.216,Reduces Risk,numeric__attendance_subject_attendance_avg_3m,1.064,Increases Risk
S2463,MECH,,8.14,0.0,70.6,82.0,75.1,75.6,80.1,66.6,73.8,2.0,1.0,3.0,3.0,3.53,4.11,75.06,100.0,Green,Reliable,0.307,1,Medium,0.148,0,Low,22.08,Declining,8.87,Stable,22.08,Academic,Low,Yes,No immediate intervention,numeric__placement_coding_score_slope_3m,-0.516,Reduces Risk,numeric__cgpa_declining_flag,0.487,Increases Risk,numeric__skills_soft_skills_score_avg_3m,-0.424,Reduces Risk,numeric__low_attendance_flag,-0.423,Reduces Risk,numeric__placement_mock_interview_score_avg_3m,0.423,Increases Risk,numeric__engagement_strength,-1.093,Reduces Risk,numeric__engagement_certifications_count_current,0.937,Increases Risk,numeric__engagement_hackathons_attended_current,0.859,Increases Risk,numeric__attendance_overall_attendance_avg_3m,-0.73,Reduces Risk,numeric__attendance_overall_attendance_current,0.728,Increases Risk
S2464,IT,,8.31,0.0,82.4,68.9,88.9,59.2,83.0,83.9,58.5,1.0,2.0,3.0,2.0,2.73,4.55,73.52,100.0,Green,Reliable,0.056,0,Low,0.499,1,Medium,3.36,Stable,29.92,Stable,29.92,Placement,Low,Yes,No immediate intervention,numeric__feedback_satisfaction_score_avg_3m,1.206,Increases Risk,numeric__feedback_satisfaction_score_current,-1.039,Reduces Risk,numeric__skills_soft_skills_score_avg_3m,-0.909,Reduces Risk,numeric__lms_assignment_completion_pct_avg_3m,-0.891,Reduces Risk,numeric__placement_mock_interview_score_avg_3m,0.802,Increases Risk,numeric__low_lms_flag,0.914,Increases Risk,numeric__placement_mock_interview_score_current,0.902,Increases Risk,numeric__feedback_satisfaction_score_current,0.884,Increases Risk,numeric__engagement_hackathons_attended_current,0.859,Increases Risk,numeric__placement_mock_interview_score_avg_3m,0.661,Increases Risk
S2465,IT,,9.82,1.0,100.0,100.0,99.1,89.3,84.2,95.4,87.1,4.0,2.0,4.0,1.0,4.65,4.25,89.34,100.0,Green,Reliable,0.495,1,Medium,0.062,0,Low,23.78,Improving,3.73,Stable,23.78,Academic,Low,Yes,No immediate intervention,numeric__placement_coding_score_avg_3m,1.393,Increases Risk,numeric__lms_assignment_completion_pct_avg_3m,1.177,Increases Risk,numeric__skills_soft_skills_score_avg_3m,1.168,Increases Risk,numeric__placement_mock_interview_score_avg_3m,-1.096,Reduces Risk,numeric__skills_tech_skills_score_avg_3m,-1.077,Reduces Risk,numeric__attendance_overall_attendance_current,-2.171,Reduces Risk,numeric__engagement_strength,-1.84,Reduces Risk,numeric__engagement_hackathons_attended_current,1.814,Increases Risk,numeric__attendance_overall_attendance_avg_3m,1.341,Increases Risk,numeric__attendance_subject_attendance_avg_3m,1.126,Increases Risk
S2466,CIVIL,,8.88,0.0,65.4,78.0,81.0,77.7,92.6,84.9,82.2,2.0,2.0,2.0,4.0,3.76,4.56,76.64,100.0,Green,Reliable,0.225,0,Low,0.885,1,High,16.19,Declining,53.11,Stable,53.11,Placement,Medium,Yes,Monitor student - 14d,numeric__placement_aptitude_score_current,-0.869,Reduces Risk,numeric__academic_warning_score,0.793,Increases Risk,numeric__lms_assignment_completion_pct_avg_3m,-0.62,Reduces Risk,numeric__feedback_satisfaction_score_avg_3m,0.53,Increases Risk,numeric__skills_tech_skills_score_avg_3m,-0.515,Reduces Risk,numeric__engagement_certifications_count_current,1.482,Increases Risk,numeric__attendance_overall_attendance_current,1.215,Increases Risk,numeric__low_lms_flag,0.914,Increases Risk,numeric__engagement_strength,-0.906,Reduces Risk,numeric__placement_aptitude_score_current,0.848,Increases Risk
S2467,ECE,,7.56,1.0,78.8,79.3,72.6,78.3,73.7,72.5,79.8,4.0,2.0,3.0,2.0,4.0,4.29,71.73,100.0,Green,Reliable,0.502,1,Medium,0.365,1,Medium,36.13,Declining,21.91,Stable,36.13,Academic,Medium,Yes,Monitor student - 14d,numeric__academic_warning_score,1.059,Increases Risk,numeric__attendance_declining_flag,-0.741,Reduces Risk,numeric__placement_coding_score_avg_3m,-0.699,Reduces Risk,numeric__engagement_hackathons_attended_std_3m,0.676,Increases Risk,numeric__lms_logins_per_week_slope_3m,-0.641,Reduces Risk,numeric__engagement_strength,-1.653,Reduces Risk,numeric__low_lms_flag,0.914,Increases Risk,numeric__engagement_hackathons_attended_current,0.859,Increases Risk,numeric__placement_aptitude_score_current,-0.591,Reduces Risk,numeric__academic_internal_marks_avg_3m,0.472,Increases Risk
S2468,CSE,,9.23,0.0,93.4,93.8,100.0,89.2,79.0,97.4,88.6,6.0,1.0,2.0,2.0,4.54,4.85,91.74,100.0,Green,Reliable,0.039,0,Low,0.024,0,Low,1.88,Improving,1.47,Stable,1.88,Academic,Low,No,No immediate intervention,numeric__placement_coding_score_avg_3m,1.644,Increases Risk,numeric__skills_tech_skills_score_avg_3m,-1.562,Reduces Risk,numeric__skills_soft_skills_score_avg_3m,1.527,Increases Risk,numeric__placement_mock_interview_score_avg_3m,-1.144,Reduces Risk,numeric__lms_assignment_completion_pct_avg_3m,1.141,Increases Risk,numeric__engagement_strength,-2.027,Reduces Risk,numeric__attendance_overall_attendance_current,-1.954,Reduces Risk,numeric__attendance_overall_attendance_avg_3m,1.129,Increases Risk,numeric__engagement_events_attended_current,1.019,Increases Risk,numeric__placement_mock_interview_score_avg_3m,-0.944,Reduces Risk
S2469,IT DEPT,,8.55,0.0,88.9,74.5,94.9,65.7,82.9,88.1,62.5,2.0,1.0,2.0,1.0,,,77.45,95.0,Green,Reliable,0.1,0,Low,0.2,0,Low,5.99,Stable,11.98,Stable,11.98,Placement,Low,No,No immediate intervention,numeric__placement_coding_score_avg_3m,0.898,Increases Risk,numeric__skills_tech_skills_score_avg_3m,-0.813,Reduces Risk,numeric__academic_warning_score,-0.668,Reduces Risk,numeric__engagement_events_attended_slope_3m,-0.564,Reduces Risk,numeric__engagement_hackathons_attended_std_3m,-0.556,Reduces Risk,numeric__engagement_strength,0.775,Increases Risk,numeric__placement_mock_interview_score_current,0.532,Increases Risk,numeric__attendance_subject_attendance_current,-0.482,Reduces Risk,numeric__skills_soft_skills_score_current,-0.476,Reduces Risk,numeric__placement_coding_score_avg_3m,-0.442,Reduces Risk
S2470,CIVIL,,8.19,0.0,81.1,71.7,68.2,62.9,69.6,67.8,65.6,3.0,1.0,3.0,1.0,3.2,3.72,73.9,100.0,Green,Reliable,0.328,1,Medium,0.788,1,High,19.67,Stable,47.26,Stable,47.26,Placement,Medium,Yes,Monitor student - 14d,numeric__academic_warning_score,-0.934,Reduces Risk,numeric__placement_aptitude_score_current,0.925,Increases Risk,numeric__skills_tech_skills_score_avg_3m,0.683,Increases Risk,numeric__feedback_satisfaction_score_current,-0.635,Reduces Risk,numeric__placement_aptitude_score_slope_3m,-0.561,Reduces Risk,numeric__placement_aptitude_score_current,-0.903,Reduces Risk,numeric__engagement_hackathons_attended_current,0.859,Increases Risk,numeric__placement_mock_interview_score_current,0.691,Increases Risk,numeric__placement_aptitude_score_slope_3m,0.594,Increases Risk,numeric__feedback_satisfaction_score_current,0.54,Increases Risk
S2471,ECE,,8.02,0.0,86.4,90.5,67.2,70.5,63.9,71.0,75.9,2.0,1.0,1.0,1.0,4.28,4.37,77.48,100.0,Green,Reliable,0.196,0,Low,0.164,0,Low,9.39,Improving,9.87,Stable,9.87,Placement,Low,No,No immediate intervention,numeric__placement_aptitude_score_current,1.37,Increases Risk,numeric__placement_coding_score_avg_3m,-0.994,Reduces Risk,numeric__academic_warning_score,-0.934,Reduces Risk,numeric__skills_tech_skills_score_avg_3m,0.673,Increases Risk,numeric__attendance_overall_attendance_std_3m,0.64,Increases Risk,numeric__engagement_strength,1.522,Increases Risk,numeric__placement_aptitude_score_current,-1.337,Reduces Risk,numeric__engagement_hackathons_attended_current,-1.05,Reduces Risk,numeric__attendance_overall_attendance_current,-0.884,Reduces Risk,numeric__attendance_overall_attendance_avg_3m,0.776,Increases Risk
S2472,CIVIL,,8.58,0.0,79.0,76.1,83.6,78.3,88.1,81.4,73.6,5.0,1.0,2.0,1.0,4.35,4.09,77.87,100.0,Green,Reliable,0.192,0,Low,0.664,1,High,13.82,Declining,39.84,Stable,39.84,Placement,Medium,Yes,Monitor student - 14d,numeric__placement_coding_score_avg_3m,0.778,Increases Risk,numeric__skills_tech_skills_score_avg_3m,-0.755,Reduces Risk,numeric__attendance_declining_flag,-0.741,Reduces Risk,numeric__engagement_events_attended_slope_3m,0.71,Increases Risk,numeric__academic_warning_score,0.66,Increases Risk,numeric__low_lms_flag,0.914,Increases Risk,numeric__engagement_strength,-0.906,Reduces Risk,numeric__engagement_events_attended_current,0.689,Increases Risk,numeric__placement_aptitude_score_current,0.505,Increases Risk,numeric__lms_logins_per_week_avg_3m,-0.45,Reduces Risk
S2473,ECE,,7.77,0.0,79.4,67.5,84.1,74.6,,78.2,82.2,3.0,3.0,1.0,2.0,3.62,3.67,74.59,100.0,Green,Reliable,0.868,1,High,0.285,1,Medium,62.47,Declining,17.08,Stable,62.47,Academic,High,Yes,Advisor review recommended - 7d,numeric__skills_tech_skills_score_avg_3m,0.849,Increases Risk,numeric__placement_coding_score_avg_3m,-0.74,Reduces Risk,numeric__engagement_hackathons_attended_std_3m,0.511,Increases Risk,numeric__cgpa_declining_flag,0.487,Increases Risk,numeric__placement_coding_score_slope_3m,0.468,Increases Risk,numeric__engagement_hackathons_attended_current,-1.05,Reduces Risk,numeric__skills_soft_skills_score_std_3m,0.934,Increases Risk,numeric__placement_aptitude_score_missing,-0.831,Reduces Risk,numeric__academic_internal_marks_avg_3m,0.778,Increases Risk,numeric__lms_logins_per_week_std_3m,-0.591,Reduces Risk
S2474,CIVIL ENGINEERING,,8.97,0.0,77.7,75.3,98.2,72.6,93.6,94.7,73.0,3.0,3.0,2.0,1.0,4.02,4.48,79.43,100.0,Green,Reliable,0.158,0,Low,0.591,1,High,7.57,Improving,35.48,Stable,35.48,Placement,Medium,Yes,Monitor student - 14d,numeric__placement_coding_score_avg_3m,1.149,Increases Risk,numeric__skills_tech_skills_score_avg_3m,-0.97,Reduces Risk,numeric__placement_aptitude_score_current,-0.947,Reduces Risk,categorical__department_CIVIL ENGINEERING,-0.58,Reduces Risk,numeric__feedback_faculty_rating_avg_3m,-0.539,Reduces Risk,numeric__placement_aptitude_score_current,0.924,Increases Risk,numeric__low_lms_flag,0.914,Increases Risk,categorical__department_CIVIL ENGINEERING,0.59,Increases Risk,numeric__placement_coding_score_avg_3m,-0.566,Reduces Risk,numeric__engagement_club_participations_current,-0.547,Reduces Risk
S2475,CSE,,,2.0,76.8,87.1,83.7,74.7,82.0,88.7,78.3,4.0,2.0,4.0,2.0,3.76,3.86,75.48,65.0,Green,Reliable,0.001,0,Low,0.635,1,High,0.07,Stable,38.11,Stable,38.11,Placement,Medium,Yes,Monitor student - 14d,numeric__academic_cgpa_missing,-6.778,Reduces Risk,numeric__academic_backlogs_avg_3m,-0.956,Reduces Risk,numeric__skills_tech_skills_score_avg_3m,-0.853,Reduces Risk,numeric__attendance_declining_flag,-0.741,Reduces Risk,numeric__engagement_strength,-0.699,Reduces Risk,numeric__engagement_strength,-2.4,Reduces Risk,numeric__engagement_hackathons_attended_current,1.814,Increases Risk,numeric__academic_cgpa_missing,-1.515,Reduces Risk,numeric__academic_subject_score_avg_slope_3m,0.638,Increases Risk,numeric__academic_internal_marks_slope_3m,-0.526,Reduces Risk
S2476,ECE,,8.41,0.0,93.4,90.1,86.3,86.5,76.7,79.5,82.8,3.0,2.0,3.0,2.0,4.64,4.92,86.54,100.0,Green,Reliable,0.279,0,Low,0.076,0,Low,16.75,Stable,4.59,Stable,16.75,Academic,Low,No,No immediate intervention,numeric__lms_assignment_completion_pct_avg_3m,1.06,Increases Risk,numeric__skills_soft_skills_score_avg_3m,0.689,Increases Risk,numeric__academic_warning_score,-0.668,Reduces Risk,numeric__feedback_satisfaction_score_avg_3m,-0.661,Reduces Risk,numeric__placement_mock_interview_score_avg_3m,-0.615,Reduces Risk,numeric__attendance_overall_attendance_current,-2.171,Reduces Risk,numeric__attendance_overall_attendance_avg_3m,1.362,Increases Risk,numeric__engagement_strength,-1.093,Reduces Risk,numeric__engagement_hackathons_attended_current,0.859,Increases Risk,numeric__attendance_subject_attendance_current,-0.72,Reduces Risk
S2477,ECE,,8.44,0.0,66.3,71.1,84.6,85.1,89.2,82.6,74.3,3.0,1.0,3.0,1.0,3.54,4.43,73.6,100.0,Green,Reliable,0.497,1,Medium,0.138,0,Low,35.76,Declining,8.27,Stable,35.76,Academic,Medium,Yes,Monitor student - 14d,numeric__attendance_overall_attendance_std_3m,1.387,Increases Risk,numeric__academic_warning_score,1.191,Increases Risk,numeric__attendance_declining_flag,-0.741,Reduces Risk,numeric__placement_coding_score_slope_3m,-0.667,Reduces Risk,numeric__lms_assignment_completion_pct_avg_3m,-0.63,Reduces Risk,numeric__attendance_overall_attendance_current,2.275,Increases Risk,numeric__attendance_overall_attendance_avg_3m,-1.012,Reduces Risk,numeric__critical_attendance_flag,-0.998,Reduces Risk,numeric__attendance_overall_attendance_std_3m,-0.962,Reduces Risk,numeric__engagement_hackathons_attended_current,0.859,Increases Risk
S2478,MECH,,8.48,0.0,85.4,80.4,66.4,72.8,76.9,67.0,72.0,3.0,2.0,2.0,1.0,4.33,3.89,77.78,100.0,Green,Reliable,0.179,0,Low,0.255,1,Medium,10.74,Stable,15.28,Stable,15.28,Placement,Low,Yes,No immediate intervention,numeric__academic_warning_score,-0.934,Reduces Risk,numeric__placement_coding_score_slope_3m,-0.658,Reduces Risk,numeric__engagement_events_attended_slope_3m,-0.564,Reduces Risk,numeric__engagement_hackathons_attended_std_3m,-0.556,Reduces Risk,numeric__placement_coding_score_avg_3m,-0.461,Reduces Risk,numeric__placement_coding_score_slope_3m,0.607,Increases Risk,numeric__attendance_overall_attendance_current,-0.592,Reduces Risk,numeric__feedback_satisfaction_score_slope_3m,0.431,Increases Risk,numeric__academic_warning_score,0.373,Increases Risk,numeric__placement_aptitude_score_current,-0.347,Reduces Risk
S2479,ECE,,9.05,0.0,93.0,81.3,87.1,79.0,78.7,79.7,74.0,2.0,1.0,2.0,1.0,4.68,4.71,83.58,100.0,Green,Reliable,0.729,1,High,0.122,0,Low,52.5,Declining,7.35,Stable,52.5,Academic,Medium,Yes,Monitor student - 14d,numeric__feedback_satisfaction_score_current,0.639,Increases Risk,numeric__feedback_satisfaction_score_avg_3m,-0.52,Reduces Risk,numeric__skills_soft_skills_score_avg_3m,0.508,Increases Risk,numeric__lms_logins_per_week_slope_3m,0.506,Increases Risk,numeric__cgpa_declining_flag,0.487,Increases Risk,numeric__attendance_overall_attendance_current,-1.316,Reduces Risk,numeric__attendance_overall_attendance_avg_3m,0.907,Increases Risk,numeric__attendance_subject_attendance_avg_3m,0.877,Increases Risk,numeric__feedback_satisfaction_score_slope_3m,0.85,Increases Risk,numeric__engagement_strength,0.775,Increases Risk
S2480,CIVIL,,9.18,0.0,80.7,91.8,84.8,87.2,80.3,83.4,90.0,3.0,1.0,2.0,1.0,4.34,4.91,84.02,100.0,Green,Reliable,0.02,0,Low,0.166,0,Low,0.96,Improving,9.98,Stable,9.98,Placement,Low,No,No immediate intervention,numeric__academic_warning_score,-0.934,Reduces Risk,numeric__lms_assignment_completion_pct_avg_3m,0.887,Increases Risk,numeric__feedback_satisfaction_score_avg_3m,-0.72,Reduces Risk,numeric__feedback_faculty_rating_avg_3m,-0.666,Reduces Risk,numeric__engagement_hackathons_attended_std_3m,-0.556,Reduces Risk,numeric__placement_mock_interview_score_current,-0.692,Reduces Risk,numeric__feedback_faculty_rating_current,-0.581,Reduces Risk,numeric__skills_soft_skills_score_current,0.548,Increases Risk,numeric__placement_aptitude_score_slope_3m,0.539,Increases Risk,numeric__lms_logins_per_week_avg_3m,0.439,Increases Risk
S2481,CSE,,8.21,0.0,83.4,85.8,84.9,86.9,78.6,86.8,82.5,5.0,2.0,2.0,1.0,4.21,4.17,81.35,100.0,Green,Reliable,0.612,1,High,0.159,0,Low,44.09,Declining,9.56,Stable,44.09,Academic,Medium,Yes,Monitor student - 14d,numeric__engagement_events_attended_slope_3m,1.028,Increases Risk,numeric__cgpa_declining_flag,0.487,Increases Risk,numeric__placement_coding_score_avg_3m,0.487,Increases Risk,numeric__feedback_satisfaction_score_avg_3m,-0.462,Reduces Risk,numeric__placement_mock_interview_score_current,-0.443,Reduces Risk,numeric__engagement_strength,-0.906,Reduces Risk,numeric__engagement_events_attended_current,0.689,Increases Risk,numeric__placement_mock_interview_score_current,-0.675,Reduces Risk,numeric__lms_logins_per_week_avg_3m,0.439,Increases Risk,categorical__department_CSE,-0.416,Reduces Risk
S2482,ECE,,8.2,1.0,87.9,67.8,76.9,62.1,74.2,68.1,67.2,2.0,1.0,2.0,1.0,3.88,4.43,73.61,100.0,Green,Reliable,0.496,1,Medium,0.151,0,Low,29.77,Stable,9.06,Stable,29.77,Academic,Low,Yes,No immediate intervention,numeric__engagement_events_attended_slope_3m,-0.882,Reduces Risk,numeric__placement_aptitude_score_current,0.566,Increases Risk,numeric__academic_warning_score,-0.535,Reduces Risk,numeric__placement_mock_interview_score_current,0.484,Increases Risk,numeric__lms_assignment_completion_pct_avg_3m,-0.457,Reduces Risk,numeric__engagement_strength,0.775,Increases Risk,numeric__placement_mock_interview_score_current,0.737,Increases Risk,numeric__placement_aptitude_score_current,-0.553,Reduces Risk,numeric__attendance_overall_attendance_current,-0.494,Reduces Risk,numeric__attendance_subject_attendance_current,-0.429,Reduces Risk
S2483,CIVIL,,8.78,2.0,65.8,75.4,80.3,49.4,84.9,74.5,54.7,2.0,2.0,3.0,1.0,3.03,4.27,68.5,100.0,Amber,Reliable,0.155,0,Low,0.698,1,High,18.55,Declining,41.89,Stable,41.89,Placement,Medium,Yes,Monitor student - 14d,numeric__skills_soft_skills_score_avg_3m,-1.092,Reduces Risk,numeric__placement_mock_interview_score_current,0.959,Increases Risk,numeric__academic_backlogs_avg_3m,-0.956,Reduces Risk,numeric__placement_mock_interview_score_avg_3m,0.913,Increases Risk,numeric__feedback_satisfaction_score_current,-0.781,Reduces Risk,numeric__attendance_overall_attendance_current,1.615,Increases Risk,numeric__placement_mock_interview_score_current,1.46,Increases Risk,numeric__attendance_overall_attendance_avg_3m,-1.098,Reduces Risk,numeric__engagement_hackathons_attended_current,0.859,Increases Risk,numeric__skills_soft_skills_score_current,-0.767,Reduces Risk
S2484,ECE,,9.72,0.0,80.9,75.6,100.0,80.5,96.0,94.3,83.6,4.0,1.0,2.0,3.0,3.61,4.72,85.05,100.0,Green,Reliable,0.671,1,High,0.13,0,Low,48.32,Declining,7.78,Stable,48.32,Academic,Medium,Yes,Monitor student - 14d,numeric__placement_coding_score_avg_3m,1.152,Increases Risk,numeric__placement_aptitude_score_current,-1.134,Reduces Risk,numeric__academic_cgpa_current,0.922,Increases Risk,numeric__skills_tech_skills_score_avg_3m,-0.92,Reduces Risk,numeric__skills_soft_skills_score_avg_3m,0.828,Increases Risk,numeric__engagement_strength,-1.466,Reduces Risk,numeric__placement_aptitude_score_current,1.107,Increases Risk,numeric__engagement_certifications_count_current,0.937,Increases Risk,numeric__academic_internal_marks_avg_3m,-0.936,Reduces Risk,numeric__feedback_satisfaction_score_slope_3m,-0.658,Reduces Risk
S2485,MECH,,9.88,0.0,77.8,83.7,97.7,83.9,87.4,91.7,80.8,2.0,0.0,3.0,1.0,3.98,4.9,82.79,100.0,Green,Reliable,0.184,0,Low,0.135,0,Low,8.85,Improving,8.1,Stable,8.85,Academic,Low,No,No immediate intervention,numeric__placement_coding_score_avg_3m,1.418,Increases Risk,numeric__academic_cgpa_current,1.031,Increases Risk,numeric__skills_tech_skills_score_avg_3m,-0.982,Reduces Risk,numeric__academic_warning_score,-0.668,Reduces Risk,numeric__engagement_hackathons_attended_std_3m,-0.556,Reduces Risk,numeric__engagement_hackathons_attended_current,0.859,Increases Risk,numeric__academic_internal_marks_avg_3m,-0.759,Reduces Risk,numeric__placement_coding_score_avg_3m,-0.699,Reduces Risk,numeric__academic_cgpa_avg_3m,-0.611,Reduces Risk,numeric__feedback_faculty_rating_current,-0.573,Reduces Risk
S2486,CIVIL ENGINEERING,,,0.0,90.8,79.1,85.6,67.8,73.9,83.7,73.7,,,,,,,74.58,60.0,Green,Reliable,0.0,0,Low,0.156,0,Low,0.01,Declining,9.38,Stable,9.38,Placement,Low,No,No immediate intervention,numeric__academic_cgpa_missing,-6.778,Reduces Risk,numeric__attendance_declining_flag,-0.741,Reduces Risk,numeric__placement_coding_score_slope_3m,0.602,Increases Risk,numeric__placement_aptitude_score_current,0.589,Increases Risk,categorical__department_CIVIL ENGINEERING,-0.58,Reduces Risk,numeric__academic_cgpa_missing,-1.515,Reduces Risk,numeric__attendance_overall_attendance_avg_3m,0.788,Increases Risk,numeric__academic_subject_score_avg_slope_3m,0.705,Increases Risk,numeric__academic_internal_marks_slope_3m,-0.646,Reduces Risk,numeric__attendance_overall_attendance_current,-0.635,Reduces Risk
S2487,CIVIL,,8.36,0.0,89.9,97.5,69.2,89.2,76.3,67.8,89.4,4.0,1.0,3.0,1.0,4.19,4.16,84.0,100.0,Green,Reliable,0.28,0,Low,0.262,1,Medium,13.45,Improving,15.74,Stable,15.74,Placement,Low,Yes,No immediate intervention,numeric__lms_assignment_completion_pct_avg_3m,1.167,Increases Risk,numeric__placement_coding_score_avg_3m,-1.035,Reduces Risk,numeric__academic_warning_score,-0.934,Reduces Risk,numeric__skills_soft_skills_score_avg_3m,0.917,Increases Risk,numeric__skills_tech_skills_score_avg_3m,0.852,Increases Risk,numeric__engagement_strength,-1.093,Reduces Risk,numeric__engagement_hackathons_attended_current,0.859,Increases Risk,numeric__placement_mock_interview_score_current,-0.806,Reduces Risk,numeric__lms_logins_per_week_avg_3m,0.6,Increases Risk,numeric__placement_mock_interview_score_avg_3m,-0.573,Reduces Risk
S2488,ECE,,7.73,1.0,76.4,81.5,78.8,64.8,83.1,76.5,63.5,5.0,1.0,1.0,2.0,3.25,3.97,73.51,100.0,Green,Reliable,0.534,1,Medium,0.262,1,Medium,38.44,Declining,15.74,Stable,38.44,Academic,Medium,Yes,Monitor student - 14d,numeric__skills_tech_skills_score_avg_3m,1.414,Increases Risk,numeric__placement_coding_score_avg_3m,-1.176,Reduces Risk,numeric__engagement_events_attended_slope_3m,0.71,Increases Risk,numeric__skills_soft_skills_score_avg_3m,-0.707,Reduces Risk,numeric__feedback_satisfaction_score_current,-0.592,Reduces Risk,numeric__engagement_hackathons_attended_current,-1.05,Reduces Risk,numeric__engagement_strength,-0.719,Reduces Risk,numeric__engagement_events_attended_current,0.689,Increases Risk,numeric__skills_tech_skills_score_avg_3m,-0.637,Reduces Risk,numeric__placement_mock_interview_score_current,0.583,Increases Risk
S2489,CIVIL,,8.86,0.0,81.6,93.9,73.8,82.3,78.4,71.2,81.7,5.0,1.0,3.0,1.0,4.54,3.22,83.21,100.0,Green,Reliable,0.746,1,High,0.526,1,High,35.8,Improving,31.58,Stable,35.8,Academic,Medium,Yes,Monitor student - 14d,numeric__academic_warning_score,-0.934,Reduces Risk,numeric__lms_assignment_completion_pct_avg_3m,0.847,Increases Risk,numeric__lms_logins_per_week_slope_3m,0.761,Increases Risk,numeric__engagement_events_attended_slope_3m,0.71,Increases Risk,numeric__skills_tech_skills_score_avg_3m,0.661,Increases Risk,numeric__engagement_strength,-1.653,Reduces Risk,numeric__engagement_hackathons_attended_current,0.859,Increases Risk,numeric__feedback_faculty_rating_current,0.787,Increases Risk,numeric__engagement_events_attended_current,0.689,Increases Risk,numeric__feedback_faculty_rating_slope_3m,0.527,Increases Risk
S2490,ELECTRONICS & COMM,,8.72,2.0,88.3,86.2,89.7,68.8,,84.7,65.8,3.0,1.0,2.0,1.0,,,73.09,95.0,Green,Reliable,0.49,1,Medium,0.556,1,High,58.81,Declining,33.36,Stable,58.81,Academic,Medium,Yes,Monitor student - 14d,numeric__academic_warning_score,1.059,Increases Risk,numeric__academic_backlogs_avg_3m,-0.956,Reduces Risk,numeric__skills_soft_skills_score_avg_3m,-0.854,Reduces Risk,numeric__attendance_declining_flag,-0.741,Reduces Risk,numeric__placement_aptitude_score_slope_3m,-0.589,Reduces Risk,numeric__low_lms_flag,0.914,Increases Risk,numeric__placement_aptitude_score_missing,-0.831,Reduces Risk,numeric__attendance_subject_attendance_avg_3m,0.635,Increases Risk,numeric__placement_aptitude_score_slope_3m,0.624,Increases Risk,numeric__attendance_overall_attendance_avg_3m,0.594,Increases Risk
S2491,CIVIL,,8.56,1.0,98.9,85.1,76.6,72.3,76.5,69.5,73.4,5.0,3.0,4.0,1.0,4.1,3.9,81.2,100.0,Green,Reliable,0.838,1,High,0.118,0,Low,60.36,Declining,7.06,Stable,60.36,Academic,High,Yes,Advisor review recommended - 7d,numeric__lms_assignment_completion_pct_avg_3m,0.861,Increases Risk,numeric__attendance_declining_flag,-0.741,Reduces Risk,numeric__engagement_events_attended_slope_3m,0.71,Increases Risk,numeric__engagement_strength,-0.699,Reduces Risk,numeric__engagement_hackathons_attended_current,0.678,Increases Risk,numeric__engagement_strength,-2.4,Reduces Risk,numeric__engagement_hackathons_attended_current,1.814,Increases Risk,numeric__attendance_overall_attendance_current,-1.738,Reduces Risk,numeric__attendance_overall_attendance_avg_3m,1.258,Increases Risk,numeric__attendance_subject_attendance_avg_3m,1.037,Increases Risk
S2492,CIVIL,,8.84,1.0,85.0,80.7,79.3,77.1,87.0,84.4,73.2,4.0,1.0,2.0,1.0,4.09,4.19,78.41,100.0,Green,Reliable,0.531,1,Medium,0.62,1,High,38.2,Declining,37.22,Stable,38.2,Academic,Medium,Yes,Monitor student - 14d,numeric__engagement_hackathons_attended_std_3m,0.676,Increases Risk,numeric__cgpa_declining_flag,0.487,Increases Risk,numeric__skills_soft_skills_score_avg_3m,-0.471,Reduces Risk,numeric__placement_aptitude_score_current,-0.432,Reduces Risk,numeric__lms_assignment_completion_pct_avg_3m,0.432,Increases Risk,numeric__placement_aptitude_score_current,0.422,Increases Risk,numeric__engagement_events_attended_current,0.36,Increases Risk,numeric__engagement_strength,-0.346,Reduces Risk,categorical__department_CIVIL,0.304,Increases Risk,numeric__cgpa_declining_flag,0.283,Increases Risk
S2493,CIVIL,,8.24,0.0,78.2,76.3,81.2,73.9,73.6,81.9,75.4,3.0,2.0,2.0,1.0,4.03,4.18,77.86,100.0,Green,Reliable,0.168,0,Low,0.253,1,Medium,8.05,Improving,15.2,Stable,15.2,Placement,Low,Yes,No immediate intervention,numeric__academic_warning_score,-0.934,Reduces Risk,numeric__placement_aptitude_score_current,0.613,Increases Risk,numeric__engagement_hackathons_attended_std_3m,-0.556,Reduces Risk,numeric__placement_aptitude_score_slope_3m,-0.488,Reduces Risk,numeric__attendance_overall_attendance_std_3m,0.413,Increases Risk,numeric__placement_aptitude_score_current,-0.599,Reduces Risk,numeric__placement_aptitude_score_slope_3m,0.517,Increases Risk,numeric__lms_logins_per_week_avg_3m,0.439,Increases Risk,numeric__feedback_satisfaction_score_slope_3m,-0.388,Reduces Risk,numeric__academic_warning_score,0.373,Increases Risk
S2494,COMP SCI,,7.65,2.0,93.6,80.2,77.4,68.3,75.7,77.8,70.3,3.0,1.0,2.0,3.0,4.16,3.44,69.24,80.0,Amber,Reliable,0.323,1,Medium,0.802,1,High,38.74,Declining,48.14,Stable,48.14,Placement,Medium,Yes,Monitor student - 14d,numeric__academic_backlogs_avg_3m,-0.956,Reduces Risk,numeric__attendance_declining_flag,-0.741,Reduces Risk,numeric__feedback_faculty_rating_current,0.492,Increases Risk,numeric__academic_cgpa_current,-0.49,Reduces Risk,numeric__cgpa_declining_flag,0.487,Increases Risk,numeric__engagement_certifications_count_current,0.937,Increases Risk,numeric__engagement_strength,-0.906,Reduces Risk,numeric__attendance_subject_attendance_current,-0.731,Reduces Risk,numeric__attendance_overall_attendance_avg_3m,0.661,Increases Risk,numeric__feedback_faculty_rating_current,0.609,Increases Risk
S2495,COMP SCI,,6.48,1.0,66.6,62.4,69.9,61.6,64.1,72.9,67.9,2.0,2.0,2.0,1.0,3.64,3.91,62.47,100.0,Amber,Reliable,0.628,1,High,0.666,1,High,60.3,Declining,39.93,Stable,60.3,Academic,High,Yes,Academic mentoring - Faculty - 7d,numeric__academic_warning_score,1.856,Increases Risk,numeric__placement_aptitude_score_current,1.354,Increases Risk,numeric__academic_cgpa_current,-1.289,Reduces Risk,numeric__placement_coding_score_avg_3m,-1.233,Reduces Risk,numeric__lms_assignment_completion_pct_avg_3m,-1.104,Reduces Risk,numeric__attendance_overall_attendance_current,1.572,Increases Risk,numeric__placement_aptitude_score_current,-1.322,Reduces Risk,numeric__academic_internal_marks_avg_3m,0.983,Increases Risk,numeric__low_lms_flag,0.914,Increases Risk,numeric__attendance_overall_attendance_avg_3m,-0.856,Reduces Risk
S2496,CIVIL,,9.44,0.0,69.7,75.6,82.4,76.7,97.3,79.0,77.2,,,,,3.31,4.46,78.84,100.0,Green,Reliable,0.268,0,Low,0.309,1,Medium,19.31,Declining,18.53,Stable,19.31,Academic,Low,Yes,No immediate intervention,numeric__placement_aptitude_score_current,-1.236,Reduces Risk,numeric__feedback_satisfaction_score_avg_3m,0.822,Increases Risk,numeric__academic_warning_score,0.793,Increases Risk,numeric__attendance_declining_flag,-0.741,Reduces Risk,numeric__academic_cgpa_current,0.731,Increases Risk,numeric__placement_aptitude_score_current,1.206,Increases Risk,numeric__attendance_overall_attendance_current,1.15,Increases Risk,numeric__academic_internal_marks_avg_3m,-0.78,Reduces Risk,numeric__attendance_subject_attendance_avg_3m,-0.735,Reduces Risk,numeric__attendance_overall_attendance_avg_3m,-0.656,Reduces Risk
S2497,ECE,,4.93,2.0,51.9,53.2,57.7,35.2,49.2,54.0,43.4,3.0,1.0,0.0,1.0,3.42,3.25,46.37,100.0,Red,Reliable,0.955,1,High,0.822,1,High,100.0,Declining,49.3,Stable,100.0,Academic,High,Yes,Academic mentoring - Faculty - 7d,numeric__placement_coding_score_avg_3m,-3.193,Reduces Risk,numeric__skills_tech_skills_score_avg_3m,2.934,Increases Risk,numeric__placement_aptitude_score_current,2.516,Increases Risk,numeric__academic_cgpa_current,-2.346,Reduces Risk,numeric__academic_warning_score,2.254,Increases Risk,numeric__attendance_overall_attendance_current,3.616,Increases Risk,numeric__placement_aptitude_score_current,-2.457,Reduces Risk,numeric__attendance_overall_attendance_avg_3m,-2.384,Reduces Risk,numeric__placement_mock_interview_score_current,2.268,Increases Risk,numeric__academic_internal_marks_avg_3m,2.237,Increases Risk
S2498,IT,,7.21,1.0,60.0,88.3,69.4,56.8,63.9,75.7,55.6,2.0,1.0,2.0,1.0,3.77,4.05,68.95,100.0,Amber,Reliable,0.124,0,Low,0.442,1,Medium,7.43,Stable,26.53,Stable,26.53,Placement,Low,Yes,No immediate intervention,numeric__placement_aptitude_score_current,1.37,Increases Risk,numeric__placement_coding_score_avg_3m,-0.853,Reduces Risk,numeric__academic_cgpa_current,-0.79,Reduces Risk,numeric__attendance_declining_flag,-0.741,Reduces Risk,numeric__placement_mock_interview_score_current,0.682,Increases Risk,numeric__placement_aptitude_score_current,-1.337,Reduces Risk,numeric__attendance_subject_attendance_current,1.047,Increases Risk,numeric__placement_mock_interview_score_current,1.039,Increases Risk,numeric__attendance_overall_attendance_current,0.988,Increases Risk,numeric__academic_internal_marks_avg_3m,0.827,Increases Risk
S2499,CSE,,7.42,0.0,67.0,66.0,65.7,53.0,65.3,69.6,56.7,1.0,1.0,1.0,0.0,3.85,3.06,65.67,80.0,Amber,Reliable,0.638,1,High,0.575,1,High,30.63,Improving,34.52,Stable,34.52,Placement,Medium,Yes,Monitor student - 14d,numeric__skills_soft_skills_score_avg_3m,-1.372,Reduces Risk,numeric__placement_mock_interview_score_avg_3m,1.329,Increases Risk,numeric__placement_aptitude_score_current,1.26,Increases Risk,numeric__placement_coding_score_avg_3m,-1.032,Reduces Risk,numeric__placement_mock_interview_score_current,0.824,Increases Risk,numeric__engagement_strength,2.643,Increases Risk,numeric__placement_mock_interview_score_current,1.255,Increases Risk,numeric__placement_aptitude_score_current,-1.231,Reduces Risk,numeric__placement_mock_interview_score_avg_3m,1.096,Increases Risk,numeric__engagement_hackathons_attended_current,-1.05,Reduces Risk
S2500,CIVIL,,9.3,0.0,86.0,85.1,75.5,88.8,87.4,74.6,88.2,3.0,1.0,2.0,1.0,4.42,4.39,83.89,100.0,Green,Reliable,0.063,0,Low,0.499,1,Medium,3.0,Improving,29.95,Stable,29.95,Placement,Low,Yes,No immediate intervention,numeric__attendance_declining_flag,-0.741,Reduces Risk,numeric__engagement_hackathons_attended_std_3m,0.676,Increases Risk,numeric__academic_cgpa_current,0.635,Increases Risk,numeric__skills_soft_skills_score_avg_3m,0.584,Increases Risk,numeric__lms_assignment_completion_pct_avg_3m,0.544,Increases Risk,numeric__attendance_overall_attendance_current,-1.349,Reduces Risk,numeric__attendance_overall_attendance_avg_3m,1.036,Increases Risk,numeric__attendance_subject_attendance_avg_3m,0.881,Increases Risk,numeric__placement_mock_interview_score_current,-0.783,Reduces Risk,numeric__academic_internal_marks_avg_3m,-0.683,Reduces Risk
S2501,MECH,,7.39,0.0,58.7,56.2,78.4,67.5,83.3,71.6,64.3,2.0,0.0,1.0,1.0,3.36,4.17,64.77,100.0,Amber,Reliable,0.058,0,Low,0.31,1,Medium,4.18,Declining,18.6,Stable,18.6,Placement,Low,Yes,No immediate intervention,numeric__academic_warning_score,1.59,Increases Risk,numeric__lms_assignment_completion_pct_avg_3m,-1.483,Reduces Risk,numeric__skills_soft_skills_score_avg_3m,-1.257,Reduces Risk,numeric__feedback_satisfaction_score_avg_3m,0.948,Increases Risk,numeric__placement_coding_score_avg_3m,-0.822,Reduces Risk,numeric__attendance_overall_attendance_current,2.102,Increases Risk,numeric__engagement_strength,1.522,Increases Risk,numeric__attendance_overall_attendance_avg_3m,-1.222,Reduces Risk,numeric__attendance_subject_attendance_current,1.116,Increases Risk,numeric__engagement_hackathons_attended_current,-1.05,Reduces Risk
S2502,ECE,,8.01,1.0,83.8,73.7,83.7,86.8,73.1,83.8,82.9,,,,,,,75.76,95.0,Green,Reliable,0.064,0,Low,0.099,0,Low,4.64,Declining,5.92,Stable,5.92,Placement,Low,No,No immediate intervention,numeric__attendance_declining_flag,-0.741,Reduces Risk,numeric__placement_mock_interview_score_avg_3m,-0.687,Reduces Risk,numeric__academic_warning_score,0.66,Increases Risk,numeric__placement_aptitude_score_current,0.652,Increases Risk,numeric__lms_logins_per_week_slope_3m,-0.641,Reduces Risk,numeric__placement_mock_interview_score_current,-0.669,Reduces Risk,numeric__placement_aptitude_score_current,-0.637,Reduces Risk,numeric__placement_aptitude_score_slope_3m,0.59,Increases Risk,numeric__placement_mock_interview_score_avg_3m,-0.567,Reduces Risk,numeric__placement_mock_interview_score_std_3m,0.475,Increases Risk
S2503,IT,,9.2,0.0,79.0,84.4,100.0,80.8,89.3,91.2,75.4,3.0,1.0,2.0,1.0,4.42,4.56,80.71,100.0,Green,Reliable,0.055,0,Low,0.138,0,Low,2.62,Improving,8.29,Stable,8.29,Placement,Low,No,No immediate intervention,numeric__placement_coding_score_avg_3m,1.66,Increases Risk,numeric__engagement_events_attended_slope_3m,-1.2,Reduces Risk,numeric__skills_tech_skills_score_avg_3m,-1.141,Reduces Risk,numeric__academic_warning_score,-0.934,Reduces Risk,numeric__feedback_faculty_rating_avg_3m,-0.633,Reduces Risk,numeric__placement_coding_score_avg_3m,-0.818,Reduces Risk,numeric__placement_aptitude_score_current,0.597,Increases Risk,numeric__academic_internal_marks_avg_3m,-0.517,Reduces Risk,numeric__skills_tech_skills_score_avg_3m,0.514,Increases Risk,numeric__attendance_overall_attendance_avg_3m,-0.442,Reduces Risk
S2504,INFO TECH,,8.92,0.0,77.9,78.9,83.2,71.3,83.4,78.0,65.2,3.0,1.0,2.0,2.0,3.6,4.44,77.54,100.0,Green,Reliable,0.134,0,Low,0.452,1,Medium,6.46,Improving,27.11,Stable,27.11,Placement,Low,Yes,No immediate intervention,numeric__placement_coding_score_avg_3m,1.007,Increases Risk,numeric__skills_tech_skills_score_avg_3m,-0.788,Reduces Risk,numeric__academic_warning_score,-0.668,Reduces Risk,categorical__department_INFO TECH,0.662,Increases Risk,numeric__placement_coding_score_slope_3m,-0.621,Reduces Risk,numeric__placement_coding_score_slope_3m,0.572,Increases Risk,numeric__placement_coding_score_avg_3m,-0.496,Reduces Risk,numeric__engagement_certifications_count_current,0.392,Increases Risk,categorical__department_INFO TECH,-0.377,Reduces Risk,numeric__skills_soft_skills_score_current,-0.376,Reduces Risk
S2505,CSE,,8.23,0.0,87.4,89.1,85.9,69.9,80.0,85.9,71.1,3.0,1.0,2.0,1.0,4.01,4.03,79.69,100.0,Green,Reliable,0.354,1,Medium,0.096,0,Low,21.22,Stable,5.79,Stable,21.22,Academic,Low,Yes,No immediate intervention,numeric__academic_warning_score,-0.934,Reduces Risk,numeric__attendance_overall_attendance_std_3m,0.786,Increases Risk,numeric__skills_tech_skills_score_avg_3m,-0.696,Reduces Risk,numeric__lms_assignment_completion_pct_avg_3m,0.565,Increases Risk,numeric__feedback_satisfaction_score_avg_3m,-0.557,Reduces Risk,numeric__feedback_satisfaction_score_slope_3m,-0.998,Reduces Risk,numeric__attendance_overall_attendance_std_3m,-0.545,Reduces Risk,numeric__attendance_overall_attendance_slope_3m,0.492,Increases Risk,categorical__department_CSE,-0.416,Reduces Risk,numeric__attendance_subject_attendance_current,-0.402,Reduces Risk
S2506,IT,,8.86,0.0,80.3,72.3,96.9,72.2,80.3,87.9,72.7,,,,,3.66,4.4,80.06,100.0,Green,Reliable,0.145,0,Low,0.076,0,Low,6.95,Improving,4.58,Stable,6.95,Academic,Low,No,No immediate intervention,numeric__placement_coding_score_avg_3m,1.384,Increases Risk,numeric__skills_tech_skills_score_avg_3m,-0.997,Reduces Risk,numeric__attendance_declining_flag,-0.741,Reduces Risk,numeric__academic_warning_score,-0.535,Reduces Risk,numeric__placement_coding_score_current,-0.451,Reduces Risk,numeric__placement_coding_score_avg_3m,-0.682,Reduces Risk,numeric__skills_soft_skills_score_std_3m,-0.502,Reduces Risk,numeric__skills_tech_skills_score_avg_3m,0.449,Increases Risk,categorical__department_IT,-0.403,Reduces Risk,numeric__academic_internal_marks_slope_3m,0.386,Increases Risk
S2507,IT,,6.31,1.0,79.5,80.1,72.1,72.6,70.4,76.6,70.6,4.0,1.0,2.0,1.0,3.82,3.39,67.86,100.0,Amber,Reliable,0.298,0,Low,0.573,1,High,28.6,Declining,34.4,Stable,34.4,Placement,Medium,Yes,Academic mentoring - Faculty - 7d,numeric__academic_cgpa_current,-1.404,Reduces Risk,numeric__placement_aptitude_score_current,0.863,Increases Risk,numeric__placement_coding_score_avg_3m,-0.793,Reduces Risk,numeric__skills_tech_skills_score_avg_3m,0.72,Increases Risk,numeric__feedback_faculty_rating_avg_3m,0.634,Increases Risk,numeric__academic_internal_marks_avg_3m,1.503,Increases Risk,numeric__academic_cgpa_avg_3m,0.857,Increases Risk,numeric__placement_aptitude_score_current,-0.842,Reduces Risk,numeric__academic_cgpa_current,0.772,Increases Risk,numeric__feedback_faculty_rating_current,0.649,Increases Risk
S2508,ECE,,9.18,0.0,96.8,85.8,86.6,80.0,92.4,87.1,78.2,3.0,1.0,3.0,1.0,4.12,4.29,86.13,100.0,Green,Reliable,0.42,1,Medium,0.206,1,Medium,30.22,Declining,12.39,Stable,30.22,Academic,Medium,Yes,Monitor student - 14d,numeric__placement_aptitude_score_current,-0.854,Reduces Risk,numeric__lms_assignment_completion_pct_avg_3m,0.579,Increases Risk,numeric__placement_mock_interview_score_avg_3m,-0.555,Reduces Risk,numeric__academic_cgpa_current,0.553,Increases Risk,numeric__cgpa_declining_flag,0.487,Increases Risk,numeric__attendance_overall_attendance_current,-1.998,Reduces Risk,numeric__attendance_overall_attendance_avg_3m,1.268,Increases Risk,numeric__attendance_subject_attendance_current,-0.9,Reduces Risk,numeric__engagement_hackathons_attended_current,0.859,Increases Risk,numeric__placement_aptitude_score_current,0.833,Increases Risk
S2509,CIVIL,,7.06,0.0,98.3,100.0,47.4,68.3,64.3,53.6,69.3,4.0,2.0,1.0,0.0,4.95,3.12,75.68,100.0,Green,Reliable,0.754,1,High,0.91,1,High,45.23,Stable,54.57,Stable,54.57,Placement,Medium,Yes,Monitor student - 14d,numeric__placement_coding_score_avg_3m,-2.503,Reduces Risk,numeric__skills_tech_skills_score_avg_3m,1.773,Increases Risk,numeric__lms_assignment_completion_pct_avg_3m,1.354,Increases Risk,numeric__placement_aptitude_score_current,1.338,Increases Risk,numeric__placement_coding_score_current,1.009,Increases Risk,numeric__attendance_overall_attendance_current,-1.522,Reduces Risk,numeric__low_coding_flag,1.487,Increases Risk,numeric__placement_aptitude_score_current,-1.307,Reduces Risk,numeric__placement_coding_score_avg_3m,1.233,Increases Risk,numeric__engagement_hackathons_attended_current,-1.05,Reduces Risk
S2510,MECH,,7.97,0.0,76.5,75.8,80.6,79.3,86.9,80.7,75.3,6.0,1.0,2.0,1.0,,,77.29,95.0,Green,Reliable,0.037,0,Low,0.172,0,Low,2.69,Declining,10.29,Stable,10.29,Placement,Low,No,No immediate intervention,numeric__academic_warning_score,0.793,Increases Risk,numeric__attendance_declining_flag,-0.741,Reduces Risk,numeric__engagement_hackathons_attended_std_3m,-0.556,Reduces Risk,numeric__cgpa_declining_flag,0.487,Increases Risk,numeric__placement_coding_score_slope_3m,-0.483,Reduces Risk,numeric__engagement_strength,-1.466,Reduces Risk,numeric__engagement_events_attended_current,1.019,Increases Risk,numeric__attendance_overall_attendance_current,0.663,Increases Risk,numeric__low_attendance_flag,-0.492,Reduces Risk,numeric__placement_coding_score_slope_3m,0.445,Increases Risk
S2511,ME,,9.38,0.0,93.1,91.5,95.7,87.0,89.9,92.1,88.9,4.0,1.0,2.0,1.0,4.72,4.77,87.51,100.0,Green,Reliable,0.062,0,Low,0.173,0,Low,4.46,Declining,10.37,Stable,10.37,Placement,Low,No,No immediate intervention,numeric__placement_coding_score_slope_3m,0.806,Increases Risk,numeric__placement_mock_interview_score_avg_3m,-0.794,Reduces Risk,numeric__lms_assignment_completion_pct_avg_3m,0.759,Increases Risk,numeric__attendance_declining_flag,-0.741,Reduces Risk,numeric__academic_cgpa_current,0.69,Increases Risk,numeric__attendance_overall_attendance_current,-1.154,Reduces Risk,numeric__attendance_overall_attendance_avg_3m,0.958,Increases Risk,numeric__attendance_subject_attendance_avg_3m,0.903,Increases Risk,numeric__placement_coding_score_slope_3m,-0.743,Reduces Risk,numeric__attendance_subject_attendance_current,-0.704,Reduces Risk
S2512,MECH,,9.38,1.0,69.9,69.2,83.5,76.3,92.1,77.2,86.8,2.0,1.0,2.0,2.0,,,74.54,95.0,Green,Reliable,0.263,0,Low,0.341,1,Medium,12.6,Improving,20.46,Stable,20.46,Placement,Low,Yes,No immediate intervention,numeric__placement_aptitude_score_current,-0.83,Reduces Risk,numeric__attendance_declining_flag,-0.741,Reduces Risk,numeric__academic_cgpa_current,0.69,Increases Risk,numeric__academic_warning_score,0.66,Increases Risk,numeric__lms_assignment_completion_pct_avg_3m,-0.542,Reduces Risk,numeric__attendance_overall_attendance_current,1.28,Increases Risk,numeric__placement_aptitude_score_current,0.81,Increases Risk,numeric__attendance_overall_attendance_avg_3m,-0.707,Reduces Risk,numeric__attendance_subject_attendance_current,0.524,Increases Risk,numeric__low_attendance_flag,-0.492,Reduces Risk
S2513,ECE,,8.66,0.0,82.2,73.2,88.7,89.4,91.0,98.9,85.0,4.0,1.0,2.0,1.0,4.25,4.39,79.23,100.0,Green,Reliable,0.117,0,Low,0.197,0,Low,8.42,Declining,11.83,Stable,11.83,Placement,Low,No,No immediate intervention,numeric__skills_tech_skills_score_avg_3m,-1.163,Reduces Risk,numeric__skills_soft_skills_score_avg_3m,0.83,Increases Risk,numeric__placement_aptitude_score_current,-0.744,Reduces Risk,numeric__attendance_declining_flag,-0.741,Reduces Risk,numeric__placement_coding_score_avg_3m,0.713,Increases Risk,numeric__low_lms_flag,0.914,Increases Risk,numeric__skills_soft_skills_score_std_3m,0.842,Increases Risk,numeric__placement_mock_interview_score_current,-0.817,Reduces Risk,numeric__placement_mock_interview_score_std_3m,-0.785,Reduces Risk,numeric__placement_aptitude_score_current,0.726,Increases Risk
S2514,CIVIL,,8.95,2.0,88.9,87.0,75.0,68.7,84.8,74.7,73.5,3.0,1.0,2.0,1.0,4.09,3.97,76.26,100.0,Green,Reliable,0.164,0,Low,0.698,1,High,13.13,Improving,41.91,Stable,41.91,Placement,Medium,Yes,Monitor student - 14d,numeric__academic_backlogs_avg_3m,-0.956,Reduces Risk,numeric__placement_coding_score_avg_3m,-0.938,Reduces Risk,numeric__skills_tech_skills_score_avg_3m,0.689,Increases Risk,numeric__engagement_hackathons_attended_std_3m,-0.556,Reduces Risk,numeric__placement_coding_score_slope_3m,0.406,Increases Risk,numeric__attendance_overall_attendance_current,-0.948,Reduces Risk,numeric__skills_soft_skills_score_std_3m,0.517,Increases Risk,numeric__attendance_overall_attendance_avg_3m,0.503,Increases Risk,numeric__attendance_subject_attendance_current,-0.482,Reduces Risk,numeric__placement_coding_score_avg_3m,0.462,Increases Risk
S2515,CSE,,9.62,1.0,82.2,74.6,100.0,84.1,91.2,95.1,87.8,3.0,2.0,3.0,1.0,4.4,4.43,83.26,100.0,Green,Reliable,0.321,1,Medium,0.287,1,Medium,15.39,Improving,17.23,Stable,17.23,Placement,Low,Yes,No immediate intervention,numeric__placement_coding_score_avg_3m,1.732,Increases Risk,numeric__skills_tech_skills_score_avg_3m,-1.424,Reduces Risk,numeric__academic_cgpa_current,0.854,Increases Risk,numeric__placement_aptitude_score_current,-0.76,Reduces Risk,numeric__skills_soft_skills_score_avg_3m,0.553,Increases Risk,numeric__engagement_hackathons_attended_current,0.859,Increases Risk,numeric__placement_coding_score_avg_3m,-0.853,Reduces Risk,numeric__placement_aptitude_score_current,0.741,Increases Risk,numeric__academic_internal_marks_avg_3m,-0.727,Reduces Risk,numeric__skills_soft_skills_score_std_3m,0.656,Increases Risk
S2516,ECE,,9.0,0.0,89.4,80.8,84.9,75.0,84.2,76.4,74.2,3.0,3.0,3.0,2.0,3.72,4.6,83.01,100.0,Green,Reliable,0.392,1,Medium,0.106,0,Low,23.55,Stable,6.36,Stable,23.55,Academic,Low,Yes,No immediate intervention,numeric__academic_warning_score,-0.668,Reduces Risk,numeric__engagement_club_participations_avg_3m,0.54,Increases Risk,numeric__lms_logins_per_week_slope_3m,-0.514,Reduces Risk,numeric__academic_cgpa_current,0.431,Increases Risk,categorical__department_ECE,0.346,Increases Risk,numeric__engagement_strength,-1.093,Reduces Risk,numeric__attendance_overall_attendance_current,-1.003,Reduces Risk,numeric__engagement_hackathons_attended_current,0.859,Increases Risk,numeric__attendance_overall_attendance_avg_3m,0.74,Increases Risk,numeric__attendance_subject_attendance_avg_3m,0.686,Increases Risk
S2517,CSE,,8.23,0.0,100.0,89.1,94.2,75.3,85.7,96.6,70.4,3.0,1.0,2.0,1.0,,,83.92,95.0,Green,Reliable,0.13,0,Low,0.233,1,Medium,6.23,Improving,13.96,Stable,13.96,Placement,Low,Yes,No immediate intervention,numeric__academic_warning_score,-0.934,Reduces Risk,numeric__lms_logins_per_week_slope_3m,0.761,Increases Risk,numeric__lms_assignment_completion_pct_avg_3m,0.755,Increases Risk,numeric__skills_tech_skills_score_avg_3m,-0.613,Reduces Risk,numeric__skills_soft_skills_score_avg_3m,0.527,Increases Risk,numeric__attendance_overall_attendance_current,-1.684,Reduces Risk,numeric__attendance_overall_attendance_avg_3m,1.102,Increases Risk,numeric__attendance_subject_attendance_current,-1.069,Reduces Risk,numeric__attendance_subject_attendance_avg_3m,1.043,Increases Risk,numeric__skills_soft_skills_score_std_3m,0.677,Increases Risk
S2518,IT,,9.55,0.0,88.6,82.5,92.5,84.3,77.6,93.7,77.0,2.0,1.0,2.0,3.0,3.89,4.73,84.17,100.0,Green,Reliable,0.038,0,Low,0.102,0,Low,2.74,Declining,6.13,Stable,6.13,Placement,Low,No,No immediate intervention,numeric__placement_coding_score_avg_3m,1.497,Increases Risk,numeric__skills_tech_skills_score_avg_3m,-1.114,Reduces Risk,numeric__academic_cgpa_current,0.806,Increases Risk,numeric__placement_aptitude_score_slope_3m,-0.774,Reduces Risk,numeric__feedback_faculty_rating_avg_3m,-0.74,Reduces Risk,numeric__attendance_overall_attendance_current,-0.992,Reduces Risk,numeric__engagement_certifications_count_current,0.937,Increases Risk,numeric__placement_aptitude_score_slope_3m,0.82,Increases Risk,numeric__placement_coding_score_avg_3m,-0.738,Reduces Risk,numeric__attendance_overall_attendance_avg_3m,0.561,Increases Risk
S2519,ECE,,9.05,0.0,78.4,82.6,76.1,73.5,85.3,76.5,80.1,,,,,4.51,3.6,80.76,100.0,Green,Reliable,0.313,1,Medium,0.323,1,Medium,15.02,Improving,19.38,Stable,19.38,Placement,Low,Yes,No immediate intervention,numeric__feedback_satisfaction_score_avg_3m,-0.934,Reduces Risk,numeric__skills_soft_skills_score_avg_3m,0.878,Increases Risk,numeric__attendance_declining_flag,-0.741,Reduces Risk,numeric__placement_coding_score_slope_3m,-0.667,Reduces Risk,numeric__lms_logins_per_week_slope_3m,-0.641,Reduces Risk,numeric__placement_coding_score_slope_3m,0.614,Increases Risk,numeric__feedback_faculty_rating_current,0.479,Increases Risk,numeric__placement_mock_interview_score_std_3m,-0.476,Reduces Risk,numeric__academic_internal_marks_slope_3m,-0.418,Reduces Risk,numeric__feedback_satisfaction_score_current,-0.417,Reduces Risk
S2520,CSE,,8.7,0.0,96.1,97.4,93.3,89.0,84.4,90.1,80.4,4.0,1.0,2.0,2.0,4.35,4.21,87.39,100.0,Green,Reliable,0.027,0,Low,0.043,0,Low,1.61,Stable,2.6,Stable,2.6,Placement,Low,No,No immediate intervention,numeric__lms_assignment_completion_pct_avg_3m,1.326,Increases Risk,numeric__feedback_satisfaction_score_avg_3m,-1.284,Reduces Risk,numeric__placement_coding_score_avg_3m,1.086,Increases Risk,numeric__placement_mock_interview_score_avg_3m,-0.991,Reduces Risk,numeric__academic_warning_score,-0.934,Reduces Risk,numeric__attendance_overall_attendance_current,-1.381,Reduces Risk,numeric__attendance_overall_attendance_avg_3m,1.124,Increases Risk,numeric__engagement_strength,-0.906,Reduces Risk,numeric__attendance_subject_attendance_current,-0.863,Reduces Risk,numeric__placement_mock_interview_score_avg_3m,-0.817,Reduces Risk
S2521,IT,,7.95,1.0,55.3,60.4,82.9,64.4,84.3,85.1,69.2,3.0,0.0,2.0,2.0,3.83,4.07,66.03,100.0,Amber,Reliable,0.711,1,High,0.7,1,High,51.2,Declining,42.02,Stable,51.2,Academic,Medium,Yes,Monitor student - 14d,numeric__academic_warning_score,1.59,Increases Risk,numeric__lms_assignment_completion_pct_avg_3m,-1.377,Reduces Risk,numeric__placement_coding_score_avg_3m,1.196,Increases Risk,numeric__skills_tech_skills_score_avg_3m,-1.095,Reduces Risk,numeric__feedback_satisfaction_score_avg_3m,0.982,Increases Risk,numeric__attendance_overall_attendance_current,2.61,Increases Risk,numeric__attendance_overall_attendance_avg_3m,-2.005,Reduces Risk,numeric__attendance_subject_attendance_current,1.296,Increases Risk,numeric__attendance_subject_attendance_avg_3m,-1.249,Reduces Risk,numeric__critical_attendance_flag,-0.998,Reduces Risk
S2522,INFORMATION TECH,,8.3,1.0,65.8,60.5,92.8,81.8,91.3,86.2,75.5,4.0,1.0,2.0,1.0,3.47,4.37,72.2,100.0,Green,Reliable,0.205,0,Low,0.557,1,High,14.79,Declining,33.44,Stable,33.44,Placement,Medium,Yes,Monitor student - 14d,numeric__academic_warning_score,1.59,Increases Risk,numeric__placement_coding_score_avg_3m,1.243,Increases Risk,numeric__skills_tech_skills_score_avg_3m,-1.04,Reduces Risk,numeric__lms_assignment_completion_pct_avg_3m,-0.933,Reduces Risk,numeric__placement_aptitude_score_current,-0.768,Reduces Risk,numeric__attendance_overall_attendance_current,1.02,Increases Risk,numeric__low_lms_flag,0.914,Increases Risk,numeric__placement_aptitude_score_current,0.749,Increases Risk,numeric__attendance_subject_attendance_current,0.74,Increases Risk,numeric__academic_warning_score,-0.635,Reduces Risk
S2523,ECE,,8.82,0.0,90.2,80.0,86.2,69.8,81.8,81.6,67.5,2.0,1.0,3.0,1.0,3.71,4.94,81.54,100.0,Green,Reliable,0.381,1,Medium,0.145,0,Low,27.45,Declining,8.69,Stable,27.45,Academic,Low,Yes,No immediate intervention,numeric__feedback_faculty_rating_current,-0.489,Reduces Risk,numeric__cgpa_declining_flag,0.487,Increases Risk,numeric__feedback_satisfaction_score_avg_3m,-0.379,Reduces Risk,numeric__attendance_overall_attendance_std_3m,-0.367,Reduces Risk,numeric__feedback_faculty_rating_avg_3m,-0.354,Reduces Risk,numeric__attendance_overall_attendance_current,-0.992,Reduces Risk,numeric__engagement_hackathons_attended_current,0.859,Increases Risk,numeric__feedback_satisfaction_score_slope_3m,-0.858,Reduces Risk,numeric__attendance_overall_attendance_avg_3m,0.612,Increases Risk,numeric__feedback_faculty_rating_current,-0.605,Reduces Risk
S2524,CIVIL,,8.39,0.0,98.2,79.4,67.7,68.3,80.9,79.7,69.8,3.0,1.0,1.0,2.0,3.7,3.8,80.13,100.0,Green,Reliable,0.061,0,Low,0.404,1,Medium,3.64,Stable,24.27,Stable,24.27,Placement,Low,Yes,No immediate intervention,numeric__academic_warning_score,-0.934,Reduces Risk,numeric__placement_coding_score_avg_3m,-0.74,Reduces Risk,numeric__placement_coding_score_slope_3m,-0.65,Reduces Risk,numeric__feedback_faculty_rating_avg_3m,0.646,Increases Risk,numeric__engagement_events_attended_slope_3m,-0.564,Reduces Risk,numeric__attendance_overall_attendance_current,-1.662,Reduces Risk,numeric__engagement_hackathons_attended_current,-1.05,Reduces Risk,numeric__attendance_subject_attendance_current,-0.974,Reduces Risk,numeric__attendance_overall_attendance_avg_3m,0.887,Increases Risk,numeric__attendance_subject_attendance_avg_3m,0.759,Increases Risk
S2525,MECH,,7.55,2.0,70.5,85.1,80.1,75.6,80.5,81.0,72.7,3.0,1.0,2.0,2.0,4.29,4.35,71.02,100.0,Green,Reliable,0.038,0,Low,0.499,1,Medium,4.54,Declining,29.92,Stable,29.92,Placement,Low,Yes,No immediate intervention,numeric__feedback_satisfaction_score_avg_3m,-1.133,Reduces Risk,numeric__academic_warning_score,0.926,Increases Risk,numeric__academic_backlogs_slope_3m,0.781,Increases Risk,numeric__academic_backlogs_avg_3m,-0.749,Reduces Risk,numeric__attendance_declining_flag,-0.741,Reduces Risk,numeric__attendance_overall_attendance_current,0.771,Increases Risk,numeric__low_attendance_flag,-0.492,Reduces Risk,numeric__attendance_subject_attendance_current,0.492,Increases Risk,numeric__feedback_satisfaction_score_slope_3m,-0.44,Reduces Risk,numeric__placement_aptitude_score_slope_3m,0.424,Increases Risk
S2526,ECE,,9.1,0.0,71.8,62.5,87.7,65.3,93.2,78.6,62.9,2.0,0.0,5.0,2.0,2.92,3.95,76.71,100.0,Green,Reliable,0.417,1,Medium,0.811,1,High,20.0,Improving,48.67,Stable,48.67,Placement,Medium,Yes,Monitor student - 14d,numeric__engagement_hackathons_attended_std_3m,1.074,Increases Risk,numeric__engagement_hackathons_attended_current,1.034,Increases Risk,numeric__placement_aptitude_score_current,-0.916,Reduces Risk,numeric__feedback_satisfaction_score_avg_3m,0.89,Increases Risk,numeric__feedback_satisfaction_score_current,-0.876,Reduces Risk,numeric__engagement_hackathons_attended_current,2.768,Increases Risk,numeric__engagement_strength,-2.027,Reduces Risk,numeric__attendance_overall_attendance_current,1.107,Increases Risk,numeric__placement_aptitude_score_current,0.894,Increases Risk,numeric__attendance_overall_attendance_avg_3m,-0.863,Reduces Risk
S2527,CIVIL,,8.63,0.0,91.8,88.6,83.5,83.2,81.0,77.9,83.2,2.0,1.0,2.0,1.0,3.8,3.66,80.76,100.0,Green,Reliable,0.128,0,Low,0.356,1,Medium,7.67,Stable,21.34,Stable,21.34,Placement,Low,Yes,No immediate intervention,numeric__lms_assignment_completion_pct_avg_3m,0.781,Increases Risk,numeric__attendance_declining_flag,-0.741,Reduces Risk,numeric__skills_tech_skills_score_avg_3m,0.612,Increases Risk,numeric__engagement_hackathons_attended_std_3m,-0.556,Reduces Risk,numeric__placement_coding_score_avg_3m,-0.555,Reduces Risk,numeric__attendance_overall_attendance_current,-1.316,Reduces Risk,numeric__attendance_overall_attendance_avg_3m,0.927,Increases Risk,numeric__engagement_strength,0.775,Increases Risk,numeric__attendance_subject_attendance_avg_3m,0.739,Increases Risk,numeric__attendance_subject_attendance_current,-0.635,Reduces Risk
S2528,IT,,7.5,1.0,84.3,83.1,73.4,60.8,66.4,71.0,62.9,2.0,2.0,1.0,2.0,3.34,3.62,71.35,100.0,Green,Reliable,0.534,1,Medium,0.206,1,Medium,32.06,Stable,12.39,Stable,32.06,Academic,Medium,Yes,Monitor student - 14d,numeric__placement_aptitude_score_current,1.175,Increases Risk,numeric__placement_coding_score_avg_3m,-0.687,Reduces Risk,numeric__placement_mock_interview_score_avg_3m,0.66,Increases Risk,numeric__attendance_overall_attendance_std_3m,0.624,Increases Risk,numeric__academic_cgpa_current,-0.593,Reduces Risk,numeric__placement_aptitude_score_current,-1.147,Reduces Risk,numeric__engagement_hackathons_attended_current,-1.05,Reduces Risk,numeric__engagement_strength,0.962,Increases Risk,numeric__placement_mock_interview_score_current,0.811,Increases Risk,numeric__placement_mock_interview_score_avg_3m,0.544,Increases Risk
S2529,IT,,9.78,0.0,89.9,98.1,100.0,94.0,92.6,89.6,96.3,4.0,1.0,4.0,1.0,4.04,4.81,92.34,100.0,Green,Reliable,0.099,0,Low,0.041,0,Low,4.76,Improving,2.47,Stable,4.76,Academic,Low,No,No immediate intervention,numeric__placement_coding_score_avg_3m,1.619,Increases Risk,numeric__skills_soft_skills_score_avg_3m,1.438,Increases Risk,numeric__skills_tech_skills_score_avg_3m,-1.347,Reduces Risk,numeric__placement_mock_interview_score_avg_3m,-1.207,Reduces Risk,numeric__lms_assignment_completion_pct_avg_3m,1.174,Increases Risk,numeric__engagement_strength,-1.84,Reduces Risk,numeric__engagement_hackathons_attended_current,1.814,Increases Risk,numeric__attendance_overall_attendance_current,-1.165,Reduces Risk,numeric__placement_mock_interview_score_current,-1.079,Reduces Risk,numeric__placement_mock_interview_score_avg_3m,-0.995,Reduces Risk
S2530,CSE,,7.21,2.0,58.6,72.5,85.6,75.7,82.0,87.6,69.3,5.0,1.0,3.0,1.0,,4.25,66.11,100.0,Amber,Reliable,0.336,1,Medium,0.003,0,Low,40.31,Declining,0.17,Stable,40.31,Academic,Medium,Yes,Monitor student - 14d,numeric__academic_warning_score,1.988,Increases Risk,numeric__attendance_overall_attendance_std_3m,1.825,Increases Risk,numeric__academic_cgpa_std_3m,-1.118,Reduces Risk,numeric__engagement_events_attended_slope_3m,1.028,Increases Risk,numeric__lms_logins_per_week_slope_3m,-0.896,Reduces Risk,numeric__attendance_overall_attendance_current,2.058,Increases Risk,numeric__engagement_strength,-1.653,Reduces Risk,numeric__attendance_overall_attendance_std_3m,-1.266,Reduces Risk,numeric__attendance_overall_attendance_slope_3m,-1.183,Reduces Risk,numeric__attendance_subject_attendance_current,1.121,Increases Risk
S2531,CIVIL,,9.24,0.0,85.7,71.7,84.2,74.8,82.0,80.6,78.0,2.0,1.0,3.0,1.0,,,82.24,95.0,Green,Reliable,0.195,0,Low,0.388,1,Medium,11.68,Stable,23.3,Stable,23.3,Placement,Low,Yes,No immediate intervention,numeric__academic_warning_score,-0.934,Reduces Risk,numeric__placement_coding_score_slope_3m,0.643,Increases Risk,numeric__academic_cgpa_current,0.594,Increases Risk,numeric__placement_coding_score_avg_3m,-0.483,Reduces Risk,numeric__attendance_declining_flag,0.333,Increases Risk,numeric__engagement_hackathons_attended_current,0.859,Increases Risk,numeric__attendance_overall_attendance_current,-0.732,Reduces Risk,numeric__academic_internal_marks_avg_3m,-0.685,Reduces Risk,numeric__placement_coding_score_slope_3m,-0.593,Reduces Risk,numeric__attendance_subject_attendance_avg_3m,0.592,Increases Risk
S2532,ECE,,9.02,2.0,70.4,80.4,84.2,77.0,77.7,82.7,76.6,5.0,2.0,1.0,2.0,,4.3,74.9,80.0,Green,Reliable,0.644,1,High,0.002,0,Low,51.52,Improving,0.14,Stable,51.52,Academic,Medium,Yes,Monitor student - 14d,numeric__academic_backlogs_avg_3m,-0.956,Reduces Risk,numeric__attendance_declining_flag,-0.741,Reduces Risk,numeric__feedback_satisfaction_score_missing,-0.713,Reduces Risk,numeric__engagement_events_attended_slope_3m,0.71,Increases Risk,numeric__attendance_overall_attendance_std_3m,0.567,Increases Risk,numeric__feedback_satisfaction_score_slope_3m,-1.19,Reduces Risk,numeric__engagement_hackathons_attended_current,-1.05,Reduces Risk,numeric__attendance_overall_attendance_avg_3m,-0.726,Reduces Risk,numeric__engagement_strength,-0.719,Reduces Risk,numeric__engagement_events_attended_current,0.689,Increases Risk
S2533,CIVIL,,7.58,2.0,58.0,57.2,80.0,62.4,70.5,77.8,61.1,2.0,2.0,3.0,2.0,3.37,4.03,60.32,100.0,Amber,Reliable,0.35,1,Medium,0.35,1,Medium,42.02,Declining,20.98,Stable,42.02,Academic,Medium,Yes,Monitor student - 14d,numeric__academic_warning_score,1.988,Increases Risk,numeric__lms_assignment_completion_pct_avg_3m,-1.668,Reduces Risk,numeric__skills_soft_skills_score_avg_3m,-0.995,Reduces Risk,numeric__academic_backlogs_avg_3m,-0.956,Reduces Risk,numeric__placement_aptitude_score_current,0.855,Increases Risk,numeric__attendance_overall_attendance_current,2.924,Increases Risk,numeric__attendance_overall_attendance_avg_3m,-1.535,Reduces Risk,numeric__attendance_subject_attendance_current,1.153,Increases Risk,numeric__attendance_subject_attendance_avg_3m,-1.058,Reduces Risk,numeric__critical_attendance_flag,-0.998,Reduces Risk
S2534,CSE,,9.32,0.0,72.4,80.1,99.1,70.9,81.1,95.9,66.3,,,,,,,80.3,95.0,Green,Reliable,0.103,0,Low,0.075,0,Low,4.96,Improving,4.51,Stable,4.96,Academic,Low,No,No immediate intervention,numeric__placement_coding_score_avg_3m,1.105,Increases Risk,numeric__skills_tech_skills_score_avg_3m,-1.102,Reduces Risk,numeric__attendance_declining_flag,-0.741,Reduces Risk,numeric__academic_cgpa_current,0.649,Increases Risk,numeric__placement_coding_score_current,-0.516,Reduces Risk,numeric__attendance_overall_attendance_current,0.706,Increases Risk,numeric__academic_internal_marks_avg_3m,-0.678,Reduces Risk,numeric__placement_coding_score_avg_3m,-0.544,Reduces Risk,numeric__skills_tech_skills_score_avg_3m,0.496,Increases Risk,numeric__low_attendance_flag,-0.492,Reduces Risk
S2535,MECH,,7.34,1.0,75.7,85.1,55.0,67.1,65.8,54.8,65.5,3.0,2.0,2.0,1.0,4.73,3.67,70.76,100.0,Green,Reliable,0.59,1,Medium,0.55,1,High,28.3,Improving,33.01,Stable,33.01,Placement,Medium,Yes,Monitor student - 14d,numeric__placement_coding_score_avg_3m,-2.378,Reduces Risk,numeric__skills_tech_skills_score_avg_3m,1.966,Increases Risk,numeric__placement_aptitude_score_current,1.221,Increases Risk,numeric__feedback_satisfaction_score_avg_3m,-1.012,Reduces Risk,numeric__placement_coding_score_current,0.785,Increases Risk,numeric__low_coding_flag,1.487,Increases Risk,numeric__placement_aptitude_score_current,-1.193,Reduces Risk,numeric__placement_coding_score_avg_3m,1.172,Increases Risk,numeric__academic_internal_marks_avg_3m,0.912,Increases Risk,numeric__skills_tech_skills_score_avg_3m,-0.886,Reduces Risk
S2536,CIVIL ENGINEERING,,7.47,0.0,57.8,61.6,85.7,69.4,91.7,85.8,66.9,1.0,1.0,2.0,2.0,3.58,4.77,67.46,100.0,Amber,Reliable,0.028,0,Low,0.643,1,High,2.04,Declining,38.57,Stable,38.57,Placement,Medium,Yes,Monitor student - 14d,numeric__lms_assignment_completion_pct_avg_3m,-1.457,Reduces Risk,numeric__academic_warning_score,1.191,Increases Risk,numeric__feedback_satisfaction_score_avg_3m,0.924,Increases Risk,numeric__engagement_events_attended_slope_3m,-0.882,Reduces Risk,numeric__placement_aptitude_score_current,-0.799,Reduces Risk,numeric__attendance_overall_attendance_current,2.578,Increases Risk,numeric__attendance_overall_attendance_avg_3m,-1.826,Reduces Risk,numeric__attendance_subject_attendance_avg_3m,-1.28,Reduces Risk,numeric__attendance_subject_attendance_current,1.164,Increases Risk,numeric__critical_attendance_flag,-0.998,Reduces Risk
S2537,IT,,8.74,1.0,90.8,83.7,89.4,93.8,84.1,88.7,92.2,6.0,1.0,4.0,1.0,4.13,5.0,84.04,100.0,Green,Reliable,0.45,1,Medium,0.05,0,Low,32.37,Declining,3.01,Stable,32.37,Academic,Medium,Yes,Monitor student - 14d,numeric__placement_coding_score_avg_3m,1.302,Increases Risk,numeric__lms_assignment_completion_pct_avg_3m,0.999,Increases Risk,numeric__skills_soft_skills_score_avg_3m,0.927,Increases Risk,numeric__engagement_strength,-0.863,Reduces Risk,numeric__skills_tech_skills_score_avg_3m,-0.801,Reduces Risk,numeric__engagement_strength,-2.96,Reduces Risk,numeric__engagement_hackathons_attended_current,1.814,Increases Risk,numeric__placement_mock_interview_score_current,-1.067,Reduces Risk,numeric__engagement_events_attended_current,1.019,Increases Risk,numeric__attendance_overall_attendance_current,-0.84,Reduces Risk
S2538,CIVIL,,6.4,0.0,85.0,79.1,56.4,58.1,67.3,56.6,63.9,3.0,1.0,1.0,1.0,3.66,3.84,68.2,100.0,Amber,Reliable,0.419,1,Medium,0.769,1,High,33.54,Stable,46.15,Stable,46.15,Placement,Medium,Yes,Academic mentoring - Faculty - 7d,numeric__placement_coding_score_avg_3m,-2.836,Reduces Risk,numeric__skills_tech_skills_score_avg_3m,2.283,Increases Risk,numeric__academic_cgpa_current,-1.343,Reduces Risk,numeric__placement_aptitude_score_current,1.104,Increases Risk,numeric__lms_logins_per_week_slope_3m,-1.024,Reduces Risk,numeric__academic_internal_marks_avg_3m,1.554,Increases Risk,numeric__low_coding_flag,1.487,Increases Risk,numeric__placement_coding_score_avg_3m,1.397,Increases Risk,numeric__placement_aptitude_score_current,-1.078,Reduces Risk,numeric__engagement_hackathons_attended_current,-1.05,Reduces Risk
S2539,COMP SCI,,7.01,1.0,69.8,76.7,83.8,69.4,76.2,72.7,64.5,3.0,1.0,2.0,2.0,,4.13,69.25,100.0,Amber,Reliable,0.359,1,Medium,0.079,0,Low,25.87,Declining,4.75,Stable,25.87,Academic,Low,Yes,No immediate intervention,numeric__academic_cgpa_current,-0.927,Reduces Risk,numeric__academic_backlogs_slope_3m,0.781,Increases Risk,numeric__feedback_satisfaction_score_missing,-0.713,Reduces Risk,numeric__feedback_satisfaction_score_avg_3m,-0.637,Reduces Risk,numeric__academic_warning_score,0.527,Increases Risk,numeric__attendance_overall_attendance_current,0.771,Increases Risk,numeric__academic_internal_marks_avg_3m,0.682,Increases Risk,numeric__attendance_overall_attendance_avg_3m,-0.573,Reduces Risk,numeric__academic_cgpa_avg_3m,0.541,Increases Risk,numeric__attendance_subject_attendance_current,0.529,Increases Risk
S2540,ECE,,9.55,0.0,95.7,79.8,76.6,89.9,84.4,76.1,85.7,3.0,2.0,4.0,1.0,,,86.4,95.0,Green,Reliable,0.409,1,Medium,0.075,0,Low,19.61,Improving,4.48,Stable,19.61,Academic,Low,Yes,No immediate intervention,numeric__academic_cgpa_current,0.806,Increases Risk,numeric__engagement_hackathons_attended_current,0.678,Increases Risk,numeric__academic_warning_score,-0.668,Reduces Risk,numeric__skills_soft_skills_score_avg_3m,0.584,Increases Risk,numeric__placement_mock_interview_score_current,-0.555,Reduces Risk,numeric__engagement_hackathons_attended_current,1.814,Increases Risk,numeric__attendance_overall_attendance_current,-1.554,Reduces Risk,numeric__engagement_strength,-1.279,Reduces Risk,numeric__attendance_overall_attendance_avg_3m,0.935,Increases Risk,numeric__placement_mock_interview_score_current,-0.845,Reduces Risk
S2541,MECH,,7.87,0.0,87.0,89.7,73.0,85.7,75.7,78.1,89.2,3.0,1.0,1.0,2.0,4.23,3.54,82.1,100.0,Green,Reliable,0.214,0,Low,0.484,1,Medium,15.44,Declining,29.03,Stable,29.03,Placement,Low,Yes,No immediate intervention,numeric__lms_assignment_completion_pct_avg_3m,1.082,Increases Risk,numeric__academic_warning_score,-0.934,Reduces Risk,numeric__placement_coding_score_avg_3m,-0.715,Reduces Risk,numeric__skills_soft_skills_score_avg_3m,0.529,Increases Risk,numeric__skills_tech_skills_score_avg_3m,0.498,Increases Risk,numeric__attendance_overall_attendance_current,-1.273,Reduces Risk,numeric__engagement_hackathons_attended_current,-1.05,Reduces Risk,numeric__attendance_overall_attendance_avg_3m,0.657,Increases Risk,numeric__placement_mock_interview_score_current,-0.606,Reduces Risk,numeric__feedback_faculty_rating_current,0.528,Increases Risk
S2542,MECH,,7.64,0.0,55.3,68.2,93.1,68.8,76.0,94.0,74.5,4.0,1.0,3.0,2.0,3.96,4.1,70.74,100.0,Green,Reliable,0.522,1,Medium,0.262,1,Medium,37.59,Declining,15.73,Stable,37.59,Academic,Medium,Yes,Monitor student - 14d,numeric__academic_warning_score,0.926,Increases Risk,numeric__lms_assignment_completion_pct_avg_3m,-0.872,Reduces Risk,numeric__attendance_overall_attendance_avg_3m,0.712,Increases Risk,numeric__engagement_events_attended_slope_3m,0.71,Increases Risk,numeric__academic_cgpa_current,-0.497,Reduces Risk,numeric__attendance_overall_attendance_current,2.469,Increases Risk,numeric__attendance_overall_attendance_avg_3m,-1.957,Reduces Risk,numeric__engagement_strength,-1.653,Reduces Risk,numeric__attendance_subject_attendance_avg_3m,-1.383,Reduces Risk,numeric__attendance_subject_attendance_current,1.296,Increases Risk
S2543,IT,,9.4,0.0,100.0,90.1,99.5,92.4,92.0,88.4,85.4,5.0,2.0,2.0,1.0,4.48,4.69,91.03,100.0,Green,Reliable,0.079,0,Low,0.138,0,Low,4.74,Stable,8.3,Stable,8.3,Placement,Low,No,No immediate intervention,numeric__placement_coding_score_avg_3m,1.707,Increases Risk,numeric__skills_tech_skills_score_avg_3m,-1.08,Reduces Risk,numeric__placement_mock_interview_score_avg_3m,-1.03,Reduces Risk,numeric__academic_warning_score,-0.934,Reduces Risk,numeric__skills_soft_skills_score_avg_3m,0.909,Increases Risk,numeric__attendance_overall_attendance_current,-2.106,Reduces Risk,numeric__attendance_overall_attendance_avg_3m,1.473,Increases Risk,numeric__attendance_subject_attendance_avg_3m,1.124,Increases Risk,numeric__attendance_subject_attendance_current,-1.069,Reduces Risk,numeric__placement_mock_interview_score_current,-0.988,Reduces Risk
S2544,CIVIL,,6.81,3.0,98.1,91.4,56.6,70.3,57.3,60.4,73.2,3.0,4.0,1.0,0.0,4.47,3.41,69.23,100.0,Amber,Reliable,0.05,0,Low,0.662,1,High,4.03,Improving,39.74,Stable,39.74,Placement,Medium,Yes,Monitor student - 14d,numeric__placement_coding_score_avg_3m,-2.704,Reduces Risk,numeric__skills_tech_skills_score_avg_3m,1.942,Increases Risk,numeric__placement_aptitude_score_current,1.884,Increases Risk,numeric__academic_backlogs_avg_3m,-1.576,Reduces Risk,numeric__academic_cgpa_current,-1.063,Reduces Risk,numeric__attendance_overall_attendance_current,-2.041,Reduces Risk,numeric__low_aptitude_flag,-1.906,Reduces Risk,numeric__placement_aptitude_score_current,-1.84,Reduces Risk,numeric__engagement_strength,1.522,Increases Risk,numeric__low_coding_flag,1.487,Increases Risk
S2545,ECE,,8.78,1.0,71.2,67.9,84.8,57.3,84.3,81.0,64.9,1.0,0.0,3.0,2.0,2.4,3.96,69.75,100.0,Amber,Reliable,0.651,1,High,0.648,1,High,31.26,Improving,38.86,Stable,38.86,Placement,Medium,Yes,Monitor student - 14d,numeric__feedback_satisfaction_score_avg_3m,1.775,Increases Risk,numeric__feedback_satisfaction_score_current,-1.323,Reduces Risk,numeric__lms_assignment_completion_pct_avg_3m,-1.187,Reduces Risk,numeric__placement_mock_interview_score_avg_3m,0.971,Increases Risk,numeric__skills_soft_skills_score_avg_3m,-0.809,Reduces Risk,numeric__attendance_overall_attendance_current,1.355,Increases Risk,numeric__attendance_overall_attendance_avg_3m,-1.214,Reduces Risk,numeric__feedback_satisfaction_score_current,1.125,Increases Risk,numeric__placement_mock_interview_score_current,1.01,Increases Risk,numeric__low_lms_flag,0.914,Increases Risk
S2546,CIVIL,,6.91,0.0,73.2,77.7,67.5,79.8,82.1,75.4,73.6,5.0,1.0,1.0,2.0,4.36,4.61,73.29,100.0,Green,Reliable,0.058,0,Low,0.358,1,Medium,4.18,Declining,21.5,Stable,21.5,Placement,Low,Yes,No immediate intervention,numeric__academic_cgpa_current,-0.995,Reduces Risk,numeric__placement_coding_score_avg_3m,-0.847,Reduces Risk,numeric__academic_warning_score,0.793,Increases Risk,numeric__attendance_declining_flag,-0.741,Reduces Risk,numeric__skills_tech_skills_score_avg_3m,0.581,Increases Risk,numeric__engagement_hackathons_attended_current,-1.05,Reduces Risk,numeric__academic_internal_marks_avg_3m,0.983,Increases Risk,numeric__skills_soft_skills_score_std_3m,0.955,Increases Risk,numeric__engagement_strength,-0.719,Reduces Risk,numeric__engagement_events_attended_current,0.689,Increases Risk
S2547,CSE,,8.94,0.0,93.8,92.3,95.9,87.2,84.3,91.3,83.6,3.0,1.0,3.0,1.0,,,90.01,95.0,Green,Reliable,0.147,0,Low,0.062,0,Low,7.07,Improving,3.74,Stable,7.07,Academic,Low,No,No immediate intervention,numeric__placement_coding_score_avg_3m,1.381,Increases Risk,numeric__skills_tech_skills_score_avg_3m,-1.016,Reduces Risk,numeric__lms_assignment_completion_pct_avg_3m,0.942,Increases Risk,numeric__academic_warning_score,-0.934,Reduces Risk,numeric__lms_logins_per_week_slope_3m,0.761,Increases Risk,numeric__attendance_overall_attendance_current,-2.171,Reduces Risk,numeric__attendance_overall_attendance_avg_3m,1.243,Increases Risk,numeric__attendance_subject_attendance_avg_3m,0.867,Increases Risk,numeric__engagement_hackathons_attended_current,0.859,Increases Risk,numeric__attendance_subject_attendance_current,-0.741,Reduces Risk
S2548,CIVIL,,7.86,0.0,84.4,97.7,71.9,72.9,77.7,79.0,71.7,3.0,3.0,1.0,3.0,4.88,3.53,81.26,100.0,Green,Reliable,0.105,0,Low,0.726,1,High,6.28,Stable,43.53,Stable,43.53,Placement,Medium,Yes,Monitor student - 14d,numeric__placement_coding_score_avg_3m,-1.233,Reduces Risk,numeric__lms_assignment_completion_pct_avg_3m,1.165,Increases Risk,numeric__skills_tech_skills_score_avg_3m,1.106,Increases Risk,numeric__feedback_satisfaction_score_avg_3m,-0.982,Reduces Risk,numeric__feedback_satisfaction_score_current,0.811,Increases Risk,numeric__engagement_hackathons_attended_current,-1.05,Reduces Risk,numeric__engagement_certifications_count_current,0.937,Increases Risk,numeric__attendance_overall_attendance_avg_3m,0.92,Increases Risk,numeric__attendance_overall_attendance_current,-0.829,Reduces Risk,numeric__feedback_satisfaction_score_current,-0.688,Reduces Risk
S2549,CIVIL,,9.4,1.0,85.0,88.9,97.9,86.8,90.0,95.2,87.5,3.0,2.0,2.0,2.0,4.13,4.89,84.98,100.0,Green,Reliable,0.145,0,Low,0.22,1,Medium,10.45,Declining,13.18,Stable,13.18,Placement,Low,Yes,No immediate intervention,numeric__skills_soft_skills_score_avg_3m,1.187,Increases Risk,numeric__placement_mock_interview_score_avg_3m,-0.981,Reduces Risk,numeric__placement_coding_score_avg_3m,0.898,Increases Risk,numeric__skills_tech_skills_score_avg_3m,-0.761,Reduces Risk,numeric__academic_cgpa_current,0.704,Increases Risk,numeric__placement_mock_interview_score_avg_3m,-0.809,Reduces Risk,numeric__attendance_subject_attendance_avg_3m,0.712,Increases Risk,numeric__placement_mock_interview_score_current,-0.669,Reduces Risk,numeric__attendance_overall_attendance_current,-0.656,Reduces Risk,numeric__placement_aptitude_score_current,0.65,Increases Risk
S2550,CIVIL,,9.6,0.0,77.2,57.3,88.7,66.8,91.5,83.8,76.1,3.0,0.0,3.0,1.0,2.92,4.57,78.23,100.0,Green,Reliable,0.274,0,Low,0.721,1,High,13.17,Improving,43.24,Stable,43.24,Placement,Medium,Yes,Monitor student - 14d,numeric__feedback_satisfaction_score_avg_3m,1.22,Increases Risk,numeric__lms_assignment_completion_pct_avg_3m,-1.201,Reduces Risk,numeric__feedback_satisfaction_score_current,-0.876,Reduces Risk,numeric__academic_cgpa_current,0.84,Increases Risk,numeric__placement_aptitude_score_current,-0.783,Reduces Risk,numeric__low_lms_flag,0.914,Increases Risk,numeric__academic_internal_marks_avg_3m,-0.874,Reduces Risk,numeric__engagement_hackathons_attended_current,0.859,Increases Risk,numeric__placement_aptitude_score_current,0.764,Increases Risk,numeric__feedback_satisfaction_score_current,0.745,Increases Risk
S2551,CIVIL,,9.37,0.0,71.8,85.6,88.9,87.4,89.8,88.7,82.3,2.0,2.0,3.0,2.0,4.09,4.4,83.05,100.0,Green,Reliable,0.058,0,Low,0.119,0,Low,3.46,Stable,7.15,Stable,7.15,Placement,Low,No,No immediate intervention,numeric__attendance_declining_flag,-0.741,Reduces Risk,numeric__placement_coding_score_avg_3m,0.694,Increases Risk,numeric__academic_cgpa_current,0.683,Increases Risk,numeric__skills_soft_skills_score_avg_3m,0.66,Increases Risk,numeric__skills_tech_skills_score_avg_3m,-0.656,Reduces Risk,numeric__attendance_overall_attendance_current,1.031,Increases Risk,numeric__engagement_hackathons_attended_current,0.859,Increases Risk,numeric__academic_internal_marks_avg_3m,-0.729,Reduces Risk,numeric__placement_mock_interview_score_current,-0.703,Reduces Risk,numeric__placement_aptitude_score_current,0.635,Increases Risk
S2552,ECE,,8.36,1.0,80.0,91.5,64.6,72.5,86.9,70.8,74.0,6.0,3.0,2.0,3.0,4.16,3.99,79.44,100.0,Green,Reliable,0.295,0,Low,0.784,1,High,21.27,Declining,47.02,Stable,47.02,Placement,Medium,Yes,Monitor student - 14d,numeric__engagement_events_attended_slope_3m,1.347,Increases Risk,numeric__placement_coding_score_slope_3m,-0.858,Reduces Risk,numeric__engagement_strength,-0.754,Reduces Risk,numeric__lms_assignment_completion_pct_avg_3m,0.591,Increases Risk,numeric__engagement_hackathons_attended_std_3m,-0.556,Reduces Risk,numeric__engagement_strength,-2.587,Reduces Risk,numeric__engagement_events_attended_current,1.019,Increases Risk,numeric__engagement_certifications_count_current,0.937,Increases Risk,numeric__attendance_overall_attendance_current,-0.873,Reduces Risk,numeric__placement_coding_score_slope_3m,0.791,Increases Risk
S2553,IT DEPT,,7.32,1.0,91.0,80.4,57.5,67.3,,53.9,76.4,3.0,2.0,2.0,0.0,3.77,3.12,71.21,100.0,Green,Reliable,0.567,1,Medium,0.953,1,High,27.22,Improving,57.2,Stable,57.2,Placement,Medium,Yes,Monitor student - 14d,numeric__placement_coding_score_avg_3m,-1.543,Reduces Risk,numeric__skills_tech_skills_score_avg_3m,1.438,Increases Risk,numeric__feedback_faculty_rating_avg_3m,0.979,Increases Risk,numeric__placement_mock_interview_score_avg_3m,0.773,Increases Risk,numeric__low_technical_skill_flag,0.768,Increases Risk,numeric__low_coding_flag,1.487,Increases Risk,numeric__feedback_faculty_rating_current,0.868,Increases Risk,numeric__placement_aptitude_score_missing,-0.831,Reduces Risk,numeric__engagement_strength,0.775,Increases Risk,numeric__placement_coding_score_avg_3m,0.76,Increases Risk
S2554,MECH,,9.73,0.0,65.8,62.5,81.3,71.0,84.6,76.9,71.7,1.0,0.0,3.0,2.0,3.36,4.81,75.43,100.0,Green,Reliable,0.224,0,Low,0.096,0,Low,10.73,Improving,5.79,Stable,10.73,Academic,Low,No,No immediate intervention,numeric__lms_assignment_completion_pct_avg_3m,-1.246,Reduces Risk,numeric__academic_cgpa_current,0.929,Increases Risk,numeric__feedback_satisfaction_score_avg_3m,0.671,Increases Risk,numeric__feedback_faculty_rating_avg_3m,-0.65,Reduces Risk,numeric__lms_assignment_completion_pct_current,0.595,Increases Risk,numeric__attendance_overall_attendance_current,1.464,Increases Risk,numeric__attendance_overall_attendance_avg_3m,-1.194,Reduces Risk,numeric__academic_internal_marks_avg_3m,-1.189,Reduces Risk,numeric__attendance_subject_attendance_avg_3m,-0.961,Reduces Risk,numeric__low_lms_flag,0.914,Increases Risk
S2555,MECH,,9.16,0.0,83.1,91.0,87.3,92.0,85.9,95.0,79.8,4.0,1.0,2.0,3.0,,4.67,86.4,100.0,Green,Reliable,0.003,0,Low,0.154,0,Low,0.17,Stable,9.23,Stable,9.23,Placement,Low,No,No immediate intervention,numeric__feedback_satisfaction_score_avg_3m,-1.024,Reduces Risk,numeric__skills_tech_skills_score_avg_3m,-0.951,Reduces Risk,numeric__skills_soft_skills_score_avg_3m,0.872,Increases Risk,numeric__placement_mock_interview_score_avg_3m,-0.79,Reduces Risk,numeric__placement_coding_score_avg_3m,0.731,Increases Risk,numeric__engagement_strength,-1.466,Reduces Risk,numeric__attendance_overall_attendance_current,-1.251,Reduces Risk,numeric__attendance_overall_attendance_avg_3m,0.968,Increases Risk,numeric__placement_mock_interview_score_current,-0.965,Reduces Risk,numeric__engagement_certifications_count_current,0.937,Increases Risk
S2556,ECE,,8.09,0.0,82.5,91.6,71.2,76.2,78.4,76.2,85.6,5.0,1.0,1.0,1.0,4.67,3.94,80.16,100.0,Green,Reliable,0.124,0,Low,0.644,1,High,5.95,Improving,38.62,Stable,38.62,Placement,Medium,Yes,Monitor student - 14d,numeric__placement_coding_score_avg_3m,-1.192,Reduces Risk,numeric__attendance_declining_flag,-0.741,Reduces Risk,numeric__engagement_events_attended_slope_3m,0.71,Increases Risk,numeric__feedback_satisfaction_score_current,0.63,Increases Risk,numeric__feedback_satisfaction_score_avg_3m,-0.622,Reduces Risk,numeric__engagement_hackathons_attended_current,-1.05,Reduces Risk,numeric__engagement_events_attended_current,0.689,Increases Risk,numeric__feedback_satisfaction_score_slope_3m,0.667,Increases Risk,numeric__placement_coding_score_avg_3m,0.587,Increases Risk,numeric__attendance_overall_attendance_current,-0.548,Reduces Risk
S2557,CIVIL,,,0.0,68.5,71.8,77.8,59.0,73.0,79.9,61.3,3.0,2.0,2.0,4.0,3.96,4.41,67.58,65.0,Amber,Reliable,0.0,0,Low,0.06,0,Low,0.0,Improving,3.61,Stable,3.61,Placement,Low,No,No immediate intervention,numeric__academic_cgpa_missing,-6.778,Reduces Risk,numeric__skills_soft_skills_score_avg_3m,-0.896,Reduces Risk,numeric__attendance_declining_flag,-0.741,Reduces Risk,numeric__placement_aptitude_score_current,0.66,Increases Risk,numeric__placement_mock_interview_score_avg_3m,0.629,Increases Risk,numeric__academic_cgpa_missing,-1.515,Reduces Risk,numeric__engagement_certifications_count_current,1.482,Increases Risk,numeric__engagement_strength,-1.466,Reduces Risk,numeric__placement_mock_interview_score_current,0.913,Increases Risk,numeric__attendance_overall_attendance_current,0.728,Increases Risk
S2558,CIVIL,,8.37,0.0,86.9,76.1,80.8,77.6,84.8,73.3,75.8,3.0,2.0,3.0,1.0,3.63,4.41,78.61,100.0,Green,Reliable,0.451,1,Medium,0.507,1,High,32.48,Declining,30.43,Stable,32.48,Academic,Medium,Yes,Monitor student - 14d,numeric__attendance_declining_flag,-0.741,Reduces Risk,numeric__cgpa_declining_flag,0.487,Increases Risk,numeric__engagement_events_attended_slope_3m,0.392,Increases Risk,numeric__skills_tech_skills_score_avg_3m,0.336,Increases Risk,numeric__engagement_hackathons_attended_current,0.321,Increases Risk,numeric__engagement_hackathons_attended_current,0.859,Increases Risk,numeric__attendance_overall_attendance_current,-0.57,Reduces Risk,numeric__engagement_strength,-0.532,Reduces Risk,numeric__attendance_overall_attendance_avg_3m,0.521,Increases Risk,numeric__attendance_subject_attendance_avg_3m,0.479,Increases Risk
S2559,CSE,,7.59,1.0,69.3,85.3,94.9,77.3,91.3,95.6,76.7,,,,,,,71.54,95.0,Green,Reliable,0.14,0,Low,0.301,1,Medium,10.05,Declining,18.04,Stable,18.04,Placement,Low,Yes,No immediate intervention,numeric__academic_warning_score,1.59,Increases Risk,numeric__placement_coding_score_avg_3m,0.788,Increases Risk,numeric__lms_logins_per_week_slope_3m,-0.769,Reduces Risk,numeric__placement_aptitude_score_current,-0.768,Reduces Risk,numeric__attendance_declining_flag,-0.741,Reduces Risk,numeric__attendance_overall_attendance_current,1.583,Increases Risk,numeric__low_lms_flag,0.914,Increases Risk,numeric__attendance_overall_attendance_avg_3m,-0.884,Reduces Risk,numeric__placement_aptitude_score_current,0.749,Increases Risk,numeric__attendance_subject_attendance_avg_3m,-0.709,Reduces Risk
S2560,ECE,,8.39,0.0,84.4,88.8,75.4,72.4,78.4,77.6,71.7,4.0,1.0,3.0,2.0,,4.05,79.92,100.0,Green,Reliable,0.246,0,Low,0.515,1,High,14.78,Stable,30.88,Stable,30.88,Placement,Medium,Yes,Monitor student - 14d,numeric__academic_warning_score,-0.934,Reduces Risk,numeric__feedback_satisfaction_score_missing,-0.713,Reduces Risk,numeric__placement_coding_score_avg_3m,-0.593,Reduces Risk,numeric__engagement_strength,-0.482,Reduces Risk,numeric__skills_tech_skills_score_avg_3m,0.394,Increases Risk,numeric__engagement_strength,-1.653,Reduces Risk,numeric__engagement_hackathons_attended_current,0.859,Increases Risk,numeric__feedback_satisfaction_score_slope_3m,-0.684,Reduces Risk,numeric__engagement_certifications_count_current,0.392,Increases Risk,numeric__academic_warning_score,0.373,Increases Risk
S2561,ME,,8.4,0.0,72.5,66.9,77.2,57.2,84.2,75.8,61.0,3.0,1.0,1.0,2.0,3.75,3.9,73.27,100.0,Green,Reliable,0.454,1,Medium,0.691,1,High,27.23,Stable,41.47,Stable,41.47,Placement,Medium,Yes,Monitor student - 14d,numeric__feedback_satisfaction_score_avg_3m,0.851,Increases Risk,numeric__placement_mock_interview_score_avg_3m,0.771,Increases Risk,numeric__skills_soft_skills_score_avg_3m,-0.757,Reduces Risk,numeric__lms_assignment_completion_pct_avg_3m,-0.713,Reduces Risk,numeric__placement_coding_score_avg_3m,-0.702,Reduces Risk,numeric__engagement_hackathons_attended_current,-1.05,Reduces Risk,numeric__placement_mock_interview_score_current,1.016,Increases Risk,numeric__feedback_satisfaction_score_slope_3m,0.824,Increases Risk,numeric__placement_mock_interview_score_avg_3m,0.636,Increases Risk,numeric__skills_soft_skills_score_current,-0.532,Reduces Risk
S2562,CIVIL,,9.07,1.0,86.6,97.6,73.2,98.9,80.3,75.0,97.1,3.0,1.0,2.0,1.0,4.03,4.78,80.97,100.0,Green,Reliable,0.021,0,Low,0.415,1,Medium,1.24,Stable,24.9,Stable,24.9,Placement,Low,Yes,No immediate intervention,numeric__skills_soft_skills_score_avg_3m,1.179,Increases Risk,numeric__placement_mock_interview_score_avg_3m,-1.051,Reduces Risk,numeric__feedback_satisfaction_score_avg_3m,-0.909,Reduces Risk,numeric__placement_mock_interview_score_current,-0.892,Reduces Risk,numeric__attendance_declining_flag,-0.741,Reduces Risk,numeric__skills_soft_skills_score_std_3m,1.422,Increases Risk,numeric__placement_mock_interview_score_current,-1.358,Reduces Risk,numeric__feedback_satisfaction_score_slope_3m,-0.885,Reduces Risk,numeric__placement_mock_interview_score_avg_3m,-0.867,Reduces Risk,numeric__skills_soft_skills_score_current,0.813,Increases Risk
S2563,ECE,,8.99,1.0,83.9,78.9,79.5,82.0,79.6,76.7,78.9,3.0,1.0,3.0,1.0,3.36,4.74,79.61,100.0,Green,Reliable,0.468,1,Medium,0.155,0,Low,33.66,Declining,9.31,Stable,33.66,Academic,Medium,Yes,Monitor student - 14d,numeric__feedback_satisfaction_score_avg_3m,0.676,Increases Risk,numeric__engagement_events_attended_slope_3m,-0.564,Reduces Risk,numeric__academic_warning_score,-0.535,Reduces Risk,numeric__engagement_hackathons_attended_std_3m,0.511,Increases Risk,numeric__lms_logins_per_week_slope_3m,0.506,Increases Risk,numeric__engagement_hackathons_attended_current,0.859,Increases Risk,numeric__skills_soft_skills_score_std_3m,-0.645,Reduces Risk,numeric__engagement_strength,-0.532,Reduces Risk,numeric__academic_internal_marks_avg_3m,-0.519,Reduces Risk,numeric__engagement_club_participations_slope_3m,-0.5,Reduces Risk
S2564,CIVIL,,9.14,2.0,93.4,95.6,81.5,81.3,81.0,77.6,77.4,5.0,1.0,3.0,1.0,4.65,3.86,83.1,100.0,Green,Reliable,0.343,1,Medium,0.215,1,Medium,27.45,Improving,12.92,Stable,27.45,Academic,Low,Yes,No immediate intervention,numeric__feedback_satisfaction_score_avg_3m,-1.065,Reduces Risk,numeric__lms_assignment_completion_pct_avg_3m,0.975,Increases Risk,numeric__academic_backlogs_avg_3m,-0.956,Reduces Risk,numeric__engagement_events_attended_slope_3m,0.71,Increases Risk,numeric__feedback_satisfaction_score_current,0.613,Increases Risk,numeric__attendance_overall_attendance_current,-1.781,Reduces Risk,numeric__engagement_strength,-1.653,Reduces Risk,numeric__attendance_overall_attendance_avg_3m,0.96,Increases Risk,numeric__engagement_hackathons_attended_current,0.859,Increases Risk,numeric__attendance_subject_attendance_avg_3m,0.787,Increases Risk
S2565,MECHANICAL ENGINEERING,,8.99,1.0,90.8,88.7,75.3,76.1,86.5,76.6,71.9,4.0,1.0,3.0,1.0,4.17,4.32,79.66,100.0,Green,Reliable,0.496,1,Medium,0.108,0,Low,35.73,Declining,6.47,Stable,35.73,Academic,Medium,Yes,Monitor student - 14d,numeric__lms_logins_per_week_slope_3m,-0.896,Reduces Risk,numeric__skills_tech_skills_score_avg_3m,0.802,Increases Risk,numeric__engagement_events_attended_slope_3m,0.71,Increases Risk,numeric__placement_coding_score_avg_3m,-0.564,Reduces Risk,numeric__attendance_overall_attendance_std_3m,-0.52,Reduces Risk,numeric__engagement_strength,-1.093,Reduces Risk,numeric__attendance_overall_attendance_current,-0.97,Reduces Risk,numeric__engagement_hackathons_attended_current,0.859,Increases Risk,numeric__attendance_overall_attendance_avg_3m,0.63,Increases Risk,numeric__attendance_subject_attendance_current,-0.582,Reduces Risk
S2566,MECH,,8.94,1.0,94.0,77.3,89.8,91.6,93.6,85.6,88.4,4.0,3.0,2.0,1.0,,,83.69,95.0,Green,Reliable,0.012,0,Low,0.091,0,Low,0.89,Declining,5.46,Stable,5.46,Placement,Low,No,No immediate intervention,numeric__placement_aptitude_score_current,-0.947,Reduces Risk,numeric__skills_soft_skills_score_avg_3m,0.927,Increases Risk,numeric__placement_mock_interview_score_avg_3m,-0.861,Reduces Risk,numeric__placement_mock_interview_score_current,-0.619,Reduces Risk,numeric__engagement_hackathons_attended_std_3m,-0.556,Reduces Risk,numeric__attendance_overall_attendance_current,-1.781,Reduces Risk,numeric__attendance_overall_attendance_avg_3m,1.074,Increases Risk,numeric__placement_mock_interview_score_current,-0.942,Reduces Risk,numeric__placement_aptitude_score_current,0.924,Increases Risk,numeric__attendance_subject_attendance_current,-0.752,Reduces Risk
S2567,INFO TECH,,8.99,0.0,97.9,84.8,89.6,92.5,88.8,90.5,87.9,4.0,2.0,2.0,1.0,4.41,3.9,86.91,100.0,Green,Reliable,0.103,0,Low,0.196,0,Low,6.2,Stable,11.76,Stable,11.76,Placement,Low,No,No immediate intervention,numeric__feedback_satisfaction_score_avg_3m,-0.89,Reduces Risk,numeric__skills_tech_skills_score_avg_3m,-0.865,Reduces Risk,numeric__placement_coding_score_avg_3m,0.766,Increases Risk,numeric__attendance_declining_flag,-0.741,Reduces Risk,numeric__placement_mock_interview_score_avg_3m,-0.709,Reduces Risk,numeric__attendance_overall_attendance_current,-1.424,Reduces Risk,numeric__attendance_overall_attendance_avg_3m,1.064,Increases Risk,numeric__placement_mock_interview_score_current,-0.993,Reduces Risk,numeric__attendance_subject_attendance_current,-0.958,Reduces Risk,numeric__attendance_subject_attendance_avg_3m,0.942,Increases Risk
S2568,MECH,,9.2,0.0,97.1,94.6,90.2,95.7,89.2,86.6,94.4,5.0,2.0,2.0,1.0,4.24,4.48,87.46,100.0,Green,Reliable,0.489,1,Medium,0.213,1,Medium,35.19,Declining,12.79,Stable,35.19,Academic,Medium,Yes,Monitor student - 14d,numeric__skills_soft_skills_score_avg_3m,1.064,Increases Risk,numeric__lms_assignment_completion_pct_avg_3m,0.982,Increases Risk,numeric__placement_mock_interview_score_avg_3m,-0.977,Reduces Risk,numeric__placement_mock_interview_score_current,-0.772,Reduces Risk,numeric__placement_aptitude_score_current,-0.604,Reduces Risk,numeric__placement_mock_interview_score_current,-1.175,Reduces Risk,numeric__attendance_overall_attendance_current,-0.959,Reduces Risk,numeric__attendance_subject_attendance_current,-0.916,Reduces Risk,numeric__engagement_strength,-0.906,Reduces Risk,numeric__placement_mock_interview_score_avg_3m,-0.806,Reduces Risk
S2569,MECH,,9.1,1.0,78.3,80.3,84.9,66.2,79.1,88.7,74.1,1.0,0.0,2.0,2.0,3.41,4.68,76.91,100.0,Green,Reliable,0.07,0,Low,0.727,1,High,3.34,Improving,43.61,Stable,43.61,Placement,Medium,Yes,Monitor student - 14d,numeric__feedback_satisfaction_score_avg_3m,0.773,Increases Risk,numeric__lms_assignment_completion_pct_avg_3m,-0.696,Reduces Risk,numeric__engagement_events_attended_slope_3m,-0.564,Reduces Risk,numeric__skills_tech_skills_score_avg_3m,-0.558,Reduces Risk,numeric__academic_warning_score,-0.535,Reduces Risk,numeric__engagement_strength,0.775,Increases Risk,numeric__engagement_events_attended_current,-0.63,Reduces Risk,numeric__placement_mock_interview_score_current,0.504,Increases Risk,numeric__engagement_club_participations_current,0.424,Increases Risk,numeric__feedback_faculty_rating_current,-0.395,Reduces Risk
S2570,CE,,9.57,0.0,86.4,90.3,93.4,84.6,93.3,81.5,85.9,4.0,2.0,3.0,1.0,4.48,4.93,86.55,80.0,Green,Reliable,0.197,0,Low,0.139,0,Low,11.84,Stable,8.36,Stable,11.84,Academic,Low,No,No immediate intervention,numeric__feedback_satisfaction_score_avg_3m,-1.084,Reduces Risk,numeric__placement_aptitude_score_current,-0.924,Reduces Risk,numeric__academic_cgpa_current,0.82,Increases Risk,numeric__placement_coding_score_avg_3m,0.775,Increases Risk,numeric__attendance_declining_flag,-0.741,Reduces Risk,numeric__engagement_strength,-1.093,Reduces Risk,numeric__placement_aptitude_score_current,0.901,Increases Risk,numeric__engagement_hackathons_attended_current,0.859,Increases Risk,numeric__skills_soft_skills_score_std_3m,0.845,Increases Risk,numeric__academic_internal_marks_avg_3m,-0.612,Reduces Risk
S2571,IT,,6.84,1.0,73.7,78.6,69.3,47.6,60.5,67.8,50.7,3.0,2.0,2.0,0.0,3.56,2.78,65.9,100.0,Amber,Reliable,0.817,1,High,0.588,1,High,58.84,Declining,35.3,Stable,58.84,Academic,Medium,Yes,Monitor student - 14d,numeric__placement_coding_score_avg_3m,-1.687,Reduces Risk,numeric__skills_soft_skills_score_avg_3m,-1.687,Reduces Risk,numeric__placement_aptitude_score_current,1.635,Increases Risk,numeric__placement_mock_interview_score_avg_3m,1.354,Increases Risk,numeric__skills_tech_skills_score_avg_3m,1.168,Increases Risk,numeric__placement_aptitude_score_current,-1.596,Reduces Risk,numeric__placement_mock_interview_score_current,1.562,Increases Risk,numeric__feedback_faculty_rating_current,1.143,Increases Risk,numeric__placement_mock_interview_score_avg_3m,1.117,Increases Risk,numeric__skills_soft_skills_score_current,-0.916,Reduces Risk
S2572,CIVIL,,7.2,0.0,80.8,86.4,61.3,64.6,65.5,61.8,61.9,3.0,1.0,2.0,1.0,4.16,3.3,73.16,100.0,Green,Reliable,0.424,1,Medium,0.529,1,High,25.42,Stable,31.75,Stable,31.75,Placement,Medium,Yes,Monitor student - 14d,numeric__placement_coding_score_avg_3m,-2.465,Reduces Risk,numeric__skills_tech_skills_score_avg_3m,1.991,Increases Risk,numeric__placement_aptitude_score_current,1.245,Increases Risk,numeric__skills_soft_skills_score_avg_3m,-0.993,Reduces Risk,numeric__academic_warning_score,-0.934,Reduces Risk,numeric__placement_aptitude_score_current,-1.216,Reduces Risk,numeric__placement_coding_score_avg_3m,1.215,Increases Risk,numeric__academic_internal_marks_avg_3m,0.917,Increases Risk,numeric__skills_tech_skills_score_avg_3m,-0.897,Reduces Risk,numeric__feedback_faculty_rating_current,0.722,Increases Risk
S2573,IT,,8.45,0.0,86.1,74.6,89.4,78.9,73.4,90.6,80.1,2.0,1.0,2.0,1.0,3.83,3.9,81.5,100.0,Green,Reliable,0.073,0,Low,0.271,1,Medium,4.39,Stable,16.25,Stable,16.25,Placement,Low,Yes,No immediate intervention,numeric__lms_logins_per_week_missing,-1.54,Reduces Risk,numeric__placement_aptitude_score_slope_3m,-0.725,Reduces Risk,numeric__skills_tech_skills_score_avg_3m,-0.712,Reduces Risk,numeric__academic_warning_score,-0.668,Reduces Risk,numeric__placement_coding_score_avg_3m,0.631,Increases Risk,numeric__engagement_strength,0.775,Increases Risk,numeric__placement_aptitude_score_slope_3m,0.768,Increases Risk,numeric__placement_aptitude_score_current,-0.614,Reduces Risk,numeric__placement_mock_interview_score_std_3m,-0.529,Reduces Risk,numeric__skills_soft_skills_score_std_3m,0.474,Increases Risk
S2574,MECH,,7.59,2.0,79.0,90.1,64.0,76.0,72.2,68.3,77.6,3.0,3.0,1.0,3.0,4.69,4.21,72.85,100.0,Green,Reliable,0.032,0,Low,0.425,1,Medium,3.23,Stable,25.48,Stable,25.48,Placement,Low,Yes,No immediate intervention,numeric__placement_coding_score_avg_3m,-1.734,Reduces Risk,numeric__lms_assignment_completion_pct_avg_3m,1.072,Increases Risk,numeric__feedback_satisfaction_score_avg_3m,-1.07,Reduces Risk,numeric__academic_backlogs_avg_3m,-0.956,Reduces Risk,numeric__skills_tech_skills_score_avg_3m,0.938,Increases Risk,numeric__engagement_hackathons_attended_current,-1.05,Reduces Risk,numeric__engagement_certifications_count_current,0.937,Increases Risk,numeric__placement_coding_score_avg_3m,0.855,Increases Risk,numeric__placement_aptitude_score_current,-0.705,Reduces Risk,numeric__feedback_satisfaction_score_current,-0.549,Reduces Risk
S2575,CSE,,7.63,0.0,81.5,80.9,68.1,66.7,70.6,67.3,62.2,,,,,3.73,4.11,74.47,100.0,Green,Reliable,0.186,0,Low,0.605,1,High,8.93,Improving,36.28,Stable,36.28,Placement,Medium,Yes,Monitor student - 14d,numeric__skills_soft_skills_score_avg_3m,-0.938,Reduces Risk,numeric__placement_aptitude_score_current,0.847,Increases Risk,numeric__attendance_declining_flag,-0.741,Reduces Risk,numeric__placement_coding_score_slope_3m,-0.654,Reduces Risk,numeric__placement_mock_interview_score_avg_3m,0.608,Increases Risk,numeric__skills_soft_skills_score_std_3m,0.851,Increases Risk,numeric__placement_aptitude_score_current,-0.827,Reduces Risk,numeric__placement_coding_score_slope_3m,0.603,Increases Risk,numeric__academic_internal_marks_avg_3m,0.511,Increases Risk,numeric__placement_mock_interview_score_avg_3m,0.501,Increases Risk
S2576,CIVIL,,9.06,1.0,94.0,89.5,79.0,91.4,87.4,82.4,89.9,5.0,1.0,2.0,1.0,4.81,4.56,83.42,100.0,Green,Reliable,0.166,0,Low,0.224,1,Medium,11.96,Declining,13.41,Stable,13.41,Placement,Low,Yes,No immediate intervention,numeric__feedback_satisfaction_score_avg_3m,-1.177,Reduces Risk,numeric__skills_soft_skills_score_avg_3m,0.969,Increases Risk,numeric__feedback_satisfaction_score_current,0.75,Increases Risk,numeric__placement_mock_interview_score_avg_3m,-0.72,Reduces Risk,numeric__placement_mock_interview_score_current,-0.611,Reduces Risk,numeric__attendance_overall_attendance_current,-1.295,Reduces Risk,numeric__placement_mock_interview_score_current,-0.931,Reduces Risk,numeric__engagement_strength,-0.906,Reduces Risk,numeric__attendance_subject_attendance_current,-0.752,Reduces Risk,numeric__attendance_subject_attendance_avg_3m,0.708,Increases Risk
S2577,CSE,,9.54,0.0,92.4,96.1,100.0,93.3,86.8,89.0,92.1,6.0,1.0,2.0,1.0,4.58,4.33,90.68,100.0,Green,Reliable,0.13,0,Low,0.043,0,Low,6.26,Improving,2.59,Stable,6.26,Academic,Low,No,No immediate intervention,numeric__skills_soft_skills_score_avg_3m,1.378,Increases Risk,numeric__lms_assignment_completion_pct_avg_3m,1.305,Increases Risk,numeric__feedback_satisfaction_score_avg_3m,-1.24,Reduces Risk,numeric__placement_coding_score_avg_3m,1.224,Increases Risk,numeric__placement_mock_interview_score_avg_3m,-1.154,Reduces Risk,numeric__engagement_strength,-1.466,Reduces Risk,numeric__attendance_overall_attendance_current,-1.446,Reduces Risk,numeric__placement_mock_interview_score_current,-1.039,Reduces Risk,numeric__engagement_events_attended_current,1.019,Increases Risk,numeric__attendance_overall_attendance_avg_3m,1.011,Increases Risk
S2578,IT,,6.88,2.0,90.4,91.8,81.3,66.8,65.1,90.8,70.3,3.0,2.0,1.0,0.0,4.0,3.68,70.32,100.0,Green,Reliable,0.091,0,Low,0.763,1,High,10.93,Declining,45.77,Stable,45.77,Placement,Medium,Yes,Monitor student - 14d,numeric__placement_aptitude_score_current,1.276,Increases Risk,numeric__academic_cgpa_current,-1.016,Reduces Risk,numeric__academic_backlogs_avg_3m,-0.956,Reduces Risk,numeric__academic_warning_score,0.926,Increases Risk,numeric__lms_logins_per_week_slope_3m,-0.769,Reduces Risk,numeric__engagement_strength,1.522,Increases Risk,numeric__placement_aptitude_score_current,-1.246,Reduces Risk,numeric__engagement_hackathons_attended_current,-1.05,Reduces Risk,numeric__academic_internal_marks_avg_3m,0.91,Increases Risk,numeric__engagement_certifications_count_current,-0.698,Reduces Risk
S2579,CIVIL,,7.14,0.0,92.6,84.9,62.6,61.9,68.2,56.0,72.0,3.0,2.0,2.0,0.0,4.36,3.37,74.54,100.0,Green,Reliable,0.719,1,High,0.606,1,High,34.49,Improving,36.37,Stable,36.37,Placement,Medium,Yes,Monitor student - 14d,numeric__placement_coding_score_avg_3m,-2.745,Reduces Risk,numeric__skills_tech_skills_score_avg_3m,2.28,Increases Risk,numeric__placement_aptitude_score_current,1.034,Increases Risk,numeric__feedback_faculty_rating_avg_3m,1.032,Increases Risk,numeric__academic_warning_score,-0.934,Reduces Risk,numeric__placement_coding_score_avg_3m,1.352,Increases Risk,numeric__attendance_overall_attendance_current,-1.057,Reduces Risk,numeric__skills_tech_skills_score_avg_3m,-1.027,Reduces Risk,numeric__placement_aptitude_score_current,-1.01,Reduces Risk,numeric__academic_internal_marks_avg_3m,0.804,Increases Risk
S2580,ECE DEPT,,9.41,1.0,77.2,78.4,82.0,76.1,94.7,76.5,74.7,2.0,0.0,2.0,3.0,3.56,4.71,75.64,100.0,Green,Reliable,0.438,1,Medium,0.214,1,Medium,21.03,Improving,12.81,Stable,21.03,Academic,Low,Yes,No immediate intervention,numeric__attendance_overall_attendance_std_3m,1.311,Increases Risk,numeric__engagement_hackathons_attended_std_3m,1.292,Increases Risk,numeric__placement_aptitude_score_current,-1.033,Reduces Risk,numeric__attendance_declining_flag,-0.741,Reduces Risk,numeric__academic_cgpa_current,0.71,Increases Risk,numeric__attendance_overall_attendance_current,1.193,Increases Risk,numeric__placement_aptitude_score_current,1.008,Increases Risk,numeric__engagement_certifications_count_current,0.937,Increases Risk,numeric__attendance_overall_attendance_std_3m,-0.909,Reduces Risk,numeric__attendance_overall_attendance_avg_3m,-0.656,Reduces Risk
S2581,CSE,,9.0,0.0,85.8,96.4,98.0,96.0,93.6,89.0,88.4,3.0,2.0,4.0,1.0,4.6,3.94,87.2,80.0,Green,Reliable,0.533,1,Medium,0.421,1,Medium,25.59,Improving,25.25,Stable,25.59,Academic,Low,Yes,No immediate intervention,numeric__placement_coding_score_avg_3m,1.431,Increases Risk,numeric__lms_assignment_completion_pct_avg_3m,1.158,Increases Risk,numeric__placement_aptitude_score_current,-0.947,Reduces Risk,numeric__feedback_satisfaction_score_avg_3m,-0.87,Reduces Risk,numeric__placement_mock_interview_score_current,-0.783,Reduces Risk,numeric__engagement_hackathons_attended_current,1.814,Increases Risk,numeric__engagement_strength,-1.279,Reduces Risk,numeric__placement_mock_interview_score_current,-1.193,Reduces Risk,numeric__placement_aptitude_score_current,0.924,Increases Risk,numeric__placement_coding_score_avg_3m,-0.705,Reduces Risk
S2582,IT,,7.82,0.0,81.4,85.8,70.0,57.8,69.2,65.9,57.9,2.0,3.0,1.0,1.0,4.32,3.6,74.38,100.0,Green,Reliable,0.749,1,High,0.468,1,Medium,53.9,Declining,28.06,Stable,53.9,Academic,Medium,Yes,Monitor student - 14d,numeric__placement_coding_score_avg_3m,-0.969,Reduces Risk,numeric__placement_aptitude_score_current,0.956,Increases Risk,numeric__skills_tech_skills_score_avg_3m,0.673,Increases Risk,numeric__feedback_faculty_rating_avg_3m,0.646,Increases Risk,numeric__placement_mock_interview_score_current,0.645,Increases Risk,numeric__engagement_strength,1.522,Increases Risk,numeric__engagement_hackathons_attended_current,-1.05,Reduces Risk,numeric__placement_mock_interview_score_current,0.982,Increases Risk,numeric__placement_aptitude_score_current,-0.934,Reduces Risk,numeric__skills_soft_skills_score_current,-0.648,Reduces Risk
S2583,CIVIL,,7.53,1.0,81.5,85.4,73.3,83.4,82.5,71.3,85.9,3.0,2.0,2.0,1.0,,,73.64,95.0,Green,Reliable,0.18,0,Low,0.336,1,Medium,12.94,Declining,20.16,Stable,20.16,Placement,Low,Yes,No immediate intervention,numeric__academic_backlogs_slope_3m,0.781,Increases Risk,numeric__skills_soft_skills_score_avg_3m,0.76,Increases Risk,numeric__attendance_declining_flag,-0.741,Reduces Risk,numeric__placement_mock_interview_score_avg_3m,-0.637,Reduces Risk,numeric__placement_coding_score_avg_3m,-0.624,Reduces Risk,numeric__academic_internal_marks_avg_3m,0.585,Increases Risk,numeric__placement_mock_interview_score_avg_3m,-0.525,Reduces Risk,numeric__placement_mock_interview_score_current,-0.475,Reduces Risk,numeric__skills_soft_skills_score_current,0.396,Increases Risk,numeric__engagement_club_participations_std_3m,0.376,Increases Risk
S2584,CIVIL,,8.42,0.0,77.4,61.0,68.8,62.9,71.6,68.5,65.3,2.0,0.0,4.0,1.0,,4.13,73.3,100.0,Green,Reliable,0.447,1,Medium,0.332,1,Medium,21.45,Improving,19.95,Stable,21.45,Academic,Low,Yes,No immediate intervention,numeric__feedback_satisfaction_score_avg_3m,1.5,Increases Risk,numeric__placement_coding_score_avg_3m,-1.324,Reduces Risk,numeric__skills_tech_skills_score_avg_3m,1.202,Increases Risk,numeric__lms_assignment_completion_pct_avg_3m,-1.0,Reduces Risk,numeric__academic_warning_score,-0.934,Reduces Risk,numeric__engagement_hackathons_attended_current,1.814,Increases Risk,numeric__placement_aptitude_score_current,-0.751,Reduces Risk,numeric__engagement_strength,-0.719,Reduces Risk,numeric__placement_mock_interview_score_current,0.691,Increases Risk,numeric__placement_coding_score_avg_3m,0.652,Increases Risk
S2585,ECE,,9.45,0.0,93.7,91.4,76.8,100.0,84.9,85.2,89.5,3.0,1.0,2.0,1.0,,,87.16,95.0,Green,Reliable,0.522,1,Medium,0.083,0,Low,25.07,Improving,5.0,Stable,25.07,Academic,Low,Yes,No immediate intervention,numeric__skills_soft_skills_score_avg_3m,1.239,Increases Risk,numeric__placement_mock_interview_score_avg_3m,-1.189,Reduces Risk,numeric__engagement_hackathons_attended_std_3m,1.074,Increases Risk,numeric__lms_assignment_completion_pct_avg_3m,1.032,Increases Risk,numeric__placement_mock_interview_score_current,-0.933,Reduces Risk,numeric__attendance_overall_attendance_current,-1.424,Reduces Risk,numeric__placement_mock_interview_score_current,-1.42,Reduces Risk,numeric__placement_mock_interview_score_avg_3m,-0.98,Reduces Risk,numeric__attendance_overall_attendance_avg_3m,0.892,Increases Risk,numeric__academic_subject_score_avg_slope_3m,-0.828,Reduces Risk
S2586,ECE,,10.0,0.0,77.5,77.2,97.7,72.3,93.5,96.4,74.0,2.0,2.0,2.0,1.0,3.4,4.82,82.31,100.0,Green,Reliable,0.174,0,Low,0.126,0,Low,8.37,Improving,7.55,Stable,8.37,Academic,Low,No,No immediate intervention,numeric__placement_coding_score_avg_3m,1.123,Increases Risk,numeric__academic_cgpa_current,1.113,Increases Risk,numeric__placement_aptitude_score_current,-0.939,Reduces Risk,numeric__academic_warning_score,-0.934,Reduces Risk,numeric__skills_tech_skills_score_avg_3m,-0.927,Reduces Risk,numeric__academic_internal_marks_avg_3m,-1.049,Reduces Risk,numeric__placement_aptitude_score_current,0.917,Increases Risk,numeric__engagement_strength,0.775,Increases Risk,numeric__academic_cgpa_avg_3m,-0.637,Reduces Risk,numeric__academic_cgpa_current,-0.611,Reduces Risk
S2587,CIVIL,,7.87,0.0,70.8,66.8,72.0,59.5,69.3,68.1,60.8,2.0,1.0,3.0,1.0,3.23,4.22,69.46,100.0,Amber,Reliable,0.545,1,Medium,0.137,0,Low,32.68,Stable,8.2,Stable,32.68,Academic,Medium,Yes,Monitor student - 14d,numeric__skills_soft_skills_score_avg_3m,-1.351,Reduces Risk,numeric__placement_coding_score_avg_3m,-1.11,Reduces Risk,numeric__placement_mock_interview_score_avg_3m,0.963,Increases Risk,numeric__skills_tech_skills_score_avg_3m,0.95,Increases Risk,numeric__placement_aptitude_score_current,0.948,Increases Risk,numeric__attendance_overall_attendance_current,1.409,Increases Risk,numeric__attendance_overall_attendance_avg_3m,-1.209,Reduces Risk,numeric__attendance_subject_attendance_avg_3m,-1.001,Reduces Risk,numeric__placement_aptitude_score_current,-0.926,Reduces Risk,numeric__placement_mock_interview_score_current,0.885,Increases Risk
S2588,CSE,,8.76,0.0,100.0,97.0,91.1,96.4,89.4,90.1,92.9,3.0,1.0,2.0,3.0,,,88.47,95.0,Green,Reliable,0.02,0,Low,0.095,0,Low,1.46,Declining,5.69,Stable,5.69,Placement,Low,No,No immediate intervention,numeric__lms_assignment_completion_pct_avg_3m,1.179,Increases Risk,numeric__placement_coding_score_avg_3m,1.155,Increases Risk,numeric__skills_tech_skills_score_avg_3m,-1.114,Reduces Risk,numeric__skills_soft_skills_score_avg_3m,1.105,Increases Risk,numeric__placement_mock_interview_score_avg_3m,-0.913,Reduces Risk,numeric__attendance_overall_attendance_current,-1.889,Reduces Risk,numeric__attendance_overall_attendance_avg_3m,1.407,Increases Risk,numeric__placement_mock_interview_score_current,-1.215,Reduces Risk,numeric__attendance_subject_attendance_current,-1.069,Reduces Risk,numeric__attendance_subject_attendance_avg_3m,1.001,Increases Risk
S2589,CSE,,7.28,0.0,91.2,91.8,73.7,67.6,77.4,68.3,62.9,5.0,1.0,2.0,3.0,4.59,3.71,78.29,100.0,Green,Reliable,0.217,0,Low,0.471,1,Medium,10.43,Improving,28.28,Stable,28.28,Placement,Low,Yes,No immediate intervention,numeric__academic_warning_score,-0.934,Reduces Risk,numeric__feedback_satisfaction_score_avg_3m,-0.87,Reduces Risk,numeric__lms_assignment_completion_pct_avg_3m,0.845,Increases Risk,numeric__academic_cgpa_current,-0.743,Reduces Risk,numeric__engagement_events_attended_slope_3m,0.71,Increases Risk,numeric__engagement_strength,-2.027,Reduces Risk,numeric__skills_soft_skills_score_std_3m,0.986,Increases Risk,numeric__engagement_certifications_count_current,0.937,Increases Risk,numeric__academic_internal_marks_avg_3m,0.788,Increases Risk,numeric__attendance_overall_attendance_current,-0.743,Reduces Risk
S2590,MECH,,8.64,1.0,91.7,87.7,82.0,88.5,82.2,81.7,95.2,4.0,1.0,2.0,1.0,4.62,4.42,83.8,100.0,Green,Reliable,0.099,0,Low,0.342,1,Medium,5.94,Stable,20.5,Stable,20.5,Placement,Low,Yes,No immediate intervention,numeric__skills_soft_skills_score_avg_3m,1.184,Increases Risk,numeric__feedback_satisfaction_score_avg_3m,-1.021,Reduces Risk,numeric__placement_mock_interview_score_avg_3m,-0.802,Reduces Risk,numeric__lms_assignment_completion_pct_avg_3m,0.612,Increases Risk,numeric__feedback_satisfaction_score_current,0.587,Increases Risk,numeric__attendance_overall_attendance_current,-1.576,Reduces Risk,numeric__attendance_overall_attendance_avg_3m,0.96,Increases Risk,numeric__placement_mock_interview_score_current,-0.766,Reduces Risk,numeric__skills_soft_skills_score_current,0.742,Increases Risk,numeric__placement_mock_interview_score_avg_3m,-0.661,Reduces Risk
S2591,ECE,,7.93,1.0,73.4,71.6,76.6,69.1,78.5,77.7,73.5,1.0,0.0,1.0,2.0,3.47,3.79,71.08,100.0,Green,Reliable,0.15,0,Low,0.912,1,High,8.98,Stable,54.73,Stable,54.73,Placement,Medium,Yes,Monitor student - 14d,numeric__placement_mock_interview_score_avg_3m,0.65,Increases Risk,numeric__academic_warning_score,-0.535,Reduces Risk,numeric__skills_tech_skills_score_std_3m,0.535,Increases Risk,numeric__skills_soft_skills_score_avg_3m,-0.521,Reduces Risk,numeric__engagement_club_participations_avg_3m,-0.511,Reduces Risk,numeric__engagement_strength,1.522,Increases Risk,numeric__engagement_hackathons_attended_current,-1.05,Reduces Risk,numeric__engagement_events_attended_current,-0.63,Reduces Risk,numeric__placement_mock_interview_score_avg_3m,0.536,Increases Risk,numeric__placement_coding_score_slope_3m,0.434,Increases Risk
S2592,ECE,,9.57,0.0,100.0,90.1,83.5,85.7,78.0,90.5,85.7,4.0,2.0,2.0,1.0,5.0,4.14,88.49,100.0,Green,Reliable,0.198,0,Low,0.199,0,Low,9.5,Improving,11.93,Stable,11.93,Placement,Low,No,No immediate intervention,numeric__academic_warning_score,-0.934,Reduces Risk,numeric__feedback_satisfaction_score_current,0.914,Increases Risk,numeric__feedback_satisfaction_score_avg_3m,-0.9,Reduces Risk,numeric__academic_cgpa_current,0.82,Increases Risk,numeric__lms_assignment_completion_pct_avg_3m,0.662,Increases Risk,numeric__attendance_overall_attendance_current,-1.814,Reduces Risk,numeric__attendance_overall_attendance_avg_3m,1.187,Increases Risk,numeric__attendance_subject_attendance_current,-1.069,Reduces Risk,numeric__attendance_subject_attendance_avg_3m,0.997,Increases Risk,numeric__feedback_satisfaction_score_current,-0.776,Reduces Risk
S2593,CIVIL ENGINEERING,,8.61,2.0,97.1,100.0,80.6,88.8,78.9,80.4,90.4,5.0,1.0,4.0,1.0,4.62,4.33,83.36,100.0,Green,Reliable,0.107,0,Low,0.708,1,High,10.67,Stable,42.49,Stable,42.49,Placement,Medium,Yes,Monitor student - 14d,numeric__lms_assignment_completion_pct_avg_3m,1.153,Increases Risk,numeric__feedback_satisfaction_score_avg_3m,-1.046,Reduces Risk,numeric__academic_backlogs_avg_3m,-0.956,Reduces Risk,numeric__skills_soft_skills_score_avg_3m,0.954,Increases Risk,numeric__attendance_declining_flag,-0.741,Reduces Risk,numeric__engagement_strength,-2.4,Reduces Risk,numeric__engagement_hackathons_attended_current,1.814,Increases Risk,numeric__attendance_overall_attendance_current,-1.359,Reduces Risk,numeric__attendance_overall_attendance_avg_3m,1.16,Increases Risk,numeric__attendance_subject_attendance_avg_3m,0.936,Increases Risk
S2594,IT,,8.18,0.0,68.2,75.6,82.0,96.9,89.2,79.5,92.9,3.0,2.0,3.0,2.0,4.45,4.44,78.33,100.0,Green,Reliable,0.041,0,Low,0.128,0,Low,2.93,Declining,7.69,Stable,7.69,Placement,Low,No,No immediate intervention,numeric__skills_soft_skills_score_avg_3m,1.32,Increases Risk,numeric__feedback_satisfaction_score_avg_3m,-1.026,Reduces Risk,numeric__placement_mock_interview_score_avg_3m,-0.944,Reduces Risk,numeric__placement_mock_interview_score_current,-0.817,Reduces Risk,numeric__academic_warning_score,0.793,Increases Risk,numeric__placement_mock_interview_score_current,-1.244,Reduces Risk,numeric__attendance_overall_attendance_current,1.236,Increases Risk,numeric__engagement_strength,-1.093,Reduces Risk,numeric__engagement_hackathons_attended_current,0.859,Increases Risk,numeric__placement_mock_interview_score_avg_3m,-0.778,Reduces Risk
S2595,CSE,,8.14,1.0,72.5,76.2,100.0,98.6,82.9,100.0,96.9,6.0,1.0,2.0,1.0,4.36,4.69,78.14,100.0,Green,Reliable,0.065,0,Low,0.008,0,Low,4.67,Declining,0.5,Stable,4.67,Academic,Low,No,No immediate intervention,numeric__placement_coding_score_avg_3m,1.519,Increases Risk,numeric__attendance_overall_attendance_std_3m,1.374,Increases Risk,numeric__skills_tech_skills_score_avg_3m,-1.341,Reduces Risk,numeric__skills_soft_skills_score_avg_3m,1.318,Increases Risk,numeric__academic_warning_score,1.191,Increases Risk,numeric__engagement_strength,-1.466,Reduces Risk,numeric__placement_mock_interview_score_current,-1.341,Reduces Risk,numeric__engagement_events_attended_current,1.019,Increases Risk,numeric__attendance_overall_attendance_std_3m,-0.953,Reduces Risk,numeric__placement_mock_interview_score_avg_3m,-0.847,Reduces Risk
S2596,ECE,,7.62,1.0,55.4,61.9,93.0,66.0,86.6,82.6,74.1,1.0,1.0,3.0,2.0,2.55,5.0,64.41,100.0,Amber,Reliable,0.456,1,Medium,0.538,1,High,32.8,Declining,32.25,Stable,32.8,Academic,Medium,Yes,Monitor student - 14d,numeric__feedback_satisfaction_score_avg_3m,1.777,Increases Risk,numeric__lms_assignment_completion_pct_avg_3m,-1.49,Reduces Risk,numeric__academic_warning_score,1.324,Increases Risk,numeric__feedback_satisfaction_score_current,-1.194,Reduces Risk,numeric__attendance_overall_attendance_avg_3m,0.832,Increases Risk,numeric__attendance_overall_attendance_current,3.248,Increases Risk,numeric__attendance_overall_attendance_avg_3m,-2.287,Reduces Risk,numeric__attendance_subject_attendance_avg_3m,-1.795,Reduces Risk,numeric__attendance_subject_attendance_current,1.291,Increases Risk,numeric__feedback_satisfaction_score_current,1.015,Increases Risk
S2597,ECE,,9.81,0.0,84.3,80.7,92.2,81.4,,88.4,75.0,3.0,2.0,2.0,1.0,3.47,4.79,83.11,100.0,Green,Reliable,0.598,1,Medium,0.013,0,Low,35.88,Stable,0.77,Stable,35.88,Academic,Medium,Yes,Monitor student - 14d,numeric__placement_coding_score_avg_3m,1.356,Increases Risk,numeric__skills_tech_skills_score_avg_3m,-1.274,Reduces Risk,numeric__academic_cgpa_current,0.983,Increases Risk,numeric__feedback_satisfaction_score_avg_3m,0.972,Increases Risk,numeric__academic_warning_score,-0.934,Reduces Risk,numeric__attendance_overall_attendance_current,-0.873,Reduces Risk,numeric__academic_internal_marks_avg_3m,-0.865,Reduces Risk,numeric__placement_aptitude_score_missing,-0.831,Reduces Risk,numeric__placement_coding_score_avg_3m,-0.668,Reduces Risk,numeric__academic_cgpa_avg_3m,-0.601,Reduces Risk
S2598,MECH,,7.54,1.0,78.7,71.8,86.7,61.7,74.7,80.5,68.2,1.0,1.0,1.0,1.0,3.44,4.63,69.57,100.0,Amber,Reliable,0.069,0,Low,0.126,0,Low,4.14,Stable,7.58,Stable,7.58,Placement,Low,No,No immediate intervention,numeric__feedback_satisfaction_score_avg_3m,0.71,Increases Risk,numeric__lms_logins_per_week_slope_3m,0.633,Increases Risk,numeric__skills_soft_skills_score_avg_3m,-0.623,Reduces Risk,numeric__engagement_strength,0.607,Increases Risk,numeric__academic_cgpa_current,-0.565,Reduces Risk,numeric__engagement_strength,2.083,Increases Risk,numeric__engagement_hackathons_attended_current,-1.05,Reduces Risk,numeric__attendance_overall_attendance_avg_3m,-0.841,Reduces Risk,numeric__placement_mock_interview_score_current,0.76,Increases Risk,numeric__attendance_overall_attendance_current,0.728,Increases Risk
S2599,IT,,7.43,1.0,66.3,64.9,82.2,68.3,80.1,82.7,71.2,2.0,1.0,2.0,2.0,3.69,4.23,66.98,100.0,Amber,Reliable,0.182,0,Low,0.606,1,High,13.11,Declining,36.33,Stable,36.33,Placement,Medium,Yes,Monitor student - 14d,numeric__academic_warning_score,1.59,Increases Risk,numeric__lms_assignment_completion_pct_avg_3m,-0.988,Reduces Risk,numeric__skills_tech_skills_score_avg_3m,-0.828,Reduces Risk,numeric__academic_backlogs_slope_3m,0.781,Increases Risk,numeric__attendance_declining_flag,-0.741,Reduces Risk,numeric__attendance_overall_attendance_current,1.182,Increases Risk,numeric__low_lms_flag,0.914,Increases Risk,numeric__attendance_subject_attendance_current,0.714,Increases Risk,numeric__academic_warning_score,-0.635,Reduces Risk,numeric__lms_logins_per_week_avg_3m,-0.572,Reduces Risk
S2600,IT,,9.46,3.0,92.4,86.8,95.7,78.5,83.4,89.4,76.0,4.0,2.0,3.0,1.0,4.46,4.03,80.1,100.0,Green,Reliable,0.124,0,Low,0.165,0,Low,14.9,Declining,9.92,Stable,14.9,Academic,Low,No,No immediate intervention,numeric__academic_backlogs_avg_3m,-1.576,Reduces Risk,numeric__placement_coding_score_avg_3m,1.029,Increases Risk,numeric__lms_assignment_completion_pct_avg_3m,0.916,Increases Risk,numeric__skills_tech_skills_score_avg_3m,-0.902,Reduces Risk,numeric__academic_cgpa_current,0.745,Increases Risk,numeric__attendance_overall_attendance_current,-1.554,Reduces Risk,numeric__attendance_overall_attendance_avg_3m,1.215,Increases Risk,numeric__engagement_strength,-1.093,Reduces Risk,numeric__engagement_hackathons_attended_current,0.859,Increases Risk,numeric__attendance_subject_attendance_avg_3m,0.832,Increases Risk
S2601,ECE,,9.2,0.0,73.4,72.8,81.3,77.0,75.6,80.1,76.0,2.0,2.0,3.0,1.0,4.18,3.85,78.93,100.0,Green,Reliable,0.926,1,High,0.261,1,Medium,66.66,Declining,15.65,Stable,66.66,Academic,High,Yes,Advisor review recommended - 7d,numeric__academic_cgpa_current,0.567,Increases Risk,numeric__engagement_hackathons_attended_std_3m,0.511,Increases Risk,numeric__lms_assignment_completion_pct_avg_3m,-0.49,Reduces Risk,numeric__cgpa_declining_flag,0.487,Increases Risk,numeric__placement_aptitude_score_current,0.457,Increases Risk,numeric__engagement_hackathons_attended_current,0.859,Increases Risk,numeric__attendance_overall_attendance_current,0.587,Increases Risk,numeric__academic_internal_marks_avg_3m,-0.552,Reduces Risk,numeric__low_attendance_flag,-0.492,Reduces Risk,numeric__attendance_overall_attendance_avg_3m,-0.49,Reduces Risk
S2602,CIVIL,,8.73,2.0,84.5,80.7,83.0,86.1,95.3,84.0,85.3,5.0,1.0,2.0,1.0,,,76.41,95.0,Green,Reliable,0.071,0,Low,0.332,1,Medium,8.51,Declining,19.93,Stable,19.93,Placement,Low,Yes,No immediate intervention,numeric__placement_aptitude_score_current,-1.08,Reduces Risk,numeric__academic_warning_score,1.059,Increases Risk,numeric__lms_logins_per_week_slope_3m,-1.024,Reduces Risk,numeric__placement_mock_interview_score_avg_3m,-0.897,Reduces Risk,numeric__skills_soft_skills_score_avg_3m,0.896,Increases Risk,numeric__placement_aptitude_score_current,1.054,Increases Risk,numeric__low_lms_flag,0.914,Increases Risk,numeric__engagement_strength,-0.906,Reduces Risk,numeric__placement_mock_interview_score_avg_3m,-0.74,Reduces Risk,numeric__engagement_events_attended_current,0.689,Increases Risk
S2603,CIVIL ENGINEERING,,6.86,1.0,83.0,85.9,67.3,66.0,70.9,72.9,69.8,7.0,3.0,1.0,1.0,3.87,3.92,75.14,100.0,Green,Reliable,0.081,0,Low,0.502,1,High,4.84,Stable,30.13,Stable,30.13,Placement,Medium,Yes,Monitor student - 14d,numeric__lms_logins_per_week_missing,-1.54,Reduces Risk,numeric__placement_coding_score_avg_3m,-1.524,Reduces Risk,numeric__engagement_events_attended_slope_3m,1.347,Increases Risk,numeric__academic_cgpa_current,-1.029,Reduces Risk,numeric__skills_tech_skills_score_avg_3m,0.925,Increases Risk,numeric__engagement_events_attended_current,1.349,Increases Risk,numeric__engagement_strength,-1.279,Reduces Risk,numeric__engagement_hackathons_attended_current,-1.05,Reduces Risk,numeric__academic_internal_marks_avg_3m,0.967,Increases Risk,numeric__placement_aptitude_score_current,-0.804,Reduces Risk
S2604,MECHANICAL ENGINEERING,,9.59,0.0,72.5,81.1,97.6,88.0,92.6,89.2,91.1,2.0,1.0,3.0,1.0,3.42,4.67,82.49,100.0,Green,Reliable,0.293,0,Low,0.277,1,Medium,14.06,Improving,16.63,Stable,16.63,Placement,Low,Yes,No immediate intervention,numeric__academic_warning_score,-0.934,Reduces Risk,numeric__placement_aptitude_score_current,-0.869,Reduces Risk,numeric__academic_cgpa_current,0.833,Increases Risk,numeric__skills_soft_skills_score_avg_3m,0.684,Increases Risk,numeric__placement_coding_score_slope_3m,0.614,Increases Risk,numeric__engagement_hackathons_attended_current,0.859,Increases Risk,numeric__placement_aptitude_score_current,0.848,Increases Risk,numeric__academic_internal_marks_avg_3m,-0.846,Reduces Risk,numeric__placement_mock_interview_score_current,-0.737,Reduces Risk,numeric__skills_soft_skills_score_std_3m,0.657,Increases Risk
S2605,IT,,8.84,0.0,97.0,86.8,91.9,73.9,80.9,90.9,83.3,3.0,1.0,3.0,2.0,4.52,4.03,85.59,100.0,Green,Reliable,0.539,1,Medium,0.16,0,Low,25.89,Improving,9.61,Stable,25.89,Academic,Low,Yes,No immediate intervention,numeric__lms_logins_per_week_slope_3m,1.016,Increases Risk,numeric__academic_warning_score,-0.934,Reduces Risk,numeric__placement_coding_score_avg_3m,0.731,Increases Risk,numeric__feedback_satisfaction_score_current,0.501,Increases Risk,numeric__skills_tech_skills_score_avg_3m,-0.441,Reduces Risk,numeric__engagement_strength,-1.093,Reduces Risk,numeric__attendance_subject_attendance_current,-0.91,Reduces Risk,numeric__engagement_hackathons_attended_current,0.859,Increases Risk,numeric__attendance_overall_attendance_current,-0.7,Reduces Risk,numeric__lms_logins_per_week_slope_3m,0.597,Increases Risk
S2606,ECE,,7.86,0.0,78.2,73.6,83.0,87.8,72.2,79.1,86.6,6.0,2.0,2.0,2.0,4.42,4.61,78.33,100.0,Green,Reliable,0.403,1,Medium,0.186,0,Low,29.0,Declining,11.13,Stable,29.0,Academic,Low,Yes,No immediate intervention,numeric__attendance_overall_attendance_std_3m,1.257,Increases Risk,numeric__attendance_declining_flag,-0.741,Reduces Risk,numeric__placement_aptitude_score_current,0.722,Increases Risk,numeric__engagement_strength,-0.591,Reduces Risk,numeric__engagement_hackathons_attended_std_3m,-0.556,Reduces Risk,numeric__engagement_strength,-2.027,Reduces Risk,numeric__engagement_events_attended_current,1.019,Increases Risk,numeric__attendance_overall_attendance_std_3m,-0.872,Reduces Risk,numeric__placement_mock_interview_score_current,-0.726,Reduces Risk,numeric__skills_soft_skills_score_std_3m,0.714,Increases Risk
S2607,CIVIL,,7.78,0.0,76.2,84.9,82.9,87.3,84.5,76.2,85.0,4.0,3.0,2.0,1.0,4.55,4.64,79.32,100.0,Green,Reliable,0.198,0,Low,0.17,0,Low,14.23,Declining,10.19,Stable,14.23,Academic,Low,No,No immediate intervention,numeric__skills_soft_skills_score_avg_3m,1.129,Increases Risk,numeric__feedback_satisfaction_score_avg_3m,-0.905,Reduces Risk,numeric__placement_mock_interview_score_avg_3m,-0.903,Reduces Risk,numeric__engagement_hackathons_attended_std_3m,0.676,Increases Risk,numeric__placement_coding_score_slope_3m,0.61,Increases Risk,numeric__placement_mock_interview_score_avg_3m,-0.745,Reduces Risk,numeric__placement_mock_interview_score_current,-0.697,Reduces Risk,numeric__placement_coding_score_slope_3m,-0.562,Reduces Risk,numeric__engagement_club_participations_current,-0.547,Reduces Risk,numeric__feedback_satisfaction_score_current,-0.447,Reduces Risk
S2608,ECE,,8.63,0.0,88.6,94.6,86.2,94.0,87.1,87.2,89.3,5.0,1.0,3.0,2.0,4.41,4.42,87.54,100.0,Green,Reliable,0.114,0,Low,0.181,0,Low,6.81,Stable,10.88,Stable,10.88,Placement,Low,No,No immediate intervention,numeric__placement_mock_interview_score_avg_3m,-1.098,Reduces Risk,numeric__lms_assignment_completion_pct_avg_3m,1.077,Increases Risk,numeric__skills_soft_skills_score_avg_3m,0.977,Increases Risk,numeric__feedback_satisfaction_score_avg_3m,-0.948,Reduces Risk,numeric__engagement_events_attended_slope_3m,0.71,Increases Risk,numeric__engagement_strength,-2.213,Reduces Risk,numeric__attendance_overall_attendance_current,-1.143,Reduces Risk,numeric__placement_mock_interview_score_current,-1.079,Reduces Risk,numeric__placement_mock_interview_score_avg_3m,-0.905,Reduces Risk,numeric__engagement_hackathons_attended_current,0.859,Increases Risk
S2609,MECH,,8.37,0.0,81.5,86.3,70.0,74.6,72.5,63.8,71.3,3.0,2.0,2.0,1.0,4.36,3.74,78.06,100.0,Green,Reliable,0.492,1,Medium,0.318,1,Medium,23.63,Improving,19.07,Stable,23.63,Academic,Low,Yes,No immediate intervention,numeric__placement_coding_score_avg_3m,-0.749,Reduces Risk,numeric__skills_tech_skills_score_avg_3m,0.735,Increases Risk,numeric__placement_aptitude_score_current,0.699,Increases Risk,numeric__academic_warning_score,-0.668,Reduces Risk,numeric__placement_coding_score_slope_3m,-0.554,Reduces Risk,numeric__placement_aptitude_score_current,-0.683,Reduces Risk,numeric__placement_coding_score_slope_3m,0.511,Increases Risk,numeric__feedback_satisfaction_score_slope_3m,0.501,Increases Risk,numeric__lms_logins_per_week_avg_3m,0.479,Increases Risk,numeric__placement_coding_score_avg_3m,0.369,Increases Risk
S2610,ECE,,7.84,0.0,99.1,87.9,82.4,87.9,84.3,72.3,83.9,4.0,1.0,3.0,1.0,,,83.24,95.0,Green,Reliable,0.381,1,Medium,0.192,0,Low,27.41,Declining,11.49,Stable,27.41,Academic,Low,Yes,No immediate intervention,numeric__skills_soft_skills_score_avg_3m,0.692,Increases Risk,numeric__placement_mock_interview_score_avg_3m,-0.553,Reduces Risk,numeric__cgpa_declining_flag,0.487,Increases Risk,numeric__attendance_overall_attendance_std_3m,0.482,Increases Risk,numeric__placement_mock_interview_score_current,-0.48,Reduces Risk,numeric__attendance_overall_attendance_current,-1.987,Reduces Risk,numeric__attendance_overall_attendance_avg_3m,1.119,Increases Risk,numeric__attendance_subject_attendance_avg_3m,1.098,Increases Risk,numeric__engagement_strength,-1.093,Reduces Risk,numeric__attendance_subject_attendance_current,-1.022,Reduces Risk
S2611,IT,,8.08,0.0,99.7,87.2,78.1,71.4,80.8,76.8,69.1,3.0,1.0,1.0,1.0,,,81.38,95.0,Green,Reliable,0.326,1,Medium,0.335,1,Medium,23.48,Declining,20.11,Stable,23.48,Academic,Low,Yes,No immediate intervention,numeric__engagement_hackathons_attended_std_3m,1.074,Increases Risk,numeric__lms_assignment_completion_pct_avg_3m,0.646,Increases Risk,numeric__attendance_overall_attendance_avg_3m,-0.525,Reduces Risk,numeric__attendance_overall_attendance_std_3m,-0.49,Reduces Risk,numeric__cgpa_declining_flag,0.487,Increases Risk,numeric__attendance_overall_attendance_current,-2.063,Reduces Risk,numeric__attendance_overall_attendance_avg_3m,1.442,Increases Risk,numeric__attendance_subject_attendance_current,-1.053,Reduces Risk,numeric__engagement_hackathons_attended_current,-1.05,Reduces Risk,numeric__attendance_subject_attendance_avg_3m,1.035,Increases Risk
S2612,IT,,8.58,0.0,80.0,68.9,98.9,71.2,83.3,94.5,69.3,,,,,3.32,3.75,79.76,100.0,Green,Reliable,0.624,1,High,0.094,0,Low,37.42,Stable,5.63,Stable,37.42,Academic,Medium,Yes,Monitor student - 14d,numeric__lms_logins_per_week_slope_3m,1.271,Increases Risk,numeric__academic_warning_score,-0.934,Reduces Risk,numeric__placement_coding_score_avg_3m,0.901,Increases Risk,numeric__skills_tech_skills_score_avg_3m,-0.604,Reduces Risk,numeric__feedback_satisfaction_score_current,-0.531,Reduces Risk,numeric__lms_logins_per_week_slope_3m,0.747,Increases Risk,numeric__skills_soft_skills_score_std_3m,-0.496,Reduces Risk,numeric__feedback_satisfaction_score_slope_3m,-0.492,Reduces Risk,numeric__placement_coding_score_slope_3m,-0.462,Reduces Risk,numeric__feedback_satisfaction_score_current,0.452,Increases Risk
S2613,CIVIL,,8.05,0.0,92.0,73.2,63.3,62.0,72.1,67.5,61.5,2.0,1.0,2.0,1.0,3.4,3.81,75.34,100.0,Green,Reliable,0.094,0,Low,0.662,1,High,4.5,Improving,39.73,Stable,39.73,Placement,Medium,Yes,Monitor student - 14d,numeric__placement_coding_score_avg_3m,-1.361,Reduces Risk,numeric__skills_tech_skills_score_avg_3m,1.177,Increases Risk,numeric__academic_warning_score,-0.934,Reduces Risk,numeric__skills_soft_skills_score_avg_3m,-0.812,Reduces Risk,numeric__placement_mock_interview_score_avg_3m,0.732,Increases Risk,numeric__attendance_overall_attendance_current,-1.057,Reduces Risk,numeric__engagement_strength,0.775,Increases Risk,numeric__placement_mock_interview_score_current,0.743,Increases Risk,numeric__placement_aptitude_score_current,-0.713,Reduces Risk,numeric__placement_coding_score_avg_3m,0.671,Increases Risk
S2614,ME,,6.72,4.0,53.4,61.3,66.9,56.9,67.1,71.5,58.0,1.0,0.0,2.0,1.0,4.01,4.69,53.04,100.0,Amber,Reliable,0.292,0,Low,0.624,1,High,35.02,Declining,37.43,Stable,37.43,Placement,Medium,Yes,Monitor student - 14d,numeric__academic_backlogs_avg_3m,-1.783,Reduces Risk,numeric__academic_warning_score,1.59,Increases Risk,numeric__placement_coding_score_avg_3m,-1.361,Reduces Risk,numeric__academic_cgpa_current,-1.125,Reduces Risk,numeric__placement_aptitude_score_current,1.12,Increases Risk,numeric__attendance_overall_attendance_current,3.259,Increases Risk,numeric__attendance_overall_attendance_avg_3m,-2.189,Reduces Risk,numeric__attendance_subject_attendance_avg_3m,-1.751,Reduces Risk,numeric__attendance_subject_attendance_current,1.397,Increases Risk,numeric__engagement_strength,1.335,Increases Risk
S2615,CSE,,9.4,0.0,83.7,69.8,100.0,69.4,91.8,94.9,71.0,3.0,1.0,2.0,1.0,3.36,4.85,80.35,100.0,Green,Reliable,0.061,0,Low,0.066,0,Low,3.64,Stable,3.93,Stable,3.93,Placement,Low,No,No immediate intervention,numeric__skills_tech_skills_score_avg_3m,-1.605,Reduces Risk,numeric__placement_coding_score_avg_3m,1.6,Increases Risk,numeric__academic_warning_score,-0.934,Reduces Risk,numeric__placement_aptitude_score_current,-0.807,Reduces Risk,numeric__feedback_satisfaction_score_avg_3m,0.729,Increases Risk,numeric__placement_coding_score_avg_3m,-0.789,Reduces Risk,numeric__placement_aptitude_score_current,0.787,Increases Risk,numeric__skills_tech_skills_score_avg_3m,0.723,Increases Risk,numeric__academic_internal_marks_avg_3m,-0.621,Reduces Risk,numeric__feedback_faculty_rating_current,-0.533,Reduces Risk
S2616,CIVIL,,8.1,0.0,64.6,72.1,81.2,73.1,87.2,80.0,72.6,2.0,2.0,3.0,1.0,3.29,4.43,73.39,100.0,Green,Reliable,0.093,0,Low,0.572,1,High,5.56,Stable,34.3,Stable,34.3,Placement,Medium,Yes,Monitor student - 14d,numeric__feedback_satisfaction_score_avg_3m,0.686,Increases Risk,numeric__feedback_satisfaction_score_current,-0.557,Reduces Risk,numeric__engagement_hackathons_attended_std_3m,-0.556,Reduces Risk,numeric__lms_assignment_completion_pct_avg_3m,-0.466,Reduces Risk,numeric__placement_aptitude_score_current,-0.448,Reduces Risk,numeric__attendance_overall_attendance_current,1.258,Increases Risk,numeric__attendance_overall_attendance_avg_3m,-0.934,Reduces Risk,numeric__attendance_subject_attendance_avg_3m,-0.906,Reduces Risk,numeric__engagement_hackathons_attended_current,0.859,Increases Risk,numeric__attendance_subject_attendance_current,0.804,Increases Risk
S2617,IT,,7.32,1.0,66.4,64.0,81.1,70.6,78.6,84.3,65.4,2.0,1.0,2.0,1.0,3.46,4.34,65.38,100.0,Amber,Reliable,0.186,0,Low,0.229,1,Medium,13.42,Declining,13.76,Stable,13.76,Placement,Low,Yes,No immediate intervention,numeric__academic_warning_score,1.988,Increases Risk,numeric__lms_assignment_completion_pct_avg_3m,-0.879,Reduces Risk,numeric__attendance_declining_flag,-0.741,Reduces Risk,numeric__academic_cgpa_current,-0.715,Reduces Risk,numeric__lms_logins_per_week_slope_3m,-0.641,Reduces Risk,numeric__attendance_overall_attendance_current,1.907,Increases Risk,numeric__critical_attendance_flag,-0.998,Reduces Risk,numeric__attendance_overall_attendance_avg_3m,-0.916,Reduces Risk,numeric__low_lms_flag,0.914,Increases Risk,numeric__academic_warning_score,-0.794,Reduces Risk
S2618,ECE,,8.48,1.0,82.9,82.7,77.1,75.9,82.7,74.6,77.1,4.0,1.0,2.0,2.0,3.97,4.1,77.16,100.0,Green,Reliable,0.537,1,Medium,0.707,1,High,25.79,Improving,42.4,Stable,42.4,Placement,Medium,Yes,Monitor student - 14d,numeric__engagement_events_attended_slope_3m,0.71,Increases Risk,numeric__placement_coding_score_avg_3m,-0.687,Reduces Risk,numeric__skills_tech_skills_score_avg_3m,0.673,Increases Risk,numeric__academic_warning_score,-0.535,Reduces Risk,numeric__attendance_overall_attendance_std_3m,-0.529,Reduces Risk,numeric__engagement_strength,-0.906,Reduces Risk,numeric__academic_subject_score_avg_slope_3m,0.519,Increases Risk,numeric__academic_internal_marks_slope_3m,-0.483,Reduces Risk,numeric__placement_coding_score_slope_3m,-0.397,Reduces Risk,numeric__engagement_certifications_count_current,0.392,Increases Risk
S2619,CSE,,8.28,0.0,94.5,91.2,94.4,76.2,77.9,90.2,74.0,2.0,1.0,3.0,1.0,4.53,4.68,83.27,100.0,Green,Reliable,0.153,0,Low,0.226,1,Medium,11.04,Declining,13.58,Stable,13.58,Placement,Low,Yes,No immediate intervention,numeric__placement_coding_score_avg_3m,0.778,Increases Risk,numeric__skills_tech_skills_score_avg_3m,-0.708,Reduces Risk,numeric__feedback_satisfaction_score_current,0.51,Increases Risk,numeric__cgpa_declining_flag,0.487,Increases Risk,numeric__feedback_satisfaction_score_avg_3m,-0.404,Reduces Risk,numeric__attendance_overall_attendance_current,-1.468,Reduces Risk,numeric__attendance_overall_attendance_avg_3m,0.985,Increases Risk,numeric__attendance_subject_attendance_avg_3m,0.932,Increases Risk,numeric__engagement_hackathons_attended_current,0.859,Increases Risk,numeric__attendance_subject_attendance_current,-0.778,Reduces Risk
S2620,CSE,,9.22,0.0,69.7,74.8,100.0,67.8,85.9,94.4,67.9,1.0,1.0,4.0,1.0,3.43,4.33,77.98,100.0,Green,Reliable,0.679,1,High,0.852,1,High,32.6,Improving,51.13,Stable,51.13,Placement,Medium,Yes,Monitor student - 14d,numeric__placement_coding_score_avg_3m,1.34,Increases Risk,numeric__skills_tech_skills_score_avg_3m,-0.997,Reduces Risk,numeric__feedback_satisfaction_score_avg_3m,0.695,Increases Risk,numeric__engagement_hackathons_attended_current,0.678,Increases Risk,numeric__lms_assignment_completion_pct_avg_3m,-0.637,Reduces Risk,numeric__engagement_hackathons_attended_current,1.814,Increases Risk,numeric__low_lms_flag,0.914,Increases Risk,numeric__placement_coding_score_avg_3m,-0.66,Reduces Risk,numeric__engagement_events_attended_current,-0.63,Reduces Risk,numeric__academic_internal_marks_avg_3m,-0.589,Reduces Risk
S2621,IT,,8.48,0.0,83.8,86.0,88.8,84.1,85.0,92.1,83.8,3.0,3.0,2.0,1.0,4.2,4.02,80.1,100.0,Green,Reliable,0.109,0,Low,0.227,1,Medium,5.22,Improving,13.6,Stable,13.6,Placement,Low,Yes,No immediate intervention,numeric__skills_tech_skills_score_avg_3m,-1.154,Reduces Risk,numeric__placement_coding_score_avg_3m,0.963,Increases Risk,numeric__academic_warning_score,-0.668,Reduces Risk,numeric__skills_soft_skills_score_avg_3m,0.624,Increases Risk,numeric__engagement_events_attended_slope_3m,-0.564,Reduces Risk,numeric__engagement_club_participations_current,-0.547,Reduces Risk,numeric__skills_tech_skills_score_avg_3m,0.52,Increases Risk,numeric__placement_mock_interview_score_current,-0.515,Reduces Risk,numeric__skills_soft_skills_score_std_3m,-0.504,Reduces Risk,numeric__placement_coding_score_avg_3m,-0.475,Reduces Risk
S2622,MECH,,8.01,1.0,62.6,63.0,84.8,69.3,83.2,80.7,68.4,3.0,1.0,2.0,1.0,3.36,4.22,66.74,100.0,Amber,Reliable,0.551,1,Medium,0.119,0,Low,39.69,Declining,7.16,Stable,39.69,Academic,Medium,Yes,Monitor student - 14d,numeric__academic_warning_score,1.723,Increases Risk,numeric__feedback_satisfaction_score_avg_3m,1.089,Increases Risk,numeric__lms_assignment_completion_pct_avg_3m,-1.047,Reduces Risk,numeric__academic_backlogs_slope_3m,0.781,Increases Risk,numeric__attendance_declining_flag,-0.741,Reduces Risk,numeric__attendance_overall_attendance_current,1.929,Increases Risk,numeric__attendance_overall_attendance_avg_3m,-1.29,Reduces Risk,numeric__critical_attendance_flag,-0.998,Reduces Risk,numeric__attendance_subject_attendance_avg_3m,-0.932,Reduces Risk,numeric__low_lms_flag,0.914,Increases Risk
S2623,INFORMATION TECH,,9.42,2.0,69.9,70.7,92.9,73.0,82.8,90.2,76.5,,,,,3.72,4.54,73.83,100.0,Green,Reliable,0.096,0,Low,0.214,1,Medium,7.66,Improving,12.87,Stable,12.87,Placement,Low,Yes,No immediate intervention,numeric__placement_coding_score_avg_3m,1.083,Increases Risk,numeric__academic_backlogs_avg_3m,-0.956,Reduces Risk,numeric__skills_tech_skills_score_avg_3m,-0.813,Reduces Risk,numeric__academic_cgpa_current,0.717,Increases Risk,numeric__lms_logins_per_week_slope_3m,-0.641,Reduces Risk,numeric__attendance_overall_attendance_current,1.528,Increases Risk,numeric__attendance_overall_attendance_avg_3m,-1.068,Reduces Risk,numeric__attendance_subject_attendance_avg_3m,-0.88,Reduces Risk,numeric__placement_coding_score_avg_3m,-0.533,Reduces Risk,numeric__attendance_subject_attendance_current,0.524,Increases Risk
S2624,ECE,,10.0,1.0,84.0,77.7,77.1,86.4,94.1,80.5,85.4,3.0,1.0,3.0,1.0,4.16,4.05,82.74,100.0,Green,Reliable,0.269,0,Low,0.59,1,High,16.15,Stable,35.4,Stable,35.4,Placement,Medium,Yes,Monitor student - 14d,numeric__academic_cgpa_current,1.113,Increases Risk,numeric__placement_aptitude_score_current,-0.986,Reduces Risk,numeric__placement_coding_score_slope_3m,-0.721,Reduces Risk,numeric__skills_tech_skills_score_avg_3m,-0.604,Reduces Risk,numeric__engagement_events_attended_slope_3m,-0.564,Reduces Risk,numeric__academic_internal_marks_avg_3m,-1.097,Reduces Risk,numeric__placement_aptitude_score_current,0.962,Increases Risk,numeric__engagement_hackathons_attended_current,0.859,Increases Risk,numeric__academic_cgpa_avg_3m,-0.667,Reduces Risk,numeric__placement_coding_score_slope_3m,0.664,Increases Risk
S2625,MECH,,8.44,0.0,67.0,66.7,77.1,67.6,77.6,83.5,70.0,4.0,2.0,2.0,1.0,3.62,4.52,74.39,100.0,Green,Reliable,0.364,1,Medium,0.102,0,Low,17.47,Improving,6.12,Stable,17.47,Academic,Low,Yes,No immediate intervention,numeric__attendance_declining_flag,-0.741,Reduces Risk,numeric__skills_soft_skills_score_avg_3m,-0.707,Reduces Risk,numeric__attendance_overall_attendance_std_3m,0.687,Increases Risk,numeric__feedback_satisfaction_score_avg_3m,0.671,Increases Risk,numeric__placement_coding_score_avg_3m,-0.615,Reduces Risk,numeric__attendance_overall_attendance_current,1.009,Increases Risk,numeric__attendance_subject_attendance_current,0.677,Increases Risk,numeric__low_attendance_flag,-0.492,Reduces Risk,numeric__attendance_overall_attendance_std_3m,-0.477,Reduces Risk,numeric__attendance_overall_attendance_slope_3m,-0.436,Reduces Risk
S2626,MECH,,9.93,0.0,83.2,75.7,73.5,75.9,93.3,77.6,79.2,1.0,2.0,3.0,1.0,3.75,3.99,81.51,100.0,Green,Reliable,0.257,0,Low,0.753,1,High,12.33,Improving,45.19,Stable,45.19,Placement,Medium,Yes,Monitor student - 14d,numeric__academic_cgpa_current,1.065,Increases Risk,numeric__academic_warning_score,-0.934,Reduces Risk,numeric__placement_aptitude_score_current,-0.924,Reduces Risk,numeric__feedback_satisfaction_score_avg_3m,0.569,Increases Risk,numeric__placement_coding_score_slope_3m,-0.521,Reduces Risk,numeric__academic_internal_marks_avg_3m,-1.201,Reduces Risk,numeric__placement_aptitude_score_current,0.901,Increases Risk,numeric__engagement_hackathons_attended_current,0.859,Increases Risk,numeric__engagement_events_attended_current,-0.63,Reduces Risk,numeric__academic_cgpa_avg_3m,-0.618,Reduces Risk
S2627,CSE,,9.13,0.0,63.3,74.2,100.0,76.7,87.6,100.0,80.3,2.0,1.0,4.0,2.0,3.45,4.53,78.73,100.0,Green,Reliable,0.46,1,Medium,0.556,1,High,27.58,Stable,33.35,Stable,33.35,Placement,Medium,Yes,Monitor student - 14d,numeric__placement_coding_score_avg_3m,1.698,Increases Risk,numeric__skills_tech_skills_score_avg_3m,-1.356,Reduces Risk,numeric__feedback_satisfaction_score_avg_3m,0.822,Increases Risk,numeric__feedback_faculty_rating_avg_3m,-0.723,Reduces Risk,numeric__engagement_hackathons_attended_current,0.678,Increases Risk,numeric__engagement_hackathons_attended_current,1.814,Increases Risk,numeric__engagement_strength,-1.279,Reduces Risk,numeric__attendance_overall_attendance_current,1.226,Increases Risk,numeric__attendance_overall_attendance_avg_3m,-0.957,Reduces Risk,numeric__attendance_subject_attendance_current,0.873,Increases Risk
S2628,CIVIL,,8.46,0.0,73.8,86.8,84.9,79.7,84.1,77.1,75.1,3.0,1.0,2.0,1.0,4.02,4.2,78.37,100.0,Green,Reliable,0.117,0,Low,0.232,1,Medium,7.0,Stable,13.91,Stable,13.91,Placement,Low,Yes,No immediate intervention,numeric__skills_tech_skills_score_avg_3m,-0.622,Reduces Risk,numeric__attendance_overall_attendance_std_3m,-0.563,Reduces Risk,numeric__engagement_hackathons_attended_std_3m,-0.556,Reduces Risk,numeric__feedback_satisfaction_score_avg_3m,-0.511,Reduces Risk,numeric__placement_mock_interview_score_avg_3m,-0.437,Reduces Risk,numeric__attendance_overall_attendance_current,0.879,Increases Risk,numeric__attendance_overall_attendance_avg_3m,-0.593,Reduces Risk,numeric__low_attendance_flag,-0.492,Reduces Risk,numeric__academic_internal_marks_slope_3m,-0.41,Reduces Risk,numeric__attendance_overall_attendance_std_3m,0.391,Increases Risk
S2629,ECE,,7.84,1.0,50.0,41.6,59.0,60.2,71.8,63.2,61.0,1.0,2.0,2.0,2.0,3.2,3.7,58.91,100.0,Amber,Reliable,0.935,1,High,0.752,1,High,67.33,Declining,45.12,Stable,67.33,Academic,High,Yes,Advisor review recommended - 7d,numeric__lms_assignment_completion_pct_avg_3m,-2.258,Reduces Risk,numeric__academic_warning_score,1.59,Increases Risk,numeric__placement_coding_score_avg_3m,-1.465,Reduces Risk,numeric__lms_assignment_completion_pct_current,1.321,Increases Risk,numeric__skills_soft_skills_score_avg_3m,-1.294,Reduces Risk,numeric__attendance_overall_attendance_current,3.194,Increases Risk,numeric__attendance_overall_attendance_avg_3m,-2.313,Reduces Risk,numeric__attendance_subject_attendance_avg_3m,-1.956,Reduces Risk,numeric__attendance_subject_attendance_current,1.576,Increases Risk,numeric__low_coding_flag,1.487,Increases Risk
S2630,CIVIL,,7.9,1.0,79.3,79.4,65.3,59.4,70.4,63.5,61.7,2.0,1.0,2.0,1.0,3.64,3.6,70.38,100.0,Green,Reliable,0.134,0,Low,0.703,1,High,6.41,Improving,42.2,Stable,42.2,Placement,Medium,Yes,Monitor student - 14d,numeric__placement_coding_score_avg_3m,-1.418,Reduces Risk,numeric__skills_tech_skills_score_avg_3m,1.048,Increases Risk,numeric__skills_soft_skills_score_avg_3m,-0.958,Reduces Risk,numeric__placement_mock_interview_score_avg_3m,0.936,Increases Risk,numeric__placement_aptitude_score_current,0.863,Increases Risk,numeric__placement_mock_interview_score_current,0.891,Increases Risk,numeric__placement_aptitude_score_current,-0.842,Reduces Risk,numeric__engagement_strength,0.775,Increases Risk,numeric__placement_mock_interview_score_avg_3m,0.772,Increases Risk,numeric__placement_coding_score_avg_3m,0.699,Increases Risk
S2631,ECE,,9.31,0.0,88.6,96.6,91.4,85.0,89.9,92.1,82.3,2.0,1.0,3.0,2.0,4.45,4.6,85.7,80.0,Green,Reliable,0.074,0,Low,0.759,1,High,5.33,Declining,45.53,Stable,45.53,Placement,Medium,Yes,Monitor student - 14d,numeric__placement_coding_score_avg_3m,1.142,Increases Risk,numeric__skills_soft_skills_score_avg_3m,0.985,Increases Risk,numeric__skills_tech_skills_score_avg_3m,-0.893,Reduces Risk,numeric__attendance_declining_flag,-0.741,Reduces Risk,numeric__placement_aptitude_score_current,-0.659,Reduces Risk,numeric__academic_internal_marks_avg_3m,-0.885,Reduces Risk,numeric__engagement_hackathons_attended_current,0.859,Increases Risk,numeric__attendance_overall_attendance_avg_3m,0.767,Increases Risk,numeric__placement_aptitude_score_current,0.642,Increases Risk,numeric__placement_mock_interview_score_current,-0.566,Reduces Risk
S2632,CSE,,7.61,1.0,76.0,84.7,83.3,88.3,83.4,79.2,80.0,4.0,1.0,3.0,2.0,4.29,4.24,76.55,100.0,Green,Reliable,0.392,1,Medium,0.435,1,Medium,28.23,Declining,26.09,Stable,28.23,Academic,Low,Yes,No immediate intervention,numeric__academic_backlogs_slope_3m,0.781,Increases Risk,numeric__feedback_satisfaction_score_avg_3m,-0.734,Reduces Risk,numeric__attendance_overall_attendance_std_3m,-0.519,Reduces Risk,numeric__academic_cgpa_current,-0.518,Reduces Risk,numeric__placement_mock_interview_score_current,-0.495,Reduces Risk,numeric__engagement_strength,-1.653,Reduces Risk,numeric__engagement_hackathons_attended_current,0.859,Increases Risk,numeric__placement_mock_interview_score_current,-0.754,Reduces Risk,numeric__skills_soft_skills_score_std_3m,0.554,Increases Risk,numeric__placement_mock_interview_score_std_3m,-0.434,Reduces Risk
S2633,MECH,,9.03,0.0,78.3,79.6,80.3,73.9,86.1,73.8,72.0,4.0,1.0,2.0,1.0,4.33,3.94,79.91,100.0,Green,Reliable,0.472,1,Medium,0.348,1,Medium,34.02,Declining,20.87,Stable,34.02,Academic,Medium,Yes,Monitor student - 14d,numeric__attendance_declining_flag,-0.741,Reduces Risk,numeric__engagement_events_attended_slope_3m,-0.564,Reduces Risk,numeric__engagement_hackathons_attended_std_3m,-0.556,Reduces Risk,numeric__cgpa_declining_flag,0.487,Increases Risk,numeric__academic_cgpa_current,0.451,Increases Risk,numeric__feedback_satisfaction_score_slope_3m,0.719,Increases Risk,numeric__placement_mock_interview_score_std_3m,-0.512,Reduces Risk,numeric__skills_soft_skills_score_std_3m,0.421,Increases Risk,numeric__academic_internal_marks_avg_3m,-0.37,Reduces Risk,numeric__engagement_events_attended_current,0.36,Increases Risk
S2634,IT,,7.32,1.0,57.2,70.9,84.0,70.6,79.0,78.0,74.2,3.0,3.0,2.0,1.0,4.45,4.44,67.44,100.0,Amber,Reliable,0.717,1,High,0.018,0,Low,51.62,Declining,1.11,Stable,51.62,Academic,Medium,Yes,Monitor student - 14d,numeric__academic_warning_score,1.988,Increases Risk,numeric__lms_assignment_completion_pct_avg_3m,-0.8,Reduces Risk,numeric__attendance_declining_flag,-0.741,Reduces Risk,numeric__academic_cgpa_current,-0.715,Reduces Risk,numeric__attendance_overall_attendance_std_3m,0.685,Increases Risk,numeric__attendance_overall_attendance_current,1.745,Increases Risk,numeric__attendance_subject_attendance_current,1.195,Increases Risk,numeric__critical_attendance_flag,-0.998,Reduces Risk,numeric__low_lms_flag,0.914,Increases Risk,numeric__attendance_overall_attendance_avg_3m,-0.846,Reduces Risk
S2635,ELECTRONICS & COMM,,9.45,0.0,74.2,61.1,76.1,70.3,91.3,72.4,67.2,2.0,1.0,3.0,1.0,3.31,4.19,74.74,100.0,Green,Reliable,0.664,1,High,0.357,1,Medium,31.88,Improving,21.43,Stable,31.88,Academic,Medium,Yes,Monitor student - 14d,numeric__lms_assignment_completion_pct_avg_3m,-1.132,Reduces Risk,numeric__feedback_satisfaction_score_avg_3m,0.963,Increases Risk,numeric__placement_aptitude_score_slope_3m,0.786,Increases Risk,numeric__placement_aptitude_score_current,-0.768,Reduces Risk,numeric__academic_cgpa_current,0.738,Increases Risk,numeric__attendance_overall_attendance_current,1.031,Increases Risk,numeric__low_lms_flag,0.914,Increases Risk,numeric__attendance_overall_attendance_avg_3m,-0.879,Reduces Risk,numeric__engagement_hackathons_attended_current,0.859,Increases Risk,numeric__placement_aptitude_score_slope_3m,-0.832,Reduces Risk
S2636,CIVIL,,9.73,0.0,81.6,83.2,98.5,84.8,98.0,91.7,84.1,4.0,1.0,2.0,1.0,4.48,4.14,85.41,100.0,Green,Reliable,0.397,1,Medium,0.267,1,Medium,23.83,Stable,16.03,Stable,23.83,Academic,Low,Yes,No immediate intervention,numeric__placement_aptitude_score_current,-1.29,Reduces Risk,numeric__placement_coding_score_avg_3m,1.102,Increases Risk,numeric__academic_cgpa_current,0.929,Increases Risk,numeric__attendance_declining_flag,-0.741,Reduces Risk,numeric__placement_mock_interview_score_avg_3m,-0.736,Reduces Risk,numeric__placement_aptitude_score_current,1.259,Increases Risk,numeric__academic_internal_marks_avg_3m,-0.92,Reduces Risk,numeric__skills_soft_skills_score_std_3m,-0.72,Reduces Risk,numeric__placement_mock_interview_score_avg_3m,-0.607,Reduces Risk,numeric__academic_cgpa_avg_3m,-0.567,Reduces Risk
S2637,IT,,8.4,1.0,87.3,78.8,88.9,70.2,76.7,90.0,69.2,2.0,1.0,2.0,1.0,3.66,3.77,76.52,100.0,Green,Reliable,0.368,1,Medium,0.563,1,High,17.68,Improving,33.79,Stable,33.79,Placement,Medium,Yes,Monitor student - 14d,numeric__placement_coding_score_avg_3m,0.81,Increases Risk,numeric__skills_tech_skills_score_avg_3m,-0.537,Reduces Risk,numeric__academic_warning_score,-0.535,Reduces Risk,numeric__lms_logins_per_week_slope_3m,0.506,Increases Risk,numeric__placement_aptitude_score_current,0.371,Increases Risk,numeric__engagement_strength,0.775,Increases Risk,numeric__attendance_overall_attendance_current,-0.635,Reduces Risk,numeric__academic_subject_score_avg_slope_3m,0.508,Increases Risk,numeric__academic_internal_marks_slope_3m,-0.479,Reduces Risk,numeric__attendance_overall_attendance_avg_3m,0.442,Increases Risk
S2638,IT,,7.87,0.0,58.9,65.7,82.0,66.5,81.8,79.5,69.0,4.0,1.0,4.0,1.0,,,70.55,95.0,Green,Reliable,0.885,1,High,0.052,0,Low,63.75,Declining,3.11,Stable,63.75,Academic,High,Yes,Advisor review recommended - 7d,numeric__academic_warning_score,1.191,Increases Risk,numeric__lms_assignment_completion_pct_avg_3m,-0.72,Reduces Risk,numeric__engagement_events_attended_slope_3m,0.71,Increases Risk,numeric__engagement_hackathons_attended_current,0.678,Increases Risk,numeric__attendance_overall_attendance_avg_3m,0.542,Increases Risk,numeric__attendance_overall_attendance_current,1.972,Increases Risk,numeric__engagement_strength,-1.84,Reduces Risk,numeric__engagement_hackathons_attended_current,1.814,Increases Risk,numeric__attendance_overall_attendance_avg_3m,-1.49,Reduces Risk,numeric__attendance_subject_attendance_avg_3m,-1.176,Reduces Risk
S2639,ELECTRONICS & COMM,,7.61,2.0,74.5,79.9,71.6,59.2,77.9,67.9,60.9,,,,,3.5,3.52,68.12,100.0,Amber,Reliable,0.288,0,Low,0.876,1,High,28.8,Stable,52.53,Stable,52.53,Placement,Medium,Yes,Monitor student - 14d,numeric__placement_coding_score_avg_3m,-1.101,Reduces Risk,numeric__academic_backlogs_avg_3m,-0.956,Reduces Risk,numeric__skills_tech_skills_score_avg_3m,0.895,Increases Risk,numeric__skills_soft_skills_score_avg_3m,-0.89,Reduces Risk,numeric__placement_mock_interview_score_avg_3m,0.847,Increases Risk,numeric__placement_mock_interview_score_current,0.902,Increases Risk,numeric__skills_soft_skills_score_std_3m,0.765,Increases Risk,numeric__placement_mock_interview_score_avg_3m,0.698,Increases Risk,numeric__feedback_faculty_rating_current,0.544,Increases Risk,numeric__placement_coding_score_avg_3m,0.542,Increases Risk
S2640,MECH,,9.37,0.0,74.1,92.9,92.5,86.5,92.6,91.4,77.0,4.0,1.0,2.0,2.0,3.43,4.62,83.69,100.0,Green,Reliable,0.121,0,Low,0.041,0,Low,5.81,Improving,2.46,Stable,5.81,Academic,Low,No,No immediate intervention,numeric__placement_coding_score_slope_3m,0.873,Increases Risk,numeric__placement_aptitude_score_current,-0.869,Reduces Risk,numeric__feedback_faculty_rating_avg_3m,-0.723,Reduces Risk,numeric__academic_cgpa_current,0.683,Increases Risk,numeric__academic_warning_score,-0.668,Reduces Risk,numeric__engagement_strength,-0.906,Reduces Risk,numeric__placement_aptitude_score_current,0.848,Increases Risk,numeric__placement_coding_score_slope_3m,-0.804,Reduces Risk,numeric__feedback_satisfaction_score_slope_3m,-0.763,Reduces Risk,numeric__placement_mock_interview_score_current,-0.652,Reduces Risk
S2641,CSE,,8.5,0.0,84.9,93.4,90.0,81.9,87.3,86.8,75.5,4.0,3.0,2.0,2.0,4.01,4.17,82.47,100.0,Green,Reliable,0.123,0,Low,0.159,0,Low,7.37,Stable,9.56,Stable,9.56,Placement,Low,No,No immediate intervention,numeric__placement_coding_score_avg_3m,1.236,Increases Risk,numeric__skills_tech_skills_score_avg_3m,-0.853,Reduces Risk,numeric__lms_assignment_completion_pct_avg_3m,0.674,Increases Risk,numeric__academic_warning_score,-0.668,Reduces Risk,numeric__lms_logins_per_week_slope_3m,-0.514,Reduces Risk,numeric__attendance_overall_attendance_current,-1.024,Reduces Risk,numeric__engagement_strength,-0.906,Reduces Risk,numeric__placement_coding_score_avg_3m,-0.609,Reduces Risk,numeric__engagement_club_participations_current,-0.547,Reduces Risk,numeric__attendance_subject_attendance_avg_3m,0.456,Increases Risk
S2642,CIVIL,,8.01,0.0,88.7,88.3,67.2,65.3,89.9,67.1,64.6,3.0,1.0,2.0,2.0,4.15,4.31,77.79,100.0,Green,Reliable,0.019,0,Low,0.748,1,High,1.36,Declining,44.88,Stable,44.88,Placement,Medium,Yes,Monitor student - 14d,numeric__academic_warning_score,-0.934,Reduces Risk,numeric__skills_tech_skills_score_avg_3m,0.876,Increases Risk,numeric__placement_coding_score_avg_3m,-0.696,Reduces Risk,numeric__placement_aptitude_score_current,-0.659,Reduces Risk,numeric__engagement_hackathons_attended_std_3m,-0.556,Reduces Risk,numeric__placement_aptitude_score_current,0.642,Increases Risk,numeric__placement_mock_interview_score_current,0.555,Increases Risk,numeric__attendance_overall_attendance_current,-0.505,Reduces Risk,numeric__attendance_subject_attendance_current,-0.471,Reduces Risk,numeric__attendance_subject_attendance_avg_3m,0.446,Increases Risk
S2643,CIVIL,,7.33,0.0,64.5,72.3,64.3,63.3,70.2,64.0,65.6,3.0,1.0,2.0,1.0,3.74,4.2,69.28,100.0,Amber,Reliable,0.219,0,Low,0.475,1,Medium,13.16,Stable,28.52,Stable,28.52,Placement,Low,Yes,No immediate intervention,numeric__placement_coding_score_avg_3m,-1.553,Reduces Risk,numeric__skills_tech_skills_score_avg_3m,1.45,Increases Risk,numeric__skills_soft_skills_score_avg_3m,-0.935,Reduces Risk,numeric__placement_aptitude_score_current,0.878,Increases Risk,numeric__placement_mock_interview_score_avg_3m,0.753,Increases Risk,numeric__attendance_overall_attendance_current,1.269,Increases Risk,numeric__academic_internal_marks_avg_3m,0.923,Increases Risk,numeric__placement_aptitude_score_current,-0.858,Reduces Risk,numeric__attendance_subject_attendance_current,0.809,Increases Risk,numeric__placement_coding_score_avg_3m,0.765,Increases Risk
S2644,CSE,,8.6,0.0,96.7,83.5,94.1,83.0,89.2,87.5,86.4,4.0,3.0,3.0,1.0,4.33,4.7,85.91,100.0,Green,Reliable,0.103,0,Low,0.209,1,Medium,7.44,Declining,12.55,Stable,12.55,Placement,Low,Yes,No immediate intervention,numeric__placement_coding_score_avg_3m,0.907,Increases Risk,numeric__skills_tech_skills_score_avg_3m,-0.884,Reduces Risk,numeric__feedback_satisfaction_score_avg_3m,-0.7,Reduces Risk,numeric__placement_aptitude_score_current,-0.604,Reduces Risk,numeric__placement_aptitude_score_slope_3m,0.517,Increases Risk,numeric__attendance_overall_attendance_current,-1.998,Reduces Risk,numeric__engagement_strength,-1.093,Reduces Risk,numeric__attendance_overall_attendance_avg_3m,1.086,Increases Risk,numeric__attendance_subject_attendance_avg_3m,0.94,Increases Risk,numeric__attendance_subject_attendance_current,-0.895,Reduces Risk
S2645,IT,,7.68,0.0,91.8,98.1,83.2,89.3,71.6,79.4,85.7,4.0,2.0,2.0,1.0,4.93,4.25,83.8,100.0,Green,Reliable,0.378,1,Medium,0.141,0,Low,27.23,Declining,8.45,Stable,27.23,Academic,Low,Yes,No immediate intervention,numeric__feedback_satisfaction_score_avg_3m,-1.43,Reduces Risk,numeric__lms_assignment_completion_pct_avg_3m,1.255,Increases Risk,numeric__feedback_satisfaction_score_current,0.854,Increases Risk,numeric__skills_soft_skills_score_avg_3m,0.849,Increases Risk,numeric__placement_aptitude_score_current,0.769,Increases Risk,numeric__attendance_overall_attendance_current,-1.327,Reduces Risk,numeric__attendance_overall_attendance_avg_3m,1.309,Increases Risk,numeric__attendance_subject_attendance_avg_3m,0.885,Increases Risk,numeric__placement_mock_interview_score_current,-0.811,Reduces Risk,numeric__placement_aptitude_score_current,-0.751,Reduces Risk
S2646,CSE,,9.64,0.0,82.9,73.9,99.0,92.7,89.4,100.0,85.3,,,,,4.07,4.85,85.37,100.0,Green,Reliable,0.16,0,Low,0.038,0,Low,7.7,Improving,2.3,Stable,7.7,Academic,Low,No,No immediate intervention,numeric__placement_coding_score_avg_3m,1.701,Increases Risk,numeric__skills_tech_skills_score_avg_3m,-1.356,Reduces Risk,numeric__academic_cgpa_current,0.867,Increases Risk,numeric__feedback_faculty_rating_avg_3m,-0.855,Reduces Risk,numeric__skills_soft_skills_score_avg_3m,0.794,Increases Risk,numeric__placement_mock_interview_score_current,-1.005,Reduces Risk,numeric__academic_internal_marks_avg_3m,-0.961,Reduces Risk,numeric__placement_coding_score_avg_3m,-0.838,Reduces Risk,numeric__skills_tech_skills_score_avg_3m,0.611,Increases Risk,numeric__placement_mock_interview_score_avg_3m,-0.608,Reduces Risk
S2647,IT,,8.03,1.0,58.7,76.6,91.7,77.2,79.1,82.1,74.0,2.0,2.0,3.0,3.0,4.41,4.56,72.4,100.0,Green,Reliable,0.345,1,Medium,0.054,0,Low,24.85,Declining,3.23,Stable,24.85,Academic,Low,Yes,No immediate intervention,numeric__academic_warning_score,1.324,Increases Risk,numeric__placement_coding_score_avg_3m,1.092,Increases Risk,numeric__skills_tech_skills_score_avg_3m,-0.782,Reduces Risk,numeric__attendance_declining_flag,-0.741,Reduces Risk,numeric__attendance_overall_attendance_std_3m,0.641,Increases Risk,numeric__attendance_overall_attendance_current,2.102,Increases Risk,numeric__attendance_overall_attendance_avg_3m,-1.156,Reduces Risk,numeric__attendance_subject_attendance_current,1.116,Increases Risk,numeric__engagement_strength,-1.093,Reduces Risk,numeric__critical_attendance_flag,-0.998,Reduces Risk
S2648,MECH,,8.22,0.0,75.5,80.6,68.4,58.4,78.5,68.3,59.4,3.0,1.0,1.0,1.0,3.86,4.16,74.16,100.0,Green,Reliable,0.368,1,Medium,0.634,1,High,22.1,Stable,38.06,Stable,38.06,Placement,Medium,Yes,Monitor student - 14d,numeric__placement_coding_score_avg_3m,-0.969,Reduces Risk,numeric__academic_warning_score,-0.934,Reduces Risk,numeric__skills_tech_skills_score_avg_3m,0.812,Increases Risk,numeric__placement_mock_interview_score_avg_3m,0.755,Increases Risk,numeric__skills_soft_skills_score_avg_3m,-0.681,Reduces Risk,numeric__engagement_hackathons_attended_current,-1.05,Reduces Risk,numeric__engagement_strength,0.962,Increases Risk,numeric__placement_mock_interview_score_current,0.948,Increases Risk,numeric__placement_mock_interview_score_avg_3m,0.623,Increases Risk,numeric__skills_soft_skills_score_current,-0.592,Reduces Risk
S2649,CSE,,8.87,0.0,94.1,87.7,92.3,80.7,74.3,90.5,77.3,5.0,1.0,4.0,1.0,4.38,4.45,85.24,100.0,Green,Reliable,0.412,1,Medium,0.164,0,Low,24.72,Stable,9.82,Stable,24.72,Academic,Low,Yes,No immediate intervention,numeric__placement_coding_score_avg_3m,1.023,Increases Risk,numeric__academic_warning_score,-0.934,Reduces Risk,numeric__skills_tech_skills_score_avg_3m,-0.865,Reduces Risk,numeric__engagement_events_attended_slope_3m,0.71,Increases Risk,numeric__engagement_strength,-0.699,Reduces Risk,numeric__engagement_strength,-2.4,Reduces Risk,numeric__engagement_hackathons_attended_current,1.814,Increases Risk,numeric__attendance_overall_attendance_current,-1.273,Reduces Risk,numeric__attendance_subject_attendance_current,-0.757,Reduces Risk,numeric__attendance_overall_attendance_avg_3m,0.756,Increases Risk
S2650,CIVIL,,8.01,0.0,82.4,84.2,71.2,79.8,65.8,73.0,77.2,3.0,1.0,1.0,2.0,4.06,3.85,77.54,100.0,Green,Reliable,0.046,0,Low,0.111,0,Low,2.74,Stable,6.66,Stable,6.66,Placement,Low,No,No immediate intervention,numeric__placement_aptitude_score_current,1.221,Increases Risk,numeric__placement_coding_score_avg_3m,-1.201,Reduces Risk,numeric__attendance_declining_flag,-0.741,Reduces Risk,numeric__attendance_overall_attendance_std_3m,0.717,Increases Risk,numeric__skills_tech_skills_score_avg_3m,0.667,Increases Risk,numeric__placement_aptitude_score_current,-1.193,Reduces Risk,numeric__engagement_hackathons_attended_current,-1.05,Reduces Risk,numeric__attendance_overall_attendance_avg_3m,0.912,Increases Risk,numeric__attendance_overall_attendance_current,-0.808,Reduces Risk,numeric__academic_subject_score_avg_slope_3m,-0.694,Reduces Risk
S2651,CSE,,8.7,1.0,58.8,71.5,94.5,81.4,90.7,91.7,76.2,3.0,2.0,2.0,2.0,4.11,4.13,71.62,100.0,Green,Reliable,0.399,1,Medium,0.113,0,Low,28.71,Declining,6.79,Stable,28.71,Academic,Low,Yes,No immediate intervention,numeric__academic_warning_score,1.988,Increases Risk,numeric__skills_tech_skills_score_avg_3m,-1.476,Reduces Risk,numeric__placement_coding_score_avg_3m,1.431,Increases Risk,numeric__academic_backlogs_slope_3m,0.781,Increases Risk,numeric__attendance_declining_flag,-0.741,Reduces Risk,numeric__attendance_overall_attendance_current,2.156,Increases Risk,numeric__attendance_overall_attendance_avg_3m,-1.197,Reduces Risk,numeric__attendance_subject_attendance_current,1.111,Increases Risk,numeric__critical_attendance_flag,-0.998,Reduces Risk,numeric__attendance_subject_attendance_avg_3m,-0.916,Reduces Risk
S2652,MECH,,8.56,1.0,84.9,82.1,67.3,80.1,80.0,74.2,80.8,,,,,,,78.48,95.0,Green,Reliable,0.331,1,Medium,0.3,1,Medium,23.86,Declining,17.98,Stable,23.86,Academic,Low,Yes,No immediate intervention,numeric__placement_coding_score_slope_3m,-0.504,Reduces Risk,numeric__placement_coding_score_avg_3m,-0.489,Reduces Risk,numeric__cgpa_declining_flag,0.487,Increases Risk,numeric__placement_coding_score_current,0.422,Increases Risk,numeric__academic_backlogs_avg_3m,-0.335,Reduces Risk,numeric__placement_coding_score_slope_3m,0.464,Increases Risk,numeric__skills_soft_skills_score_std_3m,-0.418,Reduces Risk,numeric__academic_internal_marks_avg_3m,-0.354,Reduces Risk,numeric__attendance_overall_attendance_current,-0.354,Reduces Risk,numeric__engagement_strength,-0.346,Reduces Risk
S2653,CIVIL,,9.49,1.0,87.9,91.0,82.4,76.4,85.5,78.3,66.4,2.0,1.0,2.0,1.0,4.14,4.54,80.97,100.0,Green,Reliable,0.068,0,Low,0.582,1,High,3.26,Improving,34.94,Stable,34.94,Placement,Medium,Yes,Monitor student - 14d,numeric__placement_coding_score_avg_3m,0.97,Increases Risk,numeric__academic_cgpa_current,0.765,Increases Risk,numeric__skills_tech_skills_score_avg_3m,-0.705,Reduces Risk,numeric__engagement_events_attended_slope_3m,-0.564,Reduces Risk,numeric__engagement_hackathons_attended_std_3m,-0.556,Reduces Risk,numeric__attendance_overall_attendance_current,-0.905,Reduces Risk,numeric__skills_soft_skills_score_std_3m,0.792,Increases Risk,numeric__engagement_strength,0.775,Increases Risk,numeric__feedback_satisfaction_score_slope_3m,0.728,Increases Risk,numeric__academic_internal_marks_avg_3m,-0.556,Reduces Risk
S2654,IT DEPT,,5.96,3.0,79.2,82.9,68.0,76.8,63.8,75.7,78.9,5.0,1.0,2.0,0.0,3.92,3.81,64.1,100.0,Amber,Reliable,0.027,0,Low,0.436,1,Medium,3.23,Declining,26.18,Stable,26.18,Placement,Low,Yes,Academic mentoring - Faculty - 7d,numeric__academic_backlogs_avg_3m,-1.783,Reduces Risk,numeric__academic_cgpa_current,-1.643,Reduces Risk,numeric__placement_aptitude_score_current,1.377,Increases Risk,numeric__placement_coding_score_avg_3m,-1.069,Reduces Risk,numeric__feedback_faculty_rating_avg_3m,0.86,Increases Risk,numeric__placement_aptitude_score_current,-1.345,Reduces Risk,numeric__academic_internal_marks_avg_3m,1.225,Increases Risk,numeric__academic_cgpa_avg_3m,0.921,Increases Risk,numeric__academic_cgpa_current,0.903,Increases Risk,numeric__feedback_satisfaction_score_slope_3m,-0.824,Reduces Risk
S2655,CIVIL,,7.81,0.0,61.1,77.7,66.9,66.5,69.0,64.8,67.3,2.0,0.0,1.0,1.0,,,68.93,95.0,Amber,Reliable,0.228,0,Low,0.218,1,Medium,16.41,Declining,13.07,Stable,16.41,Academic,Low,Yes,No immediate intervention,numeric__placement_coding_score_avg_3m,-1.653,Reduces Risk,numeric__skills_tech_skills_score_avg_3m,1.355,Increases Risk,numeric__placement_aptitude_score_current,0.972,Increases Risk,numeric__skills_soft_skills_score_avg_3m,-0.841,Reduces Risk,numeric__placement_mock_interview_score_avg_3m,0.763,Increases Risk,numeric__engagement_strength,1.522,Increases Risk,numeric__attendance_overall_attendance_current,1.518,Increases Risk,numeric__engagement_hackathons_attended_current,-1.05,Reduces Risk,numeric__attendance_subject_attendance_current,0.989,Increases Risk,numeric__placement_aptitude_score_current,-0.949,Reduces Risk
S2656,MECH,,9.03,0.0,76.5,72.3,83.5,65.3,94.1,79.3,61.4,2.0,2.0,3.0,1.0,3.66,3.52,77.74,100.0,Green,Reliable,0.318,1,Medium,0.907,1,High,15.26,Improving,54.42,Stable,54.42,Placement,Medium,Yes,Monitor student - 14d,numeric__placement_aptitude_score_current,-0.986,Reduces Risk,numeric__feedback_satisfaction_score_avg_3m,0.797,Increases Risk,numeric__academic_warning_score,-0.668,Reduces Risk,numeric__lms_assignment_completion_pct_avg_3m,-0.625,Reduces Risk,numeric__engagement_hackathons_attended_std_3m,-0.556,Reduces Risk,numeric__placement_aptitude_score_current,0.962,Increases Risk,numeric__engagement_hackathons_attended_current,0.859,Increases Risk,numeric__feedback_faculty_rating_slope_3m,0.626,Increases Risk,numeric__placement_mock_interview_score_current,0.555,Increases Risk,numeric__feedback_faculty_rating_current,0.544,Increases Risk
S2657,COMP SCI,,9.3,0.0,86.3,79.7,88.5,77.2,94.5,89.4,78.0,3.0,1.0,3.0,2.0,3.48,4.3,83.22,100.0,Green,Reliable,0.136,0,Low,0.828,1,High,6.52,Improving,49.66,Stable,49.66,Placement,Medium,Yes,Monitor student - 14d,numeric__placement_coding_score_avg_3m,1.371,Increases Risk,numeric__skills_tech_skills_score_avg_3m,-1.046,Reduces Risk,numeric__placement_aptitude_score_current,-1.017,Reduces Risk,numeric__academic_warning_score,-0.934,Reduces Risk,numeric__skills_soft_skills_score_avg_3m,0.707,Increases Risk,numeric__engagement_strength,-1.093,Reduces Risk,numeric__placement_aptitude_score_current,0.993,Increases Risk,numeric__skills_soft_skills_score_std_3m,0.937,Increases Risk,numeric__engagement_hackathons_attended_current,0.859,Increases Risk,numeric__placement_coding_score_avg_3m,-0.676,Reduces Risk
S2658,ECE,,9.71,1.0,72.9,72.3,90.3,75.0,84.1,84.6,75.2,1.0,3.0,2.0,2.0,3.46,4.57,76.31,100.0,Green,Reliable,0.715,1,High,0.589,1,High,34.31,Improving,35.32,Stable,35.32,Placement,Medium,Yes,Monitor student - 14d,numeric__feedback_satisfaction_score_avg_3m,0.924,Increases Risk,numeric__academic_cgpa_current,0.915,Increases Risk,numeric__lms_assignment_completion_pct_avg_3m,-0.91,Reduces Risk,numeric__placement_coding_score_avg_3m,0.694,Increases Risk,numeric__engagement_hackathons_attended_std_3m,0.676,Increases Risk,numeric__low_lms_flag,0.914,Increases Risk,numeric__engagement_strength,0.775,Increases Risk,numeric__engagement_events_attended_current,-0.63,Reduces Risk,numeric__academic_internal_marks_avg_3m,-0.598,Reduces Risk,numeric__engagement_club_participations_current,-0.547,Reduces Risk
S2659,IT,,7.82,0.0,100.0,94.1,88.2,80.8,77.3,90.4,75.4,4.0,1.0,3.0,4.0,4.0,4.45,85.67,100.0,Green,Reliable,0.04,0,Low,0.177,0,Low,2.43,Stable,10.64,Stable,10.64,Placement,Low,No,No immediate intervention,numeric__academic_warning_score,-0.934,Reduces Risk,numeric__lms_assignment_completion_pct_avg_3m,0.918,Increases Risk,numeric__engagement_strength,-0.808,Reduces Risk,numeric__lms_assignment_completion_pct_current,-0.502,Reduces Risk,numeric__placement_mock_interview_score_avg_3m,-0.45,Reduces Risk,numeric__engagement_strength,-2.774,Reduces Risk,numeric__attendance_overall_attendance_current,-1.868,Reduces Risk,numeric__engagement_certifications_count_current,1.482,Increases Risk,numeric__attendance_overall_attendance_avg_3m,1.112,Increases Risk,numeric__attendance_subject_attendance_current,-1.069,Reduces Risk
S2660,MECH,,,0.0,89.7,71.2,80.3,73.8,85.7,77.3,74.1,2.0,1.0,2.0,1.0,3.34,4.12,70.26,65.0,Green,Reliable,0.001,0,Low,0.119,0,Low,0.07,Declining,7.13,Stable,7.13,Placement,Low,No,No immediate intervention,numeric__academic_cgpa_missing,-6.778,Reduces Risk,numeric__lms_logins_per_week_slope_3m,-0.769,Reduces Risk,numeric__feedback_satisfaction_score_avg_3m,0.72,Increases Risk,numeric__feedback_satisfaction_score_current,-0.514,Reduces Risk,numeric__cgpa_declining_flag,0.487,Increases Risk,numeric__academic_cgpa_missing,-1.515,Reduces Risk,numeric__attendance_overall_attendance_current,-1.186,Reduces Risk,numeric__low_lms_flag,0.914,Increases Risk,numeric__engagement_strength,0.775,Increases Risk,numeric__attendance_subject_attendance_current,-0.524,Reduces Risk
S2661,ECE,,8.79,0.0,96.7,92.8,82.6,87.1,88.5,83.0,80.8,3.0,1.0,2.0,2.0,4.38,4.26,85.96,100.0,Green,Reliable,0.07,0,Low,0.029,0,Low,4.23,Stable,1.73,Stable,4.23,Academic,Low,No,No immediate intervention,numeric__lms_assignment_completion_pct_avg_3m,1.049,Increases Risk,numeric__attendance_overall_attendance_std_3m,0.965,Increases Risk,numeric__academic_warning_score,-0.934,Reduces Risk,numeric__feedback_satisfaction_score_avg_3m,-0.88,Reduces Risk,numeric__placement_mock_interview_score_avg_3m,-0.734,Reduces Risk,numeric__attendance_overall_attendance_current,-2.171,Reduces Risk,numeric__attendance_overall_attendance_avg_3m,1.192,Increases Risk,numeric__attendance_subject_attendance_current,-0.895,Reduces Risk,numeric__attendance_subject_attendance_avg_3m,0.822,Increases Risk,numeric__placement_mock_interview_score_current,-0.686,Reduces Risk
S2662,MECH,,7.5,0.0,77.0,81.8,76.4,69.6,75.8,78.7,71.6,5.0,1.0,1.0,1.0,3.77,4.02,74.82,100.0,Green,Reliable,0.63,1,High,0.392,1,Medium,45.35,Declining,23.51,Stable,45.35,Academic,Medium,Yes,Monitor student - 14d,numeric__engagement_events_attended_slope_3m,1.028,Increases Risk,numeric__engagement_hackathons_attended_std_3m,0.676,Increases Risk,numeric__academic_cgpa_std_3m,-0.641,Reduces Risk,numeric__academic_cgpa_current,-0.593,Reduces Risk,numeric__placement_mock_interview_score_avg_3m,0.563,Increases Risk,numeric__engagement_hackathons_attended_current,-1.05,Reduces Risk,numeric__engagement_events_attended_current,0.689,Increases Risk,numeric__placement_mock_interview_score_avg_3m,0.464,Increases Risk,numeric__academic_internal_marks_slope_3m,0.442,Increases Risk,numeric__placement_aptitude_score_current,-0.431,Reduces Risk
S2663,CIVIL,,8.01,0.0,81.8,87.9,67.0,75.9,74.5,74.9,82.8,5.0,1.0,2.0,1.0,4.12,4.07,79.23,100.0,Green,Reliable,0.106,0,Low,0.576,1,High,6.37,Stable,34.55,Stable,34.55,Placement,Medium,Yes,Monitor student - 14d,numeric__placement_coding_score_avg_3m,-1.556,Reduces Risk,numeric__skills_tech_skills_score_avg_3m,0.861,Increases Risk,numeric__attendance_declining_flag,-0.741,Reduces Risk,numeric__lms_assignment_completion_pct_avg_3m,0.669,Increases Risk,numeric__placement_aptitude_score_current,0.543,Increases Risk,numeric__engagement_strength,-0.906,Reduces Risk,numeric__placement_coding_score_avg_3m,0.767,Increases Risk,numeric__engagement_events_attended_current,0.689,Increases Risk,numeric__placement_aptitude_score_current,-0.53,Reduces Risk,numeric__skills_soft_skills_score_std_3m,0.502,Increases Risk
S2664,ECE,,8.28,2.0,76.4,77.5,81.9,86.0,82.7,79.8,76.0,4.0,1.0,2.0,1.0,3.89,3.4,71.79,100.0,Green,Reliable,0.672,1,High,0.111,0,Low,80.62,Declining,6.68,Stable,80.62,Academic,High,Yes,Advisor review recommended - 7d,numeric__academic_backlogs_slope_3m,0.781,Increases Risk,numeric__engagement_events_attended_slope_3m,0.71,Increases Risk,numeric__academic_backlogs_avg_3m,-0.542,Reduces Risk,numeric__academic_warning_score,0.527,Increases Risk,numeric__feedback_faculty_rating_current,0.518,Increases Risk,numeric__feedback_faculty_rating_current,0.641,Increases Risk,numeric__attendance_overall_attendance_avg_3m,-0.623,Reduces Risk,numeric__placement_mock_interview_score_current,-0.623,Reduces Risk,numeric__attendance_overall_attendance_current,0.598,Increases Risk,numeric__low_attendance_flag,-0.492,Reduces Risk
S2665,CIVIL,,7.59,1.0,60.9,70.5,87.5,78.5,78.9,94.2,77.6,,,,,3.7,4.4,69.13,100.0,Amber,Reliable,0.325,1,Medium,0.076,0,Low,23.39,Declining,4.57,Stable,23.39,Academic,Low,Yes,No immediate intervention,numeric__academic_warning_score,1.988,Increases Risk,numeric__academic_backlogs_slope_3m,0.781,Increases Risk,numeric__attendance_declining_flag,-0.741,Reduces Risk,numeric__lms_assignment_completion_pct_avg_3m,-0.606,Reduces Risk,numeric__attendance_overall_attendance_avg_3m,0.563,Increases Risk,numeric__attendance_overall_attendance_current,2.588,Increases Risk,numeric__attendance_overall_attendance_avg_3m,-1.548,Reduces Risk,numeric__attendance_subject_attendance_avg_3m,-1.247,Reduces Risk,numeric__attendance_subject_attendance_current,1.0,Increases Risk,numeric__critical_attendance_flag,-0.998,Reduces Risk
S2666,IT,,7.21,0.0,83.7,82.4,79.8,72.8,78.5,84.1,72.0,2.0,1.0,1.0,1.0,4.27,4.18,74.0,100.0,Green,Reliable,0.048,0,Low,0.577,1,High,2.88,Stable,34.64,Stable,34.64,Placement,Medium,Yes,Monitor student - 14d,numeric__academic_cgpa_current,-0.79,Reduces Risk,numeric__academic_warning_score,-0.668,Reduces Risk,numeric__feedback_satisfaction_score_avg_3m,-0.569,Reduces Risk,numeric__engagement_events_attended_slope_3m,-0.564,Reduces Risk,numeric__engagement_strength,0.444,Increases Risk,numeric__engagement_strength,1.522,Increases Risk,numeric__engagement_hackathons_attended_current,-1.05,Reduces Risk,numeric__academic_internal_marks_avg_3m,0.91,Increases Risk,numeric__academic_cgpa_avg_3m,0.474,Increases Risk,numeric__academic_cgpa_current,0.434,Increases Risk
S2667,CIVIL,,7.15,0.0,64.1,84.3,69.8,87.8,83.5,73.6,83.3,3.0,1.0,4.0,1.0,4.91,4.12,73.25,100.0,Green,Reliable,0.485,1,Medium,0.754,1,High,34.91,Declining,45.26,Stable,45.26,Placement,Medium,Yes,Monitor student - 14d,numeric__engagement_hackathons_attended_std_3m,1.074,Increases Risk,numeric__placement_coding_score_avg_3m,-1.063,Reduces Risk,numeric__skills_soft_skills_score_avg_3m,1.05,Increases Risk,numeric__feedback_satisfaction_score_avg_3m,-1.021,Reduces Risk,numeric__feedback_satisfaction_score_current,0.836,Increases Risk,numeric__engagement_hackathons_attended_current,1.814,Increases Risk,numeric__attendance_overall_attendance_current,1.539,Increases Risk,numeric__engagement_strength,-1.279,Reduces Risk,numeric__attendance_subject_attendance_current,0.83,Increases Risk,numeric__placement_mock_interview_score_current,-0.726,Reduces Risk
S2668,CSE,,9.54,0.0,79.0,89.1,98.8,86.5,97.0,96.3,89.2,2.0,1.0,2.0,2.0,4.46,4.48,85.95,100.0,Green,Reliable,0.041,0,Low,0.197,0,Low,2.44,Stable,11.8,Stable,11.8,Placement,Low,No,No immediate intervention,numeric__placement_coding_score_avg_3m,1.443,Increases Risk,numeric__skills_tech_skills_score_avg_3m,-1.258,Reduces Risk,numeric__placement_aptitude_score_current,-1.212,Reduces Risk,numeric__academic_warning_score,-0.934,Reduces Risk,numeric__academic_cgpa_current,0.799,Increases Risk,numeric__placement_aptitude_score_current,1.183,Increases Risk,numeric__placement_coding_score_avg_3m,-0.711,Reduces Risk,numeric__placement_mock_interview_score_current,-0.652,Reduces Risk,numeric__skills_tech_skills_score_avg_3m,0.567,Increases Risk,numeric__academic_internal_marks_avg_3m,-0.566,Reduces Risk
S2669,CSE,,8.35,0.0,73.4,67.9,82.8,59.8,79.3,81.1,61.5,4.0,0.0,2.0,3.0,2.95,3.94,72.5,100.0,Green,Reliable,0.017,0,Low,0.408,1,Medium,1.04,Stable,24.51,Stable,24.51,Placement,Low,Yes,No immediate intervention,numeric__skills_soft_skills_score_avg_3m,-1.061,Reduces Risk,numeric__feedback_satisfaction_score_avg_3m,0.909,Increases Risk,numeric__feedback_satisfaction_score_current,-0.85,Reduces Risk,numeric__placement_mock_interview_score_avg_3m,0.785,Increases Risk,numeric__lms_assignment_completion_pct_avg_3m,-0.746,Reduces Risk,numeric__engagement_strength,-1.466,Reduces Risk,numeric__engagement_certifications_count_current,0.937,Increases Risk,numeric__attendance_overall_attendance_current,0.923,Increases Risk,numeric__low_lms_flag,0.914,Increases Risk,numeric__placement_mock_interview_score_current,0.868,Increases Risk
S2670,ECE,,7.22,1.0,83.9,82.1,57.5,66.0,81.0,62.0,76.7,3.0,2.0,2.0,1.0,3.98,3.81,71.37,100.0,Green,Reliable,0.737,1,High,0.961,1,High,53.09,Declining,57.64,Stable,57.64,Placement,Medium,Yes,Monitor student - 14d,numeric__placement_coding_score_avg_3m,-1.898,Reduces Risk,numeric__skills_tech_skills_score_avg_3m,1.291,Increases Risk,numeric__academic_cgpa_current,-0.784,Reduces Risk,numeric__placement_mock_interview_score_avg_3m,0.744,Increases Risk,numeric__placement_coding_score_current,0.711,Increases Risk,numeric__low_coding_flag,1.487,Increases Risk,numeric__academic_internal_marks_avg_3m,0.956,Increases Risk,numeric__placement_coding_score_avg_3m,0.935,Increases Risk,numeric__placement_mock_interview_score_avg_3m,0.613,Increases Risk,numeric__skills_tech_skills_score_avg_3m,-0.582,Reduces Risk
S2671,MECH,,8.4,1.0,99.2,99.7,78.7,68.0,69.5,80.3,66.8,5.0,2.0,4.0,1.0,3.94,4.16,82.11,100.0,Green,Reliable,0.267,0,Low,0.396,1,Medium,12.8,Improving,23.77,Stable,23.77,Placement,Low,Yes,No immediate intervention,numeric__lms_assignment_completion_pct_avg_3m,1.257,Increases Risk,numeric__placement_aptitude_score_current,0.933,Increases Risk,numeric__engagement_events_attended_slope_3m,0.71,Increases Risk,numeric__engagement_strength,-0.699,Reduces Risk,numeric__lms_assignment_completion_pct_current,-0.696,Reduces Risk,numeric__engagement_strength,-2.4,Reduces Risk,numeric__attendance_overall_attendance_current,-2.171,Reduces Risk,numeric__engagement_hackathons_attended_current,1.814,Increases Risk,numeric__attendance_overall_attendance_avg_3m,1.44,Increases Risk,numeric__attendance_subject_attendance_avg_3m,1.147,Increases Risk
S2672,CSE,,9.71,0.0,93.7,94.1,95.7,86.8,92.7,86.8,87.1,5.0,3.0,3.0,1.0,4.28,3.98,90.53,100.0,Green,Reliable,0.236,0,Low,0.047,0,Low,14.15,Stable,2.83,Stable,14.15,Academic,Low,No,No immediate intervention,numeric__placement_coding_score_avg_3m,1.422,Increases Risk,numeric__skills_soft_skills_score_avg_3m,1.21,Increases Risk,numeric__placement_mock_interview_score_avg_3m,-0.973,Reduces Risk,numeric__academic_warning_score,-0.934,Reduces Risk,numeric__feedback_satisfaction_score_avg_3m,-0.924,Reduces Risk,numeric__engagement_strength,-1.653,Reduces Risk,numeric__attendance_overall_attendance_current,-1.608,Reduces Risk,numeric__academic_internal_marks_avg_3m,-0.881,Reduces Risk,numeric__engagement_hackathons_attended_current,0.859,Increases Risk,numeric__placement_aptitude_score_current,0.856,Increases Risk
S2673,IT,,9.64,0.0,78.4,88.4,100.0,84.5,85.7,88.8,79.7,3.0,5.0,2.0,2.0,3.61,4.73,85.35,100.0,Green,Reliable,0.546,1,Medium,0.029,0,Low,32.77,Stable,1.75,Stable,32.77,Academic,Medium,Yes,Monitor student - 14d,numeric__placement_coding_score_avg_3m,1.61,Increases Risk,numeric__skills_tech_skills_score_avg_3m,-0.991,Reduces Risk,numeric__academic_warning_score,-0.934,Reduces Risk,numeric__academic_cgpa_current,0.867,Increases Risk,numeric__lms_assignment_completion_pct_avg_3m,0.665,Increases Risk,numeric__engagement_club_participations_current,-1.195,Reduces Risk,numeric__academic_internal_marks_avg_3m,-1.095,Reduces Risk,numeric__placement_coding_score_avg_3m,-0.793,Reduces Risk,numeric__engagement_club_participations_std_3m,0.599,Increases Risk,numeric__placement_mock_interview_score_current,-0.538,Reduces Risk
S2674,IT,,9.2,0.0,81.9,93.2,100.0,72.4,85.1,97.3,74.0,3.0,2.0,3.0,1.0,3.62,4.1,81.54,100.0,Green,Reliable,0.392,1,Medium,0.455,1,Medium,18.82,Improving,27.32,Stable,27.32,Placement,Low,Yes,No immediate intervention,numeric__placement_coding_score_avg_3m,1.13,Increases Risk,numeric__skills_tech_skills_score_avg_3m,-0.908,Reduces Risk,numeric__academic_warning_score,-0.668,Reduces Risk,numeric__academic_cgpa_current,0.567,Increases Risk,numeric__placement_coding_score_current,-0.543,Reduces Risk,numeric__engagement_hackathons_attended_current,0.859,Increases Risk,numeric__academic_subject_score_avg_slope_3m,0.667,Increases Risk,numeric__academic_internal_marks_slope_3m,-0.629,Reduces Risk,numeric__feedback_satisfaction_score_slope_3m,-0.623,Reduces Risk,numeric__placement_coding_score_avg_3m,-0.557,Reduces Risk
S2675,MECH,,9.5,0.0,79.6,86.3,91.3,84.0,94.6,85.4,87.2,2.0,1.0,3.0,1.0,4.05,4.98,85.85,100.0,Green,Reliable,0.029,0,Low,0.057,0,Low,1.41,Improving,3.44,Stable,3.44,Placement,Low,No,No immediate intervention,numeric__placement_aptitude_score_current,-1.025,Reduces Risk,numeric__skills_soft_skills_score_avg_3m,0.946,Increases Risk,numeric__academic_warning_score,-0.934,Reduces Risk,numeric__placement_coding_score_avg_3m,0.782,Increases Risk,numeric__academic_cgpa_current,0.772,Increases Risk,numeric__placement_aptitude_score_current,1.0,Increases Risk,numeric__engagement_hackathons_attended_current,0.859,Increases Risk,numeric__skills_soft_skills_score_std_3m,-0.678,Reduces Risk,numeric__feedback_faculty_rating_current,-0.638,Reduces Risk,numeric__placement_mock_interview_score_avg_3m,-0.588,Reduces Risk
S2676,CIVIL,,7.26,1.0,75.8,84.6,76.6,88.0,80.0,79.9,86.7,4.0,1.0,1.0,1.0,4.55,4.15,73.29,100.0,Green,Reliable,0.046,0,Low,0.046,0,Low,3.3,Declining,2.73,Stable,3.3,Academic,Low,No,No immediate intervention,numeric__academic_warning_score,1.191,Increases Risk,numeric__feedback_satisfaction_score_avg_3m,-0.987,Reduces Risk,numeric__attendance_overall_attendance_std_3m,0.94,Increases Risk,numeric__academic_cgpa_std_3m,-0.846,Reduces Risk,numeric__skills_soft_skills_score_avg_3m,0.773,Increases Risk,numeric__engagement_hackathons_attended_current,-1.05,Reduces Risk,numeric__academic_subject_score_avg_slope_3m,-0.88,Reduces Risk,numeric__placement_mock_interview_score_current,-0.737,Reduces Risk,numeric__academic_internal_marks_avg_3m,0.675,Increases Risk,numeric__attendance_overall_attendance_std_3m,-0.652,Reduces Risk
S2677,CIVIL,,9.21,0.0,87.1,85.9,82.2,85.8,92.3,81.0,91.1,3.0,1.0,3.0,1.0,4.61,4.94,86.26,100.0,Green,Reliable,0.044,0,Low,0.204,1,Medium,2.1,Improving,12.27,Stable,12.27,Placement,Low,Yes,No immediate intervention,numeric__feedback_satisfaction_score_avg_3m,-1.162,Reduces Risk,numeric__skills_soft_skills_score_avg_3m,0.946,Increases Risk,numeric__placement_aptitude_score_current,-0.846,Reduces Risk,numeric__lms_assignment_completion_pct_avg_3m,0.771,Increases Risk,numeric__attendance_declining_flag,-0.741,Reduces Risk,numeric__engagement_hackathons_attended_current,0.859,Increases Risk,numeric__placement_aptitude_score_current,0.825,Increases Risk,numeric__placement_mock_interview_score_current,-0.612,Reduces Risk,numeric__feedback_faculty_rating_current,-0.605,Reduces Risk,numeric__attendance_overall_attendance_avg_3m,0.601,Increases Risk
S2678,MECH,,8.01,1.0,79.9,87.3,59.7,74.2,74.8,59.8,73.4,2.0,1.0,1.0,2.0,3.45,3.97,73.94,100.0,Green,Reliable,0.472,1,Medium,0.764,1,High,33.98,Declining,45.83,Stable,45.83,Placement,Medium,Yes,Monitor student - 14d,numeric__placement_coding_score_avg_3m,-1.308,Reduces Risk,numeric__skills_tech_skills_score_avg_3m,1.113,Increases Risk,numeric__low_technical_skill_flag,0.768,Increases Risk,numeric__attendance_declining_flag,-0.741,Reduces Risk,numeric__placement_coding_score_current,0.646,Increases Risk,numeric__low_coding_flag,1.487,Increases Risk,numeric__engagement_hackathons_attended_current,-1.05,Reduces Risk,numeric__engagement_strength,0.962,Increases Risk,numeric__feedback_satisfaction_score_slope_3m,-0.824,Reduces Risk,numeric__placement_coding_score_avg_3m,0.644,Increases Risk
S2679,MECH,,9.23,1.0,46.4,44.3,91.3,72.3,82.0,85.5,67.2,1.0,0.0,4.0,1.0,2.94,4.42,66.49,100.0,Amber,Reliable,0.835,1,High,0.171,0,Low,60.13,Declining,10.24,Stable,60.13,Academic,High,Yes,Advisor review recommended - 7d,numeric__lms_assignment_completion_pct_avg_3m,-1.863,Reduces Risk,numeric__academic_warning_score,1.723,Increases Risk,numeric__feedback_satisfaction_score_avg_3m,1.259,Increases Risk,numeric__lms_assignment_completion_pct_current,1.227,Increases Risk,numeric__placement_coding_score_avg_3m,0.96,Increases Risk,numeric__attendance_overall_attendance_current,3.432,Increases Risk,numeric__attendance_overall_attendance_avg_3m,-2.086,Reduces Risk,numeric__engagement_hackathons_attended_current,1.814,Increases Risk,numeric__attendance_subject_attendance_current,1.767,Increases Risk,numeric__attendance_subject_attendance_avg_3m,-1.54,Reduces Risk
S2680,ECE DEPT,,7.87,2.0,85.9,85.1,58.0,78.8,82.1,71.7,88.0,,,,,4.44,4.39,78.17,100.0,Green,Reliable,0.081,0,Low,0.931,1,High,9.67,Declining,55.88,Stable,55.88,Placement,Medium,Yes,Monitor student - 14d,numeric__placement_coding_score_avg_3m,-1.176,Reduces Risk,numeric__academic_backlogs_avg_3m,-0.956,Reduces Risk,numeric__placement_aptitude_score_slope_3m,0.738,Increases Risk,numeric__placement_coding_score_current,0.696,Increases Risk,numeric__skills_tech_skills_score_avg_3m,0.572,Increases Risk,numeric__low_coding_flag,1.487,Increases Risk,numeric__attendance_overall_attendance_current,-1.273,Reduces Risk,numeric__attendance_overall_attendance_avg_3m,0.867,Increases Risk,numeric__placement_aptitude_score_slope_3m,-0.781,Reduces Risk,numeric__placement_coding_score_avg_3m,0.579,Increases Risk
S2681,CSE,,6.78,0.0,57.1,77.8,82.2,77.2,75.4,77.4,75.5,6.0,3.0,1.0,1.0,4.6,4.31,71.58,100.0,Green,Reliable,0.363,1,Medium,0.036,0,Low,26.11,Declining,2.15,Stable,26.11,Academic,Low,Yes,No immediate intervention,numeric__academic_cgpa_current,-1.084,Reduces Risk,numeric__academic_warning_score,1.059,Increases Risk,numeric__feedback_satisfaction_score_avg_3m,-0.793,Reduces Risk,numeric__attendance_declining_flag,-0.741,Reduces Risk,numeric__placement_aptitude_score_slope_3m,0.613,Increases Risk,numeric__attendance_overall_attendance_current,1.399,Increases Risk,numeric__attendance_subject_attendance_current,1.201,Increases Risk,numeric__engagement_hackathons_attended_current,-1.05,Reduces Risk,numeric__engagement_events_attended_current,1.019,Increases Risk,numeric__academic_internal_marks_avg_3m,0.882,Increases Risk
S2682,MECH,,9.14,0.0,88.7,88.8,85.7,79.2,93.3,88.1,75.6,3.0,1.0,2.0,1.0,4.67,3.92,83.86,100.0,Green,Reliable,0.155,0,Low,0.347,1,Medium,9.31,Stable,20.81,Stable,20.81,Placement,Low,Yes,No immediate intervention,numeric__academic_warning_score,-0.934,Reduces Risk,numeric__placement_aptitude_score_current,-0.924,Reduces Risk,numeric__feedback_satisfaction_score_current,0.63,Increases Risk,numeric__feedback_satisfaction_score_avg_3m,-0.608,Reduces Risk,numeric__academic_cgpa_current,0.526,Increases Risk,numeric__placement_aptitude_score_current,0.901,Increases Risk,numeric__attendance_overall_attendance_current,-0.581,Reduces Risk,numeric__feedback_satisfaction_score_current,-0.534,Reduces Risk,numeric__attendance_subject_attendance_current,-0.471,Reduces Risk,numeric__academic_warning_score,0.373,Increases Risk
S2683,IT,,8.67,1.0,85.8,85.4,100.0,70.0,89.9,95.2,76.3,3.0,1.0,2.0,1.0,3.44,4.38,79.64,100.0,Green,Reliable,0.715,1,High,0.052,0,Low,51.47,Declining,3.1,Stable,51.47,Academic,Medium,Yes,Monitor student - 14d,numeric__placement_coding_score_slope_3m,1.04,Increases Risk,numeric__placement_coding_score_avg_3m,0.898,Increases Risk,numeric__skills_tech_skills_score_std_3m,0.677,Increases Risk,numeric__placement_aptitude_score_current,-0.659,Reduces Risk,numeric__placement_coding_score_std_3m,-0.588,Reduces Risk,numeric__feedback_satisfaction_score_slope_3m,-0.981,Reduces Risk,numeric__placement_coding_score_slope_3m,-0.958,Reduces Risk,numeric__placement_mock_interview_score_std_3m,-0.756,Reduces Risk,numeric__placement_coding_score_std_3m,0.695,Increases Risk,numeric__placement_aptitude_score_current,0.642,Increases Risk
S2684,CIVIL,,8.46,0.0,57.6,56.4,87.1,57.1,87.3,85.4,61.5,2.0,0.0,2.0,1.0,3.38,4.42,68.71,100.0,Amber,Reliable,0.069,0,Low,0.218,1,Medium,4.94,Declining,13.07,Stable,13.07,Placement,Low,Yes,No immediate intervention,numeric__lms_assignment_completion_pct_avg_3m,-1.64,Reduces Risk,numeric__academic_warning_score,1.59,Increases Risk,numeric__skills_tech_skills_score_avg_3m,-0.966,Reduces Risk,numeric__lms_assignment_completion_pct_current,0.807,Increases Risk,numeric__placement_coding_score_avg_3m,0.76,Increases Risk,numeric__attendance_overall_attendance_current,1.983,Increases Risk,numeric__attendance_overall_attendance_avg_3m,-1.313,Reduces Risk,numeric__attendance_subject_attendance_current,1.174,Increases Risk,numeric__placement_mock_interview_score_current,1.022,Increases Risk,numeric__critical_attendance_flag,-0.998,Reduces Risk
S2685,ME,,8.91,0.0,87.0,79.2,92.3,85.2,86.8,89.0,82.1,4.0,2.0,2.0,1.0,4.41,4.31,83.28,100.0,Green,Reliable,0.558,1,Medium,0.16,0,Low,40.19,Declining,9.58,Stable,40.19,Academic,Medium,Yes,Monitor student - 14d,numeric__engagement_events_attended_slope_3m,0.71,Increases Risk,numeric__engagement_hackathons_attended_std_3m,-0.556,Reduces Risk,numeric__cgpa_declining_flag,0.487,Increases Risk,numeric__placement_coding_score_slope_3m,0.443,Increases Risk,numeric__placement_aptitude_score_current,-0.417,Reduces Risk,numeric__attendance_overall_attendance_current,-0.613,Reduces Risk,numeric__placement_mock_interview_score_current,-0.578,Reduces Risk,numeric__placement_mock_interview_score_std_3m,-0.485,Reduces Risk,numeric__placement_coding_score_slope_3m,-0.408,Reduces Risk,numeric__placement_aptitude_score_current,0.406,Increases Risk
S2686,CSE,,7.37,1.0,75.1,71.2,85.9,53.9,71.0,87.7,57.0,1.0,2.0,1.0,2.0,3.02,3.76,66.58,100.0,Amber,Reliable,0.144,0,Low,0.655,1,High,6.89,Improving,39.29,Stable,39.29,Placement,Medium,Yes,Monitor student - 14d,numeric__feedback_satisfaction_score_avg_3m,1.595,Increases Risk,numeric__skills_soft_skills_score_avg_3m,-1.131,Reduces Risk,numeric__placement_mock_interview_score_avg_3m,1.078,Increases Risk,numeric__engagement_events_attended_slope_3m,-0.882,Reduces Risk,numeric__placement_aptitude_score_current,0.816,Increases Risk,numeric__engagement_strength,1.522,Increases Risk,numeric__placement_mock_interview_score_current,1.204,Increases Risk,numeric__engagement_hackathons_attended_current,-1.05,Reduces Risk,numeric__low_lms_flag,0.914,Increases Risk,numeric__placement_mock_interview_score_avg_3m,0.889,Increases Risk
S2687,MECH,,6.74,3.0,51.4,54.4,75.5,62.9,76.6,76.2,69.4,,,,,,,56.22,95.0,Amber,Reliable,0.143,0,Low,0.425,1,Medium,17.2,Declining,25.49,Stable,25.49,Placement,Low,Yes,No immediate intervention,numeric__academic_warning_score,2.254,Increases Risk,numeric__academic_backlogs_avg_3m,-1.783,Reduces Risk,numeric__lms_assignment_completion_pct_avg_3m,-1.46,Reduces Risk,numeric__placement_coding_score_avg_3m,-1.377,Reduces Risk,numeric__academic_cgpa_current,-1.111,Reduces Risk,numeric__attendance_overall_attendance_current,2.826,Increases Risk,numeric__attendance_overall_attendance_avg_3m,-1.614,Reduces Risk,numeric__attendance_subject_attendance_current,1.502,Increases Risk,numeric__attendance_subject_attendance_avg_3m,-1.365,Reduces Risk,numeric__academic_internal_marks_avg_3m,1.006,Increases Risk
S2688,CE,,8.52,0.0,88.5,80.1,84.0,71.2,77.2,83.7,79.6,3.0,3.0,2.0,1.0,,,78.97,95.0,Green,Reliable,0.139,0,Low,0.38,1,Medium,8.34,Stable,22.79,Stable,22.79,Placement,Low,Yes,No immediate intervention,numeric__attendance_declining_flag,-0.741,Reduces Risk,numeric__academic_warning_score,-0.535,Reduces Risk,numeric__engagement_events_attended_slope_3m,0.392,Increases Risk,numeric__attendance_overall_attendance_std_3m,-0.367,Reduces Risk,numeric__placement_aptitude_score_slope_3m,-0.352,Reduces Risk,numeric__engagement_club_participations_current,-0.547,Reduces Risk,numeric__attendance_subject_attendance_current,-0.461,Reduces Risk,numeric__skills_soft_skills_score_std_3m,-0.433,Reduces Risk,numeric__attendance_overall_attendance_current,-0.408,Reduces Risk,numeric__placement_aptitude_score_slope_3m,0.372,Increases Risk
S2689,ECE,,9.41,0.0,87.3,88.4,77.0,80.7,94.3,69.8,74.4,3.0,1.0,3.0,1.0,4.17,5.0,84.97,100.0,Green,Reliable,0.09,0,Low,0.463,1,Medium,6.52,Declining,27.76,Stable,27.76,Placement,Low,Yes,No immediate intervention,numeric__placement_aptitude_score_current,-1.002,Reduces Risk,numeric__skills_soft_skills_score_avg_3m,0.888,Increases Risk,numeric__placement_mock_interview_score_avg_3m,-0.789,Reduces Risk,numeric__attendance_declining_flag,-0.741,Reduces Risk,numeric__academic_cgpa_current,0.71,Increases Risk,numeric__skills_soft_skills_score_std_3m,1.062,Increases Risk,numeric__placement_aptitude_score_current,0.978,Increases Risk,numeric__engagement_hackathons_attended_current,0.859,Increases Risk,numeric__academic_internal_marks_avg_3m,-0.839,Reduces Risk,numeric__attendance_overall_attendance_current,-0.743,Reduces Risk
S2690,INFO TECH,,9.3,0.0,79.1,78.9,99.6,76.0,87.7,97.5,71.5,3.0,1.0,3.0,1.0,3.69,4.44,82.74,100.0,Green,Reliable,0.451,1,Medium,0.214,1,Medium,27.05,Stable,12.83,Stable,27.05,Academic,Low,Yes,No immediate intervention,numeric__placement_coding_score_avg_3m,1.688,Increases Risk,numeric__skills_tech_skills_score_avg_3m,-1.218,Reduces Risk,numeric__lms_logins_per_week_slope_3m,1.143,Increases Risk,numeric__academic_warning_score,-0.934,Reduces Risk,categorical__department_INFO TECH,0.662,Increases Risk,numeric__engagement_hackathons_attended_current,0.859,Increases Risk,numeric__placement_coding_score_avg_3m,-0.832,Reduces Risk,numeric__lms_logins_per_week_slope_3m,0.672,Increases Risk,numeric__academic_subject_score_avg_slope_3m,0.571,Increases Risk,numeric__skills_tech_skills_score_avg_3m,0.549,Increases Risk
S2691,IT,,9.2,0.0,83.7,84.1,92.5,83.5,80.9,95.5,73.8,3.0,2.0,4.0,1.0,3.82,4.16,84.81,100.0,Green,Reliable,0.102,0,Low,0.26,1,Medium,4.91,Improving,15.58,Stable,15.58,Placement,Low,Yes,No immediate intervention,numeric__placement_coding_score_avg_3m,1.258,Increases Risk,numeric__skills_tech_skills_score_avg_3m,-1.224,Reduces Risk,numeric__placement_aptitude_score_slope_3m,-0.942,Reduces Risk,numeric__academic_warning_score,-0.934,Reduces Risk,numeric__engagement_hackathons_attended_current,0.678,Increases Risk,numeric__engagement_hackathons_attended_current,1.814,Increases Risk,numeric__engagement_strength,-1.279,Reduces Risk,numeric__placement_aptitude_score_slope_3m,0.998,Increases Risk,numeric__attendance_overall_attendance_current,-0.765,Reduces Risk,numeric__attendance_overall_attendance_avg_3m,0.667,Increases Risk
S2692,CIVIL,,8.74,0.0,94.0,100.0,73.7,75.6,74.5,73.2,81.2,3.0,1.0,2.0,1.0,3.97,3.91,83.02,100.0,Green,Reliable,0.277,0,Low,0.504,1,High,13.32,Improving,30.24,Stable,30.24,Placement,Medium,Yes,Monitor student - 14d,numeric__academic_warning_score,-0.934,Reduces Risk,numeric__lms_assignment_completion_pct_avg_3m,0.899,Increases Risk,numeric__lms_assignment_completion_pct_current,-0.706,Reduces Risk,numeric__placement_aptitude_score_current,0.543,Increases Risk,numeric__skills_tech_skills_score_avg_3m,0.462,Increases Risk,numeric__attendance_overall_attendance_current,-1.446,Reduces Risk,numeric__attendance_overall_attendance_avg_3m,0.98,Increases Risk,numeric__attendance_subject_attendance_avg_3m,0.824,Increases Risk,numeric__attendance_subject_attendance_current,-0.752,Reduces Risk,numeric__lms_assignment_completion_pct_current,0.613,Increases Risk
S2693,IT,,7.79,1.0,75.7,75.7,80.3,79.3,78.6,86.5,81.6,4.0,2.0,2.0,2.0,3.81,4.06,74.02,100.0,Green,Reliable,0.099,0,Low,0.152,0,Low,7.14,Declining,9.15,Stable,9.15,Placement,Low,No,No immediate intervention,numeric__attendance_declining_flag,-0.741,Reduces Risk,numeric__academic_warning_score,0.66,Increases Risk,numeric__skills_tech_skills_score_avg_3m,-0.533,Reduces Risk,numeric__cgpa_declining_flag,0.487,Increases Risk,numeric__academic_cgpa_std_3m,-0.458,Reduces Risk,numeric__engagement_strength,-0.906,Reduces Risk,numeric__skills_soft_skills_score_std_3m,-0.427,Reduces Risk,categorical__department_IT,-0.403,Reduces Risk,numeric__feedback_satisfaction_score_slope_3m,-0.397,Reduces Risk,numeric__engagement_certifications_count_current,0.392,Increases Risk
S2694,CIVIL,,,0.0,79.9,82.8,71.3,73.4,72.2,69.4,75.8,,,,,4.61,3.95,72.16,65.0,Green,Reliable,0.001,0,Low,0.013,0,Low,0.06,Declining,0.79,Stable,0.79,Placement,Low,No,No immediate intervention,numeric__academic_cgpa_missing,-6.778,Reduces Risk,numeric__feedback_satisfaction_score_avg_3m,-1.23,Reduces Risk,numeric__academic_warning_score,0.793,Increases Risk,numeric__attendance_declining_flag,-0.741,Reduces Risk,numeric__placement_aptitude_score_current,0.722,Increases Risk,numeric__academic_cgpa_missing,-1.515,Reduces Risk,numeric__academic_internal_marks_avg_3m,1.071,Increases Risk,numeric__placement_aptitude_score_current,-0.705,Reduces Risk,numeric__attendance_overall_attendance_current,0.685,Increases Risk,numeric__placement_mock_interview_score_std_3m,-0.609,Reduces Risk
S2695,CIVIL,,6.31,2.0,53.9,67.1,70.4,63.7,67.0,71.6,70.0,3.0,0.0,2.0,1.0,3.12,3.67,58.01,100.0,Amber,Reliable,0.103,0,Low,0.786,1,High,12.36,Declining,47.18,Stable,47.18,Placement,Medium,Yes,Academic mentoring - Faculty - 7d,numeric__academic_warning_score,2.254,Increases Risk,numeric__placement_coding_score_avg_3m,-1.484,Reduces Risk,numeric__academic_cgpa_current,-1.404,Reduces Risk,numeric__placement_aptitude_score_current,1.128,Increases Risk,numeric__placement_mock_interview_score_avg_3m,0.971,Increases Risk,numeric__attendance_overall_attendance_current,2.34,Increases Risk,numeric__attendance_subject_attendance_current,1.37,Increases Risk,numeric__academic_internal_marks_avg_3m,1.361,Increases Risk,numeric__attendance_overall_attendance_avg_3m,-1.247,Reduces Risk,numeric__attendance_subject_attendance_avg_3m,-1.107,Reduces Risk
S2696,ECE,,8.03,0.0,72.1,60.8,74.8,56.6,64.2,75.2,60.6,2.0,1.0,1.0,2.0,2.31,3.67,68.08,100.0,Amber,Reliable,0.564,1,Medium,0.145,0,Low,40.59,Declining,8.7,Stable,40.59,Academic,Medium,Yes,Monitor student - 14d,numeric__feedback_satisfaction_score_avg_3m,2.388,Increases Risk,numeric__lms_assignment_completion_pct_avg_3m,-1.678,Reduces Risk,numeric__feedback_satisfaction_score_current,-1.4,Reduces Risk,numeric__placement_aptitude_score_current,1.346,Increases Risk,numeric__placement_mock_interview_score_avg_3m,1.16,Increases Risk,numeric__placement_aptitude_score_current,-1.315,Reduces Risk,numeric__attendance_overall_attendance_current,1.226,Increases Risk,numeric__feedback_satisfaction_score_current,1.19,Increases Risk,numeric__placement_mock_interview_score_current,1.05,Increases Risk,numeric__engagement_hackathons_attended_current,-1.05,Reduces Risk
S2697,CIVIL,,9.24,0.0,65.0,75.2,82.2,82.5,95.1,81.4,77.8,3.0,1.0,2.0,3.0,,,77.47,95.0,Green,Reliable,0.113,0,Low,0.408,1,Medium,8.16,Declining,24.47,Stable,24.47,Placement,Low,Yes,No immediate intervention,numeric__placement_aptitude_score_current,-1.064,Reduces Risk,numeric__academic_warning_score,0.793,Increases Risk,numeric__academic_cgpa_current,0.594,Increases Risk,numeric__engagement_hackathons_attended_std_3m,-0.556,Reduces Risk,numeric__cgpa_declining_flag,0.487,Increases Risk,numeric__attendance_overall_attendance_current,1.161,Increases Risk,numeric__placement_aptitude_score_current,1.038,Increases Risk,numeric__engagement_certifications_count_current,0.937,Increases Risk,numeric__low_lms_flag,0.914,Increases Risk,numeric__engagement_strength,-0.906,Reduces Risk
S2698,CIVIL,,7.12,2.0,84.4,69.5,53.6,48.8,59.8,52.1,50.5,1.0,0.0,1.0,1.0,3.75,4.12,64.26,100.0,Amber,Reliable,0.072,0,Low,0.331,1,Medium,5.78,Improving,19.88,Stable,19.88,Placement,Low,Yes,No immediate intervention,numeric__placement_coding_score_avg_3m,-2.541,Reduces Risk,numeric__skills_tech_skills_score_avg_3m,2.252,Increases Risk,numeric__skills_soft_skills_score_avg_3m,-1.726,Reduces Risk,numeric__placement_aptitude_score_current,1.689,Increases Risk,numeric__placement_mock_interview_score_avg_3m,1.284,Increases Risk,numeric__engagement_strength,2.083,Increases Risk,numeric__low_aptitude_flag,-1.906,Reduces Risk,numeric__placement_aptitude_score_current,-1.65,Reduces Risk,numeric__placement_mock_interview_score_current,1.494,Increases Risk,numeric__low_coding_flag,1.487,Increases Risk
S2699,CIVIL,,8.7,1.0,88.2,89.1,73.0,77.9,85.3,76.4,70.2,4.0,3.0,1.0,2.0,5.0,4.35,82.2,100.0,Green,Reliable,0.067,0,Low,0.32,1,Medium,4.01,Stable,19.19,Stable,19.19,Placement,Low,Yes,No immediate intervention,numeric__feedback_satisfaction_score_avg_3m,-1.473,Reduces Risk,numeric__placement_coding_score_avg_3m,-1.041,Reduces Risk,numeric__feedback_satisfaction_score_current,0.914,Increases Risk,numeric__lms_assignment_completion_pct_avg_3m,0.883,Increases Risk,numeric__attendance_declining_flag,-0.741,Reduces Risk,numeric__attendance_overall_attendance_current,-1.067,Reduces Risk,numeric__engagement_hackathons_attended_current,-1.05,Reduces Risk,numeric__attendance_overall_attendance_avg_3m,0.841,Increases Risk,numeric__attendance_subject_attendance_avg_3m,0.798,Increases Risk,numeric__feedback_satisfaction_score_current,-0.776,Reduces Risk
S2700,ME,,8.65,0.0,79.8,64.5,85.5,72.9,86.5,86.2,65.1,1.0,1.0,2.0,1.0,3.23,4.55,74.32,100.0,Green,Reliable,0.171,0,Low,0.288,1,Medium,12.3,Declining,17.26,Stable,17.26,Placement,Low,Yes,No immediate intervention,numeric__lms_assignment_completion_pct_avg_3m,-0.675,Reduces Risk,numeric__academic_warning_score,-0.668,Reduces Risk,numeric__feedback_satisfaction_score_current,-0.609,Reduces Risk,numeric__feedback_satisfaction_score_avg_3m,0.608,Increases Risk,numeric__attendance_overall_attendance_std_3m,-0.537,Reduces Risk,numeric__engagement_strength,1.335,Increases Risk,numeric__skills_soft_skills_score_std_3m,0.778,Increases Risk,numeric__engagement_events_attended_current,-0.63,Reduces Risk,numeric__academic_internal_marks_avg_3m,-0.536,Reduces Risk,numeric__attendance_overall_attendance_current,0.523,Increases Risk
S2701,CIVIL,,7.87,2.0,87.0,81.1,79.2,71.3,73.8,77.4,72.6,4.0,1.0,3.0,1.0,3.98,4.17,73.01,100.0,Green,Reliable,0.747,1,High,0.093,0,Low,89.6,Declining,5.57,Stable,89.6,Academic,High,Yes,Advisor review recommended - 7d,numeric__skills_tech_skills_score_avg_3m,0.833,Increases Risk,numeric__academic_backlogs_slope_3m,0.781,Increases Risk,numeric__placement_coding_score_avg_3m,-0.693,Reduces Risk,numeric__placement_aptitude_score_current,0.597,Increases Risk,numeric__academic_backlogs_avg_3m,-0.542,Reduces Risk,numeric__engagement_strength,-1.093,Reduces Risk,numeric__engagement_hackathons_attended_current,0.859,Increases Risk,numeric__placement_mock_interview_score_std_3m,-0.783,Reduces Risk,numeric__skills_soft_skills_score_std_3m,0.664,Increases Risk,numeric__attendance_overall_attendance_current,-0.635,Reduces Risk
S2702,CS,,8.29,1.0,68.4,73.1,97.7,82.3,89.0,94.4,75.7,2.0,1.0,2.0,1.0,4.02,4.48,72.93,100.0,Green,Reliable,0.05,0,Low,0.196,0,Low,2.97,Stable,11.75,Stable,11.75,Placement,Low,No,No immediate intervention,numeric__placement_coding_score_avg_3m,1.353,Increases Risk,numeric__academic_backlogs_slope_3m,0.781,Increases Risk,numeric__skills_tech_skills_score_avg_3m,-0.733,Reduces Risk,numeric__placement_aptitude_score_current,-0.588,Reduces Risk,categorical__department_CS,-0.543,Reduces Risk,numeric__attendance_overall_attendance_current,1.139,Increases Risk,numeric__low_lms_flag,0.914,Increases Risk,numeric__engagement_strength,0.775,Increases Risk,numeric__attendance_overall_attendance_avg_3m,-0.76,Reduces Risk,numeric__placement_coding_score_avg_3m,-0.666,Reduces Risk
S2703,CIVIL ENGINEERING,,9.08,0.0,75.6,92.6,89.4,72.5,85.5,83.7,77.6,4.0,3.0,3.0,1.0,3.71,4.29,80.68,100.0,Green,Reliable,0.549,1,Medium,0.19,0,Low,26.34,Improving,11.42,Stable,26.34,Academic,Low,Yes,No immediate intervention,numeric__engagement_events_attended_slope_3m,0.71,Increases Risk,numeric__engagement_club_participations_avg_3m,0.671,Increases Risk,categorical__department_CIVIL ENGINEERING,-0.58,Reduces Risk,numeric__academic_cgpa_current,0.485,Increases Risk,numeric__lms_assignment_completion_pct_current,-0.45,Reduces Risk,numeric__engagement_strength,-1.093,Reduces Risk,numeric__engagement_hackathons_attended_current,0.859,Increases Risk,numeric__attendance_overall_attendance_current,0.652,Increases Risk,categorical__department_CIVIL ENGINEERING,0.59,Increases Risk,numeric__engagement_club_participations_current,-0.547,Reduces Risk
S2704,CIVIL ENGINEERING,,9.22,0.0,87.7,87.7,72.2,81.0,92.7,77.6,76.7,3.0,4.0,2.0,2.0,4.31,4.61,83.4,100.0,Green,Reliable,0.008,0,Low,0.437,1,Medium,0.41,Improving,26.2,Stable,26.2,Placement,Low,Yes,No immediate intervention,numeric__placement_aptitude_score_current,-0.877,Reduces Risk,numeric__feedback_satisfaction_score_avg_3m,-0.875,Reduces Risk,numeric__lms_assignment_completion_pct_avg_3m,0.83,Increases Risk,numeric__attendance_declining_flag,-0.741,Reduces Risk,numeric__placement_coding_score_avg_3m,-0.712,Reduces Risk,numeric__engagement_club_participations_current,-0.871,Reduces Risk,numeric__placement_aptitude_score_current,0.856,Increases Risk,numeric__attendance_overall_attendance_current,-0.819,Reduces Risk,numeric__attendance_overall_attendance_avg_3m,0.604,Increases Risk,categorical__department_CIVIL ENGINEERING,0.59,Increases Risk
S2705,ECE DEPT,,9.68,0.0,88.4,85.7,91.8,80.7,91.0,88.9,78.6,3.0,1.0,2.0,2.0,4.34,5.0,85.17,100.0,Green,Reliable,0.116,0,Low,0.086,0,Low,5.57,Improving,5.14,Stable,5.57,Academic,Low,No,No immediate intervention,numeric__academic_cgpa_current,0.895,Increases Risk,numeric__skills_soft_skills_score_avg_3m,0.757,Increases Risk,numeric__placement_aptitude_score_current,-0.744,Reduces Risk,numeric__feedback_faculty_rating_avg_3m,-0.703,Reduces Risk,numeric__academic_warning_score,-0.668,Reduces Risk,numeric__academic_internal_marks_avg_3m,-0.908,Reduces Risk,numeric__attendance_overall_attendance_current,-0.905,Reduces Risk,numeric__placement_aptitude_score_current,0.726,Increases Risk,numeric__attendance_overall_attendance_avg_3m,0.654,Increases Risk,numeric__feedback_faculty_rating_current,-0.654,Reduces Risk
S2706,MECH,,7.45,1.0,73.6,58.4,72.8,66.6,74.7,71.2,65.3,3.0,1.0,1.0,1.0,3.73,4.43,68.89,100.0,Amber,Reliable,0.486,1,Medium,0.061,0,Low,35.0,Declining,3.68,Stable,35.0,Academic,Medium,Yes,Monitor student - 14d,numeric__academic_warning_score,1.324,Increases Risk,numeric__skills_tech_skills_score_avg_3m,1.177,Increases Risk,numeric__placement_coding_score_avg_3m,-1.094,Reduces Risk,numeric__lms_assignment_completion_pct_avg_3m,-0.876,Reduces Risk,numeric__academic_backlogs_slope_3m,0.781,Increases Risk,numeric__engagement_hackathons_attended_current,-1.05,Reduces Risk,numeric__engagement_strength,0.962,Increases Risk,numeric__low_lms_flag,0.914,Increases Risk,numeric__lms_assignment_completion_pct_current,-0.64,Reduces Risk,numeric__attendance_overall_attendance_current,0.609,Increases Risk
S2707,IT,,7.89,1.0,73.5,73.3,79.9,59.8,69.7,77.5,59.4,2.0,1.0,1.0,1.0,3.68,3.9,68.3,100.0,Amber,Reliable,0.19,0,Low,0.432,1,Medium,9.11,Improving,25.91,Stable,25.91,Placement,Low,Yes,No immediate intervention,numeric__placement_aptitude_score_current,0.917,Increases Risk,numeric__skills_soft_skills_score_avg_3m,-0.898,Reduces Risk,numeric__placement_mock_interview_score_avg_3m,0.827,Increases Risk,numeric__low_interview_flag,-0.579,Reduces Risk,numeric__placement_mock_interview_score_current,0.57,Increases Risk,numeric__engagement_strength,1.522,Increases Risk,numeric__attendance_overall_attendance_current,1.226,Increases Risk,numeric__engagement_hackathons_attended_current,-1.05,Reduces Risk,numeric__placement_aptitude_score_current,-0.896,Reduces Risk,numeric__placement_mock_interview_score_current,0.868,Increases Risk
S2708,ECE,,8.57,0.0,100.0,78.1,73.6,80.4,85.7,67.0,79.3,4.0,1.0,5.0,1.0,,,84.04,95.0,Green,Reliable,0.763,1,High,0.125,0,Low,45.76,Stable,7.49,Stable,45.76,Academic,Medium,Yes,Monitor student - 14d,numeric__engagement_hackathons_attended_std_3m,1.292,Increases Risk,numeric__engagement_hackathons_attended_current,1.034,Increases Risk,numeric__academic_warning_score,-0.934,Reduces Risk,numeric__engagement_strength,-0.754,Reduces Risk,numeric__engagement_events_attended_slope_3m,0.71,Increases Risk,numeric__engagement_hackathons_attended_current,2.768,Increases Risk,numeric__engagement_strength,-2.587,Reduces Risk,numeric__attendance_overall_attendance_current,-1.63,Reduces Risk,numeric__attendance_subject_attendance_current,-1.069,Reduces Risk,numeric__attendance_subject_attendance_avg_3m,0.818,Increases Risk
S2709,CE,,8.82,1.0,76.4,84.4,84.9,89.2,90.1,82.4,83.5,5.0,1.0,2.0,2.0,4.28,4.05,78.12,100.0,Green,Reliable,0.799,1,High,0.025,0,Low,57.5,Declining,1.49,Stable,57.5,Academic,Medium,Yes,Monitor student - 14d,numeric__attendance_overall_attendance_std_3m,1.35,Increases Risk,numeric__skills_soft_skills_score_avg_3m,1.247,Increases Risk,numeric__academic_warning_score,1.191,Increases Risk,numeric__placement_mock_interview_score_avg_3m,-1.162,Reduces Risk,numeric__feedback_satisfaction_score_avg_3m,-0.841,Reduces Risk,numeric__engagement_strength,-1.466,Reduces Risk,numeric__placement_mock_interview_score_avg_3m,-0.958,Reduces Risk,numeric__attendance_overall_attendance_std_3m,-0.937,Reduces Risk,numeric__placement_mock_interview_score_current,-0.806,Reduces Risk,numeric__attendance_overall_attendance_current,0.717,Increases Risk
S2710,CSE,,10.0,0.0,83.4,79.5,99.4,76.6,87.7,94.4,75.0,3.0,1.0,2.0,1.0,3.7,4.78,83.44,100.0,Green,Reliable,0.393,1,Medium,0.093,0,Low,18.85,Improving,5.59,Stable,18.85,Academic,Low,Yes,No immediate intervention,numeric__placement_coding_score_avg_3m,1.713,Increases Risk,numeric__skills_tech_skills_score_avg_3m,-1.307,Reduces Risk,numeric__academic_cgpa_current,1.113,Increases Risk,numeric__academic_warning_score,-0.668,Reduces Risk,numeric__placement_coding_score_current,-0.525,Reduces Risk,numeric__academic_internal_marks_avg_3m,-1.037,Reduces Risk,numeric__placement_coding_score_avg_3m,-0.844,Reduces Risk,numeric__academic_cgpa_avg_3m,-0.639,Reduces Risk,numeric__academic_cgpa_current,-0.611,Reduces Risk,numeric__skills_tech_skills_score_avg_3m,0.589,Increases Risk
S2711,IT,,8.88,0.0,100.0,90.4,89.2,86.4,88.6,81.4,76.7,4.0,1.0,2.0,2.0,4.55,3.91,86.2,100.0,Green,Reliable,0.188,0,Low,0.196,0,Low,13.57,Declining,11.73,Stable,13.57,Academic,Low,No,No immediate intervention,numeric__feedback_satisfaction_score_avg_3m,-0.793,Reduces Risk,numeric__placement_coding_score_avg_3m,0.788,Increases Risk,numeric__lms_assignment_completion_pct_avg_3m,0.776,Increases Risk,numeric__skills_tech_skills_score_avg_3m,-0.632,Reduces Risk,numeric__placement_aptitude_score_current,-0.557,Reduces Risk,numeric__attendance_overall_attendance_current,-1.749,Reduces Risk,numeric__attendance_overall_attendance_avg_3m,1.147,Increases Risk,numeric__attendance_subject_attendance_current,-1.069,Reduces Risk,numeric__attendance_subject_attendance_avg_3m,1.059,Increases Risk,numeric__engagement_strength,-0.906,Reduces Risk
S2712,INFORMATION TECH,,9.34,0.0,81.8,87.9,100.0,82.6,83.2,100.0,83.5,4.0,1.0,2.0,1.0,4.62,4.49,86.58,100.0,Green,Reliable,0.146,0,Low,0.233,1,Medium,10.55,Declining,13.98,Stable,13.98,Placement,Low,Yes,No immediate intervention,numeric__skills_tech_skills_score_avg_3m,-1.467,Reduces Risk,numeric__placement_coding_score_avg_3m,1.349,Increases Risk,numeric__academic_cgpa_current,0.663,Increases Risk,numeric__skills_soft_skills_score_avg_3m,0.597,Increases Risk,numeric__feedback_satisfaction_score_current,0.587,Increases Risk,numeric__academic_internal_marks_avg_3m,-0.906,Reduces Risk,numeric__attendance_overall_attendance_current,-0.873,Reduces Risk,numeric__attendance_overall_attendance_avg_3m,0.791,Increases Risk,numeric__placement_coding_score_avg_3m,-0.665,Reduces Risk,numeric__skills_tech_skills_score_avg_3m,0.661,Increases Risk
S2713,CIVIL,,8.62,0.0,91.9,86.4,69.5,78.7,73.9,66.6,77.1,3.0,1.0,1.0,1.0,,,80.99,95.0,Green,Reliable,0.288,0,Low,0.455,1,Medium,13.82,Improving,27.28,Stable,27.28,Placement,Low,Yes,No immediate intervention,numeric__academic_warning_score,-0.934,Reduces Risk,numeric__placement_coding_score_slope_3m,-0.679,Reduces Risk,numeric__lms_assignment_completion_pct_avg_3m,0.608,Increases Risk,numeric__placement_aptitude_score_current,0.589,Increases Risk,numeric__skills_tech_skills_score_avg_3m,0.587,Increases Risk,numeric__attendance_overall_attendance_current,-1.338,Reduces Risk,numeric__engagement_hackathons_attended_current,-1.05,Reduces Risk,numeric__attendance_overall_attendance_avg_3m,1.048,Increases Risk,numeric__engagement_strength,0.962,Increases Risk,numeric__attendance_subject_attendance_avg_3m,0.753,Increases Risk
S2714,INFO TECH,,7.18,2.0,81.1,91.0,85.1,75.3,77.9,85.9,78.0,3.0,1.0,1.0,1.0,4.23,3.91,73.01,100.0,Green,Reliable,0.091,0,Low,0.81,1,High,9.09,Stable,48.61,Stable,48.61,Placement,Medium,Yes,Monitor student - 14d,numeric__academic_backlogs_avg_3m,-0.956,Reduces Risk,numeric__academic_cgpa_current,-0.811,Reduces Risk,numeric__attendance_declining_flag,-0.741,Reduces Risk,categorical__department_INFO TECH,0.662,Increases Risk,numeric__feedback_faculty_rating_avg_3m,0.589,Increases Risk,numeric__engagement_hackathons_attended_current,-1.05,Reduces Risk,numeric__engagement_strength,0.962,Increases Risk,numeric__academic_internal_marks_avg_3m,0.818,Increases Risk,numeric__attendance_overall_attendance_current,-0.667,Reduces Risk,numeric__attendance_overall_attendance_avg_3m,0.54,Increases Risk
S2715,COMP SCI,,7.11,2.0,54.6,58.4,89.5,54.5,78.1,89.9,60.0,2.0,2.0,2.0,1.0,3.07,4.31,58.42,100.0,Amber,Reliable,0.676,1,High,0.244,1,Medium,81.17,Declining,14.66,Stable,81.17,Academic,High,Yes,Advisor review recommended - 7d,numeric__academic_warning_score,1.988,Increases Risk,numeric__lms_assignment_completion_pct_avg_3m,-1.908,Reduces Risk,numeric__placement_mock_interview_score_avg_3m,0.989,Increases Risk,numeric__attendance_overall_attendance_std_3m,0.865,Increases Risk,numeric__academic_cgpa_current,-0.859,Reduces Risk,numeric__attendance_overall_attendance_current,3.313,Increases Risk,numeric__attendance_overall_attendance_avg_3m,-1.821,Reduces Risk,numeric__attendance_subject_attendance_current,1.333,Increases Risk,numeric__attendance_subject_attendance_avg_3m,-1.296,Reduces Risk,numeric__placement_mock_interview_score_current,1.17,Increases Risk
S2716,IT,,9.69,0.0,81.9,78.1,100.0,72.2,,96.6,71.1,2.0,0.0,3.0,1.0,3.61,4.31,81.95,100.0,Green,Reliable,0.609,1,High,0.03,0,Low,36.56,Stable,1.79,Stable,36.56,Academic,Medium,Yes,Monitor student - 14d,numeric__placement_coding_score_avg_3m,1.732,Increases Risk,numeric__skills_tech_skills_score_avg_3m,-1.39,Reduces Risk,numeric__academic_warning_score,-0.934,Reduces Risk,numeric__academic_cgpa_current,0.901,Increases Risk,numeric__placement_coding_score_current,-0.543,Reduces Risk,numeric__engagement_hackathons_attended_current,0.859,Increases Risk,numeric__placement_coding_score_avg_3m,-0.853,Reduces Risk,numeric__placement_aptitude_score_missing,-0.831,Reduces Risk,numeric__academic_internal_marks_avg_3m,-0.823,Reduces Risk,numeric__skills_tech_skills_score_avg_3m,0.626,Increases Risk
S2717,ME,,9.69,0.0,84.0,79.3,95.9,88.5,97.3,95.3,85.5,3.0,2.0,2.0,1.0,4.11,4.46,83.57,100.0,Green,Reliable,0.05,0,Low,0.196,0,Low,2.4,Improving,11.75,Stable,11.75,Placement,Low,No,No immediate intervention,numeric__placement_coding_score_avg_3m,1.39,Increases Risk,numeric__placement_aptitude_score_current,-1.236,Reduces Risk,numeric__skills_tech_skills_score_avg_3m,-1.025,Reduces Risk,numeric__academic_cgpa_current,0.901,Increases Risk,numeric__skills_soft_skills_score_avg_3m,0.757,Increases Risk,numeric__placement_aptitude_score_current,1.206,Increases Risk,numeric__placement_mock_interview_score_current,-0.766,Reduces Risk,numeric__academic_internal_marks_avg_3m,-0.697,Reduces Risk,numeric__placement_coding_score_avg_3m,-0.685,Reduces Risk,numeric__skills_soft_skills_score_std_3m,-0.562,Reduces Risk
S2718,CSE,,8.77,0.0,89.0,96.2,88.7,79.2,81.8,96.1,75.2,3.0,1.0,2.0,1.0,4.44,3.7,83.04,100.0,Green,Reliable,0.382,1,Medium,0.28,1,Medium,27.5,Declining,16.83,Stable,27.5,Academic,Low,Yes,No immediate intervention,numeric__lms_assignment_completion_pct_avg_3m,1.023,Increases Risk,numeric__attendance_declining_flag,-0.741,Reduces Risk,numeric__placement_coding_score_avg_3m,0.691,Increases Risk,numeric__feedback_satisfaction_score_avg_3m,-0.584,Reduces Risk,numeric__lms_assignment_completion_pct_current,-0.574,Reduces Risk,numeric__attendance_overall_attendance_current,-1.078,Reduces Risk,numeric__attendance_overall_attendance_avg_3m,0.814,Increases Risk,numeric__attendance_subject_attendance_avg_3m,0.597,Increases Risk,numeric__lms_assignment_completion_pct_current,0.499,Increases Risk,numeric__attendance_subject_attendance_current,-0.487,Reduces Risk
S2719,MECH,,7.56,1.0,62.1,65.0,70.3,67.1,74.6,73.2,70.2,,,,,3.65,4.44,68.52,100.0,Amber,Reliable,0.212,0,Low,0.301,1,Medium,12.74,Stable,18.04,Stable,18.04,Placement,Low,Yes,No immediate intervention,numeric__placement_coding_score_avg_3m,-0.975,Reduces Risk,numeric__skills_soft_skills_score_avg_3m,-0.953,Reduces Risk,numeric__lms_assignment_completion_pct_avg_3m,-0.831,Reduces Risk,numeric__skills_tech_skills_score_avg_3m,0.793,Increases Risk,numeric__placement_mock_interview_score_avg_3m,0.775,Increases Risk,numeric__attendance_overall_attendance_current,1.366,Increases Risk,numeric__attendance_overall_attendance_avg_3m,-1.23,Reduces Risk,numeric__attendance_subject_attendance_avg_3m,-1.101,Reduces Risk,numeric__attendance_subject_attendance_current,0.936,Increases Risk,numeric__placement_mock_interview_score_avg_3m,0.639,Increases Risk
S2720,ECE,,8.18,0.0,56.0,79.2,83.3,79.2,82.6,73.3,80.2,3.0,1.0,2.0,1.0,4.54,4.34,74.31,100.0,Green,Reliable,0.316,1,Medium,0.011,0,Low,22.78,Declining,0.64,Stable,22.78,Academic,Low,Yes,No immediate intervention,numeric__academic_warning_score,0.926,Increases Risk,numeric__feedback_satisfaction_score_avg_3m,-0.856,Reduces Risk,numeric__attendance_overall_attendance_std_3m,0.853,Increases Risk,numeric__attendance_declining_flag,-0.741,Reduces Risk,numeric__engagement_hackathons_attended_std_3m,-0.556,Reduces Risk,numeric__attendance_overall_attendance_current,2.156,Increases Risk,numeric__attendance_subject_attendance_current,1.259,Increases Risk,numeric__critical_attendance_flag,-0.998,Reduces Risk,numeric__attendance_overall_attendance_avg_3m,-0.982,Reduces Risk,numeric__attendance_subject_attendance_avg_3m,-0.774,Reduces Risk
S2721,CSE,,7.47,3.0,80.5,74.8,65.5,67.4,67.0,68.2,73.0,3.0,1.0,1.0,1.0,3.52,3.49,68.11,100.0,Amber,Reliable,0.068,0,Low,0.199,0,Low,5.41,Improving,11.92,Stable,11.92,Placement,Low,No,No immediate intervention,numeric__academic_backlogs_avg_3m,-1.576,Reduces Risk,numeric__placement_coding_score_avg_3m,-1.471,Reduces Risk,numeric__placement_aptitude_score_current,1.128,Increases Risk,numeric__skills_tech_skills_score_avg_3m,1.06,Increases Risk,numeric__feedback_faculty_rating_avg_3m,0.839,Increases Risk,numeric__placement_aptitude_score_current,-1.101,Reduces Risk,numeric__engagement_hackathons_attended_current,-1.05,Reduces Risk,numeric__attendance_overall_attendance_current,-1.003,Reduces Risk,numeric__engagement_strength,0.962,Increases Risk,numeric__placement_coding_score_avg_3m,0.725,Increases Risk
S2722,INFORMATION TECH,,6.86,1.0,71.7,73.3,80.0,69.6,62.0,83.0,73.5,5.0,1.0,1.0,1.0,4.32,4.1,67.77,100.0,Amber,Reliable,0.423,1,Medium,0.161,0,Low,30.46,Declining,9.64,Stable,30.46,Academic,Medium,Yes,Monitor student - 14d,numeric__placement_aptitude_score_current,1.518,Increases Risk,numeric__academic_warning_score,1.457,Increases Risk,numeric__academic_cgpa_current,-1.029,Reduces Risk,numeric__academic_backlogs_slope_3m,0.781,Increases Risk,numeric__attendance_overall_attendance_std_3m,0.766,Increases Risk,numeric__attendance_overall_attendance_current,1.507,Increases Risk,numeric__placement_aptitude_score_current,-1.482,Reduces Risk,numeric__engagement_hackathons_attended_current,-1.05,Reduces Risk,numeric__engagement_events_attended_current,0.689,Increases Risk,numeric__academic_internal_marks_avg_3m,0.652,Increases Risk
S2723,CSE,,9.56,0.0,85.7,84.8,91.7,80.0,85.7,91.6,69.0,2.0,1.0,2.0,1.0,4.17,4.42,83.48,100.0,Green,Reliable,0.049,0,Low,0.238,1,Medium,2.35,Improving,14.27,Stable,14.27,Placement,Low,Yes,No immediate intervention,numeric__skills_tech_skills_score_avg_3m,-1.489,Reduces Risk,numeric__placement_coding_score_avg_3m,1.324,Increases Risk,numeric__academic_warning_score,-0.934,Reduces Risk,numeric__academic_cgpa_current,0.813,Increases Risk,numeric__lms_assignment_completion_pct_avg_3m,0.629,Increases Risk,numeric__engagement_strength,0.775,Increases Risk,numeric__skills_tech_skills_score_avg_3m,0.671,Increases Risk,numeric__placement_coding_score_avg_3m,-0.653,Reduces Risk,numeric__academic_internal_marks_avg_3m,-0.614,Reduces Risk,numeric__academic_internal_marks_slope_3m,-0.483,Reduces Risk
S2724,CSE,,9.43,0.0,89.3,91.1,99.5,80.7,82.2,93.2,83.4,3.0,2.0,2.0,2.0,3.81,4.3,85.56,100.0,Green,Reliable,0.052,0,Low,0.11,0,Low,2.49,Improving,6.61,Stable,6.61,Placement,Low,No,No immediate intervention,numeric__placement_coding_score_avg_3m,1.503,Increases Risk,numeric__skills_tech_skills_score_avg_3m,-1.181,Reduces Risk,numeric__attendance_declining_flag,-0.741,Reduces Risk,numeric__academic_cgpa_current,0.724,Increases Risk,numeric__skills_soft_skills_score_avg_3m,0.576,Increases Risk,numeric__attendance_overall_attendance_current,-0.959,Reduces Risk,numeric__academic_internal_marks_avg_3m,-0.858,Reduces Risk,numeric__attendance_overall_attendance_avg_3m,0.793,Increases Risk,numeric__placement_coding_score_avg_3m,-0.741,Reduces Risk,numeric__attendance_subject_attendance_avg_3m,0.735,Increases Risk
S2725,IT,,7.35,0.0,77.7,78.9,72.5,78.0,67.4,70.5,78.1,2.0,1.0,1.0,2.0,4.13,3.83,73.25,100.0,Green,Reliable,0.332,1,Medium,0.174,0,Low,15.95,Improving,10.44,Stable,15.95,Academic,Low,Yes,No immediate intervention,numeric__placement_aptitude_score_current,1.097,Increases Risk,numeric__placement_coding_score_avg_3m,-0.712,Reduces Risk,numeric__academic_cgpa_current,-0.695,Reduces Risk,numeric__academic_warning_score,-0.668,Reduces Risk,numeric__lms_logins_per_week_slope_3m,-0.641,Reduces Risk,numeric__placement_aptitude_score_current,-1.071,Reduces Risk,numeric__engagement_hackathons_attended_current,-1.05,Reduces Risk,numeric__engagement_strength,0.962,Increases Risk,numeric__academic_internal_marks_avg_3m,0.778,Increases Risk,numeric__academic_cgpa_avg_3m,0.474,Increases Risk
S2726,MECH,,8.7,0.0,75.8,65.1,80.4,73.5,93.9,77.7,75.0,2.0,1.0,3.0,2.0,4.02,4.58,74.66,100.0,Green,Reliable,0.212,0,Low,0.229,1,Medium,15.24,Declining,13.72,Stable,15.24,Academic,Low,Yes,No immediate intervention,numeric__academic_warning_score,1.191,Increases Risk,numeric__placement_aptitude_score_current,-0.971,Reduces Risk,numeric__lms_assignment_completion_pct_avg_3m,-0.777,Reduces Risk,numeric__attendance_declining_flag,-0.741,Reduces Risk,numeric__lms_assignment_completion_pct_current,0.505,Increases Risk,numeric__placement_aptitude_score_current,0.947,Increases Risk,numeric__low_lms_flag,0.914,Increases Risk,numeric__engagement_hackathons_attended_current,0.859,Increases Risk,numeric__attendance_overall_attendance_current,0.858,Increases Risk,numeric__lms_logins_per_week_avg_3m,-0.572,Reduces Risk
S2727,ECE DEPT,,8.3,1.0,62.7,59.6,67.4,52.1,82.2,76.0,56.1,0.0,0.0,2.0,1.0,3.04,4.22,66.87,100.0,Amber,Reliable,0.403,1,Medium,0.959,1,High,19.33,Improving,57.53,Stable,57.53,Placement,Medium,Yes,Monitor student - 14d,numeric__feedback_satisfaction_score_avg_3m,1.741,Increases Risk,numeric__lms_assignment_completion_pct_avg_3m,-1.618,Reduces Risk,numeric__skills_soft_skills_score_avg_3m,-1.425,Reduces Risk,numeric__placement_mock_interview_score_avg_3m,1.226,Increases Risk,numeric__placement_mock_interview_score_current,0.858,Increases Risk,numeric__engagement_strength,1.896,Increases Risk,numeric__attendance_overall_attendance_current,1.496,Increases Risk,numeric__placement_mock_interview_score_current,1.306,Increases Risk,numeric__feedback_satisfaction_score_slope_3m,1.111,Increases Risk,numeric__placement_mock_interview_score_avg_3m,1.011,Increases Risk
S2728,IT,,8.54,0.0,85.9,74.9,78.2,65.0,82.3,77.6,67.3,,,,,3.38,3.99,75.99,100.0,Green,Reliable,0.454,1,Medium,0.338,1,Medium,21.77,Improving,20.3,Stable,21.77,Academic,Low,Yes,No immediate intervention,numeric__lms_assignment_completion_pct_avg_3m,-0.919,Reduces Risk,numeric__feedback_satisfaction_score_avg_3m,0.861,Increases Risk,numeric__placement_mock_interview_score_avg_3m,0.843,Increases Risk,numeric__attendance_declining_flag,-0.741,Reduces Risk,numeric__skills_soft_skills_score_avg_3m,-0.592,Reduces Risk,numeric__low_lms_flag,0.914,Increases Risk,numeric__placement_mock_interview_score_avg_3m,0.695,Increases Risk,numeric__placement_mock_interview_score_current,0.572,Increases Risk,numeric__placement_mock_interview_score_std_3m,-0.521,Reduces Risk,numeric__attendance_subject_attendance_avg_3m,0.426,Increases Risk
S2729,IT,,9.79,0.0,99.0,94.9,99.3,86.6,96.4,98.9,84.5,3.0,2.0,2.0,1.0,4.98,4.65,89.55,100.0,Green,Reliable,0.179,0,Low,0.074,0,Low,10.73,Stable,4.42,Stable,10.73,Academic,Low,No,No immediate intervention,numeric__placement_coding_score_avg_3m,1.71,Increases Risk,numeric__feedback_satisfaction_score_avg_3m,-1.542,Reduces Risk,numeric__skills_tech_skills_score_avg_3m,-1.433,Reduces Risk,numeric__skills_soft_skills_score_avg_3m,1.21,Increases Risk,numeric__placement_aptitude_score_current,-1.166,Reduces Risk,numeric__attendance_overall_attendance_current,-1.316,Reduces Risk,numeric__academic_internal_marks_avg_3m,-1.157,Reduces Risk,numeric__placement_aptitude_score_current,1.137,Increases Risk,numeric__attendance_subject_attendance_current,-1.016,Reduces Risk,numeric__placement_coding_score_avg_3m,-0.843,Reduces Risk
S2730,IT,,9.39,1.0,79.4,77.9,93.1,82.7,83.9,88.1,83.5,3.0,1.0,5.0,1.0,3.57,4.57,81.73,100.0,Green,Reliable,0.531,1,Medium,0.387,1,Medium,25.51,Improving,23.2,Stable,25.51,Academic,Low,Yes,No immediate intervention,numeric__engagement_hackathons_attended_std_3m,1.074,Increases Risk,numeric__engagement_hackathons_attended_current,1.034,Increases Risk,numeric__attendance_overall_attendance_std_3m,0.839,Increases Risk,numeric__placement_coding_score_avg_3m,0.719,Increases Risk,numeric__skills_tech_skills_score_avg_3m,-0.705,Reduces Risk,numeric__engagement_hackathons_attended_current,2.768,Increases Risk,numeric__engagement_strength,-2.027,Reduces Risk,numeric__academic_internal_marks_avg_3m,-0.706,Reduces Risk,numeric__attendance_overall_attendance_std_3m,-0.582,Reduces Risk,numeric__attendance_overall_attendance_current,-0.57,Reduces Risk
S2731,COMP SCI,,9.21,0.0,83.6,96.2,100.0,80.7,85.7,90.5,79.8,6.0,1.0,3.0,3.0,4.17,5.0,89.78,100.0,Green,Reliable,0.087,0,Low,0.033,0,Low,5.24,Stable,1.96,Stable,5.24,Academic,Low,No,No immediate intervention,numeric__placement_coding_score_avg_3m,1.56,Increases Risk,numeric__lms_assignment_completion_pct_avg_3m,1.238,Increases Risk,numeric__engagement_strength,-0.972,Reduces Risk,numeric__academic_warning_score,-0.934,Reduces Risk,numeric__placement_mock_interview_score_avg_3m,-0.837,Reduces Risk,numeric__engagement_strength,-3.334,Reduces Risk,numeric__engagement_events_attended_current,1.019,Increases Risk,numeric__engagement_certifications_count_current,0.937,Increases Risk,numeric__engagement_hackathons_attended_current,0.859,Increases Risk,numeric__attendance_overall_attendance_current,-0.84,Reduces Risk
S2732,CIVIL,,8.17,0.0,78.7,81.5,67.5,78.1,83.2,64.6,71.8,3.0,1.0,2.0,1.0,,4.21,75.64,100.0,Green,Reliable,0.072,0,Low,0.27,1,Medium,5.19,Declining,16.18,Stable,16.18,Placement,Low,Yes,No immediate intervention,numeric__placement_coding_score_avg_3m,-1.06,Reduces Risk,numeric__attendance_declining_flag,-0.741,Reduces Risk,numeric__feedback_satisfaction_score_missing,-0.713,Reduces Risk,numeric__skills_tech_skills_score_avg_3m,0.624,Increases Risk,numeric__placement_coding_score_slope_3m,-0.525,Reduces Risk,numeric__skills_soft_skills_score_std_3m,-0.692,Reduces Risk,numeric__placement_coding_score_avg_3m,0.522,Increases Risk,numeric__feedback_satisfaction_score_slope_3m,-0.51,Reduces Risk,numeric__placement_coding_score_slope_3m,0.484,Increases Risk,numeric__attendance_overall_attendance_current,0.458,Increases Risk
S2733,MECH,,8.79,0.0,77.8,70.8,77.2,69.7,76.4,83.4,72.2,4.0,1.0,2.0,1.0,3.83,4.26,77.71,100.0,Green,Reliable,0.482,1,Medium,0.158,0,Low,28.9,Stable,9.48,Stable,28.9,Academic,Low,Yes,No immediate intervention,numeric__academic_warning_score,-0.934,Reduces Risk,numeric__engagement_events_attended_slope_3m,0.71,Increases Risk,numeric__placement_mock_interview_score_avg_3m,0.477,Increases Risk,numeric__skills_soft_skills_score_avg_3m,-0.448,Reduces Risk,numeric__placement_aptitude_score_current,0.394,Increases Risk,numeric__placement_mock_interview_score_std_3m,-0.42,Reduces Risk,numeric__attendance_overall_attendance_avg_3m,-0.394,Reduces Risk,numeric__placement_mock_interview_score_avg_3m,0.394,Increases Risk,numeric__attendance_subject_attendance_avg_3m,-0.386,Reduces Risk,numeric__placement_aptitude_score_current,-0.386,Reduces Risk
S2734,ECE,,7.19,1.0,73.5,73.2,61.5,68.8,71.8,68.7,69.2,2.0,1.0,1.0,2.0,4.0,4.4,67.67,100.0,Amber,Reliable,0.521,1,Medium,0.254,1,Medium,37.52,Declining,15.25,Stable,37.52,Academic,Medium,Yes,Monitor student - 14d,numeric__placement_coding_score_avg_3m,-1.207,Reduces Risk,numeric__skills_tech_skills_score_avg_3m,1.017,Increases Risk,numeric__attendance_overall_attendance_std_3m,0.942,Increases Risk,numeric__academic_warning_score,0.926,Increases Risk,numeric__academic_cgpa_current,-0.804,Reduces Risk,numeric__engagement_hackathons_attended_current,-1.05,Reduces Risk,numeric__engagement_strength,0.962,Increases Risk,numeric__attendance_overall_attendance_current,0.793,Increases Risk,numeric__placement_aptitude_score_current,-0.736,Reduces Risk,numeric__academic_internal_marks_avg_3m,0.712,Increases Risk
S2735,IT,,8.54,0.0,86.1,88.6,84.9,74.1,89.2,83.9,69.2,3.0,2.0,2.0,1.0,3.84,4.16,82.19,100.0,Green,Reliable,0.037,0,Low,0.656,1,High,1.79,Improving,39.37,Stable,39.37,Placement,Medium,Yes,Monitor student - 14d,numeric__academic_warning_score,-0.934,Reduces Risk,numeric__lms_assignment_completion_pct_avg_3m,0.778,Increases Risk,numeric__placement_aptitude_score_slope_3m,0.714,Increases Risk,numeric__placement_aptitude_score_current,-0.604,Reduces Risk,numeric__engagement_events_attended_slope_3m,-0.564,Reduces Risk,numeric__attendance_overall_attendance_current,-0.894,Reduces Risk,numeric__placement_aptitude_score_slope_3m,-0.756,Reduces Risk,numeric__attendance_overall_attendance_avg_3m,0.614,Increases Risk,numeric__placement_aptitude_score_current,0.589,Increases Risk,numeric__attendance_subject_attendance_avg_3m,0.46,Increases Risk
S2736,ECE,,7.85,0.0,54.4,66.8,79.1,76.5,80.9,81.8,76.1,3.0,2.0,2.0,1.0,3.19,4.29,72.81,100.0,Green,Reliable,0.002,0,Low,0.053,0,Low,0.18,Declining,3.2,Stable,3.2,Placement,Low,No,No immediate intervention,numeric__lms_logins_per_week_slope_3m,-2.298,Reduces Risk,numeric__lms_logins_per_week_missing,-1.54,Reduces Risk,numeric__academic_warning_score,1.191,Increases Risk,numeric__feedback_satisfaction_score_avg_3m,0.865,Increases Risk,numeric__lms_assignment_completion_pct_avg_3m,-0.862,Reduces Risk,numeric__attendance_overall_attendance_current,2.621,Increases Risk,numeric__attendance_overall_attendance_avg_3m,-1.442,Reduces Risk,numeric__lms_logins_per_week_slope_3m,-1.351,Reduces Risk,numeric__attendance_subject_attendance_current,1.344,Increases Risk,numeric__critical_attendance_flag,-0.998,Reduces Risk
S2737,ECE,,8.56,0.0,96.4,90.2,75.2,77.8,83.9,69.5,73.7,4.0,1.0,2.0,1.0,4.6,4.17,82.76,100.0,Green,Reliable,0.324,1,Medium,0.11,0,Low,23.3,Declining,6.57,Stable,23.3,Academic,Low,Yes,No immediate intervention,numeric__feedback_satisfaction_score_avg_3m,-0.89,Reduces Risk,numeric__lms_assignment_completion_pct_avg_3m,0.596,Increases Risk,numeric__feedback_satisfaction_score_current,0.57,Increases Risk,numeric__placement_coding_score_avg_3m,-0.542,Reduces Risk,numeric__cgpa_declining_flag,0.487,Increases Risk,numeric__attendance_overall_attendance_current,-1.511,Reduces Risk,numeric__attendance_subject_attendance_current,-0.879,Reduces Risk,numeric__attendance_overall_attendance_avg_3m,0.836,Increases Risk,numeric__attendance_subject_attendance_avg_3m,0.8,Increases Risk,numeric__skills_soft_skills_score_std_3m,-0.524,Reduces Risk
S2738,CSE,,8.08,0.0,84.8,97.6,80.1,75.4,86.4,75.4,70.9,3.0,1.0,4.0,1.0,4.0,3.99,83.19,100.0,Green,Reliable,0.614,1,High,0.425,1,Medium,36.87,Stable,25.51,Stable,36.87,Academic,Medium,Yes,Monitor student - 14d,numeric__engagement_hackathons_attended_std_3m,1.292,Increases Risk,numeric__lms_assignment_completion_pct_avg_3m,1.034,Increases Risk,numeric__academic_warning_score,-0.934,Reduces Risk,numeric__placement_aptitude_score_slope_3m,0.81,Increases Risk,numeric__engagement_hackathons_attended_current,0.678,Increases Risk,numeric__engagement_hackathons_attended_current,1.814,Increases Risk,numeric__engagement_strength,-1.279,Reduces Risk,numeric__feedback_satisfaction_score_slope_3m,-1.207,Reduces Risk,numeric__placement_aptitude_score_slope_3m,-0.858,Reduces Risk,numeric__academic_internal_marks_slope_3m,0.712,Increases Risk
S2739,IT,,9.23,0.0,92.2,85.9,99.0,82.2,86.7,95.5,78.5,4.0,1.0,3.0,1.0,4.19,4.53,85.93,100.0,Green,Reliable,0.212,0,Low,0.15,0,Low,12.7,Stable,9.02,Stable,12.7,Academic,Low,No,No immediate intervention,numeric__placement_coding_score_avg_3m,1.613,Increases Risk,numeric__skills_tech_skills_score_avg_3m,-1.562,Reduces Risk,numeric__academic_warning_score,-0.668,Reduces Risk,numeric__skills_soft_skills_score_avg_3m,0.663,Increases Risk,numeric__academic_cgpa_current,0.588,Increases Risk,numeric__attendance_overall_attendance_current,-1.381,Reduces Risk,numeric__engagement_strength,-1.093,Reduces Risk,numeric__engagement_hackathons_attended_current,0.859,Increases Risk,numeric__placement_coding_score_avg_3m,-0.795,Reduces Risk,numeric__attendance_overall_attendance_avg_3m,0.767,Increases Risk
S2740,CIVIL,,8.45,1.0,75.3,78.4,91.2,87.5,97.4,85.7,90.5,3.0,3.0,3.0,1.0,,,75.69,95.0,Green,Reliable,0.209,0,Low,0.145,0,Low,15.04,Declining,8.71,Stable,15.04,Academic,Low,No,No immediate intervention,numeric__placement_aptitude_score_current,-1.244,Reduces Risk,numeric__skills_soft_skills_score_avg_3m,1.074,Increases Risk,numeric__academic_warning_score,0.926,Increases Risk,numeric__placement_mock_interview_score_avg_3m,-0.868,Reduces Risk,numeric__academic_backlogs_slope_3m,0.781,Increases Risk,numeric__placement_aptitude_score_current,1.214,Increases Risk,numeric__engagement_hackathons_attended_current,0.859,Increases Risk,numeric__attendance_overall_attendance_current,0.858,Increases Risk,numeric__placement_mock_interview_score_avg_3m,-0.716,Reduces Risk,numeric__placement_mock_interview_score_current,-0.709,Reduces Risk
S2741,CIVIL,,7.94,1.0,50.7,58.4,78.6,68.1,77.0,81.9,70.9,1.0,0.0,3.0,1.0,2.83,4.38,65.24,100.0,Amber,Reliable,0.346,1,Medium,0.646,1,High,24.9,Declining,38.73,Stable,38.73,Placement,Medium,Yes,Monitor student - 14d,numeric__lms_assignment_completion_pct_avg_3m,-1.471,Reduces Risk,numeric__academic_warning_score,1.324,Increases Risk,numeric__feedback_satisfaction_score_avg_3m,1.22,Increases Risk,numeric__feedback_satisfaction_score_current,-0.953,Reduces Risk,numeric__skills_soft_skills_score_avg_3m,-0.854,Reduces Risk,numeric__attendance_overall_attendance_current,2.653,Increases Risk,numeric__attendance_overall_attendance_avg_3m,-1.965,Reduces Risk,numeric__attendance_subject_attendance_avg_3m,-1.672,Reduces Risk,numeric__attendance_subject_attendance_current,1.539,Increases Risk,numeric__critical_attendance_flag,-0.998,Reduces Risk
S2742,ECE,,8.58,1.0,96.1,92.2,78.8,79.1,96.2,73.3,80.3,3.0,5.0,2.0,2.0,4.12,4.31,82.77,100.0,Green,Reliable,0.066,0,Low,0.358,1,Medium,3.98,Stable,21.49,Stable,21.49,Placement,Low,Yes,No immediate intervention,numeric__placement_aptitude_score_current,-1.15,Reduces Risk,numeric__engagement_hackathons_attended_std_3m,0.676,Increases Risk,numeric__engagement_club_participations_avg_3m,0.671,Increases Risk,numeric__placement_aptitude_score_std_3m,-0.633,Reduces Risk,numeric__lms_assignment_completion_pct_avg_3m,0.596,Increases Risk,numeric__attendance_overall_attendance_current,-1.424,Reduces Risk,numeric__engagement_club_participations_current,-1.195,Reduces Risk,numeric__placement_aptitude_score_current,1.122,Increases Risk,numeric__attendance_overall_attendance_avg_3m,1.114,Increases Risk,numeric__attendance_subject_attendance_avg_3m,0.962,Increases Risk
S2743,IT,,8.63,1.0,83.4,79.0,81.9,78.0,86.5,79.3,91.2,3.0,2.0,2.0,1.0,4.0,4.05,79.07,100.0,Green,Reliable,0.677,1,High,0.341,1,Medium,32.5,Improving,20.47,Stable,32.5,Academic,Medium,Yes,Monitor student - 14d,numeric__attendance_overall_attendance_std_3m,0.627,Increases Risk,numeric__engagement_hackathons_attended_std_3m,-0.556,Reduces Risk,numeric__academic_warning_score,-0.535,Reduces Risk,numeric__skills_soft_skills_score_std_3m,0.523,Increases Risk,numeric__placement_aptitude_score_slope_3m,0.424,Increases Risk,numeric__skills_soft_skills_score_std_3m,1.136,Increases Risk,numeric__attendance_overall_attendance_current,-0.743,Reduces Risk,numeric__skills_soft_skills_score_current,0.593,Increases Risk,numeric__placement_aptitude_score_slope_3m,-0.449,Reduces Risk,numeric__attendance_overall_attendance_std_3m,-0.435,Reduces Risk
S2744,ECE,,8.2,0.0,98.0,91.4,65.9,88.8,71.8,66.6,90.0,3.0,1.0,2.0,2.0,4.87,3.59,83.78,100.0,Green,Reliable,0.252,0,Low,0.37,1,Medium,15.1,Stable,22.21,Stable,22.21,Placement,Low,Yes,No immediate intervention,numeric__feedback_satisfaction_score_avg_3m,-1.118,Reduces Risk,numeric__lms_assignment_completion_pct_avg_3m,0.859,Increases Risk,numeric__placement_coding_score_avg_3m,-0.831,Reduces Risk,numeric__feedback_satisfaction_score_current,0.802,Increases Risk,numeric__placement_aptitude_score_current,0.753,Increases Risk,numeric__attendance_overall_attendance_current,-1.998,Reduces Risk,numeric__attendance_overall_attendance_avg_3m,1.132,Increases Risk,numeric__attendance_subject_attendance_current,-0.963,Reduces Risk,numeric__attendance_subject_attendance_avg_3m,0.871,Increases Risk,numeric__placement_mock_interview_score_current,-0.783,Reduces Risk
S2745,ECE,,9.04,0.0,86.0,86.4,88.1,78.9,92.3,81.9,77.8,2.0,1.0,3.0,2.0,4.14,4.47,85.58,100.0,Green,Reliable,0.536,1,Medium,0.42,1,Medium,38.6,Declining,25.21,Stable,38.6,Academic,Medium,Yes,Monitor student - 14d,numeric__lms_logins_per_week_slope_3m,1.016,Increases Risk,numeric__placement_aptitude_score_current,-0.846,Reduces Risk,numeric__placement_coding_score_avg_3m,0.609,Increases Risk,numeric__engagement_events_attended_slope_3m,-0.564,Reduces Risk,numeric__feedback_satisfaction_score_avg_3m,-0.496,Reduces Risk,numeric__attendance_overall_attendance_current,-1.111,Reduces Risk,numeric__engagement_hackathons_attended_current,0.859,Increases Risk,numeric__placement_aptitude_score_current,0.825,Increases Risk,numeric__attendance_overall_attendance_avg_3m,0.677,Increases Risk,numeric__academic_internal_marks_avg_3m,-0.655,Reduces Risk
S2746,CSE,,7.37,0.0,81.4,90.0,72.2,79.9,72.2,73.6,79.7,3.0,2.0,1.0,1.0,4.21,3.93,74.82,80.0,Green,Reliable,0.363,1,Medium,0.376,1,Medium,17.4,Improving,22.55,Stable,22.55,Placement,Low,Yes,No immediate intervention,numeric__feedback_faculty_rating_avg_3m,0.732,Increases Risk,numeric__lms_assignment_completion_pct_avg_3m,0.731,Increases Risk,numeric__placement_aptitude_score_current,0.722,Increases Risk,numeric__academic_cgpa_current,-0.681,Reduces Risk,numeric__academic_warning_score,-0.668,Reduces Risk,numeric__engagement_hackathons_attended_current,-1.05,Reduces Risk,numeric__engagement_strength,0.962,Increases Risk,numeric__placement_aptitude_score_current,-0.705,Reduces Risk,numeric__academic_internal_marks_avg_3m,0.663,Increases Risk,numeric__attendance_overall_attendance_std_3m,0.455,Increases Risk
S2747,INFO TECH,,8.46,0.0,71.5,69.3,81.7,60.6,76.9,82.4,61.2,1.0,1.0,1.0,1.0,2.98,4.4,71.23,100.0,Green,Reliable,0.468,1,Medium,0.078,0,Low,22.46,Improving,4.67,Stable,22.46,Academic,Low,Yes,No immediate intervention,numeric__skills_soft_skills_score_avg_3m,-1.165,Reduces Risk,numeric__placement_mock_interview_score_avg_3m,0.847,Increases Risk,numeric__feedback_satisfaction_score_current,-0.824,Reduces Risk,numeric__attendance_declining_flag,-0.741,Reduces Risk,categorical__department_INFO TECH,0.662,Increases Risk,numeric__engagement_strength,2.083,Increases Risk,numeric__engagement_hackathons_attended_current,-1.05,Reduces Risk,numeric__low_lms_flag,0.914,Increases Risk,numeric__attendance_overall_attendance_current,0.858,Increases Risk,numeric__placement_mock_interview_score_current,0.822,Increases Risk
S2748,CSE,,8.09,1.0,68.0,73.2,96.3,78.7,88.9,95.3,78.4,4.0,2.0,2.0,1.0,3.83,4.43,72.23,100.0,Green,Reliable,0.34,1,Medium,0.333,1,Medium,24.51,Declining,20.0,Stable,24.51,Academic,Low,Yes,No immediate intervention,numeric__academic_warning_score,1.59,Increases Risk,numeric__placement_coding_score_avg_3m,1.086,Increases Risk,numeric__skills_tech_skills_score_avg_3m,-1.074,Reduces Risk,numeric__lms_logins_per_week_slope_3m,-1.024,Reduces Risk,numeric__attendance_declining_flag,-0.741,Reduces Risk,numeric__attendance_overall_attendance_current,1.377,Increases Risk,numeric__low_lms_flag,0.914,Increases Risk,numeric__academic_warning_score,-0.635,Reduces Risk,numeric__attendance_overall_attendance_avg_3m,-0.634,Reduces Risk,numeric__attendance_subject_attendance_current,0.624,Increases Risk
S2749,ECE,,9.02,0.0,95.7,80.8,83.0,75.1,87.8,76.6,73.0,5.0,1.0,3.0,1.0,4.41,4.67,82.47,80.0,Green,Reliable,0.637,1,High,0.128,0,Low,45.86,Declining,7.66,Stable,45.86,Academic,Medium,Yes,Monitor student - 14d,numeric__lms_logins_per_week_slope_3m,0.506,Increases Risk,numeric__placement_aptitude_score_current,-0.495,Reduces Risk,numeric__cgpa_declining_flag,0.487,Increases Risk,numeric__engagement_strength,-0.482,Reduces Risk,numeric__feedback_faculty_rating_avg_3m,-0.465,Reduces Risk,numeric__engagement_strength,-1.653,Reduces Risk,numeric__engagement_hackathons_attended_current,0.859,Increases Risk,numeric__attendance_subject_attendance_current,-0.842,Reduces Risk,numeric__academic_internal_marks_avg_3m,-0.708,Reduces Risk,numeric__engagement_events_attended_current,0.689,Increases Risk
S2750,CSE,,9.36,0.0,99.6,88.5,85.5,73.8,82.4,84.3,74.7,5.0,2.0,2.0,1.0,3.92,4.51,83.83,100.0,Green,Reliable,0.06,0,Low,0.008,0,Low,2.89,Improving,0.48,Stable,2.89,Academic,Low,No,No immediate intervention,numeric__academic_warning_score,-0.934,Reduces Risk,numeric__lms_assignment_completion_pct_avg_3m,0.717,Increases Risk,numeric__academic_cgpa_current,0.676,Increases Risk,numeric__skills_soft_skills_score_avg_3m,0.644,Increases Risk,numeric__placement_mock_interview_score_avg_3m,-0.617,Reduces Risk,numeric__attendance_overall_attendance_current,-1.176,Reduces Risk,numeric__attendance_subject_attendance_current,-1.048,Reduces Risk,numeric__engagement_strength,-0.906,Reduces Risk,numeric__attendance_subject_attendance_avg_3m,0.8,Increases Risk,numeric__attendance_overall_attendance_avg_3m,0.721,Increases Risk
S2751,CSE,,9.25,0.0,81.5,94.9,96.9,90.1,86.7,90.7,92.4,4.0,1.0,4.0,1.0,3.91,5.0,87.6,100.0,Green,Reliable,0.033,0,Low,0.069,0,Low,1.58,Improving,4.13,Stable,4.13,Placement,Low,No,No immediate intervention,numeric__placement_coding_score_avg_3m,1.393,Increases Risk,numeric__skills_soft_skills_score_avg_3m,1.234,Increases Risk,numeric__skills_tech_skills_score_avg_3m,-1.206,Reduces Risk,numeric__placement_mock_interview_score_avg_3m,-0.868,Reduces Risk,numeric__attendance_declining_flag,-0.741,Reduces Risk,numeric__engagement_strength,-1.84,Reduces Risk,numeric__engagement_hackathons_attended_current,1.814,Increases Risk,numeric__placement_mock_interview_score_current,-0.857,Reduces Risk,numeric__attendance_overall_attendance_avg_3m,0.846,Increases Risk,numeric__attendance_overall_attendance_current,-0.775,Reduces Risk
S2752,CIVIL,,8.78,0.0,76.5,92.1,82.0,86.6,89.4,82.4,83.4,3.0,2.0,2.0,2.0,4.19,3.92,82.62,100.0,Green,Reliable,0.141,0,Low,0.199,0,Low,8.47,Stable,11.96,Stable,11.96,Placement,Low,No,No immediate intervention,numeric__feedback_satisfaction_score_avg_3m,-0.968,Reduces Risk,numeric__skills_soft_skills_score_avg_3m,0.796,Increases Risk,numeric__placement_mock_interview_score_avg_3m,-0.757,Reduces Risk,numeric__lms_assignment_completion_pct_avg_3m,0.748,Increases Risk,numeric__attendance_declining_flag,-0.741,Reduces Risk,numeric__feedback_satisfaction_score_slope_3m,-0.702,Reduces Risk,numeric__placement_mock_interview_score_current,-0.658,Reduces Risk,numeric__placement_mock_interview_score_avg_3m,-0.624,Reduces Risk,numeric__placement_aptitude_score_current,0.604,Increases Risk,numeric__attendance_overall_attendance_avg_3m,0.513,Increases Risk
S2753,CSE,,7.62,0.0,81.6,87.3,88.6,76.2,77.5,87.3,66.7,2.0,1.0,2.0,1.0,3.99,4.2,78.02,100.0,Green,Reliable,0.028,0,Low,0.212,1,Medium,2.04,Declining,12.73,Stable,12.73,Placement,Low,Yes,No immediate intervention,numeric__engagement_events_attended_slope_3m,-0.882,Reduces Risk,numeric__placement_coding_score_avg_3m,0.785,Increases Risk,numeric__skills_tech_skills_score_avg_3m,-0.761,Reduces Risk,numeric__attendance_declining_flag,-0.741,Reduces Risk,numeric__academic_cgpa_std_3m,-0.703,Reduces Risk,numeric__attendance_overall_attendance_current,-0.992,Reduces Risk,numeric__attendance_overall_attendance_avg_3m,0.892,Increases Risk,numeric__engagement_strength,0.775,Increases Risk,numeric__attendance_subject_attendance_avg_3m,0.627,Increases Risk,numeric__skills_soft_skills_score_std_3m,0.535,Increases Risk
S2754,CSE,,9.85,0.0,65.8,76.9,98.1,71.2,85.2,90.9,69.7,4.0,1.0,2.0,1.0,3.66,4.54,78.63,100.0,Green,Reliable,0.159,0,Low,0.036,0,Low,9.56,Stable,2.16,Stable,9.56,Academic,Low,No,No immediate intervention,numeric__placement_coding_score_avg_3m,1.34,Increases Risk,numeric__skills_tech_skills_score_avg_3m,-1.249,Reduces Risk,numeric__academic_cgpa_current,1.011,Increases Risk,numeric__engagement_hackathons_attended_std_3m,-0.556,Reduces Risk,numeric__feedback_faculty_rating_avg_3m,-0.506,Reduces Risk,numeric__attendance_overall_attendance_current,1.204,Increases Risk,numeric__low_lms_flag,0.914,Increases Risk,numeric__academic_internal_marks_avg_3m,-0.844,Reduces Risk,numeric__attendance_subject_attendance_current,0.74,Increases Risk,numeric__attendance_overall_attendance_avg_3m,-0.702,Reduces Risk
S2755,IT,,7.63,0.0,81.4,71.3,68.1,69.4,69.6,66.4,77.7,2.0,1.0,5.0,1.0,3.86,3.6,74.33,100.0,Green,Reliable,0.92,1,High,0.75,1,High,44.18,Improving,45.03,Stable,45.03,Placement,Medium,Yes,Monitor student - 14d,numeric__engagement_hackathons_attended_std_3m,1.665,Increases Risk,numeric__placement_coding_score_avg_3m,-1.073,Reduces Risk,numeric__engagement_hackathons_attended_current,1.034,Increases Risk,numeric__academic_warning_score,-0.934,Reduces Risk,numeric__placement_aptitude_score_current,0.925,Increases Risk,numeric__engagement_hackathons_attended_current,2.768,Increases Risk,numeric__engagement_strength,-1.466,Reduces Risk,numeric__academic_internal_marks_avg_3m,0.921,Increases Risk,numeric__placement_aptitude_score_current,-0.903,Reduces Risk,numeric__engagement_hackathons_attended_std_3m,0.626,Increases Risk
S2756,CIVIL,,8.69,0.0,73.5,81.3,98.3,73.8,83.6,99.2,74.6,2.0,1.0,3.0,2.0,,4.07,78.78,100.0,Green,Reliable,0.383,1,Medium,0.517,1,High,27.58,Declining,31.02,Stable,31.02,Placement,Medium,Yes,Monitor student - 14d,numeric__placement_coding_score_slope_3m,0.814,Increases Risk,numeric__attendance_declining_flag,-0.741,Reduces Risk,numeric__feedback_satisfaction_score_missing,-0.713,Reduces Risk,numeric__engagement_events_attended_slope_3m,-0.564,Reduces Risk,numeric__placement_coding_score_avg_3m,0.537,Increases Risk,numeric__attendance_overall_attendance_current,1.15,Increases Risk,numeric__engagement_hackathons_attended_current,0.859,Increases Risk,numeric__placement_coding_score_slope_3m,-0.751,Reduces Risk,numeric__attendance_overall_attendance_avg_3m,-0.644,Reduces Risk,numeric__engagement_strength,-0.532,Reduces Risk
S2757,COMP SCI,,7.98,2.0,64.5,67.2,86.0,69.3,82.8,84.9,61.4,2.0,1.0,2.0,1.0,3.77,4.22,66.27,100.0,Amber,Reliable,0.44,1,Medium,0.801,1,High,52.8,Declining,48.08,Stable,52.8,Academic,Medium,Yes,Monitor student - 14d,numeric__academic_warning_score,1.324,Increases Risk,numeric__skills_tech_skills_score_avg_3m,-0.859,Reduces Risk,numeric__lms_assignment_completion_pct_avg_3m,-0.822,Reduces Risk,numeric__academic_backlogs_slope_3m,0.781,Increases Risk,numeric__academic_backlogs_avg_3m,-0.749,Reduces Risk,numeric__attendance_overall_attendance_current,1.615,Increases Risk,numeric__skills_soft_skills_score_std_3m,1.31,Increases Risk,numeric__low_lms_flag,0.914,Increases Risk,numeric__attendance_overall_attendance_avg_3m,-0.876,Reduces Risk,numeric__attendance_subject_attendance_current,0.809,Increases Risk
S2758,CIVIL,,8.34,0.0,85.5,85.3,94.2,85.4,86.5,87.7,80.2,2.0,1.0,2.0,1.0,4.16,4.75,81.69,100.0,Green,Reliable,0.021,0,Low,0.159,0,Low,1.25,Stable,9.55,Stable,9.55,Placement,Low,No,No immediate intervention,numeric__placement_coding_score_slope_3m,0.91,Increases Risk,numeric__attendance_declining_flag,-0.741,Reduces Risk,numeric__engagement_hackathons_attended_std_3m,0.676,Increases Risk,numeric__placement_mock_interview_score_avg_3m,-0.639,Reduces Risk,numeric__feedback_satisfaction_score_avg_3m,-0.542,Reduces Risk,numeric__placement_coding_score_slope_3m,-0.839,Reduces Risk,numeric__engagement_strength,0.775,Increases Risk,numeric__attendance_overall_attendance_current,-0.646,Reduces Risk,numeric__placement_mock_interview_score_current,-0.589,Reduces Risk,numeric__skills_soft_skills_score_std_3m,-0.553,Reduces Risk
S2759,ECE,,8.73,0.0,59.2,80.4,75.6,86.9,86.9,71.6,89.5,3.0,2.0,2.0,1.0,3.95,4.14,76.05,100.0,Green,Reliable,0.814,1,High,0.108,0,Low,58.59,Declining,6.49,Stable,58.59,Academic,Medium,Yes,Monitor student - 14d,numeric__academic_warning_score,1.191,Increases Risk,numeric__attendance_overall_attendance_std_3m,1.162,Increases Risk,numeric__skills_soft_skills_score_avg_3m,0.982,Increases Risk,numeric__attendance_declining_flag,-0.741,Reduces Risk,numeric__placement_mock_interview_score_avg_3m,-0.736,Reduces Risk,numeric__attendance_overall_attendance_current,2.286,Increases Risk,numeric__attendance_subject_attendance_current,1.09,Increases Risk,numeric__critical_attendance_flag,-0.998,Reduces Risk,numeric__attendance_overall_attendance_avg_3m,-0.962,Reduces Risk,numeric__attendance_overall_attendance_std_3m,-0.806,Reduces Risk
S2760,CIVIL,,8.78,1.0,59.9,75.6,67.3,64.8,77.4,67.4,70.5,5.0,1.0,3.0,1.0,4.06,4.47,71.89,100.0,Green,Reliable,0.513,1,Medium,0.095,0,Low,30.8,Stable,5.68,Stable,30.8,Academic,Medium,Yes,Monitor student - 14d,numeric__engagement_events_attended_slope_3m,1.028,Increases Risk,numeric__placement_coding_score_avg_3m,-0.856,Reduces Risk,numeric__feedback_satisfaction_score_avg_3m,0.666,Increases Risk,numeric__lms_assignment_completion_pct_avg_3m,-0.58,Reduces Risk,numeric__skills_tech_skills_score_avg_3m,0.538,Increases Risk,numeric__engagement_strength,-1.653,Reduces Risk,numeric__attendance_overall_attendance_current,1.626,Increases Risk,numeric__attendance_subject_attendance_current,1.053,Increases Risk,numeric__critical_attendance_flag,-0.998,Reduces Risk,numeric__attendance_overall_attendance_avg_3m,-0.98,Reduces Risk
S2761,CIVIL,,8.76,0.0,92.7,82.2,93.6,83.2,80.1,94.8,82.2,3.0,3.0,3.0,2.0,3.98,4.87,82.57,100.0,Green,Reliable,0.077,0,Low,0.641,1,High,5.52,Declining,38.44,Stable,38.44,Placement,Medium,Yes,Monitor student - 14d,numeric__attendance_declining_flag,-0.741,Reduces Risk,numeric__skills_tech_skills_score_avg_3m,-0.678,Reduces Risk,numeric__placement_coding_score_avg_3m,0.6,Increases Risk,numeric__cgpa_declining_flag,0.487,Increases Risk,numeric__feedback_faculty_rating_avg_3m,-0.444,Reduces Risk,numeric__engagement_strength,-1.093,Reduces Risk,numeric__engagement_hackathons_attended_current,0.859,Increases Risk,numeric__attendance_subject_attendance_current,-0.683,Reduces Risk,numeric__feedback_faculty_rating_current,-0.549,Reduces Risk,numeric__engagement_club_participations_current,-0.547,Reduces Risk
S2762,MECH,,8.32,0.0,92.3,100.0,67.9,73.8,65.8,66.9,70.6,4.0,1.0,1.0,1.0,4.83,4.05,78.86,80.0,Green,Reliable,0.42,1,Medium,0.27,1,Medium,25.2,Stable,16.21,Stable,25.2,Academic,Low,Yes,No immediate intervention,numeric__placement_coding_score_avg_3m,-1.308,Reduces Risk,numeric__lms_assignment_completion_pct_avg_3m,1.29,Increases Risk,numeric__skills_tech_skills_score_avg_3m,1.223,Increases Risk,numeric__placement_aptitude_score_current,1.221,Increases Risk,numeric__academic_warning_score,-0.934,Reduces Risk,numeric__placement_aptitude_score_current,-1.193,Reduces Risk,numeric__engagement_hackathons_attended_current,-1.05,Reduces Risk,numeric__attendance_overall_attendance_slope_3m,0.674,Increases Risk,numeric__attendance_subject_attendance_current,-0.662,Reduces Risk,numeric__feedback_satisfaction_score_current,-0.651,Reduces Risk
S2763,MECH,,8.91,0.0,100.0,94.1,81.9,82.7,85.1,79.0,81.3,3.0,3.0,2.0,1.0,4.22,3.82,82.48,80.0,Green,Reliable,0.122,0,Low,0.427,1,Medium,5.88,Improving,25.61,Stable,25.61,Placement,Low,Yes,No immediate intervention,numeric__lms_assignment_completion_pct_avg_3m,0.968,Increases Risk,numeric__academic_warning_score,-0.934,Reduces Risk,numeric__feedback_satisfaction_score_avg_3m,-0.71,Reduces Risk,numeric__lms_assignment_completion_pct_current,-0.502,Reduces Risk,numeric__attendance_overall_attendance_avg_3m,-0.458,Reduces Risk,numeric__attendance_overall_attendance_avg_3m,1.259,Increases Risk,numeric__attendance_subject_attendance_current,-1.069,Reduces Risk,numeric__attendance_subject_attendance_avg_3m,0.879,Increases Risk,numeric__engagement_club_participations_current,-0.547,Reduces Risk,numeric__attendance_overall_attendance_slope_3m,0.48,Increases Risk
S2764,CIVIL,,9.27,0.0,68.3,73.0,73.3,63.6,81.3,70.9,69.0,4.0,0.0,2.0,1.0,2.89,4.49,75.59,100.0,Green,Reliable,0.529,1,Medium,0.398,1,Medium,31.75,Stable,23.86,Stable,31.75,Academic,Medium,Yes,Monitor student - 14d,numeric__feedback_satisfaction_score_avg_3m,1.624,Increases Risk,numeric__skills_soft_skills_score_avg_3m,-0.953,Reduces Risk,numeric__feedback_satisfaction_score_current,-0.901,Reduces Risk,numeric__placement_mock_interview_score_avg_3m,0.829,Increases Risk,numeric__lms_assignment_completion_pct_avg_3m,-0.819,Reduces Risk,numeric__attendance_overall_attendance_avg_3m,-0.954,Reduces Risk,numeric__attendance_overall_attendance_current,0.944,Increases Risk,numeric__feedback_satisfaction_score_current,0.767,Increases Risk,numeric__placement_mock_interview_score_avg_3m,0.684,Increases Risk,numeric__placement_mock_interview_score_current,0.652,Increases Risk
S2765,IT,,7.47,2.0,81.3,83.1,69.0,69.6,70.4,72.6,69.8,2.0,1.0,3.0,1.0,3.66,3.64,71.62,100.0,Green,Reliable,0.382,1,Medium,0.785,1,High,45.8,Declining,47.08,Stable,47.08,Placement,Medium,Yes,Monitor student - 14d,numeric__feedback_faculty_rating_avg_3m,1.155,Increases Risk,numeric__academic_backlogs_avg_3m,-0.956,Reduces Risk,numeric__placement_aptitude_score_current,0.863,Increases Risk,numeric__attendance_declining_flag,-0.741,Reduces Risk,numeric__skills_soft_skills_score_avg_3m,-0.712,Reduces Risk,numeric__engagement_hackathons_attended_current,0.859,Increases Risk,numeric__placement_aptitude_score_current,-0.842,Reduces Risk,numeric__feedback_satisfaction_score_slope_3m,-0.527,Reduces Risk,numeric__academic_internal_marks_slope_3m,-0.496,Reduces Risk,numeric__feedback_faculty_rating_current,0.447,Increases Risk
S2766,MECH,,8.46,2.0,88.1,84.0,73.5,80.3,88.5,74.7,75.4,4.0,2.0,2.0,1.0,4.42,4.45,76.05,100.0,Green,Reliable,0.041,0,Low,0.505,1,High,4.13,Stable,30.32,Stable,30.32,Placement,Medium,Yes,Monitor student - 14d,numeric__academic_backlogs_avg_3m,-0.956,Reduces Risk,numeric__feedback_satisfaction_score_avg_3m,-0.856,Reduces Risk,numeric__skills_soft_skills_score_avg_3m,0.77,Increases Risk,numeric__placement_aptitude_score_slope_3m,0.653,Increases Risk,numeric__lms_assignment_completion_pct_avg_3m,0.563,Increases Risk,numeric__placement_aptitude_score_slope_3m,-0.692,Reduces Risk,numeric__attendance_overall_attendance_current,-0.656,Reduces Risk,numeric__placement_aptitude_score_current,0.536,Increases Risk,numeric__placement_coding_score_slope_3m,0.499,Increases Risk,numeric__skills_soft_skills_score_std_3m,0.463,Increases Risk
S2767,CIVIL,,9.09,1.0,92.4,81.0,77.7,74.0,83.7,68.6,73.3,3.0,3.0,3.0,2.0,3.84,4.01,79.91,100.0,Green,Reliable,0.417,1,Medium,0.049,0,Low,20.02,Improving,2.94,Stable,20.02,Academic,Low,Yes,No immediate intervention,numeric__engagement_club_participations_avg_3m,0.802,Increases Risk,numeric__academic_cgpa_current,0.492,Increases Risk,numeric__skills_tech_skills_score_avg_3m,0.422,Increases Risk,numeric__placement_coding_score_avg_3m,-0.417,Reduces Risk,numeric__engagement_events_attended_slope_3m,0.392,Increases Risk,numeric__attendance_overall_attendance_current,-1.23,Reduces Risk,numeric__engagement_strength,-1.093,Reduces Risk,numeric__engagement_hackathons_attended_current,0.859,Increases Risk,numeric__attendance_overall_attendance_avg_3m,0.685,Increases Risk,numeric__attendance_subject_attendance_current,-0.667,Reduces Risk
S2768,ECE,,9.67,0.0,81.8,69.1,94.3,80.0,88.6,85.3,79.0,2.0,1.0,2.0,2.0,3.56,5.0,81.74,100.0,Green,Reliable,0.108,0,Low,0.142,0,Low,5.19,Improving,8.49,Stable,8.49,Placement,Low,No,No immediate intervention,numeric__academic_warning_score,-0.934,Reduces Risk,numeric__academic_cgpa_current,0.888,Increases Risk,numeric__placement_coding_score_avg_3m,0.76,Increases Risk,numeric__attendance_overall_attendance_std_3m,-0.588,Reduces Risk,numeric__feedback_faculty_rating_avg_3m,-0.588,Reduces Risk,numeric__academic_internal_marks_avg_3m,-0.807,Reduces Risk,numeric__feedback_faculty_rating_current,-0.654,Reduces Risk,numeric__feedback_satisfaction_score_slope_3m,-0.58,Reduces Risk,numeric__placement_aptitude_score_current,0.543,Increases Risk,numeric__academic_cgpa_avg_3m,-0.509,Reduces Risk
S2769,IT,,7.15,0.0,70.0,81.6,81.3,82.4,69.5,80.8,80.6,4.0,1.0,2.0,1.0,4.51,3.59,72.72,100.0,Green,Reliable,0.654,1,High,0.03,0,Low,47.07,Declining,1.82,Stable,47.07,Academic,Medium,Yes,Monitor student - 14d,numeric__attendance_overall_attendance_std_3m,0.968,Increases Risk,numeric__placement_aptitude_score_current,0.933,Increases Risk,numeric__academic_cgpa_current,-0.831,Reduces Risk,numeric__feedback_satisfaction_score_avg_3m,-0.812,Reduces Risk,numeric__academic_warning_score,0.793,Increases Risk,numeric__academic_internal_marks_avg_3m,0.946,Increases Risk,numeric__placement_aptitude_score_current,-0.911,Reduces Risk,numeric__attendance_overall_attendance_current,0.847,Increases Risk,numeric__attendance_overall_attendance_std_3m,-0.671,Reduces Risk,numeric__attendance_subject_attendance_current,0.518,Increases Risk
S2770,IT,,7.01,1.0,54.6,51.9,81.5,57.6,69.7,82.9,58.4,1.0,0.0,1.0,1.0,2.7,4.2,58.46,100.0,Amber,Reliable,0.397,1,Medium,0.426,1,Medium,28.57,Declining,25.54,Stable,28.57,Academic,Low,Yes,No immediate intervention,numeric__lms_assignment_completion_pct_avg_3m,-2.062,Reduces Risk,numeric__academic_warning_score,1.723,Increases Risk,numeric__feedback_satisfaction_score_avg_3m,1.648,Increases Risk,numeric__skills_soft_skills_score_avg_3m,-1.095,Reduces Risk,numeric__feedback_satisfaction_score_current,-1.065,Reduces Risk,numeric__attendance_overall_attendance_current,2.989,Increases Risk,numeric__engagement_strength,2.083,Increases Risk,numeric__attendance_overall_attendance_avg_3m,-1.831,Reduces Risk,numeric__attendance_subject_attendance_avg_3m,-1.359,Reduces Risk,numeric__attendance_subject_attendance_current,1.333,Increases Risk
S2771,MECH,,8.33,0.0,81.3,73.5,86.6,83.3,93.5,81.7,82.8,3.0,1.0,2.0,1.0,4.17,4.21,79.58,100.0,Green,Reliable,0.29,0,Low,0.421,1,Medium,13.94,Improving,25.24,Stable,25.24,Placement,Low,Yes,No immediate intervention,numeric__placement_aptitude_score_slope_3m,1.22,Increases Risk,numeric__placement_aptitude_score_current,-0.939,Reduces Risk,numeric__academic_warning_score,-0.934,Reduces Risk,numeric__placement_aptitude_score_std_3m,-0.533,Reduces Risk,numeric__engagement_hackathons_attended_std_3m,0.511,Increases Risk,numeric__placement_aptitude_score_slope_3m,-1.292,Reduces Risk,numeric__placement_aptitude_score_current,0.917,Increases Risk,numeric__placement_mock_interview_score_current,-0.47,Reduces Risk,numeric__placement_coding_score_slope_3m,-0.466,Reduces Risk,numeric__attendance_overall_attendance_current,-0.451,Reduces Risk
S2772,IT,,8.63,1.0,65.3,62.3,89.3,81.2,94.0,86.1,79.6,3.0,3.0,3.0,1.0,3.62,4.36,72.85,100.0,Green,Reliable,0.229,0,Low,0.449,1,Medium,16.47,Declining,26.96,Stable,26.96,Placement,Low,Yes,No immediate intervention,numeric__academic_warning_score,1.59,Increases Risk,numeric__placement_coding_score_avg_3m,1.396,Increases Risk,numeric__skills_tech_skills_score_avg_3m,-1.313,Reduces Risk,numeric__lms_assignment_completion_pct_avg_3m,-1.0,Reduces Risk,numeric__placement_aptitude_score_current,-0.978,Reduces Risk,numeric__attendance_overall_attendance_current,1.161,Increases Risk,numeric__placement_aptitude_score_current,0.955,Increases Risk,numeric__low_lms_flag,0.914,Increases Risk,numeric__engagement_hackathons_attended_current,0.859,Increases Risk,numeric__placement_aptitude_score_slope_3m,-0.781,Reduces Risk
S2773,MECH,,7.1,0.0,95.1,100.0,66.1,80.5,57.5,69.7,81.3,4.0,2.0,2.0,0.0,4.15,3.68,80.22,100.0,Green,Reliable,0.077,0,Low,0.047,0,Low,3.69,Improving,2.84,Stable,3.69,Academic,Low,No,No immediate intervention,numeric__placement_coding_score_avg_3m,-2.105,Reduces Risk,numeric__placement_aptitude_score_current,1.869,Increases Risk,numeric__skills_tech_skills_score_avg_3m,1.739,Increases Risk,numeric__lms_assignment_completion_pct_avg_3m,1.276,Increases Risk,numeric__academic_warning_score,-0.934,Reduces Risk,numeric__attendance_overall_attendance_current,-1.976,Reduces Risk,numeric__low_aptitude_flag,-1.906,Reduces Risk,numeric__placement_aptitude_score_current,-1.825,Reduces Risk,numeric__attendance_overall_attendance_avg_3m,1.215,Increases Risk,numeric__placement_coding_score_avg_3m,1.037,Increases Risk
S2774,IT,,7.57,2.0,84.3,81.7,69.9,75.1,70.1,64.9,80.0,7.0,1.0,2.0,1.0,4.65,3.92,72.79,100.0,Green,Reliable,0.4,1,Medium,0.184,0,Low,32.01,Improving,11.03,Stable,32.01,Academic,Medium,Yes,Monitor student - 14d,numeric__engagement_events_attended_slope_3m,1.347,Increases Risk,numeric__academic_backlogs_avg_3m,-0.956,Reduces Risk,numeric__placement_aptitude_score_current,0.886,Increases Risk,numeric__lms_logins_per_week_slope_3m,-0.769,Reduces Risk,numeric__attendance_declining_flag,-0.741,Reduces Risk,numeric__engagement_strength,-2.027,Reduces Risk,numeric__engagement_events_attended_current,1.349,Increases Risk,numeric__academic_internal_marks_avg_3m,0.981,Increases Risk,numeric__placement_aptitude_score_current,-0.865,Reduces Risk,numeric__placement_coding_score_slope_3m,0.61,Increases Risk
S2775,ECE,,9.39,0.0,90.7,88.8,96.4,85.9,98.4,98.3,78.0,4.0,1.0,3.0,1.0,3.75,4.74,86.96,100.0,Green,Reliable,0.181,0,Low,0.146,0,Low,10.84,Stable,8.76,Stable,10.84,Academic,Low,No,No immediate intervention,numeric__placement_aptitude_score_current,-1.322,Reduces Risk,numeric__placement_coding_score_avg_3m,1.102,Increases Risk,numeric__skills_tech_skills_score_avg_3m,-0.957,Reduces Risk,numeric__academic_cgpa_current,0.697,Increases Risk,numeric__academic_warning_score,-0.668,Reduces Risk,numeric__placement_aptitude_score_current,1.29,Increases Risk,numeric__attendance_overall_attendance_current,-1.165,Reduces Risk,numeric__engagement_strength,-1.093,Reduces Risk,numeric__engagement_hackathons_attended_current,0.859,Increases Risk,numeric__academic_internal_marks_avg_3m,-0.796,Reduces Risk
S2776,INFORMATION TECH,,9.42,0.0,87.9,85.4,84.0,86.3,87.9,80.5,81.4,4.0,2.0,2.0,1.0,,,86.09,95.0,Green,Reliable,0.1,0,Low,0.2,0,Low,7.17,Declining,11.99,Stable,11.99,Placement,Low,No,No immediate intervention,numeric__skills_tech_skills_score_avg_3m,-0.871,Reduces Risk,numeric__academic_cgpa_current,0.717,Increases Risk,numeric__placement_coding_score_avg_3m,0.687,Increases Risk,numeric__skills_soft_skills_score_avg_3m,0.569,Increases Risk,numeric__engagement_hackathons_attended_std_3m,-0.556,Reduces Risk,numeric__attendance_overall_attendance_current,-1.143,Reduces Risk,numeric__academic_internal_marks_avg_3m,-0.745,Reduces Risk,numeric__attendance_overall_attendance_avg_3m,0.665,Increases Risk,numeric__placement_mock_interview_score_current,-0.64,Reduces Risk,numeric__attendance_subject_attendance_avg_3m,0.599,Increases Risk
S2777,CIVIL,,8.93,1.0,92.6,95.5,78.8,89.4,89.9,85.4,87.8,4.0,1.0,2.0,1.0,4.85,4.09,85.51,100.0,Green,Reliable,0.031,0,Low,0.649,1,High,1.49,Improving,38.96,Stable,38.96,Placement,Medium,Yes,Monitor student - 14d,numeric__lms_assignment_completion_pct_avg_3m,0.994,Increases Risk,numeric__skills_soft_skills_score_avg_3m,0.982,Increases Risk,numeric__feedback_satisfaction_score_avg_3m,-0.866,Reduces Risk,numeric__placement_mock_interview_score_avg_3m,-0.826,Reduces Risk,numeric__feedback_satisfaction_score_current,0.785,Increases Risk,numeric__attendance_overall_attendance_current,-1.641,Reduces Risk,numeric__attendance_overall_attendance_avg_3m,1.331,Increases Risk,numeric__attendance_subject_attendance_avg_3m,0.927,Increases Risk,numeric__placement_mock_interview_score_current,-0.817,Reduces Risk,numeric__placement_mock_interview_score_avg_3m,-0.681,Reduces Risk
S2778,ELECTRONICS & COMM,,10.0,0.0,80.1,79.9,81.0,87.4,93.0,80.0,86.3,,,,,4.4,4.18,86.17,100.0,Green,Reliable,0.374,1,Medium,0.302,1,Medium,22.44,Stable,18.1,Stable,22.44,Academic,Low,Yes,No immediate intervention,numeric__academic_cgpa_current,1.113,Increases Risk,numeric__skills_soft_skills_score_avg_3m,1.019,Increases Risk,numeric__placement_aptitude_score_current,-0.9,Reduces Risk,numeric__attendance_declining_flag,-0.741,Reduces Risk,numeric__placement_mock_interview_score_avg_3m,-0.74,Reduces Risk,numeric__academic_internal_marks_avg_3m,-1.0,Reduces Risk,numeric__placement_aptitude_score_current,0.879,Increases Risk,numeric__placement_mock_interview_score_current,-0.703,Reduces Risk,numeric__academic_cgpa_avg_3m,-0.66,Reduces Risk,numeric__academic_cgpa_current,-0.611,Reduces Risk
S2779,MECH,,9.33,0.0,98.0,90.6,84.8,83.0,89.9,88.3,84.2,4.0,2.0,3.0,2.0,4.4,4.17,88.33,100.0,Green,Reliable,0.065,0,Low,0.436,1,Medium,3.13,Improving,26.14,Stable,26.14,Placement,Low,Yes,No immediate intervention,numeric__skills_tech_skills_score_avg_3m,-0.77,Reduces Risk,numeric__attendance_declining_flag,-0.741,Reduces Risk,numeric__skills_soft_skills_score_avg_3m,0.71,Increases Risk,numeric__placement_coding_score_avg_3m,0.662,Increases Risk,numeric__placement_aptitude_score_current,-0.659,Reduces Risk,numeric__engagement_strength,-1.653,Reduces Risk,numeric__attendance_overall_attendance_current,-1.587,Reduces Risk,numeric__attendance_overall_attendance_avg_3m,1.301,Increases Risk,numeric__attendance_subject_attendance_avg_3m,1.057,Increases Risk,numeric__attendance_subject_attendance_current,-0.963,Reduces Risk
S2780,ECE,,8.84,0.0,89.1,80.1,78.2,72.6,78.3,72.2,70.5,4.0,1.0,1.0,3.0,4.07,4.04,79.75,100.0,Green,Reliable,0.517,1,Medium,0.125,0,Low,24.81,Improving,7.5,Stable,24.81,Academic,Low,Yes,No immediate intervention,numeric__placement_coding_score_avg_3m,-0.784,Reduces Risk,numeric__placement_coding_score_slope_3m,0.723,Increases Risk,numeric__engagement_events_attended_slope_3m,0.71,Increases Risk,numeric__engagement_hackathons_attended_std_3m,0.676,Increases Risk,numeric__academic_warning_score,-0.668,Reduces Risk,numeric__engagement_hackathons_attended_current,-1.05,Reduces Risk,numeric__attendance_overall_attendance_current,-0.97,Reduces Risk,numeric__engagement_certifications_count_current,0.937,Increases Risk,numeric__engagement_strength,-0.719,Reduces Risk,numeric__placement_coding_score_slope_3m,-0.666,Reduces Risk
S2781,CSE,,7.26,1.0,70.7,77.2,84.7,82.7,80.3,88.6,73.6,3.0,1.0,2.0,2.0,4.05,3.9,74.51,100.0,Green,Reliable,0.035,0,Low,0.318,1,Medium,2.49,Declining,19.06,Stable,19.06,Placement,Low,Yes,No immediate intervention,numeric__academic_warning_score,0.926,Increases Risk,numeric__academic_cgpa_current,-0.756,Reduces Risk,numeric__attendance_declining_flag,-0.741,Reduces Risk,numeric__academic_backlogs_avg_3m,-0.542,Reduces Risk,numeric__academic_cgpa_std_3m,-0.492,Reduces Risk,numeric__academic_internal_marks_avg_3m,0.663,Increases Risk,numeric__attendance_overall_attendance_current,0.555,Increases Risk,numeric__low_attendance_flag,-0.492,Reduces Risk,numeric__attendance_subject_attendance_current,0.481,Increases Risk,numeric__placement_mock_interview_score_current,-0.436,Reduces Risk
S2782,INFORMATION TECH,,6.96,2.0,68.6,74.3,91.4,80.4,74.3,90.8,82.4,3.0,2.0,2.0,1.0,4.02,3.96,69.86,100.0,Amber,Reliable,0.046,0,Low,0.399,1,Medium,5.5,Declining,23.92,Stable,23.92,Placement,Low,Yes,No immediate intervention,numeric__academic_warning_score,1.191,Increases Risk,numeric__academic_cgpa_current,-0.961,Reduces Risk,numeric__placement_coding_score_avg_3m,0.945,Increases Risk,numeric__skills_tech_skills_score_avg_3m,-0.939,Reduces Risk,numeric__academic_backlogs_slope_3m,0.781,Increases Risk,numeric__attendance_overall_attendance_current,1.074,Increases Risk,numeric__academic_internal_marks_avg_3m,1.022,Increases Risk,numeric__attendance_subject_attendance_current,0.592,Increases Risk,numeric__placement_aptitude_score_current,-0.545,Reduces Risk,numeric__academic_cgpa_avg_3m,0.528,Increases Risk
S2783,CIVIL,,6.96,2.0,78.3,92.5,57.5,63.8,57.5,61.2,65.0,3.0,1.0,1.0,0.0,4.02,3.39,69.3,100.0,Amber,Reliable,0.082,0,Low,0.708,1,High,6.57,Improving,42.5,Stable,42.5,Placement,Medium,Yes,Monitor student - 14d,numeric__placement_coding_score_avg_3m,-2.149,Reduces Risk,numeric__placement_aptitude_score_current,1.869,Increases Risk,numeric__skills_tech_skills_score_avg_3m,1.797,Increases Risk,numeric__academic_cgpa_current,-0.961,Reduces Risk,numeric__academic_backlogs_avg_3m,-0.956,Reduces Risk,numeric__low_aptitude_flag,-1.906,Reduces Risk,numeric__placement_aptitude_score_current,-1.825,Reduces Risk,numeric__engagement_strength,1.522,Increases Risk,numeric__low_coding_flag,1.487,Increases Risk,numeric__placement_coding_score_avg_3m,1.059,Increases Risk
S2784,ECE,,8.37,0.0,63.5,75.9,77.8,74.4,77.7,86.1,73.9,2.0,1.0,2.0,2.0,3.98,4.31,74.34,100.0,Green,Reliable,0.103,0,Low,0.617,1,High,7.42,Declining,37.04,Stable,37.04,Placement,Medium,Yes,Monitor student - 14d,numeric__placement_coding_score_avg_3m,-0.58,Reduces Risk,numeric__engagement_hackathons_attended_std_3m,-0.556,Reduces Risk,numeric__feedback_satisfaction_score_avg_3m,0.515,Increases Risk,numeric__lms_assignment_completion_pct_avg_3m,-0.502,Reduces Risk,numeric__low_attendance_flag,-0.423,Reduces Risk,numeric__low_lms_flag,0.914,Increases Risk,numeric__attendance_subject_attendance_current,0.862,Increases Risk,numeric__attendance_overall_attendance_current,0.663,Increases Risk,numeric__attendance_subject_attendance_avg_3m,-0.599,Reduces Risk,numeric__low_attendance_flag,-0.492,Reduces Risk
S2785,ECE,,9.19,1.0,86.0,89.5,94.5,83.0,98.5,99.7,77.7,3.0,1.0,2.0,1.0,4.53,4.13,82.66,100.0,Green,Reliable,0.117,0,Low,0.525,1,High,5.64,Improving,31.48,Stable,31.48,Placement,Medium,Yes,Monitor student - 14d,numeric__placement_aptitude_score_current,-1.329,Reduces Risk,numeric__skills_tech_skills_score_avg_3m,-0.908,Reduces Risk,numeric__placement_coding_score_slope_3m,0.748,Increases Risk,numeric__placement_aptitude_score_slope_3m,0.593,Increases Risk,numeric__feedback_satisfaction_score_avg_3m,-0.579,Reduces Risk,numeric__placement_aptitude_score_current,1.297,Increases Risk,numeric__attendance_overall_attendance_current,-0.905,Reduces Risk,numeric__placement_coding_score_slope_3m,-0.689,Reduces Risk,numeric__placement_aptitude_score_slope_3m,-0.628,Reduces Risk,numeric__placement_readiness_score,0.484,Increases Risk
S2786,ECE,,9.26,0.0,77.0,75.5,89.4,70.2,83.0,86.8,72.6,4.0,2.0,2.0,3.0,3.49,4.66,81.31,100.0,Green,Reliable,0.539,1,Medium,0.233,1,Medium,38.79,Declining,13.97,Stable,38.79,Academic,Medium,Yes,Monitor student - 14d,numeric__attendance_overall_attendance_std_3m,0.805,Increases Risk,numeric__attendance_declining_flag,-0.741,Reduces Risk,numeric__placement_coding_score_avg_3m,0.697,Increases Risk,numeric__academic_cgpa_current,0.608,Increases Risk,numeric__skills_tech_skills_score_avg_3m,-0.57,Reduces Risk,numeric__engagement_strength,-1.466,Reduces Risk,numeric__engagement_certifications_count_current,0.937,Increases Risk,numeric__attendance_overall_attendance_slope_3m,-0.698,Reduces Risk,numeric__attendance_overall_attendance_std_3m,-0.559,Reduces Risk,numeric__academic_internal_marks_avg_3m,-0.54,Reduces Risk
S2787,CSE,,9.06,0.0,56.5,64.1,86.5,62.0,79.0,82.0,65.9,1.0,0.0,2.0,2.0,2.96,5.0,71.91,100.0,Green,Reliable,0.397,1,Medium,0.021,0,Low,19.05,Improving,1.27,Stable,19.05,Academic,Low,Yes,No immediate intervention,numeric__feedback_satisfaction_score_avg_3m,1.191,Increases Risk,numeric__skills_soft_skills_score_avg_3m,-1.113,Reduces Risk,numeric__lms_assignment_completion_pct_avg_3m,-1.094,Reduces Risk,numeric__feedback_satisfaction_score_current,-0.841,Reduces Risk,numeric__placement_mock_interview_score_avg_3m,0.728,Increases Risk,numeric__attendance_overall_attendance_current,2.383,Increases Risk,numeric__attendance_overall_attendance_avg_3m,-1.975,Reduces Risk,numeric__attendance_subject_attendance_avg_3m,-1.802,Reduces Risk,numeric__attendance_subject_attendance_current,1.233,Increases Risk,numeric__critical_attendance_flag,-0.998,Reduces Risk
S2788,MECHANICAL ENGINEERING,,7.73,0.0,99.3,95.7,57.1,77.8,74.1,60.8,80.6,,,,,,,82.71,95.0,Green,Reliable,0.069,0,Low,0.81,1,High,4.15,Stable,48.61,Stable,48.61,Placement,Medium,Yes,Monitor student - 14d,numeric__placement_coding_score_avg_3m,-1.832,Reduces Risk,numeric__skills_tech_skills_score_avg_3m,1.383,Increases Risk,numeric__lms_assignment_completion_pct_avg_3m,1.321,Increases Risk,numeric__attendance_declining_flag,-0.741,Reduces Risk,numeric__placement_coding_score_current,0.723,Increases Risk,numeric__attendance_overall_attendance_current,-1.781,Reduces Risk,numeric__low_coding_flag,1.487,Increases Risk,numeric__attendance_overall_attendance_avg_3m,1.392,Increases Risk,numeric__attendance_subject_attendance_avg_3m,1.094,Increases Risk,numeric__attendance_subject_attendance_current,-1.032,Reduces Risk
S2789,CIVIL,,6.78,0.0,65.4,70.1,57.8,64.4,69.3,58.1,66.0,2.0,1.0,1.0,1.0,3.51,3.7,65.08,100.0,Amber,Reliable,0.26,0,Low,0.842,1,High,18.72,Declining,50.51,Stable,50.51,Placement,Medium,Yes,Monitor student - 14d,numeric__placement_coding_score_avg_3m,-1.656,Reduces Risk,numeric__skills_tech_skills_score_avg_3m,1.53,Increases Risk,numeric__academic_cgpa_current,-1.084,Reduces Risk,numeric__placement_aptitude_score_current,0.948,Increases Risk,numeric__lms_assignment_completion_pct_avg_3m,-0.85,Reduces Risk,numeric__engagement_strength,1.522,Increases Risk,numeric__low_coding_flag,1.487,Increases Risk,numeric__attendance_overall_attendance_current,1.42,Increases Risk,numeric__engagement_hackathons_attended_current,-1.05,Reduces Risk,numeric__attendance_subject_attendance_avg_3m,-0.999,Reduces Risk
S2790,ELECTRONICS & COMM,,9.55,1.0,73.8,92.4,83.8,85.6,96.2,84.6,82.2,2.0,1.0,2.0,1.0,3.88,4.61,81.01,100.0,Green,Reliable,0.024,0,Low,0.078,0,Low,1.13,Improving,4.68,Stable,4.68,Placement,Low,No,No immediate intervention,numeric__placement_aptitude_score_current,-1.15,Reduces Risk,numeric__academic_cgpa_current,0.806,Increases Risk,numeric__attendance_declining_flag,-0.741,Reduces Risk,numeric__engagement_hackathons_attended_std_3m,-0.556,Reduces Risk,numeric__lms_assignment_completion_pct_avg_3m,0.546,Increases Risk,numeric__placement_aptitude_score_current,1.122,Increases Risk,numeric__engagement_strength,0.775,Increases Risk,numeric__feedback_satisfaction_score_slope_3m,-0.754,Reduces Risk,numeric__academic_internal_marks_avg_3m,-0.685,Reduces Risk,numeric__placement_mock_interview_score_current,-0.601,Reduces Risk
S2791,MECH,,9.21,0.0,88.8,95.7,70.1,88.3,85.4,67.4,82.1,3.0,2.0,4.0,1.0,4.74,4.67,85.19,100.0,Green,Reliable,0.048,0,Low,0.156,0,Low,2.3,Improving,9.38,Stable,9.38,Placement,Low,No,No immediate intervention,numeric__lms_assignment_completion_pct_avg_3m,1.153,Increases Risk,numeric__placement_mock_interview_score_avg_3m,-0.967,Reduces Risk,numeric__feedback_satisfaction_score_avg_3m,-0.895,Reduces Risk,numeric__skills_soft_skills_score_avg_3m,0.859,Increases Risk,numeric__attendance_declining_flag,-0.741,Reduces Risk,numeric__engagement_hackathons_attended_current,1.814,Increases Risk,numeric__attendance_overall_attendance_current,-1.522,Reduces Risk,numeric__attendance_overall_attendance_avg_3m,1.314,Increases Risk,numeric__engagement_strength,-1.279,Reduces Risk,numeric__attendance_subject_attendance_avg_3m,0.958,Increases Risk
S2792,CIVIL,,8.15,1.0,74.2,64.7,83.3,84.4,80.6,71.5,73.8,2.0,2.0,3.0,2.0,4.04,4.03,72.92,100.0,Green,Reliable,0.556,1,Medium,0.251,1,Medium,40.04,Declining,15.06,Stable,40.04,Academic,Medium,Yes,Monitor student - 14d,numeric__lms_assignment_completion_pct_avg_3m,-1.085,Reduces Risk,numeric__academic_backlogs_slope_3m,0.781,Increases Risk,numeric__lms_assignment_completion_pct_current,0.519,Increases Risk,numeric__cgpa_declining_flag,0.487,Increases Risk,numeric__academic_cgpa_std_3m,-0.449,Reduces Risk,numeric__engagement_hackathons_attended_current,0.859,Increases Risk,numeric__academic_internal_marks_slope_3m,0.54,Increases Risk,numeric__engagement_strength,-0.532,Reduces Risk,numeric__placement_mock_interview_score_current,-0.532,Reduces Risk,numeric__lms_logins_per_week_avg_3m,-0.531,Reduces Risk
S2793,CSE,,8.23,0.0,80.3,69.5,92.6,68.1,73.7,88.3,74.6,1.0,0.0,1.0,2.0,3.77,3.32,74.86,100.0,Green,Reliable,0.59,1,Medium,0.617,1,High,28.34,Improving,37.03,Stable,37.03,Placement,Medium,Yes,Monitor student - 14d,numeric__academic_warning_score,-0.934,Reduces Risk,numeric__lms_assignment_completion_pct_avg_3m,-0.914,Reduces Risk,numeric__placement_coding_score_slope_3m,0.91,Increases Risk,numeric__feedback_faculty_rating_avg_3m,0.827,Increases Risk,numeric__feedback_satisfaction_score_avg_3m,0.676,Increases Risk,numeric__engagement_strength,1.522,Increases Risk,numeric__feedback_satisfaction_score_slope_3m,1.111,Increases Risk,numeric__engagement_hackathons_attended_current,-1.05,Reduces Risk,numeric__placement_coding_score_slope_3m,-0.839,Reduces Risk,numeric__feedback_faculty_rating_current,0.706,Increases Risk
S2794,ECE,,9.05,0.0,81.5,78.7,73.2,71.1,85.2,68.4,77.6,3.0,0.0,4.0,1.0,3.4,4.4,78.33,100.0,Green,Reliable,0.799,1,High,0.395,1,Medium,47.93,Stable,23.72,Stable,47.93,Academic,Medium,Yes,Monitor student - 14d,numeric__engagement_events_attended_slope_3m,0.71,Increases Risk,numeric__engagement_hackathons_attended_current,0.678,Increases Risk,numeric__engagement_hackathons_attended_std_3m,0.676,Increases Risk,numeric__academic_warning_score,-0.668,Reduces Risk,numeric__feedback_faculty_rating_avg_3m,-0.555,Reduces Risk,numeric__engagement_hackathons_attended_current,1.814,Increases Risk,numeric__engagement_strength,-1.279,Reduces Risk,numeric__attendance_overall_attendance_avg_3m,-0.664,Reduces Risk,numeric__academic_internal_marks_avg_3m,-0.584,Reduces Risk,numeric__feedback_satisfaction_score_slope_3m,-0.545,Reduces Risk
S2795,CIVIL,,9.0,0.0,65.0,61.6,88.7,65.0,81.7,82.4,72.1,1.0,1.0,3.0,2.0,,4.63,72.82,100.0,Green,Reliable,0.415,1,Medium,0.028,0,Low,19.93,Improving,1.66,Stable,19.93,Academic,Low,Yes,No immediate intervention,numeric__feedback_satisfaction_score_avg_3m,1.347,Increases Risk,numeric__lms_assignment_completion_pct_avg_3m,-1.078,Reduces Risk,numeric__attendance_declining_flag,-0.741,Reduces Risk,numeric__feedback_satisfaction_score_missing,-0.713,Reduces Risk,numeric__lms_assignment_completion_pct_current,0.626,Increases Risk,numeric__attendance_overall_attendance_current,2.459,Increases Risk,numeric__attendance_overall_attendance_avg_3m,-1.381,Reduces Risk,numeric__critical_attendance_flag,-0.998,Reduces Risk,numeric__attendance_subject_attendance_avg_3m,-0.932,Reduces Risk,numeric__engagement_hackathons_attended_current,0.859,Increases Risk
S2796,INFORMATION TECH,,8.36,0.0,77.6,95.3,85.9,78.3,80.8,83.4,81.1,4.0,1.0,2.0,1.0,4.5,4.23,82.36,100.0,Green,Reliable,0.026,0,Low,0.406,1,Medium,1.54,Stable,24.38,Stable,24.38,Placement,Low,Yes,No immediate intervention,numeric__placement_coding_score_avg_3m,0.979,Increases Risk,numeric__skills_tech_skills_score_avg_3m,-0.837,Reduces Risk,numeric__feedback_satisfaction_score_avg_3m,-0.802,Reduces Risk,numeric__attendance_declining_flag,-0.741,Reduces Risk,numeric__lms_assignment_completion_pct_avg_3m,0.667,Increases Risk,numeric__placement_coding_score_slope_3m,0.564,Increases Risk,numeric__placement_coding_score_avg_3m,-0.482,Reduces Risk,numeric__lms_assignment_completion_pct_current,0.472,Increases Risk,numeric__lms_logins_per_week_avg_3m,0.439,Increases Risk,numeric__feedback_satisfaction_score_slope_3m,-0.423,Reduces Risk
S2797,ME,,9.66,0.0,85.7,82.7,89.3,83.3,97.6,86.6,81.2,4.0,1.0,3.0,1.0,3.85,5.0,85.47,100.0,Green,Reliable,0.357,1,Medium,0.198,0,Low,21.41,Stable,11.86,Stable,21.41,Academic,Low,Yes,No immediate intervention,numeric__placement_aptitude_score_current,-1.259,Reduces Risk,numeric__placement_coding_score_avg_3m,1.214,Increases Risk,numeric__skills_tech_skills_score_avg_3m,-1.059,Reduces Risk,numeric__academic_cgpa_current,0.881,Increases Risk,numeric__feedback_faculty_rating_avg_3m,-0.801,Reduces Risk,numeric__placement_aptitude_score_current,1.229,Increases Risk,numeric__engagement_strength,-1.093,Reduces Risk,numeric__engagement_hackathons_attended_current,0.859,Increases Risk,numeric__attendance_overall_attendance_current,-0.721,Reduces Risk,numeric__feedback_faculty_rating_current,-0.654,Reduces Risk
S2798,CSE,,8.64,1.0,94.7,85.6,87.6,87.3,84.1,89.5,82.1,4.0,1.0,2.0,2.0,4.37,4.09,84.66,100.0,Green,Reliable,0.009,0,Low,0.273,1,Medium,0.43,Improving,16.4,Stable,16.4,Placement,Low,Yes,No immediate intervention,numeric__lms_logins_per_week_slope_3m,1.271,Increases Risk,numeric__feedback_satisfaction_score_avg_3m,-0.992,Reduces Risk,numeric__placement_coding_score_avg_3m,0.816,Increases Risk,numeric__placement_mock_interview_score_avg_3m,-0.806,Reduces Risk,numeric__skills_tech_skills_score_avg_3m,-0.791,Reduces Risk,numeric__attendance_overall_attendance_current,-1.749,Reduces Risk,numeric__attendance_overall_attendance_avg_3m,1.407,Increases Risk,numeric__attendance_subject_attendance_avg_3m,1.009,Increases Risk,numeric__engagement_strength,-0.906,Reduces Risk,numeric__attendance_subject_attendance_current,-0.789,Reduces Risk
S2799,ECE,,6.64,0.0,74.1,74.4,74.4,67.0,72.4,74.8,70.5,3.0,2.0,2.0,3.0,3.96,4.27,70.9,100.0,Green,Reliable,0.11,0,Low,0.353,1,Medium,7.93,Declining,21.19,Stable,21.19,Placement,Low,Yes,No immediate intervention,numeric__academic_cgpa_current,-1.179,Reduces Risk,numeric__placement_coding_score_avg_3m,-0.985,Reduces Risk,numeric__attendance_declining_flag,-0.741,Reduces Risk,numeric__placement_aptitude_score_current,0.707,Increases Risk,numeric__placement_aptitude_score_slope_3m,0.693,Increases Risk,numeric__academic_internal_marks_avg_3m,1.08,Increases Risk,numeric__engagement_certifications_count_current,0.937,Increases Risk,numeric__engagement_strength,-0.906,Reduces Risk,numeric__placement_aptitude_score_slope_3m,-0.735,Reduces Risk,numeric__placement_aptitude_score_current,-0.69,Reduces Risk
S2800,CSE,,8.96,0.0,91.3,92.5,93.2,91.6,91.4,84.6,92.2,,,,,,,89.22,95.0,Green,Reliable,0.224,0,Low,0.11,0,Low,10.74,Improving,6.62,Stable,10.74,Academic,Low,No,No immediate intervention,numeric__placement_coding_score_avg_3m,1.236,Increases Risk,numeric__placement_mock_interview_score_avg_3m,-0.969,Reduces Risk,numeric__lms_assignment_completion_pct_avg_3m,0.94,Increases Risk,numeric__academic_warning_score,-0.934,Reduces Risk,numeric__skills_soft_skills_score_avg_3m,0.81,Increases Risk,numeric__attendance_overall_attendance_current,-1.154,Reduces Risk,numeric__placement_mock_interview_score_current,-0.942,Reduces Risk,numeric__skills_soft_skills_score_std_3m,0.805,Increases Risk,numeric__placement_mock_interview_score_avg_3m,-0.799,Reduces Risk,numeric__placement_aptitude_score_current,0.757,Increases Risk
