student_id,academic_factor_1,academic_shap_1,academic_direction_1,academic_factor_2,academic_shap_2,academic_direction_2,academic_factor_3,academic_shap_3,academic_direction_3,academic_factor_4,academic_shap_4,academic_direction_4,academic_factor_5,academic_shap_5,academic_direction_5,placement_factor_1,placement_shap_1,placement_direction_1,placement_factor_2,placement_shap_2,placement_direction_2,placement_factor_3,placement_shap_3,placement_direction_3,placement_factor_4,placement_shap_4,placement_direction_4,placement_factor_5,placement_shap_5,placement_direction_5
S2001,numeric__lms_assignment_completion_pct_avg_3m,-1.630199,Reduces Risk,numeric__academic_warning_score,1.457094,Increases Risk,numeric__feedback_satisfaction_score_avg_3m,1.453872,Increases Risk,numeric__placement_coding_score_avg_3m,1.236425,Increases Risk,numeric__skills_tech_skills_score_avg_3m,-1.126144,Reduces Risk,numeric__attendance_overall_attendance_current,3.21574,Increases Risk,numeric__attendance_overall_attendance_avg_3m,-1.777693,Reduces Risk,numeric__attendance_subject_attendance_current,1.597631,Increases Risk,numeric__attendance_subject_attendance_avg_3m,-1.317743,Reduces Risk,numeric__placement_aptitude_score_current,1.076499,Increases Risk
S2002,numeric__academic_warning_score,1.191444,Increases Risk,numeric__skills_soft_skills_score_avg_3m,1.068822,Increases Risk,numeric__placement_mock_interview_score_avg_3m,-0.804111,Reduces Risk,numeric__attendance_overall_attendance_std_3m,0.795217,Increases Risk,numeric__feedback_satisfaction_score_avg_3m,-0.768378,Reduces Risk,numeric__academic_subject_score_avg_slope_3m,0.945717,Increases Risk,numeric__academic_internal_marks_slope_3m,-0.86993,Reduces Risk,numeric__placement_mock_interview_score_current,-0.845359,Reduces Risk,numeric__placement_mock_interview_score_avg_3m,-0.662961,Reduces Risk,numeric__attendance_overall_attendance_current,0.630688,Increases Risk
S2003,numeric__feedback_satisfaction_score_avg_3m,0.777958,Increases Risk,numeric__lms_logins_per_week_slope_3m,-0.768587,Reduces Risk,numeric__engagement_events_attended_slope_3m,-0.56355,Reduces Risk,numeric__placement_aptitude_score_slope_3m,0.552743,Increases Risk,numeric__feedback_satisfaction_score_current,-0.548607,Reduces Risk,numeric__low_lms_flag,0.913609,Increases Risk,numeric__attendance_overall_attendance_current,-0.65643,Reduces Risk,numeric__skills_soft_skills_score_std_3m,-0.648749,Reduces Risk,numeric__placement_aptitude_score_slope_3m,-0.585541,Reduces Risk,numeric__feedback_satisfaction_score_current,0.466903,Increases Risk
S2004,numeric__skills_soft_skills_score_avg_3m,0.843564,Increases Risk,numeric__lms_assignment_completion_pct_avg_3m,0.633736,Increases Risk,numeric__attendance_overall_attendance_std_3m,-0.596143,Reduces Risk,numeric__engagement_hackathons_attended_std_3m,-0.55575,Reduces Risk,numeric__academic_warning_score,-0.535286,Reduces Risk,numeric__attendance_overall_attendance_current,-0.85112,Reduces Risk,numeric__attendance_subject_attendance_current,-0.667011,Reduces Risk,numeric__attendance_subject_attendance_avg_3m,0.621128,Increases Risk,numeric__attendance_overall_attendance_avg_3m,0.591352,Increases Risk,categorical__department_CSE,-0.416441,Reduces Risk
S2005,numeric__attendance_declining_flag,-0.74125,Reduces Risk,numeric__academic_cgpa_current,0.594415,Increases Risk,numeric__academic_warning_score,-0.535286,Reduces Risk,numeric__placement_coding_score_avg_3m,0.489776,Increases Risk,numeric__lms_assignment_completion_pct_avg_3m,-0.482823,Reduces Risk,numeric__attendance_overall_attendance_current,-0.937649,Reduces Risk,numeric__engagement_strength,0.775128,Increases Risk,numeric__engagement_events_attended_current,-0.630014,Reduces Risk,numeric__attendance_overall_attendance_avg_3m,0.614083,Increases Risk,numeric__attendance_subject_attendance_avg_3m,0.510786,Increases Risk
S2006,numeric__placement_aptitude_score_current,-1.267057,Reduces Risk,numeric__placement_coding_score_avg_3m,1.123486,Increases Risk,numeric__lms_assignment_completion_pct_avg_3m,1.122082,Increases Risk,numeric__academic_cgpa_current,1.112899,Increases Risk,numeric__skills_tech_skills_score_avg_3m,-1.034013,Reduces Risk,numeric__engagement_strength,-2.400094,Reduces Risk,numeric__engagement_hackathons_attended_current,1.813675,Increases Risk,numeric__placement_aptitude_score_current,1.236409,Increases Risk,numeric__academic_internal_marks_avg_3m,-0.860074,Reduces Risk,numeric__placement_mock_interview_score_current,-0.805516,Reduces Risk
S2007,numeric__engagement_hackathons_attended_std_3m,1.291942,Increases Risk,numeric__placement_coding_score_avg_3m,1.261522,Increases Risk,numeric__skills_tech_skills_score_avg_3m,-0.877391,Reduces Risk,numeric__skills_soft_skills_score_avg_3m,0.814752,Increases Risk,numeric__placement_mock_interview_score_avg_3m,-0.613545,Reduces Risk,numeric__feedback_satisfaction_score_slope_3m,0.631884,Increases Risk,numeric__placement_coding_score_avg_3m,-0.621602,Reduces Risk,numeric__placement_aptitude_score_current,0.513006,Increases Risk,numeric__placement_mock_interview_score_avg_3m,-0.505846,Reduces Risk,numeric__skills_soft_skills_score_current,0.488865,Increases Risk
S2008,numeric__feedback_satisfaction_score_avg_3m,-0.894808,Reduces Risk,numeric__placement_aptitude_score_current,-0.892627,Reduces Risk,numeric__engagement_hackathons_attended_current,0.677675,Increases Risk,numeric__skills_soft_skills_score_avg_3m,0.594733,Increases Risk,numeric__academic_warning_score,-0.535286,Reduces Risk,numeric__attendance_overall_attendance_current,-1.965181,Reduces Risk,numeric__engagement_hackathons_attended_current,1.813675,Increases Risk,numeric__attendance_overall_attendance_avg_3m,1.407132,Increases Risk,numeric__engagement_strength,-1.279427,Reduces Risk,numeric__attendance_subject_attendance_avg_3m,0.963978,Increases Risk
S2009,numeric__placement_coding_score_avg_3m,-2.299176,Reduces Risk,numeric__skills_tech_skills_score_avg_3m,1.825109,Increases Risk,numeric__skills_soft_skills_score_avg_3m,-1.16804,Reduces Risk,numeric__attendance_overall_attendance_std_3m,0.873407,Increases Risk,numeric__placement_mock_interview_score_avg_3m,0.788477,Increases Risk,numeric__engagement_strength,2.082572,Increases Risk,numeric__low_coding_flag,1.487088,Increases Risk,numeric__placement_coding_score_avg_3m,1.132894,Increases Risk,numeric__placement_mock_interview_score_current,1.106959,Increases Risk,numeric__engagement_hackathons_attended_current,-1.050022,Reduces Risk
S2010,numeric__placement_coding_score_avg_3m,1.18623,Increases Risk,numeric__skills_tech_skills_score_avg_3m,-0.87432,Reduces Risk,numeric__placement_aptitude_score_current,-0.760016,Reduces Risk,numeric__academic_warning_score,-0.668112,Reduces Risk,numeric__academic_cgpa_current,0.560304,Increases Risk,numeric__engagement_hackathons_attended_current,0.859109,Increases Risk,numeric__placement_aptitude_score_current,0.741449,Increases Risk,numeric__placement_coding_score_avg_3m,-0.584502,Reduces Risk,numeric__lms_assignment_completion_pct_std_3m,-0.573161,Reduces Risk,numeric__engagement_strength,-0.532317,Reduces Risk
S2011,numeric__feedback_satisfaction_score_avg_3m,1.799123,Increases Risk,numeric__feedback_satisfaction_score_current,-1.434706,Reduces Risk,numeric__lms_assignment_completion_pct_avg_3m,-1.348096,Reduces Risk,numeric__placement_aptitude_score_current,-1.196851,Reduces Risk,numeric__engagement_events_attended_slope_3m,1.0284,Increases Risk,numeric__attendance_overall_attendance_current,1.7123,Increases Risk,numeric__feedback_satisfaction_score_current,1.219736,Increases Risk,numeric__placement_aptitude_score_current,1.167876,Increases Risk,numeric__attendance_subject_attendance_current,1.089674,Increases Risk,numeric__attendance_overall_attendance_avg_3m,-1.007375,Reduces Risk
S2012,numeric__placement_aptitude_score_current,-1.103244,Reduces Risk,numeric__skills_tech_skills_score_avg_3m,-0.969522,Reduces Risk,numeric__placement_coding_score_avg_3m,0.954079,Increases Risk,numeric__skills_soft_skills_score_avg_3m,0.93,Increases Risk,numeric__placement_mock_interview_score_avg_3m,-0.91884,Reduces Risk,numeric__placement_mock_interview_score_current,-1.11857,Reduces Risk,numeric__placement_aptitude_score_current,1.076499,Increases Risk,numeric__academic_internal_marks_avg_3m,-0.956727,Reduces Risk,numeric__placement_mock_interview_score_avg_3m,-0.75755,Reduces Risk,numeric__skills_soft_skills_score_current,0.723592,Increases Risk
S2013,numeric__skills_soft_skills_score_avg_3m,1.254791,Increases Risk,numeric__placement_coding_score_avg_3m,1.16427,Increases Risk,numeric__feedback_satisfaction_score_avg_3m,-1.06014,Reduces Risk,numeric__skills_tech_skills_score_avg_3m,-0.926527,Reduces Risk,numeric__placement_mock_interview_score_avg_3m,-0.895505,Reduces Risk,numeric__placement_mock_interview_score_current,-0.828284,Reduces Risk,numeric__placement_aptitude_score_current,0.809982,Increases Risk,numeric__placement_mock_interview_score_avg_3m,-0.738312,Reduces Risk,numeric__attendance_overall_attendance_slope_3m,-0.593341,Reduces Risk,numeric__placement_coding_score_avg_3m,-0.573682,Reduces Risk
S2014,numeric__placement_aptitude_score_current,0.831314,Increases Risk,numeric__skills_soft_skills_score_avg_3m,-0.754195,Reduces Risk,numeric__feedback_faculty_rating_avg_3m,0.535618,Increases Risk,numeric__academic_warning_score,-0.535286,Reduces Risk,numeric__feedback_faculty_rating_current,0.51786,Increases Risk,numeric__placement_aptitude_score_current,-0.811962,Reduces Risk,numeric__feedback_faculty_rating_current,0.641263,Increases Risk,numeric__skills_soft_skills_score_std_3m,0.630564,Increases Risk,numeric__feedback_satisfaction_score_slope_3m,-0.579591,Reduces Risk,numeric__academic_internal_marks_avg_3m,0.440139,Increases Risk
S2015,numeric__skills_tech_skills_score_avg_3m,-0.880462,Reduces Risk,numeric__placement_coding_score_avg_3m,0.794083,Increases Risk,numeric__skills_soft_skills_score_avg_3m,-0.654662,Reduces Risk,numeric__placement_aptitude_score_current,0.628497,Increases Risk,numeric__engagement_events_attended_slope_3m,-0.56355,Reduces Risk,numeric__skills_soft_skills_score_std_3m,0.902881,Increases Risk,numeric__engagement_strength,0.775128,Increases Risk,numeric__placement_mock_interview_score_current,0.771137,Increases Risk,numeric__skills_soft_skills_score_current,-0.770463,Reduces Risk,numeric__placement_aptitude_score_current,-0.613978,Reduces Risk
S2016,numeric__placement_coding_score_avg_3m,-1.295278,Reduces Risk,numeric__skills_tech_skills_score_avg_3m,0.95908,Increases Risk,numeric__academic_cgpa_current,-0.770018,Reduces Risk,numeric__attendance_declining_flag,-0.74125,Reduces Risk,numeric__placement_aptitude_score_current,0.698703,Increases Risk,numeric__engagement_hackathons_attended_current,-1.050022,Reduces Risk,numeric__lms_assignment_completion_pct_std_3m,-0.687097,Reduces Risk,numeric__placement_aptitude_score_current,-0.682511,Reduces Risk,numeric__placement_coding_score_avg_3m,0.638235,Increases Risk,numeric__skills_soft_skills_score_std_3m,0.558007,Increases Risk
S2017,numeric__feedback_satisfaction_score_avg_3m,1.34203,Increases Risk,numeric__lms_assignment_completion_pct_avg_3m,-1.037546,Reduces Risk,numeric__lms_logins_per_week_slope_3m,-0.896047,Reduces Risk,numeric__feedback_satisfaction_score_current,-0.875517,Reduces Risk,numeric__attendance_declining_flag,-0.74125,Reduces Risk,numeric__attendance_overall_attendance_current,0.976804,Increases Risk,numeric__low_lms_flag,0.913609,Increases Risk,numeric__engagement_hackathons_attended_current,0.859109,Increases Risk,numeric__feedback_satisfaction_score_current,0.744647,Increases Risk,numeric__placement_aptitude_score_current,0.634843,Increases Risk
S2018,numeric__placement_coding_score_avg_3m,-0.990972,Reduces Risk,numeric__skills_tech_skills_score_avg_3m,0.827026,Increases Risk,numeric__placement_aptitude_score_current,0.78451,Increases Risk,numeric__lms_assignment_completion_pct_avg_3m,0.76412,Increases Risk,numeric__engagement_events_attended_slope_3m,0.71001,Increases Risk,numeric__engagement_strength,-2.026538,Reduces Risk,numeric__attendance_overall_attendance_current,-1.510904,Reduces Risk,numeric__attendance_overall_attendance_avg_3m,1.040915,Increases Risk,numeric__engagement_events_attended_current,1.019238,Increases Risk,numeric__attendance_subject_attendance_current,-0.841622,Reduces Risk
S2019,categorical__department_INFO TECH,0.662052,Increases Risk,numeric__lms_logins_per_week_slope_3m,0.633479,Increases Risk,numeric__placement_coding_score_avg_3m,0.590166,Increases Risk,numeric__academic_warning_score,-0.535286,Reduces Risk,numeric__engagement_hackathons_attended_std_3m,0.511015,Increases Risk,numeric__attendance_overall_attendance_current,-0.688879,Reduces Risk,numeric__skills_soft_skills_score_std_3m,-0.663117,Reduces Risk,numeric__feedback_satisfaction_score_slope_3m,-0.570875,Reduces Risk,numeric__attendance_subject_attendance_current,-0.508275,Reduces Risk,numeric__placement_coding_score_std_3m,0.386319,Increases Risk
S2020,numeric__attendance_overall_attendance_std_3m,0.672144,Increases Risk,numeric__lms_assignment_completion_pct_avg_3m,-0.639283,Reduces Risk,numeric__lms_assignment_completion_pct_current,0.529239,Increases Risk,numeric__skills_soft_skills_score_avg_3m,-0.471313,Reduces Risk,numeric__placement_coding_score_avg_3m,0.427033,Increases Risk,numeric__low_lms_flag,0.913609,Increases Risk,numeric__attendance_overall_attendance_current,-0.699695,Reduces Risk,numeric__attendance_subject_attendance_current,-0.534731,Reduces Risk,numeric__placement_mock_interview_score_current,0.515002,Increases Risk,numeric__academic_internal_marks_slope_3m,0.488798,Increases Risk
S2021,numeric__academic_warning_score,1.457094,Increases Risk,numeric__placement_coding_score_avg_3m,-1.279593,Reduces Risk,numeric__skills_tech_skills_score_avg_3m,1.207833,Increases Risk,numeric__academic_cgpa_current,-1.056548,Reduces Risk,numeric__feedback_satisfaction_score_avg_3m,-0.967749,Reduces Risk,numeric__attendance_overall_attendance_current,0.965988,Increases Risk,numeric__academic_internal_marks_avg_3m,0.852065,Increases Risk,numeric__placement_aptitude_score_current,-0.811962,Reduces Risk,numeric__placement_mock_interview_score_current,-0.646143,Reduces Risk,numeric__placement_coding_score_avg_3m,0.630506,Increases Risk
S2022,numeric__skills_tech_skills_score_avg_3m,-1.71578,Reduces Risk,numeric__placement_coding_score_avg_3m,1.506222,Increases Risk,numeric__lms_assignment_completion_pct_avg_3m,1.129194,Increases Risk,numeric__engagement_events_attended_slope_3m,-0.88194,Reduces Risk,numeric__placement_mock_interview_score_avg_3m,-0.7905,Reduces Risk,numeric__attendance_overall_attendance_current,-1.32703,Reduces Risk,numeric__attendance_overall_attendance_avg_3m,0.869172,Increases Risk,numeric__skills_tech_skills_score_avg_3m,0.772992,Increases Risk,numeric__placement_coding_score_avg_3m,-0.742175,Reduces Risk,numeric__placement_mock_interview_score_current,-0.685986,Reduces Risk
S2023,numeric__placement_coding_score_avg_3m,-1.295278,Reduces Risk,numeric__academic_backlogs_avg_3m,-0.955781,Reduces Risk,numeric__skills_tech_skills_score_avg_3m,0.934512,Increases Risk,numeric__placement_coding_score_slope_3m,0.781045,Increases Risk,numeric__skills_soft_skills_score_avg_3m,-0.570845,Reduces Risk,numeric__placement_coding_score_slope_3m,-0.719845,Reduces Risk,numeric__attendance_subject_attendance_current,0.63992,Increases Risk,numeric__placement_coding_score_avg_3m,0.638235,Increases Risk,numeric__lms_assignment_completion_pct_current,0.477796,Increases Risk,numeric__placement_aptitude_score_current,-0.469298,Reduces Risk
S2024,numeric__skills_tech_skills_score_avg_3m,1.084992,Increases Risk,numeric__placement_coding_score_avg_3m,-1.053716,Reduces Risk,numeric__academic_warning_score,0.925793,Increases Risk,numeric__attendance_declining_flag,-0.74125,Reduces Risk,numeric__placement_aptitude_score_current,-0.728813,Reduces Risk,numeric__attendance_overall_attendance_current,1.625771,Increases Risk,numeric__engagement_hackathons_attended_current,-1.050022,Reduces Risk,numeric__critical_attendance_flag,-0.997756,Reduces Risk,numeric__attendance_overall_attendance_avg_3m,-0.881093,Reduces Risk,numeric__academic_internal_marks_avg_3m,0.764617,Increases Risk
S2025,numeric__placement_aptitude_score_current,-1.064241,Reduces Risk,numeric__placement_aptitude_score_slope_3m,0.966738,Increases Risk,numeric__feedback_satisfaction_score_avg_3m,-0.768378,Reduces Risk,numeric__placement_coding_score_slope_3m,-0.729148,Reduces Risk,numeric__placement_aptitude_score_std_3m,-0.682302,Reduces Risk,numeric__placement_aptitude_score_current,1.038425,Increases Risk,numeric__placement_aptitude_score_slope_3m,-1.024101,Reduces Risk,numeric__engagement_strength,-0.905872,Reduces Risk,numeric__attendance_overall_attendance_current,-0.753775,Reduces Risk,numeric__placement_coding_score_slope_3m,0.672014,Increases Risk
S2026,numeric__skills_soft_skills_score_avg_3m,-0.793484,Reduces Risk,numeric__placement_coding_score_avg_3m,-0.724312,Reduces Risk,numeric__academic_cgpa_current,0.608059,Increases Risk,numeric__engagement_hackathons_attended_std_3m,-0.55575,Reduces Risk,numeric__feedback_satisfaction_score_avg_3m,0.529961,Increases Risk,numeric__academic_internal_marks_avg_3m,-1.152334,Reduces Risk,numeric__placement_aptitude_score_slope_3m,0.495956,Increases Risk,numeric__academic_subject_score_avg_avg_3m,0.459091,Increases Risk,numeric__attendance_overall_attendance_current,0.45763,Increases Risk,numeric__placement_aptitude_score_current,-0.454068,Reduces Risk
S2027,numeric__attendance_overall_attendance_std_3m,1.774355,Increases Risk,numeric__academic_warning_score,1.324269,Increases Risk,numeric__skills_tech_skills_score_avg_3m,0.965222,Increases Risk,numeric__placement_coding_score_avg_3m,-0.752546,Reduces Risk,numeric__attendance_declining_flag,-0.74125,Reduces Risk,numeric__attendance_overall_attendance_current,1.950254,Increases Risk,numeric__attendance_overall_attendance_std_3m,-1.230586,Reduces Risk,numeric__attendance_subject_attendance_current,1.184916,Increases Risk,numeric__attendance_overall_attendance_slope_3m,-1.158351,Reduces Risk,numeric__critical_attendance_flag,-0.997756,Reduces Risk
S2028,numeric__academic_warning_score,1.988396,Increases Risk,numeric__placement_coding_score_avg_3m,1.214465,Increases Risk,numeric__skills_tech_skills_score_avg_3m,-1.150712,Reduces Risk,numeric__lms_assignment_completion_pct_avg_3m,-1.05177,Reduces Risk,numeric__feedback_satisfaction_score_avg_3m,0.870349,Increases Risk,numeric__attendance_overall_attendance_current,2.945337,Increases Risk,numeric__attendance_overall_attendance_avg_3m,-1.575642,Reduces Risk,numeric__attendance_subject_attendance_current,1.497098,Increases Risk,numeric__attendance_subject_attendance_avg_3m,-1.185726,Reduces Risk,numeric__critical_attendance_flag,-0.997756,Reduces Risk
S2029,numeric__engagement_hackathons_attended_std_3m,1.291942,Increases Risk,numeric__placement_aptitude_score_current,1.143339,Increases Risk,numeric__feedback_satisfaction_score_missing,-0.713384,Reduces Risk,numeric__placement_coding_score_slope_3m,-0.603994,Reduces Risk,numeric__academic_cgpa_current,-0.538064,Reduces Risk,numeric__placement_aptitude_score_current,-1.116552,Reduces Risk,numeric__engagement_hackathons_attended_current,-1.050022,Reduces Risk,numeric__engagement_strength,0.961905,Increases Risk,numeric__attendance_overall_attendance_current,-0.559085,Reduces Risk,numeric__placement_coding_score_slope_3m,0.556666,Increases Risk
S2030,numeric__placement_coding_score_avg_3m,1.656807,Increases Risk,numeric__academic_warning_score,1.324269,Increases Risk,numeric__skills_tech_skills_score_avg_3m,-1.159925,Reduces Risk,numeric__lms_assignment_completion_pct_avg_3m,-0.997246,Reduces Risk,numeric__placement_aptitude_score_current,-0.978434,Reduces Risk,numeric__attendance_overall_attendance_current,2.134129,Increases Risk,numeric__attendance_overall_attendance_avg_3m,-1.593322,Reduces Risk,numeric__attendance_subject_attendance_avg_3m,-1.213312,Reduces Risk,numeric__attendance_subject_attendance_current,1.042053,Increases Risk,numeric__critical_attendance_flag,-0.997756,Reduces Risk
S2031,numeric__attendance_declining_flag,-0.74125,Reduces Risk,numeric__engagement_hackathons_attended_current,0.677675,Increases Risk,numeric__engagement_hackathons_attended_std_3m,0.676045,Increases Risk,categorical__department_CIVIL ENGINEERING,-0.580173,Reduces Risk,numeric__lms_assignment_completion_pct_avg_3m,-0.553941,Reduces Risk,numeric__engagement_hackathons_attended_current,1.813675,Increases Risk,numeric__engagement_strength,-0.719094,Reduces Risk,numeric__attendance_overall_attendance_current,0.630688,Increases Risk,categorical__department_CIVIL ENGINEERING,0.589631,Increases Risk,numeric__engagement_club_participations_current,-0.547287,Reduces Risk
S2032,numeric__skills_soft_skills_score_avg_3m,1.155258,Increases Risk,numeric__lms_assignment_completion_pct_avg_3m,0.918209,Increases Risk,numeric__placement_mock_interview_score_avg_3m,-0.794389,Reduces Risk,numeric__feedback_satisfaction_score_avg_3m,-0.685713,Reduces Risk,numeric__placement_coding_score_avg_3m,0.590166,Increases Risk,numeric__attendance_overall_attendance_current,-1.759674,Reduces Risk,numeric__attendance_overall_attendance_avg_3m,1.144466,Increases Risk,numeric__attendance_subject_attendance_current,-0.894534,Reduces Risk,numeric__attendance_subject_attendance_avg_3m,0.824079,Increases Risk,numeric__placement_mock_interview_score_current,-0.691678,Reduces Risk
S2033,numeric__skills_soft_skills_score_avg_3m,1.278364,Increases Risk,numeric__feedback_satisfaction_score_avg_3m,-1.264373,Reduces Risk,numeric__placement_coding_score_avg_3m,1.098389,Increases Risk,numeric__placement_mock_interview_score_avg_3m,-0.944119,Reduces Risk,numeric__skills_tech_skills_score_avg_3m,-0.911172,Reduces Risk,numeric__placement_mock_interview_score_current,-1.192565,Reduces Risk,numeric__attendance_overall_attendance_current,-0.861937,Reduces Risk,numeric__engagement_hackathons_attended_current,0.859109,Increases Risk,numeric__feedback_satisfaction_score_slope_3m,-0.84106,Reduces Risk,numeric__skills_soft_skills_score_current,0.783205,Increases Risk
S2034,numeric__placement_coding_score_avg_3m,0.831729,Increases Risk,numeric__placement_aptitude_score_current,-0.713212,Reduces Risk,numeric__engagement_hackathons_attended_std_3m,-0.55575,Reduces Risk,numeric__placement_coding_score_slope_3m,0.505706,Increases Risk,numeric__cgpa_declining_flag,0.487485,Increases Risk,numeric__attendance_overall_attendance_current,-1.013362,Reduces Risk,numeric__engagement_strength,-0.905872,Reduces Risk,numeric__placement_aptitude_score_current,0.695761,Increases Risk,numeric__skills_soft_skills_score_std_3m,-0.597422,Reduces Risk,numeric__academic_internal_marks_avg_3m,-0.586224,Reduces Risk
S2035,numeric__attendance_declining_flag,-0.74125,Reduces Risk,numeric__placement_mock_interview_score_current,0.495202,Increases Risk,numeric__lms_logins_per_week_slope_3m,-0.386205,Reduces Risk,numeric__feedback_satisfaction_score_avg_3m,-0.381794,Reduces Risk,numeric__academic_cgpa_std_3m,-0.356236,Reduces Risk,numeric__engagement_certifications_count_current,0.937282,Increases Risk,numeric__engagement_strength,-0.905872,Reduces Risk,numeric__placement_mock_interview_score_current,0.754061,Increases Risk,numeric__placement_mock_interview_score_std_3m,-0.364676,Reduces Risk,numeric__feedback_faculty_rating_current,0.349835,Increases Risk
S2036,numeric__placement_coding_score_slope_3m,-0.933566,Reduces Risk,numeric__academic_warning_score,-0.668112,Reduces Risk,numeric__engagement_hackathons_attended_std_3m,-0.55575,Reduces Risk,numeric__placement_coding_score_std_3m,-0.435748,Reduces Risk,numeric__placement_coding_score_avg_3m,0.43017,Increases Risk,numeric__placement_coding_score_slope_3m,0.860415,Increases Risk,numeric__engagement_hackathons_attended_current,0.859109,Increases Risk,numeric__attendance_overall_attendance_current,-0.79704,Reduces Risk,numeric__attendance_subject_attendance_avg_3m,0.648714,Increases Risk,numeric__attendance_overall_attendance_avg_3m,0.646916,Increases Risk
S2037,numeric__academic_warning_score,1.58992,Increases Risk,numeric__placement_coding_score_avg_3m,1.496811,Increases Risk,numeric__skills_tech_skills_score_avg_3m,-1.215204,Reduces Risk,numeric__lms_assignment_completion_pct_avg_3m,-0.881086,Reduces Risk,numeric__attendance_declining_flag,-0.74125,Reduces Risk,numeric__attendance_overall_attendance_current,2.837176,Increases Risk,numeric__attendance_overall_attendance_avg_3m,-1.598373,Reduces Risk,numeric__attendance_subject_attendance_current,1.280158,Increases Risk,numeric__attendance_subject_attendance_avg_3m,-1.177845,Reduces Risk,numeric__critical_attendance_flag,-0.997756,Reduces Risk
S2038,numeric__academic_cgpa_current,-1.343079,Reduces Risk,numeric__academic_warning_score,1.191444,Increases Risk,numeric__academic_backlogs_avg_3m,-1.16266,Reduces Risk,numeric__engagement_hackathons_attended_std_3m,1.073761,Increases Risk,numeric__placement_coding_score_avg_3m,-1.044304,Reduces Risk,numeric__engagement_hackathons_attended_current,1.813675,Increases Risk,numeric__engagement_strength,-1.279427,Reduces Risk,numeric__attendance_overall_attendance_current,1.203942,Increases Risk,numeric__academic_internal_marks_avg_3m,1.084493,Increases Risk,numeric__skills_soft_skills_score_std_3m,1.059041,Increases Risk
S2039,numeric__engagement_events_attended_slope_3m,-1.20033,Reduces Risk,numeric__skills_soft_skills_score_avg_3m,0.67855,Increases Risk,numeric__academic_warning_score,-0.668112,Reduces Risk,numeric__placement_mock_interview_score_avg_3m,-0.597989,Reduces Risk,numeric__academic_cgpa_current,0.580771,Increases Risk,numeric__placement_mock_interview_score_current,-0.640451,Reduces Risk,numeric__academic_internal_marks_avg_3m,-0.574717,Reduces Risk,numeric__skills_soft_skills_score_current,0.496317,Increases Risk,numeric__placement_mock_interview_score_avg_3m,-0.49302,Reduces Risk,numeric__engagement_certifications_count_current,0.39235,Increases Risk
S2040,numeric__feedback_satisfaction_score_avg_3m,-0.9872,Reduces Risk,numeric__lms_assignment_completion_pct_avg_3m,0.754637,Increases Risk,numeric__feedback_satisfaction_score_current,0.716019,Increases Risk,numeric__engagement_events_attended_slope_3m,0.71001,Increases Risk,numeric__lms_assignment_completion_pct_current,-0.706393,Reduces Risk,numeric__engagement_strength,-1.466205,Reduces Risk,numeric__attendance_overall_attendance_current,-1.38111,Reduces Risk,numeric__attendance_subject_attendance_current,-0.92099,Reduces Risk,numeric__attendance_overall_attendance_avg_3m,0.912108,Increases Risk,numeric__attendance_subject_attendance_avg_3m,0.861517,Increases Risk
S2041,numeric__academic_warning_score,-0.933762,Reduces Risk,numeric__skills_tech_skills_score_std_3m,0.354635,Increases Risk,numeric__skills_soft_skills_score_avg_3m,0.348521,Increases Risk,numeric__placement_mock_interview_score_avg_3m,-0.339363,Reduces Risk,numeric__attendance_declining_flag,0.333026,Increases Risk,numeric__placement_mock_interview_score_std_3m,0.431767,Increases Risk,numeric__academic_warning_score,0.372987,Increases Risk,numeric__skills_soft_skills_score_current,0.332381,Increases Risk,numeric__placement_mock_interview_score_current,-0.310322,Reduces Risk,numeric__placement_mock_interview_score_avg_3m,-0.279793,Reduces Risk
S2042,numeric__academic_cgpa_current,-1.02926,Reduces Risk,numeric__placement_aptitude_score_current,0.956124,Increases Risk,numeric__academic_backlogs_slope_3m,0.781385,Increases Risk,numeric__feedback_satisfaction_score_current,0.750431,Increases Risk,numeric__attendance_declining_flag,-0.74125,Reduces Risk,numeric__feedback_satisfaction_score_slope_3m,1.547027,Increases Risk,numeric__academic_internal_marks_avg_3m,1.252485,Increases Risk,numeric__attendance_overall_attendance_avg_3m,-1.043996,Reduces Risk,numeric__attendance_subject_attendance_current,0.94152,Increases Risk,numeric__placement_aptitude_score_current,-0.933798,Reduces Risk
S2043,numeric__feedback_satisfaction_score_avg_3m,-1.274099,Reduces Risk,numeric__placement_coding_score_avg_3m,-1.154105,Reduces Risk,numeric__engagement_hackathons_attended_std_3m,1.073761,Increases Risk,numeric__academic_backlogs_slope_3m,0.781385,Increases Risk,numeric__academic_backlogs_avg_3m,-0.748902,Reduces Risk,numeric__engagement_strength,-2.400094,Reduces Risk,numeric__engagement_hackathons_attended_current,1.813675,Increases Risk,numeric__engagement_certifications_count_current,0.937282,Increases Risk,numeric__academic_internal_marks_avg_3m,0.704785,Increases Risk,numeric__feedback_satisfaction_score_current,-0.60022,Reduces Risk
S2044,numeric__academic_warning_score,1.855571,Increases Risk,numeric__academic_cgpa_current,-1.227103,Reduces Risk,numeric__skills_soft_skills_score_avg_3m,-1.149705,Reduces Risk,numeric__lms_logins_per_week_slope_3m,-1.023508,Reduces Risk,numeric__placement_mock_interview_score_avg_3m,0.90904,Increases Risk,numeric__attendance_overall_attendance_current,1.831277,Increases Risk,numeric__academic_internal_marks_avg_3m,1.284703,Increases Risk,numeric__attendance_subject_attendance_current,1.227246,Increases Risk,numeric__placement_mock_interview_score_current,1.078499,Increases Risk,numeric__engagement_hackathons_attended_current,-1.050022,Reduces Risk
S2045,numeric__skills_soft_skills_score_avg_3m,-1.361867,Reduces Risk,numeric__placement_mock_interview_score_avg_3m,1.068493,Increases Risk,numeric__placement_coding_score_avg_3m,-1.000384,Reduces Risk,numeric__placement_mock_interview_score_current,0.827879,Increases Risk,numeric__feedback_satisfaction_score_avg_3m,0.739056,Increases Risk,numeric__placement_mock_interview_score_current,1.26064,Increases Risk,numeric__engagement_hackathons_attended_current,-1.050022,Reduces Risk,numeric__engagement_strength,0.961905,Increases Risk,numeric__placement_mock_interview_score_avg_3m,0.880934,Increases Risk,numeric__skills_soft_skills_score_current,-0.572994,Reduces Risk
S2046,numeric__skills_tech_skills_score_avg_3m,-1.347257,Reduces Risk,numeric__placement_coding_score_avg_3m,1.007411,Increases Risk,numeric__placement_aptitude_score_current,-0.775617,Reduces Risk,numeric__academic_cgpa_current,0.771791,Increases Risk,numeric__engagement_hackathons_attended_std_3m,0.676045,Increases Risk,numeric__attendance_overall_attendance_current,-1.002546,Reduces Risk,numeric__placement_aptitude_score_current,0.756679,Increases Risk,numeric__attendance_overall_attendance_avg_3m,0.669647,Increases Risk,numeric__attendance_subject_attendance_avg_3m,0.613247,Increases Risk,numeric__skills_tech_skills_score_avg_3m,0.606965,Increases Risk
S2047,numeric__placement_coding_score_avg_3m,-1.885068,Reduces Risk,numeric__placement_aptitude_score_current,1.868798,Increases Risk,numeric__skills_tech_skills_score_avg_3m,1.757546,Increases Risk,numeric__skills_soft_skills_score_avg_3m,-1.092081,Reduces Risk,numeric__academic_backlogs_avg_3m,-0.955781,Reduces Risk,numeric__low_aptitude_flag,-1.905883,Reduces Risk,numeric__placement_aptitude_score_current,-1.824725,Reduces Risk,numeric__engagement_strength,1.335461,Increases Risk,numeric__placement_coding_score_avg_3m,0.928847,Increases Risk,numeric__placement_mock_interview_score_current,0.845132,Increases Risk
S2048,numeric__placement_aptitude_score_current,0.987326,Increases Risk,numeric__academic_cgpa_current,-0.77684,Reduces Risk,numeric__feedback_faculty_rating_avg_3m,0.703755,Increases Risk,numeric__engagement_hackathons_attended_std_3m,0.676045,Increases Risk,numeric__feedback_faculty_rating_current,0.557072,Increases Risk,numeric__engagement_strength,-1.652983,Reduces Risk,numeric__placement_aptitude_score_current,-0.964257,Reduces Risk,numeric__engagement_hackathons_attended_current,0.859109,Increases Risk,numeric__academic_internal_marks_avg_3m,0.854367,Increases Risk,numeric__feedback_faculty_rating_current,0.689834,Increases Risk
S2049,numeric__placement_coding_score_avg_3m,-1.621545,Reduces Risk,numeric__skills_tech_skills_score_avg_3m,1.309177,Increases Risk,numeric__placement_aptitude_score_current,1.02633,Increases Risk,numeric__feedback_satisfaction_score_avg_3m,-0.875358,Reduces Risk,numeric__placement_mock_interview_score_avg_3m,0.6018,Increases Risk,numeric__engagement_hackathons_attended_current,-1.050022,Reduces Risk,numeric__placement_aptitude_score_current,-1.002331,Reduces Risk,numeric__placement_coding_score_avg_3m,0.798999,Increases Risk,numeric__attendance_overall_attendance_current,-0.678063,Reduces Risk,numeric__skills_tech_skills_score_avg_3m,-0.589809,Reduces Risk
S2050,numeric__academic_warning_score,1.58992,Increases Risk,numeric__placement_coding_score_avg_3m,-0.928228,Reduces Risk,numeric__academic_cgpa_current,-0.804128,Reduces Risk,numeric__academic_backlogs_slope_3m,0.781385,Increases Risk,numeric__attendance_declining_flag,-0.74125,Reduces Risk,numeric__engagement_hackathons_attended_current,-1.050022,Reduces Risk,numeric__low_lms_flag,0.913609,Increases Risk,numeric__attendance_overall_attendance_current,0.728033,Increases Risk,numeric__academic_internal_marks_avg_3m,0.725496,Increases Risk,numeric__academic_warning_score,-0.635087,Reduces Risk
S2051,numeric__academic_cgpa_current,-0.920105,Reduces Risk,numeric__feedback_satisfaction_score_avg_3m,-0.919122,Reduces Risk,numeric__academic_backlogs_slope_3m,0.781385,Increases Risk,numeric__attendance_declining_flag,-0.74125,Reduces Risk,categorical__department_INFO TECH,0.662052,Increases Risk,numeric__academic_internal_marks_avg_3m,0.819848,Increases Risk,numeric__placement_mock_interview_score_current,-0.572149,Reduces Risk,numeric__feedback_satisfaction_score_current,-0.541748,Reduces Risk,numeric__academic_cgpa_avg_3m,0.50688,Increases Risk,numeric__academic_cgpa_current,0.50551,Increases Risk
S2052,numeric__placement_coding_score_avg_3m,-2.051339,Reduces Risk,numeric__skills_tech_skills_score_avg_3m,1.207833,Increases Risk,numeric__placement_mock_interview_score_avg_3m,1.14822,Increases Risk,numeric__placement_aptitude_score_current,1.119937,Increases Risk,numeric__skills_soft_skills_score_avg_3m,-0.937544,Reduces Risk,numeric__engagement_strength,2.082572,Increases Risk,numeric__low_coding_flag,1.487088,Increases Risk,numeric__placement_mock_interview_score_current,1.175261,Increases Risk,numeric__placement_aptitude_score_current,-1.093708,Reduces Risk,numeric__engagement_hackathons_attended_current,-1.050022,Reduces Risk
S2053,numeric__attendance_declining_flag,-0.74125,Reduces Risk,numeric__academic_cgpa_current,0.696748,Increases Risk,numeric__placement_mock_interview_score_avg_3m,-0.570765,Reduces Risk,numeric__placement_aptitude_score_current,-0.557199,Reduces Risk,numeric__academic_warning_score,-0.535286,Reduces Risk,numeric__academic_internal_marks_avg_3m,-0.820952,Reduces Risk,numeric__attendance_overall_attendance_current,-0.710511,Reduces Risk,numeric__placement_aptitude_score_current,0.543465,Increases Risk,numeric__attendance_overall_attendance_avg_3m,0.518109,Increases Risk,numeric__skills_soft_skills_score_std_3m,0.500197,Increases Risk
S2054,numeric__placement_aptitude_score_current,1.611377,Increases Risk,numeric__feedback_faculty_rating_avg_3m,1.085139,Increases Risk,numeric__placement_mock_interview_score_avg_3m,1.041269,Increases Risk,numeric__skills_soft_skills_score_avg_3m,-1.029219,Reduces Risk,numeric__placement_coding_score_avg_3m,-0.953326,Reduces Risk,numeric__placement_aptitude_score_current,-1.573438,Reduces Risk,numeric__academic_internal_marks_avg_3m,0.909597,Increases Risk,numeric__engagement_hackathons_attended_current,0.859109,Increases Risk,numeric__placement_mock_interview_score_avg_3m,0.858489,Increases Risk,numeric__skills_soft_skills_score_std_3m,0.762594,Increases Risk
S2055,numeric__engagement_events_attended_slope_3m,-0.56355,Reduces Risk,numeric__lms_logins_per_week_slope_3m,-0.513666,Reduces Risk,numeric__cgpa_declining_flag,0.487485,Increases Risk,numeric__academic_cgpa_std_3m,-0.407558,Reduces Risk,numeric__feedback_satisfaction_score_current,-0.376549,Reduces Risk,numeric__feedback_satisfaction_score_slope_3m,-0.614453,Reduces Risk,numeric__attendance_subject_attendance_current,-0.571769,Reduces Risk,numeric__skills_soft_skills_score_std_3m,-0.468551,Reduces Risk,numeric__engagement_certifications_count_current,0.39235,Increases Risk,numeric__engagement_strength,-0.345539,Reduces Risk
S2056,numeric__lms_logins_per_week_slope_3m,-1.023508,Reduces Risk,numeric__placement_aptitude_score_current,-0.783418,Reduces Risk,numeric__placement_coding_score_avg_3m,0.565069,Increases Risk,numeric__academic_cgpa_current,0.560304,Increases Risk,numeric__engagement_hackathons_attended_std_3m,-0.55575,Reduces Risk,numeric__attendance_overall_attendance_current,-1.391926,Reduces Risk,numeric__low_lms_flag,0.913609,Increases Risk,numeric__attendance_overall_attendance_avg_3m,0.902005,Increases Risk,numeric__academic_internal_marks_avg_3m,-0.77953,Reduces Risk,numeric__engagement_strength,0.775128,Increases Risk
S2057,numeric__placement_coding_score_avg_3m,1.120349,Increases Risk,numeric__placement_aptitude_score_current,-0.861424,Reduces Risk,numeric__skills_tech_skills_score_avg_3m,-0.772976,Reduces Risk,numeric__attendance_declining_flag,-0.74125,Reduces Risk,numeric__academic_cgpa_current,0.64217,Increases Risk,numeric__engagement_certifications_count_current,0.937282,Increases Risk,numeric__engagement_strength,-0.905872,Reduces Risk,numeric__placement_aptitude_score_current,0.840441,Increases Risk,numeric__placement_coding_score_avg_3m,-0.55204,Reduces Risk,numeric__skills_soft_skills_score_std_3m,-0.461463,Reduces Risk
S2058,numeric__feedback_satisfaction_score_avg_3m,-0.817005,Reduces Risk,numeric__engagement_events_attended_slope_3m,0.71001,Increases Risk,numeric__feedback_faculty_rating_avg_3m,0.58893,Increases Risk,numeric__academic_warning_score,-0.535286,Reduces Risk,numeric__lms_assignment_completion_pct_avg_3m,0.53417,Increases Risk,numeric__attendance_overall_attendance_current,-1.997629,Reduces Risk,numeric__attendance_overall_attendance_avg_3m,1.174774,Increases Risk,numeric__attendance_subject_attendance_current,-1.069144,Reduces Risk,numeric__engagement_strength,-0.905872,Reduces Risk,numeric__attendance_subject_attendance_avg_3m,0.893043,Increases Risk
S2059,numeric__skills_tech_skills_score_avg_3m,-0.797544,Reduces Risk,numeric__placement_aptitude_score_current,-0.635206,Reduces Risk,numeric__engagement_hackathons_attended_std_3m,-0.55575,Reduces Risk,numeric__feedback_faculty_rating_avg_3m,-0.538817,Reduces Risk,numeric__feedback_satisfaction_score_current,0.50955,Increases Risk,numeric__engagement_strength,0.775128,Increases Risk,numeric__attendance_overall_attendance_current,0.760481,Increases Risk,numeric__skills_soft_skills_score_std_3m,0.6329,Increases Risk,numeric__placement_aptitude_score_current,0.619613,Increases Risk,numeric__feedback_satisfaction_score_slope_3m,0.614453,Increases Risk
S2060,numeric__placement_coding_score_avg_3m,1.471713,Increases Risk,numeric__skills_tech_skills_score_avg_3m,-1.38411,Reduces Risk,numeric__placement_aptitude_score_current,-1.345063,Reduces Risk,numeric__attendance_declining_flag,-0.74125,Reduces Risk,numeric__academic_cgpa_current,0.696748,Increases Risk,numeric__placement_aptitude_score_current,1.312556,Increases Risk,numeric__placement_coding_score_avg_3m,-0.725171,Reduces Risk,numeric__academic_internal_marks_avg_3m,-0.70819,Reduces Risk,numeric__skills_tech_skills_score_avg_3m,0.623568,Increases Risk,numeric__placement_aptitude_score_slope_3m,-0.602573,Reduces Risk
S2061,numeric__placement_coding_score_avg_3m,0.985451,Increases Risk,numeric__attendance_declining_flag,-0.74125,Reduces Risk,numeric__feedback_faculty_rating_avg_3m,-0.723357,Reduces Risk,numeric__academic_cgpa_current,0.614882,Increases Risk,numeric__skills_tech_skills_score_avg_3m,-0.588715,Reduces Risk,numeric__attendance_overall_attendance_current,0.98762,Increases Risk,numeric__engagement_hackathons_attended_current,0.859109,Increases Risk,numeric__academic_internal_marks_avg_3m,-0.705889,Reduces Risk,numeric__feedback_faculty_rating_current,-0.629686,Reduces Risk,numeric__skills_soft_skills_score_std_3m,-0.603929,Reduces Risk
S2062,numeric__academic_warning_score,-0.933762,Reduces Risk,numeric__engagement_hackathons_attended_current,0.677675,Increases Risk,numeric__placement_aptitude_score_current,0.628497,Increases Risk,numeric__placement_aptitude_score_slope_3m,-0.512389,Reduces Risk,numeric__engagement_hackathons_attended_std_3m,0.511015,Increases Risk,numeric__engagement_hackathons_attended_current,1.813675,Increases Risk,numeric__engagement_strength,-1.279427,Reduces Risk,numeric__placement_aptitude_score_current,-0.613978,Reduces Risk,numeric__placement_aptitude_score_slope_3m,0.542792,Increases Risk,numeric__attendance_overall_attendance_current,-0.472556,Reduces Risk
S2063,numeric__feedback_satisfaction_score_avg_3m,1.244776,Increases Risk,numeric__lms_assignment_completion_pct_avg_3m,-1.16793,Reduces Risk,numeric__placement_coding_score_avg_3m,1.08584,Increases Risk,numeric__academic_warning_score,0.925793,Increases Risk,numeric__skills_tech_skills_score_avg_3m,-0.923456,Reduces Risk,numeric__attendance_overall_attendance_current,1.366184,Increases Risk,numeric__attendance_overall_attendance_avg_3m,-0.926554,Reduces Risk,numeric__low_lms_flag,0.913609,Increases Risk,numeric__placement_aptitude_score_missing,-0.83073,Reduces Risk,numeric__placement_aptitude_score_slope_3m,-0.781403,Reduces Risk
S2064,numeric__placement_coding_score_avg_3m,1.666218,Increases Risk,numeric__skills_tech_skills_score_avg_3m,-1.196777,Reduces Risk,numeric__feedback_faculty_rating_avg_3m,-0.702853,Reduces Risk,numeric__engagement_hackathons_attended_current,0.677675,Increases Risk,numeric__skills_soft_skills_score_avg_3m,0.649738,Increases Risk,numeric__engagement_strength,-1.839761,Reduces Risk,numeric__engagement_hackathons_attended_current,1.813675,Increases Risk,numeric__skills_soft_skills_score_std_3m,0.918807,Increases Risk,numeric__low_lms_flag,0.913609,Increases Risk,numeric__placement_coding_score_avg_3m,-0.821011,Reduces Risk
S2065,numeric__lms_assignment_completion_pct_avg_3m,-1.160818,Reduces Risk,numeric__feedback_satisfaction_score_avg_3m,0.948152,Increases Risk,numeric__skills_soft_skills_score_avg_3m,-0.893016,Reduces Risk,numeric__placement_mock_interview_score_avg_3m,0.854592,Increases Risk,numeric__feedback_satisfaction_score_current,-0.806694,Reduces Risk,numeric__attendance_overall_attendance_current,0.84701,Increases Risk,numeric__attendance_overall_attendance_avg_3m,-0.772491,Reduces Risk,numeric__placement_mock_interview_score_current,0.754061,Increases Risk,numeric__placement_mock_interview_score_avg_3m,0.70458,Increases Risk,numeric__feedback_satisfaction_score_current,0.686175,Increases Risk
S2066,numeric__placement_coding_score_avg_3m,1.509359,Increases Risk,numeric__skills_tech_skills_score_avg_3m,-1.38411,Reduces Risk,numeric__engagement_events_attended_slope_3m,1.34679,Increases Risk,numeric__lms_assignment_completion_pct_avg_3m,-1.333873,Reduces Risk,numeric__feedback_satisfaction_score_avg_3m,1.2156,Increases Risk,numeric__attendance_overall_attendance_current,1.961071,Increases Risk,numeric__engagement_strength,-1.652983,Reduces Risk,numeric__attendance_overall_attendance_avg_3m,-1.224579,Reduces Risk,numeric__attendance_subject_attendance_current,1.042053,Increases Risk,numeric__attendance_subject_attendance_avg_3m,-1.012331,Reduces Risk
S2067,numeric__engagement_events_attended_slope_3m,1.0284,Increases Risk,numeric__placement_aptitude_score_current,0.698703,Increases Risk,numeric__academic_cgpa_std_3m,-0.698434,Reduces Risk,numeric__engagement_hackathons_attended_std_3m,-0.55575,Reduces Risk,numeric__placement_coding_score_avg_3m,-0.529807,Reduces Risk,numeric__engagement_hackathons_attended_current,-1.050022,Reduces Risk,numeric__low_lms_flag,0.913609,Increases Risk,numeric__feedback_satisfaction_score_slope_3m,0.710325,Increases Risk,numeric__engagement_events_attended_current,0.689387,Increases Risk,numeric__placement_aptitude_score_current,-0.682511,Reduces Risk
S2068,numeric__skills_tech_skills_score_avg_3m,1.115702,Increases Risk,numeric__academic_backlogs_avg_3m,-0.955781,Reduces Risk,numeric__placement_coding_score_avg_3m,-0.899994,Reduces Risk,numeric__feedback_satisfaction_score_avg_3m,-0.899671,Reduces Risk,numeric__placement_aptitude_score_current,0.831314,Increases Risk,numeric__engagement_hackathons_attended_current,0.859109,Increases Risk,numeric__placement_aptitude_score_current,-0.811962,Reduces Risk,numeric__engagement_strength,-0.532317,Reduces Risk,numeric__skills_tech_skills_score_avg_3m,-0.502645,Reduces Risk,numeric__lms_logins_per_week_avg_3m,0.479123,Increases Risk
S2069,numeric__academic_warning_score,1.988396,Increases Risk,numeric__attendance_overall_attendance_std_3m,0.993641,Increases Risk,numeric__lms_assignment_completion_pct_avg_3m,-0.90005,Reduces Risk,numeric__academic_backlogs_slope_3m,0.781385,Increases Risk,numeric__attendance_declining_flag,-0.74125,Reduces Risk,numeric__attendance_overall_attendance_current,2.718199,Increases Risk,numeric__attendance_subject_attendance_current,1.523554,Increases Risk,numeric__attendance_overall_attendance_avg_3m,-1.42663,Reduces Risk,numeric__attendance_subject_attendance_avg_3m,-1.223164,Reduces Risk,numeric__critical_attendance_flag,-0.997756,Reduces Risk
S2070,numeric__skills_tech_skills_score_avg_3m,1.428947,Increases Risk,numeric__placement_coding_score_avg_3m,-1.320376,Reduces Risk,numeric__skills_soft_skills_score_avg_3m,-1.06065,Reduces Risk,numeric__academic_warning_score,1.058618,Increases Risk,numeric__academic_backlogs_avg_3m,-0.955781,Reduces Risk,numeric__engagement_strength,1.335461,Increases Risk,numeric__attendance_overall_attendance_current,1.301287,Increases Risk,numeric__low_lms_flag,0.913609,Increases Risk,numeric__academic_internal_marks_avg_3m,0.909597,Increases Risk,numeric__attendance_overall_attendance_avg_3m,-0.886144,Reduces Risk
S2071,numeric__placement_coding_score_avg_3m,1.352501,Increases Risk,numeric__placement_aptitude_score_current,-1.025237,Reduces Risk,numeric__skills_tech_skills_score_avg_3m,-0.714627,Reduces Risk,numeric__engagement_hackathons_attended_std_3m,0.676045,Increases Risk,numeric__placement_aptitude_score_slope_3m,0.63715,Increases Risk,numeric__attendance_overall_attendance_current,-1.034994,Reduces Risk,numeric__placement_aptitude_score_current,1.000351,Increases Risk,numeric__engagement_strength,-0.905872,Reduces Risk,numeric__placement_mock_interview_score_current,-0.794132,Reduces Risk,numeric__engagement_events_attended_current,0.689387,Increases Risk
S2072,numeric__lms_assignment_completion_pct_avg_3m,0.913468,Increases Risk,numeric__skills_soft_skills_score_avg_3m,0.806894,Increases Risk,numeric__lms_assignment_completion_pct_current,-0.706393,Reduces Risk,numeric__feedback_satisfaction_score_avg_3m,-0.690575,Reduces Risk,numeric__feedback_satisfaction_score_current,0.578373,Increases Risk,numeric__attendance_overall_attendance_current,-1.089075,Reduces Risk,numeric__engagement_hackathons_attended_current,-1.050022,Reduces Risk,numeric__attendance_overall_attendance_avg_3m,0.912108,Increases Risk,numeric__attendance_subject_attendance_avg_3m,0.810287,Increases Risk,numeric__attendance_subject_attendance_current,-0.635264,Reduces Risk
S2073,numeric__academic_warning_score,-0.933762,Reduces Risk,numeric__academic_cgpa_current,0.498905,Increases Risk,numeric__feedback_faculty_rating_avg_3m,-0.485505,Reduces Risk,numeric__placement_aptitude_score_slope_3m,0.44824,Increases Risk,numeric__engagement_events_attended_slope_3m,0.39162,Increases Risk,numeric__engagement_hackathons_attended_current,0.859109,Increases Risk,numeric__attendance_overall_attendance_current,-0.699695,Reduces Risk,numeric__attendance_subject_attendance_current,-0.561187,Reduces Risk,numeric__attendance_overall_attendance_avg_3m,0.561044,Increases Risk,numeric__engagement_strength,-0.532317,Reduces Risk
S2074,numeric__academic_backlogs_avg_3m,-2.197055,Reduces Risk,numeric__lms_assignment_completion_pct_avg_3m,1.266689,Increases Risk,numeric__placement_aptitude_score_current,0.940523,Increases Risk,numeric__feedback_satisfaction_score_avg_3m,-0.787829,Reduces Risk,numeric__academic_backlogs_current,0.780193,Increases Risk,numeric__engagement_hackathons_attended_current,-1.050022,Reduces Risk,numeric__placement_aptitude_score_current,-0.918568,Reduces Risk,numeric__attendance_overall_attendance_current,-0.883569,Reduces Risk,numeric__academic_backlogs_avg_3m,0.852062,Increases Risk,numeric__academic_backlogs_current,0.68841,Increases Risk
S2075,numeric__placement_aptitude_score_current,0.737706,Increases Risk,numeric__engagement_club_participations_avg_3m,0.671061,Increases Risk,numeric__placement_coding_score_slope_3m,0.605829,Increases Risk,numeric__academic_warning_score,-0.535286,Reduces Risk,numeric__lms_assignment_completion_pct_avg_3m,0.432234,Increases Risk,numeric__attendance_overall_attendance_current,-0.937649,Reduces Risk,numeric__placement_aptitude_score_current,-0.720585,Reduces Risk,numeric__placement_coding_score_slope_3m,-0.558358,Reduces Risk,numeric__engagement_club_participations_current,-0.547287,Reduces Risk,numeric__attendance_subject_attendance_current,-0.534731,Reduces Risk
S2076,numeric__lms_assignment_completion_pct_avg_3m,0.906356,Increases Risk,numeric__engagement_hackathons_attended_std_3m,-0.55575,Reduces Risk,numeric__lms_assignment_completion_pct_current,-0.466902,Reduces Risk,numeric__placement_mock_interview_score_current,-0.443021,Reduces Risk,numeric__skills_soft_skills_score_avg_3m,0.437576,Increases Risk,numeric__attendance_overall_attendance_current,-1.034994,Reduces Risk,numeric__attendance_overall_attendance_avg_3m,0.803505,Increases Risk,numeric__placement_mock_interview_score_current,-0.674603,Reduces Risk,numeric__academic_subject_score_avg_slope_3m,0.656337,Increases Risk,numeric__academic_internal_marks_slope_3m,-0.538848,Reduces Risk
S2077,numeric__academic_warning_score,2.254047,Increases Risk,numeric__academic_cgpa_current,-1.329435,Reduces Risk,numeric__skills_soft_skills_score_avg_3m,-1.008264,Reduces Risk,numeric__placement_mock_interview_score_avg_3m,0.957653,Increases Risk,numeric__lms_assignment_completion_pct_avg_3m,-0.878715,Reduces Risk,numeric__attendance_overall_attendance_current,2.707383,Increases Risk,numeric__attendance_overall_attendance_avg_3m,-1.719604,Reduces Risk,numeric__attendance_subject_attendance_current,1.248411,Increases Risk,numeric__attendance_subject_attendance_avg_3m,-1.225134,Reduces Risk,numeric__academic_internal_marks_avg_3m,1.153531,Increases Risk
S2078,numeric__academic_warning_score,1.988396,Increases Risk,numeric__lms_assignment_completion_pct_avg_3m,-1.966826,Reduces Risk,numeric__skills_soft_skills_score_avg_3m,-1.259715,Reduces Risk,numeric__academic_cgpa_current,-1.22028,Reduces Risk,numeric__placement_mock_interview_score_avg_3m,1.167665,Increases Risk,numeric__attendance_overall_attendance_current,2.620854,Increases Risk,numeric__attendance_overall_attendance_avg_3m,-1.754963,Reduces Risk,numeric__attendance_subject_attendance_avg_3m,-1.219223,Reduces Risk,numeric__academic_internal_marks_avg_3m,1.153531,Increases Risk,numeric__critical_attendance_flag,-0.997756,Reduces Risk
S2079,numeric__placement_aptitude_score_current,-0.947231,Reduces Risk,numeric__academic_warning_score,-0.933762,Reduces Risk,numeric__skills_tech_skills_score_avg_3m,-0.487371,Reduces Risk,numeric__placement_coding_score_avg_3m,0.420758,Increases Risk,numeric__lms_logins_per_week_slope_3m,0.378558,Increases Risk,numeric__placement_aptitude_score_current,0.924203,Increases Risk,numeric__engagement_hackathons_attended_current,0.859109,Increases Risk,numeric__academic_internal_marks_avg_3m,-0.602332,Reduces Risk,numeric__skills_soft_skills_score_std_3m,-0.553516,Reduces Risk,numeric__engagement_club_participations_current,-0.547287,Reduces Risk
S2080,numeric__academic_warning_score,0.792967,Increases Risk,numeric__placement_coding_score_avg_3m,0.671733,Increases Risk,numeric__lms_assignment_completion_pct_avg_3m,-0.617948,Reduces Risk,numeric__engagement_hackathons_attended_std_3m,-0.55575,Reduces Risk,numeric__placement_mock_interview_score_avg_3m,0.555131,Increases Risk,numeric__attendance_overall_attendance_current,0.717217,Increases Risk,numeric__placement_mock_interview_score_current,0.611764,Increases Risk,numeric__skills_soft_skills_score_std_3m,0.594326,Increases Risk,numeric__low_attendance_flag,-0.491842,Reduces Risk,numeric__placement_aptitude_score_current,-0.461683,Reduces Risk
S2081,numeric__lms_assignment_completion_pct_avg_3m,-1.431068,Reduces Risk,numeric__academic_warning_score,1.324269,Increases Risk,numeric__lms_assignment_completion_pct_current,0.900623,Increases Risk,numeric__attendance_declining_flag,-0.74125,Reduces Risk,numeric__attendance_overall_attendance_avg_3m,0.676438,Increases Risk,numeric__attendance_overall_attendance_current,3.085947,Increases Risk,numeric__attendance_overall_attendance_avg_3m,-1.858514,Reduces Risk,numeric__attendance_subject_attendance_current,1.454768,Increases Risk,numeric__attendance_subject_attendance_avg_3m,-1.392618,Reduces Risk,numeric__critical_attendance_flag,-0.997756,Reduces Risk
S2082,numeric__academic_warning_score,1.191444,Increases Risk,numeric__academic_cgpa_current,-1.179347,Reduces Risk,numeric__placement_aptitude_score_current,0.745507,Increases Risk,numeric__attendance_declining_flag,-0.74125,Reduces Risk,numeric__skills_soft_skills_score_avg_3m,-0.683474,Reduces Risk,numeric__attendance_overall_attendance_current,1.798829,Increases Risk,numeric__attendance_subject_attendance_current,1.169042,Increases Risk,numeric__attendance_overall_attendance_avg_3m,-1.138708,Reduces Risk,numeric__engagement_hackathons_attended_current,-1.050022,Reduces Risk,numeric__critical_attendance_flag,-0.997756,Reduces Risk
S2083,numeric__feedback_satisfaction_score_avg_3m,-0.778104,Reduces Risk,numeric__placement_mock_interview_score_current,-0.75327,Reduces Risk,numeric__placement_mock_interview_score_avg_3m,-0.751609,Reduces Risk,numeric__attendance_declining_flag,-0.74125,Reduces Risk,numeric__academic_warning_score,0.660142,Increases Risk,numeric__skills_soft_skills_score_std_3m,1.153085,Increases Risk,numeric__placement_mock_interview_score_current,-1.147029,Reduces Risk,numeric__skills_soft_skills_score_current,0.738495,Increases Risk,numeric__placement_mock_interview_score_avg_3m,-0.619674,Reduces Risk,numeric__feedback_satisfaction_score_slope_3m,-0.605738,Reduces Risk
S2084,numeric__feedback_satisfaction_score_avg_3m,-1.001788,Reduces Risk,numeric__academic_warning_score,-0.933762,Reduces Risk,numeric__lms_assignment_completion_pct_avg_3m,0.901615,Increases Risk,numeric__placement_coding_score_avg_3m,-0.824702,Reduces Risk,numeric__lms_assignment_completion_pct_current,-0.706393,Reduces Risk,numeric__attendance_overall_attendance_current,-2.062526,Reduces Risk,numeric__attendance_overall_attendance_avg_3m,1.359145,Increases Risk,numeric__attendance_subject_attendance_current,-1.069144,Reduces Risk,numeric__engagement_hackathons_attended_current,-1.050022,Reduces Risk,numeric__attendance_subject_attendance_avg_3m,0.912747,Increases Risk
S2085,numeric__academic_warning_score,1.855571,Increases Risk,numeric__academic_cgpa_current,-1.02926,Reduces Risk,numeric__lms_assignment_completion_pct_avg_3m,-0.883456,Reduces Risk,numeric__skills_soft_skills_score_avg_3m,-0.793484,Reduces Risk,numeric__academic_backlogs_slope_3m,0.781385,Increases Risk,numeric__attendance_overall_attendance_current,1.885358,Increases Risk,numeric__attendance_overall_attendance_avg_3m,-1.3054,Reduces Risk,numeric__engagement_hackathons_attended_current,-1.050022,Reduces Risk,numeric__critical_attendance_flag,-0.997756,Reduces Risk,numeric__engagement_strength,0.961905,Increases Risk
S2086,numeric__skills_soft_skills_score_avg_3m,1.29408,Increases Risk,numeric__placement_coding_score_avg_3m,1.123486,Increases Risk,numeric__placement_aptitude_score_current,-1.118845,Reduces Risk,numeric__placement_mock_interview_score_avg_3m,-1.053014,Reduces Risk,numeric__lms_assignment_completion_pct_avg_3m,0.851832,Increases Risk,numeric__attendance_overall_attendance_current,-1.153972,Reduces Risk,numeric__placement_aptitude_score_current,1.091728,Increases Risk,numeric__placement_mock_interview_score_avg_3m,-0.868172,Reduces Risk,numeric__attendance_overall_attendance_avg_3m,0.846441,Increases Risk,numeric__placement_mock_interview_score_current,-0.794132,Reduces Risk
S2087,numeric__placement_aptitude_score_current,-0.962832,Reduces Risk,numeric__engagement_events_attended_slope_3m,0.71001,Increases Risk,numeric__academic_warning_score,-0.668112,Reduces Risk,numeric__lms_assignment_completion_pct_avg_3m,-0.492305,Reduces Risk,numeric__placement_coding_score_slope_3m,-0.478839,Reduces Risk,numeric__attendance_overall_attendance_current,-1.197236,Reduces Risk,numeric__placement_aptitude_score_current,0.939433,Increases Risk,numeric__attendance_subject_attendance_avg_3m,0.889102,Increases Risk,numeric__attendance_overall_attendance_avg_3m,0.848967,Increases Risk,numeric__attendance_subject_attendance_current,-0.677594,Reduces Risk
S2088,numeric__placement_coding_score_avg_3m,1.647395,Increases Risk,numeric__skills_tech_skills_score_avg_3m,-1.236701,Reduces Risk,numeric__placement_aptitude_score_current,-1.025237,Reduces Risk,numeric__attendance_declining_flag,-0.74125,Reduces Risk,numeric__skills_soft_skills_score_avg_3m,0.576398,Increases Risk,numeric__placement_aptitude_score_current,1.000351,Increases Risk,numeric__placement_coding_score_avg_3m,-0.811737,Reduces Risk,numeric__academic_internal_marks_avg_3m,-0.56091,Reduces Risk,numeric__skills_tech_skills_score_avg_3m,0.557157,Increases Risk,numeric__placement_readiness_score,0.437474,Increases Risk
S2089,numeric__engagement_events_attended_slope_3m,0.71001,Increases Risk,numeric__cgpa_declining_flag,0.487485,Increases Risk,numeric__skills_tech_skills_score_avg_3m,-0.413667,Reduces Risk,numeric__engagement_club_participations_avg_3m,0.408415,Increases Risk,categorical__department_ECE,0.346156,Increases Risk,numeric__engagement_strength,-0.905872,Reduces Risk,numeric__attendance_overall_attendance_current,-0.494188,Reduces Risk,numeric__skills_soft_skills_score_std_3m,0.493319,Increases Risk,numeric__engagement_certifications_count_current,0.39235,Increases Risk,numeric__engagement_events_attended_current,0.359537,Increases Risk
S2090,numeric__placement_coding_score_avg_3m,-1.850559,Reduces Risk,numeric__skills_tech_skills_score_avg_3m,1.582498,Increases Risk,numeric__feedback_satisfaction_score_avg_3m,-1.050415,Reduces Risk,numeric__placement_aptitude_score_current,0.987326,Increases Risk,numeric__feedback_satisfaction_score_current,0.913886,Increases Risk,numeric__attendance_overall_attendance_current,-1.32703,Reduces Risk,numeric__engagement_hackathons_attended_current,-1.050022,Reduces Risk,numeric__placement_aptitude_score_current,-0.964257,Reduces Risk,numeric__engagement_strength,0.961905,Increases Risk,numeric__placement_coding_score_avg_3m,0.911843,Increases Risk
S2091,numeric__feedback_satisfaction_score_avg_3m,1.162111,Increases Risk,numeric__lms_assignment_completion_pct_avg_3m,-1.122888,Reduces Risk,numeric__lms_assignment_completion_pct_current,0.598657,Increases Risk,numeric__placement_mock_interview_score_avg_3m,0.551242,Increases Risk,numeric__academic_warning_score,-0.535286,Reduces Risk,numeric__engagement_strength,0.775128,Increases Risk,numeric__skills_soft_skills_score_std_3m,0.68644,Increases Risk,numeric__engagement_events_attended_current,-0.630014,Reduces Risk,numeric__lms_assignment_completion_pct_current,-0.519873,Reduces Risk,numeric__attendance_overall_attendance_current,0.479262,Increases Risk
S2092,numeric__skills_soft_skills_score_avg_3m,-1.034457,Reduces Risk,numeric__lms_logins_per_week_slope_3m,0.8884,Increases Risk,numeric__placement_coding_score_avg_3m,-0.868622,Reduces Risk,numeric__lms_assignment_completion_pct_avg_3m,-0.805226,Reduces Risk,numeric__attendance_declining_flag,-0.74125,Reduces Risk,numeric__attendance_overall_attendance_current,1.431081,Increases Risk,numeric__academic_internal_marks_avg_3m,0.921103,Increases Risk,numeric__attendance_overall_attendance_avg_3m,-0.775016,Reduces Risk,numeric__placement_mock_interview_score_current,0.708526,Increases Risk,numeric__skills_soft_skills_score_current,-0.602801,Reduces Risk
S2093,numeric__academic_warning_score,-0.933762,Reduces Risk,numeric__skills_tech_skills_score_avg_3m,0.845452,Increases Risk,numeric__placement_coding_score_avg_3m,-0.774507,Reduces Risk,numeric__feedback_satisfaction_score_avg_3m,-0.746496,Reduces Risk,numeric__feedback_satisfaction_score_missing,-0.713384,Reduces Risk,numeric__feedback_satisfaction_score_slope_3m,2.000241,Increases Risk,numeric__engagement_strength,-1.279427,Reduces Risk,numeric__engagement_hackathons_attended_current,-1.050022,Reduces Risk,numeric__engagement_events_attended_current,1.019238,Increases Risk,numeric__engagement_events_attended_avg_3m,0.483703,Increases Risk
S2094,numeric__placement_coding_score_avg_3m,-1.194889,Reduces Risk,numeric__placement_aptitude_score_current,1.127738,Increases Risk,numeric__skills_tech_skills_score_avg_3m,1.045069,Increases Risk,numeric__academic_warning_score,-0.668112,Reduces Risk,numeric__skills_soft_skills_score_avg_3m,-0.646804,Reduces Risk,numeric__placement_aptitude_score_current,-1.101323,Reduces Risk,numeric__engagement_hackathons_attended_current,-1.050022,Reduces Risk,numeric__placement_mock_interview_score_std_3m,-0.753438,Reduces Risk,numeric__placement_coding_score_avg_3m,0.588769,Increases Risk,numeric__skills_tech_skills_score_avg_3m,-0.470824,Reduces Risk
S2095,numeric__placement_coding_score_avg_3m,-1.67174,Reduces Risk,numeric__skills_tech_skills_score_avg_3m,1.342958,Increases Risk,numeric__academic_cgpa_current,-0.954216,Reduces Risk,numeric__engagement_events_attended_slope_3m,-0.88194,Reduces Risk,numeric__placement_aptitude_score_current,0.854716,Increases Risk,numeric__attendance_overall_attendance_current,-1.748858,Reduces Risk,numeric__engagement_strength,1.522238,Increases Risk,numeric__attendance_overall_attendance_avg_3m,1.235389,Increases Risk,numeric__academic_internal_marks_avg_3m,1.077589,Increases Risk,numeric__engagement_hackathons_attended_current,-1.050022,Reduces Risk
S2096,numeric__placement_coding_score_avg_3m,-1.630957,Reduces Risk,numeric__placement_aptitude_score_current,1.268149,Increases Risk,numeric__skills_tech_skills_score_avg_3m,1.235472,Increases Risk,numeric__feedback_faculty_rating_avg_3m,0.904699,Increases Risk,numeric__feedback_satisfaction_score_avg_3m,-0.865632,Reduces Risk,numeric__placement_aptitude_score_current,-1.238388,Reduces Risk,numeric__academic_internal_marks_avg_3m,0.916501,Increases Risk,numeric__placement_coding_score_avg_3m,0.803637,Increases Risk,numeric__engagement_strength,0.775128,Increases Risk,numeric__feedback_faculty_rating_current,0.754596,Increases Risk
S2097,numeric__skills_soft_skills_score_avg_3m,1.477429,Increases Risk,numeric__placement_coding_score_avg_3m,1.393284,Increases Risk,numeric__placement_mock_interview_score_avg_3m,-1.194967,Reduces Risk,numeric__skills_tech_skills_score_avg_3m,-1.184493,Reduces Risk,numeric__placement_aptitude_score_current,-1.025237,Reduces Risk,numeric__placement_mock_interview_score_current,-1.289327,Reduces Risk,numeric__attendance_overall_attendance_current,-1.110707,Reduces Risk,numeric__placement_aptitude_score_current,1.000351,Increases Risk,numeric__placement_mock_interview_score_avg_3m,-0.985207,Reduces Risk,numeric__attendance_overall_attendance_avg_3m,0.933576,Increases Risk
S2098,numeric__feedback_satisfaction_score_avg_3m,0.841173,Increases Risk,numeric__placement_mock_interview_score_avg_3m,0.673749,Increases Risk,numeric__lms_assignment_completion_pct_avg_3m,-0.542088,Reduces Risk,numeric__skills_soft_skills_score_avg_3m,-0.513221,Reduces Risk,numeric__placement_coding_score_avg_3m,0.505462,Increases Risk,numeric__engagement_strength,1.335461,Increases Risk,numeric__attendance_overall_attendance_current,0.879459,Increases Risk,numeric__placement_mock_interview_score_current,0.759753,Increases Risk,numeric__engagement_events_attended_current,-0.630014,Reduces Risk,numeric__academic_internal_marks_avg_3m,0.580516,Increases Risk
S2099,numeric__skills_soft_skills_score_avg_3m,1.689591,Increases Risk,numeric__placement_mock_interview_score_avg_3m,-1.319418,Reduces Risk,numeric__placement_aptitude_score_current,-1.017437,Reduces Risk,numeric__placement_mock_interview_score_current,-0.932691,Reduces Risk,numeric__feedback_satisfaction_score_avg_3m,-0.846182,Reduces Risk,numeric__engagement_strength,-1.652983,Reduces Risk,numeric__placement_mock_interview_score_current,-1.42024,Reduces Risk,numeric__placement_mock_interview_score_avg_3m,-1.087812,Reduces Risk,numeric__placement_aptitude_score_current,0.992736,Increases Risk,numeric__skills_soft_skills_score_current,0.92106,Increases Risk
S2100,numeric__feedback_satisfaction_score_avg_3m,1.237482,Increases Risk,numeric__placement_coding_score_avg_3m,-0.997246,Reduces Risk,numeric__skills_tech_skills_score_avg_3m,0.98979,Increases Risk,numeric__feedback_satisfaction_score_current,-0.961546,Reduces Risk,numeric__lms_assignment_completion_pct_avg_3m,-0.873974,Reduces Risk,numeric__attendance_overall_attendance_current,1.820461,Increases Risk,numeric__engagement_strength,1.522238,Increases Risk,numeric__attendance_subject_attendance_current,1.195499,Increases Risk,numeric__attendance_overall_attendance_avg_3m,-1.180381,Reduces Risk,numeric__engagement_hackathons_attended_current,-1.050022,Reduces Risk
S2101,numeric__placement_coding_score_slope_3m,-0.729148,Reduces Risk,numeric__feedback_satisfaction_score_avg_3m,-0.671125,Reduces Risk,numeric__academic_warning_score,-0.668112,Reduces Risk,numeric__lms_logins_per_week_slope_3m,-0.641126,Reduces Risk,numeric__lms_assignment_completion_pct_avg_3m,0.579212,Increases Risk,numeric__attendance_overall_attendance_current,-2.062526,Reduces Risk,numeric__attendance_overall_attendance_avg_3m,1.121735,Increases Risk,numeric__attendance_subject_attendance_current,-0.841622,Reduces Risk,numeric__placement_coding_score_slope_3m,0.672014,Increases Risk,numeric__attendance_subject_attendance_avg_3m,0.670388,Increases Risk
S2102,numeric__placement_coding_score_avg_3m,1.088978,Increases Risk,numeric__skills_soft_skills_score_avg_3m,1.053106,Increases Risk,numeric__skills_tech_skills_score_avg_3m,-0.941883,Reduces Risk,numeric__engagement_events_attended_slope_3m,-0.88194,Reduces Risk,numeric__placement_mock_interview_score_avg_3m,-0.798278,Reduces Risk,numeric__placement_mock_interview_score_current,-1.044575,Reduces Risk,numeric__engagement_hackathons_attended_current,0.859109,Increases Risk,numeric__placement_aptitude_score_slope_3m,0.717365,Increases Risk,numeric__placement_aptitude_score_current,-0.674896,Reduces Risk,numeric__placement_mock_interview_score_avg_3m,-0.658151,Reduces Risk
S2103,numeric__placement_coding_score_avg_3m,-0.918817,Reduces Risk,numeric__placement_aptitude_score_current,0.893719,Increases Risk,numeric__skills_tech_skills_score_avg_3m,0.836239,Increases Risk,numeric__skills_soft_skills_score_avg_3m,-0.832773,Reduces Risk,numeric__academic_cgpa_current,-0.701796,Reduces Risk,numeric__attendance_overall_attendance_current,1.614955,Increases Risk,numeric__engagement_hackathons_attended_current,-1.050022,Reduces Risk,numeric__attendance_overall_attendance_avg_3m,-1.037682,Reduces Risk,numeric__attendance_subject_attendance_current,0.994432,Increases Risk,numeric__attendance_subject_attendance_avg_3m,-0.974894,Reduces Risk
S2104,numeric__placement_coding_score_avg_3m,1.515634,Increases Risk,numeric__skills_tech_skills_score_avg_3m,-1.209061,Reduces Risk,numeric__placement_aptitude_score_current,-0.845823,Reduces Risk,numeric__academic_warning_score,-0.668112,Reduces Risk,numeric__skills_soft_skills_score_avg_3m,0.620926,Increases Risk,numeric__placement_aptitude_score_current,0.825212,Increases Risk,numeric__engagement_strength,0.775128,Increases Risk,numeric__placement_coding_score_avg_3m,-0.746813,Reduces Risk,numeric__placement_mock_interview_score_current,-0.737213,Reduces Risk,numeric__academic_internal_marks_avg_3m,-0.643755,Reduces Risk
S2105,numeric__academic_warning_score,1.58992,Increases Risk,numeric__lms_assignment_completion_pct_avg_3m,-1.509298,Reduces Risk,numeric__placement_aptitude_score_current,1.03413,Increases Risk,numeric__skills_soft_skills_score_avg_3m,-0.966356,Reduces Risk,numeric__placement_mock_interview_score_avg_3m,0.887649,Increases Risk,numeric__attendance_overall_attendance_current,2.674934,Increases Risk,numeric__attendance_overall_attendance_avg_3m,-1.838308,Reduces Risk,numeric__attendance_subject_attendance_avg_3m,-1.298039,Reduces Risk,numeric__attendance_subject_attendance_current,1.253702,Increases Risk,numeric__placement_aptitude_score_current,-1.009946,Reduces Risk
S2106,numeric__placement_coding_score_avg_3m,1.088978,Increases Risk,numeric__skills_tech_skills_score_avg_3m,-0.997161,Reduces Risk,numeric__engagement_events_attended_slope_3m,0.71001,Increases Risk,numeric__attendance_overall_attendance_std_3m,-0.673418,Reduces Risk,numeric__academic_warning_score,-0.668112,Reduces Risk,numeric__attendance_subject_attendance_current,-0.756962,Reduces Risk,numeric__academic_internal_marks_avg_3m,-0.698985,Reduces Risk,numeric__attendance_overall_attendance_avg_3m,0.566096,Increases Risk,numeric__placement_aptitude_score_slope_3m,0.555566,Increases Risk,numeric__placement_coding_score_slope_3m,0.548977,Increases Risk
S2107,numeric__placement_coding_score_avg_3m,-2.791713,Reduces Risk,numeric__skills_tech_skills_score_avg_3m,2.559083,Increases Risk,numeric__academic_backlogs_avg_3m,-2.197055,Reduces Risk,numeric__placement_aptitude_score_current,1.993608,Increases Risk,numeric__academic_cgpa_current,-1.868386,Reduces Risk,numeric__engagement_strength,2.269349,Increases Risk,numeric__engagement_hackathons_attended_current,-2.004588,Reduces Risk,numeric__placement_aptitude_score_current,-1.946561,Reduces Risk,numeric__low_aptitude_flag,-1.905883,Reduces Risk,numeric__academic_internal_marks_avg_3m,1.846211,Increases Risk
S2108,numeric__academic_backlogs_avg_3m,-0.955781,Reduces Risk,numeric__placement_aptitude_score_current,0.589494,Increases Risk,numeric__placement_aptitude_score_slope_3m,0.456278,Increases Risk,numeric__lms_assignment_completion_pct_avg_3m,0.434604,Increases Risk,numeric__engagement_events_attended_slope_3m,0.39162,Increases Risk,numeric__engagement_strength,-1.09265,Reduces Risk,numeric__engagement_hackathons_attended_current,0.859109,Increases Risk,numeric__attendance_overall_attendance_current,-0.60235,Reduces Risk,numeric__placement_aptitude_score_current,-0.575904,Reduces Risk,numeric__placement_aptitude_score_slope_3m,-0.483352,Reduces Risk
S2109,numeric__lms_logins_per_week_missing,-1.54038,Reduces Risk,numeric__lms_logins_per_week_slope_3m,0.760939,Increases Risk,numeric__attendance_declining_flag,-0.74125,Reduces Risk,numeric__lms_assignment_completion_pct_avg_3m,-0.679583,Reduces Risk,numeric__skills_soft_skills_score_avg_3m,-0.631089,Reduces Risk,numeric__engagement_strength,-1.09265,Reduces Risk,numeric__engagement_hackathons_attended_current,0.859109,Increases Risk,numeric__placement_mock_interview_score_current,0.53777,Increases Risk,numeric__placement_mock_interview_score_avg_3m,0.459289,Increases Risk,numeric__skills_soft_skills_score_std_3m,-0.454432,Reduces Risk
S2110,numeric__skills_soft_skills_score_avg_3m,1.419805,Increases Risk,numeric__placement_coding_score_avg_3m,1.007411,Increases Risk,numeric__placement_mock_interview_score_avg_3m,-1.000511,Reduces Risk,numeric__lms_assignment_completion_pct_avg_3m,0.956139,Increases Risk,numeric__academic_warning_score,-0.933762,Reduces Risk,numeric__engagement_strength,-2.213316,Reduces Risk,numeric__attendance_overall_attendance_current,-1.251317,Reduces Risk,numeric__attendance_subject_attendance_current,-1.069144,Reduces Risk,numeric__engagement_hackathons_attended_current,0.859109,Increases Risk,numeric__placement_mock_interview_score_avg_3m,-0.824885,Reduces Risk
S2111,numeric__placement_coding_score_avg_3m,-1.10391,Reduces Risk,numeric__skills_tech_skills_score_avg_3m,0.621268,Increases Risk,numeric__placement_coding_score_current,0.596132,Increases Risk,numeric__engagement_hackathons_attended_std_3m,-0.55575,Reduces Risk,numeric__engagement_events_attended_slope_3m,0.39162,Increases Risk,numeric__attendance_subject_attendance_current,-0.598225,Reduces Risk,numeric__placement_coding_score_avg_3m,0.54394,Increases Risk,numeric__placement_mock_interview_score_std_3m,-0.469976,Reduces Risk,numeric__academic_internal_marks_avg_3m,0.426332,Increases Risk,numeric__skills_soft_skills_score_std_3m,0.406443,Increases Risk
S2112,numeric__lms_logins_per_week_slope_3m,-1.023508,Reduces Risk,numeric__placement_coding_score_slope_3m,-0.975284,Reduces Risk,numeric__skills_tech_skills_score_std_3m,0.79083,Increases Risk,numeric__academic_warning_score,-0.668112,Reduces Risk,numeric__placement_coding_score_avg_3m,0.568206,Increases Risk,numeric__engagement_strength,-1.09265,Reduces Risk,numeric__attendance_overall_attendance_current,-0.99173,Reduces Risk,numeric__placement_coding_score_slope_3m,0.898864,Increases Risk,numeric__engagement_hackathons_attended_current,0.859109,Increases Risk,numeric__attendance_subject_attendance_current,-0.667011,Reduces Risk
S2113,numeric__engagement_events_attended_slope_3m,1.34679,Increases Risk,numeric__placement_coding_score_avg_3m,0.784671,Increases Risk,numeric__engagement_strength,-0.753823,Reduces Risk,numeric__skills_tech_skills_score_avg_3m,-0.736124,Reduces Risk,numeric__feedback_satisfaction_score_avg_3m,0.568862,Increases Risk,numeric__engagement_strength,-2.586872,Reduces Risk,numeric__engagement_events_attended_current,1.349088,Increases Risk,numeric__attendance_overall_attendance_current,-0.79704,Reduces Risk,numeric__attendance_overall_attendance_avg_3m,0.576198,Increases Risk,categorical__department_CSE,-0.416441,Reduces Risk
S2114,numeric__feedback_satisfaction_score_avg_3m,-1.026101,Reduces Risk,numeric__placement_coding_score_avg_3m,0.828592,Increases Risk,numeric__attendance_declining_flag,-0.74125,Reduces Risk,numeric__skills_soft_skills_score_avg_3m,0.691646,Increases Risk,numeric__placement_mock_interview_score_avg_3m,-0.570765,Reduces Risk,numeric__placement_mock_interview_score_avg_3m,-0.470575,Reduces Risk,numeric__placement_mock_interview_score_std_3m,-0.458278,Reduces Risk,numeric__placement_coding_score_slope_3m,-0.435321,Reduces Risk,numeric__attendance_subject_attendance_current,0.417689,Increases Risk,numeric__placement_coding_score_avg_3m,-0.40828,Reduces Risk
S2115,numeric__lms_assignment_completion_pct_avg_3m,1.067558,Increases Risk,numeric__skills_soft_skills_score_avg_3m,1.050487,Increases Risk,numeric__placement_coding_score_avg_3m,1.045057,Increases Risk,numeric__placement_mock_interview_score_avg_3m,-0.971343,Reduces Risk,numeric__placement_mock_interview_score_current,-0.820552,Reduces Risk,numeric__engagement_strength,-2.213316,Reduces Risk,numeric__attendance_overall_attendance_current,-1.759674,Reduces Risk,numeric__attendance_overall_attendance_avg_3m,1.354094,Increases Risk,numeric__placement_mock_interview_score_current,-1.249483,Reduces Risk,numeric__attendance_subject_attendance_avg_3m,0.898954,Increases Risk
S2116,numeric__lms_logins_per_week_slope_3m,-1.023508,Reduces Risk,numeric__attendance_declining_flag,-0.74125,Reduces Risk,numeric__lms_assignment_completion_pct_avg_3m,0.716707,Increases Risk,numeric__feedback_satisfaction_score_avg_3m,-0.714889,Reduces Risk,numeric__cgpa_declining_flag,0.487485,Increases Risk,numeric__engagement_hackathons_attended_current,-1.050022,Reduces Risk,numeric__attendance_overall_attendance_current,-0.970098,Reduces Risk,numeric__attendance_overall_attendance_avg_3m,0.889377,Increases Risk,numeric__attendance_subject_attendance_avg_3m,0.694033,Increases Risk,numeric__lms_logins_per_week_slope_3m,-0.601615,Reduces Risk
S2117,numeric__placement_coding_score_avg_3m,0.96349,Increases Risk,numeric__skills_tech_skills_score_avg_3m,-0.831326,Reduces Risk,numeric__attendance_declining_flag,-0.74125,Reduces Risk,numeric__placement_aptitude_score_current,-0.635206,Reduces Risk,numeric__lms_assignment_completion_pct_avg_3m,0.529429,Increases Risk,numeric__engagement_hackathons_attended_current,0.859109,Increases Risk,numeric__placement_aptitude_score_current,0.619613,Increases Risk,numeric__attendance_overall_attendance_slope_3m,-0.561055,Reduces Risk,numeric__engagement_strength,-0.532317,Reduces Risk,numeric__attendance_overall_attendance_avg_3m,0.528211,Increases Risk
S2118,numeric__placement_coding_score_avg_3m,1.179956,Increases Risk,numeric__academic_warning_score,-0.933762,Reduces Risk,numeric__skills_soft_skills_score_avg_3m,0.830468,Increases Risk,numeric__feedback_satisfaction_score_missing,-0.713384,Reduces Risk,numeric__academic_cgpa_current,0.710392,Increases Risk,numeric__attendance_overall_attendance_current,-1.424375,Reduces Risk,numeric__attendance_overall_attendance_avg_3m,0.745416,Increases Risk,numeric__academic_internal_marks_avg_3m,-0.719697,Reduces Risk,numeric__attendance_subject_attendance_current,-0.598225,Reduces Risk,numeric__placement_coding_score_avg_3m,-0.581411,Reduces Risk
S2119,numeric__placement_aptitude_score_current,-1.126646,Reduces Risk,numeric__skills_soft_skills_score_avg_3m,0.979767,Increases Risk,numeric__placement_coding_score_avg_3m,0.954079,Increases Risk,numeric__placement_mock_interview_score_avg_3m,-0.893561,Reduces Risk,numeric__attendance_declining_flag,-0.74125,Reduces Risk,numeric__engagement_strength,-1.839761,Reduces Risk,numeric__engagement_hackathons_attended_current,1.813675,Increases Risk,numeric__placement_aptitude_score_current,1.099343,Increases Risk,numeric__feedback_satisfaction_score_slope_3m,-1.085098,Reduces Risk,numeric__placement_mock_interview_score_current,-1.0275,Reduces Risk
S2120,numeric__placement_coding_score_avg_3m,1.603475,Increases Risk,numeric__skills_tech_skills_score_avg_3m,-1.236701,Reduces Risk,numeric__feedback_satisfaction_score_avg_3m,-0.778104,Reduces Risk,numeric__academic_cgpa_current,0.764969,Increases Risk,numeric__placement_aptitude_score_current,-0.682009,Reduces Risk,numeric__engagement_strength,-1.09265,Reduces Risk,numeric__engagement_hackathons_attended_current,0.859109,Increases Risk,numeric__placement_coding_score_avg_3m,-0.790095,Reduces Risk,numeric__academic_internal_marks_avg_3m,-0.751914,Reduces Risk,numeric__placement_aptitude_score_current,0.665302,Increases Risk
S2121,numeric__placement_mock_interview_score_avg_3m,-1.126907,Reduces Risk,numeric__placement_coding_score_avg_3m,1.08584,Increases Risk,numeric__skills_soft_skills_score_avg_3m,1.047868,Increases Risk,numeric__placement_mock_interview_score_current,-0.887835,Reduces Risk,numeric__placement_aptitude_score_current,-0.884826,Reduces Risk,numeric__placement_mock_interview_score_current,-1.351937,Reduces Risk,numeric__placement_mock_interview_score_avg_3m,-0.929094,Reduces Risk,numeric__placement_aptitude_score_current,0.863285,Increases Risk,numeric__attendance_overall_attendance_current,0.857826,Increases Risk,numeric__attendance_overall_attendance_avg_3m,-0.747234,Reduces Risk
S2122,numeric__lms_logins_per_week_slope_3m,0.633479,Increases Risk,numeric__skills_tech_skills_score_avg_3m,-0.616354,Reduces Risk,numeric__feedback_faculty_rating_avg_3m,-0.567523,Reduces Risk,numeric__cgpa_declining_flag,0.487485,Increases Risk,numeric__feedback_faculty_rating_current,-0.436299,Reduces Risk,numeric__attendance_overall_attendance_current,1.149862,Increases Risk,numeric__attendance_overall_attendance_avg_3m,-0.908875,Reduces Risk,numeric__engagement_hackathons_attended_current,0.859109,Increases Risk,numeric__attendance_subject_attendance_current,0.666376,Increases Risk,numeric__attendance_subject_attendance_avg_3m,-0.594607,Reduces Risk
S2123,numeric__academic_warning_score,1.58992,Increases Risk,numeric__lms_assignment_completion_pct_avg_3m,-1.186895,Reduces Risk,numeric__placement_aptitude_score_slope_3m,0.781847,Increases Risk,numeric__attendance_declining_flag,-0.74125,Reduces Risk,numeric__attendance_overall_attendance_avg_3m,0.737108,Increases Risk,numeric__attendance_overall_attendance_current,3.042683,Increases Risk,numeric__attendance_overall_attendance_avg_3m,-2.025205,Reduces Risk,numeric__attendance_subject_attendance_avg_3m,-1.384736,Reduces Risk,numeric__attendance_subject_attendance_current,1.105548,Increases Risk,numeric__critical_attendance_flag,-0.997756,Reduces Risk
S2124,numeric__academic_warning_score,1.988396,Increases Risk,numeric__lms_assignment_completion_pct_avg_3m,-1.784289,Reduces Risk,numeric__feedback_satisfaction_score_avg_3m,1.332305,Increases Risk,numeric__lms_assignment_completion_pct_current,0.924919,Increases Risk,numeric__attendance_declining_flag,-0.74125,Reduces Risk,numeric__attendance_overall_attendance_current,1.679852,Increases Risk,numeric__attendance_overall_attendance_avg_3m,-1.0099,Reduces Risk,numeric__critical_attendance_flag,-0.997756,Reduces Risk,numeric__attendance_subject_attendance_current,0.98385,Increases Risk,numeric__attendance_subject_attendance_avg_3m,-0.925634,Reduces Risk
S2125,numeric__academic_warning_score,1.324269,Increases Risk,numeric__engagement_events_attended_slope_3m,-1.20033,Reduces Risk,numeric__lms_assignment_completion_pct_avg_3m,-1.042287,Reduces Risk,numeric__placement_aptitude_score_current,-0.783418,Reduces Risk,numeric__academic_backlogs_slope_3m,0.781385,Increases Risk,numeric__attendance_overall_attendance_current,0.98762,Increases Risk,numeric__low_lms_flag,0.913609,Increases Risk,numeric__placement_aptitude_score_current,0.764293,Increases Risk,numeric__placement_mock_interview_score_std_3m,-0.693123,Reduces Risk,numeric__placement_mock_interview_score_current,-0.685986,Reduces Risk
S2126,numeric__placement_aptitude_score_current,1.416361,Increases Risk,numeric__feedback_satisfaction_score_avg_3m,1.310423,Increases Risk,numeric__lms_assignment_completion_pct_avg_3m,-1.239048,Reduces Risk,numeric__skills_soft_skills_score_avg_3m,-0.864204,Reduces Risk,numeric__placement_mock_interview_score_avg_3m,0.767087,Increases Risk,numeric__placement_aptitude_score_current,-1.383069,Reduces Risk,numeric__placement_mock_interview_score_current,1.078499,Increases Risk,numeric__low_lms_flag,0.913609,Increases Risk,numeric__engagement_hackathons_attended_current,0.859109,Increases Risk,numeric__feedback_satisfaction_score_slope_3m,-0.719041,Reduces Risk
S2127,numeric__placement_coding_score_avg_3m,1.104663,Increases Risk,numeric__skills_tech_skills_score_avg_3m,-0.877391,Reduces Risk,numeric__feedback_satisfaction_score_avg_3m,-0.695438,Reduces Risk,numeric__academic_cgpa_std_3m,-0.646217,Reduces Risk,numeric__lms_logins_per_week_slope_3m,-0.641126,Reduces Risk,numeric__attendance_overall_attendance_current,-1.056627,Reduces Risk,numeric__attendance_overall_attendance_avg_3m,0.70248,Increases Risk,numeric__academic_internal_marks_avg_3m,-0.639153,Reduces Risk,numeric__attendance_subject_attendance_avg_3m,0.638862,Increases Risk,numeric__attendance_subject_attendance_current,-0.61939,Reduces Risk
S2128,numeric__skills_tech_skills_score_avg_3m,-0.911172,Reduces Risk,numeric__placement_coding_score_avg_3m,0.903884,Increases Risk,numeric__cgpa_declining_flag,0.487485,Increases Risk,numeric__feedback_satisfaction_score_current,-0.462578,Reduces Risk,numeric__skills_soft_skills_score_avg_3m,0.408764,Increases Risk,numeric__attendance_overall_attendance_current,-1.251317,Reduces Risk,numeric__engagement_strength,-1.09265,Reduces Risk,numeric__attendance_subject_attendance_current,-0.883951,Reduces Risk,numeric__engagement_hackathons_attended_current,0.859109,Increases Risk,numeric__feedback_satisfaction_score_slope_3m,-0.753904,Reduces Risk
S2129,numeric__lms_assignment_completion_pct_avg_3m,-1.388397,Reduces Risk,numeric__academic_warning_score,1.324269,Increases Risk,numeric__placement_mock_interview_score_avg_3m,0.957653,Increases Risk,numeric__skills_soft_skills_score_avg_3m,-0.762052,Reduces Risk,numeric__attendance_declining_flag,-0.74125,Reduces Risk,numeric__attendance_overall_attendance_current,1.76638,Increases Risk,numeric__attendance_overall_attendance_avg_3m,-1.037682,Reduces Risk,numeric__placement_mock_interview_score_current,1.027272,Increases Risk,numeric__critical_attendance_flag,-0.997756,Reduces Risk,numeric__engagement_certifications_count_current,0.937282,Increases Risk
S2130,numeric__feedback_satisfaction_score_avg_3m,-0.914259,Reduces Risk,numeric__lms_assignment_completion_pct_avg_3m,0.813902,Increases Risk,numeric__feedback_satisfaction_score_current,0.767637,Increases Risk,numeric__attendance_declining_flag,-0.74125,Reduces Risk,numeric__placement_coding_score_avg_3m,-0.589413,Reduces Risk,numeric__engagement_strength,-1.652983,Reduces Risk,numeric__engagement_hackathons_attended_current,0.859109,Increases Risk,numeric__attendance_overall_attendance_current,-0.807856,Reduces Risk,numeric__attendance_subject_attendance_avg_3m,0.709796,Increases Risk,numeric__attendance_overall_attendance_avg_3m,0.70248,Increases Risk
S2131,numeric__skills_soft_skills_score_avg_3m,-1.372344,Reduces Risk,numeric__placement_mock_interview_score_avg_3m,1.284338,Increases Risk,numeric__placement_aptitude_score_current,1.174542,Increases Risk,numeric__placement_mock_interview_score_current,0.891424,Increases Risk,numeric__engagement_events_attended_slope_3m,-0.88194,Reduces Risk,numeric__engagement_strength,1.895794,Increases Risk,numeric__placement_mock_interview_score_current,1.357402,Increases Risk,numeric__placement_aptitude_score_current,-1.147011,Reduces Risk,numeric__placement_mock_interview_score_avg_3m,1.05889,Increases Risk,numeric__attendance_overall_attendance_current,1.020068,Increases Risk
S2132,numeric__placement_coding_score_avg_3m,1.33054,Increases Risk,numeric__skills_tech_skills_score_avg_3m,-1.166067,Reduces Risk,numeric__lms_logins_per_week_slope_3m,-0.768587,Reduces Risk,numeric__feedback_satisfaction_score_avg_3m,0.656391,Increases Risk,numeric__placement_aptitude_score_slope_3m,-0.588757,Reduces Risk,numeric__attendance_overall_attendance_current,0.955172,Increases Risk,numeric__attendance_overall_attendance_avg_3m,-0.918977,Reduces Risk,numeric__low_lms_flag,0.913609,Increases Risk,numeric__attendance_subject_attendance_avg_3m,-0.787706,Reduces Risk,numeric__engagement_strength,0.775128,Increases Risk
S2133,numeric__placement_coding_score_avg_3m,1.060743,Increases Risk,numeric__feedback_satisfaction_score_avg_3m,0.748782,Increases Risk,numeric__feedback_satisfaction_score_missing,-0.713384,Reduces Risk,numeric__skills_tech_skills_score_avg_3m,-0.668562,Reduces Risk,numeric__lms_assignment_completion_pct_avg_3m,-0.644024,Reduces Risk,numeric__engagement_strength,0.775128,Increases Risk,numeric__attendance_overall_attendance_avg_3m,-0.686619,Reduces Risk,numeric__attendance_overall_attendance_current,0.576607,Increases Risk,numeric__academic_internal_marks_avg_3m,-0.567813,Reduces Risk,numeric__attendance_subject_attendance_avg_3m,-0.541406,Reduces Risk
S2134,numeric__academic_backlogs_avg_3m,-0.955781,Reduces Risk,numeric__attendance_declining_flag,-0.74125,Reduces Risk,categorical__department_INFO TECH,0.662052,Increases Risk,numeric__placement_coding_score_avg_3m,0.568206,Increases Risk,numeric__engagement_hackathons_attended_std_3m,-0.55575,Reduces Risk,numeric__engagement_hackathons_attended_current,0.859109,Increases Risk,numeric__attendance_overall_attendance_slope_3m,-0.544912,Reduces Risk,numeric__placement_aptitude_score_slope_3m,-0.542963,Reduces Risk,numeric__engagement_strength,-0.532317,Reduces Risk,numeric__academic_internal_marks_slope_3m,-0.431353,Reduces Risk
S2135,numeric__academic_warning_score,1.722745,Increases Risk,numeric__lms_assignment_completion_pct_avg_3m,-1.601752,Reduces Risk,numeric__lms_assignment_completion_pct_current,1.035987,Increases Risk,numeric__skills_tech_skills_score_avg_3m,-0.972593,Reduces Risk,numeric__placement_coding_score_avg_3m,0.878787,Increases Risk,numeric__attendance_overall_attendance_current,2.285554,Increases Risk,numeric__attendance_subject_attendance_current,1.380691,Increases Risk,numeric__engagement_strength,1.335461,Increases Risk,numeric__attendance_overall_attendance_avg_3m,-1.282669,Reduces Risk,numeric__critical_attendance_flag,-0.997756,Reduces Risk
S2136,numeric__placement_coding_score_avg_3m,1.013685,Increases Risk,numeric__lms_assignment_completion_pct_avg_3m,-0.757814,Reduces Risk,numeric__feedback_satisfaction_score_avg_3m,0.734194,Increases Risk,numeric__placement_coding_score_slope_3m,-0.654055,Reduces Risk,numeric__feedback_faculty_rating_avg_3m,-0.649541,Reduces Risk,numeric__attendance_overall_attendance_current,1.506794,Increases Risk,numeric__engagement_strength,1.335461,Increases Risk,numeric__attendance_overall_attendance_avg_3m,-0.974541,Reduces Risk,numeric__attendance_subject_attendance_current,0.846278,Increases Risk,numeric__attendance_subject_attendance_avg_3m,-0.80938,Reduces Risk
S2137,numeric__attendance_declining_flag,-0.74125,Reduces Risk,numeric__feedback_satisfaction_score_avg_3m,0.729331,Increases Risk,numeric__engagement_events_attended_slope_3m,-0.56355,Reduces Risk,numeric__engagement_hackathons_attended_std_3m,-0.55575,Reduces Risk,numeric__academic_warning_score,-0.535286,Reduces Risk,numeric__engagement_certifications_count_current,0.937282,Increases Risk,numeric__engagement_strength,-0.905872,Reduces Risk,numeric__academic_internal_marks_slope_3m,0.64359,Increases Risk,numeric__placement_aptitude_score_slope_3m,-0.491868,Reduces Risk,numeric__academic_subject_score_avg_slope_3m,-0.445534,Reduces Risk
S2138,numeric__placement_aptitude_score_current,-1.251456,Reduces Risk,numeric__skills_soft_skills_score_avg_3m,1.212882,Increases Risk,numeric__placement_coding_score_avg_3m,1.179956,Increases Risk,numeric__skills_tech_skills_score_avg_3m,-1.070865,Reduces Risk,numeric__placement_mock_interview_score_avg_3m,-1.021901,Reduces Risk,numeric__engagement_strength,-1.652983,Reduces Risk,numeric__placement_aptitude_score_current,1.221179,Increases Risk,numeric__placement_mock_interview_score_current,-1.061651,Reduces Risk,numeric__engagement_hackathons_attended_current,0.859109,Increases Risk,numeric__placement_mock_interview_score_avg_3m,-0.842521,Reduces Risk
S2139,numeric__feedback_satisfaction_score_avg_3m,-1.055277,Reduces Risk,numeric__lms_assignment_completion_pct_avg_3m,0.956139,Increases Risk,numeric__attendance_declining_flag,-0.74125,Reduces Risk,numeric__feedback_satisfaction_score_current,0.647196,Increases Risk,numeric__engagement_hackathons_attended_std_3m,-0.55575,Reduces Risk,numeric__attendance_overall_attendance_current,-1.900284,Reduces Risk,numeric__attendance_overall_attendance_avg_3m,1.407132,Increases Risk,numeric__engagement_strength,-1.279427,Reduces Risk,numeric__attendance_subject_attendance_avg_3m,1.084172,Increases Risk,numeric__attendance_subject_attendance_current,-1.069144,Reduces Risk
S2140,numeric__placement_aptitude_score_current,1.236947,Increases Risk,numeric__attendance_declining_flag,-0.74125,Reduces Risk,numeric__feedback_satisfaction_score_missing,-0.713384,Reduces Risk,numeric__feedback_satisfaction_score_avg_3m,0.632077,Increases Risk,numeric__placement_mock_interview_score_current,0.555009,Increases Risk,numeric__attendance_overall_attendance_current,-1.262133,Reduces Risk,numeric__placement_aptitude_score_current,-1.207929,Reduces Risk,numeric__attendance_overall_attendance_avg_3m,0.89948,Increases Risk,numeric__placement_mock_interview_score_current,0.845132,Increases Risk,numeric__attendance_subject_attendance_avg_3m,0.62901,Increases Risk
S2141,numeric__academic_warning_score,1.988396,Increases Risk,numeric__lms_assignment_completion_pct_avg_3m,-1.255642,Reduces Risk,numeric__engagement_hackathons_attended_std_3m,1.073761,Increases Risk,numeric__attendance_overall_attendance_avg_3m,1.031267,Increases Risk,numeric__academic_cgpa_current,-0.742729,Reduces Risk,numeric__attendance_overall_attendance_current,4.318985,Increases Risk,numeric__attendance_overall_attendance_avg_3m,-2.833409,Reduces Risk,numeric__attendance_subject_attendance_avg_3m,-2.009352,Reduces Risk,numeric__attendance_subject_attendance_current,1.920396,Increases Risk,numeric__engagement_hackathons_attended_current,-1.050022,Reduces Risk
S2142,numeric__placement_coding_score_avg_3m,-1.395668,Reduces Risk,numeric__placement_aptitude_score_current,1.353956,Increases Risk,numeric__feedback_satisfaction_score_avg_3m,-1.18657,Reduces Risk,numeric__lms_assignment_completion_pct_avg_3m,0.944286,Increases Risk,numeric__academic_cgpa_current,-0.865528,Reduces Risk,numeric__engagement_strength,1.522238,Increases Risk,numeric__attendance_overall_attendance_current,-1.337846,Reduces Risk,numeric__placement_aptitude_score_current,-1.322151,Reduces Risk,numeric__engagement_hackathons_attended_current,-1.050022,Reduces Risk,numeric__attendance_overall_attendance_avg_3m,1.018184,Increases Risk
S2143,numeric__academic_warning_score,1.988396,Increases Risk,numeric__lms_assignment_completion_pct_avg_3m,-0.997246,Reduces Risk,numeric__academic_backlogs_slope_3m,0.781385,Increases Risk,numeric__attendance_declining_flag,-0.74125,Reduces Risk,numeric__placement_coding_score_slope_3m,0.672578,Increases Risk,numeric__attendance_overall_attendance_current,3.129212,Increases Risk,numeric__attendance_overall_attendance_avg_3m,-1.729706,Reduces Risk,numeric__attendance_subject_attendance_avg_3m,-1.323654,Reduces Risk,numeric__attendance_subject_attendance_current,1.269576,Increases Risk,numeric__critical_attendance_flag,-0.997756,Reduces Risk
S2144,numeric__academic_warning_score,1.58992,Increases Risk,numeric__engagement_hackathons_attended_std_3m,1.073761,Increases Risk,numeric__attendance_declining_flag,-0.74125,Reduces Risk,numeric__lms_assignment_completion_pct_avg_3m,-0.556312,Reduces Risk,numeric__academic_cgpa_std_3m,-0.55292,Reduces Risk,numeric__attendance_overall_attendance_current,1.495977,Increases Risk,numeric__engagement_certifications_count_current,0.937282,Increases Risk,numeric__low_lms_flag,0.913609,Increases Risk,numeric__engagement_strength,-0.905872,Reduces Risk,numeric__attendance_overall_attendance_avg_3m,-0.876042,Reduces Risk
S2145,numeric__lms_assignment_completion_pct_avg_3m,-1.843554,Reduces Risk,numeric__academic_warning_score,1.58992,Increases Risk,numeric__skills_tech_skills_score_avg_3m,-1.05551,Reduces Risk,numeric__placement_coding_score_avg_3m,1.013685,Increases Risk,numeric__feedback_satisfaction_score_avg_3m,0.989485,Increases Risk,numeric__attendance_overall_attendance_current,2.318003,Increases Risk,numeric__attendance_overall_attendance_avg_3m,-1.456938,Reduces Risk,numeric__attendance_subject_attendance_avg_3m,-1.024154,Reduces Risk,numeric__critical_attendance_flag,-0.997756,Reduces Risk,numeric__low_lms_flag,0.913609,Increases Risk
S2146,numeric__lms_logins_per_week_missing,-1.54038,Reduces Risk,numeric__lms_logins_per_week_slope_3m,1.525702,Increases Risk,numeric__placement_coding_score_avg_3m,-1.22626,Reduces Risk,numeric__skills_tech_skills_score_avg_3m,1.069637,Increases Risk,numeric__academic_warning_score,-0.933762,Reduces Risk,numeric__engagement_hackathons_attended_current,-1.050022,Reduces Risk,numeric__lms_logins_per_week_slope_3m,0.896804,Increases Risk,numeric__skills_soft_skills_score_std_3m,-0.698056,Reduces Risk,numeric__placement_coding_score_avg_3m,0.604227,Increases Risk,numeric__placement_aptitude_score_current,-0.514986,Reduces Risk
S2147,numeric__lms_assignment_completion_pct_avg_3m,-1.767695,Reduces Risk,numeric__placement_coding_score_avg_3m,1.631709,Increases Risk,numeric__feedback_satisfaction_score_avg_3m,1.512225,Increases Risk,numeric__skills_tech_skills_score_avg_3m,-1.301192,Reduces Risk,numeric__feedback_satisfaction_score_current,-1.159413,Reduces Risk,numeric__engagement_hackathons_attended_current,1.813675,Increases Risk,numeric__feedback_satisfaction_score_current,0.985846,Increases Risk,numeric__low_lms_flag,0.913609,Increases Risk,numeric__attendance_overall_attendance_avg_3m,-0.873516,Reduces Risk,numeric__attendance_subject_attendance_avg_3m,-0.842877,Reduces Risk
S2148,numeric__feedback_satisfaction_score_avg_3m,-1.074728,Reduces Risk,numeric__skills_soft_skills_score_avg_3m,1.000721,Increases Risk,numeric__placement_mock_interview_score_avg_3m,-0.878004,Reduces Risk,numeric__feedback_satisfaction_score_current,0.681608,Increases Risk,numeric__skills_tech_skills_score_avg_3m,-0.650135,Reduces Risk,numeric__engagement_strength,-1.09265,Reduces Risk,numeric__placement_mock_interview_score_current,-0.947813,Reduces Risk,numeric__engagement_hackathons_attended_current,0.859109,Increases Risk,numeric__placement_mock_interview_score_avg_3m,-0.723883,Reduces Risk,numeric__feedback_satisfaction_score_current,-0.578293,Reduces Risk
S2149,numeric__placement_coding_score_avg_3m,-1.132145,Reduces Risk,numeric__feedback_satisfaction_score_avg_3m,-0.996925,Reduces Risk,numeric__skills_tech_skills_score_avg_3m,0.98979,Increases Risk,numeric__feedback_satisfaction_score_current,0.913886,Increases Risk,numeric__lms_assignment_completion_pct_avg_3m,0.913468,Increases Risk,numeric__attendance_overall_attendance_current,-1.467639,Reduces Risk,numeric__attendance_overall_attendance_avg_3m,0.910845,Increases Risk,numeric__academic_internal_marks_avg_3m,0.86127,Increases Risk,numeric__placement_aptitude_score_current,-0.819577,Reduces Risk,numeric__feedback_satisfaction_score_current,-0.775638,Reduces Risk
S2150,numeric__placement_coding_score_avg_3m,1.732099,Increases Risk,numeric__skills_tech_skills_score_avg_3m,-1.23363,Reduces Risk,numeric__placement_aptitude_score_current,-0.80682,Reduces Risk,numeric__attendance_declining_flag,-0.74125,Reduces Risk,numeric__academic_cgpa_current,0.628526,Increases Risk,numeric__placement_coding_score_avg_3m,-0.853474,Reduces Risk,numeric__placement_aptitude_score_current,0.787138,Increases Risk,numeric__skills_tech_skills_score_avg_3m,0.555774,Increases Risk,numeric__placement_readiness_score,0.506397,Increases Risk,numeric__placement_mock_interview_score_avg_3m,-0.485004,Reduces Risk
S2151,numeric__placement_aptitude_score_current,-1.446472,Reduces Risk,numeric__placement_mock_interview_score_avg_3m,-1.082183,Reduces Risk,numeric__skills_soft_skills_score_avg_3m,0.971909,Increases Risk,numeric__feedback_satisfaction_score_avg_3m,-0.943435,Reduces Risk,numeric__lms_assignment_completion_pct_avg_3m,0.875538,Increases Risk,numeric__placement_aptitude_score_current,1.411548,Increases Risk,numeric__placement_mock_interview_score_current,-1.203948,Reduces Risk,numeric__placement_mock_interview_score_avg_3m,-0.89222,Reduces Risk,numeric__academic_internal_marks_avg_3m,-0.705889,Reduces Risk,numeric__skills_soft_skills_score_current,0.589462,Increases Risk
S2152,numeric__lms_assignment_completion_pct_avg_3m,0.984586,Increases Risk,numeric__placement_mock_interview_score_current,-0.910263,Reduces Risk,numeric__skills_soft_skills_score_avg_3m,0.778082,Increases Risk,numeric__attendance_declining_flag,-0.74125,Reduces Risk,numeric__feedback_satisfaction_score_current,0.647196,Increases Risk,numeric__placement_mock_interview_score_current,-1.386089,Reduces Risk,numeric__placement_mock_interview_score_std_3m,-1.204057,Reduces Risk,numeric__skills_soft_skills_score_std_3m,1.174654,Increases Risk,numeric__feedback_satisfaction_score_slope_3m,0.849776,Increases Risk,numeric__skills_soft_skills_score_current,0.757124,Increases Risk
S2153,numeric__skills_soft_skills_score_avg_3m,-1.608079,Reduces Risk,numeric__placement_coding_score_avg_3m,-1.420766,Reduces Risk,numeric__placement_aptitude_score_current,1.229146,Increases Risk,numeric__placement_mock_interview_score_avg_3m,1.185166,Increases Risk,numeric__feedback_faculty_rating_avg_3m,0.867791,Increases Risk,numeric__engagement_strength,2.082572,Increases Risk,numeric__placement_mock_interview_score_current,1.26064,Increases Risk,numeric__placement_aptitude_score_current,-1.200315,Reduces Risk,numeric__engagement_hackathons_attended_current,-1.050022,Reduces Risk,numeric__placement_mock_interview_score_avg_3m,0.977126,Increases Risk
S2154,numeric__feedback_satisfaction_score_avg_3m,0.797409,Increases Risk,numeric__placement_coding_score_slope_3m,0.781045,Increases Risk,numeric__skills_soft_skills_score_avg_3m,-0.641566,Reduces Risk,numeric__lms_assignment_completion_pct_avg_3m,-0.625059,Reduces Risk,numeric__academic_cgpa_current,0.608059,Increases Risk,numeric__low_lms_flag,0.913609,Increases Risk,numeric__engagement_hackathons_attended_current,0.859109,Increases Risk,numeric__placement_coding_score_slope_3m,-0.719845,Reduces Risk,numeric__lms_logins_per_week_avg_3m,-0.652505,Reduces Risk,numeric__academic_internal_marks_avg_3m,-0.643755,Reduces Risk
S2155,numeric__academic_warning_score,-0.933762,Reduces Risk,numeric__skills_soft_skills_score_avg_3m,-0.754195,Reduces Risk,numeric__engagement_events_attended_slope_3m,0.71001,Increases Risk,numeric__placement_mock_interview_score_avg_3m,0.699028,Increases Risk,numeric__engagement_hackathons_attended_std_3m,0.676045,Increases Risk,numeric__engagement_strength,-1.279427,Reduces Risk,numeric__engagement_hackathons_attended_current,-1.050022,Reduces Risk,numeric__placement_mock_interview_score_current,0.993121,Increases Risk,numeric__engagement_certifications_count_current,0.937282,Increases Risk,numeric__engagement_events_attended_current,0.689387,Increases Risk
S2156,numeric__placement_coding_score_avg_3m,1.537594,Increases Risk,numeric__skills_tech_skills_score_avg_3m,-1.236701,Reduces Risk,numeric__academic_cgpa_current,0.976456,Increases Risk,numeric__academic_warning_score,-0.933762,Reduces Risk,numeric__lms_assignment_completion_pct_avg_3m,0.927692,Increases Risk,numeric__engagement_strength,-1.466205,Reduces Risk,numeric__placement_mock_interview_score_current,-1.255175,Reduces Risk,numeric__attendance_overall_attendance_current,-0.883569,Reduces Risk,numeric__placement_aptitude_score_current,0.802367,Increases Risk,numeric__placement_aptitude_score_slope_3m,-0.777145,Reduces Risk
S2157,numeric__feedback_satisfaction_score_avg_3m,1.580302,Increases Risk,numeric__lms_assignment_completion_pct_avg_3m,-1.203489,Reduces Risk,numeric__skills_soft_skills_score_avg_3m,-0.84325,Reduces Risk,numeric__feedback_satisfaction_score_missing,-0.713384,Reduces Risk,numeric__placement_mock_interview_score_avg_3m,0.662081,Increases Risk,numeric__engagement_strength,1.895794,Increases Risk,numeric__attendance_overall_attendance_current,1.409449,Increases Risk,numeric__feedback_satisfaction_score_slope_3m,-1.294274,Reduces Risk,numeric__attendance_overall_attendance_avg_3m,-1.080618,Reduces Risk,numeric__engagement_events_attended_current,-0.959864,Reduces Risk
S2158,numeric__attendance_declining_flag,-0.74125,Reduces Risk,numeric__placement_coding_score_slope_3m,-0.562276,Reduces Risk,numeric__academic_cgpa_current,0.553482,Increases Risk,numeric__academic_warning_score,-0.535286,Reduces Risk,numeric__lms_assignment_completion_pct_current,-0.446077,Reduces Risk,numeric__attendance_overall_attendance_current,-1.153972,Reduces Risk,numeric__engagement_hackathons_attended_current,0.859109,Increases Risk,numeric__attendance_overall_attendance_avg_3m,0.846441,Increases Risk,numeric__attendance_subject_attendance_avg_3m,0.656596,Increases Risk,numeric__academic_internal_marks_avg_3m,-0.535596,Reduces Risk
S2159,numeric__placement_aptitude_score_current,-1.446472,Reduces Risk,numeric__placement_coding_score_avg_3m,0.994862,Increases Risk,numeric__feedback_faculty_rating_avg_3m,-0.743862,Reduces Risk,numeric__attendance_declining_flag,-0.74125,Reduces Risk,numeric__academic_cgpa_std_3m,-0.610917,Reduces Risk,numeric__placement_aptitude_score_current,1.411548,Increases Risk,numeric__attendance_overall_attendance_current,1.160678,Increases Risk,numeric__attendance_subject_attendance_current,0.756327,Increases Risk,numeric__feedback_faculty_rating_current,-0.653972,Reduces Risk,numeric__attendance_subject_attendance_avg_3m,-0.578844,Reduces Risk
S2160,numeric__academic_warning_score,1.58992,Increases Risk,numeric__academic_backlogs_avg_3m,-0.955781,Reduces Risk,numeric__placement_coding_score_avg_3m,0.847415,Increases Risk,numeric__attendance_declining_flag,-0.74125,Reduces Risk,numeric__skills_tech_skills_score_avg_3m,-0.696201,Reduces Risk,numeric__attendance_overall_attendance_current,1.225574,Increases Risk,numeric__low_lms_flag,0.913609,Increases Risk,numeric__academic_subject_score_avg_slope_3m,-0.875895,Reduces Risk,numeric__attendance_subject_attendance_current,0.76691,Increases Risk,numeric__academic_warning_score,-0.635087,Reduces Risk
S2161,numeric__lms_logins_per_week_slope_3m,0.8884,Increases Risk,numeric__feedback_faculty_rating_avg_3m,-0.887393,Reduces Risk,numeric__skills_soft_skills_score_avg_3m,0.744032,Increases Risk,numeric__engagement_hackathons_attended_std_3m,0.676045,Increases Risk,numeric__academic_cgpa_current,0.662637,Increases Risk,numeric__engagement_strength,-1.466205,Reduces Risk,numeric__attendance_overall_attendance_current,-1.402743,Reduces Risk,numeric__attendance_overall_attendance_avg_3m,0.843916,Increases Risk,numeric__placement_mock_interview_score_std_3m,-0.747742,Reduces Risk,numeric__engagement_events_attended_current,0.689387,Increases Risk
S2162,numeric__academic_warning_score,0.792967,Increases Risk,numeric__academic_backlogs_slope_3m,0.781385,Increases Risk,numeric__attendance_declining_flag,-0.74125,Reduces Risk,numeric__academic_cgpa_current,-0.71544,Reduces Risk,numeric__feedback_satisfaction_score_avg_3m,-0.641948,Reduces Risk,numeric__attendance_overall_attendance_current,1.669035,Increases Risk,numeric__engagement_strength,-1.652983,Reduces Risk,numeric__academic_internal_marks_avg_3m,1.022359,Increases Risk,numeric__critical_attendance_flag,-0.997756,Reduces Risk,numeric__attendance_overall_attendance_avg_3m,-0.974541,Reduces Risk
S2163,numeric__feedback_satisfaction_score_avg_3m,-1.257079,Reduces Risk,numeric__engagement_hackathons_attended_std_3m,1.073761,Increases Risk,numeric__engagement_hackathons_attended_current,1.034347,Increases Risk,numeric__lms_assignment_completion_pct_avg_3m,0.977475,Increases Risk,numeric__feedback_satisfaction_score_missing,-0.713384,Reduces Risk,numeric__engagement_hackathons_attended_current,2.76824,Increases Risk,numeric__attendance_overall_attendance_current,-2.159871,Reduces Risk,numeric__engagement_strength,-2.026538,Reduces Risk,numeric__attendance_overall_attendance_avg_3m,1.293479,Increases Risk,numeric__attendance_subject_attendance_current,-1.069144,Reduces Risk
S2164,numeric__academic_warning_score,-0.933762,Reduces Risk,numeric__lms_logins_per_week_slope_3m,0.506018,Increases Risk,numeric__placement_coding_score_avg_3m,0.470953,Increases Risk,numeric__academic_cgpa_current,0.403395,Increases Risk,numeric__placement_coding_score_slope_3m,-0.349514,Reduces Risk,numeric__engagement_strength,0.775128,Increases Risk,numeric__academic_internal_marks_avg_3m,-0.413629,Reduces Risk,numeric__academic_warning_score,0.372987,Increases Risk,numeric__placement_coding_score_slope_3m,0.322127,Increases Risk,numeric__engagement_events_attended_current,-0.300164,Reduces Risk
S2165,numeric__attendance_declining_flag,-0.74125,Reduces Risk,numeric__engagement_hackathons_attended_std_3m,0.676045,Increases Risk,numeric__feedback_satisfaction_score_current,-0.565813,Reduces Risk,numeric__lms_logins_per_week_slope_3m,-0.513666,Reduces Risk,numeric__feedback_satisfaction_score_avg_3m,0.491059,Increases Risk,numeric__attendance_subject_attendance_current,0.814531,Increases Risk,numeric__engagement_strength,0.775128,Increases Risk,numeric__feedback_satisfaction_score_slope_3m,-0.614453,Reduces Risk,numeric__attendance_overall_attendance_current,0.544159,Increases Risk,numeric__attendance_subject_attendance_avg_3m,-0.519732,Reduces Risk
S2166,numeric__feedback_satisfaction_score_avg_3m,-0.996925,Reduces Risk,numeric__skills_soft_skills_score_avg_3m,0.872376,Increases Risk,numeric__lms_assignment_completion_pct_avg_3m,0.780714,Increases Risk,numeric__attendance_declining_flag,-0.74125,Reduces Risk,numeric__feedback_satisfaction_score_current,0.664402,Increases Risk,numeric__engagement_strength,-1.466205,Reduces Risk,numeric__engagement_certifications_count_current,0.937282,Increases Risk,numeric__placement_mock_interview_score_current,-0.93643,Reduces Risk,numeric__placement_aptitude_score_missing,-0.83073,Reduces Risk,numeric__attendance_overall_attendance_avg_3m,0.639339,Increases Risk
S2167,numeric__engagement_events_attended_slope_3m,1.34679,Increases Risk,numeric__engagement_strength,-1.080389,Reduces Risk,numeric__engagement_hackathons_attended_std_3m,1.073761,Increases Risk,numeric__engagement_hackathons_attended_current,1.034347,Increases Risk,numeric__academic_warning_score,-0.933762,Reduces Risk,numeric__engagement_strength,-3.707538,Reduces Risk,numeric__engagement_hackathons_attended_current,2.76824,Increases Risk,numeric__engagement_events_attended_current,1.019238,Increases Risk,numeric__placement_aptitude_score_missing,-0.83073,Reduces Risk,numeric__placement_mock_interview_score_current,-0.566457,Reduces Risk
S2168,numeric__placement_coding_score_avg_3m,-2.214472,Reduces Risk,numeric__skills_tech_skills_score_avg_3m,1.815895,Increases Risk,numeric__academic_warning_score,-0.933762,Reduces Risk,numeric__placement_coding_score_current,0.829169,Increases Risk,numeric__placement_aptitude_score_current,0.761108,Increases Risk,numeric__attendance_overall_attendance_current,-1.532536,Reduces Risk,numeric__engagement_strength,1.522238,Increases Risk,numeric__low_coding_flag,1.487088,Increases Risk,numeric__placement_coding_score_avg_3m,1.091158,Increases Risk,numeric__attendance_overall_attendance_avg_3m,1.058595,Increases Risk
S2169,numeric__academic_warning_score,1.191444,Increases Risk,numeric__academic_cgpa_current,-0.940572,Reduces Risk,numeric__academic_backlogs_slope_3m,0.781385,Increases Risk,numeric__attendance_declining_flag,-0.74125,Reduces Risk,numeric__lms_assignment_completion_pct_avg_3m,-0.679583,Reduces Risk,numeric__attendance_overall_attendance_current,0.98762,Increases Risk,numeric__academic_internal_marks_avg_3m,0.690977,Increases Risk,numeric__feedback_satisfaction_score_slope_3m,0.544728,Increases Risk,numeric__academic_cgpa_current,0.516755,Increases Risk,numeric__academic_cgpa_avg_3m,0.502642,Increases Risk
S2170,numeric__lms_assignment_completion_pct_avg_3m,-1.703688,Reduces Risk,numeric__placement_coding_score_avg_3m,1.659944,Increases Risk,numeric__skills_tech_skills_score_avg_3m,-1.47624,Reduces Risk,numeric__lms_assignment_completion_pct_current,0.949215,Increases Risk,numeric__feedback_faculty_rating_avg_3m,-0.747963,Reduces Risk,numeric__attendance_subject_attendance_current,1.327779,Increases Risk,numeric__attendance_overall_attendance_avg_3m,-1.312976,Reduces Risk,numeric__attendance_subject_attendance_avg_3m,-1.223164,Reduces Risk,numeric__low_lms_flag,0.913609,Increases Risk,numeric__lms_assignment_completion_pct_current,-0.824297,Reduces Risk
S2171,numeric__placement_coding_score_avg_3m,-0.969012,Reduces Risk,numeric__skills_tech_skills_score_avg_3m,0.940654,Increases Risk,numeric__engagement_events_attended_slope_3m,-0.88194,Reduces Risk,numeric__lms_assignment_completion_pct_avg_3m,0.851832,Increases Risk,numeric__feedback_satisfaction_score_avg_3m,-0.782967,Reduces Risk,numeric__attendance_overall_attendance_current,-1.792123,Reduces Risk,numeric__attendance_overall_attendance_avg_3m,1.109107,Increases Risk,numeric__engagement_strength,-1.09265,Reduces Risk,numeric__engagement_hackathons_attended_current,0.859109,Increases Risk,numeric__attendance_subject_attendance_avg_3m,0.644773,Increases Risk
S2172,numeric__lms_logins_per_week_slope_3m,0.8884,Increases Risk,numeric__attendance_declining_flag,-0.74125,Reduces Risk,numeric__skills_tech_skills_score_avg_3m,-0.610212,Reduces Risk,numeric__engagement_strength,0.606868,Increases Risk,numeric__skills_soft_skills_score_avg_3m,-0.581322,Reduces Risk,numeric__engagement_strength,2.082572,Increases Risk,numeric__attendance_overall_attendance_current,1.896174,Increases Risk,numeric__attendance_subject_attendance_current,1.391274,Increases Risk,numeric__attendance_overall_attendance_avg_3m,-1.057887,Reduces Risk,numeric__engagement_hackathons_attended_current,-1.050022,Reduces Risk
S2173,numeric__academic_backlogs_avg_3m,-1.783297,Reduces Risk,numeric__academic_backlogs_slope_3m,0.781385,Increases Risk,numeric__academic_backlogs_current,0.780193,Increases Risk,numeric__attendance_declining_flag,-0.74125,Reduces Risk,numeric__academic_warning_score,0.660142,Increases Risk,numeric__engagement_hackathons_attended_current,-1.050022,Reduces Risk,numeric__academic_backlogs_avg_3m,0.691598,Increases Risk,numeric__academic_backlogs_current,0.68841,Increases Risk,numeric__placement_coding_score_std_3m,0.668787,Increases Risk,numeric__engagement_strength,0.401572,Increases Risk
S2174,numeric__academic_warning_score,1.988396,Increases Risk,numeric__placement_coding_score_avg_3m,1.032508,Increases Risk,numeric__lms_assignment_completion_pct_avg_3m,-0.762555,Reduces Risk,numeric__attendance_declining_flag,-0.74125,Reduces Risk,numeric__lms_logins_per_week_slope_3m,-0.641126,Reduces Risk,numeric__attendance_overall_attendance_current,2.004335,Increases Risk,numeric__attendance_overall_attendance_avg_3m,-1.270041,Reduces Risk,numeric__attendance_subject_attendance_current,1.094965,Increases Risk,numeric__attendance_subject_attendance_avg_3m,-1.037946,Reduces Risk,numeric__critical_attendance_flag,-0.997756,Reduces Risk
S2175,numeric__lms_assignment_completion_pct_avg_3m,1.160012,Increases Risk,numeric__feedback_satisfaction_score_avg_3m,-0.746496,Reduces Risk,numeric__feedback_satisfaction_score_missing,-0.713384,Reduces Risk,numeric__skills_tech_skills_score_avg_3m,-0.686988,Reduces Risk,numeric__academic_warning_score,-0.668112,Reduces Risk,numeric__engagement_strength,-0.905872,Reduces Risk,numeric__attendance_overall_attendance_current,-0.79704,Reduces Risk,numeric__attendance_overall_attendance_avg_3m,0.62166,Increases Risk,numeric__placement_mock_interview_score_current,-0.555073,Reduces Risk,numeric__lms_assignment_completion_pct_current,0.538078,Increases Risk
S2176,numeric__placement_coding_score_avg_3m,-0.925091,Reduces Risk,numeric__engagement_hackathons_attended_std_3m,0.676045,Increases Risk,numeric__feedback_satisfaction_score_avg_3m,0.651528,Increases Risk,numeric__skills_tech_skills_score_avg_3m,0.615126,Increases Risk,numeric__feedback_faculty_rating_current,0.445971,Increases Risk,numeric__engagement_strength,-1.09265,Reduces Risk,numeric__engagement_hackathons_attended_current,0.859109,Increases Risk,numeric__attendance_overall_attendance_current,0.84701,Increases Risk,numeric__attendance_subject_attendance_avg_3m,-0.762091,Reduces Risk,numeric__attendance_overall_attendance_avg_3m,-0.699247,Reduces Risk
S2177,numeric__lms_logins_per_week_slope_3m,0.760939,Increases Risk,numeric__engagement_hackathons_attended_current,0.677675,Increases Risk,numeric__engagement_hackathons_attended_std_3m,0.676045,Increases Risk,numeric__engagement_strength,-0.536112,Reduces Risk,numeric__academic_warning_score,-0.535286,Reduces Risk,numeric__engagement_strength,-1.839761,Reduces Risk,numeric__engagement_hackathons_attended_current,1.813675,Increases Risk,numeric__lms_logins_per_week_slope_3m,0.447278,Increases Risk,numeric__engagement_certifications_count_current,0.39235,Increases Risk,numeric__skills_soft_skills_score_current,-0.375526,Reduces Risk
S2178,numeric__placement_coding_score_avg_3m,-1.097636,Reduces Risk,numeric__skills_soft_skills_score_avg_3m,-0.98731,Reduces Risk,numeric__skills_tech_skills_score_avg_3m,0.86695,Increases Risk,numeric__placement_mock_interview_score_avg_3m,0.800145,Increases Risk,numeric__placement_mock_interview_score_current,0.506416,Increases Risk,numeric__engagement_hackathons_attended_current,-1.050022,Reduces Risk,numeric__feedback_satisfaction_score_slope_3m,-0.823629,Reduces Risk,numeric__placement_mock_interview_score_current,0.771137,Increases Risk,numeric__engagement_events_attended_current,0.689387,Increases Risk,numeric__placement_mock_interview_score_avg_3m,0.65969,Increases Risk
S2179,numeric__academic_cgpa_missing,-6.777757,Reduces Risk,numeric__placement_coding_score_avg_3m,-1.439589,Reduces Risk,numeric__skills_tech_skills_score_avg_3m,1.106489,Increases Risk,numeric__attendance_declining_flag,-0.74125,Reduces Risk,numeric__placement_aptitude_score_current,0.644098,Increases Risk,numeric__academic_cgpa_missing,-1.51499,Reduces Risk,numeric__engagement_hackathons_attended_current,-1.050022,Reduces Risk,numeric__attendance_overall_attendance_avg_3m,0.896954,Increases Risk,numeric__attendance_overall_attendance_current,-0.85112,Reduces Risk,numeric__placement_coding_score_avg_3m,0.709342,Increases Risk
S2180,numeric__feedback_satisfaction_score_avg_3m,-1.434567,Reduces Risk,numeric__placement_coding_score_avg_3m,1.120349,Increases Risk,numeric__academic_warning_score,0.925793,Increases Risk,numeric__skills_tech_skills_score_avg_3m,-0.914243,Reduces Risk,numeric__placement_aptitude_score_current,-0.791218,Reduces Risk,numeric__attendance_overall_attendance_current,0.976804,Increases Risk,numeric__engagement_strength,-0.905872,Reduces Risk,numeric__placement_aptitude_score_current,0.771908,Increases Risk,numeric__skills_soft_skills_score_std_3m,0.739485,Increases Risk,categorical__department_CS,-0.575417,Reduces Risk
S2181,numeric__skills_tech_skills_score_avg_3m,-1.150712,Reduces Risk,numeric__placement_coding_score_avg_3m,1.01996,Increases Risk,numeric__academic_cgpa_current,0.580771,Increases Risk,numeric__attendance_overall_attendance_std_3m,-0.509786,Reduces Risk,numeric__lms_assignment_completion_pct_avg_3m,-0.430669,Reduces Risk,numeric__academic_internal_marks_avg_3m,-0.646056,Reduces Risk,numeric__skills_tech_skills_score_avg_3m,0.518418,Increases Risk,numeric__placement_coding_score_avg_3m,-0.502574,Reduces Risk,numeric__placement_mock_interview_score_current,0.497926,Increases Risk,numeric__placement_mock_interview_score_std_3m,-0.408791,Reduces Risk
S2182,numeric__placement_aptitude_score_current,1.455364,Increases Risk,numeric__academic_backlogs_avg_3m,-0.955781,Reduces Risk,numeric__skills_soft_skills_score_avg_3m,-0.874681,Reduces Risk,numeric__lms_assignment_completion_pct_avg_3m,-0.802855,Reduces Risk,numeric__academic_warning_score,0.792967,Increases Risk,numeric__attendance_overall_attendance_current,1.57169,Increases Risk,numeric__engagement_strength,1.522238,Increases Risk,numeric__placement_aptitude_score_current,-1.421143,Reduces Risk,numeric__attendance_overall_attendance_avg_3m,-1.209425,Reduces Risk,numeric__engagement_hackathons_attended_current,-1.050022,Reduces Risk
S2183,numeric__academic_warning_score,1.191444,Increases Risk,numeric__placement_aptitude_score_current,0.846915,Increases Risk,numeric__academic_backlogs_slope_3m,0.781385,Increases Risk,numeric__attendance_declining_flag,-0.74125,Reduces Risk,numeric__engagement_club_participations_avg_3m,0.671061,Increases Risk,numeric__attendance_overall_attendance_current,0.944355,Increases Risk,numeric__placement_aptitude_score_current,-0.827191,Reduces Risk,numeric__attendance_overall_attendance_avg_3m,-0.517402,Reduces Risk,numeric__low_attendance_flag,-0.491842,Reduces Risk,numeric__academic_warning_score,-0.475917,Reduces Risk
S2184,numeric__placement_coding_score_avg_3m,1.732099,Increases Risk,numeric__placement_aptitude_score_current,-1.438671,Reduces Risk,numeric__skills_tech_skills_score_avg_3m,-1.141499,Reduces Risk,numeric__academic_cgpa_current,0.969634,Increases Risk,numeric__feedback_faculty_rating_avg_3m,-0.948907,Reduces Risk,numeric__engagement_strength,-1.652983,Reduces Risk,numeric__placement_aptitude_score_current,1.403933,Increases Risk,numeric__engagement_certifications_count_current,0.937282,Increases Risk,numeric__engagement_hackathons_attended_current,0.859109,Increases Risk,numeric__placement_coding_score_avg_3m,-0.853474,Reduces Risk
S2185,numeric__lms_assignment_completion_pct_avg_3m,0.937174,Increases Risk,numeric__engagement_events_attended_slope_3m,-0.56355,Reduces Risk,numeric__engagement_hackathons_attended_std_3m,-0.55575,Reduces Risk,numeric__academic_warning_score,-0.535286,Reduces Risk,numeric__lms_assignment_completion_pct_current,-0.525907,Reduces Risk,numeric__attendance_overall_attendance_current,-1.251317,Reduces Risk,numeric__engagement_hackathons_attended_current,-1.050022,Reduces Risk,numeric__attendance_overall_attendance_avg_3m,0.768147,Increases Risk,numeric__attendance_subject_attendance_current,-0.66172,Reduces Risk,numeric__attendance_subject_attendance_avg_3m,0.560046,Increases Risk
S2186,numeric__feedback_satisfaction_score_avg_3m,-1.016376,Reduces Risk,numeric__placement_coding_score_avg_3m,0.768985,Increases Risk,numeric__skills_tech_skills_score_avg_3m,-0.733053,Reduces Risk,numeric__academic_warning_score,-0.668112,Reduces Risk,numeric__academic_cgpa_current,0.648992,Increases Risk,numeric__engagement_strength,-1.09265,Reduces Risk,numeric__engagement_hackathons_attended_current,0.859109,Increases Risk,numeric__attendance_overall_attendance_current,-0.678063,Reduces Risk,numeric__academic_subject_score_avg_slope_3m,-0.564254,Reduces Risk,numeric__placement_mock_interview_score_current,-0.543689,Reduces Risk
S2187,numeric__feedback_satisfaction_score_avg_3m,1.536538,Increases Risk,numeric__lms_assignment_completion_pct_avg_3m,-1.386026,Reduces Risk,numeric__feedback_satisfaction_score_current,-1.185222,Reduces Risk,numeric__skills_soft_skills_score_avg_3m,-0.982072,Reduces Risk,numeric__placement_aptitude_score_current,0.893719,Increases Risk,numeric__feedback_satisfaction_score_slope_3m,-1.050236,Reduces Risk,numeric__feedback_satisfaction_score_current,1.007773,Increases Risk,numeric__low_lms_flag,0.913609,Increases Risk,numeric__placement_aptitude_score_current,-0.87288,Reduces Risk,numeric__engagement_strength,0.775128,Increases Risk
S2188,numeric__placement_coding_score_avg_3m,-2.713283,Reduces Risk,numeric__skills_tech_skills_score_avg_3m,2.454668,Increases Risk,numeric__placement_mock_interview_score_avg_3m,1.424346,Increases Risk,numeric__skills_soft_skills_score_avg_3m,-1.390679,Reduces Risk,numeric__placement_aptitude_score_current,1.221345,Increases Risk,numeric__engagement_strength,2.642905,Increases Risk,numeric__placement_mock_interview_score_current,1.750142,Increases Risk,numeric__placement_coding_score_avg_3m,1.336942,Increases Risk,numeric__placement_aptitude_score_current,-1.1927,Reduces Risk,numeric__placement_mock_interview_score_avg_3m,1.174322,Increases Risk
S2189,numeric__feedback_satisfaction_score_avg_3m,-1.055277,Reduces Risk,numeric__academic_backlogs_slope_3m,0.781385,Increases Risk,numeric__attendance_declining_flag,-0.74125,Reduces Risk,numeric__feedback_satisfaction_score_current,0.690211,Increases Risk,numeric__academic_warning_score,0.660142,Increases Risk,numeric__engagement_strength,-0.905872,Reduces Risk,numeric__placement_mock_interview_score_current,-0.623376,Reduces Risk,numeric__feedback_satisfaction_score_current,-0.585602,Reduces Risk,categorical__department_CSE,-0.416441,Reduces Risk,numeric__placement_mock_interview_score_avg_3m,-0.40805,Reduces Risk
S2190,numeric__lms_assignment_completion_pct_avg_3m,0.889762,Increases Risk,numeric__feedback_satisfaction_score_avg_3m,-0.739202,Reduces Risk,numeric__academic_warning_score,-0.668112,Reduces Risk,numeric__feedback_satisfaction_score_current,0.578373,Increases Risk,numeric__lms_assignment_completion_pct_current,-0.529378,Reduces Risk,numeric__attendance_overall_attendance_current,-2.138239,Reduces Risk,numeric__attendance_overall_attendance_avg_3m,1.407132,Increases Risk,numeric__attendance_subject_attendance_avg_3m,1.082201,Increases Risk,numeric__attendance_subject_attendance_current,-1.069144,Reduces Risk,numeric__placement_mock_interview_score_std_3m,-0.686922,Reduces Risk
S2191,numeric__skills_tech_skills_score_avg_3m,-0.837468,Reduces Risk,numeric__attendance_declining_flag,-0.74125,Reduces Risk,numeric__engagement_hackathons_attended_std_3m,0.676045,Increases Risk,numeric__academic_warning_score,-0.535286,Reduces Risk,numeric__skills_soft_skills_score_avg_3m,0.518774,Increases Risk,numeric__skills_soft_skills_score_std_3m,0.816913,Increases Risk,numeric__placement_mock_interview_score_std_3m,-0.64706,Reduces Risk,numeric__placement_mock_interview_score_current,-0.634759,Reduces Risk,numeric__skills_soft_skills_score_current,0.570833,Increases Risk,numeric__placement_aptitude_score_current,0.429244,Increases Risk
S2192,numeric__placement_coding_score_avg_3m,1.010548,Increases Risk,numeric__skills_tech_skills_score_avg_3m,-0.981806,Reduces Risk,numeric__attendance_declining_flag,-0.74125,Reduces Risk,numeric__engagement_events_attended_slope_3m,0.71001,Increases Risk,numeric__engagement_hackathons_attended_std_3m,-0.55575,Reduces Risk,numeric__engagement_strength,-0.905872,Reduces Risk,numeric__engagement_club_participations_current,-0.547287,Reduces Risk,numeric__attendance_overall_attendance_avg_3m,0.520634,Increases Risk,numeric__placement_coding_score_avg_3m,-0.497937,Reduces Risk,numeric__skills_tech_skills_score_avg_3m,0.442322,Increases Risk
S2193,numeric__placement_coding_score_avg_3m,0.838003,Increases Risk,numeric__academic_cgpa_current,0.792258,Increases Risk,numeric__skills_tech_skills_score_avg_3m,-0.779118,Reduces Risk,numeric__attendance_declining_flag,-0.74125,Reduces Risk,numeric__placement_mock_interview_score_current,-0.596276,Reduces Risk,numeric__engagement_certifications_count_current,0.937282,Increases Risk,numeric__placement_mock_interview_score_current,-0.90797,Reduces Risk,numeric__skills_soft_skills_score_std_3m,0.891793,Increases Risk,numeric__academic_internal_marks_avg_3m,-0.848567,Reduces Risk,numeric__skills_soft_skills_score_current,0.745947,Increases Risk
S2194,numeric__feedback_satisfaction_score_avg_3m,1.176699,Increases Risk,numeric__lms_assignment_completion_pct_avg_3m,-1.096811,Reduces Risk,numeric__lms_logins_per_week_slope_3m,-0.768587,Reduces Risk,numeric__skills_soft_skills_score_avg_3m,-0.767291,Reduces Risk,numeric__placement_aptitude_score_slope_3m,0.729595,Increases Risk,numeric__engagement_strength,1.335461,Increases Risk,numeric__attendance_overall_attendance_current,1.009252,Increases Risk,numeric__low_lms_flag,0.913609,Increases Risk,numeric__placement_aptitude_score_slope_3m,-0.772887,Reduces Risk,numeric__attendance_overall_attendance_avg_3m,-0.737132,Reduces Risk
S2195,numeric__academic_warning_score,1.324269,Increases Risk,numeric__academic_backlogs_slope_3m,0.781385,Increases Risk,numeric__attendance_declining_flag,-0.74125,Reduces Risk,numeric__lms_assignment_completion_pct_current,0.702783,Increases Risk,numeric__lms_assignment_completion_pct_avg_3m,-0.677213,Reduces Risk,numeric__attendance_overall_attendance_current,1.539242,Increases Risk,numeric__attendance_overall_attendance_avg_3m,-0.934131,Reduces Risk,numeric__low_lms_flag,0.913609,Increases Risk,numeric__attendance_subject_attendance_current,0.713997,Increases Risk,numeric__attendance_subject_attendance_avg_3m,-0.673423,Reduces Risk
S2196,numeric__academic_cgpa_current,0.840013,Increases Risk,numeric__placement_aptitude_score_current,-0.791218,Reduces Risk,numeric__attendance_declining_flag,-0.74125,Reduces Risk,numeric__placement_coding_score_std_3m,-0.591725,Reduces Risk,numeric__academic_warning_score,-0.535286,Reduces Risk,numeric__academic_internal_marks_avg_3m,-0.929112,Reduces Risk,numeric__engagement_hackathons_attended_current,0.859109,Increases Risk,numeric__placement_aptitude_score_current,0.771908,Increases Risk,numeric__placement_coding_score_std_3m,0.698995,Increases Risk,numeric__academic_cgpa_avg_3m,-0.507417,Reduces Risk
S2197,numeric__placement_coding_score_avg_3m,1.503085,Increases Risk,numeric__skills_tech_skills_score_avg_3m,-1.043226,Reduces Risk,numeric__lms_assignment_completion_pct_avg_3m,-0.909533,Reduces Risk,numeric__academic_warning_score,0.792967,Increases Risk,categorical__department_CS,-0.543404,Reduces Risk,numeric__attendance_overall_attendance_current,1.57169,Increases Risk,numeric__attendance_overall_attendance_avg_3m,-1.318028,Reduces Risk,numeric__low_lms_flag,0.913609,Increases Risk,numeric__attendance_subject_attendance_avg_3m,-0.833025,Reduces Risk,numeric__engagement_strength,0.775128,Increases Risk
S2198,numeric__lms_assignment_completion_pct_avg_3m,1.136306,Increases Risk,numeric__feedback_satisfaction_score_avg_3m,-1.074728,Reduces Risk,numeric__placement_coding_score_avg_3m,-0.824702,Reduces Risk,numeric__skills_tech_skills_score_avg_3m,0.676546,Increases Risk,numeric__academic_warning_score,-0.668112,Reduces Risk,numeric__engagement_strength,-1.652983,Reduces Risk,numeric__attendance_overall_attendance_current,-1.034994,Reduces Risk,numeric__engagement_hackathons_attended_current,0.859109,Increases Risk,numeric__attendance_subject_attendance_current,-0.677594,Reduces Risk,numeric__attendance_overall_attendance_avg_3m,0.561044,Increases Risk
S2199,numeric__academic_cgpa_current,0.730858,Increases Risk,numeric__placement_aptitude_score_current,-0.682009,Reduces Risk,numeric__placement_coding_score_slope_3m,-0.674914,Reduces Risk,numeric__lms_logins_per_week_slope_3m,0.633479,Increases Risk,numeric__placement_coding_score_avg_3m,0.561931,Increases Risk,numeric__attendance_overall_attendance_current,1.301287,Increases Risk,numeric__attendance_overall_attendance_avg_3m,-0.949285,Reduces Risk,numeric__engagement_hackathons_attended_current,0.859109,Increases Risk,numeric__attendance_subject_attendance_current,0.830404,Increases Risk,numeric__academic_internal_marks_avg_3m,-0.772626,Reduces Risk
S2200,numeric__engagement_hackathons_attended_std_3m,-0.55575,Reduces Risk,numeric__lms_assignment_completion_pct_avg_3m,0.498611,Increases Risk,numeric__feedback_satisfaction_score_current,-0.453975,Reduces Risk,numeric__engagement_club_participations_avg_3m,0.408415,Increases Risk,numeric__engagement_hackathons_attended_current,-0.392338,Reduces Risk,numeric__attendance_overall_attendance_current,-1.316214,Reduces Risk,numeric__engagement_hackathons_attended_current,-1.050022,Reduces Risk,numeric__feedback_satisfaction_score_slope_3m,-0.623169,Reduces Risk,numeric__attendance_overall_attendance_avg_3m,0.606506,Increases Risk,numeric__engagement_certifications_count_current,0.39235,Increases Risk
S2201,numeric__placement_coding_score_avg_3m,1.688179,Increases Risk,numeric__skills_tech_skills_score_avg_3m,-1.396394,Reduces Risk,numeric__skills_soft_skills_score_avg_3m,1.362181,Increases Risk,numeric__placement_mock_interview_score_avg_3m,-1.181355,Reduces Risk,numeric__academic_cgpa_current,0.962812,Increases Risk,numeric__engagement_strength,-1.652983,Reduces Risk,numeric__attendance_overall_attendance_current,-1.489271,Reduces Risk,numeric__placement_mock_interview_score_current,-1.317786,Reduces Risk,numeric__attendance_overall_attendance_avg_3m,1.015659,Increases Risk,numeric__placement_mock_interview_score_avg_3m,-0.973984,Reduces Risk
S2202,numeric__placement_aptitude_score_current,-0.962832,Reduces Risk,numeric__academic_warning_score,-0.933762,Reduces Risk,numeric__placement_coding_score_avg_3m,0.900747,Increases Risk,numeric__academic_cgpa_current,0.812724,Increases Risk,numeric__skills_tech_skills_score_avg_3m,-0.733053,Reduces Risk,numeric__placement_aptitude_score_current,0.939433,Increases Risk,numeric__attendance_overall_attendance_slope_3m,0.625466,Increases Risk,numeric__academic_subject_score_avg_slope_3m,0.615527,Increases Risk,numeric__placement_mock_interview_score_current,-0.469695,Reduces Risk,numeric__academic_cgpa_avg_3m,-0.469275,Reduces Risk
S2203,numeric__skills_soft_skills_score_avg_3m,-1.74952,Reduces Risk,numeric__lms_assignment_completion_pct_avg_3m,-1.613605,Reduces Risk,numeric__placement_mock_interview_score_avg_3m,1.593522,Increases Risk,numeric__academic_warning_score,1.58992,Increases Risk,numeric__academic_cgpa_current,-1.370368,Reduces Risk,numeric__attendance_overall_attendance_current,2.49106,Increases Risk,numeric__engagement_strength,2.082572,Increases Risk,numeric__placement_mock_interview_score_current,1.539542,Increases Risk,numeric__attendance_overall_attendance_avg_3m,-1.460726,Reduces Risk,numeric__placement_mock_interview_score_avg_3m,1.313801,Increases Risk
S2204,numeric__placement_coding_score_avg_3m,-1.000384,Reduces Risk,numeric__skills_tech_skills_score_avg_3m,0.894589,Increases Risk,numeric__placement_coding_score_slope_3m,0.864481,Increases Risk,numeric__academic_cgpa_current,-0.817773,Reduces Risk,numeric__lms_logins_per_week_slope_3m,0.760939,Increases Risk,numeric__academic_internal_marks_avg_3m,0.941815,Increases Risk,numeric__engagement_hackathons_attended_current,0.859109,Increases Risk,numeric__placement_coding_score_slope_3m,-0.796743,Reduces Risk,numeric__placement_aptitude_score_current,-0.629208,Reduces Risk,numeric__attendance_overall_attendance_current,0.533343,Increases Risk
S2205,numeric__academic_warning_score,1.722745,Increases Risk,numeric__lms_assignment_completion_pct_avg_3m,-1.426326,Reduces Risk,numeric__skills_tech_skills_score_avg_3m,1.275396,Increases Risk,numeric__placement_coding_score_avg_3m,-1.2043,Reduces Risk,numeric__attendance_overall_attendance_std_3m,1.033605,Increases Risk,numeric__attendance_overall_attendance_current,2.718199,Increases Risk,numeric__engagement_strength,1.522238,Increases Risk,numeric__attendance_subject_attendance_current,1.486516,Increases Risk,numeric__attendance_overall_attendance_avg_3m,-1.38622,Reduces Risk,numeric__engagement_hackathons_attended_current,-1.050022,Reduces Risk
S2206,numeric__placement_coding_score_avg_3m,-2.65054,Reduces Risk,numeric__skills_tech_skills_score_avg_3m,2.184418,Increases Risk,numeric__engagement_events_attended_slope_3m,-1.51872,Reduces Risk,numeric__placement_aptitude_score_slope_3m,1.236035,Increases Risk,numeric__skills_soft_skills_score_avg_3m,-0.95064,Reduces Risk,numeric__low_coding_flag,1.487088,Increases Risk,numeric__placement_aptitude_score_slope_3m,-1.309378,Reduces Risk,numeric__placement_coding_score_avg_3m,1.306025,Increases Risk,numeric__academic_internal_marks_avg_3m,1.036166,Increases Risk,numeric__skills_tech_skills_score_avg_3m,-0.984122,Reduces Risk
S2207,numeric__placement_coding_score_avg_3m,1.465439,Increases Risk,numeric__skills_soft_skills_score_avg_3m,1.291461,Increases Risk,numeric__skills_tech_skills_score_avg_3m,-1.135357,Reduces Risk,numeric__placement_mock_interview_score_avg_3m,-1.076349,Reduces Risk,numeric__placement_aptitude_score_current,-1.025237,Reduces Risk,numeric__engagement_strength,-1.839761,Reduces Risk,numeric__engagement_hackathons_attended_current,1.813675,Increases Risk,numeric__placement_mock_interview_score_current,-1.152721,Reduces Risk,numeric__placement_aptitude_score_current,1.000351,Increases Risk,numeric__placement_mock_interview_score_avg_3m,-0.887411,Reduces Risk
S2208,numeric__placement_coding_score_avg_3m,-2.387017,Reduces Risk,numeric__skills_tech_skills_score_avg_3m,1.85889,Increases Risk,numeric__placement_aptitude_score_current,1.587975,Increases Risk,numeric__feedback_satisfaction_score_avg_3m,-1.055277,Reduces Risk,numeric__academic_cgpa_current,-1.008793,Reduces Risk,numeric__placement_aptitude_score_current,-1.550594,Reduces Risk,numeric__low_coding_flag,1.487088,Increases Risk,numeric__placement_coding_score_avg_3m,1.176177,Increases Risk,numeric__placement_mock_interview_score_current,0.873591,Increases Risk,numeric__attendance_subject_attendance_current,-0.868078,Reduces Risk
S2209,numeric__academic_warning_score,1.457094,Increases Risk,numeric__lms_assignment_completion_pct_avg_3m,-1.421585,Reduces Risk,numeric__skills_soft_skills_score_avg_3m,-1.335674,Reduces Risk,numeric__placement_mock_interview_score_avg_3m,1.171554,Increases Risk,numeric__academic_cgpa_current,-1.015615,Reduces Risk,numeric__placement_mock_interview_score_current,1.249256,Increases Risk,numeric__engagement_hackathons_attended_current,-1.050022,Reduces Risk,numeric__placement_mock_interview_score_avg_3m,0.965904,Increases Risk,numeric__engagement_strength,0.961905,Increases Risk,numeric__low_lms_flag,0.913609,Increases Risk
S2210,numeric__placement_coding_score_avg_3m,-1.979183,Reduces Risk,numeric__placement_aptitude_score_current,1.790792,Increases Risk,numeric__feedback_faculty_rating_avg_3m,1.240973,Increases Risk,numeric__lms_assignment_completion_pct_avg_3m,1.19083,Increases Risk,numeric__skills_tech_skills_score_avg_3m,1.186336,Increases Risk,numeric__low_aptitude_flag,-1.905883,Reduces Risk,numeric__placement_aptitude_score_current,-1.748577,Reduces Risk,numeric__academic_internal_marks_avg_3m,1.190351,Increases Risk,numeric__placement_coding_score_avg_3m,0.975222,Increases Risk,numeric__attendance_overall_attendance_current,-0.905201,Reduces Risk
S2211,numeric__placement_coding_score_avg_3m,1.556417,Increases Risk,numeric__skills_tech_skills_score_avg_3m,-1.20599,Reduces Risk,numeric__attendance_overall_attendance_std_3m,1.15442,Increases Risk,numeric__academic_warning_score,1.058618,Increases Risk,numeric__placement_aptitude_score_current,-0.845823,Reduces Risk,numeric__engagement_hackathons_attended_current,1.813675,Increases Risk,numeric__low_lms_flag,0.913609,Increases Risk,numeric__placement_aptitude_score_current,0.825212,Increases Risk,numeric__attendance_overall_attendance_std_3m,-0.800639,Reduces Risk,numeric__placement_coding_score_avg_3m,-0.766908,Reduces Risk
S2212,numeric__skills_tech_skills_score_avg_3m,-1.046297,Reduces Risk,numeric__lms_assignment_completion_pct_avg_3m,-0.923757,Reduces Risk,numeric__placement_coding_score_avg_3m,0.91957,Increases Risk,numeric__lms_assignment_completion_pct_current,0.779142,Increases Risk,numeric__placement_coding_score_slope_3m,-0.75835,Reduces Risk,numeric__attendance_overall_attendance_current,1.333736,Increases Risk,numeric__attendance_subject_attendance_current,1.163751,Increases Risk,numeric__attendance_subject_attendance_avg_3m,-0.939426,Reduces Risk,numeric__low_lms_flag,0.913609,Increases Risk,numeric__attendance_overall_attendance_avg_3m,-0.850785,Reduces Risk
S2213,numeric__engagement_events_attended_slope_3m,1.0284,Increases Risk,numeric__attendance_declining_flag,-0.74125,Reduces Risk,numeric__placement_coding_score_avg_3m,-0.711763,Reduces Risk,numeric__skills_tech_skills_score_avg_3m,0.544492,Increases Risk,numeric__lms_assignment_completion_pct_avg_3m,0.524688,Increases Risk,numeric__engagement_strength,-0.905872,Reduces Risk,numeric__engagement_events_attended_current,0.689387,Increases Risk,numeric__skills_soft_skills_score_std_3m,0.661022,Increases Risk,numeric__placement_mock_interview_score_current,0.60038,Increases Risk,numeric__skills_soft_skills_score_current,-0.587897,Reduces Risk
S2214,numeric__placement_aptitude_score_current,-0.752215,Reduces Risk,numeric__engagement_hackathons_attended_current,0.677675,Increases Risk,numeric__engagement_hackathons_attended_std_3m,0.676045,Increases Risk,numeric__academic_warning_score,-0.668112,Reduces Risk,numeric__placement_coding_score_avg_3m,0.565069,Increases Risk,numeric__engagement_hackathons_attended_current,1.813675,Increases Risk,numeric__engagement_strength,-1.279427,Reduces Risk,numeric__placement_aptitude_score_current,0.733834,Increases Risk,numeric__engagement_club_participations_current,-0.547287,Reduces Risk,numeric__feedback_satisfaction_score_slope_3m,-0.509865,Reduces Risk
S2215,numeric__placement_coding_score_avg_3m,1.383872,Increases Risk,numeric__skills_tech_skills_score_avg_3m,-1.276624,Reduces Risk,numeric__academic_warning_score,-0.933762,Reduces Risk,numeric__skills_soft_skills_score_avg_3m,0.806894,Increases Risk,numeric__feedback_faculty_rating_avg_3m,-0.73566,Reduces Risk,numeric__engagement_strength,-1.09265,Reduces Risk,numeric__engagement_hackathons_attended_current,0.859109,Increases Risk,numeric__placement_coding_score_avg_3m,-0.681888,Reduces Risk,numeric__placement_aptitude_score_current,0.680531,Increases Risk,numeric__feedback_faculty_rating_current,-0.653972,Reduces Risk
S2216,numeric__placement_coding_score_avg_3m,1.459165,Increases Risk,numeric__skills_soft_skills_score_avg_3m,1.223359,Increases Risk,numeric__placement_mock_interview_score_avg_3m,-1.016068,Reduces Risk,numeric__placement_aptitude_score_current,-0.978434,Reduces Risk,numeric__academic_warning_score,-0.933762,Reduces Risk,numeric__engagement_strength,-2.213316,Reduces Risk,numeric__attendance_overall_attendance_current,-2.170687,Reduces Risk,numeric__attendance_overall_attendance_avg_3m,1.270748,Increases Risk,numeric__attendance_subject_attendance_current,-1.069144,Reduces Risk,numeric__engagement_events_attended_current,1.019238,Increases Risk
S2217,numeric__lms_assignment_completion_pct_avg_3m,-1.63494,Reduces Risk,numeric__feedback_satisfaction_score_avg_3m,1.030818,Increases Risk,numeric__placement_coding_score_avg_3m,0.881924,Increases Risk,numeric__skills_tech_skills_score_avg_3m,-0.831326,Reduces Risk,numeric__lms_assignment_completion_pct_current,0.820793,Increases Risk,numeric__attendance_overall_attendance_current,1.51761,Increases Risk,numeric__engagement_strength,1.335461,Increases Risk,numeric__low_lms_flag,0.913609,Increases Risk,numeric__attendance_overall_attendance_avg_3m,-0.737132,Reduces Risk,numeric__lms_assignment_completion_pct_current,-0.712775,Reduces Risk
S2218,numeric__lms_assignment_completion_pct_avg_3m,-1.222454,Reduces Risk,numeric__placement_coding_score_avg_3m,-1.201163,Reduces Risk,numeric__academic_warning_score,1.191444,Increases Risk,numeric__academic_backlogs_avg_3m,-0.955781,Reduces Risk,numeric__skills_tech_skills_score_avg_3m,0.940654,Increases Risk,numeric__attendance_overall_attendance_current,1.398632,Increases Risk,numeric__engagement_strength,1.335461,Increases Risk,numeric__attendance_overall_attendance_avg_3m,-1.18922,Reduces Risk,numeric__attendance_subject_attendance_avg_3m,-1.026124,Reduces Risk,numeric__low_lms_flag,0.913609,Increases Risk
S2219,numeric__feedback_satisfaction_score_avg_3m,-0.666262,Reduces Risk,categorical__department_INFO TECH,0.662052,Increases Risk,numeric__feedback_satisfaction_score_current,0.526756,Increases Risk,numeric__cgpa_declining_flag,0.487485,Increases Risk,numeric__engagement_hackathons_attended_current,-0.392338,Reduces Risk,numeric__engagement_hackathons_attended_current,-1.050022,Reduces Risk,numeric__attendance_overall_attendance_current,-0.905201,Reduces Risk,numeric__attendance_overall_attendance_avg_3m,0.46507,Increases Risk,numeric__attendance_subject_attendance_avg_3m,0.449704,Increases Risk,numeric__placement_mock_interview_score_current,-0.446927,Reduces Risk
S2220,numeric__academic_warning_score,1.988396,Increases Risk,numeric__lms_assignment_completion_pct_avg_3m,-1.442921,Reduces Risk,numeric__placement_coding_score_avg_3m,-1.417628,Reduces Risk,numeric__skills_soft_skills_score_avg_3m,-1.128751,Reduces Risk,numeric__academic_cgpa_current,-1.090659,Reduces Risk,numeric__attendance_overall_attendance_current,2.199025,Increases Risk,numeric__engagement_strength,2.082572,Increases Risk,numeric__attendance_overall_attendance_avg_3m,-1.366015,Reduces Risk,numeric__engagement_hackathons_attended_current,-1.050022,Reduces Risk,numeric__critical_attendance_flag,-0.997756,Reduces Risk
S2221,numeric__academic_backlogs_avg_3m,-0.955781,Reduces Risk,numeric__feedback_satisfaction_score_avg_3m,0.884937,Increases Risk,numeric__engagement_hackathons_attended_std_3m,0.676045,Increases Risk,numeric__lms_logins_per_week_slope_3m,-0.641126,Reduces Risk,numeric__placement_mock_interview_score_avg_3m,0.599856,Increases Risk,numeric__attendance_overall_attendance_current,-1.272949,Reduces Risk,numeric__engagement_hackathons_attended_current,-1.050022,Reduces Risk,numeric__attendance_subject_attendance_current,-0.87866,Reduces Risk,numeric__placement_aptitude_score_missing,-0.83073,Reduces Risk,numeric__attendance_subject_attendance_avg_3m,0.745263,Increases Risk
S2222,numeric__feedback_satisfaction_score_avg_3m,1.64838,Increases Risk,numeric__lms_assignment_completion_pct_avg_3m,-1.497445,Reduces Risk,numeric__placement_mock_interview_score_avg_3m,0.965432,Increases Risk,numeric__feedback_satisfaction_score_current,-0.918532,Reduces Risk,numeric__skills_soft_skills_score_avg_3m,-0.91397,Reduces Risk,numeric__engagement_hackathons_attended_current,1.813675,Increases Risk,numeric__placement_mock_interview_score_current,0.941894,Increases Risk,numeric__low_lms_flag,0.913609,Increases Risk,numeric__attendance_overall_attendance_current,0.814562,Increases Risk,numeric__placement_mock_interview_score_avg_3m,0.795963,Increases Risk
S2223,numeric__academic_cgpa_current,0.826369,Increases Risk,numeric__placement_aptitude_score_current,-0.682009,Reduces Risk,numeric__skills_soft_skills_score_avg_3m,0.652357,Increases Risk,numeric__placement_mock_interview_score_avg_3m,-0.578543,Reduces Risk,numeric__academic_warning_score,-0.535286,Reduces Risk,numeric__engagement_strength,-1.652983,Reduces Risk,numeric__attendance_overall_attendance_current,-1.32703,Reduces Risk,numeric__attendance_overall_attendance_avg_3m,0.886851,Increases Risk,numeric__attendance_subject_attendance_current,-0.87866,Reduces Risk,numeric__engagement_hackathons_attended_current,0.859109,Increases Risk
S2224,numeric__academic_warning_score,-0.933762,Reduces Risk,numeric__lms_assignment_completion_pct_avg_3m,0.828126,Increases Risk,numeric__placement_aptitude_score_current,0.78451,Increases Risk,numeric__placement_coding_score_avg_3m,-0.749409,Reduces Risk,numeric__skills_tech_skills_score_avg_3m,0.547563,Increases Risk,numeric__engagement_strength,-1.466205,Reduces Risk,numeric__attendance_overall_attendance_current,-1.164788,Reduces Risk,numeric__attendance_overall_attendance_avg_3m,0.884326,Increases Risk,numeric__placement_aptitude_score_current,-0.766273,Reduces Risk,numeric__engagement_events_attended_current,0.689387,Increases Risk
S2225,numeric__placement_coding_score_avg_3m,1.377598,Increases Risk,numeric__skills_tech_skills_score_avg_3m,-1.20599,Reduces Risk,numeric__academic_backlogs_slope_3m,0.781385,Increases Risk,numeric__placement_aptitude_score_current,-0.736614,Reduces Risk,numeric__placement_mock_interview_score_avg_3m,-0.596044,Reduces Risk,numeric__engagement_strength,-1.652983,Reduces Risk,numeric__engagement_hackathons_attended_current,0.859109,Increases Risk,numeric__placement_aptitude_score_current,0.718605,Increases Risk,numeric__placement_mock_interview_score_current,-0.69737,Reduces Risk,numeric__engagement_events_attended_current,0.689387,Increases Risk
S2226,numeric__lms_logins_per_week_slope_3m,0.760939,Increases Risk,numeric__placement_coding_score_slope_3m,-0.741663,Reduces Risk,numeric__attendance_declining_flag,-0.74125,Reduces Risk,numeric__feedback_faculty_rating_avg_3m,-0.73566,Reduces Risk,numeric__engagement_events_attended_slope_3m,0.71001,Increases Risk,numeric__placement_coding_score_slope_3m,0.683549,Increases Risk,numeric__placement_mock_interview_score_current,-0.537997,Reduces Risk,numeric__feedback_faculty_rating_current,-0.467782,Reduces Risk,numeric__attendance_overall_attendance_current,-0.450924,Reduces Risk,numeric__lms_logins_per_week_slope_3m,0.447278,Increases Risk
S2227,numeric__lms_assignment_completion_pct_avg_3m,-1.317278,Reduces Risk,numeric__academic_warning_score,0.792967,Increases Risk,numeric__attendance_declining_flag,-0.74125,Reduces Risk,numeric__feedback_satisfaction_score_missing,-0.713384,Reduces Risk,numeric__academic_cgpa_current,-0.626752,Reduces Risk,numeric__attendance_overall_attendance_current,1.950254,Increases Risk,numeric__attendance_overall_attendance_avg_3m,-1.408951,Reduces Risk,numeric__critical_attendance_flag,-0.997756,Reduces Risk,numeric__attendance_subject_attendance_avg_3m,-0.984746,Reduces Risk,numeric__low_lms_flag,0.913609,Increases Risk
S2228,numeric__placement_aptitude_score_current,2.38364,Increases Risk,numeric__placement_coding_score_avg_3m,-1.684289,Reduces Risk,numeric__academic_cgpa_current,-1.602321,Reduces Risk,numeric__skills_tech_skills_score_avg_3m,1.579427,Increases Risk,numeric__feedback_faculty_rating_avg_3m,0.86369,Increases Risk,numeric__placement_aptitude_score_current,-2.327299,Reduces Risk,numeric__engagement_hackathons_attended_current,-2.004588,Reduces Risk,numeric__low_aptitude_flag,-1.905883,Reduces Risk,numeric__engagement_strength,1.709016,Increases Risk,numeric__academic_internal_marks_avg_3m,1.694327,Increases Risk
S2229,numeric__attendance_declining_flag,-0.74125,Reduces Risk,numeric__lms_assignment_completion_pct_avg_3m,0.704854,Increases Risk,numeric__placement_coding_score_slope_3m,-0.674914,Reduces Risk,numeric__academic_cgpa_std_3m,-0.619428,Reduces Risk,numeric__placement_aptitude_score_current,0.597295,Increases Risk,numeric__engagement_hackathons_attended_current,-1.050022,Reduces Risk,numeric__attendance_overall_attendance_current,-0.970098,Reduces Risk,numeric__attendance_overall_attendance_avg_3m,0.933576,Increases Risk,numeric__placement_coding_score_slope_3m,0.62203,Increases Risk,numeric__attendance_subject_attendance_avg_3m,0.605365,Increases Risk
S2230,numeric__academic_warning_score,-0.933762,Reduces Risk,numeric__lms_assignment_completion_pct_avg_3m,0.813902,Increases Risk,numeric__feedback_satisfaction_score_avg_3m,-0.702732,Reduces Risk,numeric__engagement_hackathons_attended_std_3m,0.676045,Increases Risk,numeric__skills_soft_skills_score_avg_3m,0.631403,Increases Risk,numeric__engagement_hackathons_attended_current,-1.050022,Reduces Risk,numeric__engagement_club_participations_current,-0.871126,Reduces Risk,numeric__attendance_overall_attendance_current,-0.829488,Reduces Risk,numeric__attendance_overall_attendance_avg_3m,0.535788,Increases Risk,numeric__placement_mock_interview_score_avg_3m,-0.499433,Reduces Risk
S2231,numeric__feedback_satisfaction_score_avg_3m,-0.661399,Reduces Risk,numeric__academic_warning_score,-0.535286,Reduces Risk,numeric__skills_tech_skills_score_avg_3m,0.532208,Increases Risk,numeric__placement_coding_score_avg_3m,-0.504709,Reduces Risk,numeric__lms_assignment_completion_pct_avg_3m,0.463052,Increases Risk,numeric__attendance_overall_attendance_current,-1.370294,Reduces Risk,numeric__attendance_overall_attendance_avg_3m,1.003031,Increases Risk,numeric__attendance_subject_attendance_avg_3m,0.92654,Increases Risk,numeric__attendance_subject_attendance_current,-0.915699,Reduces Risk,numeric__engagement_strength,0.775128,Increases Risk
S2232,numeric__attendance_declining_flag,-0.74125,Reduces Risk,numeric__placement_aptitude_score_current,0.644098,Increases Risk,numeric__engagement_hackathons_attended_std_3m,-0.55575,Reduces Risk,numeric__academic_warning_score,-0.535286,Reduces Risk,numeric__placement_coding_score_avg_3m,-0.441966,Reduces Risk,numeric__placement_aptitude_score_current,-0.629208,Reduces Risk,numeric__placement_mock_interview_score_current,-0.6063,Reduces Risk,numeric__attendance_subject_attendance_avg_3m,0.538372,Increases Risk,numeric__feedback_satisfaction_score_slope_3m,0.536012,Increases Risk,numeric__academic_internal_marks_avg_3m,-0.402123,Reduces Risk
S2233,numeric__academic_warning_score,1.722745,Increases Risk,numeric__lms_assignment_completion_pct_avg_3m,-1.485592,Reduces Risk,numeric__attendance_overall_attendance_std_3m,0.973997,Increases Risk,numeric__placement_aptitude_score_current,0.940523,Increases Risk,numeric__lms_assignment_completion_pct_current,0.931861,Increases Risk,numeric__attendance_overall_attendance_current,2.404532,Increases Risk,numeric__attendance_overall_attendance_avg_3m,-1.18922,Reduces Risk,numeric__attendance_subject_attendance_current,1.147878,Increases Risk,numeric__attendance_subject_attendance_avg_3m,-1.079325,Reduces Risk,numeric__critical_attendance_flag,-0.997756,Reduces Risk
S2234,numeric__attendance_overall_attendance_std_3m,0.81864,Increases Risk,numeric__skills_tech_skills_score_avg_3m,0.811671,Increases Risk,numeric__academic_cgpa_current,-0.797306,Reduces Risk,numeric__attendance_declining_flag,-0.74125,Reduces Risk,numeric__placement_coding_score_slope_3m,-0.674914,Reduces Risk,numeric__attendance_overall_attendance_current,1.57169,Increases Risk,numeric__attendance_subject_attendance_current,1.052636,Increases Risk,numeric__low_lms_flag,0.913609,Increases Risk,numeric__academic_internal_marks_avg_3m,0.900392,Increases Risk,numeric__engagement_hackathons_attended_current,0.859109,Increases Risk
S2235,numeric__academic_warning_score,-0.933762,Reduces Risk,numeric__feedback_faculty_rating_avg_3m,-0.776669,Reduces Risk,numeric__placement_coding_score_avg_3m,0.618401,Increases Risk,numeric__lms_assignment_completion_pct_avg_3m,-0.485193,Reduces Risk,numeric__feedback_faculty_rating_current,-0.44937,Reduces Risk,numeric__engagement_strength,0.775128,Increases Risk,numeric__feedback_faculty_rating_current,-0.556829,Reduces Risk,numeric__attendance_overall_attendance_current,0.522527,Increases Risk,numeric__placement_aptitude_score_current,0.39117,Increases Risk,numeric__placement_mock_interview_score_current,-0.384316,Reduces Risk
S2236,numeric__skills_tech_skills_score_avg_3m,1.705339,Increases Risk,numeric__placement_coding_score_avg_3m,-1.696837,Reduces Risk,numeric__placement_mock_interview_score_avg_3m,1.507962,Increases Risk,numeric__feedback_satisfaction_score_avg_3m,1.337168,Increases Risk,numeric__placement_aptitude_score_current,1.330554,Increases Risk,numeric__placement_mock_interview_score_current,1.812753,Increases Risk,numeric__engagement_strength,1.522238,Increases Risk,numeric__placement_aptitude_score_current,-1.299306,Reduces Risk,numeric__placement_mock_interview_score_avg_3m,1.24326,Increases Risk,numeric__engagement_hackathons_attended_current,-1.050022,Reduces Risk
S2237,numeric__placement_aptitude_score_current,1.057532,Increases Risk,numeric__academic_warning_score,-0.668112,Reduces Risk,numeric__academic_cgpa_current,-0.61993,Reduces Risk,numeric__engagement_hackathons_attended_std_3m,-0.55575,Reduces Risk,numeric__attendance_overall_attendance_std_3m,-0.466158,Reduces Risk,numeric__engagement_hackathons_attended_current,-1.050022,Reduces Risk,numeric__placement_aptitude_score_current,-1.03279,Reduces Risk,numeric__engagement_strength,0.961905,Increases Risk,numeric__academic_internal_marks_avg_3m,0.690977,Increases Risk,numeric__placement_mock_interview_score_std_3m,0.441297,Increases Risk
S2238,numeric__attendance_declining_flag,-0.74125,Reduces Risk,numeric__skills_tech_skills_score_avg_3m,-0.653206,Reduces Risk,numeric__engagement_hackathons_attended_std_3m,-0.55575,Reduces Risk,numeric__academic_warning_score,-0.535286,Reduces Risk,numeric__lms_assignment_completion_pct_avg_3m,0.441716,Increases Risk,numeric__engagement_strength,-1.466205,Reduces Risk,numeric__engagement_certifications_count_current,0.937282,Increases Risk,numeric__engagement_club_participations_current,-0.547287,Reduces Risk,categorical__department_IT,-0.402819,Reduces Risk,numeric__engagement_events_attended_current,0.359537,Increases Risk
S2239,numeric__academic_warning_score,1.324269,Increases Risk,numeric__placement_coding_score_avg_3m,-1.201163,Reduces Risk,numeric__academic_cgpa_current,-0.940572,Reduces Risk,numeric__skills_tech_skills_score_avg_3m,0.891518,Increases Risk,numeric__placement_aptitude_score_current,0.846915,Increases Risk,numeric__engagement_hackathons_attended_current,-1.050022,Reduces Risk,numeric__low_lms_flag,0.913609,Increases Risk,numeric__academic_internal_marks_avg_3m,0.895789,Increases Risk,numeric__placement_aptitude_score_current,-0.827191,Reduces Risk,numeric__placement_coding_score_avg_3m,0.59186,Increases Risk
S2240,numeric__placement_coding_score_avg_3m,1.189367,Increases Risk,numeric__skills_tech_skills_score_avg_3m,-1.037084,Reduces Risk,numeric__academic_warning_score,-0.933762,Reduces Risk,numeric__placement_aptitude_score_slope_3m,0.793905,Increases Risk,numeric__lms_assignment_completion_pct_avg_3m,-0.679583,Reduces Risk,numeric__attendance_overall_attendance_current,-0.970098,Reduces Risk,numeric__placement_aptitude_score_slope_3m,-0.841013,Reduces Risk,numeric__placement_coding_score_avg_3m,-0.586048,Reduces Risk,numeric__academic_internal_marks_avg_3m,-0.544801,Reduces Risk,numeric__attendance_overall_attendance_avg_3m,0.52316,Increases Risk
S2241,numeric__feedback_satisfaction_score_avg_3m,1.531675,Increases Risk,numeric__feedback_satisfaction_score_current,-1.494926,Reduces Risk,numeric__skills_soft_skills_score_avg_3m,-1.3121,Reduces Risk,numeric__lms_assignment_completion_pct_avg_3m,-1.210601,Reduces Risk,numeric__placement_coding_score_avg_3m,-1.18234,Reduces Risk,numeric__attendance_overall_attendance_current,2.891257,Increases Risk,numeric__attendance_overall_attendance_avg_3m,-2.128756,Reduces Risk,numeric__engagement_strength,2.082572,Increases Risk,numeric__attendance_subject_attendance_avg_3m,-1.65074,Reduces Risk,numeric__attendance_subject_attendance_current,1.391274,Increases Risk
S2242,numeric__placement_aptitude_score_current,-0.760016,Reduces Risk,numeric__academic_cgpa_current,0.689925,Increases Risk,numeric__skills_tech_skills_score_avg_3m,-0.628638,Reduces Risk,numeric__engagement_hackathons_attended_std_3m,-0.55575,Reduces Risk,numeric__lms_logins_per_week_slope_3m,-0.513666,Reduces Risk,numeric__low_lms_flag,0.913609,Increases Risk,numeric__placement_aptitude_score_current,0.741449,Increases Risk,numeric__academic_subject_score_avg_slope_3m,-0.471504,Reduces Risk,numeric__academic_cgpa_avg_3m,-0.419831,Reduces Risk,numeric__academic_internal_marks_avg_3m,-0.409026,Reduces Risk
S2243,numeric__attendance_declining_flag,-0.74125,Reduces Risk,numeric__placement_aptitude_score_current,-0.557199,Reduces Risk,numeric__skills_tech_skills_score_avg_3m,-0.524223,Reduces Risk,numeric__engagement_strength,-0.427257,Reduces Risk,numeric__skills_soft_skills_score_std_3m,0.381892,Increases Risk,numeric__engagement_strength,-1.466205,Reduces Risk,numeric__skills_soft_skills_score_std_3m,0.828845,Increases Risk,numeric__engagement_events_attended_current,0.689387,Increases Risk,numeric__placement_aptitude_score_current,0.543465,Increases Risk,numeric__placement_mock_interview_score_current,0.50931,Increases Risk
S2244,numeric__feedback_satisfaction_score_avg_3m,-1.118492,Reduces Risk,numeric__placement_coding_score_slope_3m,0.822763,Increases Risk,numeric__placement_coding_score_avg_3m,0.784671,Increases Risk,numeric__engagement_events_attended_slope_3m,0.71001,Increases Risk,numeric__placement_mock_interview_score_avg_3m,-0.666048,Reduces Risk,numeric__engagement_strength,-1.466205,Reduces Risk,numeric__placement_coding_score_slope_3m,-0.758294,Reduces Risk,numeric__placement_mock_interview_score_current,-0.754289,Reduces Risk,numeric__attendance_overall_attendance_current,-0.732143,Reduces Risk,numeric__engagement_events_attended_current,0.689387,Increases Risk
S2245,numeric__academic_warning_score,1.191444,Increases Risk,numeric__placement_coding_score_avg_3m,0.784671,Increases Risk,numeric__attendance_declining_flag,-0.74125,Reduces Risk,numeric__academic_cgpa_std_3m,-0.712549,Reduces Risk,numeric__skills_tech_skills_score_avg_3m,-0.683917,Reduces Risk,numeric__attendance_overall_attendance_current,1.268839,Increases Risk,numeric__low_lms_flag,0.913609,Increases Risk,numeric__skills_soft_skills_score_std_3m,0.679295,Increases Risk,numeric__attendance_overall_attendance_avg_3m,-0.613376,Reduces Risk,numeric__academic_internal_marks_avg_3m,0.601228,Increases Risk
S2246,numeric__engagement_events_attended_slope_3m,1.0284,Increases Risk,numeric__feedback_faculty_rating_avg_3m,-0.743862,Reduces Risk,numeric__skills_soft_skills_score_avg_3m,0.689027,Increases Risk,numeric__placement_aptitude_score_current,-0.682009,Reduces Risk,numeric__placement_mock_interview_score_avg_3m,-0.596044,Reduces Risk,numeric__engagement_strength,-1.652983,Reduces Risk,numeric__engagement_hackathons_attended_current,0.859109,Increases Risk,numeric__engagement_events_attended_current,0.689387,Increases Risk,numeric__placement_aptitude_score_current,0.665302,Increases Risk,numeric__feedback_faculty_rating_current,-0.653972,Reduces Risk
S2247,numeric__academic_warning_score,1.988396,Increases Risk,numeric__lms_assignment_completion_pct_avg_3m,-1.495074,Reduces Risk,numeric__placement_coding_score_avg_3m,-0.987835,Reduces Risk,numeric__academic_cgpa_current,-0.845061,Reduces Risk,numeric__attendance_overall_attendance_avg_3m,0.841902,Increases Risk,numeric__attendance_overall_attendance_current,3.843075,Increases Risk,numeric__attendance_overall_attendance_avg_3m,-2.313128,Reduces Risk,numeric__attendance_subject_attendance_avg_3m,-1.753201,Reduces Risk,numeric__attendance_subject_attendance_current,1.714038,Increases Risk,numeric__engagement_hackathons_attended_current,-1.050022,Reduces Risk
S2248,numeric__placement_coding_score_avg_3m,-1.100773,Reduces Risk,numeric__attendance_declining_flag,-0.74125,Reduces Risk,numeric__skills_tech_skills_score_avg_3m,0.719541,Increases Risk,numeric__feedback_satisfaction_score_avg_3m,0.668547,Increases Risk,numeric__lms_assignment_completion_pct_avg_3m,-0.636912,Reduces Risk,numeric__engagement_strength,1.335461,Increases Risk,numeric__attendance_overall_attendance_current,0.998436,Increases Risk,numeric__placement_mock_interview_score_current,0.645916,Increases Risk,numeric__feedback_satisfaction_score_slope_3m,0.6406,Increases Risk,numeric__engagement_events_attended_current,-0.630014,Reduces Risk
S2249,numeric__feedback_satisfaction_score_avg_3m,1.803986,Increases Risk,numeric__lms_assignment_completion_pct_avg_3m,-1.293572,Reduces Risk,numeric__feedback_satisfaction_score_current,-1.271251,Reduces Risk,numeric__engagement_hackathons_attended_std_3m,1.073761,Increases Risk,numeric__placement_coding_score_avg_3m,1.060743,Increases Risk,numeric__attendance_overall_attendance_current,2.577589,Increases Risk,numeric__attendance_overall_attendance_avg_3m,-1.552912,Reduces Risk,numeric__attendance_subject_attendance_current,1.354235,Increases Risk,numeric__attendance_subject_attendance_avg_3m,-1.329565,Reduces Risk,numeric__feedback_satisfaction_score_current,1.080864,Increases Risk
S2250,numeric__placement_coding_score_slope_3m,1.068899,Increases Risk,numeric__attendance_declining_flag,-0.74125,Reduces Risk,numeric__placement_coding_score_avg_3m,-0.705489,Reduces Risk,numeric__engagement_hackathons_attended_std_3m,0.676045,Increases Risk,numeric__placement_aptitude_score_current,0.605095,Increases Risk,numeric__engagement_hackathons_attended_current,-1.050022,Reduces Risk,numeric__placement_coding_score_slope_3m,-0.985143,Reduces Risk,numeric__attendance_subject_attendance_current,-0.608808,Reduces Risk,numeric__placement_coding_score_std_3m,0.602806,Increases Risk,numeric__placement_aptitude_score_current,-0.591134,Reduces Risk
S2251,numeric__academic_warning_score,1.988396,Increases Risk,numeric__academic_backlogs_slope_3m,0.781385,Increases Risk,numeric__skills_tech_skills_score_avg_3m,-0.751479,Reduces Risk,numeric__attendance_declining_flag,-0.74125,Reduces Risk,numeric__placement_coding_score_avg_3m,0.71879,Increases Risk,numeric__attendance_overall_attendance_current,1.777197,Increases Risk,numeric__engagement_strength,-1.09265,Reduces Risk,numeric__attendance_overall_attendance_avg_3m,-1.05031,Reduces Risk,numeric__critical_attendance_flag,-0.997756,Reduces Risk,numeric__low_lms_flag,0.913609,Increases Risk
S2252,numeric__placement_coding_score_avg_3m,-2.377605,Reduces Risk,numeric__skills_tech_skills_score_avg_3m,2.325685,Increases Risk,numeric__placement_aptitude_score_current,1.229146,Increases Risk,numeric__placement_coding_score_current,0.793771,Increases Risk,numeric__low_technical_skill_flag,0.768011,Increases Risk,numeric__low_coding_flag,1.487088,Increases Risk,numeric__placement_aptitude_score_current,-1.200315,Reduces Risk,numeric__placement_coding_score_avg_3m,1.17154,Increases Risk,numeric__skills_tech_skills_score_avg_3m,-1.047766,Reduces Risk,numeric__attendance_overall_attendance_current,0.673952,Increases Risk
S2253,numeric__placement_aptitude_score_current,1.307152,Increases Risk,numeric__skills_tech_skills_score_avg_3m,1.063495,Increases Risk,numeric__academic_warning_score,-0.933762,Reduces Risk,numeric__lms_assignment_completion_pct_avg_3m,0.733302,Increases Risk,numeric__placement_coding_score_avg_3m,-0.705489,Reduces Risk,numeric__placement_aptitude_score_current,-1.276462,Reduces Risk,numeric__feedback_faculty_rating_current,0.552215,Increases Risk,numeric__skills_tech_skills_score_avg_3m,-0.479125,Reduces Risk,numeric__attendance_overall_attendance_current,-0.472556,Reduces Risk,numeric__skills_soft_skills_score_std_3m,0.427819,Increases Risk
S2254,numeric__academic_warning_score,-0.668112,Reduces Risk,numeric__feedback_faculty_rating_avg_3m,0.63404,Increases Risk,numeric__skills_soft_skills_score_avg_3m,-0.521079,Reduces Risk,numeric__feedback_faculty_rating_current,0.478648,Increases Risk,numeric__academic_cgpa_current,-0.476665,Reduces Risk,numeric__engagement_strength,1.522238,Increases Risk,numeric__engagement_hackathons_attended_current,-1.050022,Reduces Risk,numeric__placement_mock_interview_score_current,0.714218,Increases Risk,numeric__feedback_satisfaction_score_slope_3m,-0.666747,Reduces Risk,numeric__academic_internal_marks_avg_3m,0.644952,Increases Risk
S2255,numeric__feedback_satisfaction_score_avg_3m,-0.763516,Reduces Risk,numeric__academic_warning_score,-0.668112,Reduces Risk,numeric__engagement_strength,-0.59054,Reduces Risk,numeric__engagement_hackathons_attended_std_3m,-0.55575,Reduces Risk,numeric__placement_coding_score_avg_3m,-0.40432,Reduces Risk,numeric__engagement_strength,-2.026538,Reduces Risk,numeric__attendance_overall_attendance_current,-1.283765,Reduces Risk,numeric__engagement_certifications_count_current,0.937282,Increases Risk,numeric__attendance_overall_attendance_avg_3m,0.912108,Increases Risk,numeric__engagement_events_attended_current,0.689387,Increases Risk
S2256,numeric__feedback_satisfaction_score_avg_3m,1.079445,Increases Risk,numeric__skills_soft_skills_score_avg_3m,-0.984691,Reduces Risk,numeric__placement_coding_score_avg_3m,0.79722,Increases Risk,numeric__lms_assignment_completion_pct_avg_3m,-0.764926,Reduces Risk,numeric__attendance_declining_flag,-0.74125,Reduces Risk,numeric__low_lms_flag,0.913609,Increases Risk,numeric__placement_mock_interview_score_current,0.907742,Increases Risk,numeric__engagement_strength,0.775128,Increases Risk,numeric__skills_soft_skills_score_current,-0.613978,Reduces Risk,numeric__placement_mock_interview_score_avg_3m,0.600371,Increases Risk
S2257,numeric__skills_soft_skills_score_avg_3m,-0.51584,Reduces Risk,numeric__placement_aptitude_score_current,-0.510396,Reduces Risk,numeric__placement_mock_interview_score_avg_3m,0.401511,Increases Risk,numeric__placement_aptitude_score_slope_3m,0.395988,Increases Risk,numeric__engagement_events_attended_slope_3m,0.39162,Increases Risk,numeric__attendance_subject_attendance_current,-0.693467,Reduces Risk,numeric__skills_soft_skills_score_std_3m,-0.689938,Reduces Risk,numeric__attendance_subject_attendance_avg_3m,0.642803,Increases Risk,numeric__attendance_overall_attendance_current,-0.60235,Reduces Risk,numeric__placement_aptitude_score_current,0.497777,Increases Risk
S2258,numeric__feedback_satisfaction_score_avg_3m,-1.269236,Reduces Risk,numeric__skills_tech_skills_score_avg_3m,-0.987948,Reduces Risk,numeric__placement_coding_score_avg_3m,0.885061,Increases Risk,numeric__placement_mock_interview_score_avg_3m,-0.85467,Reduces Risk,numeric__skills_soft_skills_score_avg_3m,0.759747,Increases Risk,numeric__engagement_strength,-1.652983,Reduces Risk,numeric__engagement_hackathons_attended_current,0.859109,Increases Risk,numeric__placement_mock_interview_score_current,-0.822592,Reduces Risk,numeric__attendance_overall_attendance_current,0.814562,Increases Risk,numeric__placement_mock_interview_score_avg_3m,-0.704644,Reduces Risk
S2259,numeric__skills_soft_skills_score_avg_3m,0.927381,Increases Risk,numeric__lms_assignment_completion_pct_avg_3m,0.747525,Increases Risk,numeric__feedback_satisfaction_score_missing,-0.713384,Reduces Risk,numeric__academic_warning_score,-0.668112,Reduces Risk,numeric__placement_mock_interview_score_avg_3m,-0.533819,Reduces Risk,numeric__engagement_strength,-1.09265,Reduces Risk,numeric__attendance_overall_attendance_current,-1.024178,Reduces Risk,numeric__engagement_hackathons_attended_current,0.859109,Increases Risk,numeric__placement_mock_interview_score_current,-0.708754,Reduces Risk,numeric__attendance_overall_attendance_avg_3m,0.550942,Increases Risk
S2260,numeric__placement_coding_score_avg_3m,-3.114842,Reduces Risk,numeric__skills_tech_skills_score_avg_3m,2.645071,Increases Risk,numeric__academic_cgpa_current,-1.356724,Reduces Risk,numeric__placement_aptitude_score_current,1.135538,Increases Risk,numeric__lms_assignment_completion_pct_avg_3m,1.062817,Increases Risk,numeric__engagement_hackathons_attended_current,-2.004588,Reduces Risk,numeric__engagement_strength,1.709016,Increases Risk,numeric__placement_coding_score_avg_3m,1.534805,Increases Risk,numeric__low_coding_flag,1.487088,Increases Risk,numeric__academic_internal_marks_avg_3m,1.29851,Increases Risk
S2261,numeric__academic_warning_score,1.58992,Increases Risk,numeric__placement_coding_score_avg_3m,-1.150968,Reduces Risk,numeric__skills_tech_skills_score_avg_3m,1.005146,Increases Risk,numeric__academic_cgpa_current,-0.87235,Reduces Risk,numeric__attendance_declining_flag,-0.74125,Reduces Risk,numeric__attendance_overall_attendance_current,1.258023,Increases Risk,numeric__low_lms_flag,0.913609,Increases Risk,numeric__placement_aptitude_score_missing,-0.83073,Reduces Risk,numeric__academic_internal_marks_avg_3m,0.720893,Increases Risk,numeric__attendance_subject_attendance_current,0.666376,Increases Risk
S2262,numeric__placement_aptitude_score_slope_3m,-1.955341,Reduces Risk,numeric__placement_aptitude_score_current,1.548972,Increases Risk,numeric__skills_soft_skills_score_avg_3m,-1.202091,Reduces Risk,numeric__lms_assignment_completion_pct_avg_3m,-1.179783,Reduces Risk,numeric__placement_aptitude_score_std_3m,-1.148464,Reduces Risk,numeric__placement_aptitude_score_slope_3m,2.071365,Increases Risk,numeric__placement_aptitude_score_current,-1.51252,Reduces Risk,numeric__low_lms_flag,0.913609,Increases Risk,numeric__placement_aptitude_score_std_3m,0.831306,Increases Risk,numeric__placement_mock_interview_score_avg_3m,0.810392,Increases Risk
S2263,numeric__academic_backlogs_avg_3m,-1.576418,Reduces Risk,numeric__skills_soft_skills_score_avg_3m,-0.693951,Reduces Risk,numeric__attendance_overall_attendance_std_3m,0.646416,Increases Risk,numeric__placement_coding_score_slope_3m,0.643375,Increases Risk,numeric__academic_backlogs_current,0.556,Increases Risk,numeric__engagement_strength,1.522238,Increases Risk,numeric__engagement_hackathons_attended_current,-1.050022,Reduces Risk,numeric__academic_backlogs_avg_3m,0.611366,Increases Risk,numeric__placement_coding_score_slope_3m,-0.592962,Reduces Risk,numeric__academic_backlogs_current,0.490591,Increases Risk
S2264,numeric__attendance_declining_flag,-0.74125,Reduces Risk,numeric__lms_logins_per_week_slope_3m,0.633479,Increases Risk,numeric__skills_soft_skills_score_avg_3m,-0.597038,Reduces Risk,numeric__placement_aptitude_score_current,0.589494,Increases Risk,numeric__engagement_events_attended_slope_3m,-0.56355,Reduces Risk,numeric__engagement_strength,0.775128,Increases Risk,numeric__placement_aptitude_score_current,-0.575904,Reduces Risk,numeric__skills_soft_skills_score_std_3m,-0.496689,Reduces Risk,numeric__placement_aptitude_score_slope_3m,0.466151,Increases Risk,categorical__department_CSE,-0.416441,Reduces Risk
S2265,numeric__placement_coding_score_avg_3m,1.402695,Increases Risk,numeric__skills_tech_skills_score_avg_3m,-1.184493,Reduces Risk,numeric__placement_aptitude_score_current,-0.884826,Reduces Risk,numeric__attendance_declining_flag,-0.74125,Reduces Risk,numeric__feedback_satisfaction_score_current,-0.712062,Reduces Risk,numeric__feedback_satisfaction_score_slope_3m,-0.989226,Reduces Risk,numeric__engagement_strength,-0.905872,Reduces Risk,numeric__placement_aptitude_score_current,0.863285,Increases Risk,numeric__placement_coding_score_avg_3m,-0.691163,Reduces Risk,numeric__feedback_satisfaction_score_current,0.605775,Increases Risk
S2266,numeric__feedback_satisfaction_score_avg_3m,-1.322725,Reduces Risk,numeric__skills_soft_skills_score_avg_3m,1.262649,Increases Risk,numeric__placement_mock_interview_score_avg_3m,-1.191077,Reduces Risk,numeric__engagement_events_attended_slope_3m,-0.88194,Reduces Risk,numeric__academic_warning_score,0.792967,Increases Risk,numeric__attendance_overall_attendance_current,1.171494,Increases Risk,numeric__placement_mock_interview_score_current,-1.090111,Reduces Risk,numeric__placement_mock_interview_score_avg_3m,-0.982,Reduces Risk,numeric__engagement_strength,-0.905872,Reduces Risk,numeric__feedback_satisfaction_score_slope_3m,-0.70161,Reduces Risk
S2267,numeric__placement_coding_score_avg_3m,-1.712523,Reduces Risk,numeric__skills_tech_skills_score_avg_3m,1.441231,Increases Risk,numeric__placement_aptitude_score_current,1.096535,Increases Risk,numeric__skills_soft_skills_score_avg_3m,-1.094701,Reduces Risk,numeric__feedback_faculty_rating_avg_3m,0.994919,Increases Risk,numeric__academic_internal_marks_avg_3m,1.137422,Increases Risk,numeric__placement_aptitude_score_current,-1.070864,Reduces Risk,numeric__placement_mock_interview_score_current,0.987429,Increases Risk,numeric__placement_coding_score_avg_3m,0.843828,Increases Risk,numeric__placement_mock_interview_score_avg_3m,0.792757,Increases Risk
S2268,numeric__placement_coding_score_avg_3m,0.721928,Increases Risk,numeric__engagement_strength,-0.644968,Reduces Risk,numeric__engagement_events_attended_slope_3m,-0.56355,Reduces Risk,numeric__placement_aptitude_score_slope_3m,-0.508369,Reduces Risk,numeric__lms_logins_per_week_slope_3m,0.506018,Increases Risk,numeric__engagement_strength,-2.213316,Reduces Risk,numeric__engagement_certifications_count_current,1.482213,Increases Risk,numeric__engagement_hackathons_attended_current,0.859109,Increases Risk,numeric__attendance_overall_attendance_current,-0.764591,Reduces Risk,numeric__placement_aptitude_score_slope_3m,0.538534,Increases Risk
S2269,numeric__engagement_hackathons_attended_std_3m,1.291942,Increases Risk,numeric__engagement_hackathons_attended_current,1.034347,Increases Risk,numeric__academic_warning_score,-0.933762,Reduces Risk,numeric__placement_coding_score_slope_3m,-0.729148,Reduces Risk,numeric__engagement_strength,-0.59054,Reduces Risk,numeric__engagement_hackathons_attended_current,2.76824,Increases Risk,numeric__engagement_strength,-2.026538,Reduces Risk,numeric__placement_coding_score_slope_3m,0.672014,Increases Risk,numeric__academic_internal_marks_avg_3m,-0.5425,Reduces Risk,numeric__placement_mock_interview_score_current,0.520694,Increases Risk
S2270,numeric__skills_soft_skills_score_avg_3m,1.074061,Increases Risk,numeric__academic_cgpa_std_3m,-0.86831,Reduces Risk,numeric__feedback_satisfaction_score_avg_3m,-0.802417,Reduces Risk,numeric__placement_mock_interview_score_avg_3m,-0.757442,Reduces Risk,numeric__engagement_hackathons_attended_std_3m,-0.55575,Reduces Risk,numeric__placement_mock_interview_score_current,-0.811208,Reduces Risk,numeric__placement_mock_interview_score_avg_3m,-0.624484,Reduces Risk,numeric__academic_internal_marks_slope_3m,0.604892,Increases Risk,numeric__academic_cgpa_std_3m,-0.531068,Reduces Risk,numeric__academic_subject_score_avg_slope_3m,-0.467794,Reduces Risk
S2271,numeric__placement_coding_score_avg_3m,-1.370571,Reduces Risk,numeric__skills_tech_skills_score_avg_3m,1.324532,Increases Risk,numeric__academic_backlogs_slope_3m,0.781385,Increases Risk,numeric__low_technical_skill_flag,0.768011,Increases Risk,numeric__feedback_satisfaction_score_avg_3m,-0.763516,Reduces Risk,numeric__low_coding_flag,1.487088,Increases Risk,numeric__engagement_strength,-1.466205,Reduces Risk,numeric__engagement_events_attended_current,1.019238,Increases Risk,numeric__placement_coding_score_avg_3m,0.675334,Increases Risk,numeric__skills_soft_skills_score_std_3m,0.630564,Increases Risk
S2272,numeric__placement_coding_score_avg_3m,-0.918817,Reduces Risk,numeric__feedback_satisfaction_score_avg_3m,-0.875358,Reduces Risk,numeric__academic_backlogs_slope_3m,0.781385,Increases Risk,numeric__attendance_overall_attendance_std_3m,-0.639422,Reduces Risk,numeric__placement_coding_score_slope_3m,-0.637368,Reduces Risk,numeric__engagement_strength,-0.905872,Reduces Risk,numeric__academic_internal_marks_avg_3m,0.594324,Increases Risk,numeric__placement_coding_score_slope_3m,0.587426,Increases Risk,numeric__placement_aptitude_score_current,-0.545445,Reduces Risk,numeric__skills_soft_skills_score_std_3m,0.53167,Increases Risk
S2273,numeric__placement_coding_score_avg_3m,1.685042,Increases Risk,numeric__skills_soft_skills_score_avg_3m,1.283603,Increases Risk,numeric__skills_tech_skills_score_avg_3m,-1.252056,Reduces Risk,numeric__feedback_satisfaction_score_avg_3m,-1.055277,Reduces Risk,numeric__placement_mock_interview_score_avg_3m,-0.942175,Reduces Risk,numeric__engagement_hackathons_attended_current,1.813675,Increases Risk,numeric__placement_mock_interview_score_current,-1.42024,Reduces Risk,numeric__engagement_strength,-1.279427,Reduces Risk,numeric__attendance_overall_attendance_current,1.171494,Increases Risk,numeric__placement_coding_score_avg_3m,-0.830286,Reduces Risk
S2274,numeric__academic_warning_score,1.58992,Increases Risk,numeric__lms_assignment_completion_pct_avg_3m,-1.497445,Reduces Risk,numeric__lms_assignment_completion_pct_current,0.765259,Increases Risk,numeric__attendance_declining_flag,-0.74125,Reduces Risk,numeric__placement_coding_score_avg_3m,0.687419,Increases Risk,numeric__attendance_overall_attendance_current,3.21574,Increases Risk,numeric__engagement_hackathons_attended_current,1.813675,Increases Risk,numeric__attendance_overall_attendance_avg_3m,-1.792847,Reduces Risk,numeric__attendance_subject_attendance_current,1.237828,Increases Risk,numeric__attendance_subject_attendance_avg_3m,-1.077354,Reduces Risk
S2275,numeric__placement_coding_score_avg_3m,1.167407,Increases Risk,numeric__placement_mock_interview_score_avg_3m,-1.078293,Reduces Risk,numeric__skills_soft_skills_score_avg_3m,1.021675,Increases Risk,numeric__placement_aptitude_score_current,-0.81462,Reduces Risk,numeric__attendance_declining_flag,-0.74125,Reduces Risk,numeric__attendance_overall_attendance_current,-1.272949,Reduces Risk,numeric__attendance_overall_attendance_avg_3m,1.20003,Increases Risk,numeric__placement_mock_interview_score_current,-1.038884,Reduces Risk,numeric__engagement_strength,-0.905872,Reduces Risk,numeric__placement_mock_interview_score_avg_3m,-0.889014,Reduces Risk
S2276,numeric__placement_coding_score_avg_3m,1.399558,Increases Risk,numeric__skills_tech_skills_score_avg_3m,-0.941883,Reduces Risk,numeric__lms_assignment_completion_pct_avg_3m,-0.914274,Reduces Risk,numeric__feedback_satisfaction_score_avg_3m,0.8898,Increases Risk,numeric__academic_cgpa_current,0.867302,Increases Risk,numeric__skills_soft_skills_score_std_3m,1.149502,Increases Risk,numeric__engagement_hackathons_attended_current,0.859109,Increases Risk,numeric__academic_internal_marks_avg_3m,-0.70819,Reduces Risk,numeric__placement_mock_interview_score_std_3m,-0.691664,Reduces Risk,numeric__placement_coding_score_avg_3m,-0.689617,Reduces Risk
S2277,numeric__skills_tech_skills_score_avg_3m,1.736049,Increases Risk,numeric__placement_coding_score_avg_3m,-1.646642,Reduces Risk,numeric__low_technical_skill_flag,0.768011,Increases Risk,numeric__placement_aptitude_score_current,0.737706,Increases Risk,numeric__academic_warning_score,-0.668112,Reduces Risk,numeric__engagement_hackathons_attended_current,-1.050022,Reduces Risk,numeric__engagement_strength,0.961905,Increases Risk,numeric__skills_soft_skills_score_std_3m,0.825248,Increases Risk,numeric__placement_coding_score_avg_3m,0.811366,Increases Risk,numeric__skills_tech_skills_score_avg_3m,-0.782124,Reduces Risk
S2278,numeric__placement_coding_score_avg_3m,-1.982321,Reduces Risk,numeric__skills_tech_skills_score_avg_3m,1.542574,Increases Risk,numeric__engagement_hackathons_attended_std_3m,1.291942,Increases Risk,numeric__academic_cgpa_current,-1.12477,Reduces Risk,numeric__placement_aptitude_score_current,0.956124,Increases Risk,numeric__academic_internal_marks_avg_3m,1.26169,Increases Risk,numeric__engagement_hackathons_attended_current,-1.050022,Reduces Risk,numeric__placement_coding_score_avg_3m,0.976767,Increases Risk,numeric__placement_aptitude_score_current,-0.933798,Reduces Risk,numeric__feedback_faculty_rating_current,0.827453,Increases Risk
S2279,numeric__placement_coding_score_avg_3m,-1.150968,Reduces Risk,numeric__skills_tech_skills_score_avg_3m,0.965222,Increases Risk,numeric__academic_warning_score,0.792967,Increases Risk,numeric__academic_cgpa_current,-0.640396,Reduces Risk,numeric__cgpa_declining_flag,0.487485,Increases Risk,numeric__attendance_overall_attendance_current,1.863726,Increases Risk,numeric__attendance_overall_attendance_avg_3m,-1.229631,Reduces Risk,numeric__critical_attendance_flag,-0.997756,Reduces Risk,numeric__attendance_subject_attendance_avg_3m,-0.967012,Reduces Risk,numeric__placement_aptitude_score_missing,-0.83073,Reduces Risk
S2280,numeric__academic_warning_score,-0.933762,Reduces Risk,numeric__skills_soft_skills_score_avg_3m,0.508297,Increases Risk,numeric__feedback_satisfaction_score_current,0.492344,Increases Risk,numeric__placement_mock_interview_score_current,-0.491614,Reduces Risk,numeric__academic_cgpa_current,0.444327,Increases Risk,numeric__engagement_strength,-1.09265,Reduces Risk,numeric__attendance_overall_attendance_current,-0.980914,Reduces Risk,numeric__engagement_hackathons_attended_current,0.859109,Increases Risk,numeric__attendance_overall_attendance_avg_3m,0.84139,Increases Risk,numeric__placement_mock_interview_score_current,-0.748597,Reduces Risk
S2281,numeric__placement_coding_score_avg_3m,-1.630957,Reduces Risk,numeric__skills_tech_skills_score_avg_3m,1.58864,Increases Risk,numeric__lms_assignment_completion_pct_avg_3m,1.224018,Increases Risk,numeric__feedback_satisfaction_score_avg_3m,-1.125786,Reduces Risk,numeric__placement_aptitude_score_current,0.956124,Increases Risk,numeric__attendance_overall_attendance_current,-2.170687,Reduces Risk,numeric__low_coding_flag,1.487088,Increases Risk,numeric__attendance_overall_attendance_avg_3m,1.316209,Increases Risk,numeric__attendance_subject_attendance_avg_3m,0.936392,Increases Risk,numeric__placement_aptitude_score_current,-0.933798,Reduces Risk
S2282,numeric__placement_coding_score_avg_3m,1.427793,Increases Risk,numeric__placement_aptitude_score_current,-1.313861,Reduces Risk,numeric__skills_tech_skills_score_avg_3m,-1.239772,Reduces Risk,numeric__academic_cgpa_current,0.915057,Increases Risk,numeric__academic_warning_score,-0.535286,Reduces Risk,numeric__placement_aptitude_score_current,1.282097,Increases Risk,numeric__academic_internal_marks_avg_3m,-0.968233,Reduces Risk,numeric__attendance_subject_attendance_current,-0.862787,Reduces Risk,numeric__engagement_hackathons_attended_current,0.859109,Increases Risk,numeric__attendance_overall_attendance_current,-0.818672,Reduces Risk
S2283,numeric__lms_assignment_completion_pct_avg_3m,-1.540116,Reduces Risk,numeric__engagement_events_attended_slope_3m,1.34679,Increases Risk,numeric__academic_backlogs_slope_3m,0.781385,Increases Risk,numeric__lms_assignment_completion_pct_current,0.685428,Increases Risk,numeric__feedback_satisfaction_score_avg_3m,0.666116,Increases Risk,numeric__engagement_strength,-1.652983,Reduces Risk,numeric__attendance_subject_attendance_current,1.571175,Increases Risk,numeric__attendance_subject_attendance_avg_3m,-1.374884,Reduces Risk,numeric__attendance_overall_attendance_avg_3m,-1.229631,Reduces Risk,numeric__low_lms_flag,0.913609,Increases Risk
S2284,numeric__academic_backlogs_slope_3m,0.781385,Increases Risk,numeric__attendance_overall_attendance_std_3m,0.741916,Increases Risk,numeric__attendance_declining_flag,-0.74125,Reduces Risk,numeric__placement_coding_score_slope_3m,0.672578,Increases Risk,numeric__academic_warning_score,0.660142,Increases Risk,numeric__attendance_overall_attendance_current,1.312103,Increases Risk,numeric__attendance_subject_attendance_current,0.920355,Increases Risk,numeric__engagement_hackathons_attended_current,0.859109,Increases Risk,numeric__placement_coding_score_slope_3m,-0.619877,Reduces Risk,numeric__placement_aptitude_score_current,0.55108,Increases Risk
S2285,numeric__academic_backlogs_avg_3m,-1.576418,Reduces Risk,numeric__placement_coding_score_avg_3m,-1.091362,Reduces Risk,numeric__skills_tech_skills_score_avg_3m,1.084992,Increases Risk,numeric__feedback_faculty_rating_avg_3m,1.056432,Increases Risk,numeric__placement_aptitude_score_current,0.963924,Increases Risk,numeric__engagement_strength,1.335461,Increases Risk,numeric__feedback_faculty_rating_current,1.175547,Increases Risk,numeric__placement_aptitude_score_current,-0.941413,Reduces Risk,numeric__placement_mock_interview_score_current,0.83944,Increases Risk,numeric__placement_mock_interview_score_avg_3m,0.702977,Increases Risk
S2286,numeric__placement_coding_score_avg_3m,1.346226,Increases Risk,numeric__lms_assignment_completion_pct_avg_3m,1.335437,Increases Risk,numeric__feedback_satisfaction_score_avg_3m,-1.235197,Reduces Risk,numeric__skills_soft_skills_score_avg_3m,1.115969,Increases Risk,numeric__placement_mock_interview_score_avg_3m,-1.099683,Reduces Risk,numeric__attendance_overall_attendance_current,-2.040894,Reduces Risk,numeric__attendance_overall_attendance_avg_3m,1.391978,Increases Risk,numeric__attendance_subject_attendance_avg_3m,1.178751,Increases Risk,numeric__engagement_strength,-1.09265,Reduces Risk,numeric__attendance_subject_attendance_current,-1.069144,Reduces Risk
S2287,numeric__skills_soft_skills_score_avg_3m,-1.073746,Reduces Risk,numeric__placement_mock_interview_score_avg_3m,0.837091,Increases Risk,numeric__lms_assignment_completion_pct_avg_3m,-0.608465,Reduces Risk,numeric__engagement_hackathons_attended_std_3m,-0.55575,Reduces Risk,numeric__skills_tech_skills_score_avg_3m,-0.462803,Reduces Risk,numeric__engagement_strength,1.522238,Increases Risk,numeric__engagement_hackathons_attended_current,-1.050022,Reduces Risk,numeric__skills_soft_skills_score_std_3m,0.903114,Increases Risk,numeric__placement_mock_interview_score_std_3m,-0.71875,Reduces Risk,numeric__placement_mock_interview_score_avg_3m,0.690151,Increases Risk
S2288,numeric__lms_logins_per_week_slope_3m,-0.896047,Reduces Risk,numeric__engagement_strength,-0.644968,Reduces Risk,numeric__engagement_hackathons_attended_std_3m,-0.55575,Reduces Risk,numeric__feedback_satisfaction_score_avg_3m,-0.539832,Reduces Risk,numeric__attendance_overall_attendance_std_3m,-0.523292,Reduces Risk,numeric__engagement_strength,-2.213316,Reduces Risk,numeric__attendance_overall_attendance_current,-0.970098,Reduces Risk,numeric__engagement_certifications_count_current,0.937282,Increases Risk,numeric__engagement_hackathons_attended_current,0.859109,Increases Risk,numeric__attendance_overall_attendance_avg_3m,0.70248,Increases Risk
S2289,numeric__lms_logins_per_week_missing,-1.54038,Reduces Risk,numeric__academic_cgpa_current,-0.735907,Reduces Risk,numeric__engagement_hackathons_attended_std_3m,-0.55575,Reduces Risk,numeric__lms_assignment_completion_pct_avg_3m,-0.532606,Reduces Risk,numeric__lms_logins_per_week_slope_3m,-0.513666,Reduces Risk,numeric__attendance_overall_attendance_current,1.247207,Increases Risk,numeric__engagement_certifications_count_current,0.937282,Increases Risk,numeric__engagement_strength,-0.905872,Reduces Risk,numeric__attendance_overall_attendance_avg_3m,-0.886144,Reduces Risk,numeric__academic_internal_marks_avg_3m,0.730098,Increases Risk
S2290,numeric__academic_warning_score,1.988396,Increases Risk,numeric__placement_coding_score_avg_3m,-1.251358,Reduces Risk,numeric__lms_assignment_completion_pct_avg_3m,-1.127629,Reduces Risk,numeric__skills_soft_skills_score_avg_3m,-1.016122,Reduces Risk,numeric__skills_tech_skills_score_avg_3m,0.940654,Increases Risk,numeric__attendance_overall_attendance_current,2.869625,Increases Risk,numeric__attendance_overall_attendance_avg_3m,-1.810526,Reduces Risk,numeric__attendance_subject_attendance_avg_3m,-1.317743,Reduces Risk,numeric__attendance_subject_attendance_current,1.232537,Increases Risk,numeric__engagement_strength,-1.09265,Reduces Risk
S2291,numeric__engagement_hackathons_attended_std_3m,1.291942,Increases Risk,numeric__placement_coding_score_avg_3m,1.04192,Increases Risk,numeric__engagement_hackathons_attended_current,1.034347,Increases Risk,numeric__engagement_events_attended_slope_3m,-0.88194,Reduces Risk,numeric__skills_tech_skills_score_avg_3m,-0.570289,Reduces Risk,numeric__engagement_hackathons_attended_current,2.76824,Increases Risk,numeric__engagement_strength,-1.466205,Reduces Risk,numeric__low_lms_flag,0.913609,Increases Risk,numeric__placement_mock_interview_score_std_3m,-0.809155,Reduces Risk,numeric__skills_soft_skills_score_std_3m,0.675487,Increases Risk
S2292,numeric__engagement_hackathons_attended_std_3m,1.073761,Increases Risk,numeric__engagement_hackathons_attended_current,1.034347,Increases Risk,numeric__lms_assignment_completion_pct_avg_3m,-0.945092,Reduces Risk,numeric__feedback_satisfaction_score_avg_3m,0.884937,Increases Risk,numeric__skills_soft_skills_score_avg_3m,-0.741098,Reduces Risk,numeric__engagement_hackathons_attended_current,2.76824,Increases Risk,numeric__attendance_overall_attendance_current,1.084965,Increases Risk,numeric__engagement_events_attended_current,-0.959864,Reduces Risk,numeric__attendance_overall_attendance_avg_3m,-0.855837,Reduces Risk,numeric__feedback_satisfaction_score_current,0.598466,Increases Risk
S2293,numeric__feedback_satisfaction_score_avg_3m,-1.176845,Reduces Risk,numeric__placement_coding_score_avg_3m,-0.896857,Reduces Risk,numeric__attendance_declining_flag,-0.74125,Reduces Risk,numeric__academic_warning_score,0.660142,Increases Risk,numeric__feedback_satisfaction_score_current,0.612785,Increases Risk,numeric__low_lms_flag,0.913609,Increases Risk,numeric__placement_mock_interview_score_current,-0.685986,Reduces Risk,numeric__feedback_satisfaction_score_current,-0.51982,Reduces Risk,numeric__academic_internal_marks_avg_3m,0.453947,Increases Risk,numeric__placement_coding_score_avg_3m,0.441917,Increases Risk
S2294,numeric__placement_coding_score_avg_3m,1.010548,Increases Risk,numeric__attendance_declining_flag,-0.74125,Reduces Risk,numeric__engagement_hackathons_attended_std_3m,0.676045,Increases Risk,numeric__skills_tech_skills_score_avg_3m,-0.582573,Reduces Risk,numeric__feedback_faculty_rating_avg_3m,-0.514212,Reduces Risk,numeric__attendance_overall_attendance_current,1.009252,Increases Risk,numeric__attendance_overall_attendance_avg_3m,-0.567914,Reduces Risk,numeric__placement_coding_score_avg_3m,-0.497937,Reduces Risk,numeric__low_attendance_flag,-0.491842,Reduces Risk,numeric__placement_aptitude_score_current,0.436859,Increases Risk
S2295,numeric__skills_tech_skills_score_avg_3m,0.952938,Increases Risk,numeric__lms_assignment_completion_pct_avg_3m,-0.798114,Reduces Risk,numeric__lms_logins_per_week_slope_3m,-0.768587,Reduces Risk,numeric__academic_warning_score,0.660142,Increases Risk,numeric__placement_coding_score_avg_3m,-0.645882,Reduces Risk,numeric__attendance_overall_attendance_current,1.344552,Increases Risk,numeric__attendance_overall_attendance_avg_3m,-0.979593,Reduces Risk,numeric__low_lms_flag,0.913609,Increases Risk,numeric__attendance_subject_attendance_avg_3m,-0.878344,Reduces Risk,numeric__attendance_subject_attendance_current,0.613464,Increases Risk
S2296,numeric__feedback_satisfaction_score_avg_3m,1.157248,Increases Risk,numeric__lms_assignment_completion_pct_avg_3m,-0.764926,Reduces Risk,numeric__feedback_satisfaction_score_current,-0.755077,Reduces Risk,numeric__placement_coding_score_avg_3m,0.615264,Increases Risk,numeric__skills_tech_skills_score_avg_3m,-0.518081,Reduces Risk,numeric__engagement_strength,-1.09265,Reduces Risk,numeric__attendance_overall_attendance_current,0.965988,Increases Risk,numeric__engagement_hackathons_attended_current,0.859109,Increases Risk,numeric__attendance_overall_attendance_avg_3m,-0.79017,Reduces Risk,numeric__feedback_satisfaction_score_current,0.64232,Increases Risk
S2297,numeric__academic_backlogs_avg_3m,-0.955781,Reduces Risk,numeric__placement_aptitude_score_current,0.924921,Increases Risk,numeric__lms_assignment_completion_pct_current,-0.636975,Reduces Risk,numeric__lms_assignment_completion_pct_avg_3m,0.621883,Increases Risk,numeric__engagement_events_attended_slope_3m,-0.56355,Reduces Risk,numeric__attendance_overall_attendance_current,-1.283765,Reduces Risk,numeric__attendance_subject_attendance_current,-0.973902,Reduces Risk,numeric__placement_aptitude_score_current,-0.903339,Reduces Risk,numeric__engagement_hackathons_attended_current,0.859109,Increases Risk,numeric__attendance_overall_attendance_avg_3m,0.768147,Increases Risk
S2298,numeric__placement_aptitude_score_current,1.361757,Increases Risk,numeric__placement_coding_score_avg_3m,-1.257632,Reduces Risk,numeric__skills_tech_skills_score_avg_3m,1.069637,Increases Risk,numeric__placement_mock_interview_score_avg_3m,1.049047,Increases Risk,numeric__skills_soft_skills_score_avg_3m,-1.016122,Reduces Risk,numeric__engagement_hackathons_attended_current,1.813675,Increases Risk,numeric__placement_aptitude_score_current,-1.329766,Reduces Risk,numeric__placement_mock_interview_score_current,1.317558,Increases Risk,numeric__engagement_strength,-1.279427,Reduces Risk,numeric__academic_internal_marks_avg_3m,1.003949,Increases Risk
S2299,numeric__placement_coding_score_avg_3m,1.562692,Increases Risk,numeric__skills_tech_skills_score_avg_3m,-1.279695,Reduces Risk,numeric__academic_cgpa_current,0.79908,Increases Risk,numeric__feedback_satisfaction_score_avg_3m,0.768233,Increases Risk,numeric__lms_assignment_completion_pct_avg_3m,-0.693807,Reduces Risk,numeric__engagement_strength,-1.839761,Reduces Risk,numeric__engagement_hackathons_attended_current,1.813675,Increases Risk,numeric__engagement_certifications_count_current,0.937282,Increases Risk,numeric__academic_internal_marks_avg_3m,-0.85317,Reduces Risk,numeric__placement_coding_score_avg_3m,-0.77,Reduces Risk
S2300,numeric__placement_coding_score_avg_3m,-0.940777,Reduces Risk,numeric__academic_warning_score,-0.933762,Reduces Risk,numeric__feedback_faculty_rating_avg_3m,0.72426,Increases Risk,numeric__attendance_overall_attendance_std_3m,0.691193,Increases Risk,numeric__skills_tech_skills_score_avg_3m,0.602842,Increases Risk,numeric__attendance_overall_attendance_current,-1.067443,Reduces Risk,numeric__engagement_hackathons_attended_current,-1.050022,Reduces Risk,numeric__attendance_subject_attendance_current,-0.74638,Reduces Risk,numeric__feedback_faculty_rating_current,0.584596,Increases Risk,numeric__placement_mock_interview_score_current,0.560537,Increases Risk
S2301,numeric__lms_assignment_completion_pct_avg_3m,1.295137,Increases Risk,numeric__placement_aptitude_score_current,1.190143,Increases Risk,numeric__placement_coding_score_avg_3m,-1.000384,Reduces Risk,numeric__skills_soft_skills_score_avg_3m,0.893331,Increases Risk,numeric__feedback_satisfaction_score_avg_3m,-0.831593,Reduces Risk,numeric__attendance_overall_attendance_current,-1.305397,Reduces Risk,numeric__attendance_overall_attendance_avg_3m,1.227812,Increases Risk,numeric__placement_aptitude_score_current,-1.162241,Reduces Risk,numeric__attendance_subject_attendance_avg_3m,0.971859,Increases Risk,numeric__placement_aptitude_score_slope_3m,0.815295,Increases Risk
S2302,numeric__placement_aptitude_score_current,-0.752215,Reduces Risk,numeric__attendance_declining_flag,-0.74125,Reduces Risk,numeric__academic_warning_score,-0.535286,Reduces Risk,numeric__placement_mock_interview_score_current,-0.502828,Reduces Risk,numeric__skills_soft_skills_score_avg_3m,0.487343,Increases Risk,numeric__placement_mock_interview_score_current,-0.765673,Reduces Risk,numeric__placement_aptitude_score_current,0.733834,Increases Risk,numeric__attendance_subject_attendance_current,-0.413033,Reduces Risk,numeric__skills_soft_skills_score_std_3m,-0.383095,Reduces Risk,numeric__placement_mock_interview_score_std_3m,-0.36565,Reduces Risk
S2303,numeric__placement_coding_score_avg_3m,-1.979183,Reduces Risk,numeric__skills_tech_skills_score_avg_3m,1.450444,Increases Risk,numeric__placement_aptitude_score_current,1.182342,Increases Risk,numeric__academic_cgpa_current,-1.117948,Reduces Risk,numeric__lms_logins_per_week_slope_3m,-0.896047,Reduces Risk,numeric__engagement_strength,2.082572,Increases Risk,numeric__low_coding_flag,1.487088,Increases Risk,numeric__placement_aptitude_score_current,-1.154626,Reduces Risk,numeric__academic_internal_marks_avg_3m,1.142024,Increases Risk,numeric__engagement_hackathons_attended_current,-1.050022,Reduces Risk
S2304,numeric__placement_coding_score_avg_3m,0.928981,Increases Risk,numeric__lms_assignment_completion_pct_avg_3m,0.700113,Increases Risk,numeric__feedback_faculty_rating_avg_3m,-0.64544,Reduces Risk,numeric__attendance_overall_attendance_std_3m,-0.612921,Reduces Risk,numeric__academic_cgpa_current,0.464794,Increases Risk,numeric__placement_mock_interview_score_current,-0.481078,Reduces Risk,numeric__feedback_faculty_rating_current,-0.467782,Reduces Risk,numeric__placement_coding_score_avg_3m,-0.457746,Reduces Risk,numeric__attendance_overall_attendance_std_3m,0.425072,Increases Risk,categorical__department_IT,-0.402819,Reduces Risk
S2305,numeric__placement_coding_score_avg_3m,-1.191752,Reduces Risk,numeric__skills_tech_skills_score_avg_3m,1.07885,Increases Risk,numeric__placement_coding_score_slope_3m,-0.716632,Reduces Risk,numeric__academic_warning_score,-0.668112,Reduces Risk,numeric__placement_coding_score_current,0.575483,Increases Risk,numeric__placement_coding_score_slope_3m,0.660479,Increases Risk,numeric__placement_coding_score_avg_3m,0.587223,Increases Risk,numeric__skills_tech_skills_score_avg_3m,-0.486043,Reduces Risk,numeric__skills_soft_skills_score_std_3m,-0.407371,Reduces Risk,numeric__engagement_certifications_count_current,0.39235,Increases Risk
S2306,numeric__placement_coding_score_slope_3m,-0.591478,Reduces Risk,numeric__placement_aptitude_score_current,0.519288,Increases Risk,numeric__placement_mock_interview_score_avg_3m,0.508462,Increases Risk,numeric__lms_assignment_completion_pct_avg_3m,-0.468599,Reduces Risk,numeric__skills_soft_skills_score_avg_3m,-0.426785,Reduces Risk,numeric__attendance_overall_attendance_current,0.803746,Increases Risk,numeric__attendance_overall_attendance_avg_3m,-0.767439,Reduces Risk,numeric__academic_internal_marks_slope_3m,-0.556047,Reduces Risk,numeric__placement_coding_score_slope_3m,0.545132,Increases Risk,numeric__skills_soft_skills_score_std_3m,-0.517308,Reduces Risk
S2307,numeric__academic_warning_score,1.722745,Increases Risk,numeric__placement_coding_score_avg_3m,1.587789,Increases Risk,numeric__lms_assignment_completion_pct_avg_3m,-1.393138,Reduces Risk,numeric__skills_tech_skills_score_avg_3m,-1.000232,Reduces Risk,numeric__attendance_overall_attendance_std_3m,0.960967,Increases Risk,numeric__attendance_overall_attendance_current,3.226557,Increases Risk,numeric__attendance_overall_attendance_avg_3m,-1.818103,Reduces Risk,numeric__attendance_subject_attendance_current,1.475933,Increases Risk,numeric__attendance_subject_attendance_avg_3m,-1.262572,Reduces Risk,numeric__critical_attendance_flag,-0.997756,Reduces Risk
S2308,numeric__feedback_satisfaction_score_avg_3m,1.118346,Increases Risk,numeric__attendance_declining_flag,-0.74125,Reduces Risk,numeric__feedback_satisfaction_score_current,-0.669048,Reduces Risk,numeric__skills_soft_skills_score_avg_3m,-0.366542,Reduces Risk,numeric__engagement_club_participations_std_3m,-0.339281,Reduces Risk,numeric__engagement_hackathons_attended_current,0.859109,Increases Risk,numeric__feedback_satisfaction_score_current,0.56923,Increases Risk,numeric__skills_soft_skills_score_current,-0.539462,Reduces Risk,numeric__attendance_overall_attendance_current,0.511711,Increases Risk,numeric__attendance_subject_attendance_current,0.481184,Increases Risk
S2309,numeric__academic_cgpa_current,0.95599,Increases Risk,numeric__placement_aptitude_score_current,-0.947231,Reduces Risk,numeric__placement_coding_score_avg_3m,0.922707,Increases Risk,numeric__attendance_declining_flag,-0.74125,Reduces Risk,numeric__feedback_satisfaction_score_current,-0.67765,Reduces Risk,numeric__engagement_certifications_count_current,1.482213,Increases Risk,numeric__engagement_strength,-1.466205,Reduces Risk,numeric__academic_internal_marks_avg_3m,-1.005053,Reduces Risk,numeric__attendance_overall_attendance_current,0.98762,Increases Risk,numeric__placement_aptitude_score_current,0.924203,Increases Risk
S2310,numeric__placement_coding_score_avg_3m,-1.750169,Reduces Risk,numeric__skills_tech_skills_score_avg_3m,1.65006,Increases Risk,numeric__academic_warning_score,-0.933762,Reduces Risk,numeric__skills_soft_skills_score_avg_3m,-0.890397,Reduces Risk,numeric__placement_mock_interview_score_avg_3m,0.800145,Increases Risk,numeric__low_coding_flag,1.487088,Increases Risk,numeric__engagement_hackathons_attended_current,-1.050022,Reduces Risk,numeric__engagement_strength,0.961905,Increases Risk,numeric__attendance_subject_attendance_current,-0.958029,Reduces Risk,numeric__placement_coding_score_avg_3m,0.862377,Increases Risk
S2311,numeric__feedback_satisfaction_score_avg_3m,-1.162257,Reduces Risk,numeric__academic_cgpa_current,-0.831417,Reduces Risk,numeric__attendance_declining_flag,-0.74125,Reduces Risk,numeric__engagement_events_attended_slope_3m,0.71001,Increases Risk,numeric__feedback_satisfaction_score_current,0.681608,Increases Risk,numeric__engagement_hackathons_attended_current,-1.050022,Reduces Risk,numeric__academic_internal_marks_avg_3m,1.010852,Increases Risk,numeric__engagement_events_attended_current,0.689387,Increases Risk,numeric__feedback_satisfaction_score_current,-0.578293,Reduces Risk,numeric__attendance_overall_attendance_slope_3m,-0.561055,Reduces Risk
S2312,numeric__placement_coding_score_avg_3m,-1.392531,Reduces Risk,numeric__feedback_satisfaction_score_avg_3m,-1.021238,Reduces Risk,numeric__skills_tech_skills_score_avg_3m,0.98979,Increases Risk,numeric__lms_assignment_completion_pct_avg_3m,0.963251,Increases Risk,numeric__academic_warning_score,-0.933762,Reduces Risk,numeric__attendance_overall_attendance_current,-2.138239,Reduces Risk,numeric__attendance_overall_attendance_avg_3m,1.462696,Increases Risk,numeric__engagement_hackathons_attended_current,-1.050022,Reduces Risk,numeric__attendance_subject_attendance_avg_3m,1.030971,Increases Risk,numeric__attendance_subject_attendance_current,-0.751671,Reduces Risk
S2313,numeric__placement_coding_score_avg_3m,-0.943914,Reduces Risk,numeric__feedback_satisfaction_score_avg_3m,-0.86077,Reduces Risk,numeric__attendance_declining_flag,-0.74125,Reduces Risk,numeric__skills_tech_skills_score_avg_3m,0.645836,Increases Risk,numeric__feedback_satisfaction_score_current,0.561167,Increases Risk,numeric__attendance_overall_attendance_current,-0.786224,Reduces Risk,numeric__attendance_overall_attendance_avg_3m,0.684801,Increases Risk,numeric__academic_internal_marks_slope_3m,0.561894,Increases Risk,numeric__attendance_subject_attendance_avg_3m,0.518668,Increases Risk,numeric__feedback_satisfaction_score_current,-0.475966,Reduces Risk
S2314,numeric__lms_assignment_completion_pct_avg_3m,1.136306,Increases Risk,numeric__placement_coding_score_avg_3m,-0.931366,Reduces Risk,numeric__skills_tech_skills_score_avg_3m,0.759464,Increases Risk,numeric__attendance_declining_flag,-0.74125,Reduces Risk,numeric__feedback_satisfaction_score_avg_3m,-0.739202,Reduces Risk,numeric__attendance_overall_attendance_current,-1.802939,Reduces Risk,numeric__attendance_overall_attendance_avg_3m,1.263171,Increases Risk,numeric__engagement_hackathons_attended_current,-1.050022,Reduces Risk,numeric__engagement_strength,0.961905,Increases Risk,numeric__attendance_subject_attendance_avg_3m,0.906836,Increases Risk
S2315,numeric__academic_warning_score,1.722745,Increases Risk,numeric__lms_assignment_completion_pct_avg_3m,-1.05177,Reduces Risk,numeric__skills_tech_skills_score_avg_3m,0.811671,Increases Risk,numeric__academic_cgpa_std_3m,-0.78509,Reduces Risk,numeric__academic_backlogs_slope_3m,0.781385,Increases Risk,numeric__attendance_overall_attendance_current,2.880441,Increases Risk,numeric__attendance_overall_attendance_avg_3m,-1.608476,Reduces Risk,numeric__engagement_strength,1.335461,Increases Risk,numeric__attendance_subject_attendance_avg_3m,-1.160111,Reduces Risk,numeric__critical_attendance_flag,-0.997756,Reduces Risk
S2316,numeric__placement_coding_score_avg_3m,1.343089,Increases Risk,numeric__placement_aptitude_score_current,-1.025237,Reduces Risk,numeric__academic_warning_score,-0.933762,Reduces Risk,numeric__skills_tech_skills_score_avg_3m,-0.901959,Reduces Risk,numeric__academic_cgpa_current,0.730858,Increases Risk,numeric__placement_aptitude_score_current,1.000351,Increases Risk,numeric__engagement_strength,0.775128,Increases Risk,numeric__placement_coding_score_avg_3m,-0.661793,Reduces Risk,numeric__feedback_satisfaction_score_slope_3m,0.536012,Increases Risk,numeric__placement_readiness_score,0.482424,Increases Risk
S2317,numeric__attendance_declining_flag,-0.74125,Reduces Risk,numeric__lms_assignment_completion_pct_avg_3m,0.541282,Increases Risk,numeric__cgpa_declining_flag,0.487485,Increases Risk,numeric__placement_aptitude_score_current,-0.369984,Reduces Risk,numeric__feedback_satisfaction_score_avg_3m,-0.35505,Reduces Risk,categorical__department_IT,-0.402819,Reduces Risk,numeric__placement_aptitude_score_current,0.360711,Increases Risk,numeric__engagement_events_attended_current,0.359537,Increases Risk,numeric__engagement_strength,-0.345539,Reduces Risk,numeric__attendance_overall_attendance_current,-0.321131,Reduces Risk
S2318,numeric__feedback_satisfaction_score_avg_3m,1.609478,Increases Risk,numeric__lms_assignment_completion_pct_avg_3m,-1.267495,Reduces Risk,numeric__feedback_satisfaction_score_current,-0.927135,Reduces Risk,numeric__placement_coding_score_avg_3m,-0.887445,Reduces Risk,numeric__attendance_declining_flag,-0.74125,Reduces Risk,numeric__engagement_strength,1.522238,Increases Risk,numeric__attendance_overall_attendance_current,1.409449,Increases Risk,numeric__engagement_hackathons_attended_current,-1.050022,Reduces Risk,numeric__low_lms_flag,0.913609,Increases Risk,numeric__attendance_subject_attendance_current,0.883316,Increases Risk
S2319,numeric__academic_warning_score,1.58992,Increases Risk,numeric__engagement_hackathons_attended_std_3m,1.291942,Increases Risk,numeric__placement_aptitude_score_current,-1.18125,Reduces Risk,numeric__engagement_hackathons_attended_current,1.034347,Increases Risk,numeric__lms_assignment_completion_pct_avg_3m,-1.004357,Reduces Risk,numeric__engagement_hackathons_attended_current,2.76824,Increases Risk,numeric__attendance_overall_attendance_current,2.0476,Increases Risk,numeric__engagement_strength,-2.026538,Reduces Risk,numeric__placement_aptitude_score_current,1.152646,Increases Risk,numeric__attendance_overall_attendance_avg_3m,-1.025054,Reduces Risk
S2320,numeric__academic_warning_score,1.855571,Increases Risk,numeric__placement_coding_score_avg_3m,-1.458412,Reduces Risk,numeric__attendance_overall_attendance_std_3m,1.041711,Increases Risk,numeric__academic_cgpa_current,-1.02926,Reduces Risk,numeric__academic_backlogs_avg_3m,-0.955781,Reduces Risk,numeric__attendance_overall_attendance_current,2.155761,Increases Risk,numeric__engagement_hackathons_attended_current,-1.050022,Reduces Risk,numeric__attendance_subject_attendance_current,1.042053,Increases Risk,numeric__critical_attendance_flag,-0.997756,Reduces Risk,numeric__academic_internal_marks_avg_3m,0.992442,Increases Risk
S2321,numeric__placement_aptitude_score_current,-0.861424,Reduces Risk,numeric__feedback_satisfaction_score_missing,-0.713384,Reduces Risk,numeric__engagement_events_attended_slope_3m,0.71001,Increases Risk,numeric__placement_aptitude_score_slope_3m,0.588918,Increases Risk,numeric__academic_warning_score,-0.535286,Reduces Risk,numeric__engagement_strength,-1.09265,Reduces Risk,numeric__engagement_hackathons_attended_current,0.859109,Increases Risk,numeric__placement_aptitude_score_current,0.840441,Increases Risk,numeric__placement_aptitude_score_slope_3m,-0.623862,Reduces Risk,numeric__placement_mock_interview_score_std_3m,-0.480915,Reduces Risk
S2322,numeric__skills_soft_skills_score_avg_3m,0.812133,Increases Risk,numeric__placement_mock_interview_score_avg_3m,-0.778832,Reduces Risk,numeric__lms_assignment_completion_pct_avg_3m,0.76412,Increases Risk,numeric__placement_mock_interview_score_current,-0.674773,Reduces Risk,categorical__department_INFO TECH,0.662052,Increases Risk,numeric__attendance_overall_attendance_current,-1.759674,Reduces Risk,numeric__attendance_overall_attendance_avg_3m,1.114158,Increases Risk,numeric__placement_mock_interview_score_current,-1.0275,Reduces Risk,numeric__attendance_subject_attendance_avg_3m,0.845754,Increases Risk,numeric__attendance_subject_attendance_current,-0.735797,Reduces Risk
S2323,numeric__lms_assignment_completion_pct_avg_3m,-0.990134,Reduces Risk,numeric__feedback_satisfaction_score_current,-0.978752,Reduces Risk,numeric__feedback_satisfaction_score_avg_3m,0.821722,Increases Risk,numeric__academic_cgpa_current,0.724036,Increases Risk,numeric__cgpa_declining_flag,0.487485,Increases Risk,numeric__engagement_strength,-1.09265,Reduces Risk,numeric__engagement_certifications_count_current,0.937282,Increases Risk,numeric__low_lms_flag,0.913609,Increases Risk,numeric__engagement_hackathons_attended_current,0.859109,Increases Risk,numeric__feedback_satisfaction_score_slope_3m,-0.849776,Reduces Risk
S2324,numeric__placement_coding_score_avg_3m,-2.813673,Reduces Risk,numeric__skills_tech_skills_score_avg_3m,2.427029,Increases Risk,numeric__feedback_faculty_rating_avg_3m,1.208166,Increases Risk,numeric__placement_coding_score_current,1.153651,Increases Risk,numeric__academic_cgpa_current,-1.022438,Reduces Risk,numeric__attendance_overall_attendance_current,-2.040894,Reduces Risk,numeric__engagement_strength,-1.652983,Reduces Risk,numeric__low_coding_flag,1.487088,Increases Risk,numeric__attendance_overall_attendance_avg_3m,1.399555,Increases Risk,numeric__placement_coding_score_avg_3m,1.386408,Increases Risk
S2325,numeric__skills_soft_skills_score_avg_3m,1.108111,Increases Risk,numeric__placement_coding_score_avg_3m,1.010548,Increases Risk,numeric__placement_aptitude_score_current,-1.001836,Reduces Risk,numeric__placement_mock_interview_score_avg_3m,-0.821612,Reduces Risk,numeric__attendance_declining_flag,-0.74125,Reduces Risk,numeric__engagement_strength,-1.09265,Reduces Risk,numeric__placement_aptitude_score_current,0.977507,Increases Risk,numeric__engagement_hackathons_attended_current,0.859109,Increases Risk,numeric__placement_mock_interview_score_current,-0.851051,Reduces Risk,numeric__attendance_overall_attendance_current,0.749665,Increases Risk
S2326,numeric__engagement_hackathons_attended_std_3m,0.676045,Increases Risk,numeric__attendance_overall_attendance_std_3m,-0.573334,Reduces Risk,numeric__skills_soft_skills_score_avg_3m,-0.557749,Reduces Risk,numeric__placement_aptitude_score_slope_3m,0.544705,Increases Risk,numeric__placement_coding_score_slope_3m,-0.445465,Reduces Risk,numeric__attendance_overall_attendance_current,-0.60235,Reduces Risk,numeric__placement_aptitude_score_slope_3m,-0.577025,Reduces Risk,numeric__feedback_satisfaction_score_slope_3m,-0.509865,Reduces Risk,numeric__attendance_overall_attendance_avg_3m,0.417083,Increases Risk,numeric__placement_coding_score_slope_3m,0.41056,Increases Risk
S2327,numeric__skills_tech_skills_score_avg_3m,-0.769905,Reduces Risk,numeric__skills_soft_skills_score_avg_3m,0.694265,Increases Risk,numeric__engagement_hackathons_attended_current,0.677675,Increases Risk,numeric__engagement_hackathons_attended_std_3m,0.676045,Increases Risk,numeric__placement_coding_score_avg_3m,0.67487,Increases Risk,numeric__engagement_hackathons_attended_current,1.813675,Increases Risk,numeric__engagement_strength,-0.719094,Reduces Risk,numeric__attendance_overall_attendance_slope_3m,0.568965,Increases Risk,numeric__attendance_overall_attendance_avg_3m,-0.441632,Reduces Risk,numeric__academic_subject_score_avg_slope_3m,-0.419564,Reduces Risk
S2328,numeric__engagement_events_attended_slope_3m,1.0284,Increases Risk,numeric__attendance_declining_flag,-0.74125,Reduces Risk,numeric__feedback_faculty_rating_avg_3m,-0.530615,Reduces Risk,numeric__engagement_hackathons_attended_std_3m,0.511015,Increases Risk,numeric__placement_aptitude_score_current,-0.44019,Reduces Risk,numeric__engagement_strength,-1.466205,Reduces Risk,numeric__engagement_events_attended_current,0.689387,Increases Risk,numeric__attendance_subject_attendance_current,-0.614099,Reduces Risk,numeric__attendance_overall_attendance_current,-0.580717,Reduces Risk,numeric__feedback_faculty_rating_current,-0.459687,Reduces Risk
S2329,numeric__academic_warning_score,-0.933762,Reduces Risk,numeric__lms_assignment_completion_pct_avg_3m,0.709595,Increases Risk,numeric__feedback_satisfaction_score_avg_3m,-0.583596,Reduces Risk,numeric__skills_tech_skills_score_avg_3m,-0.527295,Reduces Risk,numeric__placement_coding_score_avg_3m,0.511737,Increases Risk,numeric__engagement_hackathons_attended_current,-1.050022,Reduces Risk,numeric__engagement_events_attended_current,0.689387,Increases Risk,numeric__lms_logins_per_week_avg_3m,0.479123,Increases Risk,numeric__skills_soft_skills_score_std_3m,-0.428527,Reduces Risk,categorical__department_CSE,-0.416441,Reduces Risk
S2330,numeric__academic_warning_score,-0.933762,Reduces Risk,numeric__skills_soft_skills_score_avg_3m,-0.510602,Reduces Risk,numeric__feedback_satisfaction_score_avg_3m,0.447295,Increases Risk,numeric__engagement_strength,0.443585,Increases Risk,numeric__placement_aptitude_score_slope_3m,-0.427982,Reduces Risk,numeric__engagement_strength,1.522238,Increases Risk,numeric__engagement_hackathons_attended_current,-1.050022,Reduces Risk,numeric__engagement_club_participations_current,-0.547287,Reduces Risk,numeric__attendance_subject_attendance_current,0.491766,Increases Risk,numeric__placement_aptitude_score_slope_3m,0.453377,Increases Risk
S2331,numeric__placement_coding_score_avg_3m,1.33054,Increases Risk,numeric__engagement_events_attended_slope_3m,1.0284,Increases Risk,numeric__placement_mock_interview_score_avg_3m,-0.996622,Reduces Risk,numeric__skills_tech_skills_score_avg_3m,-0.941883,Reduces Risk,numeric__skills_soft_skills_score_avg_3m,0.772844,Increases Risk,numeric__engagement_strength,-2.026538,Reduces Risk,numeric__engagement_events_attended_current,1.019238,Increases Risk,numeric__placement_mock_interview_score_avg_3m,-0.821679,Reduces Risk,numeric__attendance_overall_attendance_current,-0.742959,Reduces Risk,numeric__placement_mock_interview_score_current,-0.72583,Reduces Risk
S2332,numeric__placement_coding_score_avg_3m,1.399558,Increases Risk,numeric__skills_tech_skills_score_avg_3m,-1.218275,Reduces Risk,numeric__academic_warning_score,-0.933762,Reduces Risk,numeric__lms_logins_per_week_slope_3m,0.8884,Increases Risk,numeric__skills_soft_skills_score_avg_3m,0.830468,Increases Risk,numeric__engagement_strength,-1.466205,Reduces Risk,numeric__attendance_overall_attendance_current,-1.175604,Reduces Risk,numeric__attendance_subject_attendance_current,-0.772836,Reduces Risk,numeric__placement_aptitude_score_current,0.756679,Increases Risk,numeric__placement_mock_interview_score_current,-0.754289,Reduces Risk
S2333,numeric__attendance_declining_flag,-0.74125,Reduces Risk,numeric__placement_aptitude_score_current,-0.658608,Reduces Risk,numeric__engagement_events_attended_slope_3m,-0.56355,Reduces Risk,numeric__academic_warning_score,0.527317,Increases Risk,numeric__placement_mock_interview_score_current,-0.502828,Reduces Risk,numeric__attendance_overall_attendance_current,1.074149,Increases Risk,numeric__engagement_hackathons_attended_current,0.859109,Increases Risk,numeric__placement_mock_interview_score_current,-0.765673,Reduces Risk,numeric__attendance_overall_attendance_avg_3m,-0.69167,Reduces Risk,numeric__placement_aptitude_score_current,0.642457,Increases Risk
S2334,numeric__placement_coding_score_avg_3m,-1.6937,Reduces Risk,numeric__skills_soft_skills_score_avg_3m,-1.437826,Reduces Risk,numeric__feedback_satisfaction_score_avg_3m,1.361481,Increases Risk,numeric__placement_mock_interview_score_avg_3m,1.338786,Increases Risk,numeric__lms_assignment_completion_pct_avg_3m,-1.158447,Reduces Risk,numeric__engagement_strength,2.082572,Increases Risk,numeric__placement_mock_interview_score_current,1.289099,Increases Risk,numeric__placement_mock_interview_score_avg_3m,1.10378,Increases Risk,numeric__engagement_hackathons_attended_current,-1.050022,Reduces Risk,numeric__placement_coding_score_avg_3m,0.834553,Increases Risk
S2335,numeric__placement_coding_score_avg_3m,1.650533,Increases Risk,numeric__skills_tech_skills_score_avg_3m,-1.20599,Reduces Risk,numeric__attendance_declining_flag,-0.74125,Reduces Risk,numeric__attendance_overall_attendance_std_3m,0.696265,Increases Risk,numeric__academic_cgpa_current,0.553482,Increases Risk,numeric__engagement_hackathons_attended_current,0.859109,Increases Risk,numeric__placement_coding_score_avg_3m,-0.813282,Reduces Risk,numeric__placement_mock_interview_score_std_3m,-0.760564,Reduces Risk,numeric__skills_soft_skills_score_std_3m,0.637914,Increases Risk,numeric__attendance_overall_attendance_current,0.59824,Increases Risk
S2336,numeric__attendance_overall_attendance_std_3m,1.479999,Increases Risk,numeric__placement_coding_score_avg_3m,-1.050578,Reduces Risk,numeric__skills_tech_skills_score_avg_3m,0.906873,Increases Risk,numeric__attendance_declining_flag,-0.74125,Reduces Risk,numeric__placement_aptitude_score_current,0.729905,Increases Risk,numeric__attendance_overall_attendance_std_3m,-1.02644,Reduces Risk,numeric__placement_mock_interview_score_current,-0.748597,Reduces Risk,numeric__placement_aptitude_score_current,-0.71297,Reduces Risk,numeric__placement_mock_interview_score_std_3m,-0.677262,Reduces Risk,numeric__skills_soft_skills_score_std_3m,0.519995,Increases Risk
S2337,numeric__placement_coding_score_avg_3m,-1.844285,Reduces Risk,numeric__skills_tech_skills_score_avg_3m,1.091134,Increases Risk,numeric__academic_cgpa_current,-0.988327,Reduces Risk,numeric__feedback_faculty_rating_avg_3m,0.740663,Increases Risk,numeric__feedback_satisfaction_score_avg_3m,-0.714889,Reduces Risk,numeric__academic_internal_marks_avg_3m,1.013154,Increases Risk,numeric__placement_coding_score_avg_3m,0.908752,Increases Risk,numeric__engagement_strength,-0.905872,Reduces Risk,numeric__engagement_events_attended_current,0.689387,Increases Risk,numeric__placement_aptitude_score_current,-0.575904,Reduces Risk
S2338,numeric__placement_coding_score_avg_3m,-3.271701,Reduces Risk,numeric__skills_tech_skills_score_avg_3m,2.503804,Increases Risk,numeric__placement_aptitude_score_current,2.375839,Increases Risk,numeric__academic_cgpa_current,-1.322613,Reduces Risk,numeric__skills_soft_skills_score_avg_3m,-1.243999,Reduces Risk,numeric__placement_aptitude_score_current,-2.319684,Reduces Risk,numeric__low_aptitude_flag,-1.905883,Reduces Risk,numeric__placement_coding_score_avg_3m,1.612096,Increases Risk,numeric__engagement_strength,1.522238,Increases Risk,numeric__low_coding_flag,1.487088,Increases Risk
S2339,numeric__skills_tech_skills_score_avg_3m,-0.957238,Reduces Risk,numeric__academic_warning_score,-0.933762,Reduces Risk,numeric__feedback_satisfaction_score_avg_3m,0.792546,Increases Risk,numeric__academic_cgpa_current,0.785436,Increases Risk,numeric__lms_logins_per_week_slope_3m,0.760939,Increases Risk,numeric__engagement_strength,0.775128,Increases Risk,numeric__placement_mock_interview_score_current,-0.640451,Reduces Risk,numeric__placement_aptitude_score_current,0.634843,Increases Risk,numeric__feedback_faculty_rating_current,-0.475877,Reduces Risk,numeric__academic_cgpa_avg_3m,-0.474925,Reduces Risk
S2340,numeric__placement_coding_score_avg_3m,1.255248,Increases Risk,numeric__skills_tech_skills_score_avg_3m,-1.070865,Reduces Risk,numeric__feedback_satisfaction_score_avg_3m,0.933564,Increases Risk,numeric__academic_cgpa_current,0.737681,Increases Risk,numeric__placement_aptitude_score_std_3m,-0.733292,Reduces Risk,numeric__academic_internal_marks_avg_3m,-0.991246,Reduces Risk,numeric__low_lms_flag,0.913609,Increases Risk,numeric__engagement_hackathons_attended_current,0.859109,Increases Risk,numeric__placement_aptitude_score_slope_3m,-0.649409,Reduces Risk,numeric__engagement_events_attended_current,-0.630014,Reduces Risk
S2341,numeric__academic_warning_score,2.254047,Increases Risk,numeric__lms_assignment_completion_pct_avg_3m,-1.265125,Reduces Risk,numeric__academic_cgpa_current,-1.063371,Reduces Risk,numeric__engagement_events_attended_slope_3m,1.0284,Increases Risk,numeric__placement_coding_score_avg_3m,-0.83725,Reduces Risk,numeric__attendance_overall_attendance_current,2.0476,Increases Risk,numeric__attendance_overall_attendance_avg_3m,-1.381169,Reduces Risk,numeric__attendance_subject_attendance_avg_3m,-1.063561,Reduces Risk,numeric__engagement_hackathons_attended_current,-1.050022,Reduces Risk,numeric__attendance_subject_attendance_current,1.036762,Increases Risk
S2342,numeric__placement_coding_score_avg_3m,1.656807,Increases Risk,numeric__academic_backlogs_avg_3m,-1.576418,Reduces Risk,numeric__skills_tech_skills_score_avg_3m,-1.261269,Reduces Risk,numeric__attendance_declining_flag,-0.74125,Reduces Risk,numeric__engagement_hackathons_attended_current,0.677675,Increases Risk,numeric__engagement_strength,-1.839761,Reduces Risk,numeric__engagement_hackathons_attended_current,1.813675,Increases Risk,numeric__feedback_satisfaction_score_slope_3m,-0.98051,Reduces Risk,numeric__placement_coding_score_avg_3m,-0.816374,Reduces Risk,numeric__academic_backlogs_avg_3m,0.611366,Increases Risk
S2343,numeric__skills_tech_skills_score_avg_3m,2.000157,Increases Risk,numeric__placement_coding_score_avg_3m,-1.859971,Reduces Risk,numeric__placement_aptitude_score_current,1.40076,Increases Risk,numeric__academic_cgpa_current,-1.302146,Reduces Risk,numeric__lms_assignment_completion_pct_avg_3m,0.949027,Increases Risk,numeric__engagement_strength,1.522238,Increases Risk,numeric__placement_aptitude_score_current,-1.367839,Reduces Risk,numeric__attendance_overall_attendance_current,-1.218868,Reduces Risk,numeric__academic_internal_marks_avg_3m,1.192652,Increases Risk,numeric__attendance_overall_attendance_avg_3m,1.111633,Increases Risk
S2344,numeric__academic_warning_score,-0.933762,Reduces Risk,numeric__academic_cgpa_current,0.79908,Increases Risk,numeric__skills_soft_skills_score_avg_3m,0.75189,Increases Risk,numeric__skills_tech_skills_score_avg_3m,-0.714627,Reduces Risk,numeric__placement_coding_score_avg_3m,0.643498,Increases Risk,numeric__attendance_overall_attendance_current,-0.948466,Reduces Risk,numeric__academic_internal_marks_avg_3m,-0.855471,Reduces Risk,numeric__attendance_subject_attendance_current,-0.614099,Reduces Risk,numeric__engagement_club_participations_current,-0.547287,Reduces Risk,numeric__attendance_overall_attendance_avg_3m,0.515583,Increases Risk
S2345,numeric__lms_assignment_completion_pct_avg_3m,0.631365,Increases Risk,numeric__academic_cgpa_current,0.567126,Increases Risk,numeric__engagement_hackathons_attended_std_3m,-0.55575,Reduces Risk,numeric__skills_soft_skills_score_avg_3m,0.518774,Increases Risk,numeric__attendance_overall_attendance_avg_3m,-0.351281,Reduces Risk,numeric__attendance_overall_attendance_current,-1.532536,Reduces Risk,numeric__attendance_overall_attendance_avg_3m,0.965146,Increases Risk,numeric__attendance_subject_attendance_avg_3m,0.696004,Increases Risk,numeric__academic_internal_marks_avg_3m,-0.629948,Reduces Risk,numeric__engagement_club_participations_current,-0.547287,Reduces Risk
S2346,numeric__placement_coding_score_avg_3m,-3.014452,Reduces Risk,numeric__skills_tech_skills_score_avg_3m,2.273478,Increases Risk,numeric__placement_aptitude_score_current,2.126219,Increases Risk,numeric__academic_cgpa_current,-1.69101,Reduces Risk,numeric__feedback_faculty_rating_avg_3m,1.224569,Increases Risk,numeric__engagement_strength,2.269349,Increases Risk,numeric__placement_aptitude_score_current,-2.076012,Reduces Risk,numeric__engagement_hackathons_attended_current,-2.004588,Reduces Risk,numeric__low_aptitude_flag,-1.905883,Reduces Risk,numeric__academic_internal_marks_avg_3m,1.742654,Increases Risk
S2347,numeric__placement_aptitude_score_current,-0.775617,Reduces Risk,numeric__attendance_declining_flag,-0.74125,Reduces Risk,numeric__skills_soft_skills_score_avg_3m,0.628784,Increases Risk,numeric__academic_cgpa_current,0.628526,Increases Risk,numeric__engagement_hackathons_attended_std_3m,-0.55575,Reduces Risk,numeric__attendance_overall_attendance_current,1.32292,Increases Risk,numeric__engagement_strength,-0.905872,Reduces Risk,numeric__attendance_overall_attendance_avg_3m,-0.763651,Reduces Risk,numeric__placement_aptitude_score_current,0.756679,Increases Risk,numeric__academic_internal_marks_avg_3m,-0.724299,Reduces Risk
S2348,numeric__placement_aptitude_score_current,0.932722,Increases Risk,numeric__skills_soft_skills_score_avg_3m,-0.707048,Reduces Risk,numeric__academic_warning_score,-0.668112,Reduces Risk,numeric__placement_mock_interview_score_avg_3m,0.662081,Increases Risk,numeric__academic_cgpa_current,-0.613108,Reduces Risk,numeric__engagement_hackathons_attended_current,-1.050022,Reduces Risk,numeric__engagement_strength,0.961905,Increases Risk,numeric__placement_aptitude_score_current,-0.910954,Reduces Risk,numeric__placement_mock_interview_score_current,0.640224,Increases Risk,numeric__placement_mock_interview_score_avg_3m,0.545862,Increases Risk
S2349,numeric__placement_coding_score_avg_3m,-1.869382,Reduces Risk,numeric__skills_tech_skills_score_avg_3m,1.683842,Increases Risk,numeric__placement_mock_interview_score_avg_3m,1.163776,Increases Risk,numeric__skills_soft_skills_score_avg_3m,-1.034457,Reduces Risk,numeric__placement_mock_interview_score_current,0.98861,Increases Risk,numeric__placement_mock_interview_score_current,1.505391,Increases Risk,numeric__low_coding_flag,1.487088,Increases Risk,numeric__attendance_overall_attendance_current,-1.078259,Reduces Risk,numeric__placement_mock_interview_score_avg_3m,0.959491,Increases Risk,numeric__placement_coding_score_avg_3m,0.921118,Increases Risk
S2350,numeric__placement_coding_score_avg_3m,0.985451,Increases Risk,numeric__academic_warning_score,-0.933762,Reduces Risk,numeric__academic_cgpa_current,0.860479,Increases Risk,numeric__placement_mock_interview_score_avg_3m,-0.815779,Reduces Risk,numeric__skills_soft_skills_score_avg_3m,0.757128,Increases Risk,numeric__placement_aptitude_score_current,0.71099,Increases Risk,numeric__academic_internal_marks_avg_3m,-0.680575,Reduces Risk,numeric__placement_mock_interview_score_avg_3m,-0.67258,Reduces Risk,numeric__placement_mock_interview_score_current,-0.51523,Reduces Risk,numeric__academic_cgpa_avg_3m,-0.490465,Reduces Risk
S2351,numeric__placement_aptitude_score_current,1.002928,Increases Risk,numeric__placement_mock_interview_score_current,0.932541,Increases Risk,numeric__placement_mock_interview_score_avg_3m,0.807923,Increases Risk,numeric__skills_soft_skills_score_avg_3m,-0.796103,Reduces Risk,numeric__attendance_declining_flag,-0.74125,Reduces Risk,numeric__engagement_strength,1.895794,Increases Risk,numeric__placement_mock_interview_score_current,1.420012,Increases Risk,numeric__attendance_overall_attendance_current,1.074149,Increases Risk,numeric__placement_aptitude_score_current,-0.979487,Reduces Risk,numeric__skills_soft_skills_score_current,-0.833802,Reduces Risk
S2352,numeric__lms_assignment_completion_pct_avg_3m,1.1932,Increases Risk,numeric__placement_coding_score_avg_3m,1.067017,Increases Risk,numeric__feedback_satisfaction_score_avg_3m,-1.030964,Reduces Risk,numeric__skills_tech_skills_score_avg_3m,-0.966451,Reduces Risk,numeric__skills_soft_skills_score_avg_3m,0.806894,Increases Risk,numeric__engagement_strength,-1.466205,Reduces Risk,numeric__attendance_subject_attendance_current,-1.058562,Reduces Risk,numeric__engagement_events_attended_current,1.019238,Increases Risk,numeric__attendance_overall_attendance_current,-0.980914,Reduces Risk,numeric__attendance_subject_attendance_avg_3m,0.865458,Increases Risk
S2353,numeric__academic_warning_score,0.925793,Increases Risk,numeric__academic_backlogs_slope_3m,0.781385,Increases Risk,numeric__skills_tech_skills_score_avg_3m,0.753322,Increases Risk,numeric__attendance_declining_flag,-0.74125,Reduces Risk,numeric__placement_coding_score_avg_3m,-0.689803,Reduces Risk,numeric__attendance_overall_attendance_current,0.879459,Increases Risk,numeric__low_attendance_flag,-0.491842,Reduces Risk,numeric__feedback_satisfaction_score_slope_3m,0.431425,Increases Risk,numeric__engagement_certifications_count_current,0.39235,Increases Risk,numeric__attendance_overall_attendance_avg_3m,-0.370915,Reduces Risk
S2354,numeric__placement_coding_score_avg_3m,1.33054,Increases Risk,numeric__lms_assignment_completion_pct_avg_3m,1.207424,Increases Risk,numeric__skills_tech_skills_score_avg_3m,-0.917314,Reduces Risk,numeric__feedback_satisfaction_score_avg_3m,-0.865632,Reduces Risk,numeric__skills_soft_skills_score_avg_3m,0.827849,Increases Risk,numeric__attendance_overall_attendance_current,-2.073342,Reduces Risk,numeric__attendance_overall_attendance_avg_3m,1.210133,Increases Risk,numeric__attendance_subject_attendance_avg_3m,0.944274,Increases Risk,numeric__placement_mock_interview_score_current,-0.885203,Reduces Risk,numeric__engagement_club_participations_current,-0.871126,Reduces Risk
S2355,numeric__feedback_satisfaction_score_avg_3m,-1.118492,Reduces Risk,numeric__placement_coding_score_avg_3m,1.114075,Increases Risk,numeric__lms_assignment_completion_pct_avg_3m,1.067558,Increases Risk,numeric__skills_tech_skills_score_avg_3m,-0.895817,Reduces Risk,numeric__skills_soft_skills_score_avg_3m,0.833087,Increases Risk,numeric__attendance_overall_attendance_current,-1.835387,Reduces Risk,numeric__attendance_overall_attendance_avg_3m,1.230338,Increases Risk,numeric__attendance_subject_attendance_avg_3m,1.009297,Increases Risk,numeric__attendance_subject_attendance_current,-0.942155,Reduces Risk,numeric__lms_logins_per_week_avg_3m,0.802446,Increases Risk
S2356,numeric__feedback_satisfaction_score_avg_3m,1.17913,Increases Risk,numeric__engagement_hackathons_attended_std_3m,1.073761,Increases Risk,numeric__lms_assignment_completion_pct_avg_3m,-0.992504,Reduces Risk,numeric__academic_cgpa_current,0.95599,Increases Risk,numeric__feedback_satisfaction_score_missing,-0.713384,Reduces Risk,numeric__engagement_strength,-2.400094,Reduces Risk,numeric__attendance_overall_attendance_current,2.393715,Increases Risk,numeric__attendance_overall_attendance_avg_3m,-1.833257,Reduces Risk,numeric__engagement_hackathons_attended_current,1.813675,Increases Risk,numeric__attendance_subject_attendance_avg_3m,-1.335476,Reduces Risk
S2357,numeric__academic_backlogs_slope_3m,0.781385,Increases Risk,numeric__attendance_declining_flag,-0.74125,Reduces Risk,numeric__skills_soft_skills_score_avg_3m,0.71522,Increases Risk,numeric__placement_mock_interview_score_avg_3m,-0.640769,Reduces Risk,numeric__placement_coding_score_slope_3m,0.639204,Increases Risk,numeric__placement_mock_interview_score_std_3m,-0.994277,Reduces Risk,numeric__placement_coding_score_slope_3m,-0.589117,Reduces Risk,numeric__placement_mock_interview_score_avg_3m,-0.528291,Reduces Risk,numeric__attendance_subject_attendance_current,-0.513566,Reduces Risk,numeric__placement_aptitude_score_slope_3m,0.449119,Increases Risk
S2358,numeric__academic_warning_score,-0.933762,Reduces Risk,numeric__lms_logins_per_week_slope_3m,0.760939,Increases Risk,numeric__engagement_events_attended_slope_3m,0.39162,Increases Risk,numeric__attendance_overall_attendance_std_3m,-0.384946,Reduces Risk,categorical__department_ECE,0.346156,Increases Risk,numeric__attendance_overall_attendance_current,-1.18642,Reduces Risk,numeric__attendance_subject_attendance_current,-1.069144,Reduces Risk,numeric__attendance_subject_attendance_avg_3m,0.946244,Increases Risk,numeric__attendance_overall_attendance_avg_3m,0.816134,Increases Risk,numeric__skills_soft_skills_score_std_3m,-0.621928,Reduces Risk
S2359,numeric__placement_coding_score_avg_3m,-2.71642,Reduces Risk,numeric__skills_tech_skills_score_avg_3m,2.107643,Increases Risk,numeric__placement_aptitude_score_current,1.728387,Increases Risk,numeric__engagement_hackathons_attended_std_3m,1.577781,Increases Risk,numeric__feedback_faculty_rating_avg_3m,1.150753,Increases Risk,numeric__engagement_hackathons_attended_current,-2.004588,Reduces Risk,numeric__low_aptitude_flag,-1.905883,Reduces Risk,numeric__engagement_strength,1.709016,Increases Risk,numeric__placement_aptitude_score_current,-1.687659,Reduces Risk,numeric__low_coding_flag,1.487088,Increases Risk
S2360,numeric__engagement_hackathons_attended_std_3m,2.523737,Increases Risk,numeric__engagement_hackathons_attended_current,1.391018,Increases Risk,numeric__engagement_strength,-0.808251,Reduces Risk,numeric__skills_tech_skills_score_avg_3m,-0.75455,Reduces Risk,numeric__attendance_declining_flag,-0.74125,Reduces Risk,numeric__engagement_hackathons_attended_current,3.722806,Increases Risk,numeric__engagement_strength,-2.773649,Reduces Risk,numeric__engagement_hackathons_attended_std_3m,0.949284,Increases Risk,numeric__placement_aptitude_score_current,-0.690126,Reduces Risk,numeric__skills_soft_skills_score_std_3m,0.462514,Increases Risk
S2361,numeric__attendance_declining_flag,-0.74125,Reduces Risk,numeric__lms_assignment_completion_pct_avg_3m,0.733302,Increases Risk,numeric__engagement_hackathons_attended_current,0.677675,Increases Risk,numeric__engagement_hackathons_attended_std_3m,0.676045,Increases Risk,numeric__academic_warning_score,0.660142,Increases Risk,numeric__engagement_strength,-1.839761,Reduces Risk,numeric__engagement_hackathons_attended_current,1.813675,Increases Risk,numeric__skills_soft_skills_score_std_3m,0.588911,Increases Risk,numeric__academic_internal_marks_avg_3m,0.543696,Increases Risk,numeric__placement_mock_interview_score_std_3m,-0.501994,Reduces Risk
S2362,numeric__placement_coding_score_avg_3m,-2.201923,Reduces Risk,numeric__skills_tech_skills_score_avg_3m,1.668486,Increases Risk,numeric__placement_aptitude_score_current,1.392959,Increases Risk,numeric__academic_cgpa_current,-1.247569,Reduces Risk,numeric__feedback_satisfaction_score_avg_3m,-1.089316,Reduces Risk,numeric__attendance_overall_attendance_current,-1.586617,Reduces Risk,numeric__placement_aptitude_score_current,-1.360225,Reduces Risk,numeric__academic_internal_marks_avg_3m,1.321523,Increases Risk,numeric__placement_coding_score_avg_3m,1.084974,Increases Risk,numeric__engagement_hackathons_attended_current,-1.050022,Reduces Risk
S2363,numeric__feedback_satisfaction_score_avg_3m,-1.461312,Reduces Risk,numeric__lms_assignment_completion_pct_avg_3m,1.392332,Increases Risk,numeric__placement_coding_score_avg_3m,1.154858,Increases Risk,numeric__skills_tech_skills_score_avg_3m,-0.815971,Reduces Risk,numeric__academic_cgpa_current,0.778613,Increases Risk,numeric__attendance_overall_attendance_current,-2.094974,Reduces Risk,numeric__attendance_overall_attendance_avg_3m,1.343991,Increases Risk,numeric__attendance_subject_attendance_avg_3m,1.095994,Increases Risk,numeric__attendance_subject_attendance_current,-1.069144,Reduces Risk,numeric__engagement_strength,-0.905872,Reduces Risk
S2364,numeric__lms_assignment_completion_pct_avg_3m,0.903986,Increases Risk,numeric__engagement_hackathons_attended_std_3m,-0.55575,Reduces Risk,numeric__feedback_satisfaction_score_avg_3m,-0.418265,Reduces Risk,numeric__engagement_events_attended_slope_3m,0.39162,Increases Risk,numeric__feedback_faculty_rating_avg_3m,0.367481,Increases Risk,numeric__attendance_overall_attendance_current,-1.532536,Reduces Risk,numeric__attendance_overall_attendance_avg_3m,0.995454,Increases Risk,numeric__attendance_subject_attendance_avg_3m,0.772849,Increases Risk,numeric__attendance_subject_attendance_current,-0.714632,Reduces Risk,numeric__academic_internal_marks_slope_3m,-0.629143,Reduces Risk
S2365,numeric__placement_coding_score_avg_3m,-0.890582,Reduces Risk,numeric__placement_aptitude_score_current,-0.799019,Reduces Risk,numeric__academic_cgpa_current,0.689925,Increases Risk,numeric__lms_logins_per_week_slope_3m,0.633479,Increases Risk,numeric__academic_warning_score,-0.535286,Reduces Risk,numeric__engagement_hackathons_attended_current,0.859109,Increases Risk,numeric__placement_aptitude_score_current,0.779523,Increases Risk,numeric__academic_internal_marks_avg_3m,-0.600031,Reduces Risk,numeric__attendance_subject_attendance_avg_3m,-0.470472,Reduces Risk,numeric__placement_coding_score_avg_3m,0.438825,Increases Risk
S2366,numeric__placement_aptitude_score_current,1.509969,Increases Risk,numeric__placement_coding_score_avg_3m,-0.89372,Reduces Risk,numeric__skills_tech_skills_score_avg_3m,0.799387,Increases Risk,numeric__attendance_declining_flag,-0.74125,Reduces Risk,numeric__skills_soft_skills_score_avg_3m,-0.602276,Reduces Risk,numeric__placement_aptitude_score_current,-1.474446,Reduces Risk,numeric__engagement_hackathons_attended_current,-1.050022,Reduces Risk,numeric__placement_mock_interview_score_current,0.606072,Increases Risk,numeric__placement_aptitude_score_slope_3m,0.54705,Increases Risk,numeric__academic_internal_marks_avg_3m,0.502273,Increases Risk
S2367,numeric__engagement_events_attended_slope_3m,0.71001,Increases Risk,numeric__skills_tech_skills_score_avg_3m,0.698043,Increases Risk,numeric__engagement_hackathons_attended_current,0.677675,Increases Risk,numeric__placement_coding_score_avg_3m,-0.583139,Reduces Risk,categorical__department_CIVIL ENGINEERING,-0.580173,Reduces Risk,numeric__engagement_strength,-1.839761,Reduces Risk,numeric__engagement_hackathons_attended_current,1.813675,Increases Risk,numeric__attendance_overall_attendance_current,0.98762,Increases Risk,numeric__placement_mock_interview_score_current,0.702834,Increases Risk,numeric__attendance_overall_attendance_avg_3m,-0.673991,Reduces Risk
S2368,numeric__placement_coding_score_avg_3m,1.060743,Increases Risk,numeric__placement_aptitude_score_current,-1.048639,Reduces Risk,numeric__skills_tech_skills_score_avg_3m,-0.914243,Reduces Risk,numeric__skills_soft_skills_score_avg_3m,0.827849,Increases Risk,numeric__feedback_faculty_rating_avg_3m,-0.73566,Reduces Risk,numeric__engagement_strength,-1.09265,Reduces Risk,numeric__placement_aptitude_score_current,1.023195,Increases Risk,numeric__engagement_hackathons_attended_current,0.859109,Increases Risk,numeric__placement_mock_interview_score_current,-0.583532,Reduces Risk,numeric__feedback_faculty_rating_current,-0.564925,Reduces Risk
S2369,numeric__academic_cgpa_current,-2.093517,Reduces Risk,numeric__placement_coding_score_avg_3m,-1.869382,Reduces Risk,numeric__skills_soft_skills_score_avg_3m,-1.699753,Reduces Risk,numeric__academic_warning_score,1.58992,Increases Risk,numeric__skills_tech_skills_score_avg_3m,1.542574,Increases Risk,numeric__engagement_strength,2.269349,Increases Risk,numeric__attendance_overall_attendance_current,2.24229,Increases Risk,numeric__engagement_hackathons_attended_current,-2.004588,Reduces Risk,numeric__academic_internal_marks_avg_3m,1.756461,Increases Risk,numeric__placement_mock_interview_score_current,1.585077,Increases Risk
S2370,numeric__attendance_declining_flag,-0.74125,Reduces Risk,numeric__engagement_hackathons_attended_current,0.677675,Increases Risk,numeric__engagement_hackathons_attended_std_3m,0.676045,Increases Risk,numeric__placement_coding_score_avg_3m,0.505462,Increases Risk,numeric__low_attendance_flag,-0.422933,Reduces Risk,numeric__engagement_hackathons_attended_current,1.813675,Increases Risk,numeric__engagement_strength,-1.279427,Reduces Risk,numeric__attendance_overall_attendance_current,1.009252,Increases Risk,numeric__attendance_overall_attendance_avg_3m,-0.580542,Reduces Risk,numeric__low_attendance_flag,-0.491842,Reduces Risk
S2371,numeric__engagement_hackathons_attended_current,0.677675,Increases Risk,numeric__academic_warning_score,-0.668112,Reduces Risk,numeric__lms_assignment_completion_pct_avg_3m,-0.641654,Reduces Risk,numeric__feedback_satisfaction_score_avg_3m,0.598038,Increases Risk,numeric__placement_coding_score_slope_3m,-0.537245,Reduces Risk,numeric__engagement_hackathons_attended_current,1.813675,Increases Risk,numeric__engagement_strength,-0.719094,Reduces Risk,numeric__placement_coding_score_slope_3m,0.495148,Increases Risk,numeric__placement_mock_interview_score_std_3m,-0.458498,Reduces Risk,numeric__attendance_overall_attendance_current,0.45763,Increases Risk
S2372,numeric__academic_warning_score,-0.933762,Reduces Risk,numeric__skills_soft_skills_score_avg_3m,0.579017,Increases Risk,numeric__engagement_hackathons_attended_std_3m,-0.55575,Reduces Risk,numeric__feedback_satisfaction_score_avg_3m,-0.515518,Reduces Risk,numeric__placement_coding_score_avg_3m,-0.501572,Reduces Risk,numeric__attendance_overall_attendance_current,-0.937649,Reduces Risk,numeric__placement_aptitude_score_missing,-0.83073,Reduces Risk,numeric__attendance_overall_attendance_avg_3m,0.747941,Increases Risk,numeric__placement_mock_interview_score_current,-0.555073,Reduces Risk,numeric__academic_subject_score_avg_slope_3m,-0.412144,Reduces Risk
S2373,numeric__placement_aptitude_score_current,0.78451,Increases Risk,numeric__attendance_overall_attendance_std_3m,-0.639422,Reduces Risk,numeric__academic_warning_score,-0.535286,Reduces Risk,numeric__lms_assignment_completion_pct_avg_3m,0.408528,Increases Risk,numeric__engagement_events_attended_slope_3m,0.39162,Increases Risk,numeric__engagement_strength,-0.905872,Reduces Risk,numeric__attendance_overall_attendance_current,-0.883569,Reduces Risk,numeric__placement_aptitude_score_current,-0.766273,Reduces Risk,numeric__attendance_overall_attendance_avg_3m,0.611557,Increases Risk,numeric__attendance_overall_attendance_std_3m,0.443452,Increases Risk
S2374,numeric__feedback_satisfaction_score_avg_3m,-0.855907,Reduces Risk,numeric__academic_warning_score,0.792967,Increases Risk,numeric__attendance_declining_flag,-0.74125,Reduces Risk,numeric__attendance_overall_attendance_std_3m,0.714289,Increases Risk,numeric__placement_aptitude_score_current,0.706503,Increases Risk,numeric__attendance_subject_attendance_current,0.76691,Increases Risk,numeric__attendance_overall_attendance_current,0.695585,Increases Risk,numeric__placement_aptitude_score_current,-0.690126,Reduces Risk,numeric__attendance_overall_attendance_std_3m,-0.495393,Reduces Risk,numeric__low_attendance_flag,-0.491842,Reduces Risk
S2375,numeric__placement_coding_score_avg_3m,-1.750169,Reduces Risk,numeric__skills_tech_skills_score_avg_3m,1.462728,Increases Risk,numeric__lms_assignment_completion_pct_avg_3m,1.288025,Increases Risk,numeric__feedback_satisfaction_score_avg_3m,-1.244922,Reduces Risk,numeric__academic_backlogs_avg_3m,-0.955781,Reduces Risk,numeric__attendance_overall_attendance_current,-2.170687,Reduces Risk,numeric__low_coding_flag,1.487088,Increases Risk,numeric__attendance_overall_attendance_avg_3m,1.349043,Increases Risk,numeric__attendance_subject_attendance_avg_3m,1.178751,Increases Risk,numeric__attendance_subject_attendance_current,-1.069144,Reduces Risk
S2376,numeric__placement_mock_interview_score_avg_3m,0.817646,Increases Risk,numeric__attendance_declining_flag,-0.74125,Reduces Risk,numeric__academic_cgpa_current,-0.647219,Reduces Risk,numeric__engagement_events_attended_slope_3m,-0.56355,Reduces Risk,numeric__feedback_satisfaction_score_avg_3m,0.525098,Increases Risk,numeric__academic_internal_marks_avg_3m,0.801438,Increases Risk,numeric__engagement_strength,0.775128,Increases Risk,numeric__placement_mock_interview_score_avg_3m,0.674119,Increases Risk,numeric__placement_mock_interview_score_current,0.651607,Increases Risk,numeric__attendance_overall_attendance_current,0.587423,Increases Risk
S2377,numeric__skills_tech_skills_score_avg_3m,1.508793,Increases Risk,numeric__placement_coding_score_avg_3m,-1.18234,Reduces Risk,numeric__placement_mock_interview_score_avg_3m,0.815701,Increases Risk,numeric__academic_warning_score,0.792967,Increases Risk,numeric__skills_soft_skills_score_avg_3m,-0.654662,Reduces Risk,numeric__engagement_hackathons_attended_current,-1.050022,Reduces Risk,numeric__engagement_strength,0.961905,Increases Risk,numeric__attendance_overall_attendance_current,0.782114,Increases Risk,numeric__feedback_satisfaction_score_slope_3m,0.753904,Increases Risk,numeric__skills_tech_skills_score_avg_3m,-0.67974,Reduces Risk
S2378,numeric__lms_assignment_completion_pct_avg_3m,-1.696576,Reduces Risk,numeric__skills_soft_skills_score_avg_3m,-1.652606,Reduces Risk,numeric__feedback_satisfaction_score_avg_3m,1.181561,Increases Risk,numeric__academic_warning_score,1.058618,Increases Risk,numeric__placement_mock_interview_score_avg_3m,1.041269,Increases Risk,numeric__attendance_overall_attendance_current,2.24229,Increases Risk,numeric__attendance_overall_attendance_avg_3m,-1.46704,Reduces Risk,numeric__engagement_strength,1.335461,Increases Risk,numeric__attendance_subject_attendance_current,1.163751,Increases Risk,numeric__attendance_subject_attendance_avg_3m,-1.071443,Reduces Risk
S2379,numeric__placement_aptitude_score_current,-0.970633,Reduces Risk,numeric__lms_assignment_completion_pct_avg_3m,0.771231,Increases Risk,numeric__attendance_declining_flag,-0.74125,Reduces Risk,numeric__placement_coding_score_avg_3m,0.524285,Increases Risk,numeric__lms_logins_per_week_slope_3m,-0.513666,Reduces Risk,numeric__placement_aptitude_score_current,0.947048,Increases Risk,numeric__feedback_satisfaction_score_slope_3m,0.727757,Increases Risk,numeric__placement_mock_interview_score_current,-0.691678,Reduces Risk,numeric__academic_subject_score_avg_slope_3m,-0.553124,Reduces Risk,numeric__attendance_subject_attendance_current,-0.481819,Reduces Risk
S2380,numeric__placement_coding_score_avg_3m,-1.069402,Reduces Risk,numeric__engagement_events_attended_slope_3m,1.0284,Increases Risk,numeric__skills_tech_skills_score_avg_3m,0.879234,Increases Risk,numeric__placement_mock_interview_score_avg_3m,0.825424,Increases Risk,numeric__skills_soft_skills_score_avg_3m,-0.790864,Reduces Risk,numeric__engagement_hackathons_attended_current,-1.050022,Reduces Risk,numeric__placement_mock_interview_score_current,0.998813,Increases Risk,numeric__low_lms_flag,0.913609,Increases Risk,numeric__placement_mock_interview_score_avg_3m,0.680532,Increases Risk,numeric__placement_aptitude_score_current,-0.667281,Reduces Risk
S2381,numeric__lms_logins_per_week_missing,-1.54038,Reduces Risk,numeric__engagement_events_attended_slope_3m,1.0284,Increases Risk,numeric__feedback_satisfaction_score_avg_3m,-0.782967,Reduces Risk,numeric__lms_assignment_completion_pct_avg_3m,0.752266,Increases Risk,numeric__placement_coding_score_avg_3m,0.750162,Increases Risk,numeric__engagement_strength,-1.466205,Reduces Risk,numeric__engagement_events_attended_current,1.019238,Increases Risk,numeric__attendance_overall_attendance_current,-0.980914,Reduces Risk,numeric__attendance_overall_attendance_avg_3m,0.793403,Increases Risk,numeric__skills_soft_skills_score_std_3m,0.767773,Increases Risk
S2382,numeric__feedback_satisfaction_score_avg_3m,0.632077,Increases Risk,numeric__engagement_hackathons_attended_std_3m,-0.55575,Reduces Risk,numeric__skills_soft_skills_score_avg_3m,-0.523698,Reduces Risk,numeric__lms_logins_per_week_slope_3m,-0.513666,Reduces Risk,numeric__placement_mock_interview_score_avg_3m,0.487072,Increases Risk,numeric__engagement_hackathons_attended_current,-1.050022,Reduces Risk,categorical__department_IT,-0.402819,Reduces Risk,numeric__placement_mock_interview_score_avg_3m,0.401573,Increases Risk,numeric__engagement_strength,0.401572,Increases Risk,numeric__engagement_certifications_count_current,0.39235,Increases Risk
S2383,numeric__placement_aptitude_score_current,1.884399,Increases Risk,numeric__placement_coding_score_avg_3m,-1.878794,Reduces Risk,numeric__skills_tech_skills_score_avg_3m,1.481154,Increases Risk,numeric__academic_cgpa_current,-1.315791,Reduces Risk,numeric__engagement_events_attended_slope_3m,1.0284,Increases Risk,numeric__low_aptitude_flag,-1.905883,Reduces Risk,numeric__placement_aptitude_score_current,-1.839954,Reduces Risk,numeric__engagement_strength,-1.466205,Reduces Risk,numeric__academic_internal_marks_avg_3m,1.220267,Increases Risk,numeric__attendance_overall_attendance_current,-1.078259,Reduces Risk
S2384,numeric__placement_coding_score_avg_3m,1.261522,Increases Risk,numeric__skills_tech_skills_score_avg_3m,-0.803687,Reduces Risk,numeric__academic_cgpa_current,-0.606286,Reduces Risk,numeric__placement_mock_interview_score_current,-0.566373,Reduces Risk,numeric__engagement_events_attended_slope_3m,-0.56355,Reduces Risk,numeric__placement_mock_interview_score_current,-0.862435,Reduces Risk,numeric__engagement_strength,0.775128,Increases Risk,numeric__placement_coding_score_avg_3m,-0.621602,Reduces Risk,numeric__academic_internal_marks_avg_3m,0.474658,Increases Risk,numeric__placement_mock_interview_score_std_3m,-0.445744,Reduces Risk
S2385,numeric__academic_warning_score,2.254047,Increases Risk,numeric__academic_cgpa_current,-1.411301,Reduces Risk,numeric__lms_assignment_completion_pct_avg_3m,-1.061252,Reduces Risk,numeric__placement_aptitude_score_current,0.862516,Increases Risk,numeric__skills_soft_skills_score_avg_3m,-0.853727,Reduces Risk,numeric__attendance_overall_attendance_current,3.204924,Increases Risk,numeric__attendance_overall_attendance_avg_3m,-2.080769,Reduces Risk,numeric__engagement_strength,1.522238,Increases Risk,numeric__attendance_subject_attendance_avg_3m,-1.499019,Reduces Risk,numeric__attendance_subject_attendance_current,1.290741,Increases Risk
S2386,numeric__skills_soft_skills_score_avg_3m,1.126446,Increases Risk,numeric__feedback_satisfaction_score_avg_3m,-1.045552,Reduces Risk,numeric__academic_cgpa_current,1.024211,Increases Risk,numeric__engagement_events_attended_slope_3m,-0.88194,Reduces Risk,numeric__lms_assignment_completion_pct_avg_3m,0.875538,Increases Risk,numeric__engagement_strength,-1.839761,Reduces Risk,numeric__engagement_hackathons_attended_current,1.813675,Increases Risk,numeric__academic_internal_marks_avg_3m,-1.154635,Reduces Risk,numeric__placement_mock_interview_score_current,-0.879511,Reduces Risk,numeric__placement_mock_interview_score_avg_3m,-0.71266,Reduces Risk
S2387,numeric__placement_aptitude_score_current,0.79231,Increases Risk,numeric__feedback_faculty_rating_avg_3m,0.77347,Increases Risk,numeric__engagement_events_attended_slope_3m,0.71001,Increases Risk,numeric__feedback_faculty_rating_current,0.661638,Increases Risk,numeric__skills_soft_skills_score_avg_3m,-0.539414,Reduces Risk,numeric__engagement_strength,-0.905872,Reduces Risk,numeric__feedback_faculty_rating_current,0.819357,Increases Risk,numeric__placement_aptitude_score_current,-0.773888,Reduces Risk,numeric__engagement_events_attended_current,0.689387,Increases Risk,numeric__placement_mock_interview_score_current,0.657299,Increases Risk
S2388,numeric__placement_aptitude_score_current,0.846915,Increases Risk,numeric__attendance_declining_flag,-0.74125,Reduces Risk,numeric__placement_coding_score_avg_3m,0.549383,Increases Risk,numeric__academic_warning_score,-0.535286,Reduces Risk,numeric__skills_tech_skills_score_avg_3m,-0.404454,Reduces Risk,numeric__placement_aptitude_score_current,-0.827191,Reduces Risk,numeric__attendance_overall_attendance_current,-0.678063,Reduces Risk,numeric__attendance_overall_attendance_avg_3m,0.606506,Increases Risk,numeric__placement_mock_interview_score_current,-0.555073,Reduces Risk,numeric__academic_internal_marks_slope_3m,-0.444253,Reduces Risk
S2389,numeric__placement_coding_score_avg_3m,-1.107048,Reduces Risk,numeric__skills_tech_skills_score_avg_3m,0.962151,Increases Risk,numeric__feedback_satisfaction_score_avg_3m,0.94329,Increases Risk,numeric__skills_soft_skills_score_avg_3m,-0.937544,Reduces Risk,numeric__attendance_overall_attendance_std_3m,0.889698,Increases Risk,numeric__engagement_strength,2.082572,Increases Risk,numeric__attendance_overall_attendance_current,1.939438,Increases Risk,numeric__attendance_subject_attendance_current,1.100257,Increases Risk,numeric__engagement_hackathons_attended_current,-1.050022,Reduces Risk,numeric__critical_attendance_flag,-0.997756,Reduces Risk
S2390,numeric__placement_coding_score_avg_3m,1.565829,Increases Risk,numeric__skills_tech_skills_score_avg_3m,-1.224417,Reduces Risk,numeric__academic_warning_score,1.058618,Increases Risk,numeric__placement_aptitude_score_current,-0.869225,Reduces Risk,numeric__academic_backlogs_slope_3m,0.781385,Increases Risk,numeric__engagement_strength,-1.652983,Reduces Risk,numeric__low_lms_flag,0.913609,Increases Risk,numeric__engagement_hackathons_attended_current,0.859109,Increases Risk,numeric__attendance_overall_attendance_avg_3m,-0.850785,Reduces Risk,numeric__placement_aptitude_score_current,0.848056,Increases Risk
S2391,numeric__feedback_satisfaction_score_avg_3m,1.152385,Increases Risk,numeric__academic_cgpa_current,1.112899,Increases Risk,numeric__academic_warning_score,-0.933762,Reduces Risk,numeric__placement_coding_score_avg_3m,0.881924,Increases Risk,numeric__skills_tech_skills_score_avg_3m,-0.720769,Reduces Risk,numeric__engagement_strength,1.335461,Increases Risk,numeric__academic_internal_marks_avg_3m,-0.949823,Reduces Risk,numeric__engagement_events_attended_current,-0.630014,Reduces Risk,numeric__academic_cgpa_avg_3m,-0.628906,Reduces Risk,numeric__academic_cgpa_current,-0.611433,Reduces Risk
S2392,numeric__placement_coding_score_avg_3m,1.562692,Increases Risk,numeric__skills_tech_skills_score_avg_3m,-1.190635,Reduces Risk,numeric__skills_soft_skills_score_avg_3m,0.806894,Increases Risk,numeric__placement_mock_interview_score_avg_3m,-0.726329,Reduces Risk,numeric__feedback_faculty_rating_avg_3m,-0.604431,Reduces Risk,numeric__engagement_hackathons_attended_current,0.859109,Increases Risk,numeric__placement_mock_interview_score_current,-0.851051,Reduces Risk,numeric__placement_coding_score_avg_3m,-0.77,Reduces Risk,numeric__attendance_overall_attendance_current,-0.613166,Reduces Risk,numeric__placement_mock_interview_score_avg_3m,-0.598832,Reduces Risk
S2393,numeric__academic_warning_score,1.58992,Increases Risk,numeric__placement_coding_score_avg_3m,-1.122734,Reduces Risk,numeric__skills_tech_skills_score_avg_3m,0.952938,Increases Risk,numeric__lms_logins_per_week_slope_3m,-0.896047,Reduces Risk,numeric__engagement_strength,-0.808251,Reduces Risk,numeric__engagement_strength,-2.773649,Reduces Risk,numeric__attendance_overall_attendance_current,1.550058,Increases Risk,numeric__engagement_certifications_count_current,1.482213,Increases Risk,numeric__attendance_subject_attendance_current,0.930937,Increases Risk,numeric__low_lms_flag,0.913609,Increases Risk
S2394,numeric__lms_assignment_completion_pct_avg_3m,1.316472,Increases Risk,numeric__feedback_satisfaction_score_avg_3m,-0.972612,Reduces Risk,numeric__placement_coding_score_avg_3m,-0.708626,Reduces Risk,numeric__skills_tech_skills_score_avg_3m,0.651978,Increases Risk,numeric__placement_aptitude_score_slope_3m,0.63715,Increases Risk,numeric__engagement_hackathons_attended_current,-1.050022,Reduces Risk,numeric__placement_aptitude_score_slope_3m,-0.674956,Reduces Risk,numeric__feedback_faculty_rating_current,-0.508258,Reduces Risk,numeric__lms_assignment_completion_pct_current,0.498894,Increases Risk,numeric__lms_assignment_completion_pct_avg_3m,-0.475395,Reduces Risk
S2395,numeric__placement_aptitude_score_current,-0.752215,Reduces Risk,numeric__attendance_declining_flag,-0.74125,Reduces Risk,numeric__placement_coding_score_avg_3m,-0.680391,Reduces Risk,numeric__engagement_hackathons_attended_current,0.677675,Increases Risk,numeric__engagement_hackathons_attended_std_3m,0.676045,Increases Risk,numeric__engagement_strength,-1.839761,Reduces Risk,numeric__engagement_hackathons_attended_current,1.813675,Increases Risk,numeric__attendance_overall_attendance_current,0.836194,Increases Risk,numeric__placement_aptitude_score_current,0.733834,Increases Risk,numeric__feedback_satisfaction_score_slope_3m,0.675463,Increases Risk
S2396,numeric__academic_warning_score,-0.933762,Reduces Risk,numeric__engagement_hackathons_attended_std_3m,0.676045,Increases Risk,numeric__feedback_satisfaction_score_avg_3m,-0.671125,Reduces Risk,numeric__placement_coding_score_avg_3m,0.590166,Increases Risk,numeric__skills_tech_skills_score_avg_3m,-0.530366,Reduces Risk,numeric__attendance_overall_attendance_current,-0.742959,Reduces Risk,numeric__placement_mock_interview_score_current,-0.674603,Reduces Risk,numeric__attendance_overall_attendance_avg_3m,0.624185,Increases Risk,numeric__attendance_subject_attendance_avg_3m,0.573839,Increases Risk,numeric__skills_soft_skills_score_std_3m,0.436122,Increases Risk
S2397,numeric__lms_assignment_completion_pct_avg_3m,1.259578,Increases Risk,numeric__feedback_satisfaction_score_avg_3m,-1.210884,Reduces Risk,numeric__skills_soft_skills_score_avg_3m,1.071441,Increases Risk,numeric__placement_mock_interview_score_avg_3m,-0.899395,Reduces Risk,numeric__lms_assignment_completion_pct_current,-0.706393,Reduces Risk,numeric__attendance_overall_attendance_current,-2.073342,Reduces Risk,numeric__engagement_strength,-1.652983,Reduces Risk,numeric__attendance_overall_attendance_avg_3m,1.427337,Increases Risk,numeric__attendance_subject_attendance_avg_3m,1.166929,Increases Risk,numeric__attendance_subject_attendance_current,-1.037397,Reduces Risk
S2398,numeric__placement_coding_score_avg_3m,1.65367,Increases Risk,numeric__skills_tech_skills_score_avg_3m,-1.629792,Reduces Risk,numeric__lms_assignment_completion_pct_avg_3m,1.295137,Increases Risk,numeric__skills_soft_skills_score_avg_3m,1.233836,Increases Risk,numeric__placement_mock_interview_score_avg_3m,-1.107462,Reduces Risk,numeric__engagement_strength,-2.400094,Reduces Risk,numeric__attendance_overall_attendance_current,-2.170687,Reduces Risk,numeric__engagement_hackathons_attended_current,1.813675,Increases Risk,numeric__attendance_overall_attendance_avg_3m,1.301055,Increases Risk,numeric__attendance_subject_attendance_avg_3m,1.101905,Increases Risk
S2399,numeric__attendance_declining_flag,-0.74125,Reduces Risk,numeric__engagement_strength,-0.644968,Reduces Risk,numeric__attendance_overall_attendance_std_3m,0.589585,Increases Risk,numeric__academic_warning_score,-0.535286,Reduces Risk,numeric__placement_aptitude_score_std_3m,-0.503881,Reduces Risk,numeric__engagement_strength,-2.213316,Reduces Risk,numeric__engagement_certifications_count_current,0.937282,Increases Risk,numeric__engagement_hackathons_attended_current,0.859109,Increases Risk,numeric__placement_mock_interview_score_current,-0.583532,Reduces Risk,numeric__skills_soft_skills_score_current,0.440429,Increases Risk
S2400,numeric__skills_soft_skills_score_avg_3m,-1.194233,Reduces Risk,numeric__academic_backlogs_avg_3m,-0.955781,Reduces Risk,numeric__placement_mock_interview_score_avg_3m,0.955709,Increases Risk,numeric__placement_coding_score_avg_3m,-0.868622,Reduces Risk,numeric__placement_aptitude_score_current,0.815712,Increases Risk,numeric__placement_mock_interview_score_current,0.902051,Increases Risk,numeric__placement_aptitude_score_current,-0.796732,Reduces Risk,numeric__placement_mock_interview_score_avg_3m,0.787947,Increases Risk,numeric__academic_internal_marks_avg_3m,0.776124,Increases Risk,numeric__engagement_strength,0.775128,Increases Risk
S2401,numeric__feedback_satisfaction_score_avg_3m,-1.099042,Reduces Risk,numeric__placement_coding_score_avg_3m,0.850552,Increases Risk,numeric__skills_tech_skills_score_avg_3m,-0.815971,Reduces Risk,numeric__academic_backlogs_slope_3m,0.781385,Increases Risk,numeric__attendance_declining_flag,-0.74125,Reduces Risk,numeric__engagement_strength,-0.905872,Reduces Risk,numeric__engagement_events_attended_current,0.689387,Increases Risk,numeric__feedback_faculty_rating_current,-0.653972,Reduces Risk,numeric__placement_coding_score_slope_3m,0.560511,Increases Risk,numeric__attendance_subject_attendance_avg_3m,0.536401,Increases Risk
S2402,numeric__placement_coding_score_slope_3m,-0.866817,Reduces Risk,numeric__attendance_declining_flag,-0.74125,Reduces Risk,numeric__engagement_hackathons_attended_std_3m,-0.55575,Reduces Risk,numeric__academic_warning_score,-0.535286,Reduces Risk,numeric__placement_coding_score_current,0.466339,Increases Risk,numeric__engagement_hackathons_attended_current,-1.050022,Reduces Risk,numeric__placement_coding_score_slope_3m,0.798896,Increases Risk,numeric__academic_internal_marks_avg_3m,0.539094,Increases Risk,numeric__skills_soft_skills_score_std_3m,-0.518293,Reduces Risk,numeric__placement_mock_interview_score_current,-0.503846,Reduces Risk
S2403,numeric__academic_warning_score,1.191444,Increases Risk,numeric__academic_backlogs_slope_3m,0.781385,Increases Risk,numeric__academic_backlogs_avg_3m,-0.748902,Reduces Risk,numeric__attendance_declining_flag,-0.74125,Reduces Risk,numeric__lms_assignment_completion_pct_avg_3m,-0.641654,Reduces Risk,numeric__attendance_overall_attendance_current,0.65232,Increases Risk,numeric__placement_mock_interview_score_current,0.645916,Increases Risk,numeric__placement_mock_interview_score_avg_3m,0.521814,Increases Risk,numeric__low_attendance_flag,-0.491842,Reduces Risk,numeric__skills_soft_skills_score_current,-0.479849,Reduces Risk
S2404,numeric__placement_aptitude_score_current,1.377358,Increases Risk,numeric__feedback_satisfaction_score_avg_3m,-1.162257,Reduces Risk,numeric__lms_assignment_completion_pct_avg_3m,1.107858,Increases Risk,numeric__lms_assignment_completion_pct_current,-0.706393,Reduces Risk,numeric__academic_warning_score,-0.668112,Reduces Risk,numeric__attendance_overall_attendance_current,-1.759674,Reduces Risk,numeric__attendance_overall_attendance_avg_3m,1.349043,Increases Risk,numeric__placement_aptitude_score_current,-1.344995,Reduces Risk,numeric__engagement_hackathons_attended_current,-1.050022,Reduces Risk,numeric__attendance_subject_attendance_avg_3m,0.987622,Increases Risk
S2405,numeric__engagement_strength,-0.808251,Reduces Risk,numeric__academic_warning_score,-0.668112,Reduces Risk,numeric__engagement_certifications_count_current,-0.387492,Reduces Risk,numeric__skills_tech_skills_score_avg_3m,-0.358388,Reduces Risk,numeric__placement_coding_score_avg_3m,0.358015,Increases Risk,numeric__engagement_strength,-2.773649,Reduces Risk,numeric__engagement_certifications_count_current,2.027144,Increases Risk,numeric__engagement_hackathons_attended_current,0.859109,Increases Risk,numeric__attendance_overall_attendance_current,-0.79704,Reduces Risk,numeric__attendance_subject_attendance_current,-0.624682,Reduces Risk
S2406,numeric__academic_warning_score,1.58992,Increases Risk,numeric__placement_coding_score_avg_3m,-1.16038,Reduces Risk,numeric__academic_cgpa_current,-1.158881,Reduces Risk,numeric__skills_tech_skills_score_avg_3m,0.814742,Increases Risk,numeric__attendance_declining_flag,-0.74125,Reduces Risk,numeric__attendance_overall_attendance_current,2.253106,Increases Risk,numeric__attendance_subject_attendance_current,1.296032,Increases Risk,numeric__attendance_overall_attendance_avg_3m,-1.179118,Reduces Risk,numeric__placement_mock_interview_score_current,1.11265,Increases Risk,numeric__engagement_hackathons_attended_current,-1.050022,Reduces Risk
S2407,numeric__placement_coding_score_avg_3m,-1.18234,Reduces Risk,numeric__placement_coding_score_slope_3m,-1.087923,Reduces Risk,numeric__placement_aptitude_score_current,1.073133,Increases Risk,numeric__academic_warning_score,-0.933762,Reduces Risk,numeric__attendance_overall_attendance_std_3m,0.721972,Increases Risk,numeric__low_coding_flag,1.487088,Increases Risk,numeric__placement_aptitude_score_current,-1.048019,Reduces Risk,numeric__engagement_events_attended_current,1.019238,Increases Risk,numeric__placement_coding_score_slope_3m,1.002676,Increases Risk,numeric__engagement_strength,-0.905872,Reduces Risk
S2408,numeric__placement_coding_score_avg_3m,1.173681,Increases Risk,numeric__academic_warning_score,-0.933762,Reduces Risk,numeric__skills_tech_skills_score_avg_3m,-0.852823,Reduces Risk,numeric__feedback_satisfaction_score_missing,-0.713384,Reduces Risk,numeric__engagement_events_attended_slope_3m,-0.56355,Reduces Risk,numeric__engagement_hackathons_attended_current,0.859109,Increases Risk,numeric__skills_soft_skills_score_std_3m,-0.66154,Reduces Risk,numeric__placement_coding_score_avg_3m,-0.578319,Reduces Risk,numeric__engagement_strength,-0.532317,Reduces Risk,numeric__attendance_overall_attendance_current,-0.46174,Reduces Risk
S2409,numeric__feedback_satisfaction_score_avg_3m,-1.454018,Reduces Risk,numeric__lms_assignment_completion_pct_avg_3m,1.280913,Increases Risk,numeric__skills_tech_skills_score_avg_3m,1.023572,Increases Risk,numeric__feedback_satisfaction_score_current,0.913886,Increases Risk,numeric__placement_coding_score_avg_3m,-0.896857,Reduces Risk,numeric__attendance_overall_attendance_current,-2.170687,Reduces Risk,numeric__skills_soft_skills_score_std_3m,1.466132,Increases Risk,numeric__attendance_overall_attendance_avg_3m,1.333889,Increases Risk,numeric__attendance_subject_attendance_avg_3m,1.111757,Increases Risk,numeric__lms_logins_per_week_avg_3m,1.085353,Increases Risk
S2410,numeric__academic_warning_score,-0.933762,Reduces Risk,numeric__lms_assignment_completion_pct_avg_3m,0.638477,Increases Risk,numeric__engagement_hackathons_attended_std_3m,-0.55575,Reduces Risk,numeric__placement_coding_score_slope_3m,-0.495527,Reduces Risk,numeric__placement_coding_score_avg_3m,-0.394908,Reduces Risk,numeric__engagement_hackathons_attended_current,-1.050022,Reduces Risk,numeric__academic_internal_marks_avg_3m,0.585119,Increases Risk,numeric__engagement_club_participations_current,-0.547287,Reduces Risk,numeric__placement_coding_score_slope_3m,0.456699,Increases Risk,numeric__feedback_faculty_rating_current,-0.435401,Reduces Risk
S2411,numeric__academic_warning_score,1.58992,Increases Risk,numeric__placement_coding_score_avg_3m,1.217602,Increases Risk,numeric__skills_tech_skills_score_avg_3m,-1.104647,Reduces Risk,numeric__academic_backlogs_slope_3m,0.781385,Increases Risk,numeric__attendance_declining_flag,-0.74125,Reduces Risk,numeric__attendance_overall_attendance_current,2.534325,Increases Risk,numeric__attendance_overall_attendance_avg_3m,-1.512502,Reduces Risk,numeric__attendance_subject_attendance_current,1.264284,Increases Risk,numeric__attendance_subject_attendance_avg_3m,-1.209371,Reduces Risk,numeric__critical_attendance_flag,-0.997756,Reduces Risk
S2412,numeric__placement_aptitude_score_current,-1.072041,Reduces Risk,numeric__placement_coding_score_avg_3m,0.903884,Increases Risk,numeric__academic_cgpa_current,0.771791,Increases Risk,numeric__engagement_hackathons_attended_current,0.677675,Increases Risk,numeric__engagement_hackathons_attended_std_3m,0.676045,Increases Risk,numeric__engagement_hackathons_attended_current,1.813675,Increases Risk,numeric__engagement_strength,-1.279427,Reduces Risk,numeric__placement_aptitude_score_current,1.04604,Increases Risk,numeric__academic_internal_marks_avg_3m,-0.954425,Reduces Risk,numeric__attendance_overall_attendance_current,0.684769,Increases Risk
S2413,numeric__placement_coding_score_avg_3m,0.812906,Increases Risk,numeric__placement_coding_score_slope_3m,-0.59565,Reduces Risk,numeric__skills_tech_skills_score_avg_3m,-0.57336,Reduces Risk,numeric__engagement_hackathons_attended_std_3m,-0.55575,Reduces Risk,numeric__attendance_overall_attendance_std_3m,-0.504571,Reduces Risk,numeric__attendance_overall_attendance_current,-0.807856,Reduces Risk,numeric__placement_coding_score_slope_3m,0.548977,Increases Risk,numeric__engagement_club_participations_current,-0.547287,Reduces Risk,numeric__skills_soft_skills_score_std_3m,0.531176,Increases Risk,numeric__attendance_subject_attendance_avg_3m,0.512757,Increases Risk
S2414,numeric__lms_assignment_completion_pct_avg_3m,0.937174,Increases Risk,numeric__feedback_satisfaction_score_avg_3m,-0.923985,Reduces Risk,numeric__placement_coding_score_avg_3m,0.712516,Increases Risk,categorical__department_INFO TECH,0.662052,Increases Risk,numeric__attendance_overall_attendance_std_3m,0.631223,Increases Risk,numeric__attendance_overall_attendance_current,-2.170687,Reduces Risk,numeric__attendance_overall_attendance_avg_3m,1.268222,Increases Risk,numeric__attendance_subject_attendance_current,-1.069144,Reduces Risk,numeric__attendance_subject_attendance_avg_3m,1.009297,Increases Risk,numeric__placement_aptitude_score_current,-0.560675,Reduces Risk
S2415,numeric__placement_coding_score_avg_3m,-1.552527,Reduces Risk,numeric__placement_aptitude_score_current,1.338355,Increases Risk,numeric__skills_tech_skills_score_avg_3m,1.253898,Increases Risk,numeric__attendance_overall_attendance_std_3m,0.989534,Increases Risk,numeric__academic_warning_score,-0.933762,Reduces Risk,numeric__placement_aptitude_score_current,-1.306921,Reduces Risk,numeric__placement_coding_score_avg_3m,0.764991,Increases Risk,numeric__attendance_overall_attendance_current,-0.764591,Reduces Risk,numeric__attendance_overall_attendance_std_3m,-0.686285,Reduces Risk,numeric__skills_tech_skills_score_avg_3m,-0.564905,Reduces Risk
S2416,numeric__academic_warning_score,1.988396,Increases Risk,numeric__placement_coding_score_avg_3m,1.600338,Increases Risk,numeric__lms_assignment_completion_pct_avg_3m,-1.115776,Reduces Risk,numeric__skills_tech_skills_score_avg_3m,-1.107718,Reduces Risk,numeric__placement_aptitude_score_current,-0.962832,Reduces Risk,numeric__attendance_overall_attendance_current,2.977786,Increases Risk,numeric__attendance_overall_attendance_avg_3m,-1.813052,Reduces Risk,numeric__attendance_subject_attendance_current,1.59234,Increases Risk,numeric__attendance_subject_attendance_avg_3m,-1.487197,Reduces Risk,numeric__engagement_strength,-1.09265,Reduces Risk
S2417,numeric__lms_logins_per_week_missing,-1.54038,Reduces Risk,numeric__lms_assignment_completion_pct_avg_3m,-1.497445,Reduces Risk,numeric__placement_coding_score_avg_3m,1.305443,Increases Risk,numeric__academic_warning_score,1.191444,Increases Risk,numeric__feedback_satisfaction_score_avg_3m,1.064857,Increases Risk,numeric__attendance_overall_attendance_current,2.718199,Increases Risk,numeric__engagement_hackathons_attended_current,1.813675,Increases Risk,numeric__attendance_overall_attendance_avg_3m,-1.80295,Reduces Risk,numeric__attendance_subject_attendance_avg_3m,-1.721674,Reduces Risk,numeric__attendance_subject_attendance_current,1.671708,Increases Risk
S2418,numeric__placement_aptitude_score_current,1.104336,Increases Risk,numeric__placement_coding_score_slope_3m,-0.85013,Reduces Risk,numeric__attendance_overall_attendance_std_3m,0.790882,Increases Risk,numeric__placement_coding_score_avg_3m,-0.765095,Reduces Risk,numeric__feedback_satisfaction_score_avg_3m,-0.632223,Reduces Risk,numeric__placement_aptitude_score_current,-1.078478,Reduces Risk,numeric__placement_coding_score_slope_3m,0.783516,Increases Risk,numeric__attendance_overall_attendance_std_3m,-0.548513,Reduces Risk,numeric__engagement_club_participations_current,-0.547287,Reduces Risk,numeric__placement_readiness_score,-0.450277,Reduces Risk
S2419,numeric__placement_coding_score_avg_3m,-1.100773,Reduces Risk,numeric__academic_warning_score,-0.933762,Reduces Risk,numeric__skills_tech_skills_score_avg_3m,0.651978,Increases Risk,numeric__placement_mock_interview_score_avg_3m,0.51624,Increases Risk,numeric__academic_cgpa_current,-0.476665,Reduces Risk,numeric__engagement_hackathons_attended_current,-1.050022,Reduces Risk,numeric__engagement_strength,0.961905,Increases Risk,numeric__skills_soft_skills_score_std_3m,0.743714,Increases Risk,numeric__placement_coding_score_avg_3m,0.542394,Increases Risk,numeric__placement_mock_interview_score_std_3m,-0.526719,Reduces Risk
S2420,numeric__lms_logins_per_week_missing,-1.54038,Reduces Risk,numeric__lms_assignment_completion_pct_avg_3m,1.03674,Increases Risk,numeric__lms_logins_per_week_slope_3m,-1.023508,Reduces Risk,numeric__placement_coding_score_avg_3m,-0.89372,Reduces Risk,numeric__feedback_satisfaction_score_avg_3m,-0.790261,Reduces Risk,numeric__attendance_overall_attendance_current,-1.543352,Reduces Risk,numeric__attendance_overall_attendance_avg_3m,1.169722,Increases Risk,numeric__attendance_subject_attendance_avg_3m,0.802405,Increases Risk,numeric__lms_logins_per_week_slope_3m,-0.601615,Reduces Risk,numeric__attendance_subject_attendance_current,-0.587643,Reduces Risk
S2421,numeric__attendance_declining_flag,-0.74125,Reduces Risk,numeric__engagement_hackathons_attended_current,0.677675,Increases Risk,numeric__academic_warning_score,0.660142,Increases Risk,numeric__engagement_hackathons_attended_std_3m,0.511015,Increases Risk,numeric__cgpa_declining_flag,0.487485,Increases Risk,numeric__engagement_hackathons_attended_current,1.813675,Increases Risk,numeric__engagement_strength,-1.279427,Reduces Risk,numeric__skills_soft_skills_score_std_3m,-0.624231,Reduces Risk,numeric__academic_internal_marks_slope_3m,0.497398,Increases Risk,numeric__academic_subject_score_avg_slope_3m,-0.482634,Reduces Risk
S2422,numeric__lms_logins_per_week_missing,-1.54038,Reduces Risk,numeric__feedback_satisfaction_score_current,-0.841106,Reduces Risk,categorical__department_INFO TECH,0.662052,Increases Risk,numeric__attendance_overall_attendance_std_3m,-0.65642,Reduces Risk,numeric__placement_coding_score_avg_3m,0.621538,Increases Risk,numeric__feedback_satisfaction_score_slope_3m,-0.989226,Reduces Risk,numeric__attendance_subject_attendance_current,0.735162,Increases Risk,numeric__feedback_satisfaction_score_current,0.715411,Increases Risk,numeric__attendance_overall_attendance_current,0.673952,Increases Risk,numeric__skills_soft_skills_score_std_3m,-0.515026,Reduces Risk
S2423,numeric__lms_assignment_completion_pct_avg_3m,1.209795,Increases Risk,numeric__skills_soft_skills_score_avg_3m,0.953574,Increases Risk,numeric__feedback_satisfaction_score_avg_3m,-0.892377,Reduces Risk,numeric__placement_mock_interview_score_avg_3m,-0.850781,Reduces Risk,numeric__feedback_satisfaction_score_missing,-0.713384,Reduces Risk,numeric__engagement_strength,-2.400094,Reduces Risk,numeric__attendance_overall_attendance_current,-2.159871,Reduces Risk,numeric__engagement_hackathons_attended_current,1.813675,Increases Risk,numeric__attendance_overall_attendance_avg_3m,1.462696,Increases Risk,numeric__attendance_subject_attendance_avg_3m,1.131461,Increases Risk
S2424,numeric__placement_coding_score_avg_3m,-1.213712,Reduces Risk,numeric__skills_tech_skills_score_avg_3m,1.029714,Increases Risk,numeric__academic_backlogs_avg_3m,-0.955781,Reduces Risk,numeric__academic_warning_score,-0.535286,Reduces Risk,numeric__academic_cgpa_current,-0.503953,Reduces Risk,numeric__engagement_hackathons_attended_current,-1.050022,Reduces Risk,numeric__skills_soft_skills_score_std_3m,0.654145,Increases Risk,numeric__placement_coding_score_avg_3m,0.598044,Increases Risk,numeric__attendance_overall_attendance_current,-0.526637,Reduces Risk,numeric__attendance_subject_attendance_current,-0.524148,Reduces Risk
S2425,numeric__feedback_satisfaction_score_avg_3m,1.580302,Increases Risk,numeric__lms_assignment_completion_pct_avg_3m,-1.364691,Reduces Risk,numeric__placement_mock_interview_score_avg_3m,1.301839,Increases Risk,numeric__skills_soft_skills_score_avg_3m,-1.055411,Reduces Risk,numeric__feedback_satisfaction_score_current,-0.918532,Reduces Risk,numeric__engagement_strength,1.895794,Increases Risk,numeric__attendance_overall_attendance_current,1.452713,Increases Risk,numeric__attendance_overall_attendance_avg_3m,-1.439258,Reduces Risk,numeric__placement_mock_interview_score_current,1.243564,Increases Risk,numeric__attendance_subject_attendance_avg_3m,-1.20346,Reduces Risk
S2426,numeric__placement_aptitude_score_current,1.049731,Increases Risk,numeric__skills_soft_skills_score_avg_3m,0.793798,Increases Risk,numeric__academic_backlogs_slope_3m,0.781385,Increases Risk,numeric__academic_cgpa_current,-0.749551,Reduces Risk,numeric__attendance_declining_flag,-0.74125,Reduces Risk,numeric__placement_aptitude_score_current,-1.025175,Reduces Risk,numeric__placement_mock_interview_score_current,-0.890894,Reduces Risk,numeric__placement_aptitude_score_slope_3m,0.623692,Increases Risk,numeric__academic_internal_marks_avg_3m,0.621939,Increases Risk,numeric__skills_soft_skills_score_std_3m,0.592367,Increases Risk
S2427,numeric__feedback_satisfaction_score_avg_3m,1.628929,Increases Risk,numeric__lms_assignment_completion_pct_avg_3m,-1.276978,Reduces Risk,numeric__placement_coding_score_avg_3m,1.06388,Increases Risk,numeric__feedback_satisfaction_score_current,-0.961546,Reduces Risk,numeric__placement_aptitude_score_current,-0.955032,Reduces Risk,numeric__placement_aptitude_score_current,0.931818,Increases Risk,numeric__attendance_subject_attendance_current,0.825113,Increases Risk,numeric__feedback_satisfaction_score_current,0.817738,Increases Risk,numeric__placement_aptitude_score_slope_3m,-0.62812,Reduces Risk,categorical__department_CS,-0.575417,Reduces Risk
S2428,numeric__feedback_satisfaction_score_avg_3m,-1.06014,Reduces Risk,numeric__skills_soft_skills_score_avg_3m,0.964051,Increases Risk,numeric__placement_mock_interview_score_current,-0.932691,Reduces Risk,numeric__placement_coding_score_avg_3m,0.885061,Increases Risk,numeric__feedback_satisfaction_score_current,0.802048,Increases Risk,numeric__placement_mock_interview_score_current,-1.42024,Reduces Risk,numeric__engagement_strength,-0.905872,Reduces Risk,numeric__skills_soft_skills_score_current,0.839092,Increases Risk,numeric__engagement_events_attended_current,0.689387,Increases Risk,numeric__placement_mock_interview_score_std_3m,-0.687576,Reduces Risk
S2429,numeric__lms_assignment_completion_pct_avg_3m,-1.378914,Reduces Risk,numeric__placement_mock_interview_score_avg_3m,1.097661,Increases Risk,numeric__skills_soft_skills_score_avg_3m,-1.071127,Reduces Risk,numeric__lms_assignment_completion_pct_current,0.799967,Increases Risk,numeric__attendance_overall_attendance_std_3m,0.749246,Increases Risk,numeric__low_lms_flag,0.913609,Increases Risk,numeric__placement_mock_interview_score_avg_3m,0.904982,Increases Risk,numeric__attendance_overall_attendance_avg_3m,-0.901298,Reduces Risk,numeric__placement_mock_interview_score_current,0.879283,Increases Risk,numeric__attendance_subject_attendance_avg_3m,-0.70889,Reduces Risk
S2430,numeric__academic_backlogs_avg_3m,-0.955781,Reduces Risk,numeric__lms_assignment_completion_pct_avg_3m,0.875538,Increases Risk,numeric__feedback_satisfaction_score_avg_3m,-0.802417,Reduces Risk,numeric__placement_aptitude_score_slope_3m,0.745673,Increases Risk,numeric__placement_coding_score_avg_3m,-0.736861,Reduces Risk,numeric__attendance_overall_attendance_current,-1.554168,Reduces Risk,numeric__engagement_hackathons_attended_current,-1.050022,Reduces Risk,numeric__engagement_events_attended_current,1.019238,Increases Risk,numeric__attendance_overall_attendance_avg_3m,0.990402,Increases Risk,numeric__placement_aptitude_score_slope_3m,-0.789919,Reduces Risk
S2431,numeric__academic_warning_score,-0.933762,Reduces Risk,numeric__engagement_events_attended_slope_3m,-0.88194,Reduces Risk,numeric__lms_assignment_completion_pct_avg_3m,0.697742,Increases Risk,numeric__lms_assignment_completion_pct_current,-0.355834,Reduces Risk,numeric__academic_cgpa_std_3m,0.335684,Increases Risk,numeric__skills_soft_skills_score_std_3m,-0.603929,Reduces Risk,numeric__engagement_club_participations_current,-0.547287,Reduces Risk,numeric__academic_internal_marks_slope_3m,0.424302,Increases Risk,numeric__academic_subject_score_avg_slope_3m,-0.415854,Reduces Risk,numeric__attendance_overall_attendance_current,-0.386027,Reduces Risk
S2432,numeric__academic_warning_score,-0.933762,Reduces Risk,numeric__placement_coding_score_avg_3m,0.850552,Increases Risk,numeric__skills_tech_skills_score_avg_3m,-0.815971,Reduces Risk,numeric__feedback_satisfaction_score_avg_3m,-0.695438,Reduces Risk,numeric__skills_soft_skills_score_avg_3m,0.592114,Increases Risk,numeric__attendance_overall_attendance_current,-1.218868,Reduces Risk,numeric__engagement_strength,-0.905872,Reduces Risk,numeric__attendance_overall_attendance_avg_3m,0.699954,Increases Risk,numeric__engagement_events_attended_current,0.689387,Increases Risk,numeric__placement_aptitude_score_slope_3m,0.619434,Increases Risk
S2433,numeric__lms_assignment_completion_pct_avg_3m,0.96088,Increases Risk,numeric__academic_warning_score,-0.933762,Reduces Risk,numeric__placement_aptitude_score_current,-0.845823,Reduces Risk,numeric__engagement_events_attended_slope_3m,0.71001,Increases Risk,numeric__engagement_hackathons_attended_std_3m,0.676045,Increases Risk,numeric__engagement_strength,-1.466205,Reduces Risk,numeric__engagement_events_attended_current,1.019238,Increases Risk,numeric__placement_aptitude_score_current,0.825212,Increases Risk,numeric__placement_mock_interview_score_current,-0.560765,Reduces Risk,numeric__placement_aptitude_score_slope_3m,-0.555736,Reduces Risk
S2434,numeric__placement_coding_score_avg_3m,-2.154865,Reduces Risk,numeric__academic_backlogs_avg_3m,-1.990176,Reduces Risk,numeric__academic_warning_score,1.988396,Increases Risk,numeric__skills_tech_skills_score_avg_3m,1.745262,Increases Risk,numeric__lms_assignment_completion_pct_avg_3m,-1.627828,Reduces Risk,numeric__attendance_overall_attendance_current,3.194108,Increases Risk,numeric__attendance_overall_attendance_avg_3m,-2.002475,Reduces Risk,numeric__engagement_strength,1.895794,Increases Risk,numeric__attendance_subject_attendance_current,1.602923,Increases Risk,numeric__attendance_subject_attendance_avg_3m,-1.548279,Reduces Risk
S2435,numeric__academic_warning_score,1.988396,Increases Risk,numeric__placement_coding_score_std_3m,-0.7958,Reduces Risk,numeric__attendance_declining_flag,-0.74125,Reduces Risk,numeric__attendance_overall_attendance_std_3m,0.714706,Increases Risk,numeric__skills_tech_skills_score_avg_3m,0.621268,Increases Risk,numeric__attendance_overall_attendance_current,3.010234,Increases Risk,numeric__attendance_overall_attendance_avg_3m,-1.651411,Reduces Risk,numeric__attendance_subject_attendance_current,1.571175,Increases Risk,numeric__attendance_subject_attendance_avg_3m,-1.349269,Reduces Risk,numeric__critical_attendance_flag,-0.997756,Reduces Risk
S2436,numeric__placement_coding_score_avg_3m,1.18623,Increases Risk,numeric__skills_tech_skills_score_avg_3m,-0.957238,Reduces Risk,numeric__academic_warning_score,-0.933762,Reduces Risk,numeric__lms_assignment_completion_pct_avg_3m,0.733302,Increases Risk,numeric__engagement_strength,-0.644968,Reduces Risk,numeric__engagement_strength,-2.213316,Reduces Risk,numeric__attendance_overall_attendance_current,-1.878652,Reduces Risk,numeric__attendance_subject_attendance_avg_3m,1.048705,Increases Risk,numeric__attendance_overall_attendance_avg_3m,1.013133,Increases Risk,numeric__attendance_subject_attendance_current,-1.010941,Reduces Risk
S2437,numeric__lms_assignment_completion_pct_avg_3m,-1.075476,Reduces Risk,numeric__placement_mock_interview_score_avg_3m,0.794311,Increases Risk,numeric__skills_soft_skills_score_avg_3m,-0.751575,Reduces Risk,numeric__engagement_hackathons_attended_std_3m,0.676045,Increases Risk,numeric__feedback_satisfaction_score_avg_3m,0.656391,Increases Risk,numeric__attendance_overall_attendance_current,1.409449,Increases Risk,numeric__attendance_subject_attendance_current,1.094965,Increases Risk,numeric__low_lms_flag,0.913609,Increases Risk,numeric__attendance_overall_attendance_avg_3m,-0.886144,Reduces Risk,numeric__attendance_subject_attendance_avg_3m,-0.777854,Reduces Risk
S2438,numeric__engagement_events_attended_slope_3m,-0.88194,Reduces Risk,numeric__placement_coding_score_slope_3m,-0.816755,Reduces Risk,numeric__placement_aptitude_score_current,-0.799019,Reduces Risk,numeric__feedback_satisfaction_score_current,-0.798091,Reduces Risk,numeric__academic_warning_score,-0.668112,Reduces Risk,numeric__engagement_strength,1.335461,Increases Risk,numeric__placement_aptitude_score_current,0.779523,Increases Risk,numeric__placement_coding_score_slope_3m,0.752757,Increases Risk,numeric__feedback_satisfaction_score_current,0.678866,Increases Risk,numeric__engagement_events_attended_current,-0.630014,Reduces Risk
S2439,numeric__academic_warning_score,1.191444,Increases Risk,numeric__placement_coding_score_avg_3m,-0.865485,Reduces Risk,numeric__skills_tech_skills_score_avg_3m,0.802458,Increases Risk,numeric__skills_soft_skills_score_avg_3m,-0.743717,Reduces Risk,numeric__attendance_declining_flag,-0.74125,Reduces Risk,numeric__attendance_overall_attendance_current,2.144945,Increases Risk,numeric__engagement_strength,1.522238,Increases Risk,numeric__attendance_overall_attendance_avg_3m,-1.224579,Reduces Risk,numeric__engagement_hackathons_attended_current,-1.050022,Reduces Risk,numeric__critical_attendance_flag,-0.997756,Reduces Risk
S2440,numeric__academic_warning_score,1.855571,Increases Risk,numeric__lms_assignment_completion_pct_avg_3m,-1.350467,Reduces Risk,numeric__skills_soft_skills_score_avg_3m,-1.13399,Reduces Risk,numeric__academic_cgpa_current,-0.995149,Reduces Risk,numeric__placement_coding_score_avg_3m,-0.981561,Reduces Risk,numeric__engagement_strength,2.082572,Increases Risk,numeric__attendance_overall_attendance_current,1.052517,Increases Risk,numeric__engagement_hackathons_attended_current,-1.050022,Reduces Risk,numeric__low_lms_flag,0.913609,Increases Risk,numeric__academic_internal_marks_avg_3m,0.741605,Increases Risk
S2441,numeric__engagement_events_attended_slope_3m,1.34679,Increases Risk,numeric__placement_aptitude_score_current,1.135538,Increases Risk,numeric__academic_cgpa_current,-0.892817,Reduces Risk,numeric__skills_soft_skills_score_avg_3m,-0.864204,Reduces Risk,numeric__placement_mock_interview_score_avg_3m,0.788477,Increases Risk,numeric__placement_aptitude_score_current,-1.108937,Reduces Risk,numeric__engagement_hackathons_attended_current,-1.050022,Reduces Risk,numeric__engagement_events_attended_current,1.019238,Increases Risk,numeric__academic_internal_marks_avg_3m,0.711688,Increases Risk,numeric__attendance_overall_attendance_current,0.706401,Increases Risk
S2442,numeric__engagement_events_attended_slope_3m,-0.88194,Reduces Risk,numeric__skills_tech_skills_score_avg_3m,-0.865107,Reduces Risk,numeric__placement_coding_score_avg_3m,0.709379,Increases Risk,numeric__placement_coding_score_slope_3m,-0.695773,Reduces Risk,numeric__academic_cgpa_current,0.621704,Increases Risk,numeric__engagement_certifications_count_current,0.937282,Increases Risk,numeric__placement_coding_score_slope_3m,0.641254,Increases Risk,numeric__academic_internal_marks_avg_3m,-0.577018,Reduces Risk,numeric__feedback_satisfaction_score_slope_3m,0.570875,Increases Risk,numeric__attendance_overall_attendance_current,-0.505005,Reduces Risk
S2443,numeric__placement_coding_score_slope_3m,-0.674914,Reduces Risk,numeric__placement_mock_interview_score_current,0.60734,Increases Risk,numeric__low_interview_flag,-0.579466,Reduces Risk,numeric__engagement_events_attended_slope_3m,-0.56355,Reduces Risk,numeric__engagement_hackathons_attended_std_3m,-0.55575,Reduces Risk,numeric__engagement_strength,1.522238,Increases Risk,numeric__engagement_hackathons_attended_current,-1.050022,Reduces Risk,numeric__placement_mock_interview_score_current,0.924818,Increases Risk,numeric__attendance_overall_attendance_current,0.825378,Increases Risk,numeric__placement_coding_score_slope_3m,0.62203,Increases Risk
S2444,numeric__placement_coding_score_avg_3m,1.427793,Increases Risk,numeric__engagement_events_attended_slope_3m,1.34679,Increases Risk,numeric__academic_warning_score,1.191444,Increases Risk,numeric__skills_tech_skills_score_avg_3m,-1.129215,Reduces Risk,numeric__lms_assignment_completion_pct_avg_3m,-1.023322,Reduces Risk,numeric__attendance_overall_attendance_current,3.259005,Increases Risk,numeric__attendance_overall_attendance_avg_3m,-1.82568,Reduces Risk,numeric__attendance_subject_attendance_current,1.296032,Increases Risk,numeric__attendance_subject_attendance_avg_3m,-1.274394,Reduces Risk,numeric__critical_attendance_flag,-0.997756,Reduces Risk
S2445,numeric__lms_assignment_completion_pct_avg_3m,0.894503,Increases Risk,numeric__feedback_satisfaction_score_avg_3m,-0.75379,Reduces Risk,numeric__placement_coding_score_avg_3m,0.731339,Increases Risk,numeric__engagement_hackathons_attended_std_3m,0.676045,Increases Risk,numeric__skills_tech_skills_score_avg_3m,-0.637851,Reduces Risk,numeric__engagement_strength,-1.466205,Reduces Risk,numeric__attendance_overall_attendance_current,-1.013362,Reduces Risk,numeric__feedback_satisfaction_score_slope_3m,-0.919501,Reduces Risk,numeric__attendance_overall_attendance_avg_3m,0.826236,Increases Risk,numeric__engagement_events_attended_current,0.689387,Increases Risk
S2446,numeric__placement_aptitude_score_current,-1.391867,Reduces Risk,numeric__lms_assignment_completion_pct_avg_3m,-1.13237,Reduces Risk,numeric__skills_tech_skills_score_avg_3m,-1.049368,Reduces Risk,numeric__feedback_satisfaction_score_avg_3m,0.967603,Increases Risk,numeric__placement_coding_score_avg_3m,0.957216,Increases Risk,numeric__placement_aptitude_score_current,1.358245,Increases Risk,numeric__engagement_strength,1.335461,Increases Risk,numeric__low_lms_flag,0.913609,Increases Risk,numeric__lms_assignment_completion_pct_current,-0.724832,Reduces Risk,numeric__engagement_events_attended_current,-0.630014,Reduces Risk
S2447,numeric__engagement_events_attended_slope_3m,0.71001,Increases Risk,numeric__placement_aptitude_score_current,0.597295,Increases Risk,numeric__engagement_hackathons_attended_std_3m,-0.55575,Reduces Risk,numeric__academic_warning_score,-0.535286,Reduces Risk,numeric__placement_coding_score_slope_3m,-0.487183,Reduces Risk,numeric__engagement_hackathons_attended_current,-1.050022,Reduces Risk,numeric__attendance_overall_attendance_current,-0.937649,Reduces Risk,numeric__placement_aptitude_score_current,-0.583519,Reduces Risk,numeric__placement_coding_score_slope_3m,0.449009,Increases Risk,categorical__department_IT,-0.402819,Reduces Risk
S2448,numeric__placement_aptitude_score_current,-1.446472,Reduces Risk,numeric__academic_warning_score,-0.933762,Reduces Risk,numeric__placement_aptitude_score_slope_3m,0.906447,Increases Risk,numeric__placement_aptitude_score_std_3m,-0.740409,Reduces Risk,numeric__academic_cgpa_current,0.70357,Increases Risk,numeric__placement_aptitude_score_current,1.411548,Increases Risk,numeric__placement_aptitude_score_slope_3m,-0.960233,Reduces Risk,numeric__engagement_club_participations_current,-0.547287,Reduces Risk,numeric__placement_aptitude_score_std_3m,0.535939,Increases Risk,numeric__academic_internal_marks_avg_3m,-0.494173,Reduces Risk
S2449,numeric__placement_coding_score_avg_3m,-2.691323,Reduces Risk,numeric__skills_tech_skills_score_avg_3m,2.212057,Increases Risk,numeric__placement_aptitude_score_current,2.14182,Increases Risk,numeric__academic_cgpa_current,-1.663721,Reduces Risk,numeric__academic_warning_score,1.58992,Increases Risk,numeric__placement_aptitude_score_current,-2.091241,Reduces Risk,numeric__engagement_strength,2.082572,Increases Risk,numeric__attendance_overall_attendance_current,1.928622,Increases Risk,numeric__low_aptitude_flag,-1.905883,Reduces Risk,numeric__low_coding_flag,1.487088,Increases Risk
S2450,numeric__engagement_hackathons_attended_std_3m,1.907839,Increases Risk,numeric__academic_warning_score,0.792967,Increases Risk,numeric__academic_backlogs_slope_3m,0.781385,Increases Risk,numeric__academic_backlogs_avg_3m,-0.748902,Reduces Risk,numeric__engagement_events_attended_slope_3m,0.71001,Increases Risk,numeric__attendance_overall_attendance_current,1.32292,Increases Risk,numeric__attendance_overall_attendance_avg_3m,-1.065464,Reduces Risk,numeric__engagement_hackathons_attended_current,-1.050022,Reduces Risk,numeric__engagement_hackathons_attended_std_3m,0.717619,Increases Risk,numeric__engagement_events_attended_current,0.689387,Increases Risk
S2451,numeric__academic_warning_score,1.58992,Increases Risk,numeric__lms_assignment_completion_pct_avg_3m,-0.971169,Reduces Risk,numeric__attendance_overall_attendance_std_3m,0.805152,Increases Risk,numeric__attendance_declining_flag,-0.74125,Reduces Risk,numeric__feedback_faculty_rating_avg_3m,-0.653642,Reduces Risk,numeric__attendance_overall_attendance_current,1.831277,Increases Risk,numeric__attendance_subject_attendance_current,1.0738,Increases Risk,numeric__attendance_overall_attendance_avg_3m,-1.040208,Reduces Risk,numeric__critical_attendance_flag,-0.997756,Reduces Risk,numeric__attendance_subject_attendance_avg_3m,-0.929574,Reduces Risk
S2452,numeric__placement_coding_score_avg_3m,-1.474098,Reduces Risk,numeric__academic_warning_score,-0.933762,Reduces Risk,numeric__skills_tech_skills_score_avg_3m,0.667333,Increases Risk,numeric__engagement_events_attended_slope_3m,-0.56355,Reduces Risk,numeric__attendance_overall_attendance_std_3m,0.551727,Increases Risk,numeric__attendance_overall_attendance_current,-0.937649,Reduces Risk,numeric__placement_coding_score_avg_3m,0.726346,Increases Risk,numeric__feedback_satisfaction_score_slope_3m,-0.562159,Reduces Risk,numeric__feedback_faculty_rating_current,0.438882,Increases Risk,numeric__placement_aptitude_score_current,-0.423609,Reduces Risk
S2453,numeric__academic_warning_score,1.191444,Increases Risk,numeric__engagement_events_attended_slope_3m,1.0284,Increases Risk,numeric__placement_aptitude_score_current,-0.877025,Reduces Risk,numeric__placement_coding_score_slope_3m,0.74767,Increases Risk,numeric__attendance_declining_flag,-0.74125,Reduces Risk,numeric__engagement_strength,-1.652983,Reduces Risk,numeric__attendance_overall_attendance_current,1.614955,Increases Risk,numeric__low_lms_flag,0.913609,Increases Risk,numeric__engagement_hackathons_attended_current,0.859109,Increases Risk,numeric__placement_aptitude_score_current,0.855671,Increases Risk
S2454,numeric__feedback_satisfaction_score_avg_3m,0.777958,Increases Risk,numeric__placement_aptitude_score_current,-0.728813,Reduces Risk,numeric__engagement_events_attended_slope_3m,0.71001,Increases Risk,numeric__placement_coding_score_avg_3m,0.621538,Increases Risk,numeric__engagement_hackathons_attended_std_3m,-0.55575,Reduces Risk,numeric__placement_aptitude_score_current,0.71099,Increases Risk,numeric__feedback_satisfaction_score_current,0.459594,Increases Risk,numeric__engagement_club_participations_current,0.424228,Increases Risk,numeric__lms_logins_per_week_avg_3m,-0.369598,Reduces Risk,numeric__placement_mock_interview_score_current,0.338554,Increases Risk
S2455,numeric__feedback_satisfaction_score_current,0.802048,Increases Risk,numeric__skills_soft_skills_score_avg_3m,0.791179,Increases Risk,numeric__lms_assignment_completion_pct_avg_3m,0.723819,Increases Risk,numeric__feedback_satisfaction_score_avg_3m,-0.675987,Reduces Risk,numeric__academic_warning_score,-0.668112,Reduces Risk,numeric__attendance_overall_attendance_current,-1.889468,Reduces Risk,numeric__attendance_overall_attendance_avg_3m,1.10153,Increases Risk,numeric__engagement_strength,-1.09265,Reduces Risk,numeric__attendance_subject_attendance_current,-1.069144,Reduces Risk,numeric__engagement_hackathons_attended_current,0.859109,Increases Risk
S2456,numeric__engagement_events_attended_slope_3m,-1.20033,Reduces Risk,numeric__attendance_declining_flag,-0.74125,Reduces Risk,numeric__engagement_hackathons_attended_std_3m,0.676045,Increases Risk,numeric__placement_aptitude_score_current,0.456883,Increases Risk,numeric__placement_coding_score_avg_3m,-0.354125,Reduces Risk,numeric__engagement_certifications_count_current,0.937282,Increases Risk,numeric__academic_subject_score_avg_slope_3m,-0.523444,Reduces Risk,numeric__placement_aptitude_score_current,-0.446453,Reduces Risk,numeric__academic_internal_marks_slope_3m,0.407102,Increases Risk,numeric__engagement_strength,-0.345539,Reduces Risk
S2457,numeric__placement_aptitude_score_current,1.143339,Increases Risk,numeric__lms_assignment_completion_pct_avg_3m,1.110229,Increases Risk,numeric__feedback_satisfaction_score_avg_3m,-0.943435,Reduces Risk,numeric__skills_tech_skills_score_avg_3m,0.903802,Increases Risk,numeric__placement_coding_score_avg_3m,-0.865485,Reduces Risk,numeric__placement_aptitude_score_current,-1.116552,Reduces Risk,numeric__engagement_hackathons_attended_current,-1.050022,Reduces Risk,numeric__attendance_overall_attendance_current,-0.85112,Reduces Risk,numeric__attendance_overall_attendance_avg_3m,0.770672,Increases Risk,numeric__engagement_certifications_count_current,-0.697512,Reduces Risk
S2458,numeric__academic_warning_score,-0.668112,Reduces Risk,numeric__placement_aptitude_score_slope_3m,-0.649047,Reduces Risk,numeric__academic_cgpa_current,0.553482,Increases Risk,numeric__placement_coding_score_avg_3m,0.521148,Increases Risk,numeric__feedback_faculty_rating_current,0.439436,Increases Risk,numeric__engagement_hackathons_attended_current,0.859109,Increases Risk,numeric__placement_aptitude_score_slope_3m,0.68756,Increases Risk,numeric__feedback_faculty_rating_current,0.54412,Increases Risk,numeric__engagement_strength,-0.532317,Reduces Risk,numeric__academic_internal_marks_avg_3m,-0.464257,Reduces Risk
S2459,numeric__placement_aptitude_score_current,-1.337263,Reduces Risk,numeric__academic_cgpa_current,0.853657,Increases Risk,numeric__attendance_declining_flag,-0.74125,Reduces Risk,numeric__lms_assignment_completion_pct_avg_3m,0.738043,Increases Risk,numeric__skills_soft_skills_score_avg_3m,0.725697,Increases Risk,numeric__attendance_overall_attendance_current,-1.446007,Reduces Risk,numeric__placement_aptitude_score_current,1.304941,Increases Risk,numeric__attendance_overall_attendance_avg_3m,1.124261,Increases Risk,numeric__placement_mock_interview_score_current,-0.833976,Reduces Risk,numeric__attendance_subject_attendance_avg_3m,0.822109,Increases Risk
S2460,numeric__academic_warning_score,-0.933762,Reduces Risk,numeric__skills_tech_skills_score_avg_3m,-0.622496,Reduces Risk,numeric__lms_assignment_completion_pct_avg_3m,0.548394,Increases Risk,numeric__placement_coding_score_avg_3m,0.527423,Increases Risk,numeric__placement_aptitude_score_slope_3m,0.408046,Increases Risk,numeric__engagement_strength,0.775128,Increases Risk,numeric__feedback_satisfaction_score_slope_3m,0.684178,Increases Risk,numeric__skills_soft_skills_score_std_3m,-0.442212,Reduces Risk,numeric__placement_aptitude_score_slope_3m,-0.432258,Reduces Risk,numeric__attendance_overall_attendance_avg_3m,0.422135,Increases Risk
S2461,numeric__academic_warning_score,-0.933762,Reduces Risk,numeric__attendance_overall_attendance_std_3m,0.64904,Increases Risk,numeric__lms_assignment_completion_pct_avg_3m,-0.617948,Reduces Risk,numeric__placement_aptitude_score_current,-0.557199,Reduces Risk,numeric__placement_coding_score_avg_3m,0.546246,Increases Risk,numeric__placement_mock_interview_score_current,0.674375,Increases Risk,numeric__placement_aptitude_score_current,0.543465,Increases Risk,numeric__skills_soft_skills_score_std_3m,-0.463804,Reduces Risk,numeric__placement_coding_score_slope_3m,-0.45839,Reduces Risk,numeric__attendance_overall_attendance_std_3m,-0.450141,Reduces Risk
S2462,numeric__placement_aptitude_score_current,1.244747,Increases Risk,numeric__lms_logins_per_week_slope_3m,1.01586,Increases Risk,numeric__skills_tech_skills_score_avg_3m,0.86695,Increases Risk,numeric__placement_coding_score_avg_3m,-0.758821,Reduces Risk,numeric__feedback_satisfaction_score_avg_3m,-0.656536,Reduces Risk,numeric__attendance_overall_attendance_current,-2.170687,Reduces Risk,numeric__engagement_strength,1.522238,Increases Risk,numeric__attendance_overall_attendance_avg_3m,1.384401,Increases Risk,numeric__placement_aptitude_score_current,-1.215544,Reduces Risk,numeric__attendance_subject_attendance_avg_3m,1.064468,Increases Risk
S2463,numeric__placement_coding_score_slope_3m,-0.516386,Reduces Risk,numeric__cgpa_declining_flag,0.487485,Increases Risk,numeric__skills_soft_skills_score_avg_3m,-0.424166,Reduces Risk,numeric__low_attendance_flag,-0.422933,Reduces Risk,numeric__placement_mock_interview_score_avg_3m,0.422901,Increases Risk,numeric__engagement_strength,-1.09265,Reduces Risk,numeric__engagement_certifications_count_current,0.937282,Increases Risk,numeric__engagement_hackathons_attended_current,0.859109,Increases Risk,numeric__attendance_overall_attendance_avg_3m,-0.729555,Reduces Risk,numeric__attendance_overall_attendance_current,0.728033,Increases Risk
S2464,numeric__feedback_satisfaction_score_avg_3m,1.205875,Increases Risk,numeric__feedback_satisfaction_score_current,-1.038972,Reduces Risk,numeric__skills_soft_skills_score_avg_3m,-0.908732,Reduces Risk,numeric__lms_assignment_completion_pct_avg_3m,-0.890568,Reduces Risk,numeric__placement_mock_interview_score_avg_3m,0.802089,Increases Risk,numeric__low_lms_flag,0.913609,Increases Risk,numeric__placement_mock_interview_score_current,0.902051,Increases Risk,numeric__feedback_satisfaction_score_current,0.883519,Increases Risk,numeric__engagement_hackathons_attended_current,0.859109,Increases Risk,numeric__placement_mock_interview_score_avg_3m,0.661293,Increases Risk
S2465,numeric__placement_coding_score_avg_3m,1.393284,Increases Risk,numeric__lms_assignment_completion_pct_avg_3m,1.176606,Increases Risk,numeric__skills_soft_skills_score_avg_3m,1.168355,Increases Risk,numeric__placement_mock_interview_score_avg_3m,-1.095794,Reduces Risk,numeric__skills_tech_skills_score_avg_3m,-1.077008,Reduces Risk,numeric__attendance_overall_attendance_current,-2.170687,Reduces Risk,numeric__engagement_strength,-1.839761,Reduces Risk,numeric__engagement_hackathons_attended_current,1.813675,Increases Risk,numeric__attendance_overall_attendance_avg_3m,1.341466,Increases Risk,numeric__attendance_subject_attendance_avg_3m,1.12555,Increases Risk
S2466,numeric__placement_aptitude_score_current,-0.869225,Reduces Risk,numeric__academic_warning_score,0.792967,Increases Risk,numeric__lms_assignment_completion_pct_avg_3m,-0.620318,Reduces Risk,numeric__feedback_satisfaction_score_avg_3m,0.529961,Increases Risk,numeric__skills_tech_skills_score_avg_3m,-0.51501,Reduces Risk,numeric__engagement_certifications_count_current,1.482213,Increases Risk,numeric__attendance_overall_attendance_current,1.214758,Increases Risk,numeric__low_lms_flag,0.913609,Increases Risk,numeric__engagement_strength,-0.905872,Reduces Risk,numeric__placement_aptitude_score_current,0.848056,Increases Risk
S2467,numeric__academic_warning_score,1.058618,Increases Risk,numeric__attendance_declining_flag,-0.74125,Reduces Risk,numeric__placement_coding_score_avg_3m,-0.699214,Reduces Risk,numeric__engagement_hackathons_attended_std_3m,0.676045,Increases Risk,numeric__lms_logins_per_week_slope_3m,-0.641126,Reduces Risk,numeric__engagement_strength,-1.652983,Reduces Risk,numeric__low_lms_flag,0.913609,Increases Risk,numeric__engagement_hackathons_attended_current,0.859109,Increases Risk,numeric__placement_aptitude_score_current,-0.591134,Reduces Risk,numeric__academic_internal_marks_avg_3m,0.472357,Increases Risk
S2468,numeric__placement_coding_score_avg_3m,1.644258,Increases Risk,numeric__skills_tech_skills_score_avg_3m,-1.562229,Reduces Risk,numeric__skills_soft_skills_score_avg_3m,1.527195,Increases Risk,numeric__placement_mock_interview_score_avg_3m,-1.144408,Reduces Risk,numeric__lms_assignment_completion_pct_avg_3m,1.141047,Increases Risk,numeric__engagement_strength,-2.026538,Reduces Risk,numeric__attendance_overall_attendance_current,-1.954365,Reduces Risk,numeric__attendance_overall_attendance_avg_3m,1.129312,Increases Risk,numeric__engagement_events_attended_current,1.019238,Increases Risk,numeric__placement_mock_interview_score_avg_3m,-0.943523,Reduces Risk
S2469,numeric__placement_coding_score_avg_3m,0.89761,Increases Risk,numeric__skills_tech_skills_score_avg_3m,-0.8129,Reduces Risk,numeric__academic_warning_score,-0.668112,Reduces Risk,numeric__engagement_events_attended_slope_3m,-0.56355,Reduces Risk,numeric__engagement_hackathons_attended_std_3m,-0.55575,Reduces Risk,numeric__engagement_strength,0.775128,Increases Risk,numeric__placement_mock_interview_score_current,0.532078,Increases Risk,numeric__attendance_subject_attendance_current,-0.481819,Reduces Risk,numeric__skills_soft_skills_score_current,-0.476123,Reduces Risk,numeric__placement_coding_score_avg_3m,-0.442288,Reduces Risk
S2470,numeric__academic_warning_score,-0.933762,Reduces Risk,numeric__placement_aptitude_score_current,0.924921,Increases Risk,numeric__skills_tech_skills_score_avg_3m,0.682688,Increases Risk,numeric__feedback_satisfaction_score_current,-0.634636,Reduces Risk,numeric__placement_aptitude_score_slope_3m,-0.560621,Reduces Risk,numeric__placement_aptitude_score_current,-0.903339,Reduces Risk,numeric__engagement_hackathons_attended_current,0.859109,Increases Risk,numeric__placement_mock_interview_score_current,0.691451,Increases Risk,numeric__placement_aptitude_score_slope_3m,0.593887,Increases Risk,numeric__feedback_satisfaction_score_current,0.539993,Increases Risk
S2471,numeric__placement_aptitude_score_current,1.369557,Increases Risk,numeric__placement_coding_score_avg_3m,-0.994109,Reduces Risk,numeric__academic_warning_score,-0.933762,Reduces Risk,numeric__skills_tech_skills_score_avg_3m,0.673475,Increases Risk,numeric__attendance_overall_attendance_std_3m,0.640272,Increases Risk,numeric__engagement_strength,1.522238,Increases Risk,numeric__placement_aptitude_score_current,-1.33738,Reduces Risk,numeric__engagement_hackathons_attended_current,-1.050022,Reduces Risk,numeric__attendance_overall_attendance_current,-0.883569,Reduces Risk,numeric__attendance_overall_attendance_avg_3m,0.775723,Increases Risk
S2472,numeric__placement_coding_score_avg_3m,0.778397,Increases Risk,numeric__skills_tech_skills_score_avg_3m,-0.75455,Reduces Risk,numeric__attendance_declining_flag,-0.74125,Reduces Risk,numeric__engagement_events_attended_slope_3m,0.71001,Increases Risk,numeric__academic_warning_score,0.660142,Increases Risk,numeric__low_lms_flag,0.913609,Increases Risk,numeric__engagement_strength,-0.905872,Reduces Risk,numeric__engagement_events_attended_current,0.689387,Increases Risk,numeric__placement_aptitude_score_current,0.505392,Increases Risk,numeric__lms_logins_per_week_avg_3m,-0.450428,Reduces Risk
S2473,numeric__skills_tech_skills_score_avg_3m,0.848523,Increases Risk,numeric__placement_coding_score_avg_3m,-0.739998,Reduces Risk,numeric__engagement_hackathons_attended_std_3m,0.511015,Increases Risk,numeric__cgpa_declining_flag,0.487485,Increases Risk,numeric__placement_coding_score_slope_3m,0.46816,Increases Risk,numeric__engagement_hackathons_attended_current,-1.050022,Reduces Risk,numeric__skills_soft_skills_score_std_3m,0.934456,Increases Risk,numeric__placement_aptitude_score_missing,-0.83073,Reduces Risk,numeric__academic_internal_marks_avg_3m,0.778425,Increases Risk,numeric__lms_logins_per_week_std_3m,-0.590803,Reduces Risk
S2474,numeric__placement_coding_score_avg_3m,1.148584,Increases Risk,numeric__skills_tech_skills_score_avg_3m,-0.969522,Reduces Risk,numeric__placement_aptitude_score_current,-0.947231,Reduces Risk,categorical__department_CIVIL ENGINEERING,-0.580173,Reduces Risk,numeric__feedback_faculty_rating_avg_3m,-0.538817,Reduces Risk,numeric__placement_aptitude_score_current,0.924203,Increases Risk,numeric__low_lms_flag,0.913609,Increases Risk,categorical__department_CIVIL ENGINEERING,0.589631,Increases Risk,numeric__placement_coding_score_avg_3m,-0.565953,Reduces Risk,numeric__engagement_club_participations_current,-0.547287,Reduces Risk
S2475,numeric__academic_cgpa_missing,-6.777757,Reduces Risk,numeric__academic_backlogs_avg_3m,-0.955781,Reduces Risk,numeric__skills_tech_skills_score_avg_3m,-0.852823,Reduces Risk,numeric__attendance_declining_flag,-0.74125,Reduces Risk,numeric__engagement_strength,-0.699395,Reduces Risk,numeric__engagement_strength,-2.400094,Reduces Risk,numeric__engagement_hackathons_attended_current,1.813675,Increases Risk,numeric__academic_cgpa_missing,-1.51499,Reduces Risk,numeric__academic_subject_score_avg_slope_3m,0.637787,Increases Risk,numeric__academic_internal_marks_slope_3m,-0.525948,Reduces Risk
S2476,numeric__lms_assignment_completion_pct_avg_3m,1.060446,Increases Risk,numeric__skills_soft_skills_score_avg_3m,0.689027,Increases Risk,numeric__academic_warning_score,-0.668112,Reduces Risk,numeric__feedback_satisfaction_score_avg_3m,-0.661399,Reduces Risk,numeric__placement_mock_interview_score_avg_3m,-0.61549,Reduces Risk,numeric__attendance_overall_attendance_current,-2.170687,Reduces Risk,numeric__attendance_overall_attendance_avg_3m,1.361671,Increases Risk,numeric__engagement_strength,-1.09265,Reduces Risk,numeric__engagement_hackathons_attended_current,0.859109,Increases Risk,numeric__attendance_subject_attendance_current,-0.719924,Reduces Risk
S2477,numeric__attendance_overall_attendance_std_3m,1.386877,Increases Risk,numeric__academic_warning_score,1.191444,Increases Risk,numeric__attendance_declining_flag,-0.74125,Reduces Risk,numeric__placement_coding_score_slope_3m,-0.666571,Reduces Risk,numeric__lms_assignment_completion_pct_avg_3m,-0.629801,Reduces Risk,numeric__attendance_overall_attendance_current,2.274738,Increases Risk,numeric__attendance_overall_attendance_avg_3m,-1.012426,Reduces Risk,numeric__critical_attendance_flag,-0.997756,Reduces Risk,numeric__attendance_overall_attendance_std_3m,-0.961856,Reduces Risk,numeric__engagement_hackathons_attended_current,0.859109,Increases Risk
S2478,numeric__academic_warning_score,-0.933762,Reduces Risk,numeric__placement_coding_score_slope_3m,-0.658227,Reduces Risk,numeric__engagement_events_attended_slope_3m,-0.56355,Reduces Risk,numeric__engagement_hackathons_attended_std_3m,-0.55575,Reduces Risk,numeric__placement_coding_score_avg_3m,-0.460789,Reduces Risk,numeric__placement_coding_score_slope_3m,0.60665,Increases Risk,numeric__attendance_overall_attendance_current,-0.591534,Reduces Risk,numeric__feedback_satisfaction_score_slope_3m,0.431425,Increases Risk,numeric__academic_warning_score,0.372987,Increases Risk,numeric__placement_aptitude_score_current,-0.347461,Reduces Risk
S2479,numeric__feedback_satisfaction_score_current,0.638593,Increases Risk,numeric__feedback_satisfaction_score_avg_3m,-0.520381,Reduces Risk,numeric__skills_soft_skills_score_avg_3m,0.508297,Increases Risk,numeric__lms_logins_per_week_slope_3m,0.506018,Increases Risk,numeric__cgpa_declining_flag,0.487485,Increases Risk,numeric__attendance_overall_attendance_current,-1.316214,Reduces Risk,numeric__attendance_overall_attendance_avg_3m,0.907056,Increases Risk,numeric__attendance_subject_attendance_avg_3m,0.87728,Increases Risk,numeric__feedback_satisfaction_score_slope_3m,0.849776,Increases Risk,numeric__engagement_strength,0.775128,Increases Risk
S2480,numeric__academic_warning_score,-0.933762,Reduces Risk,numeric__lms_assignment_completion_pct_avg_3m,0.887391,Increases Risk,numeric__feedback_satisfaction_score_avg_3m,-0.719752,Reduces Risk,numeric__feedback_faculty_rating_avg_3m,-0.665945,Reduces Risk,numeric__engagement_hackathons_attended_std_3m,-0.55575,Reduces Risk,numeric__placement_mock_interview_score_current,-0.691678,Reduces Risk,numeric__feedback_faculty_rating_current,-0.581115,Reduces Risk,numeric__skills_soft_skills_score_current,0.548478,Increases Risk,numeric__placement_aptitude_score_slope_3m,0.538534,Increases Risk,numeric__lms_logins_per_week_avg_3m,0.438708,Increases Risk
S2481,numeric__engagement_events_attended_slope_3m,1.0284,Increases Risk,numeric__cgpa_declining_flag,0.487485,Increases Risk,numeric__placement_coding_score_avg_3m,0.486639,Increases Risk,numeric__feedback_satisfaction_score_avg_3m,-0.462029,Reduces Risk,numeric__placement_mock_interview_score_current,-0.443021,Reduces Risk,numeric__engagement_strength,-0.905872,Reduces Risk,numeric__engagement_events_attended_current,0.689387,Increases Risk,numeric__placement_mock_interview_score_current,-0.674603,Reduces Risk,numeric__lms_logins_per_week_avg_3m,0.438708,Increases Risk,categorical__department_CSE,-0.416441,Reduces Risk
S2482,numeric__engagement_events_attended_slope_3m,-0.88194,Reduces Risk,numeric__placement_aptitude_score_current,0.566092,Increases Risk,numeric__academic_warning_score,-0.535286,Reduces Risk,numeric__placement_mock_interview_score_current,0.483988,Increases Risk,numeric__lms_assignment_completion_pct_avg_3m,-0.456746,Reduces Risk,numeric__engagement_strength,0.775128,Increases Risk,numeric__placement_mock_interview_score_current,0.736986,Increases Risk,numeric__placement_aptitude_score_current,-0.55306,Reduces Risk,numeric__attendance_overall_attendance_current,-0.494188,Reduces Risk,numeric__attendance_subject_attendance_current,-0.428906,Reduces Risk
S2483,numeric__skills_soft_skills_score_avg_3m,-1.092081,Reduces Risk,numeric__placement_mock_interview_score_current,0.958707,Increases Risk,numeric__academic_backlogs_avg_3m,-0.955781,Reduces Risk,numeric__placement_mock_interview_score_avg_3m,0.912929,Increases Risk,numeric__feedback_satisfaction_score_current,-0.780885,Reduces Risk,numeric__attendance_overall_attendance_current,1.614955,Increases Risk,numeric__placement_mock_interview_score_current,1.459856,Increases Risk,numeric__attendance_overall_attendance_avg_3m,-1.098297,Reduces Risk,numeric__engagement_hackathons_attended_current,0.859109,Increases Risk,numeric__skills_soft_skills_score_current,-0.766737,Reduces Risk
S2484,numeric__placement_coding_score_avg_3m,1.151721,Increases Risk,numeric__placement_aptitude_score_current,-1.134446,Reduces Risk,numeric__academic_cgpa_current,0.921879,Increases Risk,numeric__skills_tech_skills_score_avg_3m,-0.920385,Reduces Risk,numeric__skills_soft_skills_score_avg_3m,0.827849,Increases Risk,numeric__engagement_strength,-1.466205,Reduces Risk,numeric__placement_aptitude_score_current,1.106958,Increases Risk,numeric__engagement_certifications_count_current,0.937282,Increases Risk,numeric__academic_internal_marks_avg_3m,-0.936015,Reduces Risk,numeric__feedback_satisfaction_score_slope_3m,-0.658031,Reduces Risk
S2485,numeric__placement_coding_score_avg_3m,1.418381,Increases Risk,numeric__academic_cgpa_current,1.031034,Increases Risk,numeric__skills_tech_skills_score_avg_3m,-0.981806,Reduces Risk,numeric__academic_warning_score,-0.668112,Reduces Risk,numeric__engagement_hackathons_attended_std_3m,-0.55575,Reduces Risk,numeric__engagement_hackathons_attended_current,0.859109,Increases Risk,numeric__academic_internal_marks_avg_3m,-0.758818,Reduces Risk,numeric__placement_coding_score_avg_3m,-0.698892,Reduces Risk,numeric__academic_cgpa_avg_3m,-0.610542,Reduces Risk,numeric__feedback_faculty_rating_current,-0.57302,Reduces Risk
S2486,numeric__academic_cgpa_missing,-6.777757,Reduces Risk,numeric__attendance_declining_flag,-0.74125,Reduces Risk,numeric__placement_coding_score_slope_3m,0.601657,Increases Risk,numeric__placement_aptitude_score_current,0.589494,Increases Risk,categorical__department_CIVIL ENGINEERING,-0.580173,Reduces Risk,numeric__academic_cgpa_missing,-1.51499,Reduces Risk,numeric__attendance_overall_attendance_avg_3m,0.788352,Increases Risk,numeric__academic_subject_score_avg_slope_3m,0.704567,Increases Risk,numeric__academic_internal_marks_slope_3m,-0.646342,Reduces Risk,numeric__attendance_overall_attendance_current,-0.634798,Reduces Risk
S2487,numeric__lms_assignment_completion_pct_avg_3m,1.167124,Increases Risk,numeric__placement_coding_score_avg_3m,-1.034893,Reduces Risk,numeric__academic_warning_score,-0.933762,Reduces Risk,numeric__skills_soft_skills_score_avg_3m,0.916904,Increases Risk,numeric__skills_tech_skills_score_avg_3m,0.851594,Increases Risk,numeric__engagement_strength,-1.09265,Reduces Risk,numeric__engagement_hackathons_attended_current,0.859109,Increases Risk,numeric__placement_mock_interview_score_current,-0.805516,Reduces Risk,numeric__lms_logins_per_week_avg_3m,0.600369,Increases Risk,numeric__placement_mock_interview_score_avg_3m,-0.573181,Reduces Risk
S2488,numeric__skills_tech_skills_score_avg_3m,1.413592,Increases Risk,numeric__placement_coding_score_avg_3m,-1.176066,Reduces Risk,numeric__engagement_events_attended_slope_3m,0.71001,Increases Risk,numeric__skills_soft_skills_score_avg_3m,-0.707048,Reduces Risk,numeric__feedback_satisfaction_score_current,-0.591621,Reduces Risk,numeric__engagement_hackathons_attended_current,-1.050022,Reduces Risk,numeric__engagement_strength,-0.719094,Reduces Risk,numeric__engagement_events_attended_current,0.689387,Increases Risk,numeric__skills_tech_skills_score_avg_3m,-0.63685,Reduces Risk,numeric__placement_mock_interview_score_current,0.583305,Increases Risk
S2489,numeric__academic_warning_score,-0.933762,Reduces Risk,numeric__lms_assignment_completion_pct_avg_3m,0.847091,Increases Risk,numeric__lms_logins_per_week_slope_3m,0.760939,Increases Risk,numeric__engagement_events_attended_slope_3m,0.71001,Increases Risk,numeric__skills_tech_skills_score_avg_3m,0.661191,Increases Risk,numeric__engagement_strength,-1.652983,Reduces Risk,numeric__engagement_hackathons_attended_current,0.859109,Increases Risk,numeric__feedback_faculty_rating_current,0.786976,Increases Risk,numeric__engagement_events_attended_current,0.689387,Increases Risk,numeric__feedback_faculty_rating_slope_3m,0.526672,Increases Risk
S2490,numeric__academic_warning_score,1.058618,Increases Risk,numeric__academic_backlogs_avg_3m,-0.955781,Reduces Risk,numeric__skills_soft_skills_score_avg_3m,-0.853727,Reduces Risk,numeric__attendance_declining_flag,-0.74125,Reduces Risk,numeric__placement_aptitude_score_slope_3m,-0.588757,Reduces Risk,numeric__low_lms_flag,0.913609,Increases Risk,numeric__placement_aptitude_score_missing,-0.83073,Reduces Risk,numeric__attendance_subject_attendance_avg_3m,0.634921,Increases Risk,numeric__placement_aptitude_score_slope_3m,0.623692,Increases Risk,numeric__attendance_overall_attendance_avg_3m,0.593878,Increases Risk
S2491,numeric__lms_assignment_completion_pct_avg_3m,0.861315,Increases Risk,numeric__attendance_declining_flag,-0.74125,Reduces Risk,numeric__engagement_events_attended_slope_3m,0.71001,Increases Risk,numeric__engagement_strength,-0.699395,Reduces Risk,numeric__engagement_hackathons_attended_current,0.677675,Increases Risk,numeric__engagement_strength,-2.400094,Reduces Risk,numeric__engagement_hackathons_attended_current,1.813675,Increases Risk,numeric__attendance_overall_attendance_current,-1.738042,Reduces Risk,numeric__attendance_overall_attendance_avg_3m,1.25812,Increases Risk,numeric__attendance_subject_attendance_avg_3m,1.036882,Increases Risk
S2492,numeric__engagement_hackathons_attended_std_3m,0.676045,Increases Risk,numeric__cgpa_declining_flag,0.487485,Increases Risk,numeric__skills_soft_skills_score_avg_3m,-0.471313,Reduces Risk,numeric__placement_aptitude_score_current,-0.432389,Reduces Risk,numeric__lms_assignment_completion_pct_avg_3m,0.432234,Increases Risk,numeric__placement_aptitude_score_current,0.421629,Increases Risk,numeric__engagement_events_attended_current,0.359537,Increases Risk,numeric__engagement_strength,-0.345539,Reduces Risk,categorical__department_CIVIL,0.303825,Increases Risk,numeric__cgpa_declining_flag,0.282784,Increases Risk
S2493,numeric__academic_warning_score,-0.933762,Reduces Risk,numeric__placement_aptitude_score_current,0.612896,Increases Risk,numeric__engagement_hackathons_attended_std_3m,-0.55575,Reduces Risk,numeric__placement_aptitude_score_slope_3m,-0.488273,Reduces Risk,numeric__attendance_overall_attendance_std_3m,0.413418,Increases Risk,numeric__placement_aptitude_score_current,-0.598749,Reduces Risk,numeric__placement_aptitude_score_slope_3m,0.517245,Increases Risk,numeric__lms_logins_per_week_avg_3m,0.438708,Increases Risk,numeric__feedback_satisfaction_score_slope_3m,-0.387846,Reduces Risk,numeric__academic_warning_score,0.372987,Increases Risk
S2494,numeric__academic_backlogs_avg_3m,-0.955781,Reduces Risk,numeric__attendance_declining_flag,-0.74125,Reduces Risk,numeric__feedback_faculty_rating_current,0.491719,Increases Risk,numeric__academic_cgpa_current,-0.490309,Reduces Risk,numeric__cgpa_declining_flag,0.487485,Increases Risk,numeric__engagement_certifications_count_current,0.937282,Increases Risk,numeric__engagement_strength,-0.905872,Reduces Risk,numeric__attendance_subject_attendance_current,-0.730506,Reduces Risk,numeric__attendance_overall_attendance_avg_3m,0.660807,Increases Risk,numeric__feedback_faculty_rating_current,0.608882,Increases Risk
S2495,numeric__academic_warning_score,1.855571,Increases Risk,numeric__placement_aptitude_score_current,1.353956,Increases Risk,numeric__academic_cgpa_current,-1.288502,Reduces Risk,numeric__placement_coding_score_avg_3m,-1.232535,Reduces Risk,numeric__lms_assignment_completion_pct_avg_3m,-1.103923,Reduces Risk,numeric__attendance_overall_attendance_current,1.57169,Increases Risk,numeric__placement_aptitude_score_current,-1.322151,Reduces Risk,numeric__academic_internal_marks_avg_3m,0.983237,Increases Risk,numeric__low_lms_flag,0.913609,Increases Risk,numeric__attendance_overall_attendance_avg_3m,-0.855837,Reduces Risk
S2496,numeric__placement_aptitude_score_current,-1.235855,Reduces Risk,numeric__feedback_satisfaction_score_avg_3m,0.821722,Increases Risk,numeric__academic_warning_score,0.792967,Increases Risk,numeric__attendance_declining_flag,-0.74125,Reduces Risk,numeric__academic_cgpa_current,0.730858,Increases Risk,numeric__placement_aptitude_score_current,1.20595,Increases Risk,numeric__attendance_overall_attendance_current,1.149862,Increases Risk,numeric__academic_internal_marks_avg_3m,-0.77953,Reduces Risk,numeric__attendance_subject_attendance_avg_3m,-0.734505,Reduces Risk,numeric__attendance_overall_attendance_avg_3m,-0.656311,Reduces Risk
S2497,numeric__placement_coding_score_avg_3m,-3.193272,Reduces Risk,numeric__skills_tech_skills_score_avg_3m,2.933748,Increases Risk,numeric__placement_aptitude_score_current,2.516251,Increases Risk,numeric__academic_cgpa_current,-2.345937,Reduces Risk,numeric__academic_warning_score,2.254047,Increases Risk,numeric__attendance_overall_attendance_current,3.615937,Increases Risk,numeric__placement_aptitude_score_current,-2.45675,Reduces Risk,numeric__attendance_overall_attendance_avg_3m,-2.383846,Reduces Risk,numeric__placement_mock_interview_score_current,2.268104,Increases Risk,numeric__academic_internal_marks_avg_3m,2.237425,Increases Risk
S2498,numeric__placement_aptitude_score_current,1.369557,Increases Risk,numeric__placement_coding_score_avg_3m,-0.852936,Reduces Risk,numeric__academic_cgpa_current,-0.790484,Reduces Risk,numeric__attendance_declining_flag,-0.74125,Reduces Risk,numeric__placement_mock_interview_score_current,0.682099,Increases Risk,numeric__placement_aptitude_score_current,-1.33738,Reduces Risk,numeric__attendance_subject_attendance_current,1.047344,Increases Risk,numeric__placement_mock_interview_score_current,1.038656,Increases Risk,numeric__attendance_overall_attendance_current,0.98762,Increases Risk,numeric__academic_internal_marks_avg_3m,0.826751,Increases Risk
S2499,numeric__skills_soft_skills_score_avg_3m,-1.372344,Reduces Risk,numeric__placement_mock_interview_score_avg_3m,1.329063,Increases Risk,numeric__placement_aptitude_score_current,1.260349,Increases Risk,numeric__placement_coding_score_avg_3m,-1.031755,Reduces Risk,numeric__placement_mock_interview_score_current,0.824141,Increases Risk,numeric__engagement_strength,2.642905,Increases Risk,numeric__placement_mock_interview_score_current,1.254948,Increases Risk,numeric__placement_aptitude_score_current,-1.230774,Reduces Risk,numeric__placement_mock_interview_score_avg_3m,1.095764,Increases Risk,numeric__engagement_hackathons_attended_current,-1.050022,Reduces Risk
S2500,numeric__attendance_declining_flag,-0.74125,Reduces Risk,numeric__engagement_hackathons_attended_std_3m,0.676045,Increases Risk,numeric__academic_cgpa_current,0.635348,Increases Risk,numeric__skills_soft_skills_score_avg_3m,0.584256,Increases Risk,numeric__lms_assignment_completion_pct_avg_3m,0.543653,Increases Risk,numeric__attendance_overall_attendance_current,-1.348662,Reduces Risk,numeric__attendance_overall_attendance_avg_3m,1.035864,Increases Risk,numeric__attendance_subject_attendance_avg_3m,0.881221,Increases Risk,numeric__placement_mock_interview_score_current,-0.782749,Reduces Risk,numeric__academic_internal_marks_avg_3m,-0.682877,Reduces Risk
S2501,numeric__academic_warning_score,1.58992,Increases Risk,numeric__lms_assignment_completion_pct_avg_3m,-1.483221,Reduces Risk,numeric__skills_soft_skills_score_avg_3m,-1.257096,Reduces Risk,numeric__feedback_satisfaction_score_avg_3m,0.948152,Increases Risk,numeric__placement_coding_score_avg_3m,-0.821564,Reduces Risk,numeric__attendance_overall_attendance_current,2.10168,Increases Risk,numeric__engagement_strength,1.522238,Increases Risk,numeric__attendance_overall_attendance_avg_3m,-1.222054,Reduces Risk,numeric__attendance_subject_attendance_current,1.11613,Increases Risk,numeric__engagement_hackathons_attended_current,-1.050022,Reduces Risk
S2502,numeric__attendance_declining_flag,-0.74125,Reduces Risk,numeric__placement_mock_interview_score_avg_3m,-0.687438,Reduces Risk,numeric__academic_warning_score,0.660142,Increases Risk,numeric__placement_aptitude_score_current,0.651899,Increases Risk,numeric__lms_logins_per_week_slope_3m,-0.641126,Reduces Risk,numeric__placement_mock_interview_score_current,-0.668911,Reduces Risk,numeric__placement_aptitude_score_current,-0.636822,Reduces Risk,numeric__placement_aptitude_score_slope_3m,0.589629,Increases Risk,numeric__placement_mock_interview_score_avg_3m,-0.566768,Reduces Risk,numeric__placement_mock_interview_score_std_3m,0.47541,Increases Risk
S2503,numeric__placement_coding_score_avg_3m,1.659944,Increases Risk,numeric__engagement_events_attended_slope_3m,-1.20033,Reduces Risk,numeric__skills_tech_skills_score_avg_3m,-1.141499,Reduces Risk,numeric__academic_warning_score,-0.933762,Reduces Risk,numeric__feedback_faculty_rating_avg_3m,-0.633138,Reduces Risk,numeric__placement_coding_score_avg_3m,-0.81792,Reduces Risk,numeric__placement_aptitude_score_current,0.596769,Increases Risk,numeric__academic_internal_marks_avg_3m,-0.517186,Reduces Risk,numeric__skills_tech_skills_score_avg_3m,0.514267,Increases Risk,numeric__attendance_overall_attendance_avg_3m,-0.441632,Reduces Risk
S2504,numeric__placement_coding_score_avg_3m,1.007411,Increases Risk,numeric__skills_tech_skills_score_avg_3m,-0.788331,Reduces Risk,numeric__academic_warning_score,-0.668112,Reduces Risk,categorical__department_INFO TECH,0.662052,Increases Risk,numeric__placement_coding_score_slope_3m,-0.620681,Reduces Risk,numeric__placement_coding_score_slope_3m,0.572046,Increases Risk,numeric__placement_coding_score_avg_3m,-0.496391,Reduces Risk,numeric__engagement_certifications_count_current,0.39235,Increases Risk,categorical__department_INFO TECH,-0.377385,Reduces Risk,numeric__skills_soft_skills_score_current,-0.375526,Reduces Risk
S2505,numeric__academic_warning_score,-0.933762,Reduces Risk,numeric__attendance_overall_attendance_std_3m,0.785743,Increases Risk,numeric__skills_tech_skills_score_avg_3m,-0.696201,Reduces Risk,numeric__lms_assignment_completion_pct_avg_3m,0.564988,Increases Risk,numeric__feedback_satisfaction_score_avg_3m,-0.556851,Reduces Risk,numeric__feedback_satisfaction_score_slope_3m,-0.997942,Reduces Risk,numeric__attendance_overall_attendance_std_3m,-0.544949,Reduces Risk,numeric__attendance_overall_attendance_slope_3m,0.492285,Increases Risk,categorical__department_CSE,-0.416441,Reduces Risk,numeric__attendance_subject_attendance_current,-0.40245,Reduces Risk
S2506,numeric__placement_coding_score_avg_3m,1.383872,Increases Risk,numeric__skills_tech_skills_score_avg_3m,-0.997161,Reduces Risk,numeric__attendance_declining_flag,-0.74125,Reduces Risk,numeric__academic_warning_score,-0.535286,Reduces Risk,numeric__placement_coding_score_current,-0.451059,Reduces Risk,numeric__placement_coding_score_avg_3m,-0.681888,Reduces Risk,numeric__skills_soft_skills_score_std_3m,-0.50182,Reduces Risk,numeric__skills_tech_skills_score_avg_3m,0.44924,Increases Risk,categorical__department_IT,-0.402819,Reduces Risk,numeric__academic_internal_marks_slope_3m,0.385604,Increases Risk
S2507,numeric__academic_cgpa_current,-1.404479,Reduces Risk,numeric__placement_aptitude_score_current,0.862516,Increases Risk,numeric__placement_coding_score_avg_3m,-0.79333,Reduces Risk,numeric__skills_tech_skills_score_avg_3m,0.719541,Increases Risk,numeric__feedback_faculty_rating_avg_3m,0.63404,Increases Risk,numeric__academic_internal_marks_avg_3m,1.503323,Increases Risk,numeric__academic_cgpa_avg_3m,0.857222,Increases Risk,numeric__placement_aptitude_score_current,-0.842421,Reduces Risk,numeric__academic_cgpa_current,0.771628,Increases Risk,numeric__feedback_faculty_rating_current,0.649358,Increases Risk
S2508,numeric__placement_aptitude_score_current,-0.853623,Reduces Risk,numeric__lms_assignment_completion_pct_avg_3m,0.579212,Increases Risk,numeric__placement_mock_interview_score_avg_3m,-0.555209,Reduces Risk,numeric__academic_cgpa_current,0.553482,Increases Risk,numeric__cgpa_declining_flag,0.487485,Increases Risk,numeric__attendance_overall_attendance_current,-1.997629,Reduces Risk,numeric__attendance_overall_attendance_avg_3m,1.268222,Increases Risk,numeric__attendance_subject_attendance_current,-0.899825,Reduces Risk,numeric__engagement_hackathons_attended_current,0.859109,Increases Risk,numeric__placement_aptitude_score_current,0.832826,Increases Risk
S2509,numeric__placement_coding_score_avg_3m,-2.503092,Reduces Risk,numeric__skills_tech_skills_score_avg_3m,1.772901,Increases Risk,numeric__lms_assignment_completion_pct_avg_3m,1.354402,Increases Risk,numeric__placement_aptitude_score_current,1.338355,Increases Risk,numeric__placement_coding_score_current,1.009109,Increases Risk,numeric__attendance_overall_attendance_current,-1.52172,Reduces Risk,numeric__low_coding_flag,1.487088,Increases Risk,numeric__placement_aptitude_score_current,-1.306921,Reduces Risk,numeric__placement_coding_score_avg_3m,1.233372,Increases Risk,numeric__engagement_hackathons_attended_current,-1.050022,Reduces Risk
S2510,numeric__academic_warning_score,0.792967,Increases Risk,numeric__attendance_declining_flag,-0.74125,Reduces Risk,numeric__engagement_hackathons_attended_std_3m,-0.55575,Reduces Risk,numeric__cgpa_declining_flag,0.487485,Increases Risk,numeric__placement_coding_score_slope_3m,-0.483011,Reduces Risk,numeric__engagement_strength,-1.466205,Reduces Risk,numeric__engagement_events_attended_current,1.019238,Increases Risk,numeric__attendance_overall_attendance_current,0.663136,Increases Risk,numeric__low_attendance_flag,-0.491842,Reduces Risk,numeric__placement_coding_score_slope_3m,0.445164,Increases Risk
S2511,numeric__placement_coding_score_slope_3m,0.806076,Increases Risk,numeric__placement_mock_interview_score_avg_3m,-0.794389,Reduces Risk,numeric__lms_assignment_completion_pct_avg_3m,0.759378,Increases Risk,numeric__attendance_declining_flag,-0.74125,Reduces Risk,numeric__academic_cgpa_current,0.689925,Increases Risk,numeric__attendance_overall_attendance_current,-1.153972,Reduces Risk,numeric__attendance_overall_attendance_avg_3m,0.957569,Increases Risk,numeric__attendance_subject_attendance_avg_3m,0.902895,Increases Risk,numeric__placement_coding_score_slope_3m,-0.742914,Reduces Risk,numeric__attendance_subject_attendance_current,-0.70405,Reduces Risk
S2512,numeric__placement_aptitude_score_current,-0.830222,Reduces Risk,numeric__attendance_declining_flag,-0.74125,Reduces Risk,numeric__academic_cgpa_current,0.689925,Increases Risk,numeric__academic_warning_score,0.660142,Increases Risk,numeric__lms_assignment_completion_pct_avg_3m,-0.542088,Reduces Risk,numeric__attendance_overall_attendance_current,1.279655,Increases Risk,numeric__placement_aptitude_score_current,0.809982,Increases Risk,numeric__attendance_overall_attendance_avg_3m,-0.706824,Reduces Risk,numeric__attendance_subject_attendance_current,0.523513,Increases Risk,numeric__low_attendance_flag,-0.491842,Reduces Risk
S2513,numeric__skills_tech_skills_score_avg_3m,-1.162996,Reduces Risk,numeric__skills_soft_skills_score_avg_3m,0.830468,Increases Risk,numeric__placement_aptitude_score_current,-0.744415,Reduces Risk,numeric__attendance_declining_flag,-0.74125,Reduces Risk,numeric__placement_coding_score_avg_3m,0.712516,Increases Risk,numeric__low_lms_flag,0.913609,Increases Risk,numeric__skills_soft_skills_score_std_3m,0.842182,Increases Risk,numeric__placement_mock_interview_score_current,-0.8169,Reduces Risk,numeric__placement_mock_interview_score_std_3m,-0.78495,Reduces Risk,numeric__placement_aptitude_score_current,0.72622,Increases Risk
S2514,numeric__academic_backlogs_avg_3m,-0.955781,Reduces Risk,numeric__placement_coding_score_avg_3m,-0.93764,Reduces Risk,numeric__skills_tech_skills_score_avg_3m,0.68883,Increases Risk,numeric__engagement_hackathons_attended_std_3m,-0.55575,Reduces Risk,numeric__placement_coding_score_slope_3m,0.405583,Increases Risk,numeric__attendance_overall_attendance_current,-0.948466,Reduces Risk,numeric__skills_soft_skills_score_std_3m,0.516504,Increases Risk,numeric__attendance_overall_attendance_avg_3m,0.502955,Increases Risk,numeric__attendance_subject_attendance_current,-0.481819,Reduces Risk,numeric__placement_coding_score_avg_3m,0.462012,Increases Risk
S2515,numeric__placement_coding_score_avg_3m,1.732099,Increases Risk,numeric__skills_tech_skills_score_avg_3m,-1.424033,Reduces Risk,numeric__academic_cgpa_current,0.853657,Increases Risk,numeric__placement_aptitude_score_current,-0.760016,Reduces Risk,numeric__skills_soft_skills_score_avg_3m,0.552825,Increases Risk,numeric__engagement_hackathons_attended_current,0.859109,Increases Risk,numeric__placement_coding_score_avg_3m,-0.853474,Reduces Risk,numeric__placement_aptitude_score_current,0.741449,Increases Risk,numeric__academic_internal_marks_avg_3m,-0.726601,Reduces Risk,numeric__skills_soft_skills_score_std_3m,0.655993,Increases Risk
S2516,numeric__academic_warning_score,-0.668112,Reduces Risk,numeric__engagement_club_participations_avg_3m,0.539738,Increases Risk,numeric__lms_logins_per_week_slope_3m,-0.513666,Reduces Risk,numeric__academic_cgpa_current,0.430683,Increases Risk,categorical__department_ECE,0.346156,Increases Risk,numeric__engagement_strength,-1.09265,Reduces Risk,numeric__attendance_overall_attendance_current,-1.002546,Reduces Risk,numeric__engagement_hackathons_attended_current,0.859109,Increases Risk,numeric__attendance_overall_attendance_avg_3m,0.740365,Increases Risk,numeric__attendance_subject_attendance_avg_3m,0.686152,Increases Risk
S2517,numeric__academic_warning_score,-0.933762,Reduces Risk,numeric__lms_logins_per_week_slope_3m,0.760939,Increases Risk,numeric__lms_assignment_completion_pct_avg_3m,0.754637,Increases Risk,numeric__skills_tech_skills_score_avg_3m,-0.613283,Reduces Risk,numeric__skills_soft_skills_score_avg_3m,0.526632,Increases Risk,numeric__attendance_overall_attendance_current,-1.683962,Reduces Risk,numeric__attendance_overall_attendance_avg_3m,1.10153,Increases Risk,numeric__attendance_subject_attendance_current,-1.069144,Reduces Risk,numeric__attendance_subject_attendance_avg_3m,1.042794,Increases Risk,numeric__skills_soft_skills_score_std_3m,0.677478,Increases Risk
S2518,numeric__placement_coding_score_avg_3m,1.496811,Increases Risk,numeric__skills_tech_skills_score_avg_3m,-1.11386,Reduces Risk,numeric__academic_cgpa_current,0.805902,Increases Risk,numeric__placement_aptitude_score_slope_3m,-0.773648,Reduces Risk,numeric__feedback_faculty_rating_avg_3m,-0.739761,Reduces Risk,numeric__attendance_overall_attendance_current,-0.99173,Reduces Risk,numeric__engagement_certifications_count_current,0.937282,Increases Risk,numeric__placement_aptitude_score_slope_3m,0.819553,Increases Risk,numeric__placement_coding_score_avg_3m,-0.737538,Reduces Risk,numeric__attendance_overall_attendance_avg_3m,0.561044,Increases Risk
S2519,numeric__feedback_satisfaction_score_avg_3m,-0.93371,Reduces Risk,numeric__skills_soft_skills_score_avg_3m,0.877615,Increases Risk,numeric__attendance_declining_flag,-0.74125,Reduces Risk,numeric__placement_coding_score_slope_3m,-0.666571,Reduces Risk,numeric__lms_logins_per_week_slope_3m,-0.641126,Reduces Risk,numeric__placement_coding_score_slope_3m,0.61434,Increases Risk,numeric__feedback_faculty_rating_current,0.479358,Increases Risk,numeric__placement_mock_interview_score_std_3m,-0.475521,Reduces Risk,numeric__academic_internal_marks_slope_3m,-0.418454,Reduces Risk,numeric__feedback_satisfaction_score_current,-0.417494,Reduces Risk
S2520,numeric__lms_assignment_completion_pct_avg_3m,1.325955,Increases Risk,numeric__feedback_satisfaction_score_avg_3m,-1.283824,Reduces Risk,numeric__placement_coding_score_avg_3m,1.08584,Increases Risk,numeric__placement_mock_interview_score_avg_3m,-0.990789,Reduces Risk,numeric__academic_warning_score,-0.933762,Reduces Risk,numeric__attendance_overall_attendance_current,-1.38111,Reduces Risk,numeric__attendance_overall_attendance_avg_3m,1.124261,Increases Risk,numeric__engagement_strength,-0.905872,Reduces Risk,numeric__attendance_subject_attendance_current,-0.862787,Reduces Risk,numeric__placement_mock_interview_score_avg_3m,-0.816869,Reduces Risk
S2521,numeric__academic_warning_score,1.58992,Increases Risk,numeric__lms_assignment_completion_pct_avg_3m,-1.376544,Reduces Risk,numeric__placement_coding_score_avg_3m,1.195642,Increases Risk,numeric__skills_tech_skills_score_avg_3m,-1.095434,Reduces Risk,numeric__feedback_satisfaction_score_avg_3m,0.982191,Increases Risk,numeric__attendance_overall_attendance_current,2.610038,Increases Risk,numeric__attendance_overall_attendance_avg_3m,-2.005,Reduces Risk,numeric__attendance_subject_attendance_current,1.296032,Increases Risk,numeric__attendance_subject_attendance_avg_3m,-1.248779,Reduces Risk,numeric__critical_attendance_flag,-0.997756,Reduces Risk
S2522,numeric__academic_warning_score,1.58992,Increases Risk,numeric__placement_coding_score_avg_3m,1.242699,Increases Risk,numeric__skills_tech_skills_score_avg_3m,-1.040155,Reduces Risk,numeric__lms_assignment_completion_pct_avg_3m,-0.933239,Reduces Risk,numeric__placement_aptitude_score_current,-0.767816,Reduces Risk,numeric__attendance_overall_attendance_current,1.020068,Increases Risk,numeric__low_lms_flag,0.913609,Increases Risk,numeric__placement_aptitude_score_current,0.749064,Increases Risk,numeric__attendance_subject_attendance_current,0.740454,Increases Risk,numeric__academic_warning_score,-0.635087,Reduces Risk
S2523,numeric__feedback_faculty_rating_current,-0.488582,Reduces Risk,numeric__cgpa_declining_flag,0.487485,Increases Risk,numeric__feedback_satisfaction_score_avg_3m,-0.379363,Reduces Risk,numeric__attendance_overall_attendance_std_3m,-0.367447,Reduces Risk,numeric__feedback_faculty_rating_avg_3m,-0.354277,Reduces Risk,numeric__attendance_overall_attendance_current,-0.99173,Reduces Risk,numeric__engagement_hackathons_attended_current,0.859109,Increases Risk,numeric__feedback_satisfaction_score_slope_3m,-0.858491,Reduces Risk,numeric__attendance_overall_attendance_avg_3m,0.611557,Increases Risk,numeric__feedback_faculty_rating_current,-0.605401,Reduces Risk
S2524,numeric__academic_warning_score,-0.933762,Reduces Risk,numeric__placement_coding_score_avg_3m,-0.739998,Reduces Risk,numeric__placement_coding_score_slope_3m,-0.649883,Reduces Risk,numeric__feedback_faculty_rating_avg_3m,0.646343,Increases Risk,numeric__engagement_events_attended_slope_3m,-0.56355,Reduces Risk,numeric__attendance_overall_attendance_current,-1.662329,Reduces Risk,numeric__engagement_hackathons_attended_current,-1.050022,Reduces Risk,numeric__attendance_subject_attendance_current,-0.973902,Reduces Risk,numeric__attendance_overall_attendance_avg_3m,0.886851,Increases Risk,numeric__attendance_subject_attendance_avg_3m,0.759056,Increases Risk
S2525,numeric__feedback_satisfaction_score_avg_3m,-1.13308,Reduces Risk,numeric__academic_warning_score,0.925793,Increases Risk,numeric__academic_backlogs_slope_3m,0.781385,Increases Risk,numeric__academic_backlogs_avg_3m,-0.748902,Reduces Risk,numeric__attendance_declining_flag,-0.74125,Reduces Risk,numeric__attendance_overall_attendance_current,0.771297,Increases Risk,numeric__low_attendance_flag,-0.491842,Reduces Risk,numeric__attendance_subject_attendance_current,0.491766,Increases Risk,numeric__feedback_satisfaction_score_slope_3m,-0.44014,Reduces Risk,numeric__placement_aptitude_score_slope_3m,0.423572,Increases Risk
S2526,numeric__engagement_hackathons_attended_std_3m,1.073761,Increases Risk,numeric__engagement_hackathons_attended_current,1.034347,Increases Risk,numeric__placement_aptitude_score_current,-0.916029,Reduces Risk,numeric__feedback_satisfaction_score_avg_3m,0.8898,Increases Risk,numeric__feedback_satisfaction_score_current,-0.875517,Reduces Risk,numeric__engagement_hackathons_attended_current,2.76824,Increases Risk,numeric__engagement_strength,-2.026538,Reduces Risk,numeric__attendance_overall_attendance_current,1.106597,Increases Risk,numeric__placement_aptitude_score_current,0.893744,Increases Risk,numeric__attendance_overall_attendance_avg_3m,-0.863413,Reduces Risk
S2527,numeric__lms_assignment_completion_pct_avg_3m,0.780714,Increases Risk,numeric__attendance_declining_flag,-0.74125,Reduces Risk,numeric__skills_tech_skills_score_avg_3m,0.612055,Increases Risk,numeric__engagement_hackathons_attended_std_3m,-0.55575,Reduces Risk,numeric__placement_coding_score_avg_3m,-0.554904,Reduces Risk,numeric__attendance_overall_attendance_current,-1.316214,Reduces Risk,numeric__attendance_overall_attendance_avg_3m,0.927262,Increases Risk,numeric__engagement_strength,0.775128,Increases Risk,numeric__attendance_subject_attendance_avg_3m,0.739352,Increases Risk,numeric__attendance_subject_attendance_current,-0.635264,Reduces Risk
S2528,numeric__placement_aptitude_score_current,1.174542,Increases Risk,numeric__placement_coding_score_avg_3m,-0.686666,Reduces Risk,numeric__placement_mock_interview_score_avg_3m,0.660137,Increases Risk,numeric__attendance_overall_attendance_std_3m,0.624339,Increases Risk,numeric__academic_cgpa_current,-0.592641,Reduces Risk,numeric__placement_aptitude_score_current,-1.147011,Reduces Risk,numeric__engagement_hackathons_attended_current,-1.050022,Reduces Risk,numeric__engagement_strength,0.961905,Increases Risk,numeric__placement_mock_interview_score_current,0.81098,Increases Risk,numeric__placement_mock_interview_score_avg_3m,0.544259,Increases Risk
S2529,numeric__placement_coding_score_avg_3m,1.619161,Increases Risk,numeric__skills_soft_skills_score_avg_3m,1.43814,Increases Risk,numeric__skills_tech_skills_score_avg_3m,-1.347257,Reduces Risk,numeric__placement_mock_interview_score_avg_3m,-1.206634,Reduces Risk,numeric__lms_assignment_completion_pct_avg_3m,1.174235,Increases Risk,numeric__engagement_strength,-1.839761,Reduces Risk,numeric__engagement_hackathons_attended_current,1.813675,Increases Risk,numeric__attendance_overall_attendance_current,-1.164788,Reduces Risk,numeric__placement_mock_interview_score_current,-1.078727,Reduces Risk,numeric__placement_mock_interview_score_avg_3m,-0.994826,Reduces Risk
S2530,numeric__academic_warning_score,1.988396,Increases Risk,numeric__attendance_overall_attendance_std_3m,1.825351,Increases Risk,numeric__academic_cgpa_std_3m,-1.117686,Reduces Risk,numeric__engagement_events_attended_slope_3m,1.0284,Increases Risk,numeric__lms_logins_per_week_slope_3m,-0.896047,Reduces Risk,numeric__attendance_overall_attendance_current,2.058416,Increases Risk,numeric__engagement_strength,-1.652983,Reduces Risk,numeric__attendance_overall_attendance_std_3m,-1.265953,Reduces Risk,numeric__attendance_overall_attendance_slope_3m,-1.182565,Reduces Risk,numeric__attendance_subject_attendance_current,1.121421,Increases Risk
S2531,numeric__academic_warning_score,-0.933762,Reduces Risk,numeric__placement_coding_score_slope_3m,0.643375,Increases Risk,numeric__academic_cgpa_current,0.594415,Increases Risk,numeric__placement_coding_score_avg_3m,-0.482749,Reduces Risk,numeric__attendance_declining_flag,0.333026,Increases Risk,numeric__engagement_hackathons_attended_current,0.859109,Increases Risk,numeric__attendance_overall_attendance_current,-0.732143,Reduces Risk,numeric__academic_internal_marks_avg_3m,-0.685178,Reduces Risk,numeric__placement_coding_score_slope_3m,-0.592962,Reduces Risk,numeric__attendance_subject_attendance_avg_3m,0.591572,Increases Risk
S2532,numeric__academic_backlogs_avg_3m,-0.955781,Reduces Risk,numeric__attendance_declining_flag,-0.74125,Reduces Risk,numeric__feedback_satisfaction_score_missing,-0.713384,Reduces Risk,numeric__engagement_events_attended_slope_3m,0.71001,Increases Risk,numeric__attendance_overall_attendance_std_3m,0.567467,Increases Risk,numeric__feedback_satisfaction_score_slope_3m,-1.189686,Reduces Risk,numeric__engagement_hackathons_attended_current,-1.050022,Reduces Risk,numeric__attendance_overall_attendance_avg_3m,-0.725766,Reduces Risk,numeric__engagement_strength,-0.719094,Reduces Risk,numeric__engagement_events_attended_current,0.689387,Increases Risk
S2533,numeric__academic_warning_score,1.988396,Increases Risk,numeric__lms_assignment_completion_pct_avg_3m,-1.668129,Reduces Risk,numeric__skills_soft_skills_score_avg_3m,-0.995168,Reduces Risk,numeric__academic_backlogs_avg_3m,-0.955781,Reduces Risk,numeric__placement_aptitude_score_current,0.854716,Increases Risk,numeric__attendance_overall_attendance_current,2.923705,Increases Risk,numeric__attendance_overall_attendance_avg_3m,-1.535232,Reduces Risk,numeric__attendance_subject_attendance_current,1.153169,Increases Risk,numeric__attendance_subject_attendance_avg_3m,-1.05765,Reduces Risk,numeric__critical_attendance_flag,-0.997756,Reduces Risk
S2534,numeric__placement_coding_score_avg_3m,1.104663,Increases Risk,numeric__skills_tech_skills_score_avg_3m,-1.101576,Reduces Risk,numeric__attendance_declining_flag,-0.74125,Reduces Risk,numeric__academic_cgpa_current,0.648992,Increases Risk,numeric__placement_coding_score_current,-0.515956,Reduces Risk,numeric__attendance_overall_attendance_current,0.706401,Increases Risk,numeric__academic_internal_marks_avg_3m,-0.678274,Reduces Risk,numeric__placement_coding_score_avg_3m,-0.544311,Reduces Risk,numeric__skills_tech_skills_score_avg_3m,0.496281,Increases Risk,numeric__low_attendance_flag,-0.491842,Reduces Risk
S2535,numeric__placement_coding_score_avg_3m,-2.377605,Reduces Risk,numeric__skills_tech_skills_score_avg_3m,1.966376,Increases Risk,numeric__placement_aptitude_score_current,1.221345,Increases Risk,numeric__feedback_satisfaction_score_avg_3m,-1.011513,Reduces Risk,numeric__placement_coding_score_current,0.784922,Increases Risk,numeric__low_coding_flag,1.487088,Increases Risk,numeric__placement_aptitude_score_current,-1.1927,Reduces Risk,numeric__placement_coding_score_avg_3m,1.17154,Increases Risk,numeric__academic_internal_marks_avg_3m,0.911898,Increases Risk,numeric__skills_tech_skills_score_avg_3m,-0.88589,Reduces Risk
S2536,numeric__lms_assignment_completion_pct_avg_3m,-1.457144,Reduces Risk,numeric__academic_warning_score,1.191444,Increases Risk,numeric__feedback_satisfaction_score_avg_3m,0.923839,Increases Risk,numeric__engagement_events_attended_slope_3m,-0.88194,Reduces Risk,numeric__placement_aptitude_score_current,-0.799019,Reduces Risk,numeric__attendance_overall_attendance_current,2.577589,Increases Risk,numeric__attendance_overall_attendance_avg_3m,-1.82568,Reduces Risk,numeric__attendance_subject_attendance_avg_3m,-1.280305,Reduces Risk,numeric__attendance_subject_attendance_current,1.163751,Increases Risk,numeric__critical_attendance_flag,-0.997756,Reduces Risk
S2537,numeric__placement_coding_score_avg_3m,1.302306,Increases Risk,numeric__lms_assignment_completion_pct_avg_3m,0.99881,Increases Risk,numeric__skills_soft_skills_score_avg_3m,0.927381,Increases Risk,numeric__engagement_strength,-0.862678,Reduces Risk,numeric__skills_tech_skills_score_avg_3m,-0.800616,Reduces Risk,numeric__engagement_strength,-2.960427,Reduces Risk,numeric__engagement_hackathons_attended_current,1.813675,Increases Risk,numeric__placement_mock_interview_score_current,-1.067343,Reduces Risk,numeric__engagement_events_attended_current,1.019238,Increases Risk,numeric__attendance_overall_attendance_current,-0.840304,Reduces Risk
S2538,numeric__placement_coding_score_avg_3m,-2.835633,Reduces Risk,numeric__skills_tech_skills_score_avg_3m,2.282691,Increases Risk,numeric__academic_cgpa_current,-1.343079,Reduces Risk,numeric__placement_aptitude_score_current,1.104336,Increases Risk,numeric__lms_logins_per_week_slope_3m,-1.023508,Reduces Risk,numeric__academic_internal_marks_avg_3m,1.55395,Increases Risk,numeric__low_coding_flag,1.487088,Increases Risk,numeric__placement_coding_score_avg_3m,1.397228,Increases Risk,numeric__placement_aptitude_score_current,-1.078478,Reduces Risk,numeric__engagement_hackathons_attended_current,-1.050022,Reduces Risk
S2539,numeric__academic_cgpa_current,-0.926927,Reduces Risk,numeric__academic_backlogs_slope_3m,0.781385,Increases Risk,numeric__feedback_satisfaction_score_missing,-0.713384,Reduces Risk,numeric__feedback_satisfaction_score_avg_3m,-0.637086,Reduces Risk,numeric__academic_warning_score,0.527317,Increases Risk,numeric__attendance_overall_attendance_current,0.771297,Increases Risk,numeric__academic_internal_marks_avg_3m,0.681772,Increases Risk,numeric__attendance_overall_attendance_avg_3m,-0.572965,Reduces Risk,numeric__academic_cgpa_avg_3m,0.540784,Increases Risk,numeric__attendance_subject_attendance_current,0.528805,Increases Risk
S2540,numeric__academic_cgpa_current,0.805902,Increases Risk,numeric__engagement_hackathons_attended_current,0.677675,Increases Risk,numeric__academic_warning_score,-0.668112,Reduces Risk,numeric__skills_soft_skills_score_avg_3m,0.584256,Increases Risk,numeric__placement_mock_interview_score_current,-0.555159,Reduces Risk,numeric__engagement_hackathons_attended_current,1.813675,Increases Risk,numeric__attendance_overall_attendance_current,-1.554168,Reduces Risk,numeric__engagement_strength,-1.279427,Reduces Risk,numeric__attendance_overall_attendance_avg_3m,0.934838,Increases Risk,numeric__placement_mock_interview_score_current,-0.845359,Reduces Risk
S2541,numeric__lms_assignment_completion_pct_avg_3m,1.081782,Increases Risk,numeric__academic_warning_score,-0.933762,Reduces Risk,numeric__placement_coding_score_avg_3m,-0.7149,Reduces Risk,numeric__skills_soft_skills_score_avg_3m,0.529251,Increases Risk,numeric__skills_tech_skills_score_avg_3m,0.498427,Increases Risk,numeric__attendance_overall_attendance_current,-1.272949,Reduces Risk,numeric__engagement_hackathons_attended_current,-1.050022,Reduces Risk,numeric__attendance_overall_attendance_avg_3m,0.657019,Increases Risk,numeric__placement_mock_interview_score_current,-0.6063,Reduces Risk,numeric__feedback_faculty_rating_current,0.52793,Increases Risk
S2542,numeric__academic_warning_score,0.925793,Increases Risk,numeric__lms_assignment_completion_pct_avg_3m,-0.871603,Reduces Risk,numeric__attendance_overall_attendance_avg_3m,0.712288,Increases Risk,numeric__engagement_events_attended_slope_3m,0.71001,Increases Risk,numeric__academic_cgpa_current,-0.497131,Reduces Risk,numeric__attendance_overall_attendance_current,2.469428,Increases Risk,numeric__attendance_overall_attendance_avg_3m,-1.957013,Reduces Risk,numeric__engagement_strength,-1.652983,Reduces Risk,numeric__attendance_subject_attendance_avg_3m,-1.382766,Reduces Risk,numeric__attendance_subject_attendance_current,1.296032,Increases Risk
S2543,numeric__placement_coding_score_avg_3m,1.707002,Increases Risk,numeric__skills_tech_skills_score_avg_3m,-1.080079,Reduces Risk,numeric__placement_mock_interview_score_avg_3m,-1.02968,Reduces Risk,numeric__academic_warning_score,-0.933762,Reduces Risk,numeric__skills_soft_skills_score_avg_3m,0.909046,Increases Risk,numeric__attendance_overall_attendance_current,-2.10579,Reduces Risk,numeric__attendance_overall_attendance_avg_3m,1.472799,Increases Risk,numeric__attendance_subject_attendance_avg_3m,1.12358,Increases Risk,numeric__attendance_subject_attendance_current,-1.069144,Reduces Risk,numeric__placement_mock_interview_score_current,-0.987657,Reduces Risk
S2544,numeric__placement_coding_score_avg_3m,-2.703872,Reduces Risk,numeric__skills_tech_skills_score_avg_3m,1.941807,Increases Risk,numeric__placement_aptitude_score_current,1.884399,Increases Risk,numeric__academic_backlogs_avg_3m,-1.576418,Reduces Risk,numeric__academic_cgpa_current,-1.063371,Reduces Risk,numeric__attendance_overall_attendance_current,-2.040894,Reduces Risk,numeric__low_aptitude_flag,-1.905883,Reduces Risk,numeric__placement_aptitude_score_current,-1.839954,Reduces Risk,numeric__engagement_strength,1.522238,Increases Risk,numeric__low_coding_flag,1.487088,Increases Risk
S2545,numeric__feedback_satisfaction_score_avg_3m,1.77481,Increases Risk,numeric__feedback_satisfaction_score_current,-1.322868,Reduces Risk,numeric__lms_assignment_completion_pct_avg_3m,-1.186895,Reduces Risk,numeric__placement_mock_interview_score_avg_3m,0.971265,Increases Risk,numeric__skills_soft_skills_score_avg_3m,-0.809199,Reduces Risk,numeric__attendance_overall_attendance_current,1.355368,Increases Risk,numeric__attendance_overall_attendance_avg_3m,-1.214477,Reduces Risk,numeric__feedback_satisfaction_score_current,1.124718,Increases Risk,numeric__placement_mock_interview_score_current,1.010196,Increases Risk,numeric__low_lms_flag,0.913609,Increases Risk
S2546,numeric__academic_cgpa_current,-0.995149,Reduces Risk,numeric__placement_coding_score_avg_3m,-0.846662,Reduces Risk,numeric__academic_warning_score,0.792967,Increases Risk,numeric__attendance_declining_flag,-0.74125,Reduces Risk,numeric__skills_tech_skills_score_avg_3m,0.581345,Increases Risk,numeric__engagement_hackathons_attended_current,-1.050022,Reduces Risk,numeric__academic_internal_marks_avg_3m,0.983237,Increases Risk,numeric__skills_soft_skills_score_std_3m,0.955443,Increases Risk,numeric__engagement_strength,-0.719094,Reduces Risk,numeric__engagement_events_attended_current,0.689387,Increases Risk
S2547,numeric__placement_coding_score_avg_3m,1.380735,Increases Risk,numeric__skills_tech_skills_score_avg_3m,-1.015587,Reduces Risk,numeric__lms_assignment_completion_pct_avg_3m,0.941915,Increases Risk,numeric__academic_warning_score,-0.933762,Reduces Risk,numeric__lms_logins_per_week_slope_3m,0.760939,Increases Risk,numeric__attendance_overall_attendance_current,-2.170687,Reduces Risk,numeric__attendance_overall_attendance_avg_3m,1.242966,Increases Risk,numeric__attendance_subject_attendance_avg_3m,0.867428,Increases Risk,numeric__engagement_hackathons_attended_current,0.859109,Increases Risk,numeric__attendance_subject_attendance_current,-0.741088,Reduces Risk
S2548,numeric__placement_coding_score_avg_3m,-1.232535,Reduces Risk,numeric__lms_assignment_completion_pct_avg_3m,1.164753,Increases Risk,numeric__skills_tech_skills_score_avg_3m,1.106489,Increases Risk,numeric__feedback_satisfaction_score_avg_3m,-0.982337,Reduces Risk,numeric__feedback_satisfaction_score_current,0.810651,Increases Risk,numeric__engagement_hackathons_attended_current,-1.050022,Reduces Risk,numeric__engagement_certifications_count_current,0.937282,Increases Risk,numeric__attendance_overall_attendance_avg_3m,0.919685,Increases Risk,numeric__attendance_overall_attendance_current,-0.829488,Reduces Risk,numeric__feedback_satisfaction_score_current,-0.687929,Reduces Risk
S2549,numeric__skills_soft_skills_score_avg_3m,1.18669,Increases Risk,numeric__placement_mock_interview_score_avg_3m,-0.981066,Reduces Risk,numeric__placement_coding_score_avg_3m,0.89761,Increases Risk,numeric__skills_tech_skills_score_avg_3m,-0.760692,Reduces Risk,numeric__academic_cgpa_current,0.70357,Increases Risk,numeric__placement_mock_interview_score_avg_3m,-0.808853,Reduces Risk,numeric__attendance_subject_attendance_avg_3m,0.711767,Increases Risk,numeric__placement_mock_interview_score_current,-0.668911,Reduces Risk,numeric__attendance_overall_attendance_current,-0.65643,Reduces Risk,numeric__placement_aptitude_score_current,0.650072,Increases Risk
S2550,numeric__feedback_satisfaction_score_avg_3m,1.220463,Increases Risk,numeric__lms_assignment_completion_pct_avg_3m,-1.201118,Reduces Risk,numeric__feedback_satisfaction_score_current,-0.875517,Reduces Risk,numeric__academic_cgpa_current,0.840013,Increases Risk,numeric__placement_aptitude_score_current,-0.783418,Reduces Risk,numeric__low_lms_flag,0.913609,Increases Risk,numeric__academic_internal_marks_avg_3m,-0.873881,Reduces Risk,numeric__engagement_hackathons_attended_current,0.859109,Increases Risk,numeric__placement_aptitude_score_current,0.764293,Increases Risk,numeric__feedback_satisfaction_score_current,0.744647,Increases Risk
S2551,numeric__attendance_declining_flag,-0.74125,Reduces Risk,numeric__placement_coding_score_avg_3m,0.693693,Increases Risk,numeric__academic_cgpa_current,0.683103,Increases Risk,numeric__skills_soft_skills_score_avg_3m,0.660215,Increases Risk,numeric__skills_tech_skills_score_avg_3m,-0.656277,Reduces Risk,numeric__attendance_overall_attendance_current,1.030884,Increases Risk,numeric__engagement_hackathons_attended_current,0.859109,Increases Risk,numeric__academic_internal_marks_avg_3m,-0.728902,Reduces Risk,numeric__placement_mock_interview_score_current,-0.703062,Reduces Risk,numeric__placement_aptitude_score_current,0.634843,Increases Risk
S2552,numeric__engagement_events_attended_slope_3m,1.34679,Increases Risk,numeric__placement_coding_score_slope_3m,-0.858473,Reduces Risk,numeric__engagement_strength,-0.753823,Reduces Risk,numeric__lms_assignment_completion_pct_avg_3m,0.591065,Increases Risk,numeric__engagement_hackathons_attended_std_3m,-0.55575,Reduces Risk,numeric__engagement_strength,-2.586872,Reduces Risk,numeric__engagement_events_attended_current,1.019238,Increases Risk,numeric__engagement_certifications_count_current,0.937282,Increases Risk,numeric__attendance_overall_attendance_current,-0.872753,Reduces Risk,numeric__placement_coding_score_slope_3m,0.791206,Increases Risk
S2553,numeric__placement_coding_score_avg_3m,-1.543116,Reduces Risk,numeric__skills_tech_skills_score_avg_3m,1.43816,Increases Risk,numeric__feedback_faculty_rating_avg_3m,0.978515,Increases Risk,numeric__placement_mock_interview_score_avg_3m,0.772921,Increases Risk,numeric__low_technical_skill_flag,0.768011,Increases Risk,numeric__low_coding_flag,1.487088,Increases Risk,numeric__feedback_faculty_rating_current,0.867929,Increases Risk,numeric__placement_aptitude_score_missing,-0.83073,Reduces Risk,numeric__engagement_strength,0.775128,Increases Risk,numeric__placement_coding_score_avg_3m,0.760354,Increases Risk
S2554,numeric__lms_assignment_completion_pct_avg_3m,-1.24616,Reduces Risk,numeric__academic_cgpa_current,0.928701,Increases Risk,numeric__feedback_satisfaction_score_avg_3m,0.670979,Increases Risk,numeric__feedback_faculty_rating_avg_3m,-0.649541,Reduces Risk,numeric__lms_assignment_completion_pct_current,0.595186,Increases Risk,numeric__attendance_overall_attendance_current,1.463529,Increases Risk,numeric__attendance_overall_attendance_avg_3m,-1.194272,Reduces Risk,numeric__academic_internal_marks_avg_3m,-1.189154,Reduces Risk,numeric__attendance_subject_attendance_avg_3m,-0.961101,Reduces Risk,numeric__low_lms_flag,0.913609,Increases Risk
S2555,numeric__feedback_satisfaction_score_avg_3m,-1.02367,Reduces Risk,numeric__skills_tech_skills_score_avg_3m,-0.951096,Reduces Risk,numeric__skills_soft_skills_score_avg_3m,0.872376,Increases Risk,numeric__placement_mock_interview_score_avg_3m,-0.7905,Reduces Risk,numeric__placement_coding_score_avg_3m,0.731339,Increases Risk,numeric__engagement_strength,-1.466205,Reduces Risk,numeric__attendance_overall_attendance_current,-1.251317,Reduces Risk,numeric__attendance_overall_attendance_avg_3m,0.967672,Increases Risk,numeric__placement_mock_interview_score_current,-0.964889,Reduces Risk,numeric__engagement_certifications_count_current,0.937282,Increases Risk
S2556,numeric__placement_coding_score_avg_3m,-1.191752,Reduces Risk,numeric__attendance_declining_flag,-0.74125,Reduces Risk,numeric__engagement_events_attended_slope_3m,0.71001,Increases Risk,numeric__feedback_satisfaction_score_current,0.62999,Increases Risk,numeric__feedback_satisfaction_score_avg_3m,-0.622498,Reduces Risk,numeric__engagement_hackathons_attended_current,-1.050022,Reduces Risk,numeric__engagement_events_attended_current,0.689387,Increases Risk,numeric__feedback_satisfaction_score_slope_3m,0.666747,Increases Risk,numeric__placement_coding_score_avg_3m,0.587223,Increases Risk,numeric__attendance_overall_attendance_current,-0.548269,Reduces Risk
S2557,numeric__academic_cgpa_missing,-6.777757,Reduces Risk,numeric__skills_soft_skills_score_avg_3m,-0.895635,Reduces Risk,numeric__attendance_declining_flag,-0.74125,Reduces Risk,numeric__placement_aptitude_score_current,0.6597,Increases Risk,numeric__placement_mock_interview_score_avg_3m,0.629024,Increases Risk,numeric__academic_cgpa_missing,-1.51499,Reduces Risk,numeric__engagement_certifications_count_current,1.482213,Increases Risk,numeric__engagement_strength,-1.466205,Reduces Risk,numeric__placement_mock_interview_score_current,0.913434,Increases Risk,numeric__attendance_overall_attendance_current,0.728033,Increases Risk
S2558,numeric__attendance_declining_flag,-0.74125,Reduces Risk,numeric__cgpa_declining_flag,0.487485,Increases Risk,numeric__engagement_events_attended_slope_3m,0.39162,Increases Risk,numeric__skills_tech_skills_score_avg_3m,0.335663,Increases Risk,numeric__engagement_hackathons_attended_current,0.321004,Increases Risk,numeric__engagement_hackathons_attended_current,0.859109,Increases Risk,numeric__attendance_overall_attendance_current,-0.569901,Reduces Risk,numeric__engagement_strength,-0.532317,Reduces Risk,numeric__attendance_overall_attendance_avg_3m,0.520634,Increases Risk,numeric__attendance_subject_attendance_avg_3m,0.47926,Increases Risk
S2559,numeric__academic_warning_score,1.58992,Increases Risk,numeric__placement_coding_score_avg_3m,0.787808,Increases Risk,numeric__lms_logins_per_week_slope_3m,-0.768587,Reduces Risk,numeric__placement_aptitude_score_current,-0.767816,Reduces Risk,numeric__attendance_declining_flag,-0.74125,Reduces Risk,numeric__attendance_overall_attendance_current,1.582506,Increases Risk,numeric__low_lms_flag,0.913609,Increases Risk,numeric__attendance_overall_attendance_avg_3m,-0.883619,Reduces Risk,numeric__placement_aptitude_score_current,0.749064,Increases Risk,numeric__attendance_subject_attendance_avg_3m,-0.70889,Reduces Risk
S2560,numeric__academic_warning_score,-0.933762,Reduces Risk,numeric__feedback_satisfaction_score_missing,-0.713384,Reduces Risk,numeric__placement_coding_score_avg_3m,-0.59255,Reduces Risk,numeric__engagement_strength,-0.481685,Reduces Risk,numeric__skills_tech_skills_score_avg_3m,0.394012,Increases Risk,numeric__engagement_strength,-1.652983,Reduces Risk,numeric__engagement_hackathons_attended_current,0.859109,Increases Risk,numeric__feedback_satisfaction_score_slope_3m,-0.684178,Reduces Risk,numeric__engagement_certifications_count_current,0.39235,Increases Risk,numeric__academic_warning_score,0.372987,Increases Risk
S2561,numeric__feedback_satisfaction_score_avg_3m,0.850898,Increases Risk,numeric__placement_mock_interview_score_avg_3m,0.770976,Increases Risk,numeric__skills_soft_skills_score_avg_3m,-0.756814,Reduces Risk,numeric__lms_assignment_completion_pct_avg_3m,-0.712772,Reduces Risk,numeric__placement_coding_score_avg_3m,-0.702352,Reduces Risk,numeric__engagement_hackathons_attended_current,-1.050022,Reduces Risk,numeric__placement_mock_interview_score_current,1.015888,Increases Risk,numeric__feedback_satisfaction_score_slope_3m,0.823629,Increases Risk,numeric__placement_mock_interview_score_avg_3m,0.635642,Increases Risk,numeric__skills_soft_skills_score_current,-0.53201,Reduces Risk
S2562,numeric__skills_soft_skills_score_avg_3m,1.178832,Increases Risk,numeric__placement_mock_interview_score_avg_3m,-1.05107,Reduces Risk,numeric__feedback_satisfaction_score_avg_3m,-0.909397,Reduces Risk,numeric__placement_mock_interview_score_current,-0.891573,Reduces Risk,numeric__attendance_declining_flag,-0.74125,Reduces Risk,numeric__skills_soft_skills_score_std_3m,1.421848,Increases Risk,numeric__placement_mock_interview_score_current,-1.357629,Reduces Risk,numeric__feedback_satisfaction_score_slope_3m,-0.884638,Reduces Risk,numeric__placement_mock_interview_score_avg_3m,-0.866569,Reduces Risk,numeric__skills_soft_skills_score_current,0.813012,Increases Risk
S2563,numeric__feedback_satisfaction_score_avg_3m,0.675841,Increases Risk,numeric__engagement_events_attended_slope_3m,-0.56355,Reduces Risk,numeric__academic_warning_score,-0.535286,Reduces Risk,numeric__engagement_hackathons_attended_std_3m,0.511015,Increases Risk,numeric__lms_logins_per_week_slope_3m,0.506018,Increases Risk,numeric__engagement_hackathons_attended_current,0.859109,Increases Risk,numeric__skills_soft_skills_score_std_3m,-0.644921,Reduces Risk,numeric__engagement_strength,-0.532317,Reduces Risk,numeric__academic_internal_marks_avg_3m,-0.519487,Reduces Risk,numeric__engagement_club_participations_slope_3m,-0.500186,Reduces Risk
S2564,numeric__feedback_satisfaction_score_avg_3m,-1.065003,Reduces Risk,numeric__lms_assignment_completion_pct_avg_3m,0.975104,Increases Risk,numeric__academic_backlogs_avg_3m,-0.955781,Reduces Risk,numeric__engagement_events_attended_slope_3m,0.71001,Increases Risk,numeric__feedback_satisfaction_score_current,0.612785,Increases Risk,numeric__attendance_overall_attendance_current,-1.781307,Reduces Risk,numeric__engagement_strength,-1.652983,Reduces Risk,numeric__attendance_overall_attendance_avg_3m,0.960095,Increases Risk,numeric__engagement_hackathons_attended_current,0.859109,Increases Risk,numeric__attendance_subject_attendance_avg_3m,0.786642,Increases Risk
S2565,numeric__lms_logins_per_week_slope_3m,-0.896047,Reduces Risk,numeric__skills_tech_skills_score_avg_3m,0.802458,Increases Risk,numeric__engagement_events_attended_slope_3m,0.71001,Increases Risk,numeric__placement_coding_score_avg_3m,-0.564316,Reduces Risk,numeric__attendance_overall_attendance_std_3m,-0.520433,Reduces Risk,numeric__engagement_strength,-1.09265,Reduces Risk,numeric__attendance_overall_attendance_current,-0.970098,Reduces Risk,numeric__engagement_hackathons_attended_current,0.859109,Increases Risk,numeric__attendance_overall_attendance_avg_3m,0.630499,Increases Risk,numeric__attendance_subject_attendance_current,-0.582352,Reduces Risk
S2566,numeric__placement_aptitude_score_current,-0.947231,Reduces Risk,numeric__skills_soft_skills_score_avg_3m,0.927381,Increases Risk,numeric__placement_mock_interview_score_avg_3m,-0.860504,Reduces Risk,numeric__placement_mock_interview_score_current,-0.618704,Reduces Risk,numeric__engagement_hackathons_attended_std_3m,-0.55575,Reduces Risk,numeric__attendance_overall_attendance_current,-1.781307,Reduces Risk,numeric__attendance_overall_attendance_avg_3m,1.073748,Increases Risk,numeric__placement_mock_interview_score_current,-0.942121,Reduces Risk,numeric__placement_aptitude_score_current,0.924203,Increases Risk,numeric__attendance_subject_attendance_current,-0.751671,Reduces Risk
S2567,numeric__feedback_satisfaction_score_avg_3m,-0.889946,Reduces Risk,numeric__skills_tech_skills_score_avg_3m,-0.865107,Reduces Risk,numeric__placement_coding_score_avg_3m,0.765848,Increases Risk,numeric__attendance_declining_flag,-0.74125,Reduces Risk,numeric__placement_mock_interview_score_avg_3m,-0.708828,Reduces Risk,numeric__attendance_overall_attendance_current,-1.424375,Reduces Risk,numeric__attendance_overall_attendance_avg_3m,1.063646,Increases Risk,numeric__placement_mock_interview_score_current,-0.993348,Reduces Risk,numeric__attendance_subject_attendance_current,-0.958029,Reduces Risk,numeric__attendance_subject_attendance_avg_3m,0.942303,Increases Risk
S2568,numeric__skills_soft_skills_score_avg_3m,1.063584,Increases Risk,numeric__lms_assignment_completion_pct_avg_3m,0.982216,Increases Risk,numeric__placement_mock_interview_score_avg_3m,-0.977177,Reduces Risk,numeric__placement_mock_interview_score_current,-0.771959,Reduces Risk,numeric__placement_aptitude_score_current,-0.604003,Reduces Risk,numeric__placement_mock_interview_score_current,-1.175489,Reduces Risk,numeric__attendance_overall_attendance_current,-0.959282,Reduces Risk,numeric__attendance_subject_attendance_current,-0.915699,Reduces Risk,numeric__engagement_strength,-0.905872,Reduces Risk,numeric__placement_mock_interview_score_avg_3m,-0.805647,Reduces Risk
S2569,numeric__feedback_satisfaction_score_avg_3m,0.773095,Increases Risk,numeric__lms_assignment_completion_pct_avg_3m,-0.696178,Reduces Risk,numeric__engagement_events_attended_slope_3m,-0.56355,Reduces Risk,numeric__skills_tech_skills_score_avg_3m,-0.558005,Reduces Risk,numeric__academic_warning_score,-0.535286,Reduces Risk,numeric__engagement_strength,0.775128,Increases Risk,numeric__engagement_events_attended_current,-0.630014,Reduces Risk,numeric__placement_mock_interview_score_current,0.503618,Increases Risk,numeric__engagement_club_participations_current,0.424228,Increases Risk,numeric__feedback_faculty_rating_current,-0.394925,Reduces Risk
S2570,numeric__feedback_satisfaction_score_avg_3m,-1.084453,Reduces Risk,numeric__placement_aptitude_score_current,-0.923829,Reduces Risk,numeric__academic_cgpa_current,0.819546,Increases Risk,numeric__placement_coding_score_avg_3m,0.77526,Increases Risk,numeric__attendance_declining_flag,-0.74125,Reduces Risk,numeric__engagement_strength,-1.09265,Reduces Risk,numeric__placement_aptitude_score_current,0.901359,Increases Risk,numeric__engagement_hackathons_attended_current,0.859109,Increases Risk,numeric__skills_soft_skills_score_std_3m,0.84495,Increases Risk,numeric__academic_internal_marks_avg_3m,-0.611537,Reduces Risk
S2571,numeric__placement_coding_score_avg_3m,-1.687426,Reduces Risk,numeric__skills_soft_skills_score_avg_3m,-1.686657,Reduces Risk,numeric__placement_aptitude_score_current,1.634779,Increases Risk,numeric__placement_mock_interview_score_avg_3m,1.354342,Increases Risk,numeric__skills_tech_skills_score_avg_3m,1.16791,Increases Risk,numeric__placement_aptitude_score_current,-1.596282,Reduces Risk,numeric__placement_mock_interview_score_current,1.56231,Increases Risk,numeric__feedback_faculty_rating_current,1.143166,Increases Risk,numeric__placement_mock_interview_score_avg_3m,1.116606,Increases Risk,numeric__skills_soft_skills_score_current,-0.91577,Reduces Risk
S2572,numeric__placement_coding_score_avg_3m,-2.465446,Reduces Risk,numeric__skills_tech_skills_score_avg_3m,1.990944,Increases Risk,numeric__placement_aptitude_score_current,1.244747,Increases Risk,numeric__skills_soft_skills_score_avg_3m,-0.992549,Reduces Risk,numeric__academic_warning_score,-0.933762,Reduces Risk,numeric__placement_aptitude_score_current,-1.215544,Reduces Risk,numeric__placement_coding_score_avg_3m,1.214822,Increases Risk,numeric__academic_internal_marks_avg_3m,0.916501,Increases Risk,numeric__skills_tech_skills_score_avg_3m,-0.896959,Reduces Risk,numeric__feedback_faculty_rating_current,0.722215,Increases Risk
S2573,numeric__lms_logins_per_week_missing,-1.54038,Reduces Risk,numeric__placement_aptitude_score_slope_3m,-0.725415,Reduces Risk,numeric__skills_tech_skills_score_avg_3m,-0.711556,Reduces Risk,numeric__academic_warning_score,-0.668112,Reduces Risk,numeric__placement_coding_score_avg_3m,0.630949,Increases Risk,numeric__engagement_strength,0.775128,Increases Risk,numeric__placement_aptitude_score_slope_3m,0.768459,Increases Risk,numeric__placement_aptitude_score_current,-0.613978,Reduces Risk,numeric__placement_mock_interview_score_std_3m,-0.529252,Reduces Risk,numeric__skills_soft_skills_score_std_3m,0.474345,Increases Risk
S2574,numeric__placement_coding_score_avg_3m,-1.734483,Reduces Risk,numeric__lms_assignment_completion_pct_avg_3m,1.072299,Increases Risk,numeric__feedback_satisfaction_score_avg_3m,-1.069865,Reduces Risk,numeric__academic_backlogs_avg_3m,-0.955781,Reduces Risk,numeric__skills_tech_skills_score_avg_3m,0.937583,Increases Risk,numeric__engagement_hackathons_attended_current,-1.050022,Reduces Risk,numeric__engagement_certifications_count_current,0.937282,Increases Risk,numeric__placement_coding_score_avg_3m,0.854648,Increases Risk,numeric__placement_aptitude_score_current,-0.705355,Reduces Risk,numeric__feedback_satisfaction_score_current,-0.549057,Reduces Risk
S2575,numeric__skills_soft_skills_score_avg_3m,-0.937544,Reduces Risk,numeric__placement_aptitude_score_current,0.846915,Increases Risk,numeric__attendance_declining_flag,-0.74125,Reduces Risk,numeric__placement_coding_score_slope_3m,-0.654055,Reduces Risk,numeric__placement_mock_interview_score_avg_3m,0.607634,Increases Risk,numeric__skills_soft_skills_score_std_3m,0.85139,Increases Risk,numeric__placement_aptitude_score_current,-0.827191,Reduces Risk,numeric__placement_coding_score_slope_3m,0.602805,Increases Risk,numeric__academic_internal_marks_avg_3m,0.511479,Increases Risk,numeric__placement_mock_interview_score_avg_3m,0.500972,Increases Risk
S2576,numeric__feedback_satisfaction_score_avg_3m,-1.176845,Reduces Risk,numeric__skills_soft_skills_score_avg_3m,0.96929,Increases Risk,numeric__feedback_satisfaction_score_current,0.750431,Increases Risk,numeric__placement_mock_interview_score_avg_3m,-0.720496,Reduces Risk,numeric__placement_mock_interview_score_current,-0.611228,Reduces Risk,numeric__attendance_overall_attendance_current,-1.294581,Reduces Risk,numeric__placement_mock_interview_score_current,-0.930738,Reduces Risk,numeric__engagement_strength,-0.905872,Reduces Risk,numeric__attendance_subject_attendance_current,-0.751671,Reduces Risk,numeric__attendance_subject_attendance_avg_3m,0.707826,Increases Risk
S2577,numeric__skills_soft_skills_score_avg_3m,1.377897,Increases Risk,numeric__lms_assignment_completion_pct_avg_3m,1.304619,Increases Risk,numeric__feedback_satisfaction_score_avg_3m,-1.24006,Reduces Risk,numeric__placement_coding_score_avg_3m,1.223876,Increases Risk,numeric__placement_mock_interview_score_avg_3m,-1.154131,Reduces Risk,numeric__engagement_strength,-1.466205,Reduces Risk,numeric__attendance_overall_attendance_current,-1.446007,Reduces Risk,numeric__placement_mock_interview_score_current,-1.038884,Reduces Risk,numeric__engagement_events_attended_current,1.019238,Increases Risk,numeric__attendance_overall_attendance_avg_3m,1.010607,Increases Risk
S2578,numeric__placement_aptitude_score_current,1.27595,Increases Risk,numeric__academic_cgpa_current,-1.015615,Reduces Risk,numeric__academic_backlogs_avg_3m,-0.955781,Reduces Risk,numeric__academic_warning_score,0.925793,Increases Risk,numeric__lms_logins_per_week_slope_3m,-0.768587,Reduces Risk,numeric__engagement_strength,1.522238,Increases Risk,numeric__placement_aptitude_score_current,-1.246003,Reduces Risk,numeric__engagement_hackathons_attended_current,-1.050022,Reduces Risk,numeric__academic_internal_marks_avg_3m,0.909597,Increases Risk,numeric__engagement_certifications_count_current,-0.697512,Reduces Risk
S2579,numeric__placement_coding_score_avg_3m,-2.744655,Reduces Risk,numeric__skills_tech_skills_score_avg_3m,2.27962,Increases Risk,numeric__placement_aptitude_score_current,1.03413,Increases Risk,numeric__feedback_faculty_rating_avg_3m,1.031827,Increases Risk,numeric__academic_warning_score,-0.933762,Reduces Risk,numeric__placement_coding_score_avg_3m,1.3524,Increases Risk,numeric__attendance_overall_attendance_current,-1.056627,Reduces Risk,numeric__skills_tech_skills_score_avg_3m,-1.027013,Reduces Risk,numeric__placement_aptitude_score_current,-1.009946,Reduces Risk,numeric__academic_internal_marks_avg_3m,0.803739,Increases Risk
S2580,numeric__attendance_overall_attendance_std_3m,1.31101,Increases Risk,numeric__engagement_hackathons_attended_std_3m,1.291942,Increases Risk,numeric__placement_aptitude_score_current,-1.033038,Reduces Risk,numeric__attendance_declining_flag,-0.74125,Reduces Risk,numeric__academic_cgpa_current,0.710392,Increases Risk,numeric__attendance_overall_attendance_current,1.193126,Increases Risk,numeric__placement_aptitude_score_current,1.007966,Increases Risk,numeric__engagement_certifications_count_current,0.937282,Increases Risk,numeric__attendance_overall_attendance_std_3m,-0.90924,Reduces Risk,numeric__attendance_overall_attendance_avg_3m,-0.656311,Reduces Risk
S2581,numeric__placement_coding_score_avg_3m,1.43093,Increases Risk,numeric__lms_assignment_completion_pct_avg_3m,1.157641,Increases Risk,numeric__placement_aptitude_score_current,-0.947231,Reduces Risk,numeric__feedback_satisfaction_score_avg_3m,-0.870495,Reduces Risk,numeric__placement_mock_interview_score_current,-0.783173,Reduces Risk,numeric__engagement_hackathons_attended_current,1.813675,Increases Risk,numeric__engagement_strength,-1.279427,Reduces Risk,numeric__placement_mock_interview_score_current,-1.192565,Reduces Risk,numeric__placement_aptitude_score_current,0.924203,Increases Risk,numeric__placement_coding_score_avg_3m,-0.705076,Reduces Risk
S2582,numeric__placement_coding_score_avg_3m,-0.969012,Reduces Risk,numeric__placement_aptitude_score_current,0.956124,Increases Risk,numeric__skills_tech_skills_score_avg_3m,0.673475,Increases Risk,numeric__feedback_faculty_rating_avg_3m,0.646343,Increases Risk,numeric__placement_mock_interview_score_current,0.64472,Increases Risk,numeric__engagement_strength,1.522238,Increases Risk,numeric__engagement_hackathons_attended_current,-1.050022,Reduces Risk,numeric__placement_mock_interview_score_current,0.981737,Increases Risk,numeric__placement_aptitude_score_current,-0.933798,Reduces Risk,numeric__skills_soft_skills_score_current,-0.647511,Reduces Risk
S2583,numeric__academic_backlogs_slope_3m,0.781385,Increases Risk,numeric__skills_soft_skills_score_avg_3m,0.759747,Increases Risk,numeric__attendance_declining_flag,-0.74125,Reduces Risk,numeric__placement_mock_interview_score_avg_3m,-0.63688,Reduces Risk,numeric__placement_coding_score_avg_3m,-0.623922,Reduces Risk,numeric__academic_internal_marks_avg_3m,0.585119,Increases Risk,numeric__placement_mock_interview_score_avg_3m,-0.525084,Reduces Risk,numeric__placement_mock_interview_score_current,-0.475387,Reduces Risk,numeric__skills_soft_skills_score_current,0.39572,Increases Risk,numeric__engagement_club_participations_std_3m,0.376034,Increases Risk
S2584,numeric__feedback_satisfaction_score_avg_3m,1.500068,Increases Risk,numeric__placement_coding_score_avg_3m,-1.323513,Reduces Risk,numeric__skills_tech_skills_score_avg_3m,1.201691,Increases Risk,numeric__lms_assignment_completion_pct_avg_3m,-0.999616,Reduces Risk,numeric__academic_warning_score,-0.933762,Reduces Risk,numeric__engagement_hackathons_attended_current,1.813675,Increases Risk,numeric__placement_aptitude_score_current,-0.751044,Reduces Risk,numeric__engagement_strength,-0.719094,Reduces Risk,numeric__placement_mock_interview_score_current,0.691451,Increases Risk,numeric__placement_coding_score_avg_3m,0.652147,Increases Risk
S2585,numeric__skills_soft_skills_score_avg_3m,1.239075,Increases Risk,numeric__placement_mock_interview_score_avg_3m,-1.189133,Reduces Risk,numeric__engagement_hackathons_attended_std_3m,1.073761,Increases Risk,numeric__lms_assignment_completion_pct_avg_3m,1.031999,Increases Risk,numeric__placement_mock_interview_score_current,-0.932691,Reduces Risk,numeric__attendance_overall_attendance_current,-1.424375,Reduces Risk,numeric__placement_mock_interview_score_current,-1.42024,Reduces Risk,numeric__placement_mock_interview_score_avg_3m,-0.980397,Reduces Risk,numeric__attendance_overall_attendance_avg_3m,0.891903,Increases Risk,numeric__academic_subject_score_avg_slope_3m,-0.827665,Reduces Risk
S2586,numeric__placement_coding_score_avg_3m,1.123486,Increases Risk,numeric__academic_cgpa_current,1.112899,Increases Risk,numeric__placement_aptitude_score_current,-0.93943,Reduces Risk,numeric__academic_warning_score,-0.933762,Reduces Risk,numeric__skills_tech_skills_score_avg_3m,-0.926527,Reduces Risk,numeric__academic_internal_marks_avg_3m,-1.048777,Reduces Risk,numeric__placement_aptitude_score_current,0.916589,Increases Risk,numeric__engagement_strength,0.775128,Increases Risk,numeric__academic_cgpa_avg_3m,-0.637382,Reduces Risk,numeric__academic_cgpa_current,-0.611433,Reduces Risk
S2587,numeric__skills_soft_skills_score_avg_3m,-1.35139,Reduces Risk,numeric__placement_coding_score_avg_3m,-1.110185,Reduces Risk,numeric__placement_mock_interview_score_avg_3m,0.963487,Increases Risk,numeric__skills_tech_skills_score_avg_3m,0.949867,Increases Risk,numeric__placement_aptitude_score_current,0.948323,Increases Risk,numeric__attendance_overall_attendance_current,1.409449,Increases Risk,numeric__attendance_overall_attendance_avg_3m,-1.209425,Reduces Risk,numeric__attendance_subject_attendance_avg_3m,-1.000509,Reduces Risk,numeric__placement_aptitude_score_current,-0.926183,Reduces Risk,numeric__placement_mock_interview_score_current,0.884975,Increases Risk
S2588,numeric__lms_assignment_completion_pct_avg_3m,1.178977,Increases Risk,numeric__placement_coding_score_avg_3m,1.154858,Increases Risk,numeric__skills_tech_skills_score_avg_3m,-1.11386,Reduces Risk,numeric__skills_soft_skills_score_avg_3m,1.105492,Increases Risk,numeric__placement_mock_interview_score_avg_3m,-0.913006,Reduces Risk,numeric__attendance_overall_attendance_current,-1.889468,Reduces Risk,numeric__attendance_overall_attendance_avg_3m,1.407132,Increases Risk,numeric__placement_mock_interview_score_current,-1.215332,Reduces Risk,numeric__attendance_subject_attendance_current,-1.069144,Reduces Risk,numeric__attendance_subject_attendance_avg_3m,1.001415,Increases Risk
S2589,numeric__academic_warning_score,-0.933762,Reduces Risk,numeric__feedback_satisfaction_score_avg_3m,-0.870495,Reduces Risk,numeric__lms_assignment_completion_pct_avg_3m,0.84472,Increases Risk,numeric__academic_cgpa_current,-0.742729,Reduces Risk,numeric__engagement_events_attended_slope_3m,0.71001,Increases Risk,numeric__engagement_strength,-2.026538,Reduces Risk,numeric__skills_soft_skills_score_std_3m,0.98611,Increases Risk,numeric__engagement_certifications_count_current,0.937282,Increases Risk,numeric__academic_internal_marks_avg_3m,0.78763,Increases Risk,numeric__attendance_overall_attendance_current,-0.742959,Reduces Risk
S2590,numeric__skills_soft_skills_score_avg_3m,1.18407,Increases Risk,numeric__feedback_satisfaction_score_avg_3m,-1.021238,Reduces Risk,numeric__placement_mock_interview_score_avg_3m,-0.802167,Reduces Risk,numeric__lms_assignment_completion_pct_avg_3m,0.6124,Increases Risk,numeric__feedback_satisfaction_score_current,0.586976,Increases Risk,numeric__attendance_overall_attendance_current,-1.5758,Reduces Risk,numeric__attendance_overall_attendance_avg_3m,0.960095,Increases Risk,numeric__placement_mock_interview_score_current,-0.765673,Reduces Risk,numeric__skills_soft_skills_score_current,0.742221,Increases Risk,numeric__placement_mock_interview_score_avg_3m,-0.661358,Reduces Risk
S2591,numeric__placement_mock_interview_score_avg_3m,0.650414,Increases Risk,numeric__academic_warning_score,-0.535286,Reduces Risk,numeric__skills_tech_skills_score_std_3m,0.535179,Increases Risk,numeric__skills_soft_skills_score_avg_3m,-0.521079,Reduces Risk,numeric__engagement_club_participations_avg_3m,-0.510847,Reduces Risk,numeric__engagement_strength,1.522238,Increases Risk,numeric__engagement_hackathons_attended_current,-1.050022,Reduces Risk,numeric__engagement_events_attended_current,-0.630014,Reduces Risk,numeric__placement_mock_interview_score_avg_3m,0.536243,Increases Risk,numeric__placement_coding_score_slope_3m,0.433629,Increases Risk
S2592,numeric__academic_warning_score,-0.933762,Reduces Risk,numeric__feedback_satisfaction_score_current,0.913886,Increases Risk,numeric__feedback_satisfaction_score_avg_3m,-0.899671,Reduces Risk,numeric__academic_cgpa_current,0.819546,Increases Risk,numeric__lms_assignment_completion_pct_avg_3m,0.662183,Increases Risk,numeric__attendance_overall_attendance_current,-1.813755,Reduces Risk,numeric__attendance_overall_attendance_avg_3m,1.187402,Increases Risk,numeric__attendance_subject_attendance_current,-1.069144,Reduces Risk,numeric__attendance_subject_attendance_avg_3m,0.997474,Increases Risk,numeric__feedback_satisfaction_score_current,-0.775638,Reduces Risk
S2593,numeric__lms_assignment_completion_pct_avg_3m,1.1529,Increases Risk,numeric__feedback_satisfaction_score_avg_3m,-1.045552,Reduces Risk,numeric__academic_backlogs_avg_3m,-0.955781,Reduces Risk,numeric__skills_soft_skills_score_avg_3m,0.953574,Increases Risk,numeric__attendance_declining_flag,-0.74125,Reduces Risk,numeric__engagement_strength,-2.400094,Reduces Risk,numeric__engagement_hackathons_attended_current,1.813675,Increases Risk,numeric__attendance_overall_attendance_current,-1.359478,Reduces Risk,numeric__attendance_overall_attendance_avg_3m,1.15962,Increases Risk,numeric__attendance_subject_attendance_avg_3m,0.936392,Increases Risk
S2594,numeric__skills_soft_skills_score_avg_3m,1.320273,Increases Risk,numeric__feedback_satisfaction_score_avg_3m,-1.026101,Reduces Risk,numeric__placement_mock_interview_score_avg_3m,-0.944119,Reduces Risk,numeric__placement_mock_interview_score_current,-0.816815,Reduces Risk,numeric__academic_warning_score,0.792967,Increases Risk,numeric__placement_mock_interview_score_current,-1.243792,Reduces Risk,numeric__attendance_overall_attendance_current,1.236391,Increases Risk,numeric__engagement_strength,-1.09265,Reduces Risk,numeric__engagement_hackathons_attended_current,0.859109,Increases Risk,numeric__placement_mock_interview_score_avg_3m,-0.778392,Reduces Risk
S2595,numeric__placement_coding_score_avg_3m,1.518771,Increases Risk,numeric__attendance_overall_attendance_std_3m,1.37351,Increases Risk,numeric__skills_tech_skills_score_avg_3m,-1.341115,Reduces Risk,numeric__skills_soft_skills_score_avg_3m,1.317653,Increases Risk,numeric__academic_warning_score,1.191444,Increases Risk,numeric__engagement_strength,-1.466205,Reduces Risk,numeric__placement_mock_interview_score_current,-1.340554,Reduces Risk,numeric__engagement_events_attended_current,1.019238,Increases Risk,numeric__attendance_overall_attendance_std_3m,-0.952586,Reduces Risk,numeric__placement_mock_interview_score_avg_3m,-0.84733,Reduces Risk
S2596,numeric__feedback_satisfaction_score_avg_3m,1.777241,Increases Risk,numeric__lms_assignment_completion_pct_avg_3m,-1.490333,Reduces Risk,numeric__academic_warning_score,1.324269,Increases Risk,numeric__feedback_satisfaction_score_current,-1.193825,Reduces Risk,numeric__attendance_overall_attendance_avg_3m,0.83225,Increases Risk,numeric__attendance_overall_attendance_current,3.248189,Increases Risk,numeric__attendance_overall_attendance_avg_3m,-2.286609,Reduces Risk,numeric__attendance_subject_attendance_avg_3m,-1.794579,Reduces Risk,numeric__attendance_subject_attendance_current,1.290741,Increases Risk,numeric__feedback_satisfaction_score_current,1.015082,Increases Risk
S2597,numeric__placement_coding_score_avg_3m,1.355638,Increases Risk,numeric__skills_tech_skills_score_avg_3m,-1.273553,Reduces Risk,numeric__academic_cgpa_current,0.983278,Increases Risk,numeric__feedback_satisfaction_score_avg_3m,0.972466,Increases Risk,numeric__academic_warning_score,-0.933762,Reduces Risk,numeric__attendance_overall_attendance_current,-0.872753,Reduces Risk,numeric__academic_internal_marks_avg_3m,-0.864676,Reduces Risk,numeric__placement_aptitude_score_missing,-0.83073,Reduces Risk,numeric__placement_coding_score_avg_3m,-0.667976,Reduces Risk,numeric__academic_cgpa_avg_3m,-0.600653,Reduces Risk
S2598,numeric__feedback_satisfaction_score_avg_3m,0.70988,Increases Risk,numeric__lms_logins_per_week_slope_3m,0.633479,Increases Risk,numeric__skills_soft_skills_score_avg_3m,-0.623231,Reduces Risk,numeric__engagement_strength,0.606868,Increases Risk,numeric__academic_cgpa_current,-0.565353,Reduces Risk,numeric__engagement_strength,2.082572,Increases Risk,numeric__engagement_hackathons_attended_current,-1.050022,Reduces Risk,numeric__attendance_overall_attendance_avg_3m,-0.840683,Reduces Risk,numeric__placement_mock_interview_score_current,0.759753,Increases Risk,numeric__attendance_overall_attendance_current,0.728033,Increases Risk
S2599,numeric__academic_warning_score,1.58992,Increases Risk,numeric__lms_assignment_completion_pct_avg_3m,-0.987763,Reduces Risk,numeric__skills_tech_skills_score_avg_3m,-0.828255,Reduces Risk,numeric__academic_backlogs_slope_3m,0.781385,Increases Risk,numeric__attendance_declining_flag,-0.74125,Reduces Risk,numeric__attendance_overall_attendance_current,1.18231,Increases Risk,numeric__low_lms_flag,0.913609,Increases Risk,numeric__attendance_subject_attendance_current,0.713997,Increases Risk,numeric__academic_warning_score,-0.635087,Reduces Risk,numeric__lms_logins_per_week_avg_3m,-0.571674,Reduces Risk
S2600,numeric__academic_backlogs_avg_3m,-1.576418,Reduces Risk,numeric__placement_coding_score_avg_3m,1.029371,Increases Risk,numeric__lms_assignment_completion_pct_avg_3m,0.915839,Increases Risk,numeric__skills_tech_skills_score_avg_3m,-0.901959,Reduces Risk,numeric__academic_cgpa_current,0.744503,Increases Risk,numeric__attendance_overall_attendance_current,-1.554168,Reduces Risk,numeric__attendance_overall_attendance_avg_3m,1.215184,Increases Risk,numeric__engagement_strength,-1.09265,Reduces Risk,numeric__engagement_hackathons_attended_current,0.859109,Increases Risk,numeric__attendance_subject_attendance_avg_3m,0.831961,Increases Risk
S2601,numeric__academic_cgpa_current,0.567126,Increases Risk,numeric__engagement_hackathons_attended_std_3m,0.511015,Increases Risk,numeric__lms_assignment_completion_pct_avg_3m,-0.489934,Reduces Risk,numeric__cgpa_declining_flag,0.487485,Increases Risk,numeric__placement_aptitude_score_current,0.456883,Increases Risk,numeric__engagement_hackathons_attended_current,0.859109,Increases Risk,numeric__attendance_overall_attendance_current,0.587423,Increases Risk,numeric__academic_internal_marks_avg_3m,-0.551705,Reduces Risk,numeric__low_attendance_flag,-0.491842,Reduces Risk,numeric__attendance_overall_attendance_avg_3m,-0.48962,Reduces Risk
S2602,numeric__placement_aptitude_score_current,-1.079842,Reduces Risk,numeric__academic_warning_score,1.058618,Increases Risk,numeric__lms_logins_per_week_slope_3m,-1.023508,Reduces Risk,numeric__placement_mock_interview_score_avg_3m,-0.89745,Reduces Risk,numeric__skills_soft_skills_score_avg_3m,0.89595,Increases Risk,numeric__placement_aptitude_score_current,1.053654,Increases Risk,numeric__low_lms_flag,0.913609,Increases Risk,numeric__engagement_strength,-0.905872,Reduces Risk,numeric__placement_mock_interview_score_avg_3m,-0.739915,Reduces Risk,numeric__engagement_events_attended_current,0.689387,Increases Risk
S2603,numeric__lms_logins_per_week_missing,-1.54038,Reduces Risk,numeric__placement_coding_score_avg_3m,-1.524292,Reduces Risk,numeric__engagement_events_attended_slope_3m,1.34679,Increases Risk,numeric__academic_cgpa_current,-1.02926,Reduces Risk,numeric__skills_tech_skills_score_avg_3m,0.925299,Increases Risk,numeric__engagement_events_attended_current,1.349088,Increases Risk,numeric__engagement_strength,-1.279427,Reduces Risk,numeric__engagement_hackathons_attended_current,-1.050022,Reduces Risk,numeric__academic_internal_marks_avg_3m,0.967128,Increases Risk,numeric__placement_aptitude_score_current,-0.804347,Reduces Risk
S2604,numeric__academic_warning_score,-0.933762,Reduces Risk,numeric__placement_aptitude_score_current,-0.869225,Reduces Risk,numeric__academic_cgpa_current,0.833191,Increases Risk,numeric__skills_soft_skills_score_avg_3m,0.683788,Increases Risk,numeric__placement_coding_score_slope_3m,0.614173,Increases Risk,numeric__engagement_hackathons_attended_current,0.859109,Increases Risk,numeric__placement_aptitude_score_current,0.848056,Increases Risk,numeric__academic_internal_marks_avg_3m,-0.846266,Reduces Risk,numeric__placement_mock_interview_score_current,-0.737213,Reduces Risk,numeric__skills_soft_skills_score_std_3m,0.656691,Increases Risk
S2605,numeric__lms_logins_per_week_slope_3m,1.01586,Increases Risk,numeric__academic_warning_score,-0.933762,Reduces Risk,numeric__placement_coding_score_avg_3m,0.731339,Increases Risk,numeric__feedback_satisfaction_score_current,0.500947,Increases Risk,numeric__skills_tech_skills_score_avg_3m,-0.441306,Reduces Risk,numeric__engagement_strength,-1.09265,Reduces Risk,numeric__attendance_subject_attendance_current,-0.910408,Reduces Risk,numeric__engagement_hackathons_attended_current,0.859109,Increases Risk,numeric__attendance_overall_attendance_current,-0.699695,Reduces Risk,numeric__lms_logins_per_week_slope_3m,0.59712,Increases Risk
S2606,numeric__attendance_overall_attendance_std_3m,1.256933,Increases Risk,numeric__attendance_declining_flag,-0.74125,Reduces Risk,numeric__placement_aptitude_score_current,0.722105,Increases Risk,numeric__engagement_strength,-0.59054,Reduces Risk,numeric__engagement_hackathons_attended_std_3m,-0.55575,Reduces Risk,numeric__engagement_strength,-2.026538,Reduces Risk,numeric__engagement_events_attended_current,1.019238,Increases Risk,numeric__attendance_overall_attendance_std_3m,-0.871735,Reduces Risk,numeric__placement_mock_interview_score_current,-0.72583,Reduces Risk,numeric__skills_soft_skills_score_std_3m,0.714404,Increases Risk
S2607,numeric__skills_soft_skills_score_avg_3m,1.129065,Increases Risk,numeric__feedback_satisfaction_score_avg_3m,-0.904534,Reduces Risk,numeric__placement_mock_interview_score_avg_3m,-0.903284,Reduces Risk,numeric__engagement_hackathons_attended_std_3m,0.676045,Increases Risk,numeric__placement_coding_score_slope_3m,0.610001,Increases Risk,numeric__placement_mock_interview_score_avg_3m,-0.744725,Reduces Risk,numeric__placement_mock_interview_score_current,-0.69737,Reduces Risk,numeric__placement_coding_score_slope_3m,-0.562203,Reduces Risk,numeric__engagement_club_participations_current,-0.547287,Reduces Risk,numeric__feedback_satisfaction_score_current,-0.44673,Reduces Risk
S2608,numeric__placement_mock_interview_score_avg_3m,-1.097739,Reduces Risk,numeric__lms_assignment_completion_pct_avg_3m,1.07704,Increases Risk,numeric__skills_soft_skills_score_avg_3m,0.977147,Increases Risk,numeric__feedback_satisfaction_score_avg_3m,-0.948298,Reduces Risk,numeric__engagement_events_attended_slope_3m,0.71001,Increases Risk,numeric__engagement_strength,-2.213316,Reduces Risk,numeric__attendance_overall_attendance_current,-1.143156,Reduces Risk,numeric__placement_mock_interview_score_current,-1.078727,Reduces Risk,numeric__placement_mock_interview_score_avg_3m,-0.905046,Reduces Risk,numeric__engagement_hackathons_attended_current,0.859109,Increases Risk
S2609,numeric__placement_coding_score_avg_3m,-0.749409,Reduces Risk,numeric__skills_tech_skills_score_avg_3m,0.734896,Increases Risk,numeric__placement_aptitude_score_current,0.698703,Increases Risk,numeric__academic_warning_score,-0.668112,Reduces Risk,numeric__placement_coding_score_slope_3m,-0.553932,Reduces Risk,numeric__placement_aptitude_score_current,-0.682511,Reduces Risk,numeric__placement_coding_score_slope_3m,0.510527,Increases Risk,numeric__feedback_satisfaction_score_slope_3m,0.50115,Increases Risk,numeric__lms_logins_per_week_avg_3m,0.479123,Increases Risk,numeric__placement_coding_score_avg_3m,0.369263,Increases Risk
S2610,numeric__skills_soft_skills_score_avg_3m,0.691646,Increases Risk,numeric__placement_mock_interview_score_avg_3m,-0.553264,Reduces Risk,numeric__cgpa_declining_flag,0.487485,Increases Risk,numeric__attendance_overall_attendance_std_3m,0.482475,Increases Risk,numeric__placement_mock_interview_score_current,-0.4804,Reduces Risk,numeric__attendance_overall_attendance_current,-1.986813,Reduces Risk,numeric__attendance_overall_attendance_avg_3m,1.11921,Increases Risk,numeric__attendance_subject_attendance_avg_3m,1.097965,Increases Risk,numeric__engagement_strength,-1.09265,Reduces Risk,numeric__attendance_subject_attendance_current,-1.021523,Reduces Risk
S2611,numeric__engagement_hackathons_attended_std_3m,1.073761,Increases Risk,numeric__lms_assignment_completion_pct_avg_3m,0.645589,Increases Risk,numeric__attendance_overall_attendance_avg_3m,-0.525019,Reduces Risk,numeric__attendance_overall_attendance_std_3m,-0.489814,Reduces Risk,numeric__cgpa_declining_flag,0.487485,Increases Risk,numeric__attendance_overall_attendance_current,-2.062526,Reduces Risk,numeric__attendance_overall_attendance_avg_3m,1.442491,Increases Risk,numeric__attendance_subject_attendance_current,-1.053271,Reduces Risk,numeric__engagement_hackathons_attended_current,-1.050022,Reduces Risk,numeric__attendance_subject_attendance_avg_3m,1.034912,Increases Risk
S2612,numeric__lms_logins_per_week_slope_3m,1.270781,Increases Risk,numeric__academic_warning_score,-0.933762,Reduces Risk,numeric__placement_coding_score_avg_3m,0.900747,Increases Risk,numeric__skills_tech_skills_score_avg_3m,-0.60407,Reduces Risk,numeric__feedback_satisfaction_score_current,-0.531401,Reduces Risk,numeric__lms_logins_per_week_slope_3m,0.746962,Increases Risk,numeric__skills_soft_skills_score_std_3m,-0.49639,Reduces Risk,numeric__feedback_satisfaction_score_slope_3m,-0.492434,Reduces Risk,numeric__placement_coding_score_slope_3m,-0.462235,Reduces Risk,numeric__feedback_satisfaction_score_current,0.452285,Increases Risk
S2613,numeric__placement_coding_score_avg_3m,-1.361159,Reduces Risk,numeric__skills_tech_skills_score_avg_3m,1.177123,Increases Risk,numeric__academic_warning_score,-0.933762,Reduces Risk,numeric__skills_soft_skills_score_avg_3m,-0.811819,Reduces Risk,numeric__placement_mock_interview_score_avg_3m,0.732085,Increases Risk,numeric__attendance_overall_attendance_current,-1.056627,Reduces Risk,numeric__engagement_strength,0.775128,Increases Risk,numeric__placement_mock_interview_score_current,0.742678,Increases Risk,numeric__placement_aptitude_score_current,-0.71297,Reduces Risk,numeric__placement_coding_score_avg_3m,0.670697,Increases Risk
S2614,numeric__academic_backlogs_avg_3m,-1.783297,Reduces Risk,numeric__academic_warning_score,1.58992,Increases Risk,numeric__placement_coding_score_avg_3m,-1.361159,Reduces Risk,numeric__academic_cgpa_current,-1.12477,Reduces Risk,numeric__placement_aptitude_score_current,1.119937,Increases Risk,numeric__attendance_overall_attendance_current,3.259005,Increases Risk,numeric__attendance_overall_attendance_avg_3m,-2.189372,Reduces Risk,numeric__attendance_subject_attendance_avg_3m,-1.75123,Reduces Risk,numeric__attendance_subject_attendance_current,1.396565,Increases Risk,numeric__engagement_strength,1.335461,Increases Risk
S2615,numeric__skills_tech_skills_score_avg_3m,-1.605223,Reduces Risk,numeric__placement_coding_score_avg_3m,1.600338,Increases Risk,numeric__academic_warning_score,-0.933762,Reduces Risk,numeric__placement_aptitude_score_current,-0.80682,Reduces Risk,numeric__feedback_satisfaction_score_avg_3m,0.729331,Increases Risk,numeric__placement_coding_score_avg_3m,-0.788549,Reduces Risk,numeric__placement_aptitude_score_current,0.787138,Increases Risk,numeric__skills_tech_skills_score_avg_3m,0.723184,Increases Risk,numeric__academic_internal_marks_avg_3m,-0.620742,Reduces Risk,numeric__feedback_faculty_rating_current,-0.532544,Reduces Risk
S2616,numeric__feedback_satisfaction_score_avg_3m,0.685567,Increases Risk,numeric__feedback_satisfaction_score_current,-0.55721,Reduces Risk,numeric__engagement_hackathons_attended_std_3m,-0.55575,Reduces Risk,numeric__lms_assignment_completion_pct_avg_3m,-0.466228,Reduces Risk,numeric__placement_aptitude_score_current,-0.44799,Reduces Risk,numeric__attendance_overall_attendance_current,1.258023,Increases Risk,numeric__attendance_overall_attendance_avg_3m,-0.934131,Reduces Risk,numeric__attendance_subject_attendance_avg_3m,-0.90593,Reduces Risk,numeric__engagement_hackathons_attended_current,0.859109,Increases Risk,numeric__attendance_subject_attendance_current,0.803948,Increases Risk
S2617,numeric__academic_warning_score,1.988396,Increases Risk,numeric__lms_assignment_completion_pct_avg_3m,-0.878715,Reduces Risk,numeric__attendance_declining_flag,-0.74125,Reduces Risk,numeric__academic_cgpa_current,-0.71544,Reduces Risk,numeric__lms_logins_per_week_slope_3m,-0.641126,Reduces Risk,numeric__attendance_overall_attendance_current,1.90699,Increases Risk,numeric__critical_attendance_flag,-0.997756,Reduces Risk,numeric__attendance_overall_attendance_avg_3m,-0.916452,Reduces Risk,numeric__low_lms_flag,0.913609,Increases Risk,numeric__academic_warning_score,-0.794256,Reduces Risk
S2618,numeric__engagement_events_attended_slope_3m,0.71001,Increases Risk,numeric__placement_coding_score_avg_3m,-0.686666,Reduces Risk,numeric__skills_tech_skills_score_avg_3m,0.673475,Increases Risk,numeric__academic_warning_score,-0.535286,Reduces Risk,numeric__attendance_overall_attendance_std_3m,-0.528516,Reduces Risk,numeric__engagement_strength,-0.905872,Reduces Risk,numeric__academic_subject_score_avg_slope_3m,0.519067,Increases Risk,numeric__academic_internal_marks_slope_3m,-0.48295,Reduces Risk,numeric__placement_coding_score_slope_3m,-0.396872,Reduces Risk,numeric__engagement_certifications_count_current,0.39235,Increases Risk
S2619,numeric__placement_coding_score_avg_3m,0.778397,Increases Risk,numeric__skills_tech_skills_score_avg_3m,-0.708485,Reduces Risk,numeric__feedback_satisfaction_score_current,0.50955,Increases Risk,numeric__cgpa_declining_flag,0.487485,Increases Risk,numeric__feedback_satisfaction_score_avg_3m,-0.403676,Reduces Risk,numeric__attendance_overall_attendance_current,-1.467639,Reduces Risk,numeric__attendance_overall_attendance_avg_3m,0.985351,Increases Risk,numeric__attendance_subject_attendance_avg_3m,0.932451,Increases Risk,numeric__engagement_hackathons_attended_current,0.859109,Increases Risk,numeric__attendance_subject_attendance_current,-0.778127,Reduces Risk
S2620,numeric__placement_coding_score_avg_3m,1.339952,Increases Risk,numeric__skills_tech_skills_score_avg_3m,-0.997161,Reduces Risk,numeric__feedback_satisfaction_score_avg_3m,0.695292,Increases Risk,numeric__engagement_hackathons_attended_current,0.677675,Increases Risk,numeric__lms_assignment_completion_pct_avg_3m,-0.636912,Reduces Risk,numeric__engagement_hackathons_attended_current,1.813675,Increases Risk,numeric__low_lms_flag,0.913609,Increases Risk,numeric__placement_coding_score_avg_3m,-0.660247,Reduces Risk,numeric__engagement_events_attended_current,-0.630014,Reduces Risk,numeric__academic_internal_marks_avg_3m,-0.588525,Reduces Risk
S2621,numeric__skills_tech_skills_score_avg_3m,-1.153783,Reduces Risk,numeric__placement_coding_score_avg_3m,0.96349,Increases Risk,numeric__academic_warning_score,-0.668112,Reduces Risk,numeric__skills_soft_skills_score_avg_3m,0.623545,Increases Risk,numeric__engagement_events_attended_slope_3m,-0.56355,Reduces Risk,numeric__engagement_club_participations_current,-0.547287,Reduces Risk,numeric__skills_tech_skills_score_avg_3m,0.519802,Increases Risk,numeric__placement_mock_interview_score_current,-0.51523,Reduces Risk,numeric__skills_soft_skills_score_std_3m,-0.503659,Reduces Risk,numeric__placement_coding_score_avg_3m,-0.47475,Reduces Risk
S2622,numeric__academic_warning_score,1.722745,Increases Risk,numeric__feedback_satisfaction_score_avg_3m,1.08917,Increases Risk,numeric__lms_assignment_completion_pct_avg_3m,-1.047028,Reduces Risk,numeric__academic_backlogs_slope_3m,0.781385,Increases Risk,numeric__attendance_declining_flag,-0.74125,Reduces Risk,numeric__attendance_overall_attendance_current,1.928622,Increases Risk,numeric__attendance_overall_attendance_avg_3m,-1.290246,Reduces Risk,numeric__critical_attendance_flag,-0.997756,Reduces Risk,numeric__attendance_subject_attendance_avg_3m,-0.931545,Reduces Risk,numeric__low_lms_flag,0.913609,Increases Risk
S2623,numeric__placement_coding_score_avg_3m,1.082703,Increases Risk,numeric__academic_backlogs_avg_3m,-0.955781,Reduces Risk,numeric__skills_tech_skills_score_avg_3m,-0.8129,Reduces Risk,numeric__academic_cgpa_current,0.717214,Increases Risk,numeric__lms_logins_per_week_slope_3m,-0.641126,Reduces Risk,numeric__attendance_overall_attendance_current,1.528426,Increases Risk,numeric__attendance_overall_attendance_avg_3m,-1.06799,Reduces Risk,numeric__attendance_subject_attendance_avg_3m,-0.880315,Reduces Risk,numeric__placement_coding_score_avg_3m,-0.533491,Reduces Risk,numeric__attendance_subject_attendance_current,0.523513,Increases Risk
S2624,numeric__academic_cgpa_current,1.112899,Increases Risk,numeric__placement_aptitude_score_current,-0.986234,Reduces Risk,numeric__placement_coding_score_slope_3m,-0.720804,Reduces Risk,numeric__skills_tech_skills_score_avg_3m,-0.60407,Reduces Risk,numeric__engagement_events_attended_slope_3m,-0.56355,Reduces Risk,numeric__academic_internal_marks_avg_3m,-1.097104,Reduces Risk,numeric__placement_aptitude_score_current,0.962277,Increases Risk,numeric__engagement_hackathons_attended_current,0.859109,Increases Risk,numeric__academic_cgpa_avg_3m,-0.667049,Reduces Risk,numeric__placement_coding_score_slope_3m,0.664324,Increases Risk
S2625,numeric__attendance_declining_flag,-0.74125,Reduces Risk,numeric__skills_soft_skills_score_avg_3m,-0.707048,Reduces Risk,numeric__attendance_overall_attendance_std_3m,0.687376,Increases Risk,numeric__feedback_satisfaction_score_avg_3m,0.670979,Increases Risk,numeric__placement_coding_score_avg_3m,-0.614511,Reduces Risk,numeric__attendance_overall_attendance_current,1.009252,Increases Risk,numeric__attendance_subject_attendance_current,0.676959,Increases Risk,numeric__low_attendance_flag,-0.491842,Reduces Risk,numeric__attendance_overall_attendance_std_3m,-0.476728,Reduces Risk,numeric__attendance_overall_attendance_slope_3m,-0.435945,Reduces Risk
S2626,numeric__academic_cgpa_current,1.065144,Increases Risk,numeric__academic_warning_score,-0.933762,Reduces Risk,numeric__placement_aptitude_score_current,-0.923829,Reduces Risk,numeric__feedback_satisfaction_score_avg_3m,0.568862,Increases Risk,numeric__placement_coding_score_slope_3m,-0.520558,Reduces Risk,numeric__academic_internal_marks_avg_3m,-1.200661,Reduces Risk,numeric__placement_aptitude_score_current,0.901359,Increases Risk,numeric__engagement_hackathons_attended_current,0.859109,Increases Risk,numeric__engagement_events_attended_current,-0.630014,Reduces Risk,numeric__academic_cgpa_avg_3m,-0.617605,Reduces Risk
S2627,numeric__placement_coding_score_avg_3m,1.69759,Increases Risk,numeric__skills_tech_skills_score_avg_3m,-1.356471,Reduces Risk,numeric__feedback_satisfaction_score_avg_3m,0.821722,Increases Risk,numeric__feedback_faculty_rating_avg_3m,-0.723357,Reduces Risk,numeric__engagement_hackathons_attended_current,0.677675,Increases Risk,numeric__engagement_hackathons_attended_current,1.813675,Increases Risk,numeric__engagement_strength,-1.279427,Reduces Risk,numeric__attendance_overall_attendance_current,1.225574,Increases Risk,numeric__attendance_overall_attendance_avg_3m,-0.956862,Reduces Risk,numeric__attendance_subject_attendance_current,0.872734,Increases Risk
S2628,numeric__skills_tech_skills_score_avg_3m,-0.622496,Reduces Risk,numeric__attendance_overall_attendance_std_3m,-0.563256,Reduces Risk,numeric__engagement_hackathons_attended_std_3m,-0.55575,Reduces Risk,numeric__feedback_satisfaction_score_avg_3m,-0.510656,Reduces Risk,numeric__placement_mock_interview_score_avg_3m,-0.436591,Reduces Risk,numeric__attendance_overall_attendance_current,0.879459,Increases Risk,numeric__attendance_overall_attendance_avg_3m,-0.593171,Reduces Risk,numeric__low_attendance_flag,-0.491842,Reduces Risk,numeric__academic_internal_marks_slope_3m,-0.409854,Reduces Risk,numeric__attendance_overall_attendance_std_3m,0.390628,Increases Risk
S2629,numeric__lms_assignment_completion_pct_avg_3m,-2.258411,Reduces Risk,numeric__academic_warning_score,1.58992,Increases Risk,numeric__placement_coding_score_avg_3m,-1.464686,Reduces Risk,numeric__lms_assignment_completion_pct_current,1.320599,Increases Risk,numeric__skills_soft_skills_score_avg_3m,-1.293766,Reduces Risk,numeric__attendance_overall_attendance_current,3.194108,Increases Risk,numeric__attendance_overall_attendance_avg_3m,-2.313128,Reduces Risk,numeric__attendance_subject_attendance_avg_3m,-1.956152,Reduces Risk,numeric__attendance_subject_attendance_current,1.576466,Increases Risk,numeric__low_coding_flag,1.487088,Increases Risk
S2630,numeric__placement_coding_score_avg_3m,-1.417628,Reduces Risk,numeric__skills_tech_skills_score_avg_3m,1.04814,Increases Risk,numeric__skills_soft_skills_score_avg_3m,-0.958498,Reduces Risk,numeric__placement_mock_interview_score_avg_3m,0.936263,Increases Risk,numeric__placement_aptitude_score_current,0.862516,Increases Risk,numeric__placement_mock_interview_score_current,0.890667,Increases Risk,numeric__placement_aptitude_score_current,-0.842421,Reduces Risk,numeric__engagement_strength,0.775128,Increases Risk,numeric__placement_mock_interview_score_avg_3m,0.771915,Increases Risk,numeric__placement_coding_score_avg_3m,0.698521,Increases Risk
S2631,numeric__placement_coding_score_avg_3m,1.14231,Increases Risk,numeric__skills_soft_skills_score_avg_3m,0.985005,Increases Risk,numeric__skills_tech_skills_score_avg_3m,-0.892746,Reduces Risk,numeric__attendance_declining_flag,-0.74125,Reduces Risk,numeric__placement_aptitude_score_current,-0.658608,Reduces Risk,numeric__academic_internal_marks_avg_3m,-0.885388,Reduces Risk,numeric__engagement_hackathons_attended_current,0.859109,Increases Risk,numeric__attendance_overall_attendance_avg_3m,0.766884,Increases Risk,numeric__placement_aptitude_score_current,0.642457,Increases Risk,numeric__placement_mock_interview_score_current,-0.566457,Reduces Risk
S2632,numeric__academic_backlogs_slope_3m,0.781385,Increases Risk,numeric__feedback_satisfaction_score_avg_3m,-0.73434,Reduces Risk,numeric__attendance_overall_attendance_std_3m,-0.518867,Reduces Risk,numeric__academic_cgpa_current,-0.517598,Reduces Risk,numeric__placement_mock_interview_score_current,-0.495352,Reduces Risk,numeric__engagement_strength,-1.652983,Reduces Risk,numeric__engagement_hackathons_attended_current,0.859109,Increases Risk,numeric__placement_mock_interview_score_current,-0.754289,Reduces Risk,numeric__skills_soft_skills_score_std_3m,0.553596,Increases Risk,numeric__placement_mock_interview_score_std_3m,-0.434298,Reduces Risk
S2633,numeric__attendance_declining_flag,-0.74125,Reduces Risk,numeric__engagement_events_attended_slope_3m,-0.56355,Reduces Risk,numeric__engagement_hackathons_attended_std_3m,-0.55575,Reduces Risk,numeric__cgpa_declining_flag,0.487485,Increases Risk,numeric__academic_cgpa_current,0.45115,Increases Risk,numeric__feedback_satisfaction_score_slope_3m,0.719041,Increases Risk,numeric__placement_mock_interview_score_std_3m,-0.511594,Reduces Risk,numeric__skills_soft_skills_score_std_3m,0.420958,Increases Risk,numeric__academic_internal_marks_avg_3m,-0.369905,Reduces Risk,numeric__engagement_events_attended_current,0.359537,Increases Risk
S2634,numeric__academic_warning_score,1.988396,Increases Risk,numeric__lms_assignment_completion_pct_avg_3m,-0.800485,Reduces Risk,numeric__attendance_declining_flag,-0.74125,Reduces Risk,numeric__academic_cgpa_current,-0.71544,Reduces Risk,numeric__attendance_overall_attendance_std_3m,0.684826,Increases Risk,numeric__attendance_overall_attendance_current,1.744748,Increases Risk,numeric__attendance_subject_attendance_current,1.195499,Increases Risk,numeric__critical_attendance_flag,-0.997756,Reduces Risk,numeric__low_lms_flag,0.913609,Increases Risk,numeric__attendance_overall_attendance_avg_3m,-0.845734,Reduces Risk
S2635,numeric__lms_assignment_completion_pct_avg_3m,-1.13237,Reduces Risk,numeric__feedback_satisfaction_score_avg_3m,0.96274,Increases Risk,numeric__placement_aptitude_score_slope_3m,0.785866,Increases Risk,numeric__placement_aptitude_score_current,-0.767816,Reduces Risk,numeric__academic_cgpa_current,0.737681,Increases Risk,numeric__attendance_overall_attendance_current,1.030884,Increases Risk,numeric__low_lms_flag,0.913609,Increases Risk,numeric__attendance_overall_attendance_avg_3m,-0.878567,Reduces Risk,numeric__engagement_hackathons_attended_current,0.859109,Increases Risk,numeric__placement_aptitude_score_slope_3m,-0.832497,Reduces Risk
S2636,numeric__placement_aptitude_score_current,-1.290459,Reduces Risk,numeric__placement_coding_score_avg_3m,1.101526,Increases Risk,numeric__academic_cgpa_current,0.928701,Increases Risk,numeric__attendance_declining_flag,-0.74125,Reduces Risk,numeric__placement_mock_interview_score_avg_3m,-0.736052,Reduces Risk,numeric__placement_aptitude_score_current,1.259253,Increases Risk,numeric__academic_internal_marks_avg_3m,-0.919907,Reduces Risk,numeric__skills_soft_skills_score_std_3m,-0.719707,Reduces Risk,numeric__placement_mock_interview_score_avg_3m,-0.606848,Reduces Risk,numeric__academic_cgpa_avg_3m,-0.567455,Reduces Risk
S2637,numeric__placement_coding_score_avg_3m,0.809769,Increases Risk,numeric__skills_tech_skills_score_avg_3m,-0.536508,Reduces Risk,numeric__academic_warning_score,-0.535286,Reduces Risk,numeric__lms_logins_per_week_slope_3m,0.506018,Increases Risk,numeric__placement_aptitude_score_current,0.371076,Increases Risk,numeric__engagement_strength,0.775128,Increases Risk,numeric__attendance_overall_attendance_current,-0.634798,Reduces Risk,numeric__academic_subject_score_avg_slope_3m,0.507937,Increases Risk,numeric__academic_internal_marks_slope_3m,-0.478651,Reduces Risk,numeric__attendance_overall_attendance_avg_3m,0.44234,Increases Risk
S2638,numeric__academic_warning_score,1.191444,Increases Risk,numeric__lms_assignment_completion_pct_avg_3m,-0.719884,Reduces Risk,numeric__engagement_events_attended_slope_3m,0.71001,Increases Risk,numeric__engagement_hackathons_attended_current,0.677675,Increases Risk,numeric__attendance_overall_attendance_avg_3m,0.542228,Increases Risk,numeric__attendance_overall_attendance_current,1.971887,Increases Risk,numeric__engagement_strength,-1.839761,Reduces Risk,numeric__engagement_hackathons_attended_current,1.813675,Increases Risk,numeric__attendance_overall_attendance_avg_3m,-1.489771,Reduces Risk,numeric__attendance_subject_attendance_avg_3m,-1.175874,Reduces Risk
S2639,numeric__placement_coding_score_avg_3m,-1.100773,Reduces Risk,numeric__academic_backlogs_avg_3m,-0.955781,Reduces Risk,numeric__skills_tech_skills_score_avg_3m,0.894589,Increases Risk,numeric__skills_soft_skills_score_avg_3m,-0.890397,Reduces Risk,numeric__placement_mock_interview_score_avg_3m,0.846814,Increases Risk,numeric__placement_mock_interview_score_current,0.902051,Increases Risk,numeric__skills_soft_skills_score_std_3m,0.765024,Increases Risk,numeric__placement_mock_interview_score_avg_3m,0.698167,Increases Risk,numeric__feedback_faculty_rating_current,0.54412,Increases Risk,numeric__placement_coding_score_avg_3m,0.542394,Increases Risk
S2640,numeric__placement_coding_score_slope_3m,0.872825,Increases Risk,numeric__placement_aptitude_score_current,-0.869225,Reduces Risk,numeric__feedback_faculty_rating_avg_3m,-0.723357,Reduces Risk,numeric__academic_cgpa_current,0.683103,Increases Risk,numeric__academic_warning_score,-0.668112,Reduces Risk,numeric__engagement_strength,-0.905872,Reduces Risk,numeric__placement_aptitude_score_current,0.848056,Increases Risk,numeric__placement_coding_score_slope_3m,-0.804433,Reduces Risk,numeric__feedback_satisfaction_score_slope_3m,-0.762619,Reduces Risk,numeric__placement_mock_interview_score_current,-0.651835,Reduces Risk
S2641,numeric__placement_coding_score_avg_3m,1.236425,Increases Risk,numeric__skills_tech_skills_score_avg_3m,-0.852823,Reduces Risk,numeric__lms_assignment_completion_pct_avg_3m,0.674036,Increases Risk,numeric__academic_warning_score,-0.668112,Reduces Risk,numeric__lms_logins_per_week_slope_3m,-0.513666,Reduces Risk,numeric__attendance_overall_attendance_current,-1.024178,Reduces Risk,numeric__engagement_strength,-0.905872,Reduces Risk,numeric__placement_coding_score_avg_3m,-0.609235,Reduces Risk,numeric__engagement_club_participations_current,-0.547287,Reduces Risk,numeric__attendance_subject_attendance_avg_3m,0.455615,Increases Risk
S2642,numeric__academic_warning_score,-0.933762,Reduces Risk,numeric__skills_tech_skills_score_avg_3m,0.876163,Increases Risk,numeric__placement_coding_score_avg_3m,-0.696077,Reduces Risk,numeric__placement_aptitude_score_current,-0.658608,Reduces Risk,numeric__engagement_hackathons_attended_std_3m,-0.55575,Reduces Risk,numeric__placement_aptitude_score_current,0.642457,Increases Risk,numeric__placement_mock_interview_score_current,0.554845,Increases Risk,numeric__attendance_overall_attendance_current,-0.505005,Reduces Risk,numeric__attendance_subject_attendance_current,-0.471236,Reduces Risk,numeric__attendance_subject_attendance_avg_3m,0.445763,Increases Risk
S2643,numeric__placement_coding_score_avg_3m,-1.552527,Reduces Risk,numeric__skills_tech_skills_score_avg_3m,1.450444,Increases Risk,numeric__skills_soft_skills_score_avg_3m,-0.934925,Reduces Risk,numeric__placement_aptitude_score_current,0.878117,Increases Risk,numeric__placement_mock_interview_score_avg_3m,0.753475,Increases Risk,numeric__attendance_overall_attendance_current,1.268839,Increases Risk,numeric__academic_internal_marks_avg_3m,0.923404,Increases Risk,numeric__placement_aptitude_score_current,-0.85765,Reduces Risk,numeric__attendance_subject_attendance_current,0.809239,Increases Risk,numeric__placement_coding_score_avg_3m,0.764991,Increases Risk
S2644,numeric__placement_coding_score_avg_3m,0.907021,Increases Risk,numeric__skills_tech_skills_score_avg_3m,-0.883533,Reduces Risk,numeric__feedback_satisfaction_score_avg_3m,-0.700301,Reduces Risk,numeric__placement_aptitude_score_current,-0.604003,Reduces Risk,numeric__placement_aptitude_score_slope_3m,0.516569,Increases Risk,numeric__attendance_overall_attendance_current,-1.997629,Reduces Risk,numeric__engagement_strength,-1.09265,Reduces Risk,numeric__attendance_overall_attendance_avg_3m,1.086377,Increases Risk,numeric__attendance_subject_attendance_avg_3m,0.940333,Increases Risk,numeric__attendance_subject_attendance_current,-0.894534,Reduces Risk
S2645,numeric__feedback_satisfaction_score_avg_3m,-1.429705,Reduces Risk,numeric__lms_assignment_completion_pct_avg_3m,1.254836,Increases Risk,numeric__feedback_satisfaction_score_current,0.853666,Increases Risk,numeric__skills_soft_skills_score_avg_3m,0.848803,Increases Risk,numeric__placement_aptitude_score_current,0.768909,Increases Risk,numeric__attendance_overall_attendance_current,-1.32703,Reduces Risk,numeric__attendance_overall_attendance_avg_3m,1.308632,Increases Risk,numeric__attendance_subject_attendance_avg_3m,0.885162,Increases Risk,numeric__placement_mock_interview_score_current,-0.811208,Reduces Risk,numeric__placement_aptitude_score_current,-0.751044,Reduces Risk
S2646,numeric__placement_coding_score_avg_3m,1.700727,Increases Risk,numeric__skills_tech_skills_score_avg_3m,-1.356471,Reduces Risk,numeric__academic_cgpa_current,0.867302,Increases Risk,numeric__feedback_faculty_rating_avg_3m,-0.854586,Reduces Risk,numeric__skills_soft_skills_score_avg_3m,0.793798,Increases Risk,numeric__placement_mock_interview_score_current,-1.004732,Reduces Risk,numeric__academic_internal_marks_avg_3m,-0.961329,Reduces Risk,numeric__placement_coding_score_avg_3m,-0.838015,Reduces Risk,numeric__skills_tech_skills_score_avg_3m,0.611116,Increases Risk,numeric__placement_mock_interview_score_avg_3m,-0.608451,Reduces Risk
S2647,numeric__academic_warning_score,1.324269,Increases Risk,numeric__placement_coding_score_avg_3m,1.092115,Increases Risk,numeric__skills_tech_skills_score_avg_3m,-0.782189,Reduces Risk,numeric__attendance_declining_flag,-0.74125,Reduces Risk,numeric__attendance_overall_attendance_std_3m,0.641151,Increases Risk,numeric__attendance_overall_attendance_current,2.10168,Increases Risk,numeric__attendance_overall_attendance_avg_3m,-1.156387,Reduces Risk,numeric__attendance_subject_attendance_current,1.11613,Increases Risk,numeric__engagement_strength,-1.09265,Reduces Risk,numeric__critical_attendance_flag,-0.997756,Reduces Risk
S2648,numeric__placement_coding_score_avg_3m,-0.969012,Reduces Risk,numeric__academic_warning_score,-0.933762,Reduces Risk,numeric__skills_tech_skills_score_avg_3m,0.811671,Increases Risk,numeric__placement_mock_interview_score_avg_3m,0.75542,Increases Risk,numeric__skills_soft_skills_score_avg_3m,-0.680855,Reduces Risk,numeric__engagement_hackathons_attended_current,-1.050022,Reduces Risk,numeric__engagement_strength,0.961905,Increases Risk,numeric__placement_mock_interview_score_current,0.947586,Increases Risk,numeric__placement_mock_interview_score_avg_3m,0.622816,Increases Risk,numeric__skills_soft_skills_score_current,-0.591623,Reduces Risk
S2649,numeric__placement_coding_score_avg_3m,1.023097,Increases Risk,numeric__academic_warning_score,-0.933762,Reduces Risk,numeric__skills_tech_skills_score_avg_3m,-0.865107,Reduces Risk,numeric__engagement_events_attended_slope_3m,0.71001,Increases Risk,numeric__engagement_strength,-0.699395,Reduces Risk,numeric__engagement_strength,-2.400094,Reduces Risk,numeric__engagement_hackathons_attended_current,1.813675,Increases Risk,numeric__attendance_overall_attendance_current,-1.272949,Reduces Risk,numeric__attendance_subject_attendance_current,-0.756962,Reduces Risk,numeric__attendance_overall_attendance_avg_3m,0.755518,Increases Risk
S2650,numeric__placement_aptitude_score_current,1.221345,Increases Risk,numeric__placement_coding_score_avg_3m,-1.201163,Reduces Risk,numeric__attendance_declining_flag,-0.74125,Reduces Risk,numeric__attendance_overall_attendance_std_3m,0.716786,Increases Risk,numeric__skills_tech_skills_score_avg_3m,0.667333,Increases Risk,numeric__placement_aptitude_score_current,-1.1927,Reduces Risk,numeric__engagement_hackathons_attended_current,-1.050022,Reduces Risk,numeric__attendance_overall_attendance_avg_3m,0.912108,Increases Risk,numeric__attendance_overall_attendance_current,-0.807856,Reduces Risk,numeric__academic_subject_score_avg_slope_3m,-0.694104,Reduces Risk
S2651,numeric__academic_warning_score,1.988396,Increases Risk,numeric__skills_tech_skills_score_avg_3m,-1.47624,Reduces Risk,numeric__placement_coding_score_avg_3m,1.43093,Increases Risk,numeric__academic_backlogs_slope_3m,0.781385,Increases Risk,numeric__attendance_declining_flag,-0.74125,Reduces Risk,numeric__attendance_overall_attendance_current,2.155761,Increases Risk,numeric__attendance_overall_attendance_avg_3m,-1.196797,Reduces Risk,numeric__attendance_subject_attendance_current,1.110839,Increases Risk,numeric__critical_attendance_flag,-0.997756,Reduces Risk,numeric__attendance_subject_attendance_avg_3m,-0.915782,Reduces Risk
S2652,numeric__placement_coding_score_slope_3m,-0.50387,Reduces Risk,numeric__placement_coding_score_avg_3m,-0.489023,Reduces Risk,numeric__cgpa_declining_flag,0.487485,Increases Risk,numeric__placement_coding_score_current,0.422092,Increases Risk,numeric__academic_backlogs_avg_3m,-0.335144,Reduces Risk,numeric__placement_coding_score_slope_3m,0.464389,Increases Risk,numeric__skills_soft_skills_score_std_3m,-0.418326,Reduces Risk,numeric__academic_internal_marks_avg_3m,-0.353796,Reduces Risk,numeric__attendance_overall_attendance_current,-0.353579,Reduces Risk,numeric__engagement_strength,-0.345539,Reduces Risk
S2653,numeric__placement_coding_score_avg_3m,0.969765,Increases Risk,numeric__academic_cgpa_current,0.764969,Increases Risk,numeric__skills_tech_skills_score_avg_3m,-0.705414,Reduces Risk,numeric__engagement_events_attended_slope_3m,-0.56355,Reduces Risk,numeric__engagement_hackathons_attended_std_3m,-0.55575,Reduces Risk,numeric__attendance_overall_attendance_current,-0.905201,Reduces Risk,numeric__skills_soft_skills_score_std_3m,0.792315,Increases Risk,numeric__engagement_strength,0.775128,Increases Risk,numeric__feedback_satisfaction_score_slope_3m,0.727757,Increases Risk,numeric__academic_internal_marks_avg_3m,-0.556307,Reduces Risk
S2654,numeric__academic_backlogs_avg_3m,-1.783297,Reduces Risk,numeric__academic_cgpa_current,-1.643254,Reduces Risk,numeric__placement_aptitude_score_current,1.377358,Increases Risk,numeric__placement_coding_score_avg_3m,-1.069402,Reduces Risk,numeric__feedback_faculty_rating_avg_3m,0.859589,Increases Risk,numeric__placement_aptitude_score_current,-1.344995,Reduces Risk,numeric__academic_internal_marks_avg_3m,1.22487,Increases Risk,numeric__academic_cgpa_avg_3m,0.920792,Increases Risk,numeric__academic_cgpa_current,0.902812,Increases Risk,numeric__feedback_satisfaction_score_slope_3m,-0.823629,Reduces Risk
S2655,numeric__placement_coding_score_avg_3m,-1.652917,Reduces Risk,numeric__skills_tech_skills_score_avg_3m,1.355242,Increases Risk,numeric__placement_aptitude_score_current,0.971725,Increases Risk,numeric__skills_soft_skills_score_avg_3m,-0.840631,Reduces Risk,numeric__placement_mock_interview_score_avg_3m,0.763198,Increases Risk,numeric__engagement_strength,1.522238,Increases Risk,numeric__attendance_overall_attendance_current,1.51761,Increases Risk,numeric__engagement_hackathons_attended_current,-1.050022,Reduces Risk,numeric__attendance_subject_attendance_current,0.989141,Increases Risk,numeric__placement_aptitude_score_current,-0.949028,Reduces Risk
S2656,numeric__placement_aptitude_score_current,-0.986234,Reduces Risk,numeric__feedback_satisfaction_score_avg_3m,0.797409,Increases Risk,numeric__academic_warning_score,-0.668112,Reduces Risk,numeric__lms_assignment_completion_pct_avg_3m,-0.625059,Reduces Risk,numeric__engagement_hackathons_attended_std_3m,-0.55575,Reduces Risk,numeric__placement_aptitude_score_current,0.962277,Increases Risk,numeric__engagement_hackathons_attended_current,0.859109,Increases Risk,numeric__feedback_faculty_rating_slope_3m,0.625525,Increases Risk,numeric__placement_mock_interview_score_current,0.554845,Increases Risk,numeric__feedback_faculty_rating_current,0.54412,Increases Risk
S2657,numeric__placement_coding_score_avg_3m,1.371324,Increases Risk,numeric__skills_tech_skills_score_avg_3m,-1.046297,Reduces Risk,numeric__placement_aptitude_score_current,-1.017437,Reduces Risk,numeric__academic_warning_score,-0.933762,Reduces Risk,numeric__skills_soft_skills_score_avg_3m,0.707362,Increases Risk,numeric__engagement_strength,-1.09265,Reduces Risk,numeric__placement_aptitude_score_current,0.992736,Increases Risk,numeric__skills_soft_skills_score_std_3m,0.936946,Increases Risk,numeric__engagement_hackathons_attended_current,0.859109,Increases Risk,numeric__placement_coding_score_avg_3m,-0.675705,Reduces Risk
S2658,numeric__feedback_satisfaction_score_avg_3m,0.923839,Increases Risk,numeric__academic_cgpa_current,0.915057,Increases Risk,numeric__lms_assignment_completion_pct_avg_3m,-0.909533,Reduces Risk,numeric__placement_coding_score_avg_3m,0.693693,Increases Risk,numeric__engagement_hackathons_attended_std_3m,0.676045,Increases Risk,numeric__low_lms_flag,0.913609,Increases Risk,numeric__engagement_strength,0.775128,Increases Risk,numeric__engagement_events_attended_current,-0.630014,Reduces Risk,numeric__academic_internal_marks_avg_3m,-0.59773,Reduces Risk,numeric__engagement_club_participations_current,-0.547287,Reduces Risk
S2659,numeric__academic_warning_score,-0.933762,Reduces Risk,numeric__lms_assignment_completion_pct_avg_3m,0.918209,Increases Risk,numeric__engagement_strength,-0.808251,Reduces Risk,numeric__lms_assignment_completion_pct_current,-0.501611,Reduces Risk,numeric__placement_mock_interview_score_avg_3m,-0.450203,Reduces Risk,numeric__engagement_strength,-2.773649,Reduces Risk,numeric__attendance_overall_attendance_current,-1.867836,Reduces Risk,numeric__engagement_certifications_count_current,1.482213,Increases Risk,numeric__attendance_overall_attendance_avg_3m,1.111633,Increases Risk,numeric__attendance_subject_attendance_current,-1.069144,Reduces Risk
S2660,numeric__academic_cgpa_missing,-6.777757,Reduces Risk,numeric__lms_logins_per_week_slope_3m,-0.768587,Reduces Risk,numeric__feedback_satisfaction_score_avg_3m,0.719606,Increases Risk,numeric__feedback_satisfaction_score_current,-0.514195,Reduces Risk,numeric__cgpa_declining_flag,0.487485,Increases Risk,numeric__academic_cgpa_missing,-1.51499,Reduces Risk,numeric__attendance_overall_attendance_current,-1.18642,Reduces Risk,numeric__low_lms_flag,0.913609,Increases Risk,numeric__engagement_strength,0.775128,Increases Risk,numeric__attendance_subject_attendance_current,-0.524148,Reduces Risk
S2661,numeric__lms_assignment_completion_pct_avg_3m,1.048593,Increases Risk,numeric__attendance_overall_attendance_std_3m,0.965028,Increases Risk,numeric__academic_warning_score,-0.933762,Reduces Risk,numeric__feedback_satisfaction_score_avg_3m,-0.88022,Reduces Risk,numeric__placement_mock_interview_score_avg_3m,-0.734108,Reduces Risk,numeric__attendance_overall_attendance_current,-2.170687,Reduces Risk,numeric__attendance_overall_attendance_avg_3m,1.192453,Increases Risk,numeric__attendance_subject_attendance_current,-0.894534,Reduces Risk,numeric__attendance_subject_attendance_avg_3m,0.822109,Increases Risk,numeric__placement_mock_interview_score_current,-0.685986,Reduces Risk
S2662,numeric__engagement_events_attended_slope_3m,1.0284,Increases Risk,numeric__engagement_hackathons_attended_std_3m,0.676045,Increases Risk,numeric__academic_cgpa_std_3m,-0.641245,Reduces Risk,numeric__academic_cgpa_current,-0.592641,Reduces Risk,numeric__placement_mock_interview_score_avg_3m,0.562909,Increases Risk,numeric__engagement_hackathons_attended_current,-1.050022,Reduces Risk,numeric__engagement_events_attended_current,0.689387,Increases Risk,numeric__placement_mock_interview_score_avg_3m,0.464098,Increases Risk,numeric__academic_internal_marks_slope_3m,0.441501,Increases Risk,numeric__placement_aptitude_score_current,-0.431224,Reduces Risk
S2663,numeric__placement_coding_score_avg_3m,-1.555664,Reduces Risk,numeric__skills_tech_skills_score_avg_3m,0.860808,Increases Risk,numeric__attendance_declining_flag,-0.74125,Reduces Risk,numeric__lms_assignment_completion_pct_avg_3m,0.669295,Increases Risk,numeric__placement_aptitude_score_current,0.54269,Increases Risk,numeric__engagement_strength,-0.905872,Reduces Risk,numeric__placement_coding_score_avg_3m,0.766537,Increases Risk,numeric__engagement_events_attended_current,0.689387,Increases Risk,numeric__placement_aptitude_score_current,-0.530216,Reduces Risk,numeric__skills_soft_skills_score_std_3m,0.501882,Increases Risk
S2664,numeric__academic_backlogs_slope_3m,0.781385,Increases Risk,numeric__engagement_events_attended_slope_3m,0.71001,Increases Risk,numeric__academic_backlogs_avg_3m,-0.542023,Reduces Risk,numeric__academic_warning_score,0.527317,Increases Risk,numeric__feedback_faculty_rating_current,0.51786,Increases Risk,numeric__feedback_faculty_rating_current,0.641263,Increases Risk,numeric__attendance_overall_attendance_avg_3m,-0.623478,Reduces Risk,numeric__placement_mock_interview_score_current,-0.623376,Reduces Risk,numeric__attendance_overall_attendance_current,0.59824,Increases Risk,numeric__low_attendance_flag,-0.491842,Reduces Risk
S2665,numeric__academic_warning_score,1.988396,Increases Risk,numeric__academic_backlogs_slope_3m,0.781385,Increases Risk,numeric__attendance_declining_flag,-0.74125,Reduces Risk,numeric__lms_assignment_completion_pct_avg_3m,-0.606095,Reduces Risk,numeric__attendance_overall_attendance_avg_3m,0.56337,Increases Risk,numeric__attendance_overall_attendance_current,2.588406,Increases Risk,numeric__attendance_overall_attendance_avg_3m,-1.54786,Reduces Risk,numeric__attendance_subject_attendance_avg_3m,-1.246808,Reduces Risk,numeric__attendance_subject_attendance_current,0.999723,Increases Risk,numeric__critical_attendance_flag,-0.997756,Reduces Risk
S2666,numeric__academic_cgpa_current,-0.790484,Reduces Risk,numeric__academic_warning_score,-0.668112,Reduces Risk,numeric__feedback_satisfaction_score_avg_3m,-0.569008,Reduces Risk,numeric__engagement_events_attended_slope_3m,-0.56355,Reduces Risk,numeric__engagement_strength,0.443585,Increases Risk,numeric__engagement_strength,1.522238,Increases Risk,numeric__engagement_hackathons_attended_current,-1.050022,Reduces Risk,numeric__academic_internal_marks_avg_3m,0.909597,Increases Risk,numeric__academic_cgpa_avg_3m,0.474389,Increases Risk,numeric__academic_cgpa_current,0.434296,Increases Risk
S2667,numeric__engagement_hackathons_attended_std_3m,1.073761,Increases Risk,numeric__placement_coding_score_avg_3m,-1.063127,Reduces Risk,numeric__skills_soft_skills_score_avg_3m,1.050487,Increases Risk,numeric__feedback_satisfaction_score_avg_3m,-1.021238,Reduces Risk,numeric__feedback_satisfaction_score_current,0.83646,Increases Risk,numeric__engagement_hackathons_attended_current,1.813675,Increases Risk,numeric__attendance_overall_attendance_current,1.539242,Increases Risk,numeric__engagement_strength,-1.279427,Reduces Risk,numeric__attendance_subject_attendance_current,0.830404,Increases Risk,numeric__placement_mock_interview_score_current,-0.72583,Reduces Risk
S2668,numeric__placement_coding_score_avg_3m,1.443479,Increases Risk,numeric__skills_tech_skills_score_avg_3m,-1.258198,Reduces Risk,numeric__placement_aptitude_score_current,-1.212453,Reduces Risk,numeric__academic_warning_score,-0.933762,Reduces Risk,numeric__academic_cgpa_current,0.79908,Increases Risk,numeric__placement_aptitude_score_current,1.183105,Increases Risk,numeric__placement_coding_score_avg_3m,-0.711259,Reduces Risk,numeric__placement_mock_interview_score_current,-0.651835,Reduces Risk,numeric__skills_tech_skills_score_avg_3m,0.566842,Increases Risk,numeric__academic_internal_marks_avg_3m,-0.565512,Reduces Risk
S2669,numeric__skills_soft_skills_score_avg_3m,-1.06065,Reduces Risk,numeric__feedback_satisfaction_score_avg_3m,0.909251,Increases Risk,numeric__feedback_satisfaction_score_current,-0.849709,Reduces Risk,numeric__placement_mock_interview_score_avg_3m,0.784588,Increases Risk,numeric__lms_assignment_completion_pct_avg_3m,-0.745961,Reduces Risk,numeric__engagement_strength,-1.466205,Reduces Risk,numeric__engagement_certifications_count_current,0.937282,Increases Risk,numeric__attendance_overall_attendance_current,0.922723,Increases Risk,numeric__low_lms_flag,0.913609,Increases Risk,numeric__placement_mock_interview_score_current,0.867899,Increases Risk
S2670,numeric__placement_coding_score_avg_3m,-1.897617,Reduces Risk,numeric__skills_tech_skills_score_avg_3m,1.290751,Increases Risk,numeric__academic_cgpa_current,-0.783662,Reduces Risk,numeric__placement_mock_interview_score_avg_3m,0.743753,Increases Risk,numeric__placement_coding_score_current,0.711176,Increases Risk,numeric__low_coding_flag,1.487088,Increases Risk,numeric__academic_internal_marks_avg_3m,0.955622,Increases Risk,numeric__placement_coding_score_avg_3m,0.935031,Increases Risk,numeric__placement_mock_interview_score_avg_3m,0.613197,Increases Risk,numeric__skills_tech_skills_score_avg_3m,-0.581508,Reduces Risk
S2671,numeric__lms_assignment_completion_pct_avg_3m,1.257207,Increases Risk,numeric__placement_aptitude_score_current,0.932722,Increases Risk,numeric__engagement_events_attended_slope_3m,0.71001,Increases Risk,numeric__engagement_strength,-0.699395,Reduces Risk,numeric__lms_assignment_completion_pct_current,-0.69598,Reduces Risk,numeric__engagement_strength,-2.400094,Reduces Risk,numeric__attendance_overall_attendance_current,-2.170687,Reduces Risk,numeric__engagement_hackathons_attended_current,1.813675,Increases Risk,numeric__attendance_overall_attendance_avg_3m,1.439965,Increases Risk,numeric__attendance_subject_attendance_avg_3m,1.147225,Increases Risk
S2672,numeric__placement_coding_score_avg_3m,1.421518,Increases Risk,numeric__skills_soft_skills_score_avg_3m,1.210263,Increases Risk,numeric__placement_mock_interview_score_avg_3m,-0.973288,Reduces Risk,numeric__academic_warning_score,-0.933762,Reduces Risk,numeric__feedback_satisfaction_score_avg_3m,-0.923985,Reduces Risk,numeric__engagement_strength,-1.652983,Reduces Risk,numeric__attendance_overall_attendance_current,-1.608249,Reduces Risk,numeric__academic_internal_marks_avg_3m,-0.880785,Reduces Risk,numeric__engagement_hackathons_attended_current,0.859109,Increases Risk,numeric__placement_aptitude_score_current,0.855671,Increases Risk
S2673,numeric__placement_coding_score_avg_3m,1.609749,Increases Risk,numeric__skills_tech_skills_score_avg_3m,-0.991019,Reduces Risk,numeric__academic_warning_score,-0.933762,Reduces Risk,numeric__academic_cgpa_current,0.867302,Increases Risk,numeric__lms_assignment_completion_pct_avg_3m,0.664554,Increases Risk,numeric__engagement_club_participations_current,-1.194964,Reduces Risk,numeric__academic_internal_marks_avg_3m,-1.094802,Reduces Risk,numeric__placement_coding_score_avg_3m,-0.793187,Reduces Risk,numeric__engagement_club_participations_std_3m,0.599243,Increases Risk,numeric__placement_mock_interview_score_current,-0.537997,Reduces Risk
S2674,numeric__placement_coding_score_avg_3m,1.129761,Increases Risk,numeric__skills_tech_skills_score_avg_3m,-0.908101,Reduces Risk,numeric__academic_warning_score,-0.668112,Reduces Risk,numeric__academic_cgpa_current,0.567126,Increases Risk,numeric__placement_coding_score_current,-0.542504,Reduces Risk,numeric__engagement_hackathons_attended_current,0.859109,Increases Risk,numeric__academic_subject_score_avg_slope_3m,0.667467,Increases Risk,numeric__academic_internal_marks_slope_3m,-0.629143,Reduces Risk,numeric__feedback_satisfaction_score_slope_3m,-0.623169,Reduces Risk,numeric__placement_coding_score_avg_3m,-0.556678,Reduces Risk
S2675,numeric__placement_aptitude_score_current,-1.025237,Reduces Risk,numeric__skills_soft_skills_score_avg_3m,0.945716,Increases Risk,numeric__academic_warning_score,-0.933762,Reduces Risk,numeric__placement_coding_score_avg_3m,0.781534,Increases Risk,numeric__academic_cgpa_current,0.771791,Increases Risk,numeric__placement_aptitude_score_current,1.000351,Increases Risk,numeric__engagement_hackathons_attended_current,0.859109,Increases Risk,numeric__skills_soft_skills_score_std_3m,-0.67816,Reduces Risk,numeric__feedback_faculty_rating_current,-0.637782,Reduces Risk,numeric__placement_mock_interview_score_avg_3m,-0.58761,Reduces Risk
S2676,numeric__academic_warning_score,1.191444,Increases Risk,numeric__feedback_satisfaction_score_avg_3m,-0.9872,Reduces Risk,numeric__attendance_overall_attendance_std_3m,0.940149,Increases Risk,numeric__academic_cgpa_std_3m,-0.846147,Reduces Risk,numeric__skills_soft_skills_score_avg_3m,0.772844,Increases Risk,numeric__engagement_hackathons_attended_current,-1.050022,Reduces Risk,numeric__academic_subject_score_avg_slope_3m,-0.879605,Reduces Risk,numeric__placement_mock_interview_score_current,-0.737213,Reduces Risk,numeric__academic_internal_marks_avg_3m,0.674868,Increases Risk,numeric__attendance_overall_attendance_std_3m,-0.652035,Reduces Risk
S2677,numeric__feedback_satisfaction_score_avg_3m,-1.162257,Reduces Risk,numeric__skills_soft_skills_score_avg_3m,0.945716,Increases Risk,numeric__placement_aptitude_score_current,-0.845823,Reduces Risk,numeric__lms_assignment_completion_pct_avg_3m,0.771231,Increases Risk,numeric__attendance_declining_flag,-0.74125,Reduces Risk,numeric__engagement_hackathons_attended_current,0.859109,Increases Risk,numeric__placement_aptitude_score_current,0.825212,Increases Risk,numeric__placement_mock_interview_score_current,-0.611992,Reduces Risk,numeric__feedback_faculty_rating_current,-0.605401,Reduces Risk,numeric__attendance_overall_attendance_avg_3m,0.601455,Increases Risk
S2678,numeric__placement_coding_score_avg_3m,-1.307827,Reduces Risk,numeric__skills_tech_skills_score_avg_3m,1.112631,Increases Risk,numeric__low_technical_skill_flag,0.768011,Increases Risk,numeric__attendance_declining_flag,-0.74125,Reduces Risk,numeric__placement_coding_score_current,0.646279,Increases Risk,numeric__low_coding_flag,1.487088,Increases Risk,numeric__engagement_hackathons_attended_current,-1.050022,Reduces Risk,numeric__engagement_strength,0.961905,Increases Risk,numeric__feedback_satisfaction_score_slope_3m,-0.823629,Reduces Risk,numeric__placement_coding_score_avg_3m,0.644418,Increases Risk
S2679,numeric__lms_assignment_completion_pct_avg_3m,-1.862519,Reduces Risk,numeric__academic_warning_score,1.722745,Increases Risk,numeric__feedback_satisfaction_score_avg_3m,1.259365,Increases Risk,numeric__lms_assignment_completion_pct_current,1.226885,Increases Risk,numeric__placement_coding_score_avg_3m,0.960353,Increases Risk,numeric__attendance_overall_attendance_current,3.432063,Increases Risk,numeric__attendance_overall_attendance_avg_3m,-2.085821,Reduces Risk,numeric__engagement_hackathons_attended_current,1.813675,Increases Risk,numeric__attendance_subject_attendance_current,1.76695,Increases Risk,numeric__attendance_subject_attendance_avg_3m,-1.540398,Reduces Risk
S2680,numeric__placement_coding_score_avg_3m,-1.176066,Reduces Risk,numeric__academic_backlogs_avg_3m,-0.955781,Reduces Risk,numeric__placement_aptitude_score_slope_3m,0.737634,Increases Risk,numeric__placement_coding_score_current,0.696426,Increases Risk,numeric__skills_tech_skills_score_avg_3m,0.572131,Increases Risk,numeric__low_coding_flag,1.487088,Increases Risk,numeric__attendance_overall_attendance_current,-1.272949,Reduces Risk,numeric__attendance_overall_attendance_avg_3m,0.866646,Increases Risk,numeric__placement_aptitude_score_slope_3m,-0.781403,Reduces Risk,numeric__placement_coding_score_avg_3m,0.579494,Increases Risk
S2681,numeric__academic_cgpa_current,-1.083837,Reduces Risk,numeric__academic_warning_score,1.058618,Increases Risk,numeric__feedback_satisfaction_score_avg_3m,-0.792692,Reduces Risk,numeric__attendance_declining_flag,-0.74125,Reduces Risk,numeric__placement_aptitude_score_slope_3m,0.613034,Increases Risk,numeric__attendance_overall_attendance_current,1.398632,Increases Risk,numeric__attendance_subject_attendance_current,1.20079,Increases Risk,numeric__engagement_hackathons_attended_current,-1.050022,Reduces Risk,numeric__engagement_events_attended_current,1.019238,Increases Risk,numeric__academic_internal_marks_avg_3m,0.881982,Increases Risk
S2682,numeric__academic_warning_score,-0.933762,Reduces Risk,numeric__placement_aptitude_score_current,-0.923829,Reduces Risk,numeric__feedback_satisfaction_score_current,0.62999,Increases Risk,numeric__feedback_satisfaction_score_avg_3m,-0.60791,Reduces Risk,numeric__academic_cgpa_current,0.526193,Increases Risk,numeric__placement_aptitude_score_current,0.901359,Increases Risk,numeric__attendance_overall_attendance_current,-0.580717,Reduces Risk,numeric__feedback_satisfaction_score_current,-0.534439,Reduces Risk,numeric__attendance_subject_attendance_current,-0.471236,Reduces Risk,numeric__academic_warning_score,0.372987,Increases Risk
S2683,numeric__placement_coding_score_slope_3m,1.039697,Increases Risk,numeric__placement_coding_score_avg_3m,0.89761,Increases Risk,numeric__skills_tech_skills_score_std_3m,0.67725,Increases Risk,numeric__placement_aptitude_score_current,-0.658608,Reduces Risk,numeric__placement_coding_score_std_3m,-0.588458,Reduces Risk,numeric__feedback_satisfaction_score_slope_3m,-0.98051,Reduces Risk,numeric__placement_coding_score_slope_3m,-0.958229,Reduces Risk,numeric__placement_mock_interview_score_std_3m,-0.75608,Reduces Risk,numeric__placement_coding_score_std_3m,0.695135,Increases Risk,numeric__placement_aptitude_score_current,0.642457,Increases Risk
S2684,numeric__lms_assignment_completion_pct_avg_3m,-1.639682,Reduces Risk,numeric__academic_warning_score,1.58992,Increases Risk,numeric__skills_tech_skills_score_avg_3m,-0.966451,Reduces Risk,numeric__lms_assignment_completion_pct_current,0.806909,Increases Risk,numeric__placement_coding_score_avg_3m,0.759574,Increases Risk,numeric__attendance_overall_attendance_current,1.982703,Increases Risk,numeric__attendance_overall_attendance_avg_3m,-1.312976,Reduces Risk,numeric__attendance_subject_attendance_current,1.174334,Increases Risk,numeric__placement_mock_interview_score_current,1.02158,Increases Risk,numeric__critical_attendance_flag,-0.997756,Reduces Risk
S2685,numeric__engagement_events_attended_slope_3m,0.71001,Increases Risk,numeric__engagement_hackathons_attended_std_3m,-0.55575,Reduces Risk,numeric__cgpa_declining_flag,0.487485,Increases Risk,numeric__placement_coding_score_slope_3m,0.443129,Increases Risk,numeric__placement_aptitude_score_current,-0.416788,Reduces Risk,numeric__attendance_overall_attendance_current,-0.613166,Reduces Risk,numeric__placement_mock_interview_score_current,-0.577841,Reduces Risk,numeric__placement_mock_interview_score_std_3m,-0.485233,Reduces Risk,numeric__placement_coding_score_slope_3m,-0.408407,Reduces Risk,numeric__placement_aptitude_score_current,0.4064,Increases Risk
S2686,numeric__feedback_satisfaction_score_avg_3m,1.59489,Increases Risk,numeric__skills_soft_skills_score_avg_3m,-1.13137,Reduces Risk,numeric__placement_mock_interview_score_avg_3m,1.078216,Increases Risk,numeric__engagement_events_attended_slope_3m,-0.88194,Reduces Risk,numeric__placement_aptitude_score_current,0.815712,Increases Risk,numeric__engagement_strength,1.522238,Increases Risk,numeric__placement_mock_interview_score_current,1.203721,Increases Risk,numeric__engagement_hackathons_attended_current,-1.050022,Reduces Risk,numeric__low_lms_flag,0.913609,Increases Risk,numeric__placement_mock_interview_score_avg_3m,0.88895,Increases Risk
S2687,numeric__academic_warning_score,2.254047,Increases Risk,numeric__academic_backlogs_avg_3m,-1.783297,Reduces Risk,numeric__lms_assignment_completion_pct_avg_3m,-1.459515,Reduces Risk,numeric__placement_coding_score_avg_3m,-1.376845,Reduces Risk,numeric__academic_cgpa_current,-1.111126,Reduces Risk,numeric__attendance_overall_attendance_current,2.82636,Increases Risk,numeric__attendance_overall_attendance_avg_3m,-1.613527,Reduces Risk,numeric__attendance_subject_attendance_current,1.502389,Increases Risk,numeric__attendance_subject_attendance_avg_3m,-1.365032,Reduces Risk,numeric__academic_internal_marks_avg_3m,1.00625,Increases Risk
S2688,numeric__attendance_declining_flag,-0.74125,Reduces Risk,numeric__academic_warning_score,-0.535286,Reduces Risk,numeric__engagement_events_attended_slope_3m,0.39162,Increases Risk,numeric__attendance_overall_attendance_std_3m,-0.367447,Reduces Risk,numeric__placement_aptitude_score_slope_3m,-0.351614,Reduces Risk,numeric__engagement_club_participations_current,-0.547287,Reduces Risk,numeric__attendance_subject_attendance_current,-0.460654,Reduces Risk,numeric__skills_soft_skills_score_std_3m,-0.43294,Reduces Risk,numeric__attendance_overall_attendance_current,-0.40766,Reduces Risk,numeric__placement_aptitude_score_slope_3m,0.372478,Increases Risk
S2689,numeric__placement_aptitude_score_current,-1.001836,Reduces Risk,numeric__skills_soft_skills_score_avg_3m,0.888092,Increases Risk,numeric__placement_mock_interview_score_avg_3m,-0.788555,Reduces Risk,numeric__attendance_declining_flag,-0.74125,Reduces Risk,numeric__academic_cgpa_current,0.710392,Increases Risk,numeric__skills_soft_skills_score_std_3m,1.061608,Increases Risk,numeric__placement_aptitude_score_current,0.977507,Increases Risk,numeric__engagement_hackathons_attended_current,0.859109,Increases Risk,numeric__academic_internal_marks_avg_3m,-0.839362,Reduces Risk,numeric__attendance_overall_attendance_current,-0.742959,Reduces Risk
S2690,numeric__placement_coding_score_avg_3m,1.688179,Increases Risk,numeric__skills_tech_skills_score_avg_3m,-1.218275,Reduces Risk,numeric__lms_logins_per_week_slope_3m,1.143321,Increases Risk,numeric__academic_warning_score,-0.933762,Reduces Risk,categorical__department_INFO TECH,0.662052,Increases Risk,numeric__engagement_hackathons_attended_current,0.859109,Increases Risk,numeric__placement_coding_score_avg_3m,-0.831832,Reduces Risk,numeric__lms_logins_per_week_slope_3m,0.672041,Increases Risk,numeric__academic_subject_score_avg_slope_3m,0.571007,Increases Risk,numeric__skills_tech_skills_score_avg_3m,0.548856,Increases Risk
S2691,numeric__placement_coding_score_avg_3m,1.258385,Increases Risk,numeric__skills_tech_skills_score_avg_3m,-1.224417,Reduces Risk,numeric__placement_aptitude_score_slope_3m,-0.942461,Reduces Risk,numeric__academic_warning_score,-0.933762,Reduces Risk,numeric__engagement_hackathons_attended_current,0.677675,Increases Risk,numeric__engagement_hackathons_attended_current,1.813675,Increases Risk,numeric__engagement_strength,-1.279427,Reduces Risk,numeric__placement_aptitude_score_slope_3m,0.998383,Increases Risk,numeric__attendance_overall_attendance_current,-0.764591,Reduces Risk,numeric__attendance_overall_attendance_avg_3m,0.667121,Increases Risk
S2692,numeric__academic_warning_score,-0.933762,Reduces Risk,numeric__lms_assignment_completion_pct_avg_3m,0.899244,Increases Risk,numeric__lms_assignment_completion_pct_current,-0.706393,Reduces Risk,numeric__placement_aptitude_score_current,0.54269,Increases Risk,numeric__skills_tech_skills_score_avg_3m,0.461575,Increases Risk,numeric__attendance_overall_attendance_current,-1.446007,Reduces Risk,numeric__attendance_overall_attendance_avg_3m,0.9803,Increases Risk,numeric__attendance_subject_attendance_avg_3m,0.824079,Increases Risk,numeric__attendance_subject_attendance_current,-0.751671,Reduces Risk,numeric__lms_assignment_completion_pct_current,0.61343,Increases Risk
S2693,numeric__attendance_declining_flag,-0.74125,Reduces Risk,numeric__academic_warning_score,0.660142,Increases Risk,numeric__skills_tech_skills_score_avg_3m,-0.533437,Reduces Risk,numeric__cgpa_declining_flag,0.487485,Increases Risk,numeric__academic_cgpa_std_3m,-0.457955,Reduces Risk,numeric__engagement_strength,-0.905872,Reduces Risk,numeric__skills_soft_skills_score_std_3m,-0.427491,Reduces Risk,categorical__department_IT,-0.402819,Reduces Risk,numeric__feedback_satisfaction_score_slope_3m,-0.396562,Reduces Risk,numeric__engagement_certifications_count_current,0.39235,Increases Risk
S2694,numeric__academic_cgpa_missing,-6.777757,Reduces Risk,numeric__feedback_satisfaction_score_avg_3m,-1.230334,Reduces Risk,numeric__academic_warning_score,0.792967,Increases Risk,numeric__attendance_declining_flag,-0.74125,Reduces Risk,numeric__placement_aptitude_score_current,0.722105,Increases Risk,numeric__academic_cgpa_missing,-1.51499,Reduces Risk,numeric__academic_internal_marks_avg_3m,1.070685,Increases Risk,numeric__placement_aptitude_score_current,-0.705355,Reduces Risk,numeric__attendance_overall_attendance_current,0.684769,Increases Risk,numeric__placement_mock_interview_score_std_3m,-0.608681,Reduces Risk
S2695,numeric__academic_warning_score,2.254047,Increases Risk,numeric__placement_coding_score_avg_3m,-1.483509,Reduces Risk,numeric__academic_cgpa_current,-1.404479,Reduces Risk,numeric__placement_aptitude_score_current,1.127738,Increases Risk,numeric__placement_mock_interview_score_avg_3m,0.971265,Increases Risk,numeric__attendance_overall_attendance_current,2.339635,Increases Risk,numeric__attendance_subject_attendance_current,1.370109,Increases Risk,numeric__academic_internal_marks_avg_3m,1.360644,Increases Risk,numeric__attendance_overall_attendance_avg_3m,-1.24731,Reduces Risk,numeric__attendance_subject_attendance_avg_3m,-1.10691,Reduces Risk
S2696,numeric__feedback_satisfaction_score_avg_3m,2.387509,Increases Risk,numeric__lms_assignment_completion_pct_avg_3m,-1.677611,Reduces Risk,numeric__feedback_satisfaction_score_current,-1.400294,Reduces Risk,numeric__placement_aptitude_score_current,1.346156,Increases Risk,numeric__placement_mock_interview_score_avg_3m,1.159887,Increases Risk,numeric__placement_aptitude_score_current,-1.314536,Reduces Risk,numeric__attendance_overall_attendance_current,1.225574,Increases Risk,numeric__feedback_satisfaction_score_current,1.1905,Increases Risk,numeric__placement_mock_interview_score_current,1.05004,Increases Risk,numeric__engagement_hackathons_attended_current,-1.050022,Reduces Risk
S2697,numeric__placement_aptitude_score_current,-1.064241,Reduces Risk,numeric__academic_warning_score,0.792967,Increases Risk,numeric__academic_cgpa_current,0.594415,Increases Risk,numeric__engagement_hackathons_attended_std_3m,-0.55575,Reduces Risk,numeric__cgpa_declining_flag,0.487485,Increases Risk,numeric__attendance_overall_attendance_current,1.160678,Increases Risk,numeric__placement_aptitude_score_current,1.038425,Increases Risk,numeric__engagement_certifications_count_current,0.937282,Increases Risk,numeric__low_lms_flag,0.913609,Increases Risk,numeric__engagement_strength,-0.905872,Reduces Risk
S2698,numeric__placement_coding_score_avg_3m,-2.540738,Reduces Risk,numeric__skills_tech_skills_score_avg_3m,2.251981,Increases Risk,numeric__skills_soft_skills_score_avg_3m,-1.725946,Reduces Risk,numeric__placement_aptitude_score_current,1.689383,Increases Risk,numeric__placement_mock_interview_score_avg_3m,1.284338,Increases Risk,numeric__engagement_strength,2.082572,Increases Risk,numeric__low_aptitude_flag,-1.905883,Reduces Risk,numeric__placement_aptitude_score_current,-1.649585,Reduces Risk,numeric__placement_mock_interview_score_current,1.494007,Increases Risk,numeric__low_coding_flag,1.487088,Increases Risk
S2699,numeric__feedback_satisfaction_score_avg_3m,-1.473469,Reduces Risk,numeric__placement_coding_score_avg_3m,-1.041167,Reduces Risk,numeric__feedback_satisfaction_score_current,0.913886,Increases Risk,numeric__lms_assignment_completion_pct_avg_3m,0.88265,Increases Risk,numeric__attendance_declining_flag,-0.74125,Reduces Risk,numeric__attendance_overall_attendance_current,-1.067443,Reduces Risk,numeric__engagement_hackathons_attended_current,-1.050022,Reduces Risk,numeric__attendance_overall_attendance_avg_3m,0.84139,Increases Risk,numeric__attendance_subject_attendance_avg_3m,0.798464,Increases Risk,numeric__feedback_satisfaction_score_current,-0.775638,Reduces Risk
S2700,numeric__lms_assignment_completion_pct_avg_3m,-0.674842,Reduces Risk,numeric__academic_warning_score,-0.668112,Reduces Risk,numeric__feedback_satisfaction_score_current,-0.608827,Reduces Risk,numeric__feedback_satisfaction_score_avg_3m,0.607764,Increases Risk,numeric__attendance_overall_attendance_std_3m,-0.536725,Reduces Risk,numeric__engagement_strength,1.335461,Increases Risk,numeric__skills_soft_skills_score_std_3m,0.778009,Increases Risk,numeric__engagement_events_attended_current,-0.630014,Reduces Risk,numeric__academic_internal_marks_avg_3m,-0.535596,Reduces Risk,numeric__attendance_overall_attendance_current,0.522527,Increases Risk
S2701,numeric__skills_tech_skills_score_avg_3m,0.833168,Increases Risk,numeric__academic_backlogs_slope_3m,0.781385,Increases Risk,numeric__placement_coding_score_avg_3m,-0.69294,Reduces Risk,numeric__placement_aptitude_score_current,0.597295,Increases Risk,numeric__academic_backlogs_avg_3m,-0.542023,Reduces Risk,numeric__engagement_strength,-1.09265,Reduces Risk,numeric__engagement_hackathons_attended_current,0.859109,Increases Risk,numeric__placement_mock_interview_score_std_3m,-0.783467,Reduces Risk,numeric__skills_soft_skills_score_std_3m,0.664299,Increases Risk,numeric__attendance_overall_attendance_current,-0.634798,Reduces Risk
S2702,numeric__placement_coding_score_avg_3m,1.352501,Increases Risk,numeric__academic_backlogs_slope_3m,0.781385,Increases Risk,numeric__skills_tech_skills_score_avg_3m,-0.733053,Reduces Risk,numeric__placement_aptitude_score_current,-0.588402,Reduces Risk,categorical__department_CS,-0.543404,Reduces Risk,numeric__attendance_overall_attendance_current,1.139046,Increases Risk,numeric__low_lms_flag,0.913609,Increases Risk,numeric__engagement_strength,0.775128,Increases Risk,numeric__attendance_overall_attendance_avg_3m,-0.759862,Reduces Risk,numeric__placement_coding_score_avg_3m,-0.66643,Reduces Risk
S2703,numeric__engagement_events_attended_slope_3m,0.71001,Increases Risk,numeric__engagement_club_participations_avg_3m,0.671061,Increases Risk,categorical__department_CIVIL ENGINEERING,-0.580173,Reduces Risk,numeric__academic_cgpa_current,0.48526,Increases Risk,numeric__lms_assignment_completion_pct_current,-0.449548,Reduces Risk,numeric__engagement_strength,-1.09265,Reduces Risk,numeric__engagement_hackathons_attended_current,0.859109,Increases Risk,numeric__attendance_overall_attendance_current,0.65232,Increases Risk,categorical__department_CIVIL ENGINEERING,0.589631,Increases Risk,numeric__engagement_club_participations_current,-0.547287,Reduces Risk
S2704,numeric__placement_aptitude_score_current,-0.877025,Reduces Risk,numeric__feedback_satisfaction_score_avg_3m,-0.875358,Reduces Risk,numeric__lms_assignment_completion_pct_avg_3m,0.830497,Increases Risk,numeric__attendance_declining_flag,-0.74125,Reduces Risk,numeric__placement_coding_score_avg_3m,-0.711763,Reduces Risk,numeric__engagement_club_participations_current,-0.871126,Reduces Risk,numeric__placement_aptitude_score_current,0.855671,Increases Risk,numeric__attendance_overall_attendance_current,-0.818672,Reduces Risk,numeric__attendance_overall_attendance_avg_3m,0.60398,Increases Risk,categorical__department_CIVIL ENGINEERING,0.589631,Increases Risk
S2705,numeric__academic_cgpa_current,0.89459,Increases Risk,numeric__skills_soft_skills_score_avg_3m,0.757128,Increases Risk,numeric__placement_aptitude_score_current,-0.744415,Reduces Risk,numeric__feedback_faculty_rating_avg_3m,-0.702853,Reduces Risk,numeric__academic_warning_score,-0.668112,Reduces Risk,numeric__academic_internal_marks_avg_3m,-0.9084,Reduces Risk,numeric__attendance_overall_attendance_current,-0.905201,Reduces Risk,numeric__placement_aptitude_score_current,0.72622,Increases Risk,numeric__attendance_overall_attendance_avg_3m,0.654493,Increases Risk,numeric__feedback_faculty_rating_current,-0.653972,Reduces Risk
S2706,numeric__academic_warning_score,1.324269,Increases Risk,numeric__skills_tech_skills_score_avg_3m,1.177123,Increases Risk,numeric__placement_coding_score_avg_3m,-1.094499,Reduces Risk,numeric__lms_assignment_completion_pct_avg_3m,-0.876344,Reduces Risk,numeric__academic_backlogs_slope_3m,0.781385,Increases Risk,numeric__engagement_hackathons_attended_current,-1.050022,Reduces Risk,numeric__engagement_strength,0.961905,Increases Risk,numeric__low_lms_flag,0.913609,Increases Risk,numeric__lms_assignment_completion_pct_current,-0.640437,Reduces Risk,numeric__attendance_overall_attendance_current,0.609056,Increases Risk
S2707,numeric__placement_aptitude_score_current,0.917121,Increases Risk,numeric__skills_soft_skills_score_avg_3m,-0.898255,Reduces Risk,numeric__placement_mock_interview_score_avg_3m,0.827368,Increases Risk,numeric__low_interview_flag,-0.579466,Reduces Risk,numeric__placement_mock_interview_score_current,0.569961,Increases Risk,numeric__engagement_strength,1.522238,Increases Risk,numeric__attendance_overall_attendance_current,1.225574,Increases Risk,numeric__engagement_hackathons_attended_current,-1.050022,Reduces Risk,numeric__placement_aptitude_score_current,-0.895724,Reduces Risk,numeric__placement_mock_interview_score_current,0.867899,Increases Risk
S2708,numeric__engagement_hackathons_attended_std_3m,1.291942,Increases Risk,numeric__engagement_hackathons_attended_current,1.034347,Increases Risk,numeric__academic_warning_score,-0.933762,Reduces Risk,numeric__engagement_strength,-0.753823,Reduces Risk,numeric__engagement_events_attended_slope_3m,0.71001,Increases Risk,numeric__engagement_hackathons_attended_current,2.76824,Increases Risk,numeric__engagement_strength,-2.586872,Reduces Risk,numeric__attendance_overall_attendance_current,-1.629881,Reduces Risk,numeric__attendance_subject_attendance_current,-1.069144,Reduces Risk,numeric__attendance_subject_attendance_avg_3m,0.818168,Increases Risk
S2709,numeric__attendance_overall_attendance_std_3m,1.350323,Increases Risk,numeric__skills_soft_skills_score_avg_3m,1.246933,Increases Risk,numeric__academic_warning_score,1.191444,Increases Risk,numeric__placement_mock_interview_score_avg_3m,-1.161909,Reduces Risk,numeric__feedback_satisfaction_score_avg_3m,-0.841319,Reduces Risk,numeric__engagement_strength,-1.466205,Reduces Risk,numeric__placement_mock_interview_score_avg_3m,-0.957952,Reduces Risk,numeric__attendance_overall_attendance_std_3m,-0.936505,Reduces Risk,numeric__placement_mock_interview_score_current,-0.805516,Reduces Risk,numeric__attendance_overall_attendance_current,0.717217,Increases Risk
S2710,numeric__placement_coding_score_avg_3m,1.713276,Increases Risk,numeric__skills_tech_skills_score_avg_3m,-1.307334,Reduces Risk,numeric__academic_cgpa_current,1.112899,Increases Risk,numeric__academic_warning_score,-0.668112,Reduces Risk,numeric__placement_coding_score_current,-0.524805,Reduces Risk,numeric__academic_internal_marks_avg_3m,-1.037271,Reduces Risk,numeric__placement_coding_score_avg_3m,-0.844199,Reduces Risk,numeric__academic_cgpa_avg_3m,-0.638795,Reduces Risk,numeric__academic_cgpa_current,-0.611433,Reduces Risk,numeric__skills_tech_skills_score_avg_3m,0.588979,Increases Risk
S2711,numeric__feedback_satisfaction_score_avg_3m,-0.792692,Reduces Risk,numeric__placement_coding_score_avg_3m,0.787808,Increases Risk,numeric__lms_assignment_completion_pct_avg_3m,0.775973,Increases Risk,numeric__skills_tech_skills_score_avg_3m,-0.631709,Reduces Risk,numeric__placement_aptitude_score_current,-0.557199,Reduces Risk,numeric__attendance_overall_attendance_current,-1.748858,Reduces Risk,numeric__attendance_overall_attendance_avg_3m,1.146992,Increases Risk,numeric__attendance_subject_attendance_current,-1.069144,Reduces Risk,numeric__attendance_subject_attendance_avg_3m,1.058557,Increases Risk,numeric__engagement_strength,-0.905872,Reduces Risk
S2712,numeric__skills_tech_skills_score_avg_3m,-1.467027,Reduces Risk,numeric__placement_coding_score_avg_3m,1.349363,Increases Risk,numeric__academic_cgpa_current,0.662637,Increases Risk,numeric__skills_soft_skills_score_avg_3m,0.597352,Increases Risk,numeric__feedback_satisfaction_score_current,0.586976,Increases Risk,numeric__academic_internal_marks_avg_3m,-0.906099,Reduces Risk,numeric__attendance_overall_attendance_current,-0.872753,Reduces Risk,numeric__attendance_overall_attendance_avg_3m,0.790877,Increases Risk,numeric__placement_coding_score_avg_3m,-0.664884,Reduces Risk,numeric__skills_tech_skills_score_avg_3m,0.660924,Increases Risk
S2713,numeric__academic_warning_score,-0.933762,Reduces Risk,numeric__placement_coding_score_slope_3m,-0.679086,Reduces Risk,numeric__lms_assignment_completion_pct_avg_3m,0.607659,Increases Risk,numeric__placement_aptitude_score_current,0.589494,Increases Risk,numeric__skills_tech_skills_score_avg_3m,0.587487,Increases Risk,numeric__attendance_overall_attendance_current,-1.337846,Reduces Risk,numeric__engagement_hackathons_attended_current,-1.050022,Reduces Risk,numeric__attendance_overall_attendance_avg_3m,1.048492,Increases Risk,numeric__engagement_strength,0.961905,Increases Risk,numeric__attendance_subject_attendance_avg_3m,0.753145,Increases Risk
S2714,numeric__academic_backlogs_avg_3m,-0.955781,Reduces Risk,numeric__academic_cgpa_current,-0.810951,Reduces Risk,numeric__attendance_declining_flag,-0.74125,Reduces Risk,categorical__department_INFO TECH,0.662052,Increases Risk,numeric__feedback_faculty_rating_avg_3m,0.58893,Increases Risk,numeric__engagement_hackathons_attended_current,-1.050022,Reduces Risk,numeric__engagement_strength,0.961905,Increases Risk,numeric__academic_internal_marks_avg_3m,0.817546,Increases Risk,numeric__attendance_overall_attendance_current,-0.667246,Reduces Risk,numeric__attendance_overall_attendance_avg_3m,0.539577,Increases Risk
S2715,numeric__academic_warning_score,1.988396,Increases Risk,numeric__lms_assignment_completion_pct_avg_3m,-1.907561,Reduces Risk,numeric__placement_mock_interview_score_avg_3m,0.988766,Increases Risk,numeric__attendance_overall_attendance_std_3m,0.86454,Increases Risk,numeric__academic_cgpa_current,-0.858706,Reduces Risk,numeric__attendance_overall_attendance_current,3.313086,Increases Risk,numeric__attendance_overall_attendance_avg_3m,-1.820629,Reduces Risk,numeric__attendance_subject_attendance_current,1.33307,Increases Risk,numeric__attendance_subject_attendance_avg_3m,-1.296068,Reduces Risk,numeric__placement_mock_interview_score_current,1.169569,Increases Risk
S2716,numeric__placement_coding_score_avg_3m,1.732099,Increases Risk,numeric__skills_tech_skills_score_avg_3m,-1.390252,Reduces Risk,numeric__academic_warning_score,-0.933762,Reduces Risk,numeric__academic_cgpa_current,0.901412,Increases Risk,numeric__placement_coding_score_current,-0.542504,Reduces Risk,numeric__engagement_hackathons_attended_current,0.859109,Increases Risk,numeric__placement_coding_score_avg_3m,-0.853474,Reduces Risk,numeric__placement_aptitude_score_missing,-0.83073,Reduces Risk,numeric__academic_internal_marks_avg_3m,-0.823254,Reduces Risk,numeric__skills_tech_skills_score_avg_3m,0.626335,Increases Risk
S2717,numeric__placement_coding_score_avg_3m,1.390147,Increases Risk,numeric__placement_aptitude_score_current,-1.235855,Reduces Risk,numeric__skills_tech_skills_score_avg_3m,-1.0248,Reduces Risk,numeric__academic_cgpa_current,0.901412,Increases Risk,numeric__skills_soft_skills_score_avg_3m,0.757128,Increases Risk,numeric__placement_aptitude_score_current,1.20595,Increases Risk,numeric__placement_mock_interview_score_current,-0.765673,Reduces Risk,numeric__academic_internal_marks_avg_3m,-0.696684,Reduces Risk,numeric__placement_coding_score_avg_3m,-0.68498,Reduces Risk,numeric__skills_soft_skills_score_std_3m,-0.562034,Reduces Risk
S2718,numeric__lms_assignment_completion_pct_avg_3m,1.022516,Increases Risk,numeric__attendance_declining_flag,-0.74125,Reduces Risk,numeric__placement_coding_score_avg_3m,0.690556,Increases Risk,numeric__feedback_satisfaction_score_avg_3m,-0.583596,Reduces Risk,numeric__lms_assignment_completion_pct_current,-0.574499,Reduces Risk,numeric__attendance_overall_attendance_current,-1.078259,Reduces Risk,numeric__attendance_overall_attendance_avg_3m,0.813608,Increases Risk,numeric__attendance_subject_attendance_avg_3m,0.597484,Increases Risk,numeric__lms_assignment_completion_pct_current,0.498894,Increases Risk,numeric__attendance_subject_attendance_current,-0.48711,Reduces Risk
S2719,numeric__placement_coding_score_avg_3m,-0.975286,Reduces Risk,numeric__skills_soft_skills_score_avg_3m,-0.95326,Reduces Risk,numeric__lms_assignment_completion_pct_avg_3m,-0.831303,Reduces Risk,numeric__skills_tech_skills_score_avg_3m,0.793245,Increases Risk,numeric__placement_mock_interview_score_avg_3m,0.774865,Increases Risk,numeric__attendance_overall_attendance_current,1.366184,Increases Risk,numeric__attendance_overall_attendance_avg_3m,-1.229631,Reduces Risk,numeric__attendance_subject_attendance_avg_3m,-1.100999,Reduces Risk,numeric__attendance_subject_attendance_current,0.936229,Increases Risk,numeric__placement_mock_interview_score_avg_3m,0.638848,Increases Risk
S2720,numeric__academic_warning_score,0.925793,Increases Risk,numeric__feedback_satisfaction_score_avg_3m,-0.855907,Reduces Risk,numeric__attendance_overall_attendance_std_3m,0.853478,Increases Risk,numeric__attendance_declining_flag,-0.74125,Reduces Risk,numeric__engagement_hackathons_attended_std_3m,-0.55575,Reduces Risk,numeric__attendance_overall_attendance_current,2.155761,Increases Risk,numeric__attendance_subject_attendance_current,1.258993,Increases Risk,numeric__critical_attendance_flag,-0.997756,Reduces Risk,numeric__attendance_overall_attendance_avg_3m,-0.982118,Reduces Risk,numeric__attendance_subject_attendance_avg_3m,-0.773913,Reduces Risk
S2721,numeric__academic_backlogs_avg_3m,-1.576418,Reduces Risk,numeric__placement_coding_score_avg_3m,-1.47096,Reduces Risk,numeric__placement_aptitude_score_current,1.127738,Increases Risk,numeric__skills_tech_skills_score_avg_3m,1.060424,Increases Risk,numeric__feedback_faculty_rating_avg_3m,0.839085,Increases Risk,numeric__placement_aptitude_score_current,-1.101323,Reduces Risk,numeric__engagement_hackathons_attended_current,-1.050022,Reduces Risk,numeric__attendance_overall_attendance_current,-1.002546,Reduces Risk,numeric__engagement_strength,0.961905,Increases Risk,numeric__placement_coding_score_avg_3m,0.7248,Increases Risk
S2722,numeric__placement_aptitude_score_current,1.517769,Increases Risk,numeric__academic_warning_score,1.457094,Increases Risk,numeric__academic_cgpa_current,-1.02926,Reduces Risk,numeric__academic_backlogs_slope_3m,0.781385,Increases Risk,numeric__attendance_overall_attendance_std_3m,0.765536,Increases Risk,numeric__attendance_overall_attendance_current,1.506794,Increases Risk,numeric__placement_aptitude_score_current,-1.482061,Reduces Risk,numeric__engagement_hackathons_attended_current,-1.050022,Reduces Risk,numeric__engagement_events_attended_current,0.689387,Increases Risk,numeric__academic_internal_marks_avg_3m,0.651856,Increases Risk
S2723,numeric__skills_tech_skills_score_avg_3m,-1.488524,Reduces Risk,numeric__placement_coding_score_avg_3m,1.324266,Increases Risk,numeric__academic_warning_score,-0.933762,Reduces Risk,numeric__academic_cgpa_current,0.812724,Increases Risk,numeric__lms_assignment_completion_pct_avg_3m,0.628995,Increases Risk,numeric__engagement_strength,0.775128,Increases Risk,numeric__skills_tech_skills_score_avg_3m,0.670609,Increases Risk,numeric__placement_coding_score_avg_3m,-0.652518,Reduces Risk,numeric__academic_internal_marks_avg_3m,-0.613839,Reduces Risk,numeric__academic_internal_marks_slope_3m,-0.48295,Reduces Risk
S2724,numeric__placement_coding_score_avg_3m,1.503085,Increases Risk,numeric__skills_tech_skills_score_avg_3m,-1.181422,Reduces Risk,numeric__attendance_declining_flag,-0.74125,Reduces Risk,numeric__academic_cgpa_current,0.724036,Increases Risk,numeric__skills_soft_skills_score_avg_3m,0.576398,Increases Risk,numeric__attendance_overall_attendance_current,-0.959282,Reduces Risk,numeric__academic_internal_marks_avg_3m,-0.857772,Reduces Risk,numeric__attendance_overall_attendance_avg_3m,0.793403,Increases Risk,numeric__placement_coding_score_avg_3m,-0.740629,Reduces Risk,numeric__attendance_subject_attendance_avg_3m,0.735411,Increases Risk
S2725,numeric__placement_aptitude_score_current,1.096535,Increases Risk,numeric__placement_coding_score_avg_3m,-0.711763,Reduces Risk,numeric__academic_cgpa_current,-0.694974,Reduces Risk,numeric__academic_warning_score,-0.668112,Reduces Risk,numeric__lms_logins_per_week_slope_3m,-0.641126,Reduces Risk,numeric__placement_aptitude_score_current,-1.070864,Reduces Risk,numeric__engagement_hackathons_attended_current,-1.050022,Reduces Risk,numeric__engagement_strength,0.961905,Increases Risk,numeric__academic_internal_marks_avg_3m,0.778425,Increases Risk,numeric__academic_cgpa_avg_3m,0.474389,Increases Risk
S2726,numeric__academic_warning_score,1.191444,Increases Risk,numeric__placement_aptitude_score_current,-0.970633,Reduces Risk,numeric__lms_assignment_completion_pct_avg_3m,-0.776779,Reduces Risk,numeric__attendance_declining_flag,-0.74125,Reduces Risk,numeric__lms_assignment_completion_pct_current,0.504943,Increases Risk,numeric__placement_aptitude_score_current,0.947048,Increases Risk,numeric__low_lms_flag,0.913609,Increases Risk,numeric__engagement_hackathons_attended_current,0.859109,Increases Risk,numeric__attendance_overall_attendance_current,0.857826,Increases Risk,numeric__lms_logins_per_week_avg_3m,-0.571674,Reduces Risk
S2727,numeric__feedback_satisfaction_score_avg_3m,1.740771,Increases Risk,numeric__lms_assignment_completion_pct_avg_3m,-1.618346,Reduces Risk,numeric__skills_soft_skills_score_avg_3m,-1.424729,Reduces Risk,numeric__placement_mock_interview_score_avg_3m,1.226002,Increases Risk,numeric__placement_mock_interview_score_current,0.857782,Increases Risk,numeric__engagement_strength,1.895794,Increases Risk,numeric__attendance_overall_attendance_current,1.495977,Increases Risk,numeric__placement_mock_interview_score_current,1.306175,Increases Risk,numeric__feedback_satisfaction_score_slope_3m,1.111245,Increases Risk,numeric__placement_mock_interview_score_avg_3m,1.010794,Increases Risk
S2728,numeric__lms_assignment_completion_pct_avg_3m,-0.919015,Reduces Risk,numeric__feedback_satisfaction_score_avg_3m,0.860624,Increases Risk,numeric__placement_mock_interview_score_avg_3m,0.842925,Increases Risk,numeric__attendance_declining_flag,-0.74125,Reduces Risk,numeric__skills_soft_skills_score_avg_3m,-0.591799,Reduces Risk,numeric__low_lms_flag,0.913609,Increases Risk,numeric__placement_mock_interview_score_avg_3m,0.694961,Increases Risk,numeric__placement_mock_interview_score_current,0.571921,Increases Risk,numeric__placement_mock_interview_score_std_3m,-0.520599,Reduces Risk,numeric__attendance_subject_attendance_avg_3m,0.426059,Increases Risk
S2729,numeric__placement_coding_score_avg_3m,1.710139,Increases Risk,numeric__feedback_satisfaction_score_avg_3m,-1.541547,Reduces Risk,numeric__skills_tech_skills_score_avg_3m,-1.433246,Reduces Risk,numeric__skills_soft_skills_score_avg_3m,1.210263,Increases Risk,numeric__placement_aptitude_score_current,-1.165649,Reduces Risk,numeric__attendance_overall_attendance_current,-1.316214,Reduces Risk,numeric__academic_internal_marks_avg_3m,-1.156937,Reduces Risk,numeric__placement_aptitude_score_current,1.137417,Increases Risk,numeric__attendance_subject_attendance_current,-1.016232,Reduces Risk,numeric__placement_coding_score_avg_3m,-0.842653,Reduces Risk
S2730,numeric__engagement_hackathons_attended_std_3m,1.073761,Increases Risk,numeric__engagement_hackathons_attended_current,1.034347,Increases Risk,numeric__attendance_overall_attendance_std_3m,0.839028,Increases Risk,numeric__placement_coding_score_avg_3m,0.71879,Increases Risk,numeric__skills_tech_skills_score_avg_3m,-0.705414,Reduces Risk,numeric__engagement_hackathons_attended_current,2.76824,Increases Risk,numeric__engagement_strength,-2.026538,Reduces Risk,numeric__academic_internal_marks_avg_3m,-0.705889,Reduces Risk,numeric__attendance_overall_attendance_std_3m,-0.581904,Reduces Risk,numeric__attendance_overall_attendance_current,-0.569901,Reduces Risk
S2731,numeric__placement_coding_score_avg_3m,1.559554,Increases Risk,numeric__lms_assignment_completion_pct_avg_3m,1.238242,Increases Risk,numeric__engagement_strength,-0.971534,Reduces Risk,numeric__academic_warning_score,-0.933762,Reduces Risk,numeric__placement_mock_interview_score_avg_3m,-0.837169,Reduces Risk,numeric__engagement_strength,-3.333982,Reduces Risk,numeric__engagement_events_attended_current,1.019238,Increases Risk,numeric__engagement_certifications_count_current,0.937282,Increases Risk,numeric__engagement_hackathons_attended_current,0.859109,Increases Risk,numeric__attendance_overall_attendance_current,-0.840304,Reduces Risk
S2732,numeric__placement_coding_score_avg_3m,-1.05999,Reduces Risk,numeric__attendance_declining_flag,-0.74125,Reduces Risk,numeric__feedback_satisfaction_score_missing,-0.713384,Reduces Risk,numeric__skills_tech_skills_score_avg_3m,0.624339,Increases Risk,numeric__placement_coding_score_slope_3m,-0.524729,Reduces Risk,numeric__skills_soft_skills_score_std_3m,-0.691796,Reduces Risk,numeric__placement_coding_score_avg_3m,0.522299,Increases Risk,numeric__feedback_satisfaction_score_slope_3m,-0.509865,Reduces Risk,numeric__placement_coding_score_slope_3m,0.483613,Increases Risk,numeric__attendance_overall_attendance_current,0.45763,Increases Risk
S2733,numeric__academic_warning_score,-0.933762,Reduces Risk,numeric__engagement_events_attended_slope_3m,0.71001,Increases Risk,numeric__placement_mock_interview_score_avg_3m,0.477349,Increases Risk,numeric__skills_soft_skills_score_avg_3m,-0.447739,Reduces Risk,numeric__placement_aptitude_score_current,0.394478,Increases Risk,numeric__placement_mock_interview_score_std_3m,-0.419964,Reduces Risk,numeric__attendance_overall_attendance_avg_3m,-0.393645,Reduces Risk,numeric__placement_mock_interview_score_avg_3m,0.393557,Increases Risk,numeric__attendance_subject_attendance_avg_3m,-0.385745,Reduces Risk,numeric__placement_aptitude_score_current,-0.385535,Reduces Risk
S2734,numeric__placement_coding_score_avg_3m,-1.207437,Reduces Risk,numeric__skills_tech_skills_score_avg_3m,1.01743,Increases Risk,numeric__attendance_overall_attendance_std_3m,0.942297,Increases Risk,numeric__academic_warning_score,0.925793,Increases Risk,numeric__academic_cgpa_current,-0.804128,Reduces Risk,numeric__engagement_hackathons_attended_current,-1.050022,Reduces Risk,numeric__engagement_strength,0.961905,Increases Risk,numeric__attendance_overall_attendance_current,0.79293,Increases Risk,numeric__placement_aptitude_score_current,-0.735814,Reduces Risk,numeric__academic_internal_marks_avg_3m,0.711688,Increases Risk
S2735,numeric__academic_warning_score,-0.933762,Reduces Risk,numeric__lms_assignment_completion_pct_avg_3m,0.778343,Increases Risk,numeric__placement_aptitude_score_slope_3m,0.713518,Increases Risk,numeric__placement_aptitude_score_current,-0.604003,Reduces Risk,numeric__engagement_events_attended_slope_3m,-0.56355,Reduces Risk,numeric__attendance_overall_attendance_current,-0.894385,Reduces Risk,numeric__placement_aptitude_score_slope_3m,-0.755856,Reduces Risk,numeric__attendance_overall_attendance_avg_3m,0.614083,Increases Risk,numeric__placement_aptitude_score_current,0.589154,Increases Risk,numeric__attendance_subject_attendance_avg_3m,0.459556,Increases Risk
S2736,numeric__lms_logins_per_week_slope_3m,-2.298113,Reduces Risk,numeric__lms_logins_per_week_missing,-1.54038,Reduces Risk,numeric__academic_warning_score,1.191444,Increases Risk,numeric__feedback_satisfaction_score_avg_3m,0.865486,Increases Risk,numeric__lms_assignment_completion_pct_avg_3m,-0.862121,Reduces Risk,numeric__attendance_overall_attendance_current,2.620854,Increases Risk,numeric__attendance_overall_attendance_avg_3m,-1.441784,Reduces Risk,numeric__lms_logins_per_week_slope_3m,-1.350825,Reduces Risk,numeric__attendance_subject_attendance_current,1.343653,Increases Risk,numeric__critical_attendance_flag,-0.997756,Reduces Risk
S2737,numeric__feedback_satisfaction_score_avg_3m,-0.889946,Reduces Risk,numeric__lms_assignment_completion_pct_avg_3m,0.595806,Increases Risk,numeric__feedback_satisfaction_score_current,0.56977,Increases Risk,numeric__placement_coding_score_avg_3m,-0.542355,Reduces Risk,numeric__cgpa_declining_flag,0.487485,Increases Risk,numeric__attendance_overall_attendance_current,-1.510904,Reduces Risk,numeric__attendance_subject_attendance_current,-0.87866,Reduces Risk,numeric__attendance_overall_attendance_avg_3m,0.836339,Increases Risk,numeric__attendance_subject_attendance_avg_3m,0.800435,Increases Risk,numeric__skills_soft_skills_score_std_3m,-0.523798,Reduces Risk
S2738,numeric__engagement_hackathons_attended_std_3m,1.291942,Increases Risk,numeric__lms_assignment_completion_pct_avg_3m,1.034369,Increases Risk,numeric__academic_warning_score,-0.933762,Reduces Risk,numeric__placement_aptitude_score_slope_3m,0.809983,Increases Risk,numeric__engagement_hackathons_attended_current,0.677675,Increases Risk,numeric__engagement_hackathons_attended_current,1.813675,Increases Risk,numeric__engagement_strength,-1.279427,Reduces Risk,numeric__feedback_satisfaction_score_slope_3m,-1.207117,Reduces Risk,numeric__placement_aptitude_score_slope_3m,-0.858044,Reduces Risk,numeric__academic_internal_marks_slope_3m,0.712386,Increases Risk
S2739,numeric__placement_coding_score_avg_3m,1.612886,Increases Risk,numeric__skills_tech_skills_score_avg_3m,-1.562229,Reduces Risk,numeric__academic_warning_score,-0.668112,Reduces Risk,numeric__skills_soft_skills_score_avg_3m,0.662834,Increases Risk,numeric__academic_cgpa_current,0.587593,Increases Risk,numeric__attendance_overall_attendance_current,-1.38111,Reduces Risk,numeric__engagement_strength,-1.09265,Reduces Risk,numeric__engagement_hackathons_attended_current,0.859109,Increases Risk,numeric__placement_coding_score_avg_3m,-0.794733,Reduces Risk,numeric__attendance_overall_attendance_avg_3m,0.766884,Increases Risk
S2740,numeric__placement_aptitude_score_current,-1.243655,Reduces Risk,numeric__skills_soft_skills_score_avg_3m,1.074061,Increases Risk,numeric__academic_warning_score,0.925793,Increases Risk,numeric__placement_mock_interview_score_avg_3m,-0.868282,Reduces Risk,numeric__academic_backlogs_slope_3m,0.781385,Increases Risk,numeric__placement_aptitude_score_current,1.213564,Increases Risk,numeric__engagement_hackathons_attended_current,0.859109,Increases Risk,numeric__attendance_overall_attendance_current,0.857826,Increases Risk,numeric__placement_mock_interview_score_avg_3m,-0.715867,Reduces Risk,numeric__placement_mock_interview_score_current,-0.708754,Reduces Risk
S2741,numeric__lms_assignment_completion_pct_avg_3m,-1.471368,Reduces Risk,numeric__academic_warning_score,1.324269,Increases Risk,numeric__feedback_satisfaction_score_avg_3m,1.220463,Increases Risk,numeric__feedback_satisfaction_score_current,-0.952943,Reduces Risk,numeric__skills_soft_skills_score_avg_3m,-0.853727,Reduces Risk,numeric__attendance_overall_attendance_current,2.653302,Increases Risk,numeric__attendance_overall_attendance_avg_3m,-1.96459,Reduces Risk,numeric__attendance_subject_attendance_avg_3m,-1.672414,Reduces Risk,numeric__attendance_subject_attendance_current,1.539428,Increases Risk,numeric__critical_attendance_flag,-0.997756,Reduces Risk
S2742,numeric__placement_aptitude_score_current,-1.150048,Reduces Risk,numeric__engagement_hackathons_attended_std_3m,0.676045,Increases Risk,numeric__engagement_club_participations_avg_3m,0.671061,Increases Risk,numeric__placement_aptitude_score_std_3m,-0.633221,Reduces Risk,numeric__lms_assignment_completion_pct_avg_3m,0.595806,Increases Risk,numeric__attendance_overall_attendance_current,-1.424375,Reduces Risk,numeric__engagement_club_participations_current,-1.194964,Reduces Risk,numeric__placement_aptitude_score_current,1.122187,Increases Risk,numeric__attendance_overall_attendance_avg_3m,1.114158,Increases Risk,numeric__attendance_subject_attendance_avg_3m,0.962007,Increases Risk
S2743,numeric__attendance_overall_attendance_std_3m,0.626711,Increases Risk,numeric__engagement_hackathons_attended_std_3m,-0.55575,Reduces Risk,numeric__academic_warning_score,-0.535286,Reduces Risk,numeric__skills_soft_skills_score_std_3m,0.523351,Increases Risk,numeric__placement_aptitude_score_slope_3m,0.424124,Increases Risk,numeric__skills_soft_skills_score_std_3m,1.135864,Increases Risk,numeric__attendance_overall_attendance_current,-0.742959,Reduces Risk,numeric__skills_soft_skills_score_current,0.593188,Increases Risk,numeric__placement_aptitude_score_slope_3m,-0.44929,Reduces Risk,numeric__attendance_overall_attendance_std_3m,-0.434655,Reduces Risk
S2744,numeric__feedback_satisfaction_score_avg_3m,-1.118492,Reduces Risk,numeric__lms_assignment_completion_pct_avg_3m,0.858944,Increases Risk,numeric__placement_coding_score_avg_3m,-0.830976,Reduces Risk,numeric__feedback_satisfaction_score_current,0.802048,Increases Risk,numeric__placement_aptitude_score_current,0.753307,Increases Risk,numeric__attendance_overall_attendance_current,-1.997629,Reduces Risk,numeric__attendance_overall_attendance_avg_3m,1.131838,Increases Risk,numeric__attendance_subject_attendance_current,-0.96332,Reduces Risk,numeric__attendance_subject_attendance_avg_3m,0.871369,Increases Risk,numeric__placement_mock_interview_score_current,-0.782749,Reduces Risk
S2745,numeric__lms_logins_per_week_slope_3m,1.01586,Increases Risk,numeric__placement_aptitude_score_current,-0.845823,Reduces Risk,numeric__placement_coding_score_avg_3m,0.608989,Increases Risk,numeric__engagement_events_attended_slope_3m,-0.56355,Reduces Risk,numeric__feedback_satisfaction_score_avg_3m,-0.496068,Reduces Risk,numeric__attendance_overall_attendance_current,-1.110707,Reduces Risk,numeric__engagement_hackathons_attended_current,0.859109,Increases Risk,numeric__placement_aptitude_score_current,0.825212,Increases Risk,numeric__attendance_overall_attendance_avg_3m,0.677224,Increases Risk,numeric__academic_internal_marks_avg_3m,-0.655261,Reduces Risk
S2746,numeric__feedback_faculty_rating_avg_3m,0.732461,Increases Risk,numeric__lms_assignment_completion_pct_avg_3m,0.730931,Increases Risk,numeric__placement_aptitude_score_current,0.722105,Increases Risk,numeric__academic_cgpa_current,-0.681329,Reduces Risk,numeric__academic_warning_score,-0.668112,Reduces Risk,numeric__engagement_hackathons_attended_current,-1.050022,Reduces Risk,numeric__engagement_strength,0.961905,Increases Risk,numeric__placement_aptitude_score_current,-0.705355,Reduces Risk,numeric__academic_internal_marks_avg_3m,0.663362,Increases Risk,numeric__attendance_overall_attendance_std_3m,0.455241,Increases Risk
S2747,numeric__skills_soft_skills_score_avg_3m,-1.165421,Reduces Risk,numeric__placement_mock_interview_score_avg_3m,0.846814,Increases Risk,numeric__feedback_satisfaction_score_current,-0.8239,Reduces Risk,numeric__attendance_declining_flag,-0.74125,Reduces Risk,categorical__department_INFO TECH,0.662052,Increases Risk,numeric__engagement_strength,2.082572,Increases Risk,numeric__engagement_hackathons_attended_current,-1.050022,Reduces Risk,numeric__low_lms_flag,0.913609,Increases Risk,numeric__attendance_overall_attendance_current,0.857826,Increases Risk,numeric__placement_mock_interview_score_current,0.822364,Increases Risk
S2748,numeric__academic_warning_score,1.58992,Increases Risk,numeric__placement_coding_score_avg_3m,1.08584,Increases Risk,numeric__skills_tech_skills_score_avg_3m,-1.073936,Reduces Risk,numeric__lms_logins_per_week_slope_3m,-1.023508,Reduces Risk,numeric__attendance_declining_flag,-0.74125,Reduces Risk,numeric__attendance_overall_attendance_current,1.377,Increases Risk,numeric__low_lms_flag,0.913609,Increases Risk,numeric__academic_warning_score,-0.635087,Reduces Risk,numeric__attendance_overall_attendance_avg_3m,-0.633581,Reduces Risk,numeric__attendance_subject_attendance_current,0.624047,Increases Risk
S2749,numeric__lms_logins_per_week_slope_3m,0.506018,Increases Risk,numeric__placement_aptitude_score_current,-0.494794,Reduces Risk,numeric__cgpa_declining_flag,0.487485,Increases Risk,numeric__engagement_strength,-0.481685,Reduces Risk,numeric__feedback_faculty_rating_avg_3m,-0.465001,Reduces Risk,numeric__engagement_strength,-1.652983,Reduces Risk,numeric__engagement_hackathons_attended_current,0.859109,Increases Risk,numeric__attendance_subject_attendance_current,-0.841622,Reduces Risk,numeric__academic_internal_marks_avg_3m,-0.70819,Reduces Risk,numeric__engagement_events_attended_current,0.689387,Increases Risk
S2750,numeric__academic_warning_score,-0.933762,Reduces Risk,numeric__lms_assignment_completion_pct_avg_3m,0.716707,Increases Risk,numeric__academic_cgpa_current,0.676281,Increases Risk,numeric__skills_soft_skills_score_avg_3m,0.644499,Increases Risk,numeric__placement_mock_interview_score_avg_3m,-0.617434,Reduces Risk,numeric__attendance_overall_attendance_current,-1.175604,Reduces Risk,numeric__attendance_subject_attendance_current,-1.047979,Reduces Risk,numeric__engagement_strength,-0.905872,Reduces Risk,numeric__attendance_subject_attendance_avg_3m,0.800435,Increases Risk,numeric__attendance_overall_attendance_avg_3m,0.721422,Increases Risk
S2751,numeric__placement_coding_score_avg_3m,1.393284,Increases Risk,numeric__skills_soft_skills_score_avg_3m,1.233836,Increases Risk,numeric__skills_tech_skills_score_avg_3m,-1.20599,Reduces Risk,numeric__placement_mock_interview_score_avg_3m,-0.868282,Reduces Risk,numeric__attendance_declining_flag,-0.74125,Reduces Risk,numeric__engagement_strength,-1.839761,Reduces Risk,numeric__engagement_hackathons_attended_current,1.813675,Increases Risk,numeric__placement_mock_interview_score_current,-0.856743,Reduces Risk,numeric__attendance_overall_attendance_avg_3m,0.846441,Increases Risk,numeric__attendance_overall_attendance_current,-0.775408,Reduces Risk
S2752,numeric__feedback_satisfaction_score_avg_3m,-0.967749,Reduces Risk,numeric__skills_soft_skills_score_avg_3m,0.796417,Increases Risk,numeric__placement_mock_interview_score_avg_3m,-0.757442,Reduces Risk,numeric__lms_assignment_completion_pct_avg_3m,0.747525,Increases Risk,numeric__attendance_declining_flag,-0.74125,Reduces Risk,numeric__feedback_satisfaction_score_slope_3m,-0.70161,Reduces Risk,numeric__placement_mock_interview_score_current,-0.657527,Reduces Risk,numeric__placement_mock_interview_score_avg_3m,-0.624484,Reduces Risk,numeric__placement_aptitude_score_current,0.604383,Increases Risk,numeric__attendance_overall_attendance_avg_3m,0.513057,Increases Risk
S2753,numeric__engagement_events_attended_slope_3m,-0.88194,Reduces Risk,numeric__placement_coding_score_avg_3m,0.784671,Increases Risk,numeric__skills_tech_skills_score_avg_3m,-0.760692,Reduces Risk,numeric__attendance_declining_flag,-0.74125,Reduces Risk,numeric__academic_cgpa_std_3m,-0.703159,Reduces Risk,numeric__attendance_overall_attendance_current,-0.99173,Reduces Risk,numeric__attendance_overall_attendance_avg_3m,0.891903,Increases Risk,numeric__engagement_strength,0.775128,Increases Risk,numeric__attendance_subject_attendance_avg_3m,0.62704,Increases Risk,numeric__skills_soft_skills_score_std_3m,0.534954,Increases Risk
S2754,numeric__placement_coding_score_avg_3m,1.339952,Increases Risk,numeric__skills_tech_skills_score_avg_3m,-1.248985,Reduces Risk,numeric__academic_cgpa_current,1.010567,Increases Risk,numeric__engagement_hackathons_attended_std_3m,-0.55575,Reduces Risk,numeric__feedback_faculty_rating_avg_3m,-0.50601,Reduces Risk,numeric__attendance_overall_attendance_current,1.203942,Increases Risk,numeric__low_lms_flag,0.913609,Increases Risk,numeric__academic_internal_marks_avg_3m,-0.843965,Reduces Risk,numeric__attendance_subject_attendance_current,0.740454,Increases Risk,numeric__attendance_overall_attendance_avg_3m,-0.701773,Reduces Risk
S2755,numeric__engagement_hackathons_attended_std_3m,1.664899,Increases Risk,numeric__placement_coding_score_avg_3m,-1.072539,Reduces Risk,numeric__engagement_hackathons_attended_current,1.034347,Increases Risk,numeric__academic_warning_score,-0.933762,Reduces Risk,numeric__placement_aptitude_score_current,0.924921,Increases Risk,numeric__engagement_hackathons_attended_current,2.76824,Increases Risk,numeric__engagement_strength,-1.466205,Reduces Risk,numeric__academic_internal_marks_avg_3m,0.921103,Increases Risk,numeric__placement_aptitude_score_current,-0.903339,Reduces Risk,numeric__engagement_hackathons_attended_std_3m,0.626239,Increases Risk
S2756,numeric__placement_coding_score_slope_3m,0.814419,Increases Risk,numeric__attendance_declining_flag,-0.74125,Reduces Risk,numeric__feedback_satisfaction_score_missing,-0.713384,Reduces Risk,numeric__engagement_events_attended_slope_3m,-0.56355,Reduces Risk,numeric__placement_coding_score_avg_3m,0.536834,Increases Risk,numeric__attendance_overall_attendance_current,1.149862,Increases Risk,numeric__engagement_hackathons_attended_current,0.859109,Increases Risk,numeric__placement_coding_score_slope_3m,-0.750604,Reduces Risk,numeric__attendance_overall_attendance_avg_3m,-0.643683,Reduces Risk,numeric__engagement_strength,-0.532317,Reduces Risk
S2757,numeric__academic_warning_score,1.324269,Increases Risk,numeric__skills_tech_skills_score_avg_3m,-0.858965,Reduces Risk,numeric__lms_assignment_completion_pct_avg_3m,-0.82182,Reduces Risk,numeric__academic_backlogs_slope_3m,0.781385,Increases Risk,numeric__academic_backlogs_avg_3m,-0.748902,Reduces Risk,numeric__attendance_overall_attendance_current,1.614955,Increases Risk,numeric__skills_soft_skills_score_std_3m,1.309639,Increases Risk,numeric__low_lms_flag,0.913609,Increases Risk,numeric__attendance_overall_attendance_avg_3m,-0.876042,Reduces Risk,numeric__attendance_subject_attendance_current,0.809239,Increases Risk
S2758,numeric__placement_coding_score_slope_3m,0.910371,Increases Risk,numeric__attendance_declining_flag,-0.74125,Reduces Risk,numeric__engagement_hackathons_attended_std_3m,0.676045,Increases Risk,numeric__placement_mock_interview_score_avg_3m,-0.638824,Reduces Risk,numeric__feedback_satisfaction_score_avg_3m,-0.542263,Reduces Risk,numeric__placement_coding_score_slope_3m,-0.839037,Reduces Risk,numeric__engagement_strength,0.775128,Increases Risk,numeric__attendance_overall_attendance_current,-0.645614,Reduces Risk,numeric__placement_mock_interview_score_current,-0.589224,Reduces Risk,numeric__skills_soft_skills_score_std_3m,-0.552924,Reduces Risk
S2759,numeric__academic_warning_score,1.191444,Increases Risk,numeric__attendance_overall_attendance_std_3m,1.16215,Increases Risk,numeric__skills_soft_skills_score_avg_3m,0.982386,Increases Risk,numeric__attendance_declining_flag,-0.74125,Reduces Risk,numeric__placement_mock_interview_score_avg_3m,-0.736052,Reduces Risk,numeric__attendance_overall_attendance_current,2.285554,Increases Risk,numeric__attendance_subject_attendance_current,1.089674,Increases Risk,numeric__critical_attendance_flag,-0.997756,Reduces Risk,numeric__attendance_overall_attendance_avg_3m,-0.961913,Reduces Risk,numeric__attendance_overall_attendance_std_3m,-0.806,Reduces Risk
S2760,numeric__engagement_events_attended_slope_3m,1.0284,Increases Risk,numeric__placement_coding_score_avg_3m,-0.856073,Reduces Risk,numeric__feedback_satisfaction_score_avg_3m,0.666116,Increases Risk,numeric__lms_assignment_completion_pct_avg_3m,-0.580018,Reduces Risk,numeric__skills_tech_skills_score_avg_3m,0.53835,Increases Risk,numeric__engagement_strength,-1.652983,Reduces Risk,numeric__attendance_overall_attendance_current,1.625771,Increases Risk,numeric__attendance_subject_attendance_current,1.052636,Increases Risk,numeric__critical_attendance_flag,-0.997756,Reduces Risk,numeric__attendance_overall_attendance_avg_3m,-0.979593,Reduces Risk
S2761,numeric__attendance_declining_flag,-0.74125,Reduces Risk,numeric__skills_tech_skills_score_avg_3m,-0.677775,Reduces Risk,numeric__placement_coding_score_avg_3m,0.599578,Increases Risk,numeric__cgpa_declining_flag,0.487485,Increases Risk,numeric__feedback_faculty_rating_avg_3m,-0.444496,Reduces Risk,numeric__engagement_strength,-1.09265,Reduces Risk,numeric__engagement_hackathons_attended_current,0.859109,Increases Risk,numeric__attendance_subject_attendance_current,-0.682885,Reduces Risk,numeric__feedback_faculty_rating_current,-0.548734,Reduces Risk,numeric__engagement_club_participations_current,-0.547287,Reduces Risk
S2762,numeric__placement_coding_score_avg_3m,-1.307827,Reduces Risk,numeric__lms_assignment_completion_pct_avg_3m,1.290396,Increases Risk,numeric__skills_tech_skills_score_avg_3m,1.223188,Increases Risk,numeric__placement_aptitude_score_current,1.221345,Increases Risk,numeric__academic_warning_score,-0.933762,Reduces Risk,numeric__placement_aptitude_score_current,-1.1927,Reduces Risk,numeric__engagement_hackathons_attended_current,-1.050022,Reduces Risk,numeric__attendance_overall_attendance_slope_3m,0.673895,Increases Risk,numeric__attendance_subject_attendance_current,-0.66172,Reduces Risk,numeric__feedback_satisfaction_score_current,-0.651384,Reduces Risk
S2763,numeric__lms_assignment_completion_pct_avg_3m,0.967992,Increases Risk,numeric__academic_warning_score,-0.933762,Reduces Risk,numeric__feedback_satisfaction_score_avg_3m,-0.710026,Reduces Risk,numeric__lms_assignment_completion_pct_current,-0.501611,Reduces Risk,numeric__attendance_overall_attendance_avg_3m,-0.458374,Reduces Risk,numeric__attendance_overall_attendance_avg_3m,1.259382,Increases Risk,numeric__attendance_subject_attendance_current,-1.069144,Reduces Risk,numeric__attendance_subject_attendance_avg_3m,0.879251,Increases Risk,numeric__engagement_club_participations_current,-0.547287,Reduces Risk,numeric__attendance_overall_attendance_slope_3m,0.480178,Increases Risk
S2764,numeric__feedback_satisfaction_score_avg_3m,1.624067,Increases Risk,numeric__skills_soft_skills_score_avg_3m,-0.95326,Reduces Risk,numeric__feedback_satisfaction_score_current,-0.901326,Reduces Risk,numeric__placement_mock_interview_score_avg_3m,0.829313,Increases Risk,numeric__lms_assignment_completion_pct_avg_3m,-0.81945,Reduces Risk,numeric__attendance_overall_attendance_avg_3m,-0.954336,Reduces Risk,numeric__attendance_overall_attendance_current,0.944355,Increases Risk,numeric__feedback_satisfaction_score_current,0.766574,Increases Risk,numeric__placement_mock_interview_score_avg_3m,0.683738,Increases Risk,numeric__placement_mock_interview_score_current,0.651607,Increases Risk
S2765,numeric__feedback_faculty_rating_avg_3m,1.154854,Increases Risk,numeric__academic_backlogs_avg_3m,-0.955781,Reduces Risk,numeric__placement_aptitude_score_current,0.862516,Increases Risk,numeric__attendance_declining_flag,-0.74125,Reduces Risk,numeric__skills_soft_skills_score_avg_3m,-0.712286,Reduces Risk,numeric__engagement_hackathons_attended_current,0.859109,Increases Risk,numeric__placement_aptitude_score_current,-0.842421,Reduces Risk,numeric__feedback_satisfaction_score_slope_3m,-0.527297,Reduces Risk,numeric__academic_internal_marks_slope_3m,-0.49585,Reduces Risk,numeric__feedback_faculty_rating_current,0.446977,Increases Risk
S2766,numeric__academic_backlogs_avg_3m,-0.955781,Reduces Risk,numeric__feedback_satisfaction_score_avg_3m,-0.855907,Reduces Risk,numeric__skills_soft_skills_score_avg_3m,0.770225,Increases Risk,numeric__placement_aptitude_score_slope_3m,0.653227,Increases Risk,numeric__lms_assignment_completion_pct_avg_3m,0.562617,Increases Risk,numeric__placement_aptitude_score_slope_3m,-0.691988,Reduces Risk,numeric__attendance_overall_attendance_current,-0.65643,Reduces Risk,numeric__placement_aptitude_score_current,0.535851,Increases Risk,numeric__placement_coding_score_slope_3m,0.498993,Increases Risk,numeric__skills_soft_skills_score_std_3m,0.463384,Increases Risk
S2767,numeric__engagement_club_participations_avg_3m,0.802384,Increases Risk,numeric__academic_cgpa_current,0.492083,Increases Risk,numeric__skills_tech_skills_score_avg_3m,0.421651,Increases Risk,numeric__placement_coding_score_avg_3m,-0.416868,Reduces Risk,numeric__engagement_events_attended_slope_3m,0.39162,Increases Risk,numeric__attendance_overall_attendance_current,-1.229685,Reduces Risk,numeric__engagement_strength,-1.09265,Reduces Risk,numeric__engagement_hackathons_attended_current,0.859109,Increases Risk,numeric__attendance_overall_attendance_avg_3m,0.684801,Increases Risk,numeric__attendance_subject_attendance_current,-0.667011,Reduces Risk
S2768,numeric__academic_warning_score,-0.933762,Reduces Risk,numeric__academic_cgpa_current,0.887768,Increases Risk,numeric__placement_coding_score_avg_3m,0.759574,Increases Risk,numeric__attendance_overall_attendance_std_3m,-0.588426,Reduces Risk,numeric__feedback_faculty_rating_avg_3m,-0.588028,Reduces Risk,numeric__academic_internal_marks_avg_3m,-0.807145,Reduces Risk,numeric__feedback_faculty_rating_current,-0.653972,Reduces Risk,numeric__feedback_satisfaction_score_slope_3m,-0.579591,Reduces Risk,numeric__placement_aptitude_score_current,0.543465,Increases Risk,numeric__academic_cgpa_avg_3m,-0.50883,Reduces Risk
S2769,numeric__attendance_overall_attendance_std_3m,0.968141,Increases Risk,numeric__placement_aptitude_score_current,0.932722,Increases Risk,numeric__academic_cgpa_current,-0.831417,Reduces Risk,numeric__feedback_satisfaction_score_avg_3m,-0.812143,Reduces Risk,numeric__academic_warning_score,0.792967,Increases Risk,numeric__academic_internal_marks_avg_3m,0.946417,Increases Risk,numeric__placement_aptitude_score_current,-0.910954,Reduces Risk,numeric__attendance_overall_attendance_current,0.84701,Increases Risk,numeric__attendance_overall_attendance_std_3m,-0.671448,Reduces Risk,numeric__attendance_subject_attendance_current,0.518222,Increases Risk
S2770,numeric__lms_assignment_completion_pct_avg_3m,-2.061651,Reduces Risk,numeric__academic_warning_score,1.722745,Increases Risk,numeric__feedback_satisfaction_score_avg_3m,1.64838,Increases Risk,numeric__skills_soft_skills_score_avg_3m,-1.094701,Reduces Risk,numeric__feedback_satisfaction_score_current,-1.064781,Reduces Risk,numeric__attendance_overall_attendance_current,2.988602,Increases Risk,numeric__engagement_strength,2.082572,Increases Risk,numeric__attendance_overall_attendance_avg_3m,-1.830732,Reduces Risk,numeric__attendance_subject_attendance_avg_3m,-1.359121,Reduces Risk,numeric__attendance_subject_attendance_current,1.33307,Increases Risk
S2771,numeric__placement_aptitude_score_slope_3m,1.219958,Increases Risk,numeric__placement_aptitude_score_current,-0.93943,Reduces Risk,numeric__academic_warning_score,-0.933762,Reduces Risk,numeric__placement_aptitude_score_std_3m,-0.533114,Reduces Risk,numeric__engagement_hackathons_attended_std_3m,0.511015,Increases Risk,numeric__placement_aptitude_score_slope_3m,-1.292346,Reduces Risk,numeric__placement_aptitude_score_current,0.916589,Increases Risk,numeric__placement_mock_interview_score_current,-0.469695,Reduces Risk,numeric__placement_coding_score_slope_3m,-0.46608,Reduces Risk,numeric__attendance_overall_attendance_current,-0.450924,Reduces Risk
S2772,numeric__academic_warning_score,1.58992,Increases Risk,numeric__placement_coding_score_avg_3m,1.396421,Increases Risk,numeric__skills_tech_skills_score_avg_3m,-1.313476,Reduces Risk,numeric__lms_assignment_completion_pct_avg_3m,-0.999616,Reduces Risk,numeric__placement_aptitude_score_current,-0.978434,Reduces Risk,numeric__attendance_overall_attendance_current,1.160678,Increases Risk,numeric__placement_aptitude_score_current,0.954662,Increases Risk,numeric__low_lms_flag,0.913609,Increases Risk,numeric__engagement_hackathons_attended_current,0.859109,Increases Risk,numeric__placement_aptitude_score_slope_3m,-0.781403,Reduces Risk
S2773,numeric__placement_coding_score_avg_3m,-2.104671,Reduces Risk,numeric__placement_aptitude_score_current,1.868798,Increases Risk,numeric__skills_tech_skills_score_avg_3m,1.73912,Increases Risk,numeric__lms_assignment_completion_pct_avg_3m,1.276172,Increases Risk,numeric__academic_warning_score,-0.933762,Reduces Risk,numeric__attendance_overall_attendance_current,-1.975997,Reduces Risk,numeric__low_aptitude_flag,-1.905883,Reduces Risk,numeric__placement_aptitude_score_current,-1.824725,Reduces Risk,numeric__attendance_overall_attendance_avg_3m,1.215184,Increases Risk,numeric__placement_coding_score_avg_3m,1.037054,Increases Risk
S2774,numeric__engagement_events_attended_slope_3m,1.34679,Increases Risk,numeric__academic_backlogs_avg_3m,-0.955781,Reduces Risk,numeric__placement_aptitude_score_current,0.885918,Increases Risk,numeric__lms_logins_per_week_slope_3m,-0.768587,Reduces Risk,numeric__attendance_declining_flag,-0.74125,Reduces Risk,numeric__engagement_strength,-2.026538,Reduces Risk,numeric__engagement_events_attended_current,1.349088,Increases Risk,numeric__academic_internal_marks_avg_3m,0.980936,Increases Risk,numeric__placement_aptitude_score_current,-0.865265,Reduces Risk,numeric__placement_coding_score_slope_3m,0.610495,Increases Risk
S2775,numeric__placement_aptitude_score_current,-1.321662,Reduces Risk,numeric__placement_coding_score_avg_3m,1.101526,Increases Risk,numeric__skills_tech_skills_score_avg_3m,-0.957238,Reduces Risk,numeric__academic_cgpa_current,0.696748,Increases Risk,numeric__academic_warning_score,-0.668112,Reduces Risk,numeric__placement_aptitude_score_current,1.289712,Increases Risk,numeric__attendance_overall_attendance_current,-1.164788,Reduces Risk,numeric__engagement_strength,-1.09265,Reduces Risk,numeric__engagement_hackathons_attended_current,0.859109,Increases Risk,numeric__academic_internal_marks_avg_3m,-0.795638,Reduces Risk
S2776,numeric__skills_tech_skills_score_avg_3m,-0.871249,Reduces Risk,numeric__academic_cgpa_current,0.717214,Increases Risk,numeric__placement_coding_score_avg_3m,0.687419,Increases Risk,numeric__skills_soft_skills_score_avg_3m,0.56854,Increases Risk,numeric__engagement_hackathons_attended_std_3m,-0.55575,Reduces Risk,numeric__attendance_overall_attendance_current,-1.143156,Reduces Risk,numeric__academic_internal_marks_avg_3m,-0.745011,Reduces Risk,numeric__attendance_overall_attendance_avg_3m,0.664596,Increases Risk,numeric__placement_mock_interview_score_current,-0.640451,Reduces Risk,numeric__attendance_subject_attendance_avg_3m,0.599454,Increases Risk
S2777,numeric__lms_assignment_completion_pct_avg_3m,0.994069,Increases Risk,numeric__skills_soft_skills_score_avg_3m,0.982386,Increases Risk,numeric__feedback_satisfaction_score_avg_3m,-0.865632,Reduces Risk,numeric__placement_mock_interview_score_avg_3m,-0.825502,Reduces Risk,numeric__feedback_satisfaction_score_current,0.784843,Increases Risk,numeric__attendance_overall_attendance_current,-1.640697,Reduces Risk,numeric__attendance_overall_attendance_avg_3m,1.331363,Increases Risk,numeric__attendance_subject_attendance_avg_3m,0.92654,Increases Risk,numeric__placement_mock_interview_score_current,-0.8169,Reduces Risk,numeric__placement_mock_interview_score_avg_3m,-0.680596,Reduces Risk
S2778,numeric__academic_cgpa_current,1.112899,Increases Risk,numeric__skills_soft_skills_score_avg_3m,1.019056,Increases Risk,numeric__placement_aptitude_score_current,-0.900427,Reduces Risk,numeric__attendance_declining_flag,-0.74125,Reduces Risk,numeric__placement_mock_interview_score_avg_3m,-0.739941,Reduces Risk,numeric__academic_internal_marks_avg_3m,-1.000451,Reduces Risk,numeric__placement_aptitude_score_current,0.878515,Increases Risk,numeric__placement_mock_interview_score_current,-0.703062,Reduces Risk,numeric__academic_cgpa_avg_3m,-0.659985,Reduces Risk,numeric__academic_cgpa_current,-0.611433,Reduces Risk
S2779,numeric__skills_tech_skills_score_avg_3m,-0.769905,Reduces Risk,numeric__attendance_declining_flag,-0.74125,Reduces Risk,numeric__skills_soft_skills_score_avg_3m,0.709981,Increases Risk,numeric__placement_coding_score_avg_3m,0.662321,Increases Risk,numeric__placement_aptitude_score_current,-0.658608,Reduces Risk,numeric__engagement_strength,-1.652983,Reduces Risk,numeric__attendance_overall_attendance_current,-1.586617,Reduces Risk,numeric__attendance_overall_attendance_avg_3m,1.301055,Increases Risk,numeric__attendance_subject_attendance_avg_3m,1.056586,Increases Risk,numeric__attendance_subject_attendance_current,-0.96332,Reduces Risk
S2780,numeric__placement_coding_score_avg_3m,-0.783918,Reduces Risk,numeric__placement_coding_score_slope_3m,0.72264,Increases Risk,numeric__engagement_events_attended_slope_3m,0.71001,Increases Risk,numeric__engagement_hackathons_attended_std_3m,0.676045,Increases Risk,numeric__academic_warning_score,-0.668112,Reduces Risk,numeric__engagement_hackathons_attended_current,-1.050022,Reduces Risk,numeric__attendance_overall_attendance_current,-0.970098,Reduces Risk,numeric__engagement_certifications_count_current,0.937282,Increases Risk,numeric__engagement_strength,-0.719094,Reduces Risk,numeric__placement_coding_score_slope_3m,-0.666016,Reduces Risk
S2781,numeric__academic_warning_score,0.925793,Increases Risk,numeric__academic_cgpa_current,-0.756373,Reduces Risk,numeric__attendance_declining_flag,-0.74125,Reduces Risk,numeric__academic_backlogs_avg_3m,-0.542023,Reduces Risk,numeric__academic_cgpa_std_3m,-0.492291,Reduces Risk,numeric__academic_internal_marks_avg_3m,0.663362,Increases Risk,numeric__attendance_overall_attendance_current,0.554975,Increases Risk,numeric__low_attendance_flag,-0.491842,Reduces Risk,numeric__attendance_subject_attendance_current,0.481184,Increases Risk,numeric__placement_mock_interview_score_current,-0.435543,Reduces Risk
S2782,numeric__academic_warning_score,1.191444,Increases Risk,numeric__academic_cgpa_current,-0.961038,Reduces Risk,numeric__placement_coding_score_avg_3m,0.944667,Increases Risk,numeric__skills_tech_skills_score_avg_3m,-0.938812,Reduces Risk,numeric__academic_backlogs_slope_3m,0.781385,Increases Risk,numeric__attendance_overall_attendance_current,1.074149,Increases Risk,numeric__academic_internal_marks_avg_3m,1.022359,Increases Risk,numeric__attendance_subject_attendance_current,0.592299,Increases Risk,numeric__placement_aptitude_score_current,-0.545445,Reduces Risk,numeric__academic_cgpa_avg_3m,0.52807,Increases Risk
S2783,numeric__placement_coding_score_avg_3m,-2.148591,Reduces Risk,numeric__placement_aptitude_score_current,1.868798,Increases Risk,numeric__skills_tech_skills_score_avg_3m,1.797469,Increases Risk,numeric__academic_cgpa_current,-0.961038,Reduces Risk,numeric__academic_backlogs_avg_3m,-0.955781,Reduces Risk,numeric__low_aptitude_flag,-1.905883,Reduces Risk,numeric__placement_aptitude_score_current,-1.824725,Reduces Risk,numeric__engagement_strength,1.522238,Increases Risk,numeric__low_coding_flag,1.487088,Increases Risk,numeric__placement_coding_score_avg_3m,1.058695,Increases Risk
S2784,numeric__placement_coding_score_avg_3m,-0.580002,Reduces Risk,numeric__engagement_hackathons_attended_std_3m,-0.55575,Reduces Risk,numeric__feedback_satisfaction_score_avg_3m,0.515373,Increases Risk,numeric__lms_assignment_completion_pct_avg_3m,-0.501788,Reduces Risk,numeric__low_attendance_flag,-0.422933,Reduces Risk,numeric__low_lms_flag,0.913609,Increases Risk,numeric__attendance_subject_attendance_current,0.862152,Increases Risk,numeric__attendance_overall_attendance_current,0.663136,Increases Risk,numeric__attendance_subject_attendance_avg_3m,-0.598548,Reduces Risk,numeric__low_attendance_flag,-0.491842,Reduces Risk
S2785,numeric__placement_aptitude_score_current,-1.329462,Reduces Risk,numeric__skills_tech_skills_score_avg_3m,-0.908101,Reduces Risk,numeric__placement_coding_score_slope_3m,0.74767,Increases Risk,numeric__placement_aptitude_score_slope_3m,0.592937,Increases Risk,numeric__feedback_satisfaction_score_avg_3m,-0.578733,Reduces Risk,numeric__placement_aptitude_score_current,1.297327,Increases Risk,numeric__attendance_overall_attendance_current,-0.905201,Reduces Risk,numeric__placement_coding_score_slope_3m,-0.689085,Reduces Risk,numeric__placement_aptitude_score_slope_3m,-0.62812,Reduces Risk,numeric__placement_readiness_score,0.484109,Increases Risk
S2786,numeric__attendance_overall_attendance_std_3m,0.805445,Increases Risk,numeric__attendance_declining_flag,-0.74125,Reduces Risk,numeric__placement_coding_score_avg_3m,0.69683,Increases Risk,numeric__academic_cgpa_current,0.608059,Increases Risk,numeric__skills_tech_skills_score_avg_3m,-0.570289,Reduces Risk,numeric__engagement_strength,-1.466205,Reduces Risk,numeric__engagement_certifications_count_current,0.937282,Increases Risk,numeric__attendance_overall_attendance_slope_3m,-0.698271,Reduces Risk,numeric__attendance_overall_attendance_std_3m,-0.558613,Reduces Risk,numeric__academic_internal_marks_avg_3m,-0.540198,Reduces Risk
S2787,numeric__feedback_satisfaction_score_avg_3m,1.191287,Increases Risk,numeric__skills_soft_skills_score_avg_3m,-1.113035,Reduces Risk,numeric__lms_assignment_completion_pct_avg_3m,-1.094441,Reduces Risk,numeric__feedback_satisfaction_score_current,-0.841106,Reduces Risk,numeric__placement_mock_interview_score_avg_3m,0.728196,Increases Risk,numeric__attendance_overall_attendance_current,2.382899,Increases Risk,numeric__attendance_overall_attendance_avg_3m,-1.974693,Reduces Risk,numeric__attendance_subject_attendance_avg_3m,-1.802461,Reduces Risk,numeric__attendance_subject_attendance_current,1.232537,Increases Risk,numeric__critical_attendance_flag,-0.997756,Reduces Risk
S2788,numeric__placement_coding_score_avg_3m,-1.831736,Reduces Risk,numeric__skills_tech_skills_score_avg_3m,1.382881,Increases Risk,numeric__lms_assignment_completion_pct_avg_3m,1.321213,Increases Risk,numeric__attendance_declining_flag,-0.74125,Reduces Risk,numeric__placement_coding_score_current,0.722975,Increases Risk,numeric__attendance_overall_attendance_current,-1.781307,Reduces Risk,numeric__low_coding_flag,1.487088,Increases Risk,numeric__attendance_overall_attendance_avg_3m,1.391978,Increases Risk,numeric__attendance_subject_attendance_avg_3m,1.094024,Increases Risk,numeric__attendance_subject_attendance_current,-1.032106,Reduces Risk
S2789,numeric__placement_coding_score_avg_3m,-1.656054,Reduces Risk,numeric__skills_tech_skills_score_avg_3m,1.53029,Increases Risk,numeric__academic_cgpa_current,-1.083837,Reduces Risk,numeric__placement_aptitude_score_current,0.948323,Increases Risk,numeric__lms_assignment_completion_pct_avg_3m,-0.850268,Reduces Risk,numeric__engagement_strength,1.522238,Increases Risk,numeric__low_coding_flag,1.487088,Increases Risk,numeric__attendance_overall_attendance_current,1.420265,Increases Risk,numeric__engagement_hackathons_attended_current,-1.050022,Reduces Risk,numeric__attendance_subject_attendance_avg_3m,-0.998538,Reduces Risk
S2790,numeric__placement_aptitude_score_current,-1.150048,Reduces Risk,numeric__academic_cgpa_current,0.805902,Increases Risk,numeric__attendance_declining_flag,-0.74125,Reduces Risk,numeric__engagement_hackathons_attended_std_3m,-0.55575,Reduces Risk,numeric__lms_assignment_completion_pct_avg_3m,0.546023,Increases Risk,numeric__placement_aptitude_score_current,1.122187,Increases Risk,numeric__engagement_strength,0.775128,Increases Risk,numeric__feedback_satisfaction_score_slope_3m,-0.753904,Reduces Risk,numeric__academic_internal_marks_avg_3m,-0.685178,Reduces Risk,numeric__placement_mock_interview_score_current,-0.600608,Reduces Risk
S2791,numeric__lms_assignment_completion_pct_avg_3m,1.1529,Increases Risk,numeric__placement_mock_interview_score_avg_3m,-0.967454,Reduces Risk,numeric__feedback_satisfaction_score_avg_3m,-0.894808,Reduces Risk,numeric__skills_soft_skills_score_avg_3m,0.85928,Increases Risk,numeric__attendance_declining_flag,-0.74125,Reduces Risk,numeric__engagement_hackathons_attended_current,1.813675,Increases Risk,numeric__attendance_overall_attendance_current,-1.52172,Reduces Risk,numeric__attendance_overall_attendance_avg_3m,1.313684,Increases Risk,numeric__engagement_strength,-1.279427,Reduces Risk,numeric__attendance_subject_attendance_avg_3m,0.958066,Increases Risk
S2792,numeric__lms_assignment_completion_pct_avg_3m,-1.084958,Reduces Risk,numeric__academic_backlogs_slope_3m,0.781385,Increases Risk,numeric__lms_assignment_completion_pct_current,0.518826,Increases Risk,numeric__cgpa_declining_flag,0.487485,Increases Risk,numeric__academic_cgpa_std_3m,-0.448912,Reduces Risk,numeric__engagement_hackathons_attended_current,0.859109,Increases Risk,numeric__academic_internal_marks_slope_3m,0.540395,Increases Risk,numeric__engagement_strength,-0.532317,Reduces Risk,numeric__placement_mock_interview_score_current,-0.532305,Reduces Risk,numeric__lms_logins_per_week_avg_3m,-0.531259,Reduces Risk
S2793,numeric__academic_warning_score,-0.933762,Reduces Risk,numeric__lms_assignment_completion_pct_avg_3m,-0.914274,Reduces Risk,numeric__placement_coding_score_slope_3m,0.910371,Increases Risk,numeric__feedback_faculty_rating_avg_3m,0.826782,Increases Risk,numeric__feedback_satisfaction_score_avg_3m,0.675841,Increases Risk,numeric__engagement_strength,1.522238,Increases Risk,numeric__feedback_satisfaction_score_slope_3m,1.111245,Increases Risk,numeric__engagement_hackathons_attended_current,-1.050022,Reduces Risk,numeric__placement_coding_score_slope_3m,-0.839037,Reduces Risk,numeric__feedback_faculty_rating_current,0.706024,Increases Risk
S2794,numeric__engagement_events_attended_slope_3m,0.71001,Increases Risk,numeric__engagement_hackathons_attended_current,0.677675,Increases Risk,numeric__engagement_hackathons_attended_std_3m,0.676045,Increases Risk,numeric__academic_warning_score,-0.668112,Reduces Risk,numeric__feedback_faculty_rating_avg_3m,-0.555221,Reduces Risk,numeric__engagement_hackathons_attended_current,1.813675,Increases Risk,numeric__engagement_strength,-1.279427,Reduces Risk,numeric__attendance_overall_attendance_avg_3m,-0.663888,Reduces Risk,numeric__academic_internal_marks_avg_3m,-0.583922,Reduces Risk,numeric__feedback_satisfaction_score_slope_3m,-0.544728,Reduces Risk
S2795,numeric__feedback_satisfaction_score_avg_3m,1.346893,Increases Risk,numeric__lms_assignment_completion_pct_avg_3m,-1.077846,Reduces Risk,numeric__attendance_declining_flag,-0.74125,Reduces Risk,numeric__feedback_satisfaction_score_missing,-0.713384,Reduces Risk,numeric__lms_assignment_completion_pct_current,0.626424,Increases Risk,numeric__attendance_overall_attendance_current,2.458612,Increases Risk,numeric__attendance_overall_attendance_avg_3m,-1.381169,Reduces Risk,numeric__critical_attendance_flag,-0.997756,Reduces Risk,numeric__attendance_subject_attendance_avg_3m,-0.931545,Reduces Risk,numeric__engagement_hackathons_attended_current,0.859109,Increases Risk
S2796,numeric__placement_coding_score_avg_3m,0.979176,Increases Risk,numeric__skills_tech_skills_score_avg_3m,-0.837468,Reduces Risk,numeric__feedback_satisfaction_score_avg_3m,-0.802417,Reduces Risk,numeric__attendance_declining_flag,-0.74125,Reduces Risk,numeric__lms_assignment_completion_pct_avg_3m,0.666924,Increases Risk,numeric__placement_coding_score_slope_3m,0.564356,Increases Risk,numeric__placement_coding_score_avg_3m,-0.482479,Reduces Risk,numeric__lms_assignment_completion_pct_current,0.471768,Increases Risk,numeric__lms_logins_per_week_avg_3m,0.438708,Increases Risk,numeric__feedback_satisfaction_score_slope_3m,-0.422709,Reduces Risk
S2797,numeric__placement_aptitude_score_current,-1.259256,Reduces Risk,numeric__placement_coding_score_avg_3m,1.214465,Increases Risk,numeric__skills_tech_skills_score_avg_3m,-1.058581,Reduces Risk,numeric__academic_cgpa_current,0.880946,Increases Risk,numeric__feedback_faculty_rating_avg_3m,-0.801274,Reduces Risk,numeric__placement_aptitude_score_current,1.228794,Increases Risk,numeric__engagement_strength,-1.09265,Reduces Risk,numeric__engagement_hackathons_attended_current,0.859109,Increases Risk,numeric__attendance_overall_attendance_current,-0.721327,Reduces Risk,numeric__feedback_faculty_rating_current,-0.653972,Reduces Risk
S2798,numeric__lms_logins_per_week_slope_3m,1.270781,Increases Risk,numeric__feedback_satisfaction_score_avg_3m,-0.992062,Reduces Risk,numeric__placement_coding_score_avg_3m,0.816043,Increases Risk,numeric__placement_mock_interview_score_avg_3m,-0.806056,Reduces Risk,numeric__skills_tech_skills_score_avg_3m,-0.791402,Reduces Risk,numeric__attendance_overall_attendance_current,-1.748858,Reduces Risk,numeric__attendance_overall_attendance_avg_3m,1.407132,Increases Risk,numeric__attendance_subject_attendance_avg_3m,1.009297,Increases Risk,numeric__engagement_strength,-0.905872,Reduces Risk,numeric__attendance_subject_attendance_current,-0.788709,Reduces Risk
S2799,numeric__academic_cgpa_current,-1.179347,Reduces Risk,numeric__placement_coding_score_avg_3m,-0.984698,Reduces Risk,numeric__attendance_declining_flag,-0.74125,Reduces Risk,numeric__placement_aptitude_score_current,0.706503,Increases Risk,numeric__placement_aptitude_score_slope_3m,0.693421,Increases Risk,numeric__academic_internal_marks_avg_3m,1.07989,Increases Risk,numeric__engagement_certifications_count_current,0.937282,Increases Risk,numeric__engagement_strength,-0.905872,Reduces Risk,numeric__placement_aptitude_score_slope_3m,-0.734566,Reduces Risk,numeric__placement_aptitude_score_current,-0.690126,Reduces Risk
S2800,numeric__placement_coding_score_avg_3m,1.236425,Increases Risk,numeric__placement_mock_interview_score_avg_3m,-0.969398,Reduces Risk,numeric__lms_assignment_completion_pct_avg_3m,0.939545,Increases Risk,numeric__academic_warning_score,-0.933762,Reduces Risk,numeric__skills_soft_skills_score_avg_3m,0.809514,Increases Risk,numeric__attendance_overall_attendance_current,-1.153972,Reduces Risk,numeric__placement_mock_interview_score_current,-0.942121,Reduces Risk,numeric__skills_soft_skills_score_std_3m,0.805271,Increases Risk,numeric__placement_mock_interview_score_avg_3m,-0.799234,Reduces Risk,numeric__placement_aptitude_score_current,0.756679,Increases Risk
