student_id,domain,rank,feature,shap_value,direction
S2001,Academic,1,numeric__lms_assignment_completion_pct_avg_3m,-1.630199,Reduces Risk
S2001,Academic,2,numeric__academic_warning_score,1.457094,Increases Risk
S2001,Academic,3,numeric__feedback_satisfaction_score_avg_3m,1.453872,Increases Risk
S2001,Academic,4,numeric__placement_coding_score_avg_3m,1.236425,Increases Risk
S2001,Academic,5,numeric__skills_tech_skills_score_avg_3m,-1.126144,Reduces Risk
S2002,Academic,1,numeric__academic_warning_score,1.191444,Increases Risk
S2002,Academic,2,numeric__skills_soft_skills_score_avg_3m,1.068822,Increases Risk
S2002,Academic,3,numeric__placement_mock_interview_score_avg_3m,-0.804111,Reduces Risk
S2002,Academic,4,numeric__attendance_overall_attendance_std_3m,0.795217,Increases Risk
S2002,Academic,5,numeric__feedback_satisfaction_score_avg_3m,-0.768378,Reduces Risk
S2003,Academic,1,numeric__feedback_satisfaction_score_avg_3m,0.777958,Increases Risk
S2003,Academic,2,numeric__lms_logins_per_week_slope_3m,-0.768587,Reduces Risk
S2003,Academic,3,numeric__engagement_events_attended_slope_3m,-0.56355,Reduces Risk
S2003,Academic,4,numeric__placement_aptitude_score_slope_3m,0.552743,Increases Risk
S2003,Academic,5,numeric__feedback_satisfaction_score_current,-0.548607,Reduces Risk
S2004,Academic,1,numeric__skills_soft_skills_score_avg_3m,0.843564,Increases Risk
S2004,Academic,2,numeric__lms_assignment_completion_pct_avg_3m,0.633736,Increases Risk
S2004,Academic,3,numeric__attendance_overall_attendance_std_3m,-0.596143,Reduces Risk
S2004,Academic,4,numeric__engagement_hackathons_attended_std_3m,-0.55575,Reduces Risk
S2004,Academic,5,numeric__academic_warning_score,-0.535286,Reduces Risk
S2005,Academic,1,numeric__attendance_declining_flag,-0.74125,Reduces Risk
S2005,Academic,2,numeric__academic_cgpa_current,0.594415,Increases Risk
S2005,Academic,3,numeric__academic_warning_score,-0.535286,Reduces Risk
S2005,Academic,4,numeric__placement_coding_score_avg_3m,0.489776,Increases Risk
S2005,Academic,5,numeric__lms_assignment_completion_pct_avg_3m,-0.482823,Reduces Risk
S2006,Academic,1,numeric__placement_aptitude_score_current,-1.267057,Reduces Risk
S2006,Academic,2,numeric__placement_coding_score_avg_3m,1.123486,Increases Risk
S2006,Academic,3,numeric__lms_assignment_completion_pct_avg_3m,1.122082,Increases Risk
S2006,Academic,4,numeric__academic_cgpa_current,1.112899,Increases Risk
S2006,Academic,5,numeric__skills_tech_skills_score_avg_3m,-1.034013,Reduces Risk
S2007,Academic,1,numeric__engagement_hackathons_attended_std_3m,1.291942,Increases Risk
S2007,Academic,2,numeric__placement_coding_score_avg_3m,1.261522,Increases Risk
S2007,Academic,3,numeric__skills_tech_skills_score_avg_3m,-0.877391,Reduces Risk
S2007,Academic,4,numeric__skills_soft_skills_score_avg_3m,0.814752,Increases Risk
S2007,Academic,5,numeric__placement_mock_interview_score_avg_3m,-0.613545,Reduces Risk
S2008,Academic,1,numeric__feedback_satisfaction_score_avg_3m,-0.894808,Reduces Risk
S2008,Academic,2,numeric__placement_aptitude_score_current,-0.892627,Reduces Risk
S2008,Academic,3,numeric__engagement_hackathons_attended_current,0.677675,Increases Risk
S2008,Academic,4,numeric__skills_soft_skills_score_avg_3m,0.594733,Increases Risk
S2008,Academic,5,numeric__academic_warning_score,-0.535286,Reduces Risk
S2009,Academic,1,numeric__placement_coding_score_avg_3m,-2.299176,Reduces Risk
S2009,Academic,2,numeric__skills_tech_skills_score_avg_3m,1.825109,Increases Risk
S2009,Academic,3,numeric__skills_soft_skills_score_avg_3m,-1.16804,Reduces Risk
S2009,Academic,4,numeric__attendance_overall_attendance_std_3m,0.873407,Increases Risk
S2009,Academic,5,numeric__placement_mock_interview_score_avg_3m,0.788477,Increases Risk
S2010,Academic,1,numeric__placement_coding_score_avg_3m,1.18623,Increases Risk
S2010,Academic,2,numeric__skills_tech_skills_score_avg_3m,-0.87432,Reduces Risk
S2010,Academic,3,numeric__placement_aptitude_score_current,-0.760016,Reduces Risk
S2010,Academic,4,numeric__academic_warning_score,-0.668112,Reduces Risk
S2010,Academic,5,numeric__academic_cgpa_current,0.560304,Increases Risk
S2011,Academic,1,numeric__feedback_satisfaction_score_avg_3m,1.799123,Increases Risk
S2011,Academic,2,numeric__feedback_satisfaction_score_current,-1.434706,Reduces Risk
S2011,Academic,3,numeric__lms_assignment_completion_pct_avg_3m,-1.348096,Reduces Risk
S2011,Academic,4,numeric__placement_aptitude_score_current,-1.196851,Reduces Risk
S2011,Academic,5,numeric__engagement_events_attended_slope_3m,1.0284,Increases Risk
S2012,Academic,1,numeric__placement_aptitude_score_current,-1.103244,Reduces Risk
S2012,Academic,2,numeric__skills_tech_skills_score_avg_3m,-0.969522,Reduces Risk
S2012,Academic,3,numeric__placement_coding_score_avg_3m,0.954079,Increases Risk
S2012,Academic,4,numeric__skills_soft_skills_score_avg_3m,0.93,Increases Risk
S2012,Academic,5,numeric__placement_mock_interview_score_avg_3m,-0.91884,Reduces Risk
S2013,Academic,1,numeric__skills_soft_skills_score_avg_3m,1.254791,Increases Risk
S2013,Academic,2,numeric__placement_coding_score_avg_3m,1.16427,Increases Risk
S2013,Academic,3,numeric__feedback_satisfaction_score_avg_3m,-1.06014,Reduces Risk
S2013,Academic,4,numeric__skills_tech_skills_score_avg_3m,-0.926527,Reduces Risk
S2013,Academic,5,numeric__placement_mock_interview_score_avg_3m,-0.895505,Reduces Risk
S2014,Academic,1,numeric__placement_aptitude_score_current,0.831314,Increases Risk
S2014,Academic,2,numeric__skills_soft_skills_score_avg_3m,-0.754195,Reduces Risk
S2014,Academic,3,numeric__feedback_faculty_rating_avg_3m,0.535618,Increases Risk
S2014,Academic,4,numeric__academic_warning_score,-0.535286,Reduces Risk
S2014,Academic,5,numeric__feedback_faculty_rating_current,0.51786,Increases Risk
S2015,Academic,1,numeric__skills_tech_skills_score_avg_3m,-0.880462,Reduces Risk
S2015,Academic,2,numeric__placement_coding_score_avg_3m,0.794083,Increases Risk
S2015,Academic,3,numeric__skills_soft_skills_score_avg_3m,-0.654662,Reduces Risk
S2015,Academic,4,numeric__placement_aptitude_score_current,0.628497,Increases Risk
S2015,Academic,5,numeric__engagement_events_attended_slope_3m,-0.56355,Reduces Risk
S2016,Academic,1,numeric__placement_coding_score_avg_3m,-1.295278,Reduces Risk
S2016,Academic,2,numeric__skills_tech_skills_score_avg_3m,0.95908,Increases Risk
S2016,Academic,3,numeric__academic_cgpa_current,-0.770018,Reduces Risk
S2016,Academic,4,numeric__attendance_declining_flag,-0.74125,Reduces Risk
S2016,Academic,5,numeric__placement_aptitude_score_current,0.698703,Increases Risk
S2017,Academic,1,numeric__feedback_satisfaction_score_avg_3m,1.34203,Increases Risk
S2017,Academic,2,numeric__lms_assignment_completion_pct_avg_3m,-1.037546,Reduces Risk
S2017,Academic,3,numeric__lms_logins_per_week_slope_3m,-0.896047,Reduces Risk
S2017,Academic,4,numeric__feedback_satisfaction_score_current,-0.875517,Reduces Risk
S2017,Academic,5,numeric__attendance_declining_flag,-0.74125,Reduces Risk
S2018,Academic,1,numeric__placement_coding_score_avg_3m,-0.990972,Reduces Risk
S2018,Academic,2,numeric__skills_tech_skills_score_avg_3m,0.827026,Increases Risk
S2018,Academic,3,numeric__placement_aptitude_score_current,0.78451,Increases Risk
S2018,Academic,4,numeric__lms_assignment_completion_pct_avg_3m,0.76412,Increases Risk
S2018,Academic,5,numeric__engagement_events_attended_slope_3m,0.71001,Increases Risk
S2019,Academic,1,categorical__department_INFO TECH,0.662052,Increases Risk
S2019,Academic,2,numeric__lms_logins_per_week_slope_3m,0.633479,Increases Risk
S2019,Academic,3,numeric__placement_coding_score_avg_3m,0.590166,Increases Risk
S2019,Academic,4,numeric__academic_warning_score,-0.535286,Reduces Risk
S2019,Academic,5,numeric__engagement_hackathons_attended_std_3m,0.511015,Increases Risk
S2020,Academic,1,numeric__attendance_overall_attendance_std_3m,0.672144,Increases Risk
S2020,Academic,2,numeric__lms_assignment_completion_pct_avg_3m,-0.639283,Reduces Risk
S2020,Academic,3,numeric__lms_assignment_completion_pct_current,0.529239,Increases Risk
S2020,Academic,4,numeric__skills_soft_skills_score_avg_3m,-0.471313,Reduces Risk
S2020,Academic,5,numeric__placement_coding_score_avg_3m,0.427033,Increases Risk
S2021,Academic,1,numeric__academic_warning_score,1.457094,Increases Risk
S2021,Academic,2,numeric__placement_coding_score_avg_3m,-1.279593,Reduces Risk
S2021,Academic,3,numeric__skills_tech_skills_score_avg_3m,1.207833,Increases Risk
S2021,Academic,4,numeric__academic_cgpa_current,-1.056548,Reduces Risk
S2021,Academic,5,numeric__feedback_satisfaction_score_avg_3m,-0.967749,Reduces Risk
S2022,Academic,1,numeric__skills_tech_skills_score_avg_3m,-1.71578,Reduces Risk
S2022,Academic,2,numeric__placement_coding_score_avg_3m,1.506222,Increases Risk
S2022,Academic,3,numeric__lms_assignment_completion_pct_avg_3m,1.129194,Increases Risk
S2022,Academic,4,numeric__engagement_events_attended_slope_3m,-0.88194,Reduces Risk
S2022,Academic,5,numeric__placement_mock_interview_score_avg_3m,-0.7905,Reduces Risk
S2023,Academic,1,numeric__placement_coding_score_avg_3m,-1.295278,Reduces Risk
S2023,Academic,2,numeric__academic_backlogs_avg_3m,-0.955781,Reduces Risk
S2023,Academic,3,numeric__skills_tech_skills_score_avg_3m,0.934512,Increases Risk
S2023,Academic,4,numeric__placement_coding_score_slope_3m,0.781045,Increases Risk
S2023,Academic,5,numeric__skills_soft_skills_score_avg_3m,-0.570845,Reduces Risk
S2024,Academic,1,numeric__skills_tech_skills_score_avg_3m,1.084992,Increases Risk
S2024,Academic,2,numeric__placement_coding_score_avg_3m,-1.053716,Reduces Risk
S2024,Academic,3,numeric__academic_warning_score,0.925793,Increases Risk
S2024,Academic,4,numeric__attendance_declining_flag,-0.74125,Reduces Risk
S2024,Academic,5,numeric__placement_aptitude_score_current,-0.728813,Reduces Risk
S2025,Academic,1,numeric__placement_aptitude_score_current,-1.064241,Reduces Risk
S2025,Academic,2,numeric__placement_aptitude_score_slope_3m,0.966738,Increases Risk
S2025,Academic,3,numeric__feedback_satisfaction_score_avg_3m,-0.768378,Reduces Risk
S2025,Academic,4,numeric__placement_coding_score_slope_3m,-0.729148,Reduces Risk
S2025,Academic,5,numeric__placement_aptitude_score_std_3m,-0.682302,Reduces Risk
S2026,Academic,1,numeric__skills_soft_skills_score_avg_3m,-0.793484,Reduces Risk
S2026,Academic,2,numeric__placement_coding_score_avg_3m,-0.724312,Reduces Risk
S2026,Academic,3,numeric__academic_cgpa_current,0.608059,Increases Risk
S2026,Academic,4,numeric__engagement_hackathons_attended_std_3m,-0.55575,Reduces Risk
S2026,Academic,5,numeric__feedback_satisfaction_score_avg_3m,0.529961,Increases Risk
S2027,Academic,1,numeric__attendance_overall_attendance_std_3m,1.774355,Increases Risk
S2027,Academic,2,numeric__academic_warning_score,1.324269,Increases Risk
S2027,Academic,3,numeric__skills_tech_skills_score_avg_3m,0.965222,Increases Risk
S2027,Academic,4,numeric__placement_coding_score_avg_3m,-0.752546,Reduces Risk
S2027,Academic,5,numeric__attendance_declining_flag,-0.74125,Reduces Risk
S2028,Academic,1,numeric__academic_warning_score,1.988396,Increases Risk
S2028,Academic,2,numeric__placement_coding_score_avg_3m,1.214465,Increases Risk
S2028,Academic,3,numeric__skills_tech_skills_score_avg_3m,-1.150712,Reduces Risk
S2028,Academic,4,numeric__lms_assignment_completion_pct_avg_3m,-1.05177,Reduces Risk
S2028,Academic,5,numeric__feedback_satisfaction_score_avg_3m,0.870349,Increases Risk
S2029,Academic,1,numeric__engagement_hackathons_attended_std_3m,1.291942,Increases Risk
S2029,Academic,2,numeric__placement_aptitude_score_current,1.143339,Increases Risk
S2029,Academic,3,numeric__feedback_satisfaction_score_missing,-0.713384,Reduces Risk
S2029,Academic,4,numeric__placement_coding_score_slope_3m,-0.603994,Reduces Risk
S2029,Academic,5,numeric__academic_cgpa_current,-0.538064,Reduces Risk
S2030,Academic,1,numeric__placement_coding_score_avg_3m,1.656807,Increases Risk
S2030,Academic,2,numeric__academic_warning_score,1.324269,Increases Risk
S2030,Academic,3,numeric__skills_tech_skills_score_avg_3m,-1.159925,Reduces Risk
S2030,Academic,4,numeric__lms_assignment_completion_pct_avg_3m,-0.997246,Reduces Risk
S2030,Academic,5,numeric__placement_aptitude_score_current,-0.978434,Reduces Risk
S2031,Academic,1,numeric__attendance_declining_flag,-0.74125,Reduces Risk
S2031,Academic,2,numeric__engagement_hackathons_attended_current,0.677675,Increases Risk
S2031,Academic,3,numeric__engagement_hackathons_attended_std_3m,0.676045,Increases Risk
S2031,Academic,4,categorical__department_CIVIL ENGINEERING,-0.580173,Reduces Risk
S2031,Academic,5,numeric__lms_assignment_completion_pct_avg_3m,-0.553941,Reduces Risk
S2032,Academic,1,numeric__skills_soft_skills_score_avg_3m,1.155258,Increases Risk
S2032,Academic,2,numeric__lms_assignment_completion_pct_avg_3m,0.918209,Increases Risk
S2032,Academic,3,numeric__placement_mock_interview_score_avg_3m,-0.794389,Reduces Risk
S2032,Academic,4,numeric__feedback_satisfaction_score_avg_3m,-0.685713,Reduces Risk
S2032,Academic,5,numeric__placement_coding_score_avg_3m,0.590166,Increases Risk
S2033,Academic,1,numeric__skills_soft_skills_score_avg_3m,1.278364,Increases Risk
S2033,Academic,2,numeric__feedback_satisfaction_score_avg_3m,-1.264373,Reduces Risk
S2033,Academic,3,numeric__placement_coding_score_avg_3m,1.098389,Increases Risk
S2033,Academic,4,numeric__placement_mock_interview_score_avg_3m,-0.944119,Reduces Risk
S2033,Academic,5,numeric__skills_tech_skills_score_avg_3m,-0.911172,Reduces Risk
S2034,Academic,1,numeric__placement_coding_score_avg_3m,0.831729,Increases Risk
S2034,Academic,2,numeric__placement_aptitude_score_current,-0.713212,Reduces Risk
S2034,Academic,3,numeric__engagement_hackathons_attended_std_3m,-0.55575,Reduces Risk
S2034,Academic,4,numeric__placement_coding_score_slope_3m,0.505706,Increases Risk
S2034,Academic,5,numeric__cgpa_declining_flag,0.487485,Increases Risk
S2035,Academic,1,numeric__attendance_declining_flag,-0.74125,Reduces Risk
S2035,Academic,2,numeric__placement_mock_interview_score_current,0.495202,Increases Risk
S2035,Academic,3,numeric__lms_logins_per_week_slope_3m,-0.386205,Reduces Risk
S2035,Academic,4,numeric__feedback_satisfaction_score_avg_3m,-0.381794,Reduces Risk
S2035,Academic,5,numeric__academic_cgpa_std_3m,-0.356236,Reduces Risk
S2036,Academic,1,numeric__placement_coding_score_slope_3m,-0.933566,Reduces Risk
S2036,Academic,2,numeric__academic_warning_score,-0.668112,Reduces Risk
S2036,Academic,3,numeric__engagement_hackathons_attended_std_3m,-0.55575,Reduces Risk
S2036,Academic,4,numeric__placement_coding_score_std_3m,-0.435748,Reduces Risk
S2036,Academic,5,numeric__placement_coding_score_avg_3m,0.43017,Increases Risk
S2037,Academic,1,numeric__academic_warning_score,1.58992,Increases Risk
S2037,Academic,2,numeric__placement_coding_score_avg_3m,1.496811,Increases Risk
S2037,Academic,3,numeric__skills_tech_skills_score_avg_3m,-1.215204,Reduces Risk
S2037,Academic,4,numeric__lms_assignment_completion_pct_avg_3m,-0.881086,Reduces Risk
S2037,Academic,5,numeric__attendance_declining_flag,-0.74125,Reduces Risk
S2038,Academic,1,numeric__academic_cgpa_current,-1.343079,Reduces Risk
S2038,Academic,2,numeric__academic_warning_score,1.191444,Increases Risk
S2038,Academic,3,numeric__academic_backlogs_avg_3m,-1.16266,Reduces Risk
S2038,Academic,4,numeric__engagement_hackathons_attended_std_3m,1.073761,Increases Risk
S2038,Academic,5,numeric__placement_coding_score_avg_3m,-1.044304,Reduces Risk
S2039,Academic,1,numeric__engagement_events_attended_slope_3m,-1.20033,Reduces Risk
S2039,Academic,2,numeric__skills_soft_skills_score_avg_3m,0.67855,Increases Risk
S2039,Academic,3,numeric__academic_warning_score,-0.668112,Reduces Risk
S2039,Academic,4,numeric__placement_mock_interview_score_avg_3m,-0.597989,Reduces Risk
S2039,Academic,5,numeric__academic_cgpa_current,0.580771,Increases Risk
S2040,Academic,1,numeric__feedback_satisfaction_score_avg_3m,-0.9872,Reduces Risk
S2040,Academic,2,numeric__lms_assignment_completion_pct_avg_3m,0.754637,Increases Risk
S2040,Academic,3,numeric__feedback_satisfaction_score_current,0.716019,Increases Risk
S2040,Academic,4,numeric__engagement_events_attended_slope_3m,0.71001,Increases Risk
S2040,Academic,5,numeric__lms_assignment_completion_pct_current,-0.706393,Reduces Risk
S2041,Academic,1,numeric__academic_warning_score,-0.933762,Reduces Risk
S2041,Academic,2,numeric__skills_tech_skills_score_std_3m,0.354635,Increases Risk
S2041,Academic,3,numeric__skills_soft_skills_score_avg_3m,0.348521,Increases Risk
S2041,Academic,4,numeric__placement_mock_interview_score_avg_3m,-0.339363,Reduces Risk
S2041,Academic,5,numeric__attendance_declining_flag,0.333026,Increases Risk
S2042,Academic,1,numeric__academic_cgpa_current,-1.02926,Reduces Risk
S2042,Academic,2,numeric__placement_aptitude_score_current,0.956124,Increases Risk
S2042,Academic,3,numeric__academic_backlogs_slope_3m,0.781385,Increases Risk
S2042,Academic,4,numeric__feedback_satisfaction_score_current,0.750431,Increases Risk
S2042,Academic,5,numeric__attendance_declining_flag,-0.74125,Reduces Risk
S2043,Academic,1,numeric__feedback_satisfaction_score_avg_3m,-1.274099,Reduces Risk
S2043,Academic,2,numeric__placement_coding_score_avg_3m,-1.154105,Reduces Risk
S2043,Academic,3,numeric__engagement_hackathons_attended_std_3m,1.073761,Increases Risk
S2043,Academic,4,numeric__academic_backlogs_slope_3m,0.781385,Increases Risk
S2043,Academic,5,numeric__academic_backlogs_avg_3m,-0.748902,Reduces Risk
S2044,Academic,1,numeric__academic_warning_score,1.855571,Increases Risk
S2044,Academic,2,numeric__academic_cgpa_current,-1.227103,Reduces Risk
S2044,Academic,3,numeric__skills_soft_skills_score_avg_3m,-1.149705,Reduces Risk
S2044,Academic,4,numeric__lms_logins_per_week_slope_3m,-1.023508,Reduces Risk
S2044,Academic,5,numeric__placement_mock_interview_score_avg_3m,0.90904,Increases Risk
S2045,Academic,1,numeric__skills_soft_skills_score_avg_3m,-1.361867,Reduces Risk
S2045,Academic,2,numeric__placement_mock_interview_score_avg_3m,1.068493,Increases Risk
S2045,Academic,3,numeric__placement_coding_score_avg_3m,-1.000384,Reduces Risk
S2045,Academic,4,numeric__placement_mock_interview_score_current,0.827879,Increases Risk
S2045,Academic,5,numeric__feedback_satisfaction_score_avg_3m,0.739056,Increases Risk
S2046,Academic,1,numeric__skills_tech_skills_score_avg_3m,-1.347257,Reduces Risk
S2046,Academic,2,numeric__placement_coding_score_avg_3m,1.007411,Increases Risk
S2046,Academic,3,numeric__placement_aptitude_score_current,-0.775617,Reduces Risk
S2046,Academic,4,numeric__academic_cgpa_current,0.771791,Increases Risk
S2046,Academic,5,numeric__engagement_hackathons_attended_std_3m,0.676045,Increases Risk
S2047,Academic,1,numeric__placement_coding_score_avg_3m,-1.885068,Reduces Risk
S2047,Academic,2,numeric__placement_aptitude_score_current,1.868798,Increases Risk
S2047,Academic,3,numeric__skills_tech_skills_score_avg_3m,1.757546,Increases Risk
S2047,Academic,4,numeric__skills_soft_skills_score_avg_3m,-1.092081,Reduces Risk
S2047,Academic,5,numeric__academic_backlogs_avg_3m,-0.955781,Reduces Risk
S2048,Academic,1,numeric__placement_aptitude_score_current,0.987326,Increases Risk
S2048,Academic,2,numeric__academic_cgpa_current,-0.77684,Reduces Risk
S2048,Academic,3,numeric__feedback_faculty_rating_avg_3m,0.703755,Increases Risk
S2048,Academic,4,numeric__engagement_hackathons_attended_std_3m,0.676045,Increases Risk
S2048,Academic,5,numeric__feedback_faculty_rating_current,0.557072,Increases Risk
S2049,Academic,1,numeric__placement_coding_score_avg_3m,-1.621545,Reduces Risk
S2049,Academic,2,numeric__skills_tech_skills_score_avg_3m,1.309177,Increases Risk
S2049,Academic,3,numeric__placement_aptitude_score_current,1.02633,Increases Risk
S2049,Academic,4,numeric__feedback_satisfaction_score_avg_3m,-0.875358,Reduces Risk
S2049,Academic,5,numeric__placement_mock_interview_score_avg_3m,0.6018,Increases Risk
S2050,Academic,1,numeric__academic_warning_score,1.58992,Increases Risk
S2050,Academic,2,numeric__placement_coding_score_avg_3m,-0.928228,Reduces Risk
S2050,Academic,3,numeric__academic_cgpa_current,-0.804128,Reduces Risk
S2050,Academic,4,numeric__academic_backlogs_slope_3m,0.781385,Increases Risk
S2050,Academic,5,numeric__attendance_declining_flag,-0.74125,Reduces Risk
S2051,Academic,1,numeric__academic_cgpa_current,-0.920105,Reduces Risk
S2051,Academic,2,numeric__feedback_satisfaction_score_avg_3m,-0.919122,Reduces Risk
S2051,Academic,3,numeric__academic_backlogs_slope_3m,0.781385,Increases Risk
S2051,Academic,4,numeric__attendance_declining_flag,-0.74125,Reduces Risk
S2051,Academic,5,categorical__department_INFO TECH,0.662052,Increases Risk
S2052,Academic,1,numeric__placement_coding_score_avg_3m,-2.051339,Reduces Risk
S2052,Academic,2,numeric__skills_tech_skills_score_avg_3m,1.207833,Increases Risk
S2052,Academic,3,numeric__placement_mock_interview_score_avg_3m,1.14822,Increases Risk
S2052,Academic,4,numeric__placement_aptitude_score_current,1.119937,Increases Risk
S2052,Academic,5,numeric__skills_soft_skills_score_avg_3m,-0.937544,Reduces Risk
S2053,Academic,1,numeric__attendance_declining_flag,-0.74125,Reduces Risk
S2053,Academic,2,numeric__academic_cgpa_current,0.696748,Increases Risk
S2053,Academic,3,numeric__placement_mock_interview_score_avg_3m,-0.570765,Reduces Risk
S2053,Academic,4,numeric__placement_aptitude_score_current,-0.557199,Reduces Risk
S2053,Academic,5,numeric__academic_warning_score,-0.535286,Reduces Risk
S2054,Academic,1,numeric__placement_aptitude_score_current,1.611377,Increases Risk
S2054,Academic,2,numeric__feedback_faculty_rating_avg_3m,1.085139,Increases Risk
S2054,Academic,3,numeric__placement_mock_interview_score_avg_3m,1.041269,Increases Risk
S2054,Academic,4,numeric__skills_soft_skills_score_avg_3m,-1.029219,Reduces Risk
S2054,Academic,5,numeric__placement_coding_score_avg_3m,-0.953326,Reduces Risk
S2055,Academic,1,numeric__engagement_events_attended_slope_3m,-0.56355,Reduces Risk
S2055,Academic,2,numeric__lms_logins_per_week_slope_3m,-0.513666,Reduces Risk
S2055,Academic,3,numeric__cgpa_declining_flag,0.487485,Increases Risk
S2055,Academic,4,numeric__academic_cgpa_std_3m,-0.407558,Reduces Risk
S2055,Academic,5,numeric__feedback_satisfaction_score_current,-0.376549,Reduces Risk
S2056,Academic,1,numeric__lms_logins_per_week_slope_3m,-1.023508,Reduces Risk
S2056,Academic,2,numeric__placement_aptitude_score_current,-0.783418,Reduces Risk
S2056,Academic,3,numeric__placement_coding_score_avg_3m,0.565069,Increases Risk
S2056,Academic,4,numeric__academic_cgpa_current,0.560304,Increases Risk
S2056,Academic,5,numeric__engagement_hackathons_attended_std_3m,-0.55575,Reduces Risk
S2057,Academic,1,numeric__placement_coding_score_avg_3m,1.120349,Increases Risk
S2057,Academic,2,numeric__placement_aptitude_score_current,-0.861424,Reduces Risk
S2057,Academic,3,numeric__skills_tech_skills_score_avg_3m,-0.772976,Reduces Risk
S2057,Academic,4,numeric__attendance_declining_flag,-0.74125,Reduces Risk
S2057,Academic,5,numeric__academic_cgpa_current,0.64217,Increases Risk
S2058,Academic,1,numeric__feedback_satisfaction_score_avg_3m,-0.817005,Reduces Risk
S2058,Academic,2,numeric__engagement_events_attended_slope_3m,0.71001,Increases Risk
S2058,Academic,3,numeric__feedback_faculty_rating_avg_3m,0.58893,Increases Risk
S2058,Academic,4,numeric__academic_warning_score,-0.535286,Reduces Risk
S2058,Academic,5,numeric__lms_assignment_completion_pct_avg_3m,0.53417,Increases Risk
S2059,Academic,1,numeric__skills_tech_skills_score_avg_3m,-0.797544,Reduces Risk
S2059,Academic,2,numeric__placement_aptitude_score_current,-0.635206,Reduces Risk
S2059,Academic,3,numeric__engagement_hackathons_attended_std_3m,-0.55575,Reduces Risk
S2059,Academic,4,numeric__feedback_faculty_rating_avg_3m,-0.538817,Reduces Risk
S2059,Academic,5,numeric__feedback_satisfaction_score_current,0.50955,Increases Risk
S2060,Academic,1,numeric__placement_coding_score_avg_3m,1.471713,Increases Risk
S2060,Academic,2,numeric__skills_tech_skills_score_avg_3m,-1.38411,Reduces Risk
S2060,Academic,3,numeric__placement_aptitude_score_current,-1.345063,Reduces Risk
S2060,Academic,4,numeric__attendance_declining_flag,-0.74125,Reduces Risk
S2060,Academic,5,numeric__academic_cgpa_current,0.696748,Increases Risk
S2061,Academic,1,numeric__placement_coding_score_avg_3m,0.985451,Increases Risk
S2061,Academic,2,numeric__attendance_declining_flag,-0.74125,Reduces Risk
S2061,Academic,3,numeric__feedback_faculty_rating_avg_3m,-0.723357,Reduces Risk
S2061,Academic,4,numeric__academic_cgpa_current,0.614882,Increases Risk
S2061,Academic,5,numeric__skills_tech_skills_score_avg_3m,-0.588715,Reduces Risk
S2062,Academic,1,numeric__academic_warning_score,-0.933762,Reduces Risk
S2062,Academic,2,numeric__engagement_hackathons_attended_current,0.677675,Increases Risk
S2062,Academic,3,numeric__placement_aptitude_score_current,0.628497,Increases Risk
S2062,Academic,4,numeric__placement_aptitude_score_slope_3m,-0.512389,Reduces Risk
S2062,Academic,5,numeric__engagement_hackathons_attended_std_3m,0.511015,Increases Risk
S2063,Academic,1,numeric__feedback_satisfaction_score_avg_3m,1.244776,Increases Risk
S2063,Academic,2,numeric__lms_assignment_completion_pct_avg_3m,-1.16793,Reduces Risk
S2063,Academic,3,numeric__placement_coding_score_avg_3m,1.08584,Increases Risk
S2063,Academic,4,numeric__academic_warning_score,0.925793,Increases Risk
S2063,Academic,5,numeric__skills_tech_skills_score_avg_3m,-0.923456,Reduces Risk
S2064,Academic,1,numeric__placement_coding_score_avg_3m,1.666218,Increases Risk
S2064,Academic,2,numeric__skills_tech_skills_score_avg_3m,-1.196777,Reduces Risk
S2064,Academic,3,numeric__feedback_faculty_rating_avg_3m,-0.702853,Reduces Risk
S2064,Academic,4,numeric__engagement_hackathons_attended_current,0.677675,Increases Risk
S2064,Academic,5,numeric__skills_soft_skills_score_avg_3m,0.649738,Increases Risk
S2065,Academic,1,numeric__lms_assignment_completion_pct_avg_3m,-1.160818,Reduces Risk
S2065,Academic,2,numeric__feedback_satisfaction_score_avg_3m,0.948152,Increases Risk
S2065,Academic,3,numeric__skills_soft_skills_score_avg_3m,-0.893016,Reduces Risk
S2065,Academic,4,numeric__placement_mock_interview_score_avg_3m,0.854592,Increases Risk
S2065,Academic,5,numeric__feedback_satisfaction_score_current,-0.806694,Reduces Risk
S2066,Academic,1,numeric__placement_coding_score_avg_3m,1.509359,Increases Risk
S2066,Academic,2,numeric__skills_tech_skills_score_avg_3m,-1.38411,Reduces Risk
S2066,Academic,3,numeric__engagement_events_attended_slope_3m,1.34679,Increases Risk
S2066,Academic,4,numeric__lms_assignment_completion_pct_avg_3m,-1.333873,Reduces Risk
S2066,Academic,5,numeric__feedback_satisfaction_score_avg_3m,1.2156,Increases Risk
S2067,Academic,1,numeric__engagement_events_attended_slope_3m,1.0284,Increases Risk
S2067,Academic,2,numeric__placement_aptitude_score_current,0.698703,Increases Risk
S2067,Academic,3,numeric__academic_cgpa_std_3m,-0.698434,Reduces Risk
S2067,Academic,4,numeric__engagement_hackathons_attended_std_3m,-0.55575,Reduces Risk
S2067,Academic,5,numeric__placement_coding_score_avg_3m,-0.529807,Reduces Risk
S2068,Academic,1,numeric__skills_tech_skills_score_avg_3m,1.115702,Increases Risk
S2068,Academic,2,numeric__academic_backlogs_avg_3m,-0.955781,Reduces Risk
S2068,Academic,3,numeric__placement_coding_score_avg_3m,-0.899994,Reduces Risk
S2068,Academic,4,numeric__feedback_satisfaction_score_avg_3m,-0.899671,Reduces Risk
S2068,Academic,5,numeric__placement_aptitude_score_current,0.831314,Increases Risk
S2069,Academic,1,numeric__academic_warning_score,1.988396,Increases Risk
S2069,Academic,2,numeric__attendance_overall_attendance_std_3m,0.993641,Increases Risk
S2069,Academic,3,numeric__lms_assignment_completion_pct_avg_3m,-0.90005,Reduces Risk
S2069,Academic,4,numeric__academic_backlogs_slope_3m,0.781385,Increases Risk
S2069,Academic,5,numeric__attendance_declining_flag,-0.74125,Reduces Risk
S2070,Academic,1,numeric__skills_tech_skills_score_avg_3m,1.428947,Increases Risk
S2070,Academic,2,numeric__placement_coding_score_avg_3m,-1.320376,Reduces Risk
S2070,Academic,3,numeric__skills_soft_skills_score_avg_3m,-1.06065,Reduces Risk
S2070,Academic,4,numeric__academic_warning_score,1.058618,Increases Risk
S2070,Academic,5,numeric__academic_backlogs_avg_3m,-0.955781,Reduces Risk
S2071,Academic,1,numeric__placement_coding_score_avg_3m,1.352501,Increases Risk
S2071,Academic,2,numeric__placement_aptitude_score_current,-1.025237,Reduces Risk
S2071,Academic,3,numeric__skills_tech_skills_score_avg_3m,-0.714627,Reduces Risk
S2071,Academic,4,numeric__engagement_hackathons_attended_std_3m,0.676045,Increases Risk
S2071,Academic,5,numeric__placement_aptitude_score_slope_3m,0.63715,Increases Risk
S2072,Academic,1,numeric__lms_assignment_completion_pct_avg_3m,0.913468,Increases Risk
S2072,Academic,2,numeric__skills_soft_skills_score_avg_3m,0.806894,Increases Risk
S2072,Academic,3,numeric__lms_assignment_completion_pct_current,-0.706393,Reduces Risk
S2072,Academic,4,numeric__feedback_satisfaction_score_avg_3m,-0.690575,Reduces Risk
S2072,Academic,5,numeric__feedback_satisfaction_score_current,0.578373,Increases Risk
S2073,Academic,1,numeric__academic_warning_score,-0.933762,Reduces Risk
S2073,Academic,2,numeric__academic_cgpa_current,0.498905,Increases Risk
S2073,Academic,3,numeric__feedback_faculty_rating_avg_3m,-0.485505,Reduces Risk
S2073,Academic,4,numeric__placement_aptitude_score_slope_3m,0.44824,Increases Risk
S2073,Academic,5,numeric__engagement_events_attended_slope_3m,0.39162,Increases Risk
S2074,Academic,1,numeric__academic_backlogs_avg_3m,-2.197055,Reduces Risk
S2074,Academic,2,numeric__lms_assignment_completion_pct_avg_3m,1.266689,Increases Risk
S2074,Academic,3,numeric__placement_aptitude_score_current,0.940523,Increases Risk
S2074,Academic,4,numeric__feedback_satisfaction_score_avg_3m,-0.787829,Reduces Risk
S2074,Academic,5,numeric__academic_backlogs_current,0.780193,Increases Risk
S2075,Academic,1,numeric__placement_aptitude_score_current,0.737706,Increases Risk
S2075,Academic,2,numeric__engagement_club_participations_avg_3m,0.671061,Increases Risk
S2075,Academic,3,numeric__placement_coding_score_slope_3m,0.605829,Increases Risk
S2075,Academic,4,numeric__academic_warning_score,-0.535286,Reduces Risk
S2075,Academic,5,numeric__lms_assignment_completion_pct_avg_3m,0.432234,Increases Risk
S2076,Academic,1,numeric__lms_assignment_completion_pct_avg_3m,0.906356,Increases Risk
S2076,Academic,2,numeric__engagement_hackathons_attended_std_3m,-0.55575,Reduces Risk
S2076,Academic,3,numeric__lms_assignment_completion_pct_current,-0.466902,Reduces Risk
S2076,Academic,4,numeric__placement_mock_interview_score_current,-0.443021,Reduces Risk
S2076,Academic,5,numeric__skills_soft_skills_score_avg_3m,0.437576,Increases Risk
S2077,Academic,1,numeric__academic_warning_score,2.254047,Increases Risk
S2077,Academic,2,numeric__academic_cgpa_current,-1.329435,Reduces Risk
S2077,Academic,3,numeric__skills_soft_skills_score_avg_3m,-1.008264,Reduces Risk
S2077,Academic,4,numeric__placement_mock_interview_score_avg_3m,0.957653,Increases Risk
S2077,Academic,5,numeric__lms_assignment_completion_pct_avg_3m,-0.878715,Reduces Risk
S2078,Academic,1,numeric__academic_warning_score,1.988396,Increases Risk
S2078,Academic,2,numeric__lms_assignment_completion_pct_avg_3m,-1.966826,Reduces Risk
S2078,Academic,3,numeric__skills_soft_skills_score_avg_3m,-1.259715,Reduces Risk
S2078,Academic,4,numeric__academic_cgpa_current,-1.22028,Reduces Risk
S2078,Academic,5,numeric__placement_mock_interview_score_avg_3m,1.167665,Increases Risk
S2079,Academic,1,numeric__placement_aptitude_score_current,-0.947231,Reduces Risk
S2079,Academic,2,numeric__academic_warning_score,-0.933762,Reduces Risk
S2079,Academic,3,numeric__skills_tech_skills_score_avg_3m,-0.487371,Reduces Risk
S2079,Academic,4,numeric__placement_coding_score_avg_3m,0.420758,Increases Risk
S2079,Academic,5,numeric__lms_logins_per_week_slope_3m,0.378558,Increases Risk
S2080,Academic,1,numeric__academic_warning_score,0.792967,Increases Risk
S2080,Academic,2,numeric__placement_coding_score_avg_3m,0.671733,Increases Risk
S2080,Academic,3,numeric__lms_assignment_completion_pct_avg_3m,-0.617948,Reduces Risk
S2080,Academic,4,numeric__engagement_hackathons_attended_std_3m,-0.55575,Reduces Risk
S2080,Academic,5,numeric__placement_mock_interview_score_avg_3m,0.555131,Increases Risk
S2081,Academic,1,numeric__lms_assignment_completion_pct_avg_3m,-1.431068,Reduces Risk
S2081,Academic,2,numeric__academic_warning_score,1.324269,Increases Risk
S2081,Academic,3,numeric__lms_assignment_completion_pct_current,0.900623,Increases Risk
S2081,Academic,4,numeric__attendance_declining_flag,-0.74125,Reduces Risk
S2081,Academic,5,numeric__attendance_overall_attendance_avg_3m,0.676438,Increases Risk
S2082,Academic,1,numeric__academic_warning_score,1.191444,Increases Risk
S2082,Academic,2,numeric__academic_cgpa_current,-1.179347,Reduces Risk
S2082,Academic,3,numeric__placement_aptitude_score_current,0.745507,Increases Risk
S2082,Academic,4,numeric__attendance_declining_flag,-0.74125,Reduces Risk
S2082,Academic,5,numeric__skills_soft_skills_score_avg_3m,-0.683474,Reduces Risk
S2083,Academic,1,numeric__feedback_satisfaction_score_avg_3m,-0.778104,Reduces Risk
S2083,Academic,2,numeric__placement_mock_interview_score_current,-0.75327,Reduces Risk
S2083,Academic,3,numeric__placement_mock_interview_score_avg_3m,-0.751609,Reduces Risk
S2083,Academic,4,numeric__attendance_declining_flag,-0.74125,Reduces Risk
S2083,Academic,5,numeric__academic_warning_score,0.660142,Increases Risk
S2084,Academic,1,numeric__feedback_satisfaction_score_avg_3m,-1.001788,Reduces Risk
S2084,Academic,2,numeric__academic_warning_score,-0.933762,Reduces Risk
S2084,Academic,3,numeric__lms_assignment_completion_pct_avg_3m,0.901615,Increases Risk
S2084,Academic,4,numeric__placement_coding_score_avg_3m,-0.824702,Reduces Risk
S2084,Academic,5,numeric__lms_assignment_completion_pct_current,-0.706393,Reduces Risk
S2085,Academic,1,numeric__academic_warning_score,1.855571,Increases Risk
S2085,Academic,2,numeric__academic_cgpa_current,-1.02926,Reduces Risk
S2085,Academic,3,numeric__lms_assignment_completion_pct_avg_3m,-0.883456,Reduces Risk
S2085,Academic,4,numeric__skills_soft_skills_score_avg_3m,-0.793484,Reduces Risk
S2085,Academic,5,numeric__academic_backlogs_slope_3m,0.781385,Increases Risk
S2086,Academic,1,numeric__skills_soft_skills_score_avg_3m,1.29408,Increases Risk
S2086,Academic,2,numeric__placement_coding_score_avg_3m,1.123486,Increases Risk
S2086,Academic,3,numeric__placement_aptitude_score_current,-1.118845,Reduces Risk
S2086,Academic,4,numeric__placement_mock_interview_score_avg_3m,-1.053014,Reduces Risk
S2086,Academic,5,numeric__lms_assignment_completion_pct_avg_3m,0.851832,Increases Risk
S2087,Academic,1,numeric__placement_aptitude_score_current,-0.962832,Reduces Risk
S2087,Academic,2,numeric__engagement_events_attended_slope_3m,0.71001,Increases Risk
S2087,Academic,3,numeric__academic_warning_score,-0.668112,Reduces Risk
S2087,Academic,4,numeric__lms_assignment_completion_pct_avg_3m,-0.492305,Reduces Risk
S2087,Academic,5,numeric__placement_coding_score_slope_3m,-0.478839,Reduces Risk
S2088,Academic,1,numeric__placement_coding_score_avg_3m,1.647395,Increases Risk
S2088,Academic,2,numeric__skills_tech_skills_score_avg_3m,-1.236701,Reduces Risk
S2088,Academic,3,numeric__placement_aptitude_score_current,-1.025237,Reduces Risk
S2088,Academic,4,numeric__attendance_declining_flag,-0.74125,Reduces Risk
S2088,Academic,5,numeric__skills_soft_skills_score_avg_3m,0.576398,Increases Risk
S2089,Academic,1,numeric__engagement_events_attended_slope_3m,0.71001,Increases Risk
S2089,Academic,2,numeric__cgpa_declining_flag,0.487485,Increases Risk
S2089,Academic,3,numeric__skills_tech_skills_score_avg_3m,-0.413667,Reduces Risk
S2089,Academic,4,numeric__engagement_club_participations_avg_3m,0.408415,Increases Risk
S2089,Academic,5,categorical__department_ECE,0.346156,Increases Risk
S2090,Academic,1,numeric__placement_coding_score_avg_3m,-1.850559,Reduces Risk
S2090,Academic,2,numeric__skills_tech_skills_score_avg_3m,1.582498,Increases Risk
S2090,Academic,3,numeric__feedback_satisfaction_score_avg_3m,-1.050415,Reduces Risk
S2090,Academic,4,numeric__placement_aptitude_score_current,0.987326,Increases Risk
S2090,Academic,5,numeric__feedback_satisfaction_score_current,0.913886,Increases Risk
S2091,Academic,1,numeric__feedback_satisfaction_score_avg_3m,1.162111,Increases Risk
S2091,Academic,2,numeric__lms_assignment_completion_pct_avg_3m,-1.122888,Reduces Risk
S2091,Academic,3,numeric__lms_assignment_completion_pct_current,0.598657,Increases Risk
S2091,Academic,4,numeric__placement_mock_interview_score_avg_3m,0.551242,Increases Risk
S2091,Academic,5,numeric__academic_warning_score,-0.535286,Reduces Risk
S2092,Academic,1,numeric__skills_soft_skills_score_avg_3m,-1.034457,Reduces Risk
S2092,Academic,2,numeric__lms_logins_per_week_slope_3m,0.8884,Increases Risk
S2092,Academic,3,numeric__placement_coding_score_avg_3m,-0.868622,Reduces Risk
S2092,Academic,4,numeric__lms_assignment_completion_pct_avg_3m,-0.805226,Reduces Risk
S2092,Academic,5,numeric__attendance_declining_flag,-0.74125,Reduces Risk
S2093,Academic,1,numeric__academic_warning_score,-0.933762,Reduces Risk
S2093,Academic,2,numeric__skills_tech_skills_score_avg_3m,0.845452,Increases Risk
S2093,Academic,3,numeric__placement_coding_score_avg_3m,-0.774507,Reduces Risk
S2093,Academic,4,numeric__feedback_satisfaction_score_avg_3m,-0.746496,Reduces Risk
S2093,Academic,5,numeric__feedback_satisfaction_score_missing,-0.713384,Reduces Risk
S2094,Academic,1,numeric__placement_coding_score_avg_3m,-1.194889,Reduces Risk
S2094,Academic,2,numeric__placement_aptitude_score_current,1.127738,Increases Risk
S2094,Academic,3,numeric__skills_tech_skills_score_avg_3m,1.045069,Increases Risk
S2094,Academic,4,numeric__academic_warning_score,-0.668112,Reduces Risk
S2094,Academic,5,numeric__skills_soft_skills_score_avg_3m,-0.646804,Reduces Risk
S2095,Academic,1,numeric__placement_coding_score_avg_3m,-1.67174,Reduces Risk
S2095,Academic,2,numeric__skills_tech_skills_score_avg_3m,1.342958,Increases Risk
S2095,Academic,3,numeric__academic_cgpa_current,-0.954216,Reduces Risk
S2095,Academic,4,numeric__engagement_events_attended_slope_3m,-0.88194,Reduces Risk
S2095,Academic,5,numeric__placement_aptitude_score_current,0.854716,Increases Risk
S2096,Academic,1,numeric__placement_coding_score_avg_3m,-1.630957,Reduces Risk
S2096,Academic,2,numeric__placement_aptitude_score_current,1.268149,Increases Risk
S2096,Academic,3,numeric__skills_tech_skills_score_avg_3m,1.235472,Increases Risk
S2096,Academic,4,numeric__feedback_faculty_rating_avg_3m,0.904699,Increases Risk
S2096,Academic,5,numeric__feedback_satisfaction_score_avg_3m,-0.865632,Reduces Risk
S2097,Academic,1,numeric__skills_soft_skills_score_avg_3m,1.477429,Increases Risk
S2097,Academic,2,numeric__placement_coding_score_avg_3m,1.393284,Increases Risk
S2097,Academic,3,numeric__placement_mock_interview_score_avg_3m,-1.194967,Reduces Risk
S2097,Academic,4,numeric__skills_tech_skills_score_avg_3m,-1.184493,Reduces Risk
S2097,Academic,5,numeric__placement_aptitude_score_current,-1.025237,Reduces Risk
S2098,Academic,1,numeric__feedback_satisfaction_score_avg_3m,0.841173,Increases Risk
S2098,Academic,2,numeric__placement_mock_interview_score_avg_3m,0.673749,Increases Risk
S2098,Academic,3,numeric__lms_assignment_completion_pct_avg_3m,-0.542088,Reduces Risk
S2098,Academic,4,numeric__skills_soft_skills_score_avg_3m,-0.513221,Reduces Risk
S2098,Academic,5,numeric__placement_coding_score_avg_3m,0.505462,Increases Risk
S2099,Academic,1,numeric__skills_soft_skills_score_avg_3m,1.689591,Increases Risk
S2099,Academic,2,numeric__placement_mock_interview_score_avg_3m,-1.319418,Reduces Risk
S2099,Academic,3,numeric__placement_aptitude_score_current,-1.017437,Reduces Risk
S2099,Academic,4,numeric__placement_mock_interview_score_current,-0.932691,Reduces Risk
S2099,Academic,5,numeric__feedback_satisfaction_score_avg_3m,-0.846182,Reduces Risk
S2100,Academic,1,numeric__feedback_satisfaction_score_avg_3m,1.237482,Increases Risk
S2100,Academic,2,numeric__placement_coding_score_avg_3m,-0.997246,Reduces Risk
S2100,Academic,3,numeric__skills_tech_skills_score_avg_3m,0.98979,Increases Risk
S2100,Academic,4,numeric__feedback_satisfaction_score_current,-0.961546,Reduces Risk
S2100,Academic,5,numeric__lms_assignment_completion_pct_avg_3m,-0.873974,Reduces Risk
S2101,Academic,1,numeric__placement_coding_score_slope_3m,-0.729148,Reduces Risk
S2101,Academic,2,numeric__feedback_satisfaction_score_avg_3m,-0.671125,Reduces Risk
S2101,Academic,3,numeric__academic_warning_score,-0.668112,Reduces Risk
S2101,Academic,4,numeric__lms_logins_per_week_slope_3m,-0.641126,Reduces Risk
S2101,Academic,5,numeric__lms_assignment_completion_pct_avg_3m,0.579212,Increases Risk
S2102,Academic,1,numeric__placement_coding_score_avg_3m,1.088978,Increases Risk
S2102,Academic,2,numeric__skills_soft_skills_score_avg_3m,1.053106,Increases Risk
S2102,Academic,3,numeric__skills_tech_skills_score_avg_3m,-0.941883,Reduces Risk
S2102,Academic,4,numeric__engagement_events_attended_slope_3m,-0.88194,Reduces Risk
S2102,Academic,5,numeric__placement_mock_interview_score_avg_3m,-0.798278,Reduces Risk
S2103,Academic,1,numeric__placement_coding_score_avg_3m,-0.918817,Reduces Risk
S2103,Academic,2,numeric__placement_aptitude_score_current,0.893719,Increases Risk
S2103,Academic,3,numeric__skills_tech_skills_score_avg_3m,0.836239,Increases Risk
S2103,Academic,4,numeric__skills_soft_skills_score_avg_3m,-0.832773,Reduces Risk
S2103,Academic,5,numeric__academic_cgpa_current,-0.701796,Reduces Risk
S2104,Academic,1,numeric__placement_coding_score_avg_3m,1.515634,Increases Risk
S2104,Academic,2,numeric__skills_tech_skills_score_avg_3m,-1.209061,Reduces Risk
S2104,Academic,3,numeric__placement_aptitude_score_current,-0.845823,Reduces Risk
S2104,Academic,4,numeric__academic_warning_score,-0.668112,Reduces Risk
S2104,Academic,5,numeric__skills_soft_skills_score_avg_3m,0.620926,Increases Risk
S2105,Academic,1,numeric__academic_warning_score,1.58992,Increases Risk
S2105,Academic,2,numeric__lms_assignment_completion_pct_avg_3m,-1.509298,Reduces Risk
S2105,Academic,3,numeric__placement_aptitude_score_current,1.03413,Increases Risk
S2105,Academic,4,numeric__skills_soft_skills_score_avg_3m,-0.966356,Reduces Risk
S2105,Academic,5,numeric__placement_mock_interview_score_avg_3m,0.887649,Increases Risk
S2106,Academic,1,numeric__placement_coding_score_avg_3m,1.088978,Increases Risk
S2106,Academic,2,numeric__skills_tech_skills_score_avg_3m,-0.997161,Reduces Risk
S2106,Academic,3,numeric__engagement_events_attended_slope_3m,0.71001,Increases Risk
S2106,Academic,4,numeric__attendance_overall_attendance_std_3m,-0.673418,Reduces Risk
S2106,Academic,5,numeric__academic_warning_score,-0.668112,Reduces Risk
S2107,Academic,1,numeric__placement_coding_score_avg_3m,-2.791713,Reduces Risk
S2107,Academic,2,numeric__skills_tech_skills_score_avg_3m,2.559083,Increases Risk
S2107,Academic,3,numeric__academic_backlogs_avg_3m,-2.197055,Reduces Risk
S2107,Academic,4,numeric__placement_aptitude_score_current,1.993608,Increases Risk
S2107,Academic,5,numeric__academic_cgpa_current,-1.868386,Reduces Risk
S2108,Academic,1,numeric__academic_backlogs_avg_3m,-0.955781,Reduces Risk
S2108,Academic,2,numeric__placement_aptitude_score_current,0.589494,Increases Risk
S2108,Academic,3,numeric__placement_aptitude_score_slope_3m,0.456278,Increases Risk
S2108,Academic,4,numeric__lms_assignment_completion_pct_avg_3m,0.434604,Increases Risk
S2108,Academic,5,numeric__engagement_events_attended_slope_3m,0.39162,Increases Risk
S2109,Academic,1,numeric__lms_logins_per_week_missing,-1.54038,Reduces Risk
S2109,Academic,2,numeric__lms_logins_per_week_slope_3m,0.760939,Increases Risk
S2109,Academic,3,numeric__attendance_declining_flag,-0.74125,Reduces Risk
S2109,Academic,4,numeric__lms_assignment_completion_pct_avg_3m,-0.679583,Reduces Risk
S2109,Academic,5,numeric__skills_soft_skills_score_avg_3m,-0.631089,Reduces Risk
S2110,Academic,1,numeric__skills_soft_skills_score_avg_3m,1.419805,Increases Risk
S2110,Academic,2,numeric__placement_coding_score_avg_3m,1.007411,Increases Risk
S2110,Academic,3,numeric__placement_mock_interview_score_avg_3m,-1.000511,Reduces Risk
S2110,Academic,4,numeric__lms_assignment_completion_pct_avg_3m,0.956139,Increases Risk
S2110,Academic,5,numeric__academic_warning_score,-0.933762,Reduces Risk
S2111,Academic,1,numeric__placement_coding_score_avg_3m,-1.10391,Reduces Risk
S2111,Academic,2,numeric__skills_tech_skills_score_avg_3m,0.621268,Increases Risk
S2111,Academic,3,numeric__placement_coding_score_current,0.596132,Increases Risk
S2111,Academic,4,numeric__engagement_hackathons_attended_std_3m,-0.55575,Reduces Risk
S2111,Academic,5,numeric__engagement_events_attended_slope_3m,0.39162,Increases Risk
S2112,Academic,1,numeric__lms_logins_per_week_slope_3m,-1.023508,Reduces Risk
S2112,Academic,2,numeric__placement_coding_score_slope_3m,-0.975284,Reduces Risk
S2112,Academic,3,numeric__skills_tech_skills_score_std_3m,0.79083,Increases Risk
S2112,Academic,4,numeric__academic_warning_score,-0.668112,Reduces Risk
S2112,Academic,5,numeric__placement_coding_score_avg_3m,0.568206,Increases Risk
S2113,Academic,1,numeric__engagement_events_attended_slope_3m,1.34679,Increases Risk
S2113,Academic,2,numeric__placement_coding_score_avg_3m,0.784671,Increases Risk
S2113,Academic,3,numeric__engagement_strength,-0.753823,Reduces Risk
S2113,Academic,4,numeric__skills_tech_skills_score_avg_3m,-0.736124,Reduces Risk
S2113,Academic,5,numeric__feedback_satisfaction_score_avg_3m,0.568862,Increases Risk
S2114,Academic,1,numeric__feedback_satisfaction_score_avg_3m,-1.026101,Reduces Risk
S2114,Academic,2,numeric__placement_coding_score_avg_3m,0.828592,Increases Risk
S2114,Academic,3,numeric__attendance_declining_flag,-0.74125,Reduces Risk
S2114,Academic,4,numeric__skills_soft_skills_score_avg_3m,0.691646,Increases Risk
S2114,Academic,5,numeric__placement_mock_interview_score_avg_3m,-0.570765,Reduces Risk
S2115,Academic,1,numeric__lms_assignment_completion_pct_avg_3m,1.067558,Increases Risk
S2115,Academic,2,numeric__skills_soft_skills_score_avg_3m,1.050487,Increases Risk
S2115,Academic,3,numeric__placement_coding_score_avg_3m,1.045057,Increases Risk
S2115,Academic,4,numeric__placement_mock_interview_score_avg_3m,-0.971343,Reduces Risk
S2115,Academic,5,numeric__placement_mock_interview_score_current,-0.820552,Reduces Risk
S2116,Academic,1,numeric__lms_logins_per_week_slope_3m,-1.023508,Reduces Risk
S2116,Academic,2,numeric__attendance_declining_flag,-0.74125,Reduces Risk
S2116,Academic,3,numeric__lms_assignment_completion_pct_avg_3m,0.716707,Increases Risk
S2116,Academic,4,numeric__feedback_satisfaction_score_avg_3m,-0.714889,Reduces Risk
S2116,Academic,5,numeric__cgpa_declining_flag,0.487485,Increases Risk
S2117,Academic,1,numeric__placement_coding_score_avg_3m,0.96349,Increases Risk
S2117,Academic,2,numeric__skills_tech_skills_score_avg_3m,-0.831326,Reduces Risk
S2117,Academic,3,numeric__attendance_declining_flag,-0.74125,Reduces Risk
S2117,Academic,4,numeric__placement_aptitude_score_current,-0.635206,Reduces Risk
S2117,Academic,5,numeric__lms_assignment_completion_pct_avg_3m,0.529429,Increases Risk
S2118,Academic,1,numeric__placement_coding_score_avg_3m,1.179956,Increases Risk
S2118,Academic,2,numeric__academic_warning_score,-0.933762,Reduces Risk
S2118,Academic,3,numeric__skills_soft_skills_score_avg_3m,0.830468,Increases Risk
S2118,Academic,4,numeric__feedback_satisfaction_score_missing,-0.713384,Reduces Risk
S2118,Academic,5,numeric__academic_cgpa_current,0.710392,Increases Risk
S2119,Academic,1,numeric__placement_aptitude_score_current,-1.126646,Reduces Risk
S2119,Academic,2,numeric__skills_soft_skills_score_avg_3m,0.979767,Increases Risk
S2119,Academic,3,numeric__placement_coding_score_avg_3m,0.954079,Increases Risk
S2119,Academic,4,numeric__placement_mock_interview_score_avg_3m,-0.893561,Reduces Risk
S2119,Academic,5,numeric__attendance_declining_flag,-0.74125,Reduces Risk
S2120,Academic,1,numeric__placement_coding_score_avg_3m,1.603475,Increases Risk
S2120,Academic,2,numeric__skills_tech_skills_score_avg_3m,-1.236701,Reduces Risk
S2120,Academic,3,numeric__feedback_satisfaction_score_avg_3m,-0.778104,Reduces Risk
S2120,Academic,4,numeric__academic_cgpa_current,0.764969,Increases Risk
S2120,Academic,5,numeric__placement_aptitude_score_current,-0.682009,Reduces Risk
S2121,Academic,1,numeric__placement_mock_interview_score_avg_3m,-1.126907,Reduces Risk
S2121,Academic,2,numeric__placement_coding_score_avg_3m,1.08584,Increases Risk
S2121,Academic,3,numeric__skills_soft_skills_score_avg_3m,1.047868,Increases Risk
S2121,Academic,4,numeric__placement_mock_interview_score_current,-0.887835,Reduces Risk
S2121,Academic,5,numeric__placement_aptitude_score_current,-0.884826,Reduces Risk
S2122,Academic,1,numeric__lms_logins_per_week_slope_3m,0.633479,Increases Risk
S2122,Academic,2,numeric__skills_tech_skills_score_avg_3m,-0.616354,Reduces Risk
S2122,Academic,3,numeric__feedback_faculty_rating_avg_3m,-0.567523,Reduces Risk
S2122,Academic,4,numeric__cgpa_declining_flag,0.487485,Increases Risk
S2122,Academic,5,numeric__feedback_faculty_rating_current,-0.436299,Reduces Risk
S2123,Academic,1,numeric__academic_warning_score,1.58992,Increases Risk
S2123,Academic,2,numeric__lms_assignment_completion_pct_avg_3m,-1.186895,Reduces Risk
S2123,Academic,3,numeric__placement_aptitude_score_slope_3m,0.781847,Increases Risk
S2123,Academic,4,numeric__attendance_declining_flag,-0.74125,Reduces Risk
S2123,Academic,5,numeric__attendance_overall_attendance_avg_3m,0.737108,Increases Risk
S2124,Academic,1,numeric__academic_warning_score,1.988396,Increases Risk
S2124,Academic,2,numeric__lms_assignment_completion_pct_avg_3m,-1.784289,Reduces Risk
S2124,Academic,3,numeric__feedback_satisfaction_score_avg_3m,1.332305,Increases Risk
S2124,Academic,4,numeric__lms_assignment_completion_pct_current,0.924919,Increases Risk
S2124,Academic,5,numeric__attendance_declining_flag,-0.74125,Reduces Risk
S2125,Academic,1,numeric__academic_warning_score,1.324269,Increases Risk
S2125,Academic,2,numeric__engagement_events_attended_slope_3m,-1.20033,Reduces Risk
S2125,Academic,3,numeric__lms_assignment_completion_pct_avg_3m,-1.042287,Reduces Risk
S2125,Academic,4,numeric__placement_aptitude_score_current,-0.783418,Reduces Risk
S2125,Academic,5,numeric__academic_backlogs_slope_3m,0.781385,Increases Risk
S2126,Academic,1,numeric__placement_aptitude_score_current,1.416361,Increases Risk
S2126,Academic,2,numeric__feedback_satisfaction_score_avg_3m,1.310423,Increases Risk
S2126,Academic,3,numeric__lms_assignment_completion_pct_avg_3m,-1.239048,Reduces Risk
S2126,Academic,4,numeric__skills_soft_skills_score_avg_3m,-0.864204,Reduces Risk
S2126,Academic,5,numeric__placement_mock_interview_score_avg_3m,0.767087,Increases Risk
S2127,Academic,1,numeric__placement_coding_score_avg_3m,1.104663,Increases Risk
S2127,Academic,2,numeric__skills_tech_skills_score_avg_3m,-0.877391,Reduces Risk
S2127,Academic,3,numeric__feedback_satisfaction_score_avg_3m,-0.695438,Reduces Risk
S2127,Academic,4,numeric__academic_cgpa_std_3m,-0.646217,Reduces Risk
S2127,Academic,5,numeric__lms_logins_per_week_slope_3m,-0.641126,Reduces Risk
S2128,Academic,1,numeric__skills_tech_skills_score_avg_3m,-0.911172,Reduces Risk
S2128,Academic,2,numeric__placement_coding_score_avg_3m,0.903884,Increases Risk
S2128,Academic,3,numeric__cgpa_declining_flag,0.487485,Increases Risk
S2128,Academic,4,numeric__feedback_satisfaction_score_current,-0.462578,Reduces Risk
S2128,Academic,5,numeric__skills_soft_skills_score_avg_3m,0.408764,Increases Risk
S2129,Academic,1,numeric__lms_assignment_completion_pct_avg_3m,-1.388397,Reduces Risk
S2129,Academic,2,numeric__academic_warning_score,1.324269,Increases Risk
S2129,Academic,3,numeric__placement_mock_interview_score_avg_3m,0.957653,Increases Risk
S2129,Academic,4,numeric__skills_soft_skills_score_avg_3m,-0.762052,Reduces Risk
S2129,Academic,5,numeric__attendance_declining_flag,-0.74125,Reduces Risk
S2130,Academic,1,numeric__feedback_satisfaction_score_avg_3m,-0.914259,Reduces Risk
S2130,Academic,2,numeric__lms_assignment_completion_pct_avg_3m,0.813902,Increases Risk
S2130,Academic,3,numeric__feedback_satisfaction_score_current,0.767637,Increases Risk
S2130,Academic,4,numeric__attendance_declining_flag,-0.74125,Reduces Risk
S2130,Academic,5,numeric__placement_coding_score_avg_3m,-0.589413,Reduces Risk
S2131,Academic,1,numeric__skills_soft_skills_score_avg_3m,-1.372344,Reduces Risk
S2131,Academic,2,numeric__placement_mock_interview_score_avg_3m,1.284338,Increases Risk
S2131,Academic,3,numeric__placement_aptitude_score_current,1.174542,Increases Risk
S2131,Academic,4,numeric__placement_mock_interview_score_current,0.891424,Increases Risk
S2131,Academic,5,numeric__engagement_events_attended_slope_3m,-0.88194,Reduces Risk
S2132,Academic,1,numeric__placement_coding_score_avg_3m,1.33054,Increases Risk
S2132,Academic,2,numeric__skills_tech_skills_score_avg_3m,-1.166067,Reduces Risk
S2132,Academic,3,numeric__lms_logins_per_week_slope_3m,-0.768587,Reduces Risk
S2132,Academic,4,numeric__feedback_satisfaction_score_avg_3m,0.656391,Increases Risk
S2132,Academic,5,numeric__placement_aptitude_score_slope_3m,-0.588757,Reduces Risk
S2133,Academic,1,numeric__placement_coding_score_avg_3m,1.060743,Increases Risk
S2133,Academic,2,numeric__feedback_satisfaction_score_avg_3m,0.748782,Increases Risk
S2133,Academic,3,numeric__feedback_satisfaction_score_missing,-0.713384,Reduces Risk
S2133,Academic,4,numeric__skills_tech_skills_score_avg_3m,-0.668562,Reduces Risk
S2133,Academic,5,numeric__lms_assignment_completion_pct_avg_3m,-0.644024,Reduces Risk
S2134,Academic,1,numeric__academic_backlogs_avg_3m,-0.955781,Reduces Risk
S2134,Academic,2,numeric__attendance_declining_flag,-0.74125,Reduces Risk
S2134,Academic,3,categorical__department_INFO TECH,0.662052,Increases Risk
S2134,Academic,4,numeric__placement_coding_score_avg_3m,0.568206,Increases Risk
S2134,Academic,5,numeric__engagement_hackathons_attended_std_3m,-0.55575,Reduces Risk
S2135,Academic,1,numeric__academic_warning_score,1.722745,Increases Risk
S2135,Academic,2,numeric__lms_assignment_completion_pct_avg_3m,-1.601752,Reduces Risk
S2135,Academic,3,numeric__lms_assignment_completion_pct_current,1.035987,Increases Risk
S2135,Academic,4,numeric__skills_tech_skills_score_avg_3m,-0.972593,Reduces Risk
S2135,Academic,5,numeric__placement_coding_score_avg_3m,0.878787,Increases Risk
S2136,Academic,1,numeric__placement_coding_score_avg_3m,1.013685,Increases Risk
S2136,Academic,2,numeric__lms_assignment_completion_pct_avg_3m,-0.757814,Reduces Risk
S2136,Academic,3,numeric__feedback_satisfaction_score_avg_3m,0.734194,Increases Risk
S2136,Academic,4,numeric__placement_coding_score_slope_3m,-0.654055,Reduces Risk
S2136,Academic,5,numeric__feedback_faculty_rating_avg_3m,-0.649541,Reduces Risk
S2137,Academic,1,numeric__attendance_declining_flag,-0.74125,Reduces Risk
S2137,Academic,2,numeric__feedback_satisfaction_score_avg_3m,0.729331,Increases Risk
S2137,Academic,3,numeric__engagement_events_attended_slope_3m,-0.56355,Reduces Risk
S2137,Academic,4,numeric__engagement_hackathons_attended_std_3m,-0.55575,Reduces Risk
S2137,Academic,5,numeric__academic_warning_score,-0.535286,Reduces Risk
S2138,Academic,1,numeric__placement_aptitude_score_current,-1.251456,Reduces Risk
S2138,Academic,2,numeric__skills_soft_skills_score_avg_3m,1.212882,Increases Risk
S2138,Academic,3,numeric__placement_coding_score_avg_3m,1.179956,Increases Risk
S2138,Academic,4,numeric__skills_tech_skills_score_avg_3m,-1.070865,Reduces Risk
S2138,Academic,5,numeric__placement_mock_interview_score_avg_3m,-1.021901,Reduces Risk
S2139,Academic,1,numeric__feedback_satisfaction_score_avg_3m,-1.055277,Reduces Risk
S2139,Academic,2,numeric__lms_assignment_completion_pct_avg_3m,0.956139,Increases Risk
S2139,Academic,3,numeric__attendance_declining_flag,-0.74125,Reduces Risk
S2139,Academic,4,numeric__feedback_satisfaction_score_current,0.647196,Increases Risk
S2139,Academic,5,numeric__engagement_hackathons_attended_std_3m,-0.55575,Reduces Risk
S2140,Academic,1,numeric__placement_aptitude_score_current,1.236947,Increases Risk
S2140,Academic,2,numeric__attendance_declining_flag,-0.74125,Reduces Risk
S2140,Academic,3,numeric__feedback_satisfaction_score_missing,-0.713384,Reduces Risk
S2140,Academic,4,numeric__feedback_satisfaction_score_avg_3m,0.632077,Increases Risk
S2140,Academic,5,numeric__placement_mock_interview_score_current,0.555009,Increases Risk
S2141,Academic,1,numeric__academic_warning_score,1.988396,Increases Risk
S2141,Academic,2,numeric__lms_assignment_completion_pct_avg_3m,-1.255642,Reduces Risk
S2141,Academic,3,numeric__engagement_hackathons_attended_std_3m,1.073761,Increases Risk
S2141,Academic,4,numeric__attendance_overall_attendance_avg_3m,1.031267,Increases Risk
S2141,Academic,5,numeric__academic_cgpa_current,-0.742729,Reduces Risk
S2142,Academic,1,numeric__placement_coding_score_avg_3m,-1.395668,Reduces Risk
S2142,Academic,2,numeric__placement_aptitude_score_current,1.353956,Increases Risk
S2142,Academic,3,numeric__feedback_satisfaction_score_avg_3m,-1.18657,Reduces Risk
S2142,Academic,4,numeric__lms_assignment_completion_pct_avg_3m,0.944286,Increases Risk
S2142,Academic,5,numeric__academic_cgpa_current,-0.865528,Reduces Risk
S2143,Academic,1,numeric__academic_warning_score,1.988396,Increases Risk
S2143,Academic,2,numeric__lms_assignment_completion_pct_avg_3m,-0.997246,Reduces Risk
S2143,Academic,3,numeric__academic_backlogs_slope_3m,0.781385,Increases Risk
S2143,Academic,4,numeric__attendance_declining_flag,-0.74125,Reduces Risk
S2143,Academic,5,numeric__placement_coding_score_slope_3m,0.672578,Increases Risk
S2144,Academic,1,numeric__academic_warning_score,1.58992,Increases Risk
S2144,Academic,2,numeric__engagement_hackathons_attended_std_3m,1.073761,Increases Risk
S2144,Academic,3,numeric__attendance_declining_flag,-0.74125,Reduces Risk
S2144,Academic,4,numeric__lms_assignment_completion_pct_avg_3m,-0.556312,Reduces Risk
S2144,Academic,5,numeric__academic_cgpa_std_3m,-0.55292,Reduces Risk
S2145,Academic,1,numeric__lms_assignment_completion_pct_avg_3m,-1.843554,Reduces Risk
S2145,Academic,2,numeric__academic_warning_score,1.58992,Increases Risk
S2145,Academic,3,numeric__skills_tech_skills_score_avg_3m,-1.05551,Reduces Risk
S2145,Academic,4,numeric__placement_coding_score_avg_3m,1.013685,Increases Risk
S2145,Academic,5,numeric__feedback_satisfaction_score_avg_3m,0.989485,Increases Risk
S2146,Academic,1,numeric__lms_logins_per_week_missing,-1.54038,Reduces Risk
S2146,Academic,2,numeric__lms_logins_per_week_slope_3m,1.525702,Increases Risk
S2146,Academic,3,numeric__placement_coding_score_avg_3m,-1.22626,Reduces Risk
S2146,Academic,4,numeric__skills_tech_skills_score_avg_3m,1.069637,Increases Risk
S2146,Academic,5,numeric__academic_warning_score,-0.933762,Reduces Risk
S2147,Academic,1,numeric__lms_assignment_completion_pct_avg_3m,-1.767695,Reduces Risk
S2147,Academic,2,numeric__placement_coding_score_avg_3m,1.631709,Increases Risk
S2147,Academic,3,numeric__feedback_satisfaction_score_avg_3m,1.512225,Increases Risk
S2147,Academic,4,numeric__skills_tech_skills_score_avg_3m,-1.301192,Reduces Risk
S2147,Academic,5,numeric__feedback_satisfaction_score_current,-1.159413,Reduces Risk
S2148,Academic,1,numeric__feedback_satisfaction_score_avg_3m,-1.074728,Reduces Risk
S2148,Academic,2,numeric__skills_soft_skills_score_avg_3m,1.000721,Increases Risk
S2148,Academic,3,numeric__placement_mock_interview_score_avg_3m,-0.878004,Reduces Risk
S2148,Academic,4,numeric__feedback_satisfaction_score_current,0.681608,Increases Risk
S2148,Academic,5,numeric__skills_tech_skills_score_avg_3m,-0.650135,Reduces Risk
S2149,Academic,1,numeric__placement_coding_score_avg_3m,-1.132145,Reduces Risk
S2149,Academic,2,numeric__feedback_satisfaction_score_avg_3m,-0.996925,Reduces Risk
S2149,Academic,3,numeric__skills_tech_skills_score_avg_3m,0.98979,Increases Risk
S2149,Academic,4,numeric__feedback_satisfaction_score_current,0.913886,Increases Risk
S2149,Academic,5,numeric__lms_assignment_completion_pct_avg_3m,0.913468,Increases Risk
S2150,Academic,1,numeric__placement_coding_score_avg_3m,1.732099,Increases Risk
S2150,Academic,2,numeric__skills_tech_skills_score_avg_3m,-1.23363,Reduces Risk
S2150,Academic,3,numeric__placement_aptitude_score_current,-0.80682,Reduces Risk
S2150,Academic,4,numeric__attendance_declining_flag,-0.74125,Reduces Risk
S2150,Academic,5,numeric__academic_cgpa_current,0.628526,Increases Risk
S2151,Academic,1,numeric__placement_aptitude_score_current,-1.446472,Reduces Risk
S2151,Academic,2,numeric__placement_mock_interview_score_avg_3m,-1.082183,Reduces Risk
S2151,Academic,3,numeric__skills_soft_skills_score_avg_3m,0.971909,Increases Risk
S2151,Academic,4,numeric__feedback_satisfaction_score_avg_3m,-0.943435,Reduces Risk
S2151,Academic,5,numeric__lms_assignment_completion_pct_avg_3m,0.875538,Increases Risk
S2152,Academic,1,numeric__lms_assignment_completion_pct_avg_3m,0.984586,Increases Risk
S2152,Academic,2,numeric__placement_mock_interview_score_current,-0.910263,Reduces Risk
S2152,Academic,3,numeric__skills_soft_skills_score_avg_3m,0.778082,Increases Risk
S2152,Academic,4,numeric__attendance_declining_flag,-0.74125,Reduces Risk
S2152,Academic,5,numeric__feedback_satisfaction_score_current,0.647196,Increases Risk
S2153,Academic,1,numeric__skills_soft_skills_score_avg_3m,-1.608079,Reduces Risk
S2153,Academic,2,numeric__placement_coding_score_avg_3m,-1.420766,Reduces Risk
S2153,Academic,3,numeric__placement_aptitude_score_current,1.229146,Increases Risk
S2153,Academic,4,numeric__placement_mock_interview_score_avg_3m,1.185166,Increases Risk
S2153,Academic,5,numeric__feedback_faculty_rating_avg_3m,0.867791,Increases Risk
S2154,Academic,1,numeric__feedback_satisfaction_score_avg_3m,0.797409,Increases Risk
S2154,Academic,2,numeric__placement_coding_score_slope_3m,0.781045,Increases Risk
S2154,Academic,3,numeric__skills_soft_skills_score_avg_3m,-0.641566,Reduces Risk
S2154,Academic,4,numeric__lms_assignment_completion_pct_avg_3m,-0.625059,Reduces Risk
S2154,Academic,5,numeric__academic_cgpa_current,0.608059,Increases Risk
S2155,Academic,1,numeric__academic_warning_score,-0.933762,Reduces Risk
S2155,Academic,2,numeric__skills_soft_skills_score_avg_3m,-0.754195,Reduces Risk
S2155,Academic,3,numeric__engagement_events_attended_slope_3m,0.71001,Increases Risk
S2155,Academic,4,numeric__placement_mock_interview_score_avg_3m,0.699028,Increases Risk
S2155,Academic,5,numeric__engagement_hackathons_attended_std_3m,0.676045,Increases Risk
S2156,Academic,1,numeric__placement_coding_score_avg_3m,1.537594,Increases Risk
S2156,Academic,2,numeric__skills_tech_skills_score_avg_3m,-1.236701,Reduces Risk
S2156,Academic,3,numeric__academic_cgpa_current,0.976456,Increases Risk
S2156,Academic,4,numeric__academic_warning_score,-0.933762,Reduces Risk
S2156,Academic,5,numeric__lms_assignment_completion_pct_avg_3m,0.927692,Increases Risk
S2157,Academic,1,numeric__feedback_satisfaction_score_avg_3m,1.580302,Increases Risk
S2157,Academic,2,numeric__lms_assignment_completion_pct_avg_3m,-1.203489,Reduces Risk
S2157,Academic,3,numeric__skills_soft_skills_score_avg_3m,-0.84325,Reduces Risk
S2157,Academic,4,numeric__feedback_satisfaction_score_missing,-0.713384,Reduces Risk
S2157,Academic,5,numeric__placement_mock_interview_score_avg_3m,0.662081,Increases Risk
S2158,Academic,1,numeric__attendance_declining_flag,-0.74125,Reduces Risk
S2158,Academic,2,numeric__placement_coding_score_slope_3m,-0.562276,Reduces Risk
S2158,Academic,3,numeric__academic_cgpa_current,0.553482,Increases Risk
S2158,Academic,4,numeric__academic_warning_score,-0.535286,Reduces Risk
S2158,Academic,5,numeric__lms_assignment_completion_pct_current,-0.446077,Reduces Risk
S2159,Academic,1,numeric__placement_aptitude_score_current,-1.446472,Reduces Risk
S2159,Academic,2,numeric__placement_coding_score_avg_3m,0.994862,Increases Risk
S2159,Academic,3,numeric__feedback_faculty_rating_avg_3m,-0.743862,Reduces Risk
S2159,Academic,4,numeric__attendance_declining_flag,-0.74125,Reduces Risk
S2159,Academic,5,numeric__academic_cgpa_std_3m,-0.610917,Reduces Risk
S2160,Academic,1,numeric__academic_warning_score,1.58992,Increases Risk
S2160,Academic,2,numeric__academic_backlogs_avg_3m,-0.955781,Reduces Risk
S2160,Academic,3,numeric__placement_coding_score_avg_3m,0.847415,Increases Risk
S2160,Academic,4,numeric__attendance_declining_flag,-0.74125,Reduces Risk
S2160,Academic,5,numeric__skills_tech_skills_score_avg_3m,-0.696201,Reduces Risk
S2161,Academic,1,numeric__lms_logins_per_week_slope_3m,0.8884,Increases Risk
S2161,Academic,2,numeric__feedback_faculty_rating_avg_3m,-0.887393,Reduces Risk
S2161,Academic,3,numeric__skills_soft_skills_score_avg_3m,0.744032,Increases Risk
S2161,Academic,4,numeric__engagement_hackathons_attended_std_3m,0.676045,Increases Risk
S2161,Academic,5,numeric__academic_cgpa_current,0.662637,Increases Risk
S2162,Academic,1,numeric__academic_warning_score,0.792967,Increases Risk
S2162,Academic,2,numeric__academic_backlogs_slope_3m,0.781385,Increases Risk
S2162,Academic,3,numeric__attendance_declining_flag,-0.74125,Reduces Risk
S2162,Academic,4,numeric__academic_cgpa_current,-0.71544,Reduces Risk
S2162,Academic,5,numeric__feedback_satisfaction_score_avg_3m,-0.641948,Reduces Risk
S2163,Academic,1,numeric__feedback_satisfaction_score_avg_3m,-1.257079,Reduces Risk
S2163,Academic,2,numeric__engagement_hackathons_attended_std_3m,1.073761,Increases Risk
S2163,Academic,3,numeric__engagement_hackathons_attended_current,1.034347,Increases Risk
S2163,Academic,4,numeric__lms_assignment_completion_pct_avg_3m,0.977475,Increases Risk
S2163,Academic,5,numeric__feedback_satisfaction_score_missing,-0.713384,Reduces Risk
S2164,Academic,1,numeric__academic_warning_score,-0.933762,Reduces Risk
S2164,Academic,2,numeric__lms_logins_per_week_slope_3m,0.506018,Increases Risk
S2164,Academic,3,numeric__placement_coding_score_avg_3m,0.470953,Increases Risk
S2164,Academic,4,numeric__academic_cgpa_current,0.403395,Increases Risk
S2164,Academic,5,numeric__placement_coding_score_slope_3m,-0.349514,Reduces Risk
S2165,Academic,1,numeric__attendance_declining_flag,-0.74125,Reduces Risk
S2165,Academic,2,numeric__engagement_hackathons_attended_std_3m,0.676045,Increases Risk
S2165,Academic,3,numeric__feedback_satisfaction_score_current,-0.565813,Reduces Risk
S2165,Academic,4,numeric__lms_logins_per_week_slope_3m,-0.513666,Reduces Risk
S2165,Academic,5,numeric__feedback_satisfaction_score_avg_3m,0.491059,Increases Risk
S2166,Academic,1,numeric__feedback_satisfaction_score_avg_3m,-0.996925,Reduces Risk
S2166,Academic,2,numeric__skills_soft_skills_score_avg_3m,0.872376,Increases Risk
S2166,Academic,3,numeric__lms_assignment_completion_pct_avg_3m,0.780714,Increases Risk
S2166,Academic,4,numeric__attendance_declining_flag,-0.74125,Reduces Risk
S2166,Academic,5,numeric__feedback_satisfaction_score_current,0.664402,Increases Risk
S2167,Academic,1,numeric__engagement_events_attended_slope_3m,1.34679,Increases Risk
S2167,Academic,2,numeric__engagement_strength,-1.080389,Reduces Risk
S2167,Academic,3,numeric__engagement_hackathons_attended_std_3m,1.073761,Increases Risk
S2167,Academic,4,numeric__engagement_hackathons_attended_current,1.034347,Increases Risk
S2167,Academic,5,numeric__academic_warning_score,-0.933762,Reduces Risk
S2168,Academic,1,numeric__placement_coding_score_avg_3m,-2.214472,Reduces Risk
S2168,Academic,2,numeric__skills_tech_skills_score_avg_3m,1.815895,Increases Risk
S2168,Academic,3,numeric__academic_warning_score,-0.933762,Reduces Risk
S2168,Academic,4,numeric__placement_coding_score_current,0.829169,Increases Risk
S2168,Academic,5,numeric__placement_aptitude_score_current,0.761108,Increases Risk
S2169,Academic,1,numeric__academic_warning_score,1.191444,Increases Risk
S2169,Academic,2,numeric__academic_cgpa_current,-0.940572,Reduces Risk
S2169,Academic,3,numeric__academic_backlogs_slope_3m,0.781385,Increases Risk
S2169,Academic,4,numeric__attendance_declining_flag,-0.74125,Reduces Risk
S2169,Academic,5,numeric__lms_assignment_completion_pct_avg_3m,-0.679583,Reduces Risk
S2170,Academic,1,numeric__lms_assignment_completion_pct_avg_3m,-1.703688,Reduces Risk
S2170,Academic,2,numeric__placement_coding_score_avg_3m,1.659944,Increases Risk
S2170,Academic,3,numeric__skills_tech_skills_score_avg_3m,-1.47624,Reduces Risk
S2170,Academic,4,numeric__lms_assignment_completion_pct_current,0.949215,Increases Risk
S2170,Academic,5,numeric__feedback_faculty_rating_avg_3m,-0.747963,Reduces Risk
S2171,Academic,1,numeric__placement_coding_score_avg_3m,-0.969012,Reduces Risk
S2171,Academic,2,numeric__skills_tech_skills_score_avg_3m,0.940654,Increases Risk
S2171,Academic,3,numeric__engagement_events_attended_slope_3m,-0.88194,Reduces Risk
S2171,Academic,4,numeric__lms_assignment_completion_pct_avg_3m,0.851832,Increases Risk
S2171,Academic,5,numeric__feedback_satisfaction_score_avg_3m,-0.782967,Reduces Risk
S2172,Academic,1,numeric__lms_logins_per_week_slope_3m,0.8884,Increases Risk
S2172,Academic,2,numeric__attendance_declining_flag,-0.74125,Reduces Risk
S2172,Academic,3,numeric__skills_tech_skills_score_avg_3m,-0.610212,Reduces Risk
S2172,Academic,4,numeric__engagement_strength,0.606868,Increases Risk
S2172,Academic,5,numeric__skills_soft_skills_score_avg_3m,-0.581322,Reduces Risk
S2173,Academic,1,numeric__academic_backlogs_avg_3m,-1.783297,Reduces Risk
S2173,Academic,2,numeric__academic_backlogs_slope_3m,0.781385,Increases Risk
S2173,Academic,3,numeric__academic_backlogs_current,0.780193,Increases Risk
S2173,Academic,4,numeric__attendance_declining_flag,-0.74125,Reduces Risk
S2173,Academic,5,numeric__academic_warning_score,0.660142,Increases Risk
S2174,Academic,1,numeric__academic_warning_score,1.988396,Increases Risk
S2174,Academic,2,numeric__placement_coding_score_avg_3m,1.032508,Increases Risk
S2174,Academic,3,numeric__lms_assignment_completion_pct_avg_3m,-0.762555,Reduces Risk
S2174,Academic,4,numeric__attendance_declining_flag,-0.74125,Reduces Risk
S2174,Academic,5,numeric__lms_logins_per_week_slope_3m,-0.641126,Reduces Risk
S2175,Academic,1,numeric__lms_assignment_completion_pct_avg_3m,1.160012,Increases Risk
S2175,Academic,2,numeric__feedback_satisfaction_score_avg_3m,-0.746496,Reduces Risk
S2175,Academic,3,numeric__feedback_satisfaction_score_missing,-0.713384,Reduces Risk
S2175,Academic,4,numeric__skills_tech_skills_score_avg_3m,-0.686988,Reduces Risk
S2175,Academic,5,numeric__academic_warning_score,-0.668112,Reduces Risk
S2176,Academic,1,numeric__placement_coding_score_avg_3m,-0.925091,Reduces Risk
S2176,Academic,2,numeric__engagement_hackathons_attended_std_3m,0.676045,Increases Risk
S2176,Academic,3,numeric__feedback_satisfaction_score_avg_3m,0.651528,Increases Risk
S2176,Academic,4,numeric__skills_tech_skills_score_avg_3m,0.615126,Increases Risk
S2176,Academic,5,numeric__feedback_faculty_rating_current,0.445971,Increases Risk
S2177,Academic,1,numeric__lms_logins_per_week_slope_3m,0.760939,Increases Risk
S2177,Academic,2,numeric__engagement_hackathons_attended_current,0.677675,Increases Risk
S2177,Academic,3,numeric__engagement_hackathons_attended_std_3m,0.676045,Increases Risk
S2177,Academic,4,numeric__engagement_strength,-0.536112,Reduces Risk
S2177,Academic,5,numeric__academic_warning_score,-0.535286,Reduces Risk
S2178,Academic,1,numeric__placement_coding_score_avg_3m,-1.097636,Reduces Risk
S2178,Academic,2,numeric__skills_soft_skills_score_avg_3m,-0.98731,Reduces Risk
S2178,Academic,3,numeric__skills_tech_skills_score_avg_3m,0.86695,Increases Risk
S2178,Academic,4,numeric__placement_mock_interview_score_avg_3m,0.800145,Increases Risk
S2178,Academic,5,numeric__placement_mock_interview_score_current,0.506416,Increases Risk
S2179,Academic,1,numeric__academic_cgpa_missing,-6.777757,Reduces Risk
S2179,Academic,2,numeric__placement_coding_score_avg_3m,-1.439589,Reduces Risk
S2179,Academic,3,numeric__skills_tech_skills_score_avg_3m,1.106489,Increases Risk
S2179,Academic,4,numeric__attendance_declining_flag,-0.74125,Reduces Risk
S2179,Academic,5,numeric__placement_aptitude_score_current,0.644098,Increases Risk
S2180,Academic,1,numeric__feedback_satisfaction_score_avg_3m,-1.434567,Reduces Risk
S2180,Academic,2,numeric__placement_coding_score_avg_3m,1.120349,Increases Risk
S2180,Academic,3,numeric__academic_warning_score,0.925793,Increases Risk
S2180,Academic,4,numeric__skills_tech_skills_score_avg_3m,-0.914243,Reduces Risk
S2180,Academic,5,numeric__placement_aptitude_score_current,-0.791218,Reduces Risk
S2181,Academic,1,numeric__skills_tech_skills_score_avg_3m,-1.150712,Reduces Risk
S2181,Academic,2,numeric__placement_coding_score_avg_3m,1.01996,Increases Risk
S2181,Academic,3,numeric__academic_cgpa_current,0.580771,Increases Risk
S2181,Academic,4,numeric__attendance_overall_attendance_std_3m,-0.509786,Reduces Risk
S2181,Academic,5,numeric__lms_assignment_completion_pct_avg_3m,-0.430669,Reduces Risk
S2182,Academic,1,numeric__placement_aptitude_score_current,1.455364,Increases Risk
S2182,Academic,2,numeric__academic_backlogs_avg_3m,-0.955781,Reduces Risk
S2182,Academic,3,numeric__skills_soft_skills_score_avg_3m,-0.874681,Reduces Risk
S2182,Academic,4,numeric__lms_assignment_completion_pct_avg_3m,-0.802855,Reduces Risk
S2182,Academic,5,numeric__academic_warning_score,0.792967,Increases Risk
S2183,Academic,1,numeric__academic_warning_score,1.191444,Increases Risk
S2183,Academic,2,numeric__placement_aptitude_score_current,0.846915,Increases Risk
S2183,Academic,3,numeric__academic_backlogs_slope_3m,0.781385,Increases Risk
S2183,Academic,4,numeric__attendance_declining_flag,-0.74125,Reduces Risk
S2183,Academic,5,numeric__engagement_club_participations_avg_3m,0.671061,Increases Risk
S2184,Academic,1,numeric__placement_coding_score_avg_3m,1.732099,Increases Risk
S2184,Academic,2,numeric__placement_aptitude_score_current,-1.438671,Reduces Risk
S2184,Academic,3,numeric__skills_tech_skills_score_avg_3m,-1.141499,Reduces Risk
S2184,Academic,4,numeric__academic_cgpa_current,0.969634,Increases Risk
S2184,Academic,5,numeric__feedback_faculty_rating_avg_3m,-0.948907,Reduces Risk
S2185,Academic,1,numeric__lms_assignment_completion_pct_avg_3m,0.937174,Increases Risk
S2185,Academic,2,numeric__engagement_events_attended_slope_3m,-0.56355,Reduces Risk
S2185,Academic,3,numeric__engagement_hackathons_attended_std_3m,-0.55575,Reduces Risk
S2185,Academic,4,numeric__academic_warning_score,-0.535286,Reduces Risk
S2185,Academic,5,numeric__lms_assignment_completion_pct_current,-0.525907,Reduces Risk
S2186,Academic,1,numeric__feedback_satisfaction_score_avg_3m,-1.016376,Reduces Risk
S2186,Academic,2,numeric__placement_coding_score_avg_3m,0.768985,Increases Risk
S2186,Academic,3,numeric__skills_tech_skills_score_avg_3m,-0.733053,Reduces Risk
S2186,Academic,4,numeric__academic_warning_score,-0.668112,Reduces Risk
S2186,Academic,5,numeric__academic_cgpa_current,0.648992,Increases Risk
S2187,Academic,1,numeric__feedback_satisfaction_score_avg_3m,1.536538,Increases Risk
S2187,Academic,2,numeric__lms_assignment_completion_pct_avg_3m,-1.386026,Reduces Risk
S2187,Academic,3,numeric__feedback_satisfaction_score_current,-1.185222,Reduces Risk
S2187,Academic,4,numeric__skills_soft_skills_score_avg_3m,-0.982072,Reduces Risk
S2187,Academic,5,numeric__placement_aptitude_score_current,0.893719,Increases Risk
S2188,Academic,1,numeric__placement_coding_score_avg_3m,-2.713283,Reduces Risk
S2188,Academic,2,numeric__skills_tech_skills_score_avg_3m,2.454668,Increases Risk
S2188,Academic,3,numeric__placement_mock_interview_score_avg_3m,1.424346,Increases Risk
S2188,Academic,4,numeric__skills_soft_skills_score_avg_3m,-1.390679,Reduces Risk
S2188,Academic,5,numeric__placement_aptitude_score_current,1.221345,Increases Risk
S2189,Academic,1,numeric__feedback_satisfaction_score_avg_3m,-1.055277,Reduces Risk
S2189,Academic,2,numeric__academic_backlogs_slope_3m,0.781385,Increases Risk
S2189,Academic,3,numeric__attendance_declining_flag,-0.74125,Reduces Risk
S2189,Academic,4,numeric__feedback_satisfaction_score_current,0.690211,Increases Risk
S2189,Academic,5,numeric__academic_warning_score,0.660142,Increases Risk
S2190,Academic,1,numeric__lms_assignment_completion_pct_avg_3m,0.889762,Increases Risk
S2190,Academic,2,numeric__feedback_satisfaction_score_avg_3m,-0.739202,Reduces Risk
S2190,Academic,3,numeric__academic_warning_score,-0.668112,Reduces Risk
S2190,Academic,4,numeric__feedback_satisfaction_score_current,0.578373,Increases Risk
S2190,Academic,5,numeric__lms_assignment_completion_pct_current,-0.529378,Reduces Risk
S2191,Academic,1,numeric__skills_tech_skills_score_avg_3m,-0.837468,Reduces Risk
S2191,Academic,2,numeric__attendance_declining_flag,-0.74125,Reduces Risk
S2191,Academic,3,numeric__engagement_hackathons_attended_std_3m,0.676045,Increases Risk
S2191,Academic,4,numeric__academic_warning_score,-0.535286,Reduces Risk
S2191,Academic,5,numeric__skills_soft_skills_score_avg_3m,0.518774,Increases Risk
S2192,Academic,1,numeric__placement_coding_score_avg_3m,1.010548,Increases Risk
S2192,Academic,2,numeric__skills_tech_skills_score_avg_3m,-0.981806,Reduces Risk
S2192,Academic,3,numeric__attendance_declining_flag,-0.74125,Reduces Risk
S2192,Academic,4,numeric__engagement_events_attended_slope_3m,0.71001,Increases Risk
S2192,Academic,5,numeric__engagement_hackathons_attended_std_3m,-0.55575,Reduces Risk
S2193,Academic,1,numeric__placement_coding_score_avg_3m,0.838003,Increases Risk
S2193,Academic,2,numeric__academic_cgpa_current,0.792258,Increases Risk
S2193,Academic,3,numeric__skills_tech_skills_score_avg_3m,-0.779118,Reduces Risk
S2193,Academic,4,numeric__attendance_declining_flag,-0.74125,Reduces Risk
S2193,Academic,5,numeric__placement_mock_interview_score_current,-0.596276,Reduces Risk
S2194,Academic,1,numeric__feedback_satisfaction_score_avg_3m,1.176699,Increases Risk
S2194,Academic,2,numeric__lms_assignment_completion_pct_avg_3m,-1.096811,Reduces Risk
S2194,Academic,3,numeric__lms_logins_per_week_slope_3m,-0.768587,Reduces Risk
S2194,Academic,4,numeric__skills_soft_skills_score_avg_3m,-0.767291,Reduces Risk
S2194,Academic,5,numeric__placement_aptitude_score_slope_3m,0.729595,Increases Risk
S2195,Academic,1,numeric__academic_warning_score,1.324269,Increases Risk
S2195,Academic,2,numeric__academic_backlogs_slope_3m,0.781385,Increases Risk
S2195,Academic,3,numeric__attendance_declining_flag,-0.74125,Reduces Risk
S2195,Academic,4,numeric__lms_assignment_completion_pct_current,0.702783,Increases Risk
S2195,Academic,5,numeric__lms_assignment_completion_pct_avg_3m,-0.677213,Reduces Risk
S2196,Academic,1,numeric__academic_cgpa_current,0.840013,Increases Risk
S2196,Academic,2,numeric__placement_aptitude_score_current,-0.791218,Reduces Risk
S2196,Academic,3,numeric__attendance_declining_flag,-0.74125,Reduces Risk
S2196,Academic,4,numeric__placement_coding_score_std_3m,-0.591725,Reduces Risk
S2196,Academic,5,numeric__academic_warning_score,-0.535286,Reduces Risk
S2197,Academic,1,numeric__placement_coding_score_avg_3m,1.503085,Increases Risk
S2197,Academic,2,numeric__skills_tech_skills_score_avg_3m,-1.043226,Reduces Risk
S2197,Academic,3,numeric__lms_assignment_completion_pct_avg_3m,-0.909533,Reduces Risk
S2197,Academic,4,numeric__academic_warning_score,0.792967,Increases Risk
S2197,Academic,5,categorical__department_CS,-0.543404,Reduces Risk
S2198,Academic,1,numeric__lms_assignment_completion_pct_avg_3m,1.136306,Increases Risk
S2198,Academic,2,numeric__feedback_satisfaction_score_avg_3m,-1.074728,Reduces Risk
S2198,Academic,3,numeric__placement_coding_score_avg_3m,-0.824702,Reduces Risk
S2198,Academic,4,numeric__skills_tech_skills_score_avg_3m,0.676546,Increases Risk
S2198,Academic,5,numeric__academic_warning_score,-0.668112,Reduces Risk
S2199,Academic,1,numeric__academic_cgpa_current,0.730858,Increases Risk
S2199,Academic,2,numeric__placement_aptitude_score_current,-0.682009,Reduces Risk
S2199,Academic,3,numeric__placement_coding_score_slope_3m,-0.674914,Reduces Risk
S2199,Academic,4,numeric__lms_logins_per_week_slope_3m,0.633479,Increases Risk
S2199,Academic,5,numeric__placement_coding_score_avg_3m,0.561931,Increases Risk
S2200,Academic,1,numeric__engagement_hackathons_attended_std_3m,-0.55575,Reduces Risk
S2200,Academic,2,numeric__lms_assignment_completion_pct_avg_3m,0.498611,Increases Risk
S2200,Academic,3,numeric__feedback_satisfaction_score_current,-0.453975,Reduces Risk
S2200,Academic,4,numeric__engagement_club_participations_avg_3m,0.408415,Increases Risk
S2200,Academic,5,numeric__engagement_hackathons_attended_current,-0.392338,Reduces Risk
S2201,Academic,1,numeric__placement_coding_score_avg_3m,1.688179,Increases Risk
S2201,Academic,2,numeric__skills_tech_skills_score_avg_3m,-1.396394,Reduces Risk
S2201,Academic,3,numeric__skills_soft_skills_score_avg_3m,1.362181,Increases Risk
S2201,Academic,4,numeric__placement_mock_interview_score_avg_3m,-1.181355,Reduces Risk
S2201,Academic,5,numeric__academic_cgpa_current,0.962812,Increases Risk
S2202,Academic,1,numeric__placement_aptitude_score_current,-0.962832,Reduces Risk
S2202,Academic,2,numeric__academic_warning_score,-0.933762,Reduces Risk
S2202,Academic,3,numeric__placement_coding_score_avg_3m,0.900747,Increases Risk
S2202,Academic,4,numeric__academic_cgpa_current,0.812724,Increases Risk
S2202,Academic,5,numeric__skills_tech_skills_score_avg_3m,-0.733053,Reduces Risk
S2203,Academic,1,numeric__skills_soft_skills_score_avg_3m,-1.74952,Reduces Risk
S2203,Academic,2,numeric__lms_assignment_completion_pct_avg_3m,-1.613605,Reduces Risk
S2203,Academic,3,numeric__placement_mock_interview_score_avg_3m,1.593522,Increases Risk
S2203,Academic,4,numeric__academic_warning_score,1.58992,Increases Risk
S2203,Academic,5,numeric__academic_cgpa_current,-1.370368,Reduces Risk
S2204,Academic,1,numeric__placement_coding_score_avg_3m,-1.000384,Reduces Risk
S2204,Academic,2,numeric__skills_tech_skills_score_avg_3m,0.894589,Increases Risk
S2204,Academic,3,numeric__placement_coding_score_slope_3m,0.864481,Increases Risk
S2204,Academic,4,numeric__academic_cgpa_current,-0.817773,Reduces Risk
S2204,Academic,5,numeric__lms_logins_per_week_slope_3m,0.760939,Increases Risk
S2205,Academic,1,numeric__academic_warning_score,1.722745,Increases Risk
S2205,Academic,2,numeric__lms_assignment_completion_pct_avg_3m,-1.426326,Reduces Risk
S2205,Academic,3,numeric__skills_tech_skills_score_avg_3m,1.275396,Increases Risk
S2205,Academic,4,numeric__placement_coding_score_avg_3m,-1.2043,Reduces Risk
S2205,Academic,5,numeric__attendance_overall_attendance_std_3m,1.033605,Increases Risk
S2206,Academic,1,numeric__placement_coding_score_avg_3m,-2.65054,Reduces Risk
S2206,Academic,2,numeric__skills_tech_skills_score_avg_3m,2.184418,Increases Risk
S2206,Academic,3,numeric__engagement_events_attended_slope_3m,-1.51872,Reduces Risk
S2206,Academic,4,numeric__placement_aptitude_score_slope_3m,1.236035,Increases Risk
S2206,Academic,5,numeric__skills_soft_skills_score_avg_3m,-0.95064,Reduces Risk
S2207,Academic,1,numeric__placement_coding_score_avg_3m,1.465439,Increases Risk
S2207,Academic,2,numeric__skills_soft_skills_score_avg_3m,1.291461,Increases Risk
S2207,Academic,3,numeric__skills_tech_skills_score_avg_3m,-1.135357,Reduces Risk
S2207,Academic,4,numeric__placement_mock_interview_score_avg_3m,-1.076349,Reduces Risk
S2207,Academic,5,numeric__placement_aptitude_score_current,-1.025237,Reduces Risk
S2208,Academic,1,numeric__placement_coding_score_avg_3m,-2.387017,Reduces Risk
S2208,Academic,2,numeric__skills_tech_skills_score_avg_3m,1.85889,Increases Risk
S2208,Academic,3,numeric__placement_aptitude_score_current,1.587975,Increases Risk
S2208,Academic,4,numeric__feedback_satisfaction_score_avg_3m,-1.055277,Reduces Risk
S2208,Academic,5,numeric__academic_cgpa_current,-1.008793,Reduces Risk
S2209,Academic,1,numeric__academic_warning_score,1.457094,Increases Risk
S2209,Academic,2,numeric__lms_assignment_completion_pct_avg_3m,-1.421585,Reduces Risk
S2209,Academic,3,numeric__skills_soft_skills_score_avg_3m,-1.335674,Reduces Risk
S2209,Academic,4,numeric__placement_mock_interview_score_avg_3m,1.171554,Increases Risk
S2209,Academic,5,numeric__academic_cgpa_current,-1.015615,Reduces Risk
S2210,Academic,1,numeric__placement_coding_score_avg_3m,-1.979183,Reduces Risk
S2210,Academic,2,numeric__placement_aptitude_score_current,1.790792,Increases Risk
S2210,Academic,3,numeric__feedback_faculty_rating_avg_3m,1.240973,Increases Risk
S2210,Academic,4,numeric__lms_assignment_completion_pct_avg_3m,1.19083,Increases Risk
S2210,Academic,5,numeric__skills_tech_skills_score_avg_3m,1.186336,Increases Risk
S2211,Academic,1,numeric__placement_coding_score_avg_3m,1.556417,Increases Risk
S2211,Academic,2,numeric__skills_tech_skills_score_avg_3m,-1.20599,Reduces Risk
S2211,Academic,3,numeric__attendance_overall_attendance_std_3m,1.15442,Increases Risk
S2211,Academic,4,numeric__academic_warning_score,1.058618,Increases Risk
S2211,Academic,5,numeric__placement_aptitude_score_current,-0.845823,Reduces Risk
S2212,Academic,1,numeric__skills_tech_skills_score_avg_3m,-1.046297,Reduces Risk
S2212,Academic,2,numeric__lms_assignment_completion_pct_avg_3m,-0.923757,Reduces Risk
S2212,Academic,3,numeric__placement_coding_score_avg_3m,0.91957,Increases Risk
S2212,Academic,4,numeric__lms_assignment_completion_pct_current,0.779142,Increases Risk
S2212,Academic,5,numeric__placement_coding_score_slope_3m,-0.75835,Reduces Risk
S2213,Academic,1,numeric__engagement_events_attended_slope_3m,1.0284,Increases Risk
S2213,Academic,2,numeric__attendance_declining_flag,-0.74125,Reduces Risk
S2213,Academic,3,numeric__placement_coding_score_avg_3m,-0.711763,Reduces Risk
S2213,Academic,4,numeric__skills_tech_skills_score_avg_3m,0.544492,Increases Risk
S2213,Academic,5,numeric__lms_assignment_completion_pct_avg_3m,0.524688,Increases Risk
S2214,Academic,1,numeric__placement_aptitude_score_current,-0.752215,Reduces Risk
S2214,Academic,2,numeric__engagement_hackathons_attended_current,0.677675,Increases Risk
S2214,Academic,3,numeric__engagement_hackathons_attended_std_3m,0.676045,Increases Risk
S2214,Academic,4,numeric__academic_warning_score,-0.668112,Reduces Risk
S2214,Academic,5,numeric__placement_coding_score_avg_3m,0.565069,Increases Risk
S2215,Academic,1,numeric__placement_coding_score_avg_3m,1.383872,Increases Risk
S2215,Academic,2,numeric__skills_tech_skills_score_avg_3m,-1.276624,Reduces Risk
S2215,Academic,3,numeric__academic_warning_score,-0.933762,Reduces Risk
S2215,Academic,4,numeric__skills_soft_skills_score_avg_3m,0.806894,Increases Risk
S2215,Academic,5,numeric__feedback_faculty_rating_avg_3m,-0.73566,Reduces Risk
S2216,Academic,1,numeric__placement_coding_score_avg_3m,1.459165,Increases Risk
S2216,Academic,2,numeric__skills_soft_skills_score_avg_3m,1.223359,Increases Risk
S2216,Academic,3,numeric__placement_mock_interview_score_avg_3m,-1.016068,Reduces Risk
S2216,Academic,4,numeric__placement_aptitude_score_current,-0.978434,Reduces Risk
S2216,Academic,5,numeric__academic_warning_score,-0.933762,Reduces Risk
S2217,Academic,1,numeric__lms_assignment_completion_pct_avg_3m,-1.63494,Reduces Risk
S2217,Academic,2,numeric__feedback_satisfaction_score_avg_3m,1.030818,Increases Risk
S2217,Academic,3,numeric__placement_coding_score_avg_3m,0.881924,Increases Risk
S2217,Academic,4,numeric__skills_tech_skills_score_avg_3m,-0.831326,Reduces Risk
S2217,Academic,5,numeric__lms_assignment_completion_pct_current,0.820793,Increases Risk
S2218,Academic,1,numeric__lms_assignment_completion_pct_avg_3m,-1.222454,Reduces Risk
S2218,Academic,2,numeric__placement_coding_score_avg_3m,-1.201163,Reduces Risk
S2218,Academic,3,numeric__academic_warning_score,1.191444,Increases Risk
S2218,Academic,4,numeric__academic_backlogs_avg_3m,-0.955781,Reduces Risk
S2218,Academic,5,numeric__skills_tech_skills_score_avg_3m,0.940654,Increases Risk
S2219,Academic,1,numeric__feedback_satisfaction_score_avg_3m,-0.666262,Reduces Risk
S2219,Academic,2,categorical__department_INFO TECH,0.662052,Increases Risk
S2219,Academic,3,numeric__feedback_satisfaction_score_current,0.526756,Increases Risk
S2219,Academic,4,numeric__cgpa_declining_flag,0.487485,Increases Risk
S2219,Academic,5,numeric__engagement_hackathons_attended_current,-0.392338,Reduces Risk
S2220,Academic,1,numeric__academic_warning_score,1.988396,Increases Risk
S2220,Academic,2,numeric__lms_assignment_completion_pct_avg_3m,-1.442921,Reduces Risk
S2220,Academic,3,numeric__placement_coding_score_avg_3m,-1.417628,Reduces Risk
S2220,Academic,4,numeric__skills_soft_skills_score_avg_3m,-1.128751,Reduces Risk
S2220,Academic,5,numeric__academic_cgpa_current,-1.090659,Reduces Risk
S2221,Academic,1,numeric__academic_backlogs_avg_3m,-0.955781,Reduces Risk
S2221,Academic,2,numeric__feedback_satisfaction_score_avg_3m,0.884937,Increases Risk
S2221,Academic,3,numeric__engagement_hackathons_attended_std_3m,0.676045,Increases Risk
S2221,Academic,4,numeric__lms_logins_per_week_slope_3m,-0.641126,Reduces Risk
S2221,Academic,5,numeric__placement_mock_interview_score_avg_3m,0.599856,Increases Risk
S2222,Academic,1,numeric__feedback_satisfaction_score_avg_3m,1.64838,Increases Risk
S2222,Academic,2,numeric__lms_assignment_completion_pct_avg_3m,-1.497445,Reduces Risk
S2222,Academic,3,numeric__placement_mock_interview_score_avg_3m,0.965432,Increases Risk
S2222,Academic,4,numeric__feedback_satisfaction_score_current,-0.918532,Reduces Risk
S2222,Academic,5,numeric__skills_soft_skills_score_avg_3m,-0.91397,Reduces Risk
S2223,Academic,1,numeric__academic_cgpa_current,0.826369,Increases Risk
S2223,Academic,2,numeric__placement_aptitude_score_current,-0.682009,Reduces Risk
S2223,Academic,3,numeric__skills_soft_skills_score_avg_3m,0.652357,Increases Risk
S2223,Academic,4,numeric__placement_mock_interview_score_avg_3m,-0.578543,Reduces Risk
S2223,Academic,5,numeric__academic_warning_score,-0.535286,Reduces Risk
S2224,Academic,1,numeric__academic_warning_score,-0.933762,Reduces Risk
S2224,Academic,2,numeric__lms_assignment_completion_pct_avg_3m,0.828126,Increases Risk
S2224,Academic,3,numeric__placement_aptitude_score_current,0.78451,Increases Risk
S2224,Academic,4,numeric__placement_coding_score_avg_3m,-0.749409,Reduces Risk
S2224,Academic,5,numeric__skills_tech_skills_score_avg_3m,0.547563,Increases Risk
S2225,Academic,1,numeric__placement_coding_score_avg_3m,1.377598,Increases Risk
S2225,Academic,2,numeric__skills_tech_skills_score_avg_3m,-1.20599,Reduces Risk
S2225,Academic,3,numeric__academic_backlogs_slope_3m,0.781385,Increases Risk
S2225,Academic,4,numeric__placement_aptitude_score_current,-0.736614,Reduces Risk
S2225,Academic,5,numeric__placement_mock_interview_score_avg_3m,-0.596044,Reduces Risk
S2226,Academic,1,numeric__lms_logins_per_week_slope_3m,0.760939,Increases Risk
S2226,Academic,2,numeric__placement_coding_score_slope_3m,-0.741663,Reduces Risk
S2226,Academic,3,numeric__attendance_declining_flag,-0.74125,Reduces Risk
S2226,Academic,4,numeric__feedback_faculty_rating_avg_3m,-0.73566,Reduces Risk
S2226,Academic,5,numeric__engagement_events_attended_slope_3m,0.71001,Increases Risk
S2227,Academic,1,numeric__lms_assignment_completion_pct_avg_3m,-1.317278,Reduces Risk
S2227,Academic,2,numeric__academic_warning_score,0.792967,Increases Risk
S2227,Academic,3,numeric__attendance_declining_flag,-0.74125,Reduces Risk
S2227,Academic,4,numeric__feedback_satisfaction_score_missing,-0.713384,Reduces Risk
S2227,Academic,5,numeric__academic_cgpa_current,-0.626752,Reduces Risk
S2228,Academic,1,numeric__placement_aptitude_score_current,2.38364,Increases Risk
S2228,Academic,2,numeric__placement_coding_score_avg_3m,-1.684289,Reduces Risk
S2228,Academic,3,numeric__academic_cgpa_current,-1.602321,Reduces Risk
S2228,Academic,4,numeric__skills_tech_skills_score_avg_3m,1.579427,Increases Risk
S2228,Academic,5,numeric__feedback_faculty_rating_avg_3m,0.86369,Increases Risk
S2229,Academic,1,numeric__attendance_declining_flag,-0.74125,Reduces Risk
S2229,Academic,2,numeric__lms_assignment_completion_pct_avg_3m,0.704854,Increases Risk
S2229,Academic,3,numeric__placement_coding_score_slope_3m,-0.674914,Reduces Risk
S2229,Academic,4,numeric__academic_cgpa_std_3m,-0.619428,Reduces Risk
S2229,Academic,5,numeric__placement_aptitude_score_current,0.597295,Increases Risk
S2230,Academic,1,numeric__academic_warning_score,-0.933762,Reduces Risk
S2230,Academic,2,numeric__lms_assignment_completion_pct_avg_3m,0.813902,Increases Risk
S2230,Academic,3,numeric__feedback_satisfaction_score_avg_3m,-0.702732,Reduces Risk
S2230,Academic,4,numeric__engagement_hackathons_attended_std_3m,0.676045,Increases Risk
S2230,Academic,5,numeric__skills_soft_skills_score_avg_3m,0.631403,Increases Risk
S2231,Academic,1,numeric__feedback_satisfaction_score_avg_3m,-0.661399,Reduces Risk
S2231,Academic,2,numeric__academic_warning_score,-0.535286,Reduces Risk
S2231,Academic,3,numeric__skills_tech_skills_score_avg_3m,0.532208,Increases Risk
S2231,Academic,4,numeric__placement_coding_score_avg_3m,-0.504709,Reduces Risk
S2231,Academic,5,numeric__lms_assignment_completion_pct_avg_3m,0.463052,Increases Risk
S2232,Academic,1,numeric__attendance_declining_flag,-0.74125,Reduces Risk
S2232,Academic,2,numeric__placement_aptitude_score_current,0.644098,Increases Risk
S2232,Academic,3,numeric__engagement_hackathons_attended_std_3m,-0.55575,Reduces Risk
S2232,Academic,4,numeric__academic_warning_score,-0.535286,Reduces Risk
S2232,Academic,5,numeric__placement_coding_score_avg_3m,-0.441966,Reduces Risk
S2233,Academic,1,numeric__academic_warning_score,1.722745,Increases Risk
S2233,Academic,2,numeric__lms_assignment_completion_pct_avg_3m,-1.485592,Reduces Risk
S2233,Academic,3,numeric__attendance_overall_attendance_std_3m,0.973997,Increases Risk
S2233,Academic,4,numeric__placement_aptitude_score_current,0.940523,Increases Risk
S2233,Academic,5,numeric__lms_assignment_completion_pct_current,0.931861,Increases Risk
S2234,Academic,1,numeric__attendance_overall_attendance_std_3m,0.81864,Increases Risk
S2234,Academic,2,numeric__skills_tech_skills_score_avg_3m,0.811671,Increases Risk
S2234,Academic,3,numeric__academic_cgpa_current,-0.797306,Reduces Risk
S2234,Academic,4,numeric__attendance_declining_flag,-0.74125,Reduces Risk
S2234,Academic,5,numeric__placement_coding_score_slope_3m,-0.674914,Reduces Risk
S2235,Academic,1,numeric__academic_warning_score,-0.933762,Reduces Risk
S2235,Academic,2,numeric__feedback_faculty_rating_avg_3m,-0.776669,Reduces Risk
S2235,Academic,3,numeric__placement_coding_score_avg_3m,0.618401,Increases Risk
S2235,Academic,4,numeric__lms_assignment_completion_pct_avg_3m,-0.485193,Reduces Risk
S2235,Academic,5,numeric__feedback_faculty_rating_current,-0.44937,Reduces Risk
S2236,Academic,1,numeric__skills_tech_skills_score_avg_3m,1.705339,Increases Risk
S2236,Academic,2,numeric__placement_coding_score_avg_3m,-1.696837,Reduces Risk
S2236,Academic,3,numeric__placement_mock_interview_score_avg_3m,1.507962,Increases Risk
S2236,Academic,4,numeric__feedback_satisfaction_score_avg_3m,1.337168,Increases Risk
S2236,Academic,5,numeric__placement_aptitude_score_current,1.330554,Increases Risk
S2237,Academic,1,numeric__placement_aptitude_score_current,1.057532,Increases Risk
S2237,Academic,2,numeric__academic_warning_score,-0.668112,Reduces Risk
S2237,Academic,3,numeric__academic_cgpa_current,-0.61993,Reduces Risk
S2237,Academic,4,numeric__engagement_hackathons_attended_std_3m,-0.55575,Reduces Risk
S2237,Academic,5,numeric__attendance_overall_attendance_std_3m,-0.466158,Reduces Risk
S2238,Academic,1,numeric__attendance_declining_flag,-0.74125,Reduces Risk
S2238,Academic,2,numeric__skills_tech_skills_score_avg_3m,-0.653206,Reduces Risk
S2238,Academic,3,numeric__engagement_hackathons_attended_std_3m,-0.55575,Reduces Risk
S2238,Academic,4,numeric__academic_warning_score,-0.535286,Reduces Risk
S2238,Academic,5,numeric__lms_assignment_completion_pct_avg_3m,0.441716,Increases Risk
S2239,Academic,1,numeric__academic_warning_score,1.324269,Increases Risk
S2239,Academic,2,numeric__placement_coding_score_avg_3m,-1.201163,Reduces Risk
S2239,Academic,3,numeric__academic_cgpa_current,-0.940572,Reduces Risk
S2239,Academic,4,numeric__skills_tech_skills_score_avg_3m,0.891518,Increases Risk
S2239,Academic,5,numeric__placement_aptitude_score_current,0.846915,Increases Risk
S2240,Academic,1,numeric__placement_coding_score_avg_3m,1.189367,Increases Risk
S2240,Academic,2,numeric__skills_tech_skills_score_avg_3m,-1.037084,Reduces Risk
S2240,Academic,3,numeric__academic_warning_score,-0.933762,Reduces Risk
S2240,Academic,4,numeric__placement_aptitude_score_slope_3m,0.793905,Increases Risk
S2240,Academic,5,numeric__lms_assignment_completion_pct_avg_3m,-0.679583,Reduces Risk
S2241,Academic,1,numeric__feedback_satisfaction_score_avg_3m,1.531675,Increases Risk
S2241,Academic,2,numeric__feedback_satisfaction_score_current,-1.494926,Reduces Risk
S2241,Academic,3,numeric__skills_soft_skills_score_avg_3m,-1.3121,Reduces Risk
S2241,Academic,4,numeric__lms_assignment_completion_pct_avg_3m,-1.210601,Reduces Risk
S2241,Academic,5,numeric__placement_coding_score_avg_3m,-1.18234,Reduces Risk
S2242,Academic,1,numeric__placement_aptitude_score_current,-0.760016,Reduces Risk
S2242,Academic,2,numeric__academic_cgpa_current,0.689925,Increases Risk
S2242,Academic,3,numeric__skills_tech_skills_score_avg_3m,-0.628638,Reduces Risk
S2242,Academic,4,numeric__engagement_hackathons_attended_std_3m,-0.55575,Reduces Risk
S2242,Academic,5,numeric__lms_logins_per_week_slope_3m,-0.513666,Reduces Risk
S2243,Academic,1,numeric__attendance_declining_flag,-0.74125,Reduces Risk
S2243,Academic,2,numeric__placement_aptitude_score_current,-0.557199,Reduces Risk
S2243,Academic,3,numeric__skills_tech_skills_score_avg_3m,-0.524223,Reduces Risk
S2243,Academic,4,numeric__engagement_strength,-0.427257,Reduces Risk
S2243,Academic,5,numeric__skills_soft_skills_score_std_3m,0.381892,Increases Risk
S2244,Academic,1,numeric__feedback_satisfaction_score_avg_3m,-1.118492,Reduces Risk
S2244,Academic,2,numeric__placement_coding_score_slope_3m,0.822763,Increases Risk
S2244,Academic,3,numeric__placement_coding_score_avg_3m,0.784671,Increases Risk
S2244,Academic,4,numeric__engagement_events_attended_slope_3m,0.71001,Increases Risk
S2244,Academic,5,numeric__placement_mock_interview_score_avg_3m,-0.666048,Reduces Risk
S2245,Academic,1,numeric__academic_warning_score,1.191444,Increases Risk
S2245,Academic,2,numeric__placement_coding_score_avg_3m,0.784671,Increases Risk
S2245,Academic,3,numeric__attendance_declining_flag,-0.74125,Reduces Risk
S2245,Academic,4,numeric__academic_cgpa_std_3m,-0.712549,Reduces Risk
S2245,Academic,5,numeric__skills_tech_skills_score_avg_3m,-0.683917,Reduces Risk
S2246,Academic,1,numeric__engagement_events_attended_slope_3m,1.0284,Increases Risk
S2246,Academic,2,numeric__feedback_faculty_rating_avg_3m,-0.743862,Reduces Risk
S2246,Academic,3,numeric__skills_soft_skills_score_avg_3m,0.689027,Increases Risk
S2246,Academic,4,numeric__placement_aptitude_score_current,-0.682009,Reduces Risk
S2246,Academic,5,numeric__placement_mock_interview_score_avg_3m,-0.596044,Reduces Risk
S2247,Academic,1,numeric__academic_warning_score,1.988396,Increases Risk
S2247,Academic,2,numeric__lms_assignment_completion_pct_avg_3m,-1.495074,Reduces Risk
S2247,Academic,3,numeric__placement_coding_score_avg_3m,-0.987835,Reduces Risk
S2247,Academic,4,numeric__academic_cgpa_current,-0.845061,Reduces Risk
S2247,Academic,5,numeric__attendance_overall_attendance_avg_3m,0.841902,Increases Risk
S2248,Academic,1,numeric__placement_coding_score_avg_3m,-1.100773,Reduces Risk
S2248,Academic,2,numeric__attendance_declining_flag,-0.74125,Reduces Risk
S2248,Academic,3,numeric__skills_tech_skills_score_avg_3m,0.719541,Increases Risk
S2248,Academic,4,numeric__feedback_satisfaction_score_avg_3m,0.668547,Increases Risk
S2248,Academic,5,numeric__lms_assignment_completion_pct_avg_3m,-0.636912,Reduces Risk
S2249,Academic,1,numeric__feedback_satisfaction_score_avg_3m,1.803986,Increases Risk
S2249,Academic,2,numeric__lms_assignment_completion_pct_avg_3m,-1.293572,Reduces Risk
S2249,Academic,3,numeric__feedback_satisfaction_score_current,-1.271251,Reduces Risk
S2249,Academic,4,numeric__engagement_hackathons_attended_std_3m,1.073761,Increases Risk
S2249,Academic,5,numeric__placement_coding_score_avg_3m,1.060743,Increases Risk
S2250,Academic,1,numeric__placement_coding_score_slope_3m,1.068899,Increases Risk
S2250,Academic,2,numeric__attendance_declining_flag,-0.74125,Reduces Risk
S2250,Academic,3,numeric__placement_coding_score_avg_3m,-0.705489,Reduces Risk
S2250,Academic,4,numeric__engagement_hackathons_attended_std_3m,0.676045,Increases Risk
S2250,Academic,5,numeric__placement_aptitude_score_current,0.605095,Increases Risk
S2251,Academic,1,numeric__academic_warning_score,1.988396,Increases Risk
S2251,Academic,2,numeric__academic_backlogs_slope_3m,0.781385,Increases Risk
S2251,Academic,3,numeric__skills_tech_skills_score_avg_3m,-0.751479,Reduces Risk
S2251,Academic,4,numeric__attendance_declining_flag,-0.74125,Reduces Risk
S2251,Academic,5,numeric__placement_coding_score_avg_3m,0.71879,Increases Risk
S2252,Academic,1,numeric__placement_coding_score_avg_3m,-2.377605,Reduces Risk
S2252,Academic,2,numeric__skills_tech_skills_score_avg_3m,2.325685,Increases Risk
S2252,Academic,3,numeric__placement_aptitude_score_current,1.229146,Increases Risk
S2252,Academic,4,numeric__placement_coding_score_current,0.793771,Increases Risk
S2252,Academic,5,numeric__low_technical_skill_flag,0.768011,Increases Risk
S2253,Academic,1,numeric__placement_aptitude_score_current,1.307152,Increases Risk
S2253,Academic,2,numeric__skills_tech_skills_score_avg_3m,1.063495,Increases Risk
S2253,Academic,3,numeric__academic_warning_score,-0.933762,Reduces Risk
S2253,Academic,4,numeric__lms_assignment_completion_pct_avg_3m,0.733302,Increases Risk
S2253,Academic,5,numeric__placement_coding_score_avg_3m,-0.705489,Reduces Risk
S2254,Academic,1,numeric__academic_warning_score,-0.668112,Reduces Risk
S2254,Academic,2,numeric__feedback_faculty_rating_avg_3m,0.63404,Increases Risk
S2254,Academic,3,numeric__skills_soft_skills_score_avg_3m,-0.521079,Reduces Risk
S2254,Academic,4,numeric__feedback_faculty_rating_current,0.478648,Increases Risk
S2254,Academic,5,numeric__academic_cgpa_current,-0.476665,Reduces Risk
S2255,Academic,1,numeric__feedback_satisfaction_score_avg_3m,-0.763516,Reduces Risk
S2255,Academic,2,numeric__academic_warning_score,-0.668112,Reduces Risk
S2255,Academic,3,numeric__engagement_strength,-0.59054,Reduces Risk
S2255,Academic,4,numeric__engagement_hackathons_attended_std_3m,-0.55575,Reduces Risk
S2255,Academic,5,numeric__placement_coding_score_avg_3m,-0.40432,Reduces Risk
S2256,Academic,1,numeric__feedback_satisfaction_score_avg_3m,1.079445,Increases Risk
S2256,Academic,2,numeric__skills_soft_skills_score_avg_3m,-0.984691,Reduces Risk
S2256,Academic,3,numeric__placement_coding_score_avg_3m,0.79722,Increases Risk
S2256,Academic,4,numeric__lms_assignment_completion_pct_avg_3m,-0.764926,Reduces Risk
S2256,Academic,5,numeric__attendance_declining_flag,-0.74125,Reduces Risk
S2257,Academic,1,numeric__skills_soft_skills_score_avg_3m,-0.51584,Reduces Risk
S2257,Academic,2,numeric__placement_aptitude_score_current,-0.510396,Reduces Risk
S2257,Academic,3,numeric__placement_mock_interview_score_avg_3m,0.401511,Increases Risk
S2257,Academic,4,numeric__placement_aptitude_score_slope_3m,0.395988,Increases Risk
S2257,Academic,5,numeric__engagement_events_attended_slope_3m,0.39162,Increases Risk
S2258,Academic,1,numeric__feedback_satisfaction_score_avg_3m,-1.269236,Reduces Risk
S2258,Academic,2,numeric__skills_tech_skills_score_avg_3m,-0.987948,Reduces Risk
S2258,Academic,3,numeric__placement_coding_score_avg_3m,0.885061,Increases Risk
S2258,Academic,4,numeric__placement_mock_interview_score_avg_3m,-0.85467,Reduces Risk
S2258,Academic,5,numeric__skills_soft_skills_score_avg_3m,0.759747,Increases Risk
S2259,Academic,1,numeric__skills_soft_skills_score_avg_3m,0.927381,Increases Risk
S2259,Academic,2,numeric__lms_assignment_completion_pct_avg_3m,0.747525,Increases Risk
S2259,Academic,3,numeric__feedback_satisfaction_score_missing,-0.713384,Reduces Risk
S2259,Academic,4,numeric__academic_warning_score,-0.668112,Reduces Risk
S2259,Academic,5,numeric__placement_mock_interview_score_avg_3m,-0.533819,Reduces Risk
S2260,Academic,1,numeric__placement_coding_score_avg_3m,-3.114842,Reduces Risk
S2260,Academic,2,numeric__skills_tech_skills_score_avg_3m,2.645071,Increases Risk
S2260,Academic,3,numeric__academic_cgpa_current,-1.356724,Reduces Risk
S2260,Academic,4,numeric__placement_aptitude_score_current,1.135538,Increases Risk
S2260,Academic,5,numeric__lms_assignment_completion_pct_avg_3m,1.062817,Increases Risk
S2261,Academic,1,numeric__academic_warning_score,1.58992,Increases Risk
S2261,Academic,2,numeric__placement_coding_score_avg_3m,-1.150968,Reduces Risk
S2261,Academic,3,numeric__skills_tech_skills_score_avg_3m,1.005146,Increases Risk
S2261,Academic,4,numeric__academic_cgpa_current,-0.87235,Reduces Risk
S2261,Academic,5,numeric__attendance_declining_flag,-0.74125,Reduces Risk
S2262,Academic,1,numeric__placement_aptitude_score_slope_3m,-1.955341,Reduces Risk
S2262,Academic,2,numeric__placement_aptitude_score_current,1.548972,Increases Risk
S2262,Academic,3,numeric__skills_soft_skills_score_avg_3m,-1.202091,Reduces Risk
S2262,Academic,4,numeric__lms_assignment_completion_pct_avg_3m,-1.179783,Reduces Risk
S2262,Academic,5,numeric__placement_aptitude_score_std_3m,-1.148464,Reduces Risk
S2263,Academic,1,numeric__academic_backlogs_avg_3m,-1.576418,Reduces Risk
S2263,Academic,2,numeric__skills_soft_skills_score_avg_3m,-0.693951,Reduces Risk
S2263,Academic,3,numeric__attendance_overall_attendance_std_3m,0.646416,Increases Risk
S2263,Academic,4,numeric__placement_coding_score_slope_3m,0.643375,Increases Risk
S2263,Academic,5,numeric__academic_backlogs_current,0.556,Increases Risk
S2264,Academic,1,numeric__attendance_declining_flag,-0.74125,Reduces Risk
S2264,Academic,2,numeric__lms_logins_per_week_slope_3m,0.633479,Increases Risk
S2264,Academic,3,numeric__skills_soft_skills_score_avg_3m,-0.597038,Reduces Risk
S2264,Academic,4,numeric__placement_aptitude_score_current,0.589494,Increases Risk
S2264,Academic,5,numeric__engagement_events_attended_slope_3m,-0.56355,Reduces Risk
S2265,Academic,1,numeric__placement_coding_score_avg_3m,1.402695,Increases Risk
S2265,Academic,2,numeric__skills_tech_skills_score_avg_3m,-1.184493,Reduces Risk
S2265,Academic,3,numeric__placement_aptitude_score_current,-0.884826,Reduces Risk
S2265,Academic,4,numeric__attendance_declining_flag,-0.74125,Reduces Risk
S2265,Academic,5,numeric__feedback_satisfaction_score_current,-0.712062,Reduces Risk
S2266,Academic,1,numeric__feedback_satisfaction_score_avg_3m,-1.322725,Reduces Risk
S2266,Academic,2,numeric__skills_soft_skills_score_avg_3m,1.262649,Increases Risk
S2266,Academic,3,numeric__placement_mock_interview_score_avg_3m,-1.191077,Reduces Risk
S2266,Academic,4,numeric__engagement_events_attended_slope_3m,-0.88194,Reduces Risk
S2266,Academic,5,numeric__academic_warning_score,0.792967,Increases Risk
S2267,Academic,1,numeric__placement_coding_score_avg_3m,-1.712523,Reduces Risk
S2267,Academic,2,numeric__skills_tech_skills_score_avg_3m,1.441231,Increases Risk
S2267,Academic,3,numeric__placement_aptitude_score_current,1.096535,Increases Risk
S2267,Academic,4,numeric__skills_soft_skills_score_avg_3m,-1.094701,Reduces Risk
S2267,Academic,5,numeric__feedback_faculty_rating_avg_3m,0.994919,Increases Risk
S2268,Academic,1,numeric__placement_coding_score_avg_3m,0.721928,Increases Risk
S2268,Academic,2,numeric__engagement_strength,-0.644968,Reduces Risk
S2268,Academic,3,numeric__engagement_events_attended_slope_3m,-0.56355,Reduces Risk
S2268,Academic,4,numeric__placement_aptitude_score_slope_3m,-0.508369,Reduces Risk
S2268,Academic,5,numeric__lms_logins_per_week_slope_3m,0.506018,Increases Risk
S2269,Academic,1,numeric__engagement_hackathons_attended_std_3m,1.291942,Increases Risk
S2269,Academic,2,numeric__engagement_hackathons_attended_current,1.034347,Increases Risk
S2269,Academic,3,numeric__academic_warning_score,-0.933762,Reduces Risk
S2269,Academic,4,numeric__placement_coding_score_slope_3m,-0.729148,Reduces Risk
S2269,Academic,5,numeric__engagement_strength,-0.59054,Reduces Risk
S2270,Academic,1,numeric__skills_soft_skills_score_avg_3m,1.074061,Increases Risk
S2270,Academic,2,numeric__academic_cgpa_std_3m,-0.86831,Reduces Risk
S2270,Academic,3,numeric__feedback_satisfaction_score_avg_3m,-0.802417,Reduces Risk
S2270,Academic,4,numeric__placement_mock_interview_score_avg_3m,-0.757442,Reduces Risk
S2270,Academic,5,numeric__engagement_hackathons_attended_std_3m,-0.55575,Reduces Risk
S2271,Academic,1,numeric__placement_coding_score_avg_3m,-1.370571,Reduces Risk
S2271,Academic,2,numeric__skills_tech_skills_score_avg_3m,1.324532,Increases Risk
S2271,Academic,3,numeric__academic_backlogs_slope_3m,0.781385,Increases Risk
S2271,Academic,4,numeric__low_technical_skill_flag,0.768011,Increases Risk
S2271,Academic,5,numeric__feedback_satisfaction_score_avg_3m,-0.763516,Reduces Risk
S2272,Academic,1,numeric__placement_coding_score_avg_3m,-0.918817,Reduces Risk
S2272,Academic,2,numeric__feedback_satisfaction_score_avg_3m,-0.875358,Reduces Risk
S2272,Academic,3,numeric__academic_backlogs_slope_3m,0.781385,Increases Risk
S2272,Academic,4,numeric__attendance_overall_attendance_std_3m,-0.639422,Reduces Risk
S2272,Academic,5,numeric__placement_coding_score_slope_3m,-0.637368,Reduces Risk
S2273,Academic,1,numeric__placement_coding_score_avg_3m,1.685042,Increases Risk
S2273,Academic,2,numeric__skills_soft_skills_score_avg_3m,1.283603,Increases Risk
S2273,Academic,3,numeric__skills_tech_skills_score_avg_3m,-1.252056,Reduces Risk
S2273,Academic,4,numeric__feedback_satisfaction_score_avg_3m,-1.055277,Reduces Risk
S2273,Academic,5,numeric__placement_mock_interview_score_avg_3m,-0.942175,Reduces Risk
S2274,Academic,1,numeric__academic_warning_score,1.58992,Increases Risk
S2274,Academic,2,numeric__lms_assignment_completion_pct_avg_3m,-1.497445,Reduces Risk
S2274,Academic,3,numeric__lms_assignment_completion_pct_current,0.765259,Increases Risk
S2274,Academic,4,numeric__attendance_declining_flag,-0.74125,Reduces Risk
S2274,Academic,5,numeric__placement_coding_score_avg_3m,0.687419,Increases Risk
S2275,Academic,1,numeric__placement_coding_score_avg_3m,1.167407,Increases Risk
S2275,Academic,2,numeric__placement_mock_interview_score_avg_3m,-1.078293,Reduces Risk
S2275,Academic,3,numeric__skills_soft_skills_score_avg_3m,1.021675,Increases Risk
S2275,Academic,4,numeric__placement_aptitude_score_current,-0.81462,Reduces Risk
S2275,Academic,5,numeric__attendance_declining_flag,-0.74125,Reduces Risk
S2276,Academic,1,numeric__placement_coding_score_avg_3m,1.399558,Increases Risk
S2276,Academic,2,numeric__skills_tech_skills_score_avg_3m,-0.941883,Reduces Risk
S2276,Academic,3,numeric__lms_assignment_completion_pct_avg_3m,-0.914274,Reduces Risk
S2276,Academic,4,numeric__feedback_satisfaction_score_avg_3m,0.8898,Increases Risk
S2276,Academic,5,numeric__academic_cgpa_current,0.867302,Increases Risk
S2277,Academic,1,numeric__skills_tech_skills_score_avg_3m,1.736049,Increases Risk
S2277,Academic,2,numeric__placement_coding_score_avg_3m,-1.646642,Reduces Risk
S2277,Academic,3,numeric__low_technical_skill_flag,0.768011,Increases Risk
S2277,Academic,4,numeric__placement_aptitude_score_current,0.737706,Increases Risk
S2277,Academic,5,numeric__academic_warning_score,-0.668112,Reduces Risk
S2278,Academic,1,numeric__placement_coding_score_avg_3m,-1.982321,Reduces Risk
S2278,Academic,2,numeric__skills_tech_skills_score_avg_3m,1.542574,Increases Risk
S2278,Academic,3,numeric__engagement_hackathons_attended_std_3m,1.291942,Increases Risk
S2278,Academic,4,numeric__academic_cgpa_current,-1.12477,Reduces Risk
S2278,Academic,5,numeric__placement_aptitude_score_current,0.956124,Increases Risk
S2279,Academic,1,numeric__placement_coding_score_avg_3m,-1.150968,Reduces Risk
S2279,Academic,2,numeric__skills_tech_skills_score_avg_3m,0.965222,Increases Risk
S2279,Academic,3,numeric__academic_warning_score,0.792967,Increases Risk
S2279,Academic,4,numeric__academic_cgpa_current,-0.640396,Reduces Risk
S2279,Academic,5,numeric__cgpa_declining_flag,0.487485,Increases Risk
S2280,Academic,1,numeric__academic_warning_score,-0.933762,Reduces Risk
S2280,Academic,2,numeric__skills_soft_skills_score_avg_3m,0.508297,Increases Risk
S2280,Academic,3,numeric__feedback_satisfaction_score_current,0.492344,Increases Risk
S2280,Academic,4,numeric__placement_mock_interview_score_current,-0.491614,Reduces Risk
S2280,Academic,5,numeric__academic_cgpa_current,0.444327,Increases Risk
S2281,Academic,1,numeric__placement_coding_score_avg_3m,-1.630957,Reduces Risk
S2281,Academic,2,numeric__skills_tech_skills_score_avg_3m,1.58864,Increases Risk
S2281,Academic,3,numeric__lms_assignment_completion_pct_avg_3m,1.224018,Increases Risk
S2281,Academic,4,numeric__feedback_satisfaction_score_avg_3m,-1.125786,Reduces Risk
S2281,Academic,5,numeric__placement_aptitude_score_current,0.956124,Increases Risk
S2282,Academic,1,numeric__placement_coding_score_avg_3m,1.427793,Increases Risk
S2282,Academic,2,numeric__placement_aptitude_score_current,-1.313861,Reduces Risk
S2282,Academic,3,numeric__skills_tech_skills_score_avg_3m,-1.239772,Reduces Risk
S2282,Academic,4,numeric__academic_cgpa_current,0.915057,Increases Risk
S2282,Academic,5,numeric__academic_warning_score,-0.535286,Reduces Risk
S2283,Academic,1,numeric__lms_assignment_completion_pct_avg_3m,-1.540116,Reduces Risk
S2283,Academic,2,numeric__engagement_events_attended_slope_3m,1.34679,Increases Risk
S2283,Academic,3,numeric__academic_backlogs_slope_3m,0.781385,Increases Risk
S2283,Academic,4,numeric__lms_assignment_completion_pct_current,0.685428,Increases Risk
S2283,Academic,5,numeric__feedback_satisfaction_score_avg_3m,0.666116,Increases Risk
S2284,Academic,1,numeric__academic_backlogs_slope_3m,0.781385,Increases Risk
S2284,Academic,2,numeric__attendance_overall_attendance_std_3m,0.741916,Increases Risk
S2284,Academic,3,numeric__attendance_declining_flag,-0.74125,Reduces Risk
S2284,Academic,4,numeric__placement_coding_score_slope_3m,0.672578,Increases Risk
S2284,Academic,5,numeric__academic_warning_score,0.660142,Increases Risk
S2285,Academic,1,numeric__academic_backlogs_avg_3m,-1.576418,Reduces Risk
S2285,Academic,2,numeric__placement_coding_score_avg_3m,-1.091362,Reduces Risk
S2285,Academic,3,numeric__skills_tech_skills_score_avg_3m,1.084992,Increases Risk
S2285,Academic,4,numeric__feedback_faculty_rating_avg_3m,1.056432,Increases Risk
S2285,Academic,5,numeric__placement_aptitude_score_current,0.963924,Increases Risk
S2286,Academic,1,numeric__placement_coding_score_avg_3m,1.346226,Increases Risk
S2286,Academic,2,numeric__lms_assignment_completion_pct_avg_3m,1.335437,Increases Risk
S2286,Academic,3,numeric__feedback_satisfaction_score_avg_3m,-1.235197,Reduces Risk
S2286,Academic,4,numeric__skills_soft_skills_score_avg_3m,1.115969,Increases Risk
S2286,Academic,5,numeric__placement_mock_interview_score_avg_3m,-1.099683,Reduces Risk
S2287,Academic,1,numeric__skills_soft_skills_score_avg_3m,-1.073746,Reduces Risk
S2287,Academic,2,numeric__placement_mock_interview_score_avg_3m,0.837091,Increases Risk
S2287,Academic,3,numeric__lms_assignment_completion_pct_avg_3m,-0.608465,Reduces Risk
S2287,Academic,4,numeric__engagement_hackathons_attended_std_3m,-0.55575,Reduces Risk
S2287,Academic,5,numeric__skills_tech_skills_score_avg_3m,-0.462803,Reduces Risk
S2288,Academic,1,numeric__lms_logins_per_week_slope_3m,-0.896047,Reduces Risk
S2288,Academic,2,numeric__engagement_strength,-0.644968,Reduces Risk
S2288,Academic,3,numeric__engagement_hackathons_attended_std_3m,-0.55575,Reduces Risk
S2288,Academic,4,numeric__feedback_satisfaction_score_avg_3m,-0.539832,Reduces Risk
S2288,Academic,5,numeric__attendance_overall_attendance_std_3m,-0.523292,Reduces Risk
S2289,Academic,1,numeric__lms_logins_per_week_missing,-1.54038,Reduces Risk
S2289,Academic,2,numeric__academic_cgpa_current,-0.735907,Reduces Risk
S2289,Academic,3,numeric__engagement_hackathons_attended_std_3m,-0.55575,Reduces Risk
S2289,Academic,4,numeric__lms_assignment_completion_pct_avg_3m,-0.532606,Reduces Risk
S2289,Academic,5,numeric__lms_logins_per_week_slope_3m,-0.513666,Reduces Risk
S2290,Academic,1,numeric__academic_warning_score,1.988396,Increases Risk
S2290,Academic,2,numeric__placement_coding_score_avg_3m,-1.251358,Reduces Risk
S2290,Academic,3,numeric__lms_assignment_completion_pct_avg_3m,-1.127629,Reduces Risk
S2290,Academic,4,numeric__skills_soft_skills_score_avg_3m,-1.016122,Reduces Risk
S2290,Academic,5,numeric__skills_tech_skills_score_avg_3m,0.940654,Increases Risk
S2291,Academic,1,numeric__engagement_hackathons_attended_std_3m,1.291942,Increases Risk
S2291,Academic,2,numeric__placement_coding_score_avg_3m,1.04192,Increases Risk
S2291,Academic,3,numeric__engagement_hackathons_attended_current,1.034347,Increases Risk
S2291,Academic,4,numeric__engagement_events_attended_slope_3m,-0.88194,Reduces Risk
S2291,Academic,5,numeric__skills_tech_skills_score_avg_3m,-0.570289,Reduces Risk
S2292,Academic,1,numeric__engagement_hackathons_attended_std_3m,1.073761,Increases Risk
S2292,Academic,2,numeric__engagement_hackathons_attended_current,1.034347,Increases Risk
S2292,Academic,3,numeric__lms_assignment_completion_pct_avg_3m,-0.945092,Reduces Risk
S2292,Academic,4,numeric__feedback_satisfaction_score_avg_3m,0.884937,Increases Risk
S2292,Academic,5,numeric__skills_soft_skills_score_avg_3m,-0.741098,Reduces Risk
S2293,Academic,1,numeric__feedback_satisfaction_score_avg_3m,-1.176845,Reduces Risk
S2293,Academic,2,numeric__placement_coding_score_avg_3m,-0.896857,Reduces Risk
S2293,Academic,3,numeric__attendance_declining_flag,-0.74125,Reduces Risk
S2293,Academic,4,numeric__academic_warning_score,0.660142,Increases Risk
S2293,Academic,5,numeric__feedback_satisfaction_score_current,0.612785,Increases Risk
S2294,Academic,1,numeric__placement_coding_score_avg_3m,1.010548,Increases Risk
S2294,Academic,2,numeric__attendance_declining_flag,-0.74125,Reduces Risk
S2294,Academic,3,numeric__engagement_hackathons_attended_std_3m,0.676045,Increases Risk
S2294,Academic,4,numeric__skills_tech_skills_score_avg_3m,-0.582573,Reduces Risk
S2294,Academic,5,numeric__feedback_faculty_rating_avg_3m,-0.514212,Reduces Risk
S2295,Academic,1,numeric__skills_tech_skills_score_avg_3m,0.952938,Increases Risk
S2295,Academic,2,numeric__lms_assignment_completion_pct_avg_3m,-0.798114,Reduces Risk
S2295,Academic,3,numeric__lms_logins_per_week_slope_3m,-0.768587,Reduces Risk
S2295,Academic,4,numeric__academic_warning_score,0.660142,Increases Risk
S2295,Academic,5,numeric__placement_coding_score_avg_3m,-0.645882,Reduces Risk
S2296,Academic,1,numeric__feedback_satisfaction_score_avg_3m,1.157248,Increases Risk
S2296,Academic,2,numeric__lms_assignment_completion_pct_avg_3m,-0.764926,Reduces Risk
S2296,Academic,3,numeric__feedback_satisfaction_score_current,-0.755077,Reduces Risk
S2296,Academic,4,numeric__placement_coding_score_avg_3m,0.615264,Increases Risk
S2296,Academic,5,numeric__skills_tech_skills_score_avg_3m,-0.518081,Reduces Risk
S2297,Academic,1,numeric__academic_backlogs_avg_3m,-0.955781,Reduces Risk
S2297,Academic,2,numeric__placement_aptitude_score_current,0.924921,Increases Risk
S2297,Academic,3,numeric__lms_assignment_completion_pct_current,-0.636975,Reduces Risk
S2297,Academic,4,numeric__lms_assignment_completion_pct_avg_3m,0.621883,Increases Risk
S2297,Academic,5,numeric__engagement_events_attended_slope_3m,-0.56355,Reduces Risk
S2298,Academic,1,numeric__placement_aptitude_score_current,1.361757,Increases Risk
S2298,Academic,2,numeric__placement_coding_score_avg_3m,-1.257632,Reduces Risk
S2298,Academic,3,numeric__skills_tech_skills_score_avg_3m,1.069637,Increases Risk
S2298,Academic,4,numeric__placement_mock_interview_score_avg_3m,1.049047,Increases Risk
S2298,Academic,5,numeric__skills_soft_skills_score_avg_3m,-1.016122,Reduces Risk
S2299,Academic,1,numeric__placement_coding_score_avg_3m,1.562692,Increases Risk
S2299,Academic,2,numeric__skills_tech_skills_score_avg_3m,-1.279695,Reduces Risk
S2299,Academic,3,numeric__academic_cgpa_current,0.79908,Increases Risk
S2299,Academic,4,numeric__feedback_satisfaction_score_avg_3m,0.768233,Increases Risk
S2299,Academic,5,numeric__lms_assignment_completion_pct_avg_3m,-0.693807,Reduces Risk
S2300,Academic,1,numeric__placement_coding_score_avg_3m,-0.940777,Reduces Risk
S2300,Academic,2,numeric__academic_warning_score,-0.933762,Reduces Risk
S2300,Academic,3,numeric__feedback_faculty_rating_avg_3m,0.72426,Increases Risk
S2300,Academic,4,numeric__attendance_overall_attendance_std_3m,0.691193,Increases Risk
S2300,Academic,5,numeric__skills_tech_skills_score_avg_3m,0.602842,Increases Risk
S2301,Academic,1,numeric__lms_assignment_completion_pct_avg_3m,1.295137,Increases Risk
S2301,Academic,2,numeric__placement_aptitude_score_current,1.190143,Increases Risk
S2301,Academic,3,numeric__placement_coding_score_avg_3m,-1.000384,Reduces Risk
S2301,Academic,4,numeric__skills_soft_skills_score_avg_3m,0.893331,Increases Risk
S2301,Academic,5,numeric__feedback_satisfaction_score_avg_3m,-0.831593,Reduces Risk
S2302,Academic,1,numeric__placement_aptitude_score_current,-0.752215,Reduces Risk
S2302,Academic,2,numeric__attendance_declining_flag,-0.74125,Reduces Risk
S2302,Academic,3,numeric__academic_warning_score,-0.535286,Reduces Risk
S2302,Academic,4,numeric__placement_mock_interview_score_current,-0.502828,Reduces Risk
S2302,Academic,5,numeric__skills_soft_skills_score_avg_3m,0.487343,Increases Risk
S2303,Academic,1,numeric__placement_coding_score_avg_3m,-1.979183,Reduces Risk
S2303,Academic,2,numeric__skills_tech_skills_score_avg_3m,1.450444,Increases Risk
S2303,Academic,3,numeric__placement_aptitude_score_current,1.182342,Increases Risk
S2303,Academic,4,numeric__academic_cgpa_current,-1.117948,Reduces Risk
S2303,Academic,5,numeric__lms_logins_per_week_slope_3m,-0.896047,Reduces Risk
S2304,Academic,1,numeric__placement_coding_score_avg_3m,0.928981,Increases Risk
S2304,Academic,2,numeric__lms_assignment_completion_pct_avg_3m,0.700113,Increases Risk
S2304,Academic,3,numeric__feedback_faculty_rating_avg_3m,-0.64544,Reduces Risk
S2304,Academic,4,numeric__attendance_overall_attendance_std_3m,-0.612921,Reduces Risk
S2304,Academic,5,numeric__academic_cgpa_current,0.464794,Increases Risk
S2305,Academic,1,numeric__placement_coding_score_avg_3m,-1.191752,Reduces Risk
S2305,Academic,2,numeric__skills_tech_skills_score_avg_3m,1.07885,Increases Risk
S2305,Academic,3,numeric__placement_coding_score_slope_3m,-0.716632,Reduces Risk
S2305,Academic,4,numeric__academic_warning_score,-0.668112,Reduces Risk
S2305,Academic,5,numeric__placement_coding_score_current,0.575483,Increases Risk
S2306,Academic,1,numeric__placement_coding_score_slope_3m,-0.591478,Reduces Risk
S2306,Academic,2,numeric__placement_aptitude_score_current,0.519288,Increases Risk
S2306,Academic,3,numeric__placement_mock_interview_score_avg_3m,0.508462,Increases Risk
S2306,Academic,4,numeric__lms_assignment_completion_pct_avg_3m,-0.468599,Reduces Risk
S2306,Academic,5,numeric__skills_soft_skills_score_avg_3m,-0.426785,Reduces Risk
S2307,Academic,1,numeric__academic_warning_score,1.722745,Increases Risk
S2307,Academic,2,numeric__placement_coding_score_avg_3m,1.587789,Increases Risk
S2307,Academic,3,numeric__lms_assignment_completion_pct_avg_3m,-1.393138,Reduces Risk
S2307,Academic,4,numeric__skills_tech_skills_score_avg_3m,-1.000232,Reduces Risk
S2307,Academic,5,numeric__attendance_overall_attendance_std_3m,0.960967,Increases Risk
S2308,Academic,1,numeric__feedback_satisfaction_score_avg_3m,1.118346,Increases Risk
S2308,Academic,2,numeric__attendance_declining_flag,-0.74125,Reduces Risk
S2308,Academic,3,numeric__feedback_satisfaction_score_current,-0.669048,Reduces Risk
S2308,Academic,4,numeric__skills_soft_skills_score_avg_3m,-0.366542,Reduces Risk
S2308,Academic,5,numeric__engagement_club_participations_std_3m,-0.339281,Reduces Risk
S2309,Academic,1,numeric__academic_cgpa_current,0.95599,Increases Risk
S2309,Academic,2,numeric__placement_aptitude_score_current,-0.947231,Reduces Risk
S2309,Academic,3,numeric__placement_coding_score_avg_3m,0.922707,Increases Risk
S2309,Academic,4,numeric__attendance_declining_flag,-0.74125,Reduces Risk
S2309,Academic,5,numeric__feedback_satisfaction_score_current,-0.67765,Reduces Risk
S2310,Academic,1,numeric__placement_coding_score_avg_3m,-1.750169,Reduces Risk
S2310,Academic,2,numeric__skills_tech_skills_score_avg_3m,1.65006,Increases Risk
S2310,Academic,3,numeric__academic_warning_score,-0.933762,Reduces Risk
S2310,Academic,4,numeric__skills_soft_skills_score_avg_3m,-0.890397,Reduces Risk
S2310,Academic,5,numeric__placement_mock_interview_score_avg_3m,0.800145,Increases Risk
S2311,Academic,1,numeric__feedback_satisfaction_score_avg_3m,-1.162257,Reduces Risk
S2311,Academic,2,numeric__academic_cgpa_current,-0.831417,Reduces Risk
S2311,Academic,3,numeric__attendance_declining_flag,-0.74125,Reduces Risk
S2311,Academic,4,numeric__engagement_events_attended_slope_3m,0.71001,Increases Risk
S2311,Academic,5,numeric__feedback_satisfaction_score_current,0.681608,Increases Risk
S2312,Academic,1,numeric__placement_coding_score_avg_3m,-1.392531,Reduces Risk
S2312,Academic,2,numeric__feedback_satisfaction_score_avg_3m,-1.021238,Reduces Risk
S2312,Academic,3,numeric__skills_tech_skills_score_avg_3m,0.98979,Increases Risk
S2312,Academic,4,numeric__lms_assignment_completion_pct_avg_3m,0.963251,Increases Risk
S2312,Academic,5,numeric__academic_warning_score,-0.933762,Reduces Risk
S2313,Academic,1,numeric__placement_coding_score_avg_3m,-0.943914,Reduces Risk
S2313,Academic,2,numeric__feedback_satisfaction_score_avg_3m,-0.86077,Reduces Risk
S2313,Academic,3,numeric__attendance_declining_flag,-0.74125,Reduces Risk
S2313,Academic,4,numeric__skills_tech_skills_score_avg_3m,0.645836,Increases Risk
S2313,Academic,5,numeric__feedback_satisfaction_score_current,0.561167,Increases Risk
S2314,Academic,1,numeric__lms_assignment_completion_pct_avg_3m,1.136306,Increases Risk
S2314,Academic,2,numeric__placement_coding_score_avg_3m,-0.931366,Reduces Risk
S2314,Academic,3,numeric__skills_tech_skills_score_avg_3m,0.759464,Increases Risk
S2314,Academic,4,numeric__attendance_declining_flag,-0.74125,Reduces Risk
S2314,Academic,5,numeric__feedback_satisfaction_score_avg_3m,-0.739202,Reduces Risk
S2315,Academic,1,numeric__academic_warning_score,1.722745,Increases Risk
S2315,Academic,2,numeric__lms_assignment_completion_pct_avg_3m,-1.05177,Reduces Risk
S2315,Academic,3,numeric__skills_tech_skills_score_avg_3m,0.811671,Increases Risk
S2315,Academic,4,numeric__academic_cgpa_std_3m,-0.78509,Reduces Risk
S2315,Academic,5,numeric__academic_backlogs_slope_3m,0.781385,Increases Risk
S2316,Academic,1,numeric__placement_coding_score_avg_3m,1.343089,Increases Risk
S2316,Academic,2,numeric__placement_aptitude_score_current,-1.025237,Reduces Risk
S2316,Academic,3,numeric__academic_warning_score,-0.933762,Reduces Risk
S2316,Academic,4,numeric__skills_tech_skills_score_avg_3m,-0.901959,Reduces Risk
S2316,Academic,5,numeric__academic_cgpa_current,0.730858,Increases Risk
S2317,Academic,1,numeric__attendance_declining_flag,-0.74125,Reduces Risk
S2317,Academic,2,numeric__lms_assignment_completion_pct_avg_3m,0.541282,Increases Risk
S2317,Academic,3,numeric__cgpa_declining_flag,0.487485,Increases Risk
S2317,Academic,4,numeric__placement_aptitude_score_current,-0.369984,Reduces Risk
S2317,Academic,5,numeric__feedback_satisfaction_score_avg_3m,-0.35505,Reduces Risk
S2318,Academic,1,numeric__feedback_satisfaction_score_avg_3m,1.609478,Increases Risk
S2318,Academic,2,numeric__lms_assignment_completion_pct_avg_3m,-1.267495,Reduces Risk
S2318,Academic,3,numeric__feedback_satisfaction_score_current,-0.927135,Reduces Risk
S2318,Academic,4,numeric__placement_coding_score_avg_3m,-0.887445,Reduces Risk
S2318,Academic,5,numeric__attendance_declining_flag,-0.74125,Reduces Risk
S2319,Academic,1,numeric__academic_warning_score,1.58992,Increases Risk
S2319,Academic,2,numeric__engagement_hackathons_attended_std_3m,1.291942,Increases Risk
S2319,Academic,3,numeric__placement_aptitude_score_current,-1.18125,Reduces Risk
S2319,Academic,4,numeric__engagement_hackathons_attended_current,1.034347,Increases Risk
S2319,Academic,5,numeric__lms_assignment_completion_pct_avg_3m,-1.004357,Reduces Risk
S2320,Academic,1,numeric__academic_warning_score,1.855571,Increases Risk
S2320,Academic,2,numeric__placement_coding_score_avg_3m,-1.458412,Reduces Risk
S2320,Academic,3,numeric__attendance_overall_attendance_std_3m,1.041711,Increases Risk
S2320,Academic,4,numeric__academic_cgpa_current,-1.02926,Reduces Risk
S2320,Academic,5,numeric__academic_backlogs_avg_3m,-0.955781,Reduces Risk
S2321,Academic,1,numeric__placement_aptitude_score_current,-0.861424,Reduces Risk
S2321,Academic,2,numeric__feedback_satisfaction_score_missing,-0.713384,Reduces Risk
S2321,Academic,3,numeric__engagement_events_attended_slope_3m,0.71001,Increases Risk
S2321,Academic,4,numeric__placement_aptitude_score_slope_3m,0.588918,Increases Risk
S2321,Academic,5,numeric__academic_warning_score,-0.535286,Reduces Risk
S2322,Academic,1,numeric__skills_soft_skills_score_avg_3m,0.812133,Increases Risk
S2322,Academic,2,numeric__placement_mock_interview_score_avg_3m,-0.778832,Reduces Risk
S2322,Academic,3,numeric__lms_assignment_completion_pct_avg_3m,0.76412,Increases Risk
S2322,Academic,4,numeric__placement_mock_interview_score_current,-0.674773,Reduces Risk
S2322,Academic,5,categorical__department_INFO TECH,0.662052,Increases Risk
S2323,Academic,1,numeric__lms_assignment_completion_pct_avg_3m,-0.990134,Reduces Risk
S2323,Academic,2,numeric__feedback_satisfaction_score_current,-0.978752,Reduces Risk
S2323,Academic,3,numeric__feedback_satisfaction_score_avg_3m,0.821722,Increases Risk
S2323,Academic,4,numeric__academic_cgpa_current,0.724036,Increases Risk
S2323,Academic,5,numeric__cgpa_declining_flag,0.487485,Increases Risk
S2324,Academic,1,numeric__placement_coding_score_avg_3m,-2.813673,Reduces Risk
S2324,Academic,2,numeric__skills_tech_skills_score_avg_3m,2.427029,Increases Risk
S2324,Academic,3,numeric__feedback_faculty_rating_avg_3m,1.208166,Increases Risk
S2324,Academic,4,numeric__placement_coding_score_current,1.153651,Increases Risk
S2324,Academic,5,numeric__academic_cgpa_current,-1.022438,Reduces Risk
S2325,Academic,1,numeric__skills_soft_skills_score_avg_3m,1.108111,Increases Risk
S2325,Academic,2,numeric__placement_coding_score_avg_3m,1.010548,Increases Risk
S2325,Academic,3,numeric__placement_aptitude_score_current,-1.001836,Reduces Risk
S2325,Academic,4,numeric__placement_mock_interview_score_avg_3m,-0.821612,Reduces Risk
S2325,Academic,5,numeric__attendance_declining_flag,-0.74125,Reduces Risk
S2326,Academic,1,numeric__engagement_hackathons_attended_std_3m,0.676045,Increases Risk
S2326,Academic,2,numeric__attendance_overall_attendance_std_3m,-0.573334,Reduces Risk
S2326,Academic,3,numeric__skills_soft_skills_score_avg_3m,-0.557749,Reduces Risk
S2326,Academic,4,numeric__placement_aptitude_score_slope_3m,0.544705,Increases Risk
S2326,Academic,5,numeric__placement_coding_score_slope_3m,-0.445465,Reduces Risk
S2327,Academic,1,numeric__skills_tech_skills_score_avg_3m,-0.769905,Reduces Risk
S2327,Academic,2,numeric__skills_soft_skills_score_avg_3m,0.694265,Increases Risk
S2327,Academic,3,numeric__engagement_hackathons_attended_current,0.677675,Increases Risk
S2327,Academic,4,numeric__engagement_hackathons_attended_std_3m,0.676045,Increases Risk
S2327,Academic,5,numeric__placement_coding_score_avg_3m,0.67487,Increases Risk
S2328,Academic,1,numeric__engagement_events_attended_slope_3m,1.0284,Increases Risk
S2328,Academic,2,numeric__attendance_declining_flag,-0.74125,Reduces Risk
S2328,Academic,3,numeric__feedback_faculty_rating_avg_3m,-0.530615,Reduces Risk
S2328,Academic,4,numeric__engagement_hackathons_attended_std_3m,0.511015,Increases Risk
S2328,Academic,5,numeric__placement_aptitude_score_current,-0.44019,Reduces Risk
S2329,Academic,1,numeric__academic_warning_score,-0.933762,Reduces Risk
S2329,Academic,2,numeric__lms_assignment_completion_pct_avg_3m,0.709595,Increases Risk
S2329,Academic,3,numeric__feedback_satisfaction_score_avg_3m,-0.583596,Reduces Risk
S2329,Academic,4,numeric__skills_tech_skills_score_avg_3m,-0.527295,Reduces Risk
S2329,Academic,5,numeric__placement_coding_score_avg_3m,0.511737,Increases Risk
S2330,Academic,1,numeric__academic_warning_score,-0.933762,Reduces Risk
S2330,Academic,2,numeric__skills_soft_skills_score_avg_3m,-0.510602,Reduces Risk
S2330,Academic,3,numeric__feedback_satisfaction_score_avg_3m,0.447295,Increases Risk
S2330,Academic,4,numeric__engagement_strength,0.443585,Increases Risk
S2330,Academic,5,numeric__placement_aptitude_score_slope_3m,-0.427982,Reduces Risk
S2331,Academic,1,numeric__placement_coding_score_avg_3m,1.33054,Increases Risk
S2331,Academic,2,numeric__engagement_events_attended_slope_3m,1.0284,Increases Risk
S2331,Academic,3,numeric__placement_mock_interview_score_avg_3m,-0.996622,Reduces Risk
S2331,Academic,4,numeric__skills_tech_skills_score_avg_3m,-0.941883,Reduces Risk
S2331,Academic,5,numeric__skills_soft_skills_score_avg_3m,0.772844,Increases Risk
S2332,Academic,1,numeric__placement_coding_score_avg_3m,1.399558,Increases Risk
S2332,Academic,2,numeric__skills_tech_skills_score_avg_3m,-1.218275,Reduces Risk
S2332,Academic,3,numeric__academic_warning_score,-0.933762,Reduces Risk
S2332,Academic,4,numeric__lms_logins_per_week_slope_3m,0.8884,Increases Risk
S2332,Academic,5,numeric__skills_soft_skills_score_avg_3m,0.830468,Increases Risk
S2333,Academic,1,numeric__attendance_declining_flag,-0.74125,Reduces Risk
S2333,Academic,2,numeric__placement_aptitude_score_current,-0.658608,Reduces Risk
S2333,Academic,3,numeric__engagement_events_attended_slope_3m,-0.56355,Reduces Risk
S2333,Academic,4,numeric__academic_warning_score,0.527317,Increases Risk
S2333,Academic,5,numeric__placement_mock_interview_score_current,-0.502828,Reduces Risk
S2334,Academic,1,numeric__placement_coding_score_avg_3m,-1.6937,Reduces Risk
S2334,Academic,2,numeric__skills_soft_skills_score_avg_3m,-1.437826,Reduces Risk
S2334,Academic,3,numeric__feedback_satisfaction_score_avg_3m,1.361481,Increases Risk
S2334,Academic,4,numeric__placement_mock_interview_score_avg_3m,1.338786,Increases Risk
S2334,Academic,5,numeric__lms_assignment_completion_pct_avg_3m,-1.158447,Reduces Risk
S2335,Academic,1,numeric__placement_coding_score_avg_3m,1.650533,Increases Risk
S2335,Academic,2,numeric__skills_tech_skills_score_avg_3m,-1.20599,Reduces Risk
S2335,Academic,3,numeric__attendance_declining_flag,-0.74125,Reduces Risk
S2335,Academic,4,numeric__attendance_overall_attendance_std_3m,0.696265,Increases Risk
S2335,Academic,5,numeric__academic_cgpa_current,0.553482,Increases Risk
S2336,Academic,1,numeric__attendance_overall_attendance_std_3m,1.479999,Increases Risk
S2336,Academic,2,numeric__placement_coding_score_avg_3m,-1.050578,Reduces Risk
S2336,Academic,3,numeric__skills_tech_skills_score_avg_3m,0.906873,Increases Risk
S2336,Academic,4,numeric__attendance_declining_flag,-0.74125,Reduces Risk
S2336,Academic,5,numeric__placement_aptitude_score_current,0.729905,Increases Risk
S2337,Academic,1,numeric__placement_coding_score_avg_3m,-1.844285,Reduces Risk
S2337,Academic,2,numeric__skills_tech_skills_score_avg_3m,1.091134,Increases Risk
S2337,Academic,3,numeric__academic_cgpa_current,-0.988327,Reduces Risk
S2337,Academic,4,numeric__feedback_faculty_rating_avg_3m,0.740663,Increases Risk
S2337,Academic,5,numeric__feedback_satisfaction_score_avg_3m,-0.714889,Reduces Risk
S2338,Academic,1,numeric__placement_coding_score_avg_3m,-3.271701,Reduces Risk
S2338,Academic,2,numeric__skills_tech_skills_score_avg_3m,2.503804,Increases Risk
S2338,Academic,3,numeric__placement_aptitude_score_current,2.375839,Increases Risk
S2338,Academic,4,numeric__academic_cgpa_current,-1.322613,Reduces Risk
S2338,Academic,5,numeric__skills_soft_skills_score_avg_3m,-1.243999,Reduces Risk
S2339,Academic,1,numeric__skills_tech_skills_score_avg_3m,-0.957238,Reduces Risk
S2339,Academic,2,numeric__academic_warning_score,-0.933762,Reduces Risk
S2339,Academic,3,numeric__feedback_satisfaction_score_avg_3m,0.792546,Increases Risk
S2339,Academic,4,numeric__academic_cgpa_current,0.785436,Increases Risk
S2339,Academic,5,numeric__lms_logins_per_week_slope_3m,0.760939,Increases Risk
S2340,Academic,1,numeric__placement_coding_score_avg_3m,1.255248,Increases Risk
S2340,Academic,2,numeric__skills_tech_skills_score_avg_3m,-1.070865,Reduces Risk
S2340,Academic,3,numeric__feedback_satisfaction_score_avg_3m,0.933564,Increases Risk
S2340,Academic,4,numeric__academic_cgpa_current,0.737681,Increases Risk
S2340,Academic,5,numeric__placement_aptitude_score_std_3m,-0.733292,Reduces Risk
S2341,Academic,1,numeric__academic_warning_score,2.254047,Increases Risk
S2341,Academic,2,numeric__lms_assignment_completion_pct_avg_3m,-1.265125,Reduces Risk
S2341,Academic,3,numeric__academic_cgpa_current,-1.063371,Reduces Risk
S2341,Academic,4,numeric__engagement_events_attended_slope_3m,1.0284,Increases Risk
S2341,Academic,5,numeric__placement_coding_score_avg_3m,-0.83725,Reduces Risk
S2342,Academic,1,numeric__placement_coding_score_avg_3m,1.656807,Increases Risk
S2342,Academic,2,numeric__academic_backlogs_avg_3m,-1.576418,Reduces Risk
S2342,Academic,3,numeric__skills_tech_skills_score_avg_3m,-1.261269,Reduces Risk
S2342,Academic,4,numeric__attendance_declining_flag,-0.74125,Reduces Risk
S2342,Academic,5,numeric__engagement_hackathons_attended_current,0.677675,Increases Risk
S2343,Academic,1,numeric__skills_tech_skills_score_avg_3m,2.000157,Increases Risk
S2343,Academic,2,numeric__placement_coding_score_avg_3m,-1.859971,Reduces Risk
S2343,Academic,3,numeric__placement_aptitude_score_current,1.40076,Increases Risk
S2343,Academic,4,numeric__academic_cgpa_current,-1.302146,Reduces Risk
S2343,Academic,5,numeric__lms_assignment_completion_pct_avg_3m,0.949027,Increases Risk
S2344,Academic,1,numeric__academic_warning_score,-0.933762,Reduces Risk
S2344,Academic,2,numeric__academic_cgpa_current,0.79908,Increases Risk
S2344,Academic,3,numeric__skills_soft_skills_score_avg_3m,0.75189,Increases Risk
S2344,Academic,4,numeric__skills_tech_skills_score_avg_3m,-0.714627,Reduces Risk
S2344,Academic,5,numeric__placement_coding_score_avg_3m,0.643498,Increases Risk
S2345,Academic,1,numeric__lms_assignment_completion_pct_avg_3m,0.631365,Increases Risk
S2345,Academic,2,numeric__academic_cgpa_current,0.567126,Increases Risk
S2345,Academic,3,numeric__engagement_hackathons_attended_std_3m,-0.55575,Reduces Risk
S2345,Academic,4,numeric__skills_soft_skills_score_avg_3m,0.518774,Increases Risk
S2345,Academic,5,numeric__attendance_overall_attendance_avg_3m,-0.351281,Reduces Risk
S2346,Academic,1,numeric__placement_coding_score_avg_3m,-3.014452,Reduces Risk
S2346,Academic,2,numeric__skills_tech_skills_score_avg_3m,2.273478,Increases Risk
S2346,Academic,3,numeric__placement_aptitude_score_current,2.126219,Increases Risk
S2346,Academic,4,numeric__academic_cgpa_current,-1.69101,Reduces Risk
S2346,Academic,5,numeric__feedback_faculty_rating_avg_3m,1.224569,Increases Risk
S2347,Academic,1,numeric__placement_aptitude_score_current,-0.775617,Reduces Risk
S2347,Academic,2,numeric__attendance_declining_flag,-0.74125,Reduces Risk
S2347,Academic,3,numeric__skills_soft_skills_score_avg_3m,0.628784,Increases Risk
S2347,Academic,4,numeric__academic_cgpa_current,0.628526,Increases Risk
S2347,Academic,5,numeric__engagement_hackathons_attended_std_3m,-0.55575,Reduces Risk
S2348,Academic,1,numeric__placement_aptitude_score_current,0.932722,Increases Risk
S2348,Academic,2,numeric__skills_soft_skills_score_avg_3m,-0.707048,Reduces Risk
S2348,Academic,3,numeric__academic_warning_score,-0.668112,Reduces Risk
S2348,Academic,4,numeric__placement_mock_interview_score_avg_3m,0.662081,Increases Risk
S2348,Academic,5,numeric__academic_cgpa_current,-0.613108,Reduces Risk
S2349,Academic,1,numeric__placement_coding_score_avg_3m,-1.869382,Reduces Risk
S2349,Academic,2,numeric__skills_tech_skills_score_avg_3m,1.683842,Increases Risk
S2349,Academic,3,numeric__placement_mock_interview_score_avg_3m,1.163776,Increases Risk
S2349,Academic,4,numeric__skills_soft_skills_score_avg_3m,-1.034457,Reduces Risk
S2349,Academic,5,numeric__placement_mock_interview_score_current,0.98861,Increases Risk
S2350,Academic,1,numeric__placement_coding_score_avg_3m,0.985451,Increases Risk
S2350,Academic,2,numeric__academic_warning_score,-0.933762,Reduces Risk
S2350,Academic,3,numeric__academic_cgpa_current,0.860479,Increases Risk
S2350,Academic,4,numeric__placement_mock_interview_score_avg_3m,-0.815779,Reduces Risk
S2350,Academic,5,numeric__skills_soft_skills_score_avg_3m,0.757128,Increases Risk
S2351,Academic,1,numeric__placement_aptitude_score_current,1.002928,Increases Risk
S2351,Academic,2,numeric__placement_mock_interview_score_current,0.932541,Increases Risk
S2351,Academic,3,numeric__placement_mock_interview_score_avg_3m,0.807923,Increases Risk
S2351,Academic,4,numeric__skills_soft_skills_score_avg_3m,-0.796103,Reduces Risk
S2351,Academic,5,numeric__attendance_declining_flag,-0.74125,Reduces Risk
S2352,Academic,1,numeric__lms_assignment_completion_pct_avg_3m,1.1932,Increases Risk
S2352,Academic,2,numeric__placement_coding_score_avg_3m,1.067017,Increases Risk
S2352,Academic,3,numeric__feedback_satisfaction_score_avg_3m,-1.030964,Reduces Risk
S2352,Academic,4,numeric__skills_tech_skills_score_avg_3m,-0.966451,Reduces Risk
S2352,Academic,5,numeric__skills_soft_skills_score_avg_3m,0.806894,Increases Risk
S2353,Academic,1,numeric__academic_warning_score,0.925793,Increases Risk
S2353,Academic,2,numeric__academic_backlogs_slope_3m,0.781385,Increases Risk
S2353,Academic,3,numeric__skills_tech_skills_score_avg_3m,0.753322,Increases Risk
S2353,Academic,4,numeric__attendance_declining_flag,-0.74125,Reduces Risk
S2353,Academic,5,numeric__placement_coding_score_avg_3m,-0.689803,Reduces Risk
S2354,Academic,1,numeric__placement_coding_score_avg_3m,1.33054,Increases Risk
S2354,Academic,2,numeric__lms_assignment_completion_pct_avg_3m,1.207424,Increases Risk
S2354,Academic,3,numeric__skills_tech_skills_score_avg_3m,-0.917314,Reduces Risk
S2354,Academic,4,numeric__feedback_satisfaction_score_avg_3m,-0.865632,Reduces Risk
S2354,Academic,5,numeric__skills_soft_skills_score_avg_3m,0.827849,Increases Risk
S2355,Academic,1,numeric__feedback_satisfaction_score_avg_3m,-1.118492,Reduces Risk
S2355,Academic,2,numeric__placement_coding_score_avg_3m,1.114075,Increases Risk
S2355,Academic,3,numeric__lms_assignment_completion_pct_avg_3m,1.067558,Increases Risk
S2355,Academic,4,numeric__skills_tech_skills_score_avg_3m,-0.895817,Reduces Risk
S2355,Academic,5,numeric__skills_soft_skills_score_avg_3m,0.833087,Increases Risk
S2356,Academic,1,numeric__feedback_satisfaction_score_avg_3m,1.17913,Increases Risk
S2356,Academic,2,numeric__engagement_hackathons_attended_std_3m,1.073761,Increases Risk
S2356,Academic,3,numeric__lms_assignment_completion_pct_avg_3m,-0.992504,Reduces Risk
S2356,Academic,4,numeric__academic_cgpa_current,0.95599,Increases Risk
S2356,Academic,5,numeric__feedback_satisfaction_score_missing,-0.713384,Reduces Risk
S2357,Academic,1,numeric__academic_backlogs_slope_3m,0.781385,Increases Risk
S2357,Academic,2,numeric__attendance_declining_flag,-0.74125,Reduces Risk
S2357,Academic,3,numeric__skills_soft_skills_score_avg_3m,0.71522,Increases Risk
S2357,Academic,4,numeric__placement_mock_interview_score_avg_3m,-0.640769,Reduces Risk
S2357,Academic,5,numeric__placement_coding_score_slope_3m,0.639204,Increases Risk
S2358,Academic,1,numeric__academic_warning_score,-0.933762,Reduces Risk
S2358,Academic,2,numeric__lms_logins_per_week_slope_3m,0.760939,Increases Risk
S2358,Academic,3,numeric__engagement_events_attended_slope_3m,0.39162,Increases Risk
S2358,Academic,4,numeric__attendance_overall_attendance_std_3m,-0.384946,Reduces Risk
S2358,Academic,5,categorical__department_ECE,0.346156,Increases Risk
S2359,Academic,1,numeric__placement_coding_score_avg_3m,-2.71642,Reduces Risk
S2359,Academic,2,numeric__skills_tech_skills_score_avg_3m,2.107643,Increases Risk
S2359,Academic,3,numeric__placement_aptitude_score_current,1.728387,Increases Risk
S2359,Academic,4,numeric__engagement_hackathons_attended_std_3m,1.577781,Increases Risk
S2359,Academic,5,numeric__feedback_faculty_rating_avg_3m,1.150753,Increases Risk
S2360,Academic,1,numeric__engagement_hackathons_attended_std_3m,2.523737,Increases Risk
S2360,Academic,2,numeric__engagement_hackathons_attended_current,1.391018,Increases Risk
S2360,Academic,3,numeric__engagement_strength,-0.808251,Reduces Risk
S2360,Academic,4,numeric__skills_tech_skills_score_avg_3m,-0.75455,Reduces Risk
S2360,Academic,5,numeric__attendance_declining_flag,-0.74125,Reduces Risk
S2361,Academic,1,numeric__attendance_declining_flag,-0.74125,Reduces Risk
S2361,Academic,2,numeric__lms_assignment_completion_pct_avg_3m,0.733302,Increases Risk
S2361,Academic,3,numeric__engagement_hackathons_attended_current,0.677675,Increases Risk
S2361,Academic,4,numeric__engagement_hackathons_attended_std_3m,0.676045,Increases Risk
S2361,Academic,5,numeric__academic_warning_score,0.660142,Increases Risk
S2362,Academic,1,numeric__placement_coding_score_avg_3m,-2.201923,Reduces Risk
S2362,Academic,2,numeric__skills_tech_skills_score_avg_3m,1.668486,Increases Risk
S2362,Academic,3,numeric__placement_aptitude_score_current,1.392959,Increases Risk
S2362,Academic,4,numeric__academic_cgpa_current,-1.247569,Reduces Risk
S2362,Academic,5,numeric__feedback_satisfaction_score_avg_3m,-1.089316,Reduces Risk
S2363,Academic,1,numeric__feedback_satisfaction_score_avg_3m,-1.461312,Reduces Risk
S2363,Academic,2,numeric__lms_assignment_completion_pct_avg_3m,1.392332,Increases Risk
S2363,Academic,3,numeric__placement_coding_score_avg_3m,1.154858,Increases Risk
S2363,Academic,4,numeric__skills_tech_skills_score_avg_3m,-0.815971,Reduces Risk
S2363,Academic,5,numeric__academic_cgpa_current,0.778613,Increases Risk
S2364,Academic,1,numeric__lms_assignment_completion_pct_avg_3m,0.903986,Increases Risk
S2364,Academic,2,numeric__engagement_hackathons_attended_std_3m,-0.55575,Reduces Risk
S2364,Academic,3,numeric__feedback_satisfaction_score_avg_3m,-0.418265,Reduces Risk
S2364,Academic,4,numeric__engagement_events_attended_slope_3m,0.39162,Increases Risk
S2364,Academic,5,numeric__feedback_faculty_rating_avg_3m,0.367481,Increases Risk
S2365,Academic,1,numeric__placement_coding_score_avg_3m,-0.890582,Reduces Risk
S2365,Academic,2,numeric__placement_aptitude_score_current,-0.799019,Reduces Risk
S2365,Academic,3,numeric__academic_cgpa_current,0.689925,Increases Risk
S2365,Academic,4,numeric__lms_logins_per_week_slope_3m,0.633479,Increases Risk
S2365,Academic,5,numeric__academic_warning_score,-0.535286,Reduces Risk
S2366,Academic,1,numeric__placement_aptitude_score_current,1.509969,Increases Risk
S2366,Academic,2,numeric__placement_coding_score_avg_3m,-0.89372,Reduces Risk
S2366,Academic,3,numeric__skills_tech_skills_score_avg_3m,0.799387,Increases Risk
S2366,Academic,4,numeric__attendance_declining_flag,-0.74125,Reduces Risk
S2366,Academic,5,numeric__skills_soft_skills_score_avg_3m,-0.602276,Reduces Risk
S2367,Academic,1,numeric__engagement_events_attended_slope_3m,0.71001,Increases Risk
S2367,Academic,2,numeric__skills_tech_skills_score_avg_3m,0.698043,Increases Risk
S2367,Academic,3,numeric__engagement_hackathons_attended_current,0.677675,Increases Risk
S2367,Academic,4,numeric__placement_coding_score_avg_3m,-0.583139,Reduces Risk
S2367,Academic,5,categorical__department_CIVIL ENGINEERING,-0.580173,Reduces Risk
S2368,Academic,1,numeric__placement_coding_score_avg_3m,1.060743,Increases Risk
S2368,Academic,2,numeric__placement_aptitude_score_current,-1.048639,Reduces Risk
S2368,Academic,3,numeric__skills_tech_skills_score_avg_3m,-0.914243,Reduces Risk
S2368,Academic,4,numeric__skills_soft_skills_score_avg_3m,0.827849,Increases Risk
S2368,Academic,5,numeric__feedback_faculty_rating_avg_3m,-0.73566,Reduces Risk
S2369,Academic,1,numeric__academic_cgpa_current,-2.093517,Reduces Risk
S2369,Academic,2,numeric__placement_coding_score_avg_3m,-1.869382,Reduces Risk
S2369,Academic,3,numeric__skills_soft_skills_score_avg_3m,-1.699753,Reduces Risk
S2369,Academic,4,numeric__academic_warning_score,1.58992,Increases Risk
S2369,Academic,5,numeric__skills_tech_skills_score_avg_3m,1.542574,Increases Risk
S2370,Academic,1,numeric__attendance_declining_flag,-0.74125,Reduces Risk
S2370,Academic,2,numeric__engagement_hackathons_attended_current,0.677675,Increases Risk
S2370,Academic,3,numeric__engagement_hackathons_attended_std_3m,0.676045,Increases Risk
S2370,Academic,4,numeric__placement_coding_score_avg_3m,0.505462,Increases Risk
S2370,Academic,5,numeric__low_attendance_flag,-0.422933,Reduces Risk
S2371,Academic,1,numeric__engagement_hackathons_attended_current,0.677675,Increases Risk
S2371,Academic,2,numeric__academic_warning_score,-0.668112,Reduces Risk
S2371,Academic,3,numeric__lms_assignment_completion_pct_avg_3m,-0.641654,Reduces Risk
S2371,Academic,4,numeric__feedback_satisfaction_score_avg_3m,0.598038,Increases Risk
S2371,Academic,5,numeric__placement_coding_score_slope_3m,-0.537245,Reduces Risk
S2372,Academic,1,numeric__academic_warning_score,-0.933762,Reduces Risk
S2372,Academic,2,numeric__skills_soft_skills_score_avg_3m,0.579017,Increases Risk
S2372,Academic,3,numeric__engagement_hackathons_attended_std_3m,-0.55575,Reduces Risk
S2372,Academic,4,numeric__feedback_satisfaction_score_avg_3m,-0.515518,Reduces Risk
S2372,Academic,5,numeric__placement_coding_score_avg_3m,-0.501572,Reduces Risk
S2373,Academic,1,numeric__placement_aptitude_score_current,0.78451,Increases Risk
S2373,Academic,2,numeric__attendance_overall_attendance_std_3m,-0.639422,Reduces Risk
S2373,Academic,3,numeric__academic_warning_score,-0.535286,Reduces Risk
S2373,Academic,4,numeric__lms_assignment_completion_pct_avg_3m,0.408528,Increases Risk
S2373,Academic,5,numeric__engagement_events_attended_slope_3m,0.39162,Increases Risk
S2374,Academic,1,numeric__feedback_satisfaction_score_avg_3m,-0.855907,Reduces Risk
S2374,Academic,2,numeric__academic_warning_score,0.792967,Increases Risk
S2374,Academic,3,numeric__attendance_declining_flag,-0.74125,Reduces Risk
S2374,Academic,4,numeric__attendance_overall_attendance_std_3m,0.714289,Increases Risk
S2374,Academic,5,numeric__placement_aptitude_score_current,0.706503,Increases Risk
S2375,Academic,1,numeric__placement_coding_score_avg_3m,-1.750169,Reduces Risk
S2375,Academic,2,numeric__skills_tech_skills_score_avg_3m,1.462728,Increases Risk
S2375,Academic,3,numeric__lms_assignment_completion_pct_avg_3m,1.288025,Increases Risk
S2375,Academic,4,numeric__feedback_satisfaction_score_avg_3m,-1.244922,Reduces Risk
S2375,Academic,5,numeric__academic_backlogs_avg_3m,-0.955781,Reduces Risk
S2376,Academic,1,numeric__placement_mock_interview_score_avg_3m,0.817646,Increases Risk
S2376,Academic,2,numeric__attendance_declining_flag,-0.74125,Reduces Risk
S2376,Academic,3,numeric__academic_cgpa_current,-0.647219,Reduces Risk
S2376,Academic,4,numeric__engagement_events_attended_slope_3m,-0.56355,Reduces Risk
S2376,Academic,5,numeric__feedback_satisfaction_score_avg_3m,0.525098,Increases Risk
S2377,Academic,1,numeric__skills_tech_skills_score_avg_3m,1.508793,Increases Risk
S2377,Academic,2,numeric__placement_coding_score_avg_3m,-1.18234,Reduces Risk
S2377,Academic,3,numeric__placement_mock_interview_score_avg_3m,0.815701,Increases Risk
S2377,Academic,4,numeric__academic_warning_score,0.792967,Increases Risk
S2377,Academic,5,numeric__skills_soft_skills_score_avg_3m,-0.654662,Reduces Risk
S2378,Academic,1,numeric__lms_assignment_completion_pct_avg_3m,-1.696576,Reduces Risk
S2378,Academic,2,numeric__skills_soft_skills_score_avg_3m,-1.652606,Reduces Risk
S2378,Academic,3,numeric__feedback_satisfaction_score_avg_3m,1.181561,Increases Risk
S2378,Academic,4,numeric__academic_warning_score,1.058618,Increases Risk
S2378,Academic,5,numeric__placement_mock_interview_score_avg_3m,1.041269,Increases Risk
S2379,Academic,1,numeric__placement_aptitude_score_current,-0.970633,Reduces Risk
S2379,Academic,2,numeric__lms_assignment_completion_pct_avg_3m,0.771231,Increases Risk
S2379,Academic,3,numeric__attendance_declining_flag,-0.74125,Reduces Risk
S2379,Academic,4,numeric__placement_coding_score_avg_3m,0.524285,Increases Risk
S2379,Academic,5,numeric__lms_logins_per_week_slope_3m,-0.513666,Reduces Risk
S2380,Academic,1,numeric__placement_coding_score_avg_3m,-1.069402,Reduces Risk
S2380,Academic,2,numeric__engagement_events_attended_slope_3m,1.0284,Increases Risk
S2380,Academic,3,numeric__skills_tech_skills_score_avg_3m,0.879234,Increases Risk
S2380,Academic,4,numeric__placement_mock_interview_score_avg_3m,0.825424,Increases Risk
S2380,Academic,5,numeric__skills_soft_skills_score_avg_3m,-0.790864,Reduces Risk
S2381,Academic,1,numeric__lms_logins_per_week_missing,-1.54038,Reduces Risk
S2381,Academic,2,numeric__engagement_events_attended_slope_3m,1.0284,Increases Risk
S2381,Academic,3,numeric__feedback_satisfaction_score_avg_3m,-0.782967,Reduces Risk
S2381,Academic,4,numeric__lms_assignment_completion_pct_avg_3m,0.752266,Increases Risk
S2381,Academic,5,numeric__placement_coding_score_avg_3m,0.750162,Increases Risk
S2382,Academic,1,numeric__feedback_satisfaction_score_avg_3m,0.632077,Increases Risk
S2382,Academic,2,numeric__engagement_hackathons_attended_std_3m,-0.55575,Reduces Risk
S2382,Academic,3,numeric__skills_soft_skills_score_avg_3m,-0.523698,Reduces Risk
S2382,Academic,4,numeric__lms_logins_per_week_slope_3m,-0.513666,Reduces Risk
S2382,Academic,5,numeric__placement_mock_interview_score_avg_3m,0.487072,Increases Risk
S2383,Academic,1,numeric__placement_aptitude_score_current,1.884399,Increases Risk
S2383,Academic,2,numeric__placement_coding_score_avg_3m,-1.878794,Reduces Risk
S2383,Academic,3,numeric__skills_tech_skills_score_avg_3m,1.481154,Increases Risk
S2383,Academic,4,numeric__academic_cgpa_current,-1.315791,Reduces Risk
S2383,Academic,5,numeric__engagement_events_attended_slope_3m,1.0284,Increases Risk
S2384,Academic,1,numeric__placement_coding_score_avg_3m,1.261522,Increases Risk
S2384,Academic,2,numeric__skills_tech_skills_score_avg_3m,-0.803687,Reduces Risk
S2384,Academic,3,numeric__academic_cgpa_current,-0.606286,Reduces Risk
S2384,Academic,4,numeric__placement_mock_interview_score_current,-0.566373,Reduces Risk
S2384,Academic,5,numeric__engagement_events_attended_slope_3m,-0.56355,Reduces Risk
S2385,Academic,1,numeric__academic_warning_score,2.254047,Increases Risk
S2385,Academic,2,numeric__academic_cgpa_current,-1.411301,Reduces Risk
S2385,Academic,3,numeric__lms_assignment_completion_pct_avg_3m,-1.061252,Reduces Risk
S2385,Academic,4,numeric__placement_aptitude_score_current,0.862516,Increases Risk
S2385,Academic,5,numeric__skills_soft_skills_score_avg_3m,-0.853727,Reduces Risk
S2386,Academic,1,numeric__skills_soft_skills_score_avg_3m,1.126446,Increases Risk
S2386,Academic,2,numeric__feedback_satisfaction_score_avg_3m,-1.045552,Reduces Risk
S2386,Academic,3,numeric__academic_cgpa_current,1.024211,Increases Risk
S2386,Academic,4,numeric__engagement_events_attended_slope_3m,-0.88194,Reduces Risk
S2386,Academic,5,numeric__lms_assignment_completion_pct_avg_3m,0.875538,Increases Risk
S2387,Academic,1,numeric__placement_aptitude_score_current,0.79231,Increases Risk
S2387,Academic,2,numeric__feedback_faculty_rating_avg_3m,0.77347,Increases Risk
S2387,Academic,3,numeric__engagement_events_attended_slope_3m,0.71001,Increases Risk
S2387,Academic,4,numeric__feedback_faculty_rating_current,0.661638,Increases Risk
S2387,Academic,5,numeric__skills_soft_skills_score_avg_3m,-0.539414,Reduces Risk
S2388,Academic,1,numeric__placement_aptitude_score_current,0.846915,Increases Risk
S2388,Academic,2,numeric__attendance_declining_flag,-0.74125,Reduces Risk
S2388,Academic,3,numeric__placement_coding_score_avg_3m,0.549383,Increases Risk
S2388,Academic,4,numeric__academic_warning_score,-0.535286,Reduces Risk
S2388,Academic,5,numeric__skills_tech_skills_score_avg_3m,-0.404454,Reduces Risk
S2389,Academic,1,numeric__placement_coding_score_avg_3m,-1.107048,Reduces Risk
S2389,Academic,2,numeric__skills_tech_skills_score_avg_3m,0.962151,Increases Risk
S2389,Academic,3,numeric__feedback_satisfaction_score_avg_3m,0.94329,Increases Risk
S2389,Academic,4,numeric__skills_soft_skills_score_avg_3m,-0.937544,Reduces Risk
S2389,Academic,5,numeric__attendance_overall_attendance_std_3m,0.889698,Increases Risk
S2390,Academic,1,numeric__placement_coding_score_avg_3m,1.565829,Increases Risk
S2390,Academic,2,numeric__skills_tech_skills_score_avg_3m,-1.224417,Reduces Risk
S2390,Academic,3,numeric__academic_warning_score,1.058618,Increases Risk
S2390,Academic,4,numeric__placement_aptitude_score_current,-0.869225,Reduces Risk
S2390,Academic,5,numeric__academic_backlogs_slope_3m,0.781385,Increases Risk
S2391,Academic,1,numeric__feedback_satisfaction_score_avg_3m,1.152385,Increases Risk
S2391,Academic,2,numeric__academic_cgpa_current,1.112899,Increases Risk
S2391,Academic,3,numeric__academic_warning_score,-0.933762,Reduces Risk
S2391,Academic,4,numeric__placement_coding_score_avg_3m,0.881924,Increases Risk
S2391,Academic,5,numeric__skills_tech_skills_score_avg_3m,-0.720769,Reduces Risk
S2392,Academic,1,numeric__placement_coding_score_avg_3m,1.562692,Increases Risk
S2392,Academic,2,numeric__skills_tech_skills_score_avg_3m,-1.190635,Reduces Risk
S2392,Academic,3,numeric__skills_soft_skills_score_avg_3m,0.806894,Increases Risk
S2392,Academic,4,numeric__placement_mock_interview_score_avg_3m,-0.726329,Reduces Risk
S2392,Academic,5,numeric__feedback_faculty_rating_avg_3m,-0.604431,Reduces Risk
S2393,Academic,1,numeric__academic_warning_score,1.58992,Increases Risk
S2393,Academic,2,numeric__placement_coding_score_avg_3m,-1.122734,Reduces Risk
S2393,Academic,3,numeric__skills_tech_skills_score_avg_3m,0.952938,Increases Risk
S2393,Academic,4,numeric__lms_logins_per_week_slope_3m,-0.896047,Reduces Risk
S2393,Academic,5,numeric__engagement_strength,-0.808251,Reduces Risk
S2394,Academic,1,numeric__lms_assignment_completion_pct_avg_3m,1.316472,Increases Risk
S2394,Academic,2,numeric__feedback_satisfaction_score_avg_3m,-0.972612,Reduces Risk
S2394,Academic,3,numeric__placement_coding_score_avg_3m,-0.708626,Reduces Risk
S2394,Academic,4,numeric__skills_tech_skills_score_avg_3m,0.651978,Increases Risk
S2394,Academic,5,numeric__placement_aptitude_score_slope_3m,0.63715,Increases Risk
S2395,Academic,1,numeric__placement_aptitude_score_current,-0.752215,Reduces Risk
S2395,Academic,2,numeric__attendance_declining_flag,-0.74125,Reduces Risk
S2395,Academic,3,numeric__placement_coding_score_avg_3m,-0.680391,Reduces Risk
S2395,Academic,4,numeric__engagement_hackathons_attended_current,0.677675,Increases Risk
S2395,Academic,5,numeric__engagement_hackathons_attended_std_3m,0.676045,Increases Risk
S2396,Academic,1,numeric__academic_warning_score,-0.933762,Reduces Risk
S2396,Academic,2,numeric__engagement_hackathons_attended_std_3m,0.676045,Increases Risk
S2396,Academic,3,numeric__feedback_satisfaction_score_avg_3m,-0.671125,Reduces Risk
S2396,Academic,4,numeric__placement_coding_score_avg_3m,0.590166,Increases Risk
S2396,Academic,5,numeric__skills_tech_skills_score_avg_3m,-0.530366,Reduces Risk
S2397,Academic,1,numeric__lms_assignment_completion_pct_avg_3m,1.259578,Increases Risk
S2397,Academic,2,numeric__feedback_satisfaction_score_avg_3m,-1.210884,Reduces Risk
S2397,Academic,3,numeric__skills_soft_skills_score_avg_3m,1.071441,Increases Risk
S2397,Academic,4,numeric__placement_mock_interview_score_avg_3m,-0.899395,Reduces Risk
S2397,Academic,5,numeric__lms_assignment_completion_pct_current,-0.706393,Reduces Risk
S2398,Academic,1,numeric__placement_coding_score_avg_3m,1.65367,Increases Risk
S2398,Academic,2,numeric__skills_tech_skills_score_avg_3m,-1.629792,Reduces Risk
S2398,Academic,3,numeric__lms_assignment_completion_pct_avg_3m,1.295137,Increases Risk
S2398,Academic,4,numeric__skills_soft_skills_score_avg_3m,1.233836,Increases Risk
S2398,Academic,5,numeric__placement_mock_interview_score_avg_3m,-1.107462,Reduces Risk
S2399,Academic,1,numeric__attendance_declining_flag,-0.74125,Reduces Risk
S2399,Academic,2,numeric__engagement_strength,-0.644968,Reduces Risk
S2399,Academic,3,numeric__attendance_overall_attendance_std_3m,0.589585,Increases Risk
S2399,Academic,4,numeric__academic_warning_score,-0.535286,Reduces Risk
S2399,Academic,5,numeric__placement_aptitude_score_std_3m,-0.503881,Reduces Risk
S2400,Academic,1,numeric__skills_soft_skills_score_avg_3m,-1.194233,Reduces Risk
S2400,Academic,2,numeric__academic_backlogs_avg_3m,-0.955781,Reduces Risk
S2400,Academic,3,numeric__placement_mock_interview_score_avg_3m,0.955709,Increases Risk
S2400,Academic,4,numeric__placement_coding_score_avg_3m,-0.868622,Reduces Risk
S2400,Academic,5,numeric__placement_aptitude_score_current,0.815712,Increases Risk
S2401,Academic,1,numeric__feedback_satisfaction_score_avg_3m,-1.099042,Reduces Risk
S2401,Academic,2,numeric__placement_coding_score_avg_3m,0.850552,Increases Risk
S2401,Academic,3,numeric__skills_tech_skills_score_avg_3m,-0.815971,Reduces Risk
S2401,Academic,4,numeric__academic_backlogs_slope_3m,0.781385,Increases Risk
S2401,Academic,5,numeric__attendance_declining_flag,-0.74125,Reduces Risk
S2402,Academic,1,numeric__placement_coding_score_slope_3m,-0.866817,Reduces Risk
S2402,Academic,2,numeric__attendance_declining_flag,-0.74125,Reduces Risk
S2402,Academic,3,numeric__engagement_hackathons_attended_std_3m,-0.55575,Reduces Risk
S2402,Academic,4,numeric__academic_warning_score,-0.535286,Reduces Risk
S2402,Academic,5,numeric__placement_coding_score_current,0.466339,Increases Risk
S2403,Academic,1,numeric__academic_warning_score,1.191444,Increases Risk
S2403,Academic,2,numeric__academic_backlogs_slope_3m,0.781385,Increases Risk
S2403,Academic,3,numeric__academic_backlogs_avg_3m,-0.748902,Reduces Risk
S2403,Academic,4,numeric__attendance_declining_flag,-0.74125,Reduces Risk
S2403,Academic,5,numeric__lms_assignment_completion_pct_avg_3m,-0.641654,Reduces Risk
S2404,Academic,1,numeric__placement_aptitude_score_current,1.377358,Increases Risk
S2404,Academic,2,numeric__feedback_satisfaction_score_avg_3m,-1.162257,Reduces Risk
S2404,Academic,3,numeric__lms_assignment_completion_pct_avg_3m,1.107858,Increases Risk
S2404,Academic,4,numeric__lms_assignment_completion_pct_current,-0.706393,Reduces Risk
S2404,Academic,5,numeric__academic_warning_score,-0.668112,Reduces Risk
S2405,Academic,1,numeric__engagement_strength,-0.808251,Reduces Risk
S2405,Academic,2,numeric__academic_warning_score,-0.668112,Reduces Risk
S2405,Academic,3,numeric__engagement_certifications_count_current,-0.387492,Reduces Risk
S2405,Academic,4,numeric__skills_tech_skills_score_avg_3m,-0.358388,Reduces Risk
S2405,Academic,5,numeric__placement_coding_score_avg_3m,0.358015,Increases Risk
S2406,Academic,1,numeric__academic_warning_score,1.58992,Increases Risk
S2406,Academic,2,numeric__placement_coding_score_avg_3m,-1.16038,Reduces Risk
S2406,Academic,3,numeric__academic_cgpa_current,-1.158881,Reduces Risk
S2406,Academic,4,numeric__skills_tech_skills_score_avg_3m,0.814742,Increases Risk
S2406,Academic,5,numeric__attendance_declining_flag,-0.74125,Reduces Risk
S2407,Academic,1,numeric__placement_coding_score_avg_3m,-1.18234,Reduces Risk
S2407,Academic,2,numeric__placement_coding_score_slope_3m,-1.087923,Reduces Risk
S2407,Academic,3,numeric__placement_aptitude_score_current,1.073133,Increases Risk
S2407,Academic,4,numeric__academic_warning_score,-0.933762,Reduces Risk
S2407,Academic,5,numeric__attendance_overall_attendance_std_3m,0.721972,Increases Risk
S2408,Academic,1,numeric__placement_coding_score_avg_3m,1.173681,Increases Risk
S2408,Academic,2,numeric__academic_warning_score,-0.933762,Reduces Risk
S2408,Academic,3,numeric__skills_tech_skills_score_avg_3m,-0.852823,Reduces Risk
S2408,Academic,4,numeric__feedback_satisfaction_score_missing,-0.713384,Reduces Risk
S2408,Academic,5,numeric__engagement_events_attended_slope_3m,-0.56355,Reduces Risk
S2409,Academic,1,numeric__feedback_satisfaction_score_avg_3m,-1.454018,Reduces Risk
S2409,Academic,2,numeric__lms_assignment_completion_pct_avg_3m,1.280913,Increases Risk
S2409,Academic,3,numeric__skills_tech_skills_score_avg_3m,1.023572,Increases Risk
S2409,Academic,4,numeric__feedback_satisfaction_score_current,0.913886,Increases Risk
S2409,Academic,5,numeric__placement_coding_score_avg_3m,-0.896857,Reduces Risk
S2410,Academic,1,numeric__academic_warning_score,-0.933762,Reduces Risk
S2410,Academic,2,numeric__lms_assignment_completion_pct_avg_3m,0.638477,Increases Risk
S2410,Academic,3,numeric__engagement_hackathons_attended_std_3m,-0.55575,Reduces Risk
S2410,Academic,4,numeric__placement_coding_score_slope_3m,-0.495527,Reduces Risk
S2410,Academic,5,numeric__placement_coding_score_avg_3m,-0.394908,Reduces Risk
S2411,Academic,1,numeric__academic_warning_score,1.58992,Increases Risk
S2411,Academic,2,numeric__placement_coding_score_avg_3m,1.217602,Increases Risk
S2411,Academic,3,numeric__skills_tech_skills_score_avg_3m,-1.104647,Reduces Risk
S2411,Academic,4,numeric__academic_backlogs_slope_3m,0.781385,Increases Risk
S2411,Academic,5,numeric__attendance_declining_flag,-0.74125,Reduces Risk
S2412,Academic,1,numeric__placement_aptitude_score_current,-1.072041,Reduces Risk
S2412,Academic,2,numeric__placement_coding_score_avg_3m,0.903884,Increases Risk
S2412,Academic,3,numeric__academic_cgpa_current,0.771791,Increases Risk
S2412,Academic,4,numeric__engagement_hackathons_attended_current,0.677675,Increases Risk
S2412,Academic,5,numeric__engagement_hackathons_attended_std_3m,0.676045,Increases Risk
S2413,Academic,1,numeric__placement_coding_score_avg_3m,0.812906,Increases Risk
S2413,Academic,2,numeric__placement_coding_score_slope_3m,-0.59565,Reduces Risk
S2413,Academic,3,numeric__skills_tech_skills_score_avg_3m,-0.57336,Reduces Risk
S2413,Academic,4,numeric__engagement_hackathons_attended_std_3m,-0.55575,Reduces Risk
S2413,Academic,5,numeric__attendance_overall_attendance_std_3m,-0.504571,Reduces Risk
S2414,Academic,1,numeric__lms_assignment_completion_pct_avg_3m,0.937174,Increases Risk
S2414,Academic,2,numeric__feedback_satisfaction_score_avg_3m,-0.923985,Reduces Risk
S2414,Academic,3,numeric__placement_coding_score_avg_3m,0.712516,Increases Risk
S2414,Academic,4,categorical__department_INFO TECH,0.662052,Increases Risk
S2414,Academic,5,numeric__attendance_overall_attendance_std_3m,0.631223,Increases Risk
S2415,Academic,1,numeric__placement_coding_score_avg_3m,-1.552527,Reduces Risk
S2415,Academic,2,numeric__placement_aptitude_score_current,1.338355,Increases Risk
S2415,Academic,3,numeric__skills_tech_skills_score_avg_3m,1.253898,Increases Risk
S2415,Academic,4,numeric__attendance_overall_attendance_std_3m,0.989534,Increases Risk
S2415,Academic,5,numeric__academic_warning_score,-0.933762,Reduces Risk
S2416,Academic,1,numeric__academic_warning_score,1.988396,Increases Risk
S2416,Academic,2,numeric__placement_coding_score_avg_3m,1.600338,Increases Risk
S2416,Academic,3,numeric__lms_assignment_completion_pct_avg_3m,-1.115776,Reduces Risk
S2416,Academic,4,numeric__skills_tech_skills_score_avg_3m,-1.107718,Reduces Risk
S2416,Academic,5,numeric__placement_aptitude_score_current,-0.962832,Reduces Risk
S2417,Academic,1,numeric__lms_logins_per_week_missing,-1.54038,Reduces Risk
S2417,Academic,2,numeric__lms_assignment_completion_pct_avg_3m,-1.497445,Reduces Risk
S2417,Academic,3,numeric__placement_coding_score_avg_3m,1.305443,Increases Risk
S2417,Academic,4,numeric__academic_warning_score,1.191444,Increases Risk
S2417,Academic,5,numeric__feedback_satisfaction_score_avg_3m,1.064857,Increases Risk
S2418,Academic,1,numeric__placement_aptitude_score_current,1.104336,Increases Risk
S2418,Academic,2,numeric__placement_coding_score_slope_3m,-0.85013,Reduces Risk
S2418,Academic,3,numeric__attendance_overall_attendance_std_3m,0.790882,Increases Risk
S2418,Academic,4,numeric__placement_coding_score_avg_3m,-0.765095,Reduces Risk
S2418,Academic,5,numeric__feedback_satisfaction_score_avg_3m,-0.632223,Reduces Risk
S2419,Academic,1,numeric__placement_coding_score_avg_3m,-1.100773,Reduces Risk
S2419,Academic,2,numeric__academic_warning_score,-0.933762,Reduces Risk
S2419,Academic,3,numeric__skills_tech_skills_score_avg_3m,0.651978,Increases Risk
S2419,Academic,4,numeric__placement_mock_interview_score_avg_3m,0.51624,Increases Risk
S2419,Academic,5,numeric__academic_cgpa_current,-0.476665,Reduces Risk
S2420,Academic,1,numeric__lms_logins_per_week_missing,-1.54038,Reduces Risk
S2420,Academic,2,numeric__lms_assignment_completion_pct_avg_3m,1.03674,Increases Risk
S2420,Academic,3,numeric__lms_logins_per_week_slope_3m,-1.023508,Reduces Risk
S2420,Academic,4,numeric__placement_coding_score_avg_3m,-0.89372,Reduces Risk
S2420,Academic,5,numeric__feedback_satisfaction_score_avg_3m,-0.790261,Reduces Risk
S2421,Academic,1,numeric__attendance_declining_flag,-0.74125,Reduces Risk
S2421,Academic,2,numeric__engagement_hackathons_attended_current,0.677675,Increases Risk
S2421,Academic,3,numeric__academic_warning_score,0.660142,Increases Risk
S2421,Academic,4,numeric__engagement_hackathons_attended_std_3m,0.511015,Increases Risk
S2421,Academic,5,numeric__cgpa_declining_flag,0.487485,Increases Risk
S2422,Academic,1,numeric__lms_logins_per_week_missing,-1.54038,Reduces Risk
S2422,Academic,2,numeric__feedback_satisfaction_score_current,-0.841106,Reduces Risk
S2422,Academic,3,categorical__department_INFO TECH,0.662052,Increases Risk
S2422,Academic,4,numeric__attendance_overall_attendance_std_3m,-0.65642,Reduces Risk
S2422,Academic,5,numeric__placement_coding_score_avg_3m,0.621538,Increases Risk
S2423,Academic,1,numeric__lms_assignment_completion_pct_avg_3m,1.209795,Increases Risk
S2423,Academic,2,numeric__skills_soft_skills_score_avg_3m,0.953574,Increases Risk
S2423,Academic,3,numeric__feedback_satisfaction_score_avg_3m,-0.892377,Reduces Risk
S2423,Academic,4,numeric__placement_mock_interview_score_avg_3m,-0.850781,Reduces Risk
S2423,Academic,5,numeric__feedback_satisfaction_score_missing,-0.713384,Reduces Risk
S2424,Academic,1,numeric__placement_coding_score_avg_3m,-1.213712,Reduces Risk
S2424,Academic,2,numeric__skills_tech_skills_score_avg_3m,1.029714,Increases Risk
S2424,Academic,3,numeric__academic_backlogs_avg_3m,-0.955781,Reduces Risk
S2424,Academic,4,numeric__academic_warning_score,-0.535286,Reduces Risk
S2424,Academic,5,numeric__academic_cgpa_current,-0.503953,Reduces Risk
S2425,Academic,1,numeric__feedback_satisfaction_score_avg_3m,1.580302,Increases Risk
S2425,Academic,2,numeric__lms_assignment_completion_pct_avg_3m,-1.364691,Reduces Risk
S2425,Academic,3,numeric__placement_mock_interview_score_avg_3m,1.301839,Increases Risk
S2425,Academic,4,numeric__skills_soft_skills_score_avg_3m,-1.055411,Reduces Risk
S2425,Academic,5,numeric__feedback_satisfaction_score_current,-0.918532,Reduces Risk
S2426,Academic,1,numeric__placement_aptitude_score_current,1.049731,Increases Risk
S2426,Academic,2,numeric__skills_soft_skills_score_avg_3m,0.793798,Increases Risk
S2426,Academic,3,numeric__academic_backlogs_slope_3m,0.781385,Increases Risk
S2426,Academic,4,numeric__academic_cgpa_current,-0.749551,Reduces Risk
S2426,Academic,5,numeric__attendance_declining_flag,-0.74125,Reduces Risk
S2427,Academic,1,numeric__feedback_satisfaction_score_avg_3m,1.628929,Increases Risk
S2427,Academic,2,numeric__lms_assignment_completion_pct_avg_3m,-1.276978,Reduces Risk
S2427,Academic,3,numeric__placement_coding_score_avg_3m,1.06388,Increases Risk
S2427,Academic,4,numeric__feedback_satisfaction_score_current,-0.961546,Reduces Risk
S2427,Academic,5,numeric__placement_aptitude_score_current,-0.955032,Reduces Risk
S2428,Academic,1,numeric__feedback_satisfaction_score_avg_3m,-1.06014,Reduces Risk
S2428,Academic,2,numeric__skills_soft_skills_score_avg_3m,0.964051,Increases Risk
S2428,Academic,3,numeric__placement_mock_interview_score_current,-0.932691,Reduces Risk
S2428,Academic,4,numeric__placement_coding_score_avg_3m,0.885061,Increases Risk
S2428,Academic,5,numeric__feedback_satisfaction_score_current,0.802048,Increases Risk
S2429,Academic,1,numeric__lms_assignment_completion_pct_avg_3m,-1.378914,Reduces Risk
S2429,Academic,2,numeric__placement_mock_interview_score_avg_3m,1.097661,Increases Risk
S2429,Academic,3,numeric__skills_soft_skills_score_avg_3m,-1.071127,Reduces Risk
S2429,Academic,4,numeric__lms_assignment_completion_pct_current,0.799967,Increases Risk
S2429,Academic,5,numeric__attendance_overall_attendance_std_3m,0.749246,Increases Risk
S2430,Academic,1,numeric__academic_backlogs_avg_3m,-0.955781,Reduces Risk
S2430,Academic,2,numeric__lms_assignment_completion_pct_avg_3m,0.875538,Increases Risk
S2430,Academic,3,numeric__feedback_satisfaction_score_avg_3m,-0.802417,Reduces Risk
S2430,Academic,4,numeric__placement_aptitude_score_slope_3m,0.745673,Increases Risk
S2430,Academic,5,numeric__placement_coding_score_avg_3m,-0.736861,Reduces Risk
S2431,Academic,1,numeric__academic_warning_score,-0.933762,Reduces Risk
S2431,Academic,2,numeric__engagement_events_attended_slope_3m,-0.88194,Reduces Risk
S2431,Academic,3,numeric__lms_assignment_completion_pct_avg_3m,0.697742,Increases Risk
S2431,Academic,4,numeric__lms_assignment_completion_pct_current,-0.355834,Reduces Risk
S2431,Academic,5,numeric__academic_cgpa_std_3m,0.335684,Increases Risk
S2432,Academic,1,numeric__academic_warning_score,-0.933762,Reduces Risk
S2432,Academic,2,numeric__placement_coding_score_avg_3m,0.850552,Increases Risk
S2432,Academic,3,numeric__skills_tech_skills_score_avg_3m,-0.815971,Reduces Risk
S2432,Academic,4,numeric__feedback_satisfaction_score_avg_3m,-0.695438,Reduces Risk
S2432,Academic,5,numeric__skills_soft_skills_score_avg_3m,0.592114,Increases Risk
S2433,Academic,1,numeric__lms_assignment_completion_pct_avg_3m,0.96088,Increases Risk
S2433,Academic,2,numeric__academic_warning_score,-0.933762,Reduces Risk
S2433,Academic,3,numeric__placement_aptitude_score_current,-0.845823,Reduces Risk
S2433,Academic,4,numeric__engagement_events_attended_slope_3m,0.71001,Increases Risk
S2433,Academic,5,numeric__engagement_hackathons_attended_std_3m,0.676045,Increases Risk
S2434,Academic,1,numeric__placement_coding_score_avg_3m,-2.154865,Reduces Risk
S2434,Academic,2,numeric__academic_backlogs_avg_3m,-1.990176,Reduces Risk
S2434,Academic,3,numeric__academic_warning_score,1.988396,Increases Risk
S2434,Academic,4,numeric__skills_tech_skills_score_avg_3m,1.745262,Increases Risk
S2434,Academic,5,numeric__lms_assignment_completion_pct_avg_3m,-1.627828,Reduces Risk
S2435,Academic,1,numeric__academic_warning_score,1.988396,Increases Risk
S2435,Academic,2,numeric__placement_coding_score_std_3m,-0.7958,Reduces Risk
S2435,Academic,3,numeric__attendance_declining_flag,-0.74125,Reduces Risk
S2435,Academic,4,numeric__attendance_overall_attendance_std_3m,0.714706,Increases Risk
S2435,Academic,5,numeric__skills_tech_skills_score_avg_3m,0.621268,Increases Risk
S2436,Academic,1,numeric__placement_coding_score_avg_3m,1.18623,Increases Risk
S2436,Academic,2,numeric__skills_tech_skills_score_avg_3m,-0.957238,Reduces Risk
S2436,Academic,3,numeric__academic_warning_score,-0.933762,Reduces Risk
S2436,Academic,4,numeric__lms_assignment_completion_pct_avg_3m,0.733302,Increases Risk
S2436,Academic,5,numeric__engagement_strength,-0.644968,Reduces Risk
S2437,Academic,1,numeric__lms_assignment_completion_pct_avg_3m,-1.075476,Reduces Risk
S2437,Academic,2,numeric__placement_mock_interview_score_avg_3m,0.794311,Increases Risk
S2437,Academic,3,numeric__skills_soft_skills_score_avg_3m,-0.751575,Reduces Risk
S2437,Academic,4,numeric__engagement_hackathons_attended_std_3m,0.676045,Increases Risk
S2437,Academic,5,numeric__feedback_satisfaction_score_avg_3m,0.656391,Increases Risk
S2438,Academic,1,numeric__engagement_events_attended_slope_3m,-0.88194,Reduces Risk
S2438,Academic,2,numeric__placement_coding_score_slope_3m,-0.816755,Reduces Risk
S2438,Academic,3,numeric__placement_aptitude_score_current,-0.799019,Reduces Risk
S2438,Academic,4,numeric__feedback_satisfaction_score_current,-0.798091,Reduces Risk
S2438,Academic,5,numeric__academic_warning_score,-0.668112,Reduces Risk
S2439,Academic,1,numeric__academic_warning_score,1.191444,Increases Risk
S2439,Academic,2,numeric__placement_coding_score_avg_3m,-0.865485,Reduces Risk
S2439,Academic,3,numeric__skills_tech_skills_score_avg_3m,0.802458,Increases Risk
S2439,Academic,4,numeric__skills_soft_skills_score_avg_3m,-0.743717,Reduces Risk
S2439,Academic,5,numeric__attendance_declining_flag,-0.74125,Reduces Risk
S2440,Academic,1,numeric__academic_warning_score,1.855571,Increases Risk
S2440,Academic,2,numeric__lms_assignment_completion_pct_avg_3m,-1.350467,Reduces Risk
S2440,Academic,3,numeric__skills_soft_skills_score_avg_3m,-1.13399,Reduces Risk
S2440,Academic,4,numeric__academic_cgpa_current,-0.995149,Reduces Risk
S2440,Academic,5,numeric__placement_coding_score_avg_3m,-0.981561,Reduces Risk
S2441,Academic,1,numeric__engagement_events_attended_slope_3m,1.34679,Increases Risk
S2441,Academic,2,numeric__placement_aptitude_score_current,1.135538,Increases Risk
S2441,Academic,3,numeric__academic_cgpa_current,-0.892817,Reduces Risk
S2441,Academic,4,numeric__skills_soft_skills_score_avg_3m,-0.864204,Reduces Risk
S2441,Academic,5,numeric__placement_mock_interview_score_avg_3m,0.788477,Increases Risk
S2442,Academic,1,numeric__engagement_events_attended_slope_3m,-0.88194,Reduces Risk
S2442,Academic,2,numeric__skills_tech_skills_score_avg_3m,-0.865107,Reduces Risk
S2442,Academic,3,numeric__placement_coding_score_avg_3m,0.709379,Increases Risk
S2442,Academic,4,numeric__placement_coding_score_slope_3m,-0.695773,Reduces Risk
S2442,Academic,5,numeric__academic_cgpa_current,0.621704,Increases Risk
S2443,Academic,1,numeric__placement_coding_score_slope_3m,-0.674914,Reduces Risk
S2443,Academic,2,numeric__placement_mock_interview_score_current,0.60734,Increases Risk
S2443,Academic,3,numeric__low_interview_flag,-0.579466,Reduces Risk
S2443,Academic,4,numeric__engagement_events_attended_slope_3m,-0.56355,Reduces Risk
S2443,Academic,5,numeric__engagement_hackathons_attended_std_3m,-0.55575,Reduces Risk
S2444,Academic,1,numeric__placement_coding_score_avg_3m,1.427793,Increases Risk
S2444,Academic,2,numeric__engagement_events_attended_slope_3m,1.34679,Increases Risk
S2444,Academic,3,numeric__academic_warning_score,1.191444,Increases Risk
S2444,Academic,4,numeric__skills_tech_skills_score_avg_3m,-1.129215,Reduces Risk
S2444,Academic,5,numeric__lms_assignment_completion_pct_avg_3m,-1.023322,Reduces Risk
S2445,Academic,1,numeric__lms_assignment_completion_pct_avg_3m,0.894503,Increases Risk
S2445,Academic,2,numeric__feedback_satisfaction_score_avg_3m,-0.75379,Reduces Risk
S2445,Academic,3,numeric__placement_coding_score_avg_3m,0.731339,Increases Risk
S2445,Academic,4,numeric__engagement_hackathons_attended_std_3m,0.676045,Increases Risk
S2445,Academic,5,numeric__skills_tech_skills_score_avg_3m,-0.637851,Reduces Risk
S2446,Academic,1,numeric__placement_aptitude_score_current,-1.391867,Reduces Risk
S2446,Academic,2,numeric__lms_assignment_completion_pct_avg_3m,-1.13237,Reduces Risk
S2446,Academic,3,numeric__skills_tech_skills_score_avg_3m,-1.049368,Reduces Risk
S2446,Academic,4,numeric__feedback_satisfaction_score_avg_3m,0.967603,Increases Risk
S2446,Academic,5,numeric__placement_coding_score_avg_3m,0.957216,Increases Risk
S2447,Academic,1,numeric__engagement_events_attended_slope_3m,0.71001,Increases Risk
S2447,Academic,2,numeric__placement_aptitude_score_current,0.597295,Increases Risk
S2447,Academic,3,numeric__engagement_hackathons_attended_std_3m,-0.55575,Reduces Risk
S2447,Academic,4,numeric__academic_warning_score,-0.535286,Reduces Risk
S2447,Academic,5,numeric__placement_coding_score_slope_3m,-0.487183,Reduces Risk
S2448,Academic,1,numeric__placement_aptitude_score_current,-1.446472,Reduces Risk
S2448,Academic,2,numeric__academic_warning_score,-0.933762,Reduces Risk
S2448,Academic,3,numeric__placement_aptitude_score_slope_3m,0.906447,Increases Risk
S2448,Academic,4,numeric__placement_aptitude_score_std_3m,-0.740409,Reduces Risk
S2448,Academic,5,numeric__academic_cgpa_current,0.70357,Increases Risk
S2449,Academic,1,numeric__placement_coding_score_avg_3m,-2.691323,Reduces Risk
S2449,Academic,2,numeric__skills_tech_skills_score_avg_3m,2.212057,Increases Risk
S2449,Academic,3,numeric__placement_aptitude_score_current,2.14182,Increases Risk
S2449,Academic,4,numeric__academic_cgpa_current,-1.663721,Reduces Risk
S2449,Academic,5,numeric__academic_warning_score,1.58992,Increases Risk
S2450,Academic,1,numeric__engagement_hackathons_attended_std_3m,1.907839,Increases Risk
S2450,Academic,2,numeric__academic_warning_score,0.792967,Increases Risk
S2450,Academic,3,numeric__academic_backlogs_slope_3m,0.781385,Increases Risk
S2450,Academic,4,numeric__academic_backlogs_avg_3m,-0.748902,Reduces Risk
S2450,Academic,5,numeric__engagement_events_attended_slope_3m,0.71001,Increases Risk
S2451,Academic,1,numeric__academic_warning_score,1.58992,Increases Risk
S2451,Academic,2,numeric__lms_assignment_completion_pct_avg_3m,-0.971169,Reduces Risk
S2451,Academic,3,numeric__attendance_overall_attendance_std_3m,0.805152,Increases Risk
S2451,Academic,4,numeric__attendance_declining_flag,-0.74125,Reduces Risk
S2451,Academic,5,numeric__feedback_faculty_rating_avg_3m,-0.653642,Reduces Risk
S2452,Academic,1,numeric__placement_coding_score_avg_3m,-1.474098,Reduces Risk
S2452,Academic,2,numeric__academic_warning_score,-0.933762,Reduces Risk
S2452,Academic,3,numeric__skills_tech_skills_score_avg_3m,0.667333,Increases Risk
S2452,Academic,4,numeric__engagement_events_attended_slope_3m,-0.56355,Reduces Risk
S2452,Academic,5,numeric__attendance_overall_attendance_std_3m,0.551727,Increases Risk
S2453,Academic,1,numeric__academic_warning_score,1.191444,Increases Risk
S2453,Academic,2,numeric__engagement_events_attended_slope_3m,1.0284,Increases Risk
S2453,Academic,3,numeric__placement_aptitude_score_current,-0.877025,Reduces Risk
S2453,Academic,4,numeric__placement_coding_score_slope_3m,0.74767,Increases Risk
S2453,Academic,5,numeric__attendance_declining_flag,-0.74125,Reduces Risk
S2454,Academic,1,numeric__feedback_satisfaction_score_avg_3m,0.777958,Increases Risk
S2454,Academic,2,numeric__placement_aptitude_score_current,-0.728813,Reduces Risk
S2454,Academic,3,numeric__engagement_events_attended_slope_3m,0.71001,Increases Risk
S2454,Academic,4,numeric__placement_coding_score_avg_3m,0.621538,Increases Risk
S2454,Academic,5,numeric__engagement_hackathons_attended_std_3m,-0.55575,Reduces Risk
S2455,Academic,1,numeric__feedback_satisfaction_score_current,0.802048,Increases Risk
S2455,Academic,2,numeric__skills_soft_skills_score_avg_3m,0.791179,Increases Risk
S2455,Academic,3,numeric__lms_assignment_completion_pct_avg_3m,0.723819,Increases Risk
S2455,Academic,4,numeric__feedback_satisfaction_score_avg_3m,-0.675987,Reduces Risk
S2455,Academic,5,numeric__academic_warning_score,-0.668112,Reduces Risk
S2456,Academic,1,numeric__engagement_events_attended_slope_3m,-1.20033,Reduces Risk
S2456,Academic,2,numeric__attendance_declining_flag,-0.74125,Reduces Risk
S2456,Academic,3,numeric__engagement_hackathons_attended_std_3m,0.676045,Increases Risk
S2456,Academic,4,numeric__placement_aptitude_score_current,0.456883,Increases Risk
S2456,Academic,5,numeric__placement_coding_score_avg_3m,-0.354125,Reduces Risk
S2457,Academic,1,numeric__placement_aptitude_score_current,1.143339,Increases Risk
S2457,Academic,2,numeric__lms_assignment_completion_pct_avg_3m,1.110229,Increases Risk
S2457,Academic,3,numeric__feedback_satisfaction_score_avg_3m,-0.943435,Reduces Risk
S2457,Academic,4,numeric__skills_tech_skills_score_avg_3m,0.903802,Increases Risk
S2457,Academic,5,numeric__placement_coding_score_avg_3m,-0.865485,Reduces Risk
S2458,Academic,1,numeric__academic_warning_score,-0.668112,Reduces Risk
S2458,Academic,2,numeric__placement_aptitude_score_slope_3m,-0.649047,Reduces Risk
S2458,Academic,3,numeric__academic_cgpa_current,0.553482,Increases Risk
S2458,Academic,4,numeric__placement_coding_score_avg_3m,0.521148,Increases Risk
S2458,Academic,5,numeric__feedback_faculty_rating_current,0.439436,Increases Risk
S2459,Academic,1,numeric__placement_aptitude_score_current,-1.337263,Reduces Risk
S2459,Academic,2,numeric__academic_cgpa_current,0.853657,Increases Risk
S2459,Academic,3,numeric__attendance_declining_flag,-0.74125,Reduces Risk
S2459,Academic,4,numeric__lms_assignment_completion_pct_avg_3m,0.738043,Increases Risk
S2459,Academic,5,numeric__skills_soft_skills_score_avg_3m,0.725697,Increases Risk
S2460,Academic,1,numeric__academic_warning_score,-0.933762,Reduces Risk
S2460,Academic,2,numeric__skills_tech_skills_score_avg_3m,-0.622496,Reduces Risk
S2460,Academic,3,numeric__lms_assignment_completion_pct_avg_3m,0.548394,Increases Risk
S2460,Academic,4,numeric__placement_coding_score_avg_3m,0.527423,Increases Risk
S2460,Academic,5,numeric__placement_aptitude_score_slope_3m,0.408046,Increases Risk
S2461,Academic,1,numeric__academic_warning_score,-0.933762,Reduces Risk
S2461,Academic,2,numeric__attendance_overall_attendance_std_3m,0.64904,Increases Risk
S2461,Academic,3,numeric__lms_assignment_completion_pct_avg_3m,-0.617948,Reduces Risk
S2461,Academic,4,numeric__placement_aptitude_score_current,-0.557199,Reduces Risk
S2461,Academic,5,numeric__placement_coding_score_avg_3m,0.546246,Increases Risk
S2462,Academic,1,numeric__placement_aptitude_score_current,1.244747,Increases Risk
S2462,Academic,2,numeric__lms_logins_per_week_slope_3m,1.01586,Increases Risk
S2462,Academic,3,numeric__skills_tech_skills_score_avg_3m,0.86695,Increases Risk
S2462,Academic,4,numeric__placement_coding_score_avg_3m,-0.758821,Reduces Risk
S2462,Academic,5,numeric__feedback_satisfaction_score_avg_3m,-0.656536,Reduces Risk
S2463,Academic,1,numeric__placement_coding_score_slope_3m,-0.516386,Reduces Risk
S2463,Academic,2,numeric__cgpa_declining_flag,0.487485,Increases Risk
S2463,Academic,3,numeric__skills_soft_skills_score_avg_3m,-0.424166,Reduces Risk
S2463,Academic,4,numeric__low_attendance_flag,-0.422933,Reduces Risk
S2463,Academic,5,numeric__placement_mock_interview_score_avg_3m,0.422901,Increases Risk
S2464,Academic,1,numeric__feedback_satisfaction_score_avg_3m,1.205875,Increases Risk
S2464,Academic,2,numeric__feedback_satisfaction_score_current,-1.038972,Reduces Risk
S2464,Academic,3,numeric__skills_soft_skills_score_avg_3m,-0.908732,Reduces Risk
S2464,Academic,4,numeric__lms_assignment_completion_pct_avg_3m,-0.890568,Reduces Risk
S2464,Academic,5,numeric__placement_mock_interview_score_avg_3m,0.802089,Increases Risk
S2465,Academic,1,numeric__placement_coding_score_avg_3m,1.393284,Increases Risk
S2465,Academic,2,numeric__lms_assignment_completion_pct_avg_3m,1.176606,Increases Risk
S2465,Academic,3,numeric__skills_soft_skills_score_avg_3m,1.168355,Increases Risk
S2465,Academic,4,numeric__placement_mock_interview_score_avg_3m,-1.095794,Reduces Risk
S2465,Academic,5,numeric__skills_tech_skills_score_avg_3m,-1.077008,Reduces Risk
S2466,Academic,1,numeric__placement_aptitude_score_current,-0.869225,Reduces Risk
S2466,Academic,2,numeric__academic_warning_score,0.792967,Increases Risk
S2466,Academic,3,numeric__lms_assignment_completion_pct_avg_3m,-0.620318,Reduces Risk
S2466,Academic,4,numeric__feedback_satisfaction_score_avg_3m,0.529961,Increases Risk
S2466,Academic,5,numeric__skills_tech_skills_score_avg_3m,-0.51501,Reduces Risk
S2467,Academic,1,numeric__academic_warning_score,1.058618,Increases Risk
S2467,Academic,2,numeric__attendance_declining_flag,-0.74125,Reduces Risk
S2467,Academic,3,numeric__placement_coding_score_avg_3m,-0.699214,Reduces Risk
S2467,Academic,4,numeric__engagement_hackathons_attended_std_3m,0.676045,Increases Risk
S2467,Academic,5,numeric__lms_logins_per_week_slope_3m,-0.641126,Reduces Risk
S2468,Academic,1,numeric__placement_coding_score_avg_3m,1.644258,Increases Risk
S2468,Academic,2,numeric__skills_tech_skills_score_avg_3m,-1.562229,Reduces Risk
S2468,Academic,3,numeric__skills_soft_skills_score_avg_3m,1.527195,Increases Risk
S2468,Academic,4,numeric__placement_mock_interview_score_avg_3m,-1.144408,Reduces Risk
S2468,Academic,5,numeric__lms_assignment_completion_pct_avg_3m,1.141047,Increases Risk
S2469,Academic,1,numeric__placement_coding_score_avg_3m,0.89761,Increases Risk
S2469,Academic,2,numeric__skills_tech_skills_score_avg_3m,-0.8129,Reduces Risk
S2469,Academic,3,numeric__academic_warning_score,-0.668112,Reduces Risk
S2469,Academic,4,numeric__engagement_events_attended_slope_3m,-0.56355,Reduces Risk
S2469,Academic,5,numeric__engagement_hackathons_attended_std_3m,-0.55575,Reduces Risk
S2470,Academic,1,numeric__academic_warning_score,-0.933762,Reduces Risk
S2470,Academic,2,numeric__placement_aptitude_score_current,0.924921,Increases Risk
S2470,Academic,3,numeric__skills_tech_skills_score_avg_3m,0.682688,Increases Risk
S2470,Academic,4,numeric__feedback_satisfaction_score_current,-0.634636,Reduces Risk
S2470,Academic,5,numeric__placement_aptitude_score_slope_3m,-0.560621,Reduces Risk
S2471,Academic,1,numeric__placement_aptitude_score_current,1.369557,Increases Risk
S2471,Academic,2,numeric__placement_coding_score_avg_3m,-0.994109,Reduces Risk
S2471,Academic,3,numeric__academic_warning_score,-0.933762,Reduces Risk
S2471,Academic,4,numeric__skills_tech_skills_score_avg_3m,0.673475,Increases Risk
S2471,Academic,5,numeric__attendance_overall_attendance_std_3m,0.640272,Increases Risk
S2472,Academic,1,numeric__placement_coding_score_avg_3m,0.778397,Increases Risk
S2472,Academic,2,numeric__skills_tech_skills_score_avg_3m,-0.75455,Reduces Risk
S2472,Academic,3,numeric__attendance_declining_flag,-0.74125,Reduces Risk
S2472,Academic,4,numeric__engagement_events_attended_slope_3m,0.71001,Increases Risk
S2472,Academic,5,numeric__academic_warning_score,0.660142,Increases Risk
S2473,Academic,1,numeric__skills_tech_skills_score_avg_3m,0.848523,Increases Risk
S2473,Academic,2,numeric__placement_coding_score_avg_3m,-0.739998,Reduces Risk
S2473,Academic,3,numeric__engagement_hackathons_attended_std_3m,0.511015,Increases Risk
S2473,Academic,4,numeric__cgpa_declining_flag,0.487485,Increases Risk
S2473,Academic,5,numeric__placement_coding_score_slope_3m,0.46816,Increases Risk
S2474,Academic,1,numeric__placement_coding_score_avg_3m,1.148584,Increases Risk
S2474,Academic,2,numeric__skills_tech_skills_score_avg_3m,-0.969522,Reduces Risk
S2474,Academic,3,numeric__placement_aptitude_score_current,-0.947231,Reduces Risk
S2474,Academic,4,categorical__department_CIVIL ENGINEERING,-0.580173,Reduces Risk
S2474,Academic,5,numeric__feedback_faculty_rating_avg_3m,-0.538817,Reduces Risk
S2475,Academic,1,numeric__academic_cgpa_missing,-6.777757,Reduces Risk
S2475,Academic,2,numeric__academic_backlogs_avg_3m,-0.955781,Reduces Risk
S2475,Academic,3,numeric__skills_tech_skills_score_avg_3m,-0.852823,Reduces Risk
S2475,Academic,4,numeric__attendance_declining_flag,-0.74125,Reduces Risk
S2475,Academic,5,numeric__engagement_strength,-0.699395,Reduces Risk
S2476,Academic,1,numeric__lms_assignment_completion_pct_avg_3m,1.060446,Increases Risk
S2476,Academic,2,numeric__skills_soft_skills_score_avg_3m,0.689027,Increases Risk
S2476,Academic,3,numeric__academic_warning_score,-0.668112,Reduces Risk
S2476,Academic,4,numeric__feedback_satisfaction_score_avg_3m,-0.661399,Reduces Risk
S2476,Academic,5,numeric__placement_mock_interview_score_avg_3m,-0.61549,Reduces Risk
S2477,Academic,1,numeric__attendance_overall_attendance_std_3m,1.386877,Increases Risk
S2477,Academic,2,numeric__academic_warning_score,1.191444,Increases Risk
S2477,Academic,3,numeric__attendance_declining_flag,-0.74125,Reduces Risk
S2477,Academic,4,numeric__placement_coding_score_slope_3m,-0.666571,Reduces Risk
S2477,Academic,5,numeric__lms_assignment_completion_pct_avg_3m,-0.629801,Reduces Risk
S2478,Academic,1,numeric__academic_warning_score,-0.933762,Reduces Risk
S2478,Academic,2,numeric__placement_coding_score_slope_3m,-0.658227,Reduces Risk
S2478,Academic,3,numeric__engagement_events_attended_slope_3m,-0.56355,Reduces Risk
S2478,Academic,4,numeric__engagement_hackathons_attended_std_3m,-0.55575,Reduces Risk
S2478,Academic,5,numeric__placement_coding_score_avg_3m,-0.460789,Reduces Risk
S2479,Academic,1,numeric__feedback_satisfaction_score_current,0.638593,Increases Risk
S2479,Academic,2,numeric__feedback_satisfaction_score_avg_3m,-0.520381,Reduces Risk
S2479,Academic,3,numeric__skills_soft_skills_score_avg_3m,0.508297,Increases Risk
S2479,Academic,4,numeric__lms_logins_per_week_slope_3m,0.506018,Increases Risk
S2479,Academic,5,numeric__cgpa_declining_flag,0.487485,Increases Risk
S2480,Academic,1,numeric__academic_warning_score,-0.933762,Reduces Risk
S2480,Academic,2,numeric__lms_assignment_completion_pct_avg_3m,0.887391,Increases Risk
S2480,Academic,3,numeric__feedback_satisfaction_score_avg_3m,-0.719752,Reduces Risk
S2480,Academic,4,numeric__feedback_faculty_rating_avg_3m,-0.665945,Reduces Risk
S2480,Academic,5,numeric__engagement_hackathons_attended_std_3m,-0.55575,Reduces Risk
S2481,Academic,1,numeric__engagement_events_attended_slope_3m,1.0284,Increases Risk
S2481,Academic,2,numeric__cgpa_declining_flag,0.487485,Increases Risk
S2481,Academic,3,numeric__placement_coding_score_avg_3m,0.486639,Increases Risk
S2481,Academic,4,numeric__feedback_satisfaction_score_avg_3m,-0.462029,Reduces Risk
S2481,Academic,5,numeric__placement_mock_interview_score_current,-0.443021,Reduces Risk
S2482,Academic,1,numeric__engagement_events_attended_slope_3m,-0.88194,Reduces Risk
S2482,Academic,2,numeric__placement_aptitude_score_current,0.566092,Increases Risk
S2482,Academic,3,numeric__academic_warning_score,-0.535286,Reduces Risk
S2482,Academic,4,numeric__placement_mock_interview_score_current,0.483988,Increases Risk
S2482,Academic,5,numeric__lms_assignment_completion_pct_avg_3m,-0.456746,Reduces Risk
S2483,Academic,1,numeric__skills_soft_skills_score_avg_3m,-1.092081,Reduces Risk
S2483,Academic,2,numeric__placement_mock_interview_score_current,0.958707,Increases Risk
S2483,Academic,3,numeric__academic_backlogs_avg_3m,-0.955781,Reduces Risk
S2483,Academic,4,numeric__placement_mock_interview_score_avg_3m,0.912929,Increases Risk
S2483,Academic,5,numeric__feedback_satisfaction_score_current,-0.780885,Reduces Risk
S2484,Academic,1,numeric__placement_coding_score_avg_3m,1.151721,Increases Risk
S2484,Academic,2,numeric__placement_aptitude_score_current,-1.134446,Reduces Risk
S2484,Academic,3,numeric__academic_cgpa_current,0.921879,Increases Risk
S2484,Academic,4,numeric__skills_tech_skills_score_avg_3m,-0.920385,Reduces Risk
S2484,Academic,5,numeric__skills_soft_skills_score_avg_3m,0.827849,Increases Risk
S2485,Academic,1,numeric__placement_coding_score_avg_3m,1.418381,Increases Risk
S2485,Academic,2,numeric__academic_cgpa_current,1.031034,Increases Risk
S2485,Academic,3,numeric__skills_tech_skills_score_avg_3m,-0.981806,Reduces Risk
S2485,Academic,4,numeric__academic_warning_score,-0.668112,Reduces Risk
S2485,Academic,5,numeric__engagement_hackathons_attended_std_3m,-0.55575,Reduces Risk
S2486,Academic,1,numeric__academic_cgpa_missing,-6.777757,Reduces Risk
S2486,Academic,2,numeric__attendance_declining_flag,-0.74125,Reduces Risk
S2486,Academic,3,numeric__placement_coding_score_slope_3m,0.601657,Increases Risk
S2486,Academic,4,numeric__placement_aptitude_score_current,0.589494,Increases Risk
S2486,Academic,5,categorical__department_CIVIL ENGINEERING,-0.580173,Reduces Risk
S2487,Academic,1,numeric__lms_assignment_completion_pct_avg_3m,1.167124,Increases Risk
S2487,Academic,2,numeric__placement_coding_score_avg_3m,-1.034893,Reduces Risk
S2487,Academic,3,numeric__academic_warning_score,-0.933762,Reduces Risk
S2487,Academic,4,numeric__skills_soft_skills_score_avg_3m,0.916904,Increases Risk
S2487,Academic,5,numeric__skills_tech_skills_score_avg_3m,0.851594,Increases Risk
S2488,Academic,1,numeric__skills_tech_skills_score_avg_3m,1.413592,Increases Risk
S2488,Academic,2,numeric__placement_coding_score_avg_3m,-1.176066,Reduces Risk
S2488,Academic,3,numeric__engagement_events_attended_slope_3m,0.71001,Increases Risk
S2488,Academic,4,numeric__skills_soft_skills_score_avg_3m,-0.707048,Reduces Risk
S2488,Academic,5,numeric__feedback_satisfaction_score_current,-0.591621,Reduces Risk
S2489,Academic,1,numeric__academic_warning_score,-0.933762,Reduces Risk
S2489,Academic,2,numeric__lms_assignment_completion_pct_avg_3m,0.847091,Increases Risk
S2489,Academic,3,numeric__lms_logins_per_week_slope_3m,0.760939,Increases Risk
S2489,Academic,4,numeric__engagement_events_attended_slope_3m,0.71001,Increases Risk
S2489,Academic,5,numeric__skills_tech_skills_score_avg_3m,0.661191,Increases Risk
S2490,Academic,1,numeric__academic_warning_score,1.058618,Increases Risk
S2490,Academic,2,numeric__academic_backlogs_avg_3m,-0.955781,Reduces Risk
S2490,Academic,3,numeric__skills_soft_skills_score_avg_3m,-0.853727,Reduces Risk
S2490,Academic,4,numeric__attendance_declining_flag,-0.74125,Reduces Risk
S2490,Academic,5,numeric__placement_aptitude_score_slope_3m,-0.588757,Reduces Risk
S2491,Academic,1,numeric__lms_assignment_completion_pct_avg_3m,0.861315,Increases Risk
S2491,Academic,2,numeric__attendance_declining_flag,-0.74125,Reduces Risk
S2491,Academic,3,numeric__engagement_events_attended_slope_3m,0.71001,Increases Risk
S2491,Academic,4,numeric__engagement_strength,-0.699395,Reduces Risk
S2491,Academic,5,numeric__engagement_hackathons_attended_current,0.677675,Increases Risk
S2492,Academic,1,numeric__engagement_hackathons_attended_std_3m,0.676045,Increases Risk
S2492,Academic,2,numeric__cgpa_declining_flag,0.487485,Increases Risk
S2492,Academic,3,numeric__skills_soft_skills_score_avg_3m,-0.471313,Reduces Risk
S2492,Academic,4,numeric__placement_aptitude_score_current,-0.432389,Reduces Risk
S2492,Academic,5,numeric__lms_assignment_completion_pct_avg_3m,0.432234,Increases Risk
S2493,Academic,1,numeric__academic_warning_score,-0.933762,Reduces Risk
S2493,Academic,2,numeric__placement_aptitude_score_current,0.612896,Increases Risk
S2493,Academic,3,numeric__engagement_hackathons_attended_std_3m,-0.55575,Reduces Risk
S2493,Academic,4,numeric__placement_aptitude_score_slope_3m,-0.488273,Reduces Risk
S2493,Academic,5,numeric__attendance_overall_attendance_std_3m,0.413418,Increases Risk
S2494,Academic,1,numeric__academic_backlogs_avg_3m,-0.955781,Reduces Risk
S2494,Academic,2,numeric__attendance_declining_flag,-0.74125,Reduces Risk
S2494,Academic,3,numeric__feedback_faculty_rating_current,0.491719,Increases Risk
S2494,Academic,4,numeric__academic_cgpa_current,-0.490309,Reduces Risk
S2494,Academic,5,numeric__cgpa_declining_flag,0.487485,Increases Risk
S2495,Academic,1,numeric__academic_warning_score,1.855571,Increases Risk
S2495,Academic,2,numeric__placement_aptitude_score_current,1.353956,Increases Risk
S2495,Academic,3,numeric__academic_cgpa_current,-1.288502,Reduces Risk
S2495,Academic,4,numeric__placement_coding_score_avg_3m,-1.232535,Reduces Risk
S2495,Academic,5,numeric__lms_assignment_completion_pct_avg_3m,-1.103923,Reduces Risk
S2496,Academic,1,numeric__placement_aptitude_score_current,-1.235855,Reduces Risk
S2496,Academic,2,numeric__feedback_satisfaction_score_avg_3m,0.821722,Increases Risk
S2496,Academic,3,numeric__academic_warning_score,0.792967,Increases Risk
S2496,Academic,4,numeric__attendance_declining_flag,-0.74125,Reduces Risk
S2496,Academic,5,numeric__academic_cgpa_current,0.730858,Increases Risk
S2497,Academic,1,numeric__placement_coding_score_avg_3m,-3.193272,Reduces Risk
S2497,Academic,2,numeric__skills_tech_skills_score_avg_3m,2.933748,Increases Risk
S2497,Academic,3,numeric__placement_aptitude_score_current,2.516251,Increases Risk
S2497,Academic,4,numeric__academic_cgpa_current,-2.345937,Reduces Risk
S2497,Academic,5,numeric__academic_warning_score,2.254047,Increases Risk
S2498,Academic,1,numeric__placement_aptitude_score_current,1.369557,Increases Risk
S2498,Academic,2,numeric__placement_coding_score_avg_3m,-0.852936,Reduces Risk
S2498,Academic,3,numeric__academic_cgpa_current,-0.790484,Reduces Risk
S2498,Academic,4,numeric__attendance_declining_flag,-0.74125,Reduces Risk
S2498,Academic,5,numeric__placement_mock_interview_score_current,0.682099,Increases Risk
S2499,Academic,1,numeric__skills_soft_skills_score_avg_3m,-1.372344,Reduces Risk
S2499,Academic,2,numeric__placement_mock_interview_score_avg_3m,1.329063,Increases Risk
S2499,Academic,3,numeric__placement_aptitude_score_current,1.260349,Increases Risk
S2499,Academic,4,numeric__placement_coding_score_avg_3m,-1.031755,Reduces Risk
S2499,Academic,5,numeric__placement_mock_interview_score_current,0.824141,Increases Risk
S2500,Academic,1,numeric__attendance_declining_flag,-0.74125,Reduces Risk
S2500,Academic,2,numeric__engagement_hackathons_attended_std_3m,0.676045,Increases Risk
S2500,Academic,3,numeric__academic_cgpa_current,0.635348,Increases Risk
S2500,Academic,4,numeric__skills_soft_skills_score_avg_3m,0.584256,Increases Risk
S2500,Academic,5,numeric__lms_assignment_completion_pct_avg_3m,0.543653,Increases Risk
S2501,Academic,1,numeric__academic_warning_score,1.58992,Increases Risk
S2501,Academic,2,numeric__lms_assignment_completion_pct_avg_3m,-1.483221,Reduces Risk
S2501,Academic,3,numeric__skills_soft_skills_score_avg_3m,-1.257096,Reduces Risk
S2501,Academic,4,numeric__feedback_satisfaction_score_avg_3m,0.948152,Increases Risk
S2501,Academic,5,numeric__placement_coding_score_avg_3m,-0.821564,Reduces Risk
S2502,Academic,1,numeric__attendance_declining_flag,-0.74125,Reduces Risk
S2502,Academic,2,numeric__placement_mock_interview_score_avg_3m,-0.687438,Reduces Risk
S2502,Academic,3,numeric__academic_warning_score,0.660142,Increases Risk
S2502,Academic,4,numeric__placement_aptitude_score_current,0.651899,Increases Risk
S2502,Academic,5,numeric__lms_logins_per_week_slope_3m,-0.641126,Reduces Risk
S2503,Academic,1,numeric__placement_coding_score_avg_3m,1.659944,Increases Risk
S2503,Academic,2,numeric__engagement_events_attended_slope_3m,-1.20033,Reduces Risk
S2503,Academic,3,numeric__skills_tech_skills_score_avg_3m,-1.141499,Reduces Risk
S2503,Academic,4,numeric__academic_warning_score,-0.933762,Reduces Risk
S2503,Academic,5,numeric__feedback_faculty_rating_avg_3m,-0.633138,Reduces Risk
S2504,Academic,1,numeric__placement_coding_score_avg_3m,1.007411,Increases Risk
S2504,Academic,2,numeric__skills_tech_skills_score_avg_3m,-0.788331,Reduces Risk
S2504,Academic,3,numeric__academic_warning_score,-0.668112,Reduces Risk
S2504,Academic,4,categorical__department_INFO TECH,0.662052,Increases Risk
S2504,Academic,5,numeric__placement_coding_score_slope_3m,-0.620681,Reduces Risk
S2505,Academic,1,numeric__academic_warning_score,-0.933762,Reduces Risk
S2505,Academic,2,numeric__attendance_overall_attendance_std_3m,0.785743,Increases Risk
S2505,Academic,3,numeric__skills_tech_skills_score_avg_3m,-0.696201,Reduces Risk
S2505,Academic,4,numeric__lms_assignment_completion_pct_avg_3m,0.564988,Increases Risk
S2505,Academic,5,numeric__feedback_satisfaction_score_avg_3m,-0.556851,Reduces Risk
S2506,Academic,1,numeric__placement_coding_score_avg_3m,1.383872,Increases Risk
S2506,Academic,2,numeric__skills_tech_skills_score_avg_3m,-0.997161,Reduces Risk
S2506,Academic,3,numeric__attendance_declining_flag,-0.74125,Reduces Risk
S2506,Academic,4,numeric__academic_warning_score,-0.535286,Reduces Risk
S2506,Academic,5,numeric__placement_coding_score_current,-0.451059,Reduces Risk
S2507,Academic,1,numeric__academic_cgpa_current,-1.404479,Reduces Risk
S2507,Academic,2,numeric__placement_aptitude_score_current,0.862516,Increases Risk
S2507,Academic,3,numeric__placement_coding_score_avg_3m,-0.79333,Reduces Risk
S2507,Academic,4,numeric__skills_tech_skills_score_avg_3m,0.719541,Increases Risk
S2507,Academic,5,numeric__feedback_faculty_rating_avg_3m,0.63404,Increases Risk
S2508,Academic,1,numeric__placement_aptitude_score_current,-0.853623,Reduces Risk
S2508,Academic,2,numeric__lms_assignment_completion_pct_avg_3m,0.579212,Increases Risk
S2508,Academic,3,numeric__placement_mock_interview_score_avg_3m,-0.555209,Reduces Risk
S2508,Academic,4,numeric__academic_cgpa_current,0.553482,Increases Risk
S2508,Academic,5,numeric__cgpa_declining_flag,0.487485,Increases Risk
S2509,Academic,1,numeric__placement_coding_score_avg_3m,-2.503092,Reduces Risk
S2509,Academic,2,numeric__skills_tech_skills_score_avg_3m,1.772901,Increases Risk
S2509,Academic,3,numeric__lms_assignment_completion_pct_avg_3m,1.354402,Increases Risk
S2509,Academic,4,numeric__placement_aptitude_score_current,1.338355,Increases Risk
S2509,Academic,5,numeric__placement_coding_score_current,1.009109,Increases Risk
S2510,Academic,1,numeric__academic_warning_score,0.792967,Increases Risk
S2510,Academic,2,numeric__attendance_declining_flag,-0.74125,Reduces Risk
S2510,Academic,3,numeric__engagement_hackathons_attended_std_3m,-0.55575,Reduces Risk
S2510,Academic,4,numeric__cgpa_declining_flag,0.487485,Increases Risk
S2510,Academic,5,numeric__placement_coding_score_slope_3m,-0.483011,Reduces Risk
S2511,Academic,1,numeric__placement_coding_score_slope_3m,0.806076,Increases Risk
S2511,Academic,2,numeric__placement_mock_interview_score_avg_3m,-0.794389,Reduces Risk
S2511,Academic,3,numeric__lms_assignment_completion_pct_avg_3m,0.759378,Increases Risk
S2511,Academic,4,numeric__attendance_declining_flag,-0.74125,Reduces Risk
S2511,Academic,5,numeric__academic_cgpa_current,0.689925,Increases Risk
S2512,Academic,1,numeric__placement_aptitude_score_current,-0.830222,Reduces Risk
S2512,Academic,2,numeric__attendance_declining_flag,-0.74125,Reduces Risk
S2512,Academic,3,numeric__academic_cgpa_current,0.689925,Increases Risk
S2512,Academic,4,numeric__academic_warning_score,0.660142,Increases Risk
S2512,Academic,5,numeric__lms_assignment_completion_pct_avg_3m,-0.542088,Reduces Risk
S2513,Academic,1,numeric__skills_tech_skills_score_avg_3m,-1.162996,Reduces Risk
S2513,Academic,2,numeric__skills_soft_skills_score_avg_3m,0.830468,Increases Risk
S2513,Academic,3,numeric__placement_aptitude_score_current,-0.744415,Reduces Risk
S2513,Academic,4,numeric__attendance_declining_flag,-0.74125,Reduces Risk
S2513,Academic,5,numeric__placement_coding_score_avg_3m,0.712516,Increases Risk
S2514,Academic,1,numeric__academic_backlogs_avg_3m,-0.955781,Reduces Risk
S2514,Academic,2,numeric__placement_coding_score_avg_3m,-0.93764,Reduces Risk
S2514,Academic,3,numeric__skills_tech_skills_score_avg_3m,0.68883,Increases Risk
S2514,Academic,4,numeric__engagement_hackathons_attended_std_3m,-0.55575,Reduces Risk
S2514,Academic,5,numeric__placement_coding_score_slope_3m,0.405583,Increases Risk
S2515,Academic,1,numeric__placement_coding_score_avg_3m,1.732099,Increases Risk
S2515,Academic,2,numeric__skills_tech_skills_score_avg_3m,-1.424033,Reduces Risk
S2515,Academic,3,numeric__academic_cgpa_current,0.853657,Increases Risk
S2515,Academic,4,numeric__placement_aptitude_score_current,-0.760016,Reduces Risk
S2515,Academic,5,numeric__skills_soft_skills_score_avg_3m,0.552825,Increases Risk
S2516,Academic,1,numeric__academic_warning_score,-0.668112,Reduces Risk
S2516,Academic,2,numeric__engagement_club_participations_avg_3m,0.539738,Increases Risk
S2516,Academic,3,numeric__lms_logins_per_week_slope_3m,-0.513666,Reduces Risk
S2516,Academic,4,numeric__academic_cgpa_current,0.430683,Increases Risk
S2516,Academic,5,categorical__department_ECE,0.346156,Increases Risk
S2517,Academic,1,numeric__academic_warning_score,-0.933762,Reduces Risk
S2517,Academic,2,numeric__lms_logins_per_week_slope_3m,0.760939,Increases Risk
S2517,Academic,3,numeric__lms_assignment_completion_pct_avg_3m,0.754637,Increases Risk
S2517,Academic,4,numeric__skills_tech_skills_score_avg_3m,-0.613283,Reduces Risk
S2517,Academic,5,numeric__skills_soft_skills_score_avg_3m,0.526632,Increases Risk
S2518,Academic,1,numeric__placement_coding_score_avg_3m,1.496811,Increases Risk
S2518,Academic,2,numeric__skills_tech_skills_score_avg_3m,-1.11386,Reduces Risk
S2518,Academic,3,numeric__academic_cgpa_current,0.805902,Increases Risk
S2518,Academic,4,numeric__placement_aptitude_score_slope_3m,-0.773648,Reduces Risk
S2518,Academic,5,numeric__feedback_faculty_rating_avg_3m,-0.739761,Reduces Risk
S2519,Academic,1,numeric__feedback_satisfaction_score_avg_3m,-0.93371,Reduces Risk
S2519,Academic,2,numeric__skills_soft_skills_score_avg_3m,0.877615,Increases Risk
S2519,Academic,3,numeric__attendance_declining_flag,-0.74125,Reduces Risk
S2519,Academic,4,numeric__placement_coding_score_slope_3m,-0.666571,Reduces Risk
S2519,Academic,5,numeric__lms_logins_per_week_slope_3m,-0.641126,Reduces Risk
S2520,Academic,1,numeric__lms_assignment_completion_pct_avg_3m,1.325955,Increases Risk
S2520,Academic,2,numeric__feedback_satisfaction_score_avg_3m,-1.283824,Reduces Risk
S2520,Academic,3,numeric__placement_coding_score_avg_3m,1.08584,Increases Risk
S2520,Academic,4,numeric__placement_mock_interview_score_avg_3m,-0.990789,Reduces Risk
S2520,Academic,5,numeric__academic_warning_score,-0.933762,Reduces Risk
S2521,Academic,1,numeric__academic_warning_score,1.58992,Increases Risk
S2521,Academic,2,numeric__lms_assignment_completion_pct_avg_3m,-1.376544,Reduces Risk
S2521,Academic,3,numeric__placement_coding_score_avg_3m,1.195642,Increases Risk
S2521,Academic,4,numeric__skills_tech_skills_score_avg_3m,-1.095434,Reduces Risk
S2521,Academic,5,numeric__feedback_satisfaction_score_avg_3m,0.982191,Increases Risk
S2522,Academic,1,numeric__academic_warning_score,1.58992,Increases Risk
S2522,Academic,2,numeric__placement_coding_score_avg_3m,1.242699,Increases Risk
S2522,Academic,3,numeric__skills_tech_skills_score_avg_3m,-1.040155,Reduces Risk
S2522,Academic,4,numeric__lms_assignment_completion_pct_avg_3m,-0.933239,Reduces Risk
S2522,Academic,5,numeric__placement_aptitude_score_current,-0.767816,Reduces Risk
S2523,Academic,1,numeric__feedback_faculty_rating_current,-0.488582,Reduces Risk
S2523,Academic,2,numeric__cgpa_declining_flag,0.487485,Increases Risk
S2523,Academic,3,numeric__feedback_satisfaction_score_avg_3m,-0.379363,Reduces Risk
S2523,Academic,4,numeric__attendance_overall_attendance_std_3m,-0.367447,Reduces Risk
S2523,Academic,5,numeric__feedback_faculty_rating_avg_3m,-0.354277,Reduces Risk
S2524,Academic,1,numeric__academic_warning_score,-0.933762,Reduces Risk
S2524,Academic,2,numeric__placement_coding_score_avg_3m,-0.739998,Reduces Risk
S2524,Academic,3,numeric__placement_coding_score_slope_3m,-0.649883,Reduces Risk
S2524,Academic,4,numeric__feedback_faculty_rating_avg_3m,0.646343,Increases Risk
S2524,Academic,5,numeric__engagement_events_attended_slope_3m,-0.56355,Reduces Risk
S2525,Academic,1,numeric__feedback_satisfaction_score_avg_3m,-1.13308,Reduces Risk
S2525,Academic,2,numeric__academic_warning_score,0.925793,Increases Risk
S2525,Academic,3,numeric__academic_backlogs_slope_3m,0.781385,Increases Risk
S2525,Academic,4,numeric__academic_backlogs_avg_3m,-0.748902,Reduces Risk
S2525,Academic,5,numeric__attendance_declining_flag,-0.74125,Reduces Risk
S2526,Academic,1,numeric__engagement_hackathons_attended_std_3m,1.073761,Increases Risk
S2526,Academic,2,numeric__engagement_hackathons_attended_current,1.034347,Increases Risk
S2526,Academic,3,numeric__placement_aptitude_score_current,-0.916029,Reduces Risk
S2526,Academic,4,numeric__feedback_satisfaction_score_avg_3m,0.8898,Increases Risk
S2526,Academic,5,numeric__feedback_satisfaction_score_current,-0.875517,Reduces Risk
S2527,Academic,1,numeric__lms_assignment_completion_pct_avg_3m,0.780714,Increases Risk
S2527,Academic,2,numeric__attendance_declining_flag,-0.74125,Reduces Risk
S2527,Academic,3,numeric__skills_tech_skills_score_avg_3m,0.612055,Increases Risk
S2527,Academic,4,numeric__engagement_hackathons_attended_std_3m,-0.55575,Reduces Risk
S2527,Academic,5,numeric__placement_coding_score_avg_3m,-0.554904,Reduces Risk
S2528,Academic,1,numeric__placement_aptitude_score_current,1.174542,Increases Risk
S2528,Academic,2,numeric__placement_coding_score_avg_3m,-0.686666,Reduces Risk
S2528,Academic,3,numeric__placement_mock_interview_score_avg_3m,0.660137,Increases Risk
S2528,Academic,4,numeric__attendance_overall_attendance_std_3m,0.624339,Increases Risk
S2528,Academic,5,numeric__academic_cgpa_current,-0.592641,Reduces Risk
S2529,Academic,1,numeric__placement_coding_score_avg_3m,1.619161,Increases Risk
S2529,Academic,2,numeric__skills_soft_skills_score_avg_3m,1.43814,Increases Risk
S2529,Academic,3,numeric__skills_tech_skills_score_avg_3m,-1.347257,Reduces Risk
S2529,Academic,4,numeric__placement_mock_interview_score_avg_3m,-1.206634,Reduces Risk
S2529,Academic,5,numeric__lms_assignment_completion_pct_avg_3m,1.174235,Increases Risk
S2530,Academic,1,numeric__academic_warning_score,1.988396,Increases Risk
S2530,Academic,2,numeric__attendance_overall_attendance_std_3m,1.825351,Increases Risk
S2530,Academic,3,numeric__academic_cgpa_std_3m,-1.117686,Reduces Risk
S2530,Academic,4,numeric__engagement_events_attended_slope_3m,1.0284,Increases Risk
S2530,Academic,5,numeric__lms_logins_per_week_slope_3m,-0.896047,Reduces Risk
S2531,Academic,1,numeric__academic_warning_score,-0.933762,Reduces Risk
S2531,Academic,2,numeric__placement_coding_score_slope_3m,0.643375,Increases Risk
S2531,Academic,3,numeric__academic_cgpa_current,0.594415,Increases Risk
S2531,Academic,4,numeric__placement_coding_score_avg_3m,-0.482749,Reduces Risk
S2531,Academic,5,numeric__attendance_declining_flag,0.333026,Increases Risk
S2532,Academic,1,numeric__academic_backlogs_avg_3m,-0.955781,Reduces Risk
S2532,Academic,2,numeric__attendance_declining_flag,-0.74125,Reduces Risk
S2532,Academic,3,numeric__feedback_satisfaction_score_missing,-0.713384,Reduces Risk
S2532,Academic,4,numeric__engagement_events_attended_slope_3m,0.71001,Increases Risk
S2532,Academic,5,numeric__attendance_overall_attendance_std_3m,0.567467,Increases Risk
S2533,Academic,1,numeric__academic_warning_score,1.988396,Increases Risk
S2533,Academic,2,numeric__lms_assignment_completion_pct_avg_3m,-1.668129,Reduces Risk
S2533,Academic,3,numeric__skills_soft_skills_score_avg_3m,-0.995168,Reduces Risk
S2533,Academic,4,numeric__academic_backlogs_avg_3m,-0.955781,Reduces Risk
S2533,Academic,5,numeric__placement_aptitude_score_current,0.854716,Increases Risk
S2534,Academic,1,numeric__placement_coding_score_avg_3m,1.104663,Increases Risk
S2534,Academic,2,numeric__skills_tech_skills_score_avg_3m,-1.101576,Reduces Risk
S2534,Academic,3,numeric__attendance_declining_flag,-0.74125,Reduces Risk
S2534,Academic,4,numeric__academic_cgpa_current,0.648992,Increases Risk
S2534,Academic,5,numeric__placement_coding_score_current,-0.515956,Reduces Risk
S2535,Academic,1,numeric__placement_coding_score_avg_3m,-2.377605,Reduces Risk
S2535,Academic,2,numeric__skills_tech_skills_score_avg_3m,1.966376,Increases Risk
S2535,Academic,3,numeric__placement_aptitude_score_current,1.221345,Increases Risk
S2535,Academic,4,numeric__feedback_satisfaction_score_avg_3m,-1.011513,Reduces Risk
S2535,Academic,5,numeric__placement_coding_score_current,0.784922,Increases Risk
S2536,Academic,1,numeric__lms_assignment_completion_pct_avg_3m,-1.457144,Reduces Risk
S2536,Academic,2,numeric__academic_warning_score,1.191444,Increases Risk
S2536,Academic,3,numeric__feedback_satisfaction_score_avg_3m,0.923839,Increases Risk
S2536,Academic,4,numeric__engagement_events_attended_slope_3m,-0.88194,Reduces Risk
S2536,Academic,5,numeric__placement_aptitude_score_current,-0.799019,Reduces Risk
S2537,Academic,1,numeric__placement_coding_score_avg_3m,1.302306,Increases Risk
S2537,Academic,2,numeric__lms_assignment_completion_pct_avg_3m,0.99881,Increases Risk
S2537,Academic,3,numeric__skills_soft_skills_score_avg_3m,0.927381,Increases Risk
S2537,Academic,4,numeric__engagement_strength,-0.862678,Reduces Risk
S2537,Academic,5,numeric__skills_tech_skills_score_avg_3m,-0.800616,Reduces Risk
S2538,Academic,1,numeric__placement_coding_score_avg_3m,-2.835633,Reduces Risk
S2538,Academic,2,numeric__skills_tech_skills_score_avg_3m,2.282691,Increases Risk
S2538,Academic,3,numeric__academic_cgpa_current,-1.343079,Reduces Risk
S2538,Academic,4,numeric__placement_aptitude_score_current,1.104336,Increases Risk
S2538,Academic,5,numeric__lms_logins_per_week_slope_3m,-1.023508,Reduces Risk
S2539,Academic,1,numeric__academic_cgpa_current,-0.926927,Reduces Risk
S2539,Academic,2,numeric__academic_backlogs_slope_3m,0.781385,Increases Risk
S2539,Academic,3,numeric__feedback_satisfaction_score_missing,-0.713384,Reduces Risk
S2539,Academic,4,numeric__feedback_satisfaction_score_avg_3m,-0.637086,Reduces Risk
S2539,Academic,5,numeric__academic_warning_score,0.527317,Increases Risk
S2540,Academic,1,numeric__academic_cgpa_current,0.805902,Increases Risk
S2540,Academic,2,numeric__engagement_hackathons_attended_current,0.677675,Increases Risk
S2540,Academic,3,numeric__academic_warning_score,-0.668112,Reduces Risk
S2540,Academic,4,numeric__skills_soft_skills_score_avg_3m,0.584256,Increases Risk
S2540,Academic,5,numeric__placement_mock_interview_score_current,-0.555159,Reduces Risk
S2541,Academic,1,numeric__lms_assignment_completion_pct_avg_3m,1.081782,Increases Risk
S2541,Academic,2,numeric__academic_warning_score,-0.933762,Reduces Risk
S2541,Academic,3,numeric__placement_coding_score_avg_3m,-0.7149,Reduces Risk
S2541,Academic,4,numeric__skills_soft_skills_score_avg_3m,0.529251,Increases Risk
S2541,Academic,5,numeric__skills_tech_skills_score_avg_3m,0.498427,Increases Risk
S2542,Academic,1,numeric__academic_warning_score,0.925793,Increases Risk
S2542,Academic,2,numeric__lms_assignment_completion_pct_avg_3m,-0.871603,Reduces Risk
S2542,Academic,3,numeric__attendance_overall_attendance_avg_3m,0.712288,Increases Risk
S2542,Academic,4,numeric__engagement_events_attended_slope_3m,0.71001,Increases Risk
S2542,Academic,5,numeric__academic_cgpa_current,-0.497131,Reduces Risk
S2543,Academic,1,numeric__placement_coding_score_avg_3m,1.707002,Increases Risk
S2543,Academic,2,numeric__skills_tech_skills_score_avg_3m,-1.080079,Reduces Risk
S2543,Academic,3,numeric__placement_mock_interview_score_avg_3m,-1.02968,Reduces Risk
S2543,Academic,4,numeric__academic_warning_score,-0.933762,Reduces Risk
S2543,Academic,5,numeric__skills_soft_skills_score_avg_3m,0.909046,Increases Risk
S2544,Academic,1,numeric__placement_coding_score_avg_3m,-2.703872,Reduces Risk
S2544,Academic,2,numeric__skills_tech_skills_score_avg_3m,1.941807,Increases Risk
S2544,Academic,3,numeric__placement_aptitude_score_current,1.884399,Increases Risk
S2544,Academic,4,numeric__academic_backlogs_avg_3m,-1.576418,Reduces Risk
S2544,Academic,5,numeric__academic_cgpa_current,-1.063371,Reduces Risk
S2545,Academic,1,numeric__feedback_satisfaction_score_avg_3m,1.77481,Increases Risk
S2545,Academic,2,numeric__feedback_satisfaction_score_current,-1.322868,Reduces Risk
S2545,Academic,3,numeric__lms_assignment_completion_pct_avg_3m,-1.186895,Reduces Risk
S2545,Academic,4,numeric__placement_mock_interview_score_avg_3m,0.971265,Increases Risk
S2545,Academic,5,numeric__skills_soft_skills_score_avg_3m,-0.809199,Reduces Risk
S2546,Academic,1,numeric__academic_cgpa_current,-0.995149,Reduces Risk
S2546,Academic,2,numeric__placement_coding_score_avg_3m,-0.846662,Reduces Risk
S2546,Academic,3,numeric__academic_warning_score,0.792967,Increases Risk
S2546,Academic,4,numeric__attendance_declining_flag,-0.74125,Reduces Risk
S2546,Academic,5,numeric__skills_tech_skills_score_avg_3m,0.581345,Increases Risk
S2547,Academic,1,numeric__placement_coding_score_avg_3m,1.380735,Increases Risk
S2547,Academic,2,numeric__skills_tech_skills_score_avg_3m,-1.015587,Reduces Risk
S2547,Academic,3,numeric__lms_assignment_completion_pct_avg_3m,0.941915,Increases Risk
S2547,Academic,4,numeric__academic_warning_score,-0.933762,Reduces Risk
S2547,Academic,5,numeric__lms_logins_per_week_slope_3m,0.760939,Increases Risk
S2548,Academic,1,numeric__placement_coding_score_avg_3m,-1.232535,Reduces Risk
S2548,Academic,2,numeric__lms_assignment_completion_pct_avg_3m,1.164753,Increases Risk
S2548,Academic,3,numeric__skills_tech_skills_score_avg_3m,1.106489,Increases Risk
S2548,Academic,4,numeric__feedback_satisfaction_score_avg_3m,-0.982337,Reduces Risk
S2548,Academic,5,numeric__feedback_satisfaction_score_current,0.810651,Increases Risk
S2549,Academic,1,numeric__skills_soft_skills_score_avg_3m,1.18669,Increases Risk
S2549,Academic,2,numeric__placement_mock_interview_score_avg_3m,-0.981066,Reduces Risk
S2549,Academic,3,numeric__placement_coding_score_avg_3m,0.89761,Increases Risk
S2549,Academic,4,numeric__skills_tech_skills_score_avg_3m,-0.760692,Reduces Risk
S2549,Academic,5,numeric__academic_cgpa_current,0.70357,Increases Risk
S2550,Academic,1,numeric__feedback_satisfaction_score_avg_3m,1.220463,Increases Risk
S2550,Academic,2,numeric__lms_assignment_completion_pct_avg_3m,-1.201118,Reduces Risk
S2550,Academic,3,numeric__feedback_satisfaction_score_current,-0.875517,Reduces Risk
S2550,Academic,4,numeric__academic_cgpa_current,0.840013,Increases Risk
S2550,Academic,5,numeric__placement_aptitude_score_current,-0.783418,Reduces Risk
S2551,Academic,1,numeric__attendance_declining_flag,-0.74125,Reduces Risk
S2551,Academic,2,numeric__placement_coding_score_avg_3m,0.693693,Increases Risk
S2551,Academic,3,numeric__academic_cgpa_current,0.683103,Increases Risk
S2551,Academic,4,numeric__skills_soft_skills_score_avg_3m,0.660215,Increases Risk
S2551,Academic,5,numeric__skills_tech_skills_score_avg_3m,-0.656277,Reduces Risk
S2552,Academic,1,numeric__engagement_events_attended_slope_3m,1.34679,Increases Risk
S2552,Academic,2,numeric__placement_coding_score_slope_3m,-0.858473,Reduces Risk
S2552,Academic,3,numeric__engagement_strength,-0.753823,Reduces Risk
S2552,Academic,4,numeric__lms_assignment_completion_pct_avg_3m,0.591065,Increases Risk
S2552,Academic,5,numeric__engagement_hackathons_attended_std_3m,-0.55575,Reduces Risk
S2553,Academic,1,numeric__placement_coding_score_avg_3m,-1.543116,Reduces Risk
S2553,Academic,2,numeric__skills_tech_skills_score_avg_3m,1.43816,Increases Risk
S2553,Academic,3,numeric__feedback_faculty_rating_avg_3m,0.978515,Increases Risk
S2553,Academic,4,numeric__placement_mock_interview_score_avg_3m,0.772921,Increases Risk
S2553,Academic,5,numeric__low_technical_skill_flag,0.768011,Increases Risk
S2554,Academic,1,numeric__lms_assignment_completion_pct_avg_3m,-1.24616,Reduces Risk
S2554,Academic,2,numeric__academic_cgpa_current,0.928701,Increases Risk
S2554,Academic,3,numeric__feedback_satisfaction_score_avg_3m,0.670979,Increases Risk
S2554,Academic,4,numeric__feedback_faculty_rating_avg_3m,-0.649541,Reduces Risk
S2554,Academic,5,numeric__lms_assignment_completion_pct_current,0.595186,Increases Risk
S2555,Academic,1,numeric__feedback_satisfaction_score_avg_3m,-1.02367,Reduces Risk
S2555,Academic,2,numeric__skills_tech_skills_score_avg_3m,-0.951096,Reduces Risk
S2555,Academic,3,numeric__skills_soft_skills_score_avg_3m,0.872376,Increases Risk
S2555,Academic,4,numeric__placement_mock_interview_score_avg_3m,-0.7905,Reduces Risk
S2555,Academic,5,numeric__placement_coding_score_avg_3m,0.731339,Increases Risk
S2556,Academic,1,numeric__placement_coding_score_avg_3m,-1.191752,Reduces Risk
S2556,Academic,2,numeric__attendance_declining_flag,-0.74125,Reduces Risk
S2556,Academic,3,numeric__engagement_events_attended_slope_3m,0.71001,Increases Risk
S2556,Academic,4,numeric__feedback_satisfaction_score_current,0.62999,Increases Risk
S2556,Academic,5,numeric__feedback_satisfaction_score_avg_3m,-0.622498,Reduces Risk
S2557,Academic,1,numeric__academic_cgpa_missing,-6.777757,Reduces Risk
S2557,Academic,2,numeric__skills_soft_skills_score_avg_3m,-0.895635,Reduces Risk
S2557,Academic,3,numeric__attendance_declining_flag,-0.74125,Reduces Risk
S2557,Academic,4,numeric__placement_aptitude_score_current,0.6597,Increases Risk
S2557,Academic,5,numeric__placement_mock_interview_score_avg_3m,0.629024,Increases Risk
S2558,Academic,1,numeric__attendance_declining_flag,-0.74125,Reduces Risk
S2558,Academic,2,numeric__cgpa_declining_flag,0.487485,Increases Risk
S2558,Academic,3,numeric__engagement_events_attended_slope_3m,0.39162,Increases Risk
S2558,Academic,4,numeric__skills_tech_skills_score_avg_3m,0.335663,Increases Risk
S2558,Academic,5,numeric__engagement_hackathons_attended_current,0.321004,Increases Risk
S2559,Academic,1,numeric__academic_warning_score,1.58992,Increases Risk
S2559,Academic,2,numeric__placement_coding_score_avg_3m,0.787808,Increases Risk
S2559,Academic,3,numeric__lms_logins_per_week_slope_3m,-0.768587,Reduces Risk
S2559,Academic,4,numeric__placement_aptitude_score_current,-0.767816,Reduces Risk
S2559,Academic,5,numeric__attendance_declining_flag,-0.74125,Reduces Risk
S2560,Academic,1,numeric__academic_warning_score,-0.933762,Reduces Risk
S2560,Academic,2,numeric__feedback_satisfaction_score_missing,-0.713384,Reduces Risk
S2560,Academic,3,numeric__placement_coding_score_avg_3m,-0.59255,Reduces Risk
S2560,Academic,4,numeric__engagement_strength,-0.481685,Reduces Risk
S2560,Academic,5,numeric__skills_tech_skills_score_avg_3m,0.394012,Increases Risk
S2561,Academic,1,numeric__feedback_satisfaction_score_avg_3m,0.850898,Increases Risk
S2561,Academic,2,numeric__placement_mock_interview_score_avg_3m,0.770976,Increases Risk
S2561,Academic,3,numeric__skills_soft_skills_score_avg_3m,-0.756814,Reduces Risk
S2561,Academic,4,numeric__lms_assignment_completion_pct_avg_3m,-0.712772,Reduces Risk
S2561,Academic,5,numeric__placement_coding_score_avg_3m,-0.702352,Reduces Risk
S2562,Academic,1,numeric__skills_soft_skills_score_avg_3m,1.178832,Increases Risk
S2562,Academic,2,numeric__placement_mock_interview_score_avg_3m,-1.05107,Reduces Risk
S2562,Academic,3,numeric__feedback_satisfaction_score_avg_3m,-0.909397,Reduces Risk
S2562,Academic,4,numeric__placement_mock_interview_score_current,-0.891573,Reduces Risk
S2562,Academic,5,numeric__attendance_declining_flag,-0.74125,Reduces Risk
S2563,Academic,1,numeric__feedback_satisfaction_score_avg_3m,0.675841,Increases Risk
S2563,Academic,2,numeric__engagement_events_attended_slope_3m,-0.56355,Reduces Risk
S2563,Academic,3,numeric__academic_warning_score,-0.535286,Reduces Risk
S2563,Academic,4,numeric__engagement_hackathons_attended_std_3m,0.511015,Increases Risk
S2563,Academic,5,numeric__lms_logins_per_week_slope_3m,0.506018,Increases Risk
S2564,Academic,1,numeric__feedback_satisfaction_score_avg_3m,-1.065003,Reduces Risk
S2564,Academic,2,numeric__lms_assignment_completion_pct_avg_3m,0.975104,Increases Risk
S2564,Academic,3,numeric__academic_backlogs_avg_3m,-0.955781,Reduces Risk
S2564,Academic,4,numeric__engagement_events_attended_slope_3m,0.71001,Increases Risk
S2564,Academic,5,numeric__feedback_satisfaction_score_current,0.612785,Increases Risk
S2565,Academic,1,numeric__lms_logins_per_week_slope_3m,-0.896047,Reduces Risk
S2565,Academic,2,numeric__skills_tech_skills_score_avg_3m,0.802458,Increases Risk
S2565,Academic,3,numeric__engagement_events_attended_slope_3m,0.71001,Increases Risk
S2565,Academic,4,numeric__placement_coding_score_avg_3m,-0.564316,Reduces Risk
S2565,Academic,5,numeric__attendance_overall_attendance_std_3m,-0.520433,Reduces Risk
S2566,Academic,1,numeric__placement_aptitude_score_current,-0.947231,Reduces Risk
S2566,Academic,2,numeric__skills_soft_skills_score_avg_3m,0.927381,Increases Risk
S2566,Academic,3,numeric__placement_mock_interview_score_avg_3m,-0.860504,Reduces Risk
S2566,Academic,4,numeric__placement_mock_interview_score_current,-0.618704,Reduces Risk
S2566,Academic,5,numeric__engagement_hackathons_attended_std_3m,-0.55575,Reduces Risk
S2567,Academic,1,numeric__feedback_satisfaction_score_avg_3m,-0.889946,Reduces Risk
S2567,Academic,2,numeric__skills_tech_skills_score_avg_3m,-0.865107,Reduces Risk
S2567,Academic,3,numeric__placement_coding_score_avg_3m,0.765848,Increases Risk
S2567,Academic,4,numeric__attendance_declining_flag,-0.74125,Reduces Risk
S2567,Academic,5,numeric__placement_mock_interview_score_avg_3m,-0.708828,Reduces Risk
S2568,Academic,1,numeric__skills_soft_skills_score_avg_3m,1.063584,Increases Risk
S2568,Academic,2,numeric__lms_assignment_completion_pct_avg_3m,0.982216,Increases Risk
S2568,Academic,3,numeric__placement_mock_interview_score_avg_3m,-0.977177,Reduces Risk
S2568,Academic,4,numeric__placement_mock_interview_score_current,-0.771959,Reduces Risk
S2568,Academic,5,numeric__placement_aptitude_score_current,-0.604003,Reduces Risk
S2569,Academic,1,numeric__feedback_satisfaction_score_avg_3m,0.773095,Increases Risk
S2569,Academic,2,numeric__lms_assignment_completion_pct_avg_3m,-0.696178,Reduces Risk
S2569,Academic,3,numeric__engagement_events_attended_slope_3m,-0.56355,Reduces Risk
S2569,Academic,4,numeric__skills_tech_skills_score_avg_3m,-0.558005,Reduces Risk
S2569,Academic,5,numeric__academic_warning_score,-0.535286,Reduces Risk
S2570,Academic,1,numeric__feedback_satisfaction_score_avg_3m,-1.084453,Reduces Risk
S2570,Academic,2,numeric__placement_aptitude_score_current,-0.923829,Reduces Risk
S2570,Academic,3,numeric__academic_cgpa_current,0.819546,Increases Risk
S2570,Academic,4,numeric__placement_coding_score_avg_3m,0.77526,Increases Risk
S2570,Academic,5,numeric__attendance_declining_flag,-0.74125,Reduces Risk
S2571,Academic,1,numeric__placement_coding_score_avg_3m,-1.687426,Reduces Risk
S2571,Academic,2,numeric__skills_soft_skills_score_avg_3m,-1.686657,Reduces Risk
S2571,Academic,3,numeric__placement_aptitude_score_current,1.634779,Increases Risk
S2571,Academic,4,numeric__placement_mock_interview_score_avg_3m,1.354342,Increases Risk
S2571,Academic,5,numeric__skills_tech_skills_score_avg_3m,1.16791,Increases Risk
S2572,Academic,1,numeric__placement_coding_score_avg_3m,-2.465446,Reduces Risk
S2572,Academic,2,numeric__skills_tech_skills_score_avg_3m,1.990944,Increases Risk
S2572,Academic,3,numeric__placement_aptitude_score_current,1.244747,Increases Risk
S2572,Academic,4,numeric__skills_soft_skills_score_avg_3m,-0.992549,Reduces Risk
S2572,Academic,5,numeric__academic_warning_score,-0.933762,Reduces Risk
S2573,Academic,1,numeric__lms_logins_per_week_missing,-1.54038,Reduces Risk
S2573,Academic,2,numeric__placement_aptitude_score_slope_3m,-0.725415,Reduces Risk
S2573,Academic,3,numeric__skills_tech_skills_score_avg_3m,-0.711556,Reduces Risk
S2573,Academic,4,numeric__academic_warning_score,-0.668112,Reduces Risk
S2573,Academic,5,numeric__placement_coding_score_avg_3m,0.630949,Increases Risk
S2574,Academic,1,numeric__placement_coding_score_avg_3m,-1.734483,Reduces Risk
S2574,Academic,2,numeric__lms_assignment_completion_pct_avg_3m,1.072299,Increases Risk
S2574,Academic,3,numeric__feedback_satisfaction_score_avg_3m,-1.069865,Reduces Risk
S2574,Academic,4,numeric__academic_backlogs_avg_3m,-0.955781,Reduces Risk
S2574,Academic,5,numeric__skills_tech_skills_score_avg_3m,0.937583,Increases Risk
S2575,Academic,1,numeric__skills_soft_skills_score_avg_3m,-0.937544,Reduces Risk
S2575,Academic,2,numeric__placement_aptitude_score_current,0.846915,Increases Risk
S2575,Academic,3,numeric__attendance_declining_flag,-0.74125,Reduces Risk
S2575,Academic,4,numeric__placement_coding_score_slope_3m,-0.654055,Reduces Risk
S2575,Academic,5,numeric__placement_mock_interview_score_avg_3m,0.607634,Increases Risk
S2576,Academic,1,numeric__feedback_satisfaction_score_avg_3m,-1.176845,Reduces Risk
S2576,Academic,2,numeric__skills_soft_skills_score_avg_3m,0.96929,Increases Risk
S2576,Academic,3,numeric__feedback_satisfaction_score_current,0.750431,Increases Risk
S2576,Academic,4,numeric__placement_mock_interview_score_avg_3m,-0.720496,Reduces Risk
S2576,Academic,5,numeric__placement_mock_interview_score_current,-0.611228,Reduces Risk
S2577,Academic,1,numeric__skills_soft_skills_score_avg_3m,1.377897,Increases Risk
S2577,Academic,2,numeric__lms_assignment_completion_pct_avg_3m,1.304619,Increases Risk
S2577,Academic,3,numeric__feedback_satisfaction_score_avg_3m,-1.24006,Reduces Risk
S2577,Academic,4,numeric__placement_coding_score_avg_3m,1.223876,Increases Risk
S2577,Academic,5,numeric__placement_mock_interview_score_avg_3m,-1.154131,Reduces Risk
S2578,Academic,1,numeric__placement_aptitude_score_current,1.27595,Increases Risk
S2578,Academic,2,numeric__academic_cgpa_current,-1.015615,Reduces Risk
S2578,Academic,3,numeric__academic_backlogs_avg_3m,-0.955781,Reduces Risk
S2578,Academic,4,numeric__academic_warning_score,0.925793,Increases Risk
S2578,Academic,5,numeric__lms_logins_per_week_slope_3m,-0.768587,Reduces Risk
S2579,Academic,1,numeric__placement_coding_score_avg_3m,-2.744655,Reduces Risk
S2579,Academic,2,numeric__skills_tech_skills_score_avg_3m,2.27962,Increases Risk
S2579,Academic,3,numeric__placement_aptitude_score_current,1.03413,Increases Risk
S2579,Academic,4,numeric__feedback_faculty_rating_avg_3m,1.031827,Increases Risk
S2579,Academic,5,numeric__academic_warning_score,-0.933762,Reduces Risk
S2580,Academic,1,numeric__attendance_overall_attendance_std_3m,1.31101,Increases Risk
S2580,Academic,2,numeric__engagement_hackathons_attended_std_3m,1.291942,Increases Risk
S2580,Academic,3,numeric__placement_aptitude_score_current,-1.033038,Reduces Risk
S2580,Academic,4,numeric__attendance_declining_flag,-0.74125,Reduces Risk
S2580,Academic,5,numeric__academic_cgpa_current,0.710392,Increases Risk
S2581,Academic,1,numeric__placement_coding_score_avg_3m,1.43093,Increases Risk
S2581,Academic,2,numeric__lms_assignment_completion_pct_avg_3m,1.157641,Increases Risk
S2581,Academic,3,numeric__placement_aptitude_score_current,-0.947231,Reduces Risk
S2581,Academic,4,numeric__feedback_satisfaction_score_avg_3m,-0.870495,Reduces Risk
S2581,Academic,5,numeric__placement_mock_interview_score_current,-0.783173,Reduces Risk
S2582,Academic,1,numeric__placement_coding_score_avg_3m,-0.969012,Reduces Risk
S2582,Academic,2,numeric__placement_aptitude_score_current,0.956124,Increases Risk
S2582,Academic,3,numeric__skills_tech_skills_score_avg_3m,0.673475,Increases Risk
S2582,Academic,4,numeric__feedback_faculty_rating_avg_3m,0.646343,Increases Risk
S2582,Academic,5,numeric__placement_mock_interview_score_current,0.64472,Increases Risk
S2583,Academic,1,numeric__academic_backlogs_slope_3m,0.781385,Increases Risk
S2583,Academic,2,numeric__skills_soft_skills_score_avg_3m,0.759747,Increases Risk
S2583,Academic,3,numeric__attendance_declining_flag,-0.74125,Reduces Risk
S2583,Academic,4,numeric__placement_mock_interview_score_avg_3m,-0.63688,Reduces Risk
S2583,Academic,5,numeric__placement_coding_score_avg_3m,-0.623922,Reduces Risk
S2584,Academic,1,numeric__feedback_satisfaction_score_avg_3m,1.500068,Increases Risk
S2584,Academic,2,numeric__placement_coding_score_avg_3m,-1.323513,Reduces Risk
S2584,Academic,3,numeric__skills_tech_skills_score_avg_3m,1.201691,Increases Risk
S2584,Academic,4,numeric__lms_assignment_completion_pct_avg_3m,-0.999616,Reduces Risk
S2584,Academic,5,numeric__academic_warning_score,-0.933762,Reduces Risk
S2585,Academic,1,numeric__skills_soft_skills_score_avg_3m,1.239075,Increases Risk
S2585,Academic,2,numeric__placement_mock_interview_score_avg_3m,-1.189133,Reduces Risk
S2585,Academic,3,numeric__engagement_hackathons_attended_std_3m,1.073761,Increases Risk
S2585,Academic,4,numeric__lms_assignment_completion_pct_avg_3m,1.031999,Increases Risk
S2585,Academic,5,numeric__placement_mock_interview_score_current,-0.932691,Reduces Risk
S2586,Academic,1,numeric__placement_coding_score_avg_3m,1.123486,Increases Risk
S2586,Academic,2,numeric__academic_cgpa_current,1.112899,Increases Risk
S2586,Academic,3,numeric__placement_aptitude_score_current,-0.93943,Reduces Risk
S2586,Academic,4,numeric__academic_warning_score,-0.933762,Reduces Risk
S2586,Academic,5,numeric__skills_tech_skills_score_avg_3m,-0.926527,Reduces Risk
S2587,Academic,1,numeric__skills_soft_skills_score_avg_3m,-1.35139,Reduces Risk
S2587,Academic,2,numeric__placement_coding_score_avg_3m,-1.110185,Reduces Risk
S2587,Academic,3,numeric__placement_mock_interview_score_avg_3m,0.963487,Increases Risk
S2587,Academic,4,numeric__skills_tech_skills_score_avg_3m,0.949867,Increases Risk
S2587,Academic,5,numeric__placement_aptitude_score_current,0.948323,Increases Risk
S2588,Academic,1,numeric__lms_assignment_completion_pct_avg_3m,1.178977,Increases Risk
S2588,Academic,2,numeric__placement_coding_score_avg_3m,1.154858,Increases Risk
S2588,Academic,3,numeric__skills_tech_skills_score_avg_3m,-1.11386,Reduces Risk
S2588,Academic,4,numeric__skills_soft_skills_score_avg_3m,1.105492,Increases Risk
S2588,Academic,5,numeric__placement_mock_interview_score_avg_3m,-0.913006,Reduces Risk
S2589,Academic,1,numeric__academic_warning_score,-0.933762,Reduces Risk
S2589,Academic,2,numeric__feedback_satisfaction_score_avg_3m,-0.870495,Reduces Risk
S2589,Academic,3,numeric__lms_assignment_completion_pct_avg_3m,0.84472,Increases Risk
S2589,Academic,4,numeric__academic_cgpa_current,-0.742729,Reduces Risk
S2589,Academic,5,numeric__engagement_events_attended_slope_3m,0.71001,Increases Risk
S2590,Academic,1,numeric__skills_soft_skills_score_avg_3m,1.18407,Increases Risk
S2590,Academic,2,numeric__feedback_satisfaction_score_avg_3m,-1.021238,Reduces Risk
S2590,Academic,3,numeric__placement_mock_interview_score_avg_3m,-0.802167,Reduces Risk
S2590,Academic,4,numeric__lms_assignment_completion_pct_avg_3m,0.6124,Increases Risk
S2590,Academic,5,numeric__feedback_satisfaction_score_current,0.586976,Increases Risk
S2591,Academic,1,numeric__placement_mock_interview_score_avg_3m,0.650414,Increases Risk
S2591,Academic,2,numeric__academic_warning_score,-0.535286,Reduces Risk
S2591,Academic,3,numeric__skills_tech_skills_score_std_3m,0.535179,Increases Risk
S2591,Academic,4,numeric__skills_soft_skills_score_avg_3m,-0.521079,Reduces Risk
S2591,Academic,5,numeric__engagement_club_participations_avg_3m,-0.510847,Reduces Risk
S2592,Academic,1,numeric__academic_warning_score,-0.933762,Reduces Risk
S2592,Academic,2,numeric__feedback_satisfaction_score_current,0.913886,Increases Risk
S2592,Academic,3,numeric__feedback_satisfaction_score_avg_3m,-0.899671,Reduces Risk
S2592,Academic,4,numeric__academic_cgpa_current,0.819546,Increases Risk
S2592,Academic,5,numeric__lms_assignment_completion_pct_avg_3m,0.662183,Increases Risk
S2593,Academic,1,numeric__lms_assignment_completion_pct_avg_3m,1.1529,Increases Risk
S2593,Academic,2,numeric__feedback_satisfaction_score_avg_3m,-1.045552,Reduces Risk
S2593,Academic,3,numeric__academic_backlogs_avg_3m,-0.955781,Reduces Risk
S2593,Academic,4,numeric__skills_soft_skills_score_avg_3m,0.953574,Increases Risk
S2593,Academic,5,numeric__attendance_declining_flag,-0.74125,Reduces Risk
S2594,Academic,1,numeric__skills_soft_skills_score_avg_3m,1.320273,Increases Risk
S2594,Academic,2,numeric__feedback_satisfaction_score_avg_3m,-1.026101,Reduces Risk
S2594,Academic,3,numeric__placement_mock_interview_score_avg_3m,-0.944119,Reduces Risk
S2594,Academic,4,numeric__placement_mock_interview_score_current,-0.816815,Reduces Risk
S2594,Academic,5,numeric__academic_warning_score,0.792967,Increases Risk
S2595,Academic,1,numeric__placement_coding_score_avg_3m,1.518771,Increases Risk
S2595,Academic,2,numeric__attendance_overall_attendance_std_3m,1.37351,Increases Risk
S2595,Academic,3,numeric__skills_tech_skills_score_avg_3m,-1.341115,Reduces Risk
S2595,Academic,4,numeric__skills_soft_skills_score_avg_3m,1.317653,Increases Risk
S2595,Academic,5,numeric__academic_warning_score,1.191444,Increases Risk
S2596,Academic,1,numeric__feedback_satisfaction_score_avg_3m,1.777241,Increases Risk
S2596,Academic,2,numeric__lms_assignment_completion_pct_avg_3m,-1.490333,Reduces Risk
S2596,Academic,3,numeric__academic_warning_score,1.324269,Increases Risk
S2596,Academic,4,numeric__feedback_satisfaction_score_current,-1.193825,Reduces Risk
S2596,Academic,5,numeric__attendance_overall_attendance_avg_3m,0.83225,Increases Risk
S2597,Academic,1,numeric__placement_coding_score_avg_3m,1.355638,Increases Risk
S2597,Academic,2,numeric__skills_tech_skills_score_avg_3m,-1.273553,Reduces Risk
S2597,Academic,3,numeric__academic_cgpa_current,0.983278,Increases Risk
S2597,Academic,4,numeric__feedback_satisfaction_score_avg_3m,0.972466,Increases Risk
S2597,Academic,5,numeric__academic_warning_score,-0.933762,Reduces Risk
S2598,Academic,1,numeric__feedback_satisfaction_score_avg_3m,0.70988,Increases Risk
S2598,Academic,2,numeric__lms_logins_per_week_slope_3m,0.633479,Increases Risk
S2598,Academic,3,numeric__skills_soft_skills_score_avg_3m,-0.623231,Reduces Risk
S2598,Academic,4,numeric__engagement_strength,0.606868,Increases Risk
S2598,Academic,5,numeric__academic_cgpa_current,-0.565353,Reduces Risk
S2599,Academic,1,numeric__academic_warning_score,1.58992,Increases Risk
S2599,Academic,2,numeric__lms_assignment_completion_pct_avg_3m,-0.987763,Reduces Risk
S2599,Academic,3,numeric__skills_tech_skills_score_avg_3m,-0.828255,Reduces Risk
S2599,Academic,4,numeric__academic_backlogs_slope_3m,0.781385,Increases Risk
S2599,Academic,5,numeric__attendance_declining_flag,-0.74125,Reduces Risk
S2600,Academic,1,numeric__academic_backlogs_avg_3m,-1.576418,Reduces Risk
S2600,Academic,2,numeric__placement_coding_score_avg_3m,1.029371,Increases Risk
S2600,Academic,3,numeric__lms_assignment_completion_pct_avg_3m,0.915839,Increases Risk
S2600,Academic,4,numeric__skills_tech_skills_score_avg_3m,-0.901959,Reduces Risk
S2600,Academic,5,numeric__academic_cgpa_current,0.744503,Increases Risk
S2601,Academic,1,numeric__academic_cgpa_current,0.567126,Increases Risk
S2601,Academic,2,numeric__engagement_hackathons_attended_std_3m,0.511015,Increases Risk
S2601,Academic,3,numeric__lms_assignment_completion_pct_avg_3m,-0.489934,Reduces Risk
S2601,Academic,4,numeric__cgpa_declining_flag,0.487485,Increases Risk
S2601,Academic,5,numeric__placement_aptitude_score_current,0.456883,Increases Risk
S2602,Academic,1,numeric__placement_aptitude_score_current,-1.079842,Reduces Risk
S2602,Academic,2,numeric__academic_warning_score,1.058618,Increases Risk
S2602,Academic,3,numeric__lms_logins_per_week_slope_3m,-1.023508,Reduces Risk
S2602,Academic,4,numeric__placement_mock_interview_score_avg_3m,-0.89745,Reduces Risk
S2602,Academic,5,numeric__skills_soft_skills_score_avg_3m,0.89595,Increases Risk
S2603,Academic,1,numeric__lms_logins_per_week_missing,-1.54038,Reduces Risk
S2603,Academic,2,numeric__placement_coding_score_avg_3m,-1.524292,Reduces Risk
S2603,Academic,3,numeric__engagement_events_attended_slope_3m,1.34679,Increases Risk
S2603,Academic,4,numeric__academic_cgpa_current,-1.02926,Reduces Risk
S2603,Academic,5,numeric__skills_tech_skills_score_avg_3m,0.925299,Increases Risk
S2604,Academic,1,numeric__academic_warning_score,-0.933762,Reduces Risk
S2604,Academic,2,numeric__placement_aptitude_score_current,-0.869225,Reduces Risk
S2604,Academic,3,numeric__academic_cgpa_current,0.833191,Increases Risk
S2604,Academic,4,numeric__skills_soft_skills_score_avg_3m,0.683788,Increases Risk
S2604,Academic,5,numeric__placement_coding_score_slope_3m,0.614173,Increases Risk
S2605,Academic,1,numeric__lms_logins_per_week_slope_3m,1.01586,Increases Risk
S2605,Academic,2,numeric__academic_warning_score,-0.933762,Reduces Risk
S2605,Academic,3,numeric__placement_coding_score_avg_3m,0.731339,Increases Risk
S2605,Academic,4,numeric__feedback_satisfaction_score_current,0.500947,Increases Risk
S2605,Academic,5,numeric__skills_tech_skills_score_avg_3m,-0.441306,Reduces Risk
S2606,Academic,1,numeric__attendance_overall_attendance_std_3m,1.256933,Increases Risk
S2606,Academic,2,numeric__attendance_declining_flag,-0.74125,Reduces Risk
S2606,Academic,3,numeric__placement_aptitude_score_current,0.722105,Increases Risk
S2606,Academic,4,numeric__engagement_strength,-0.59054,Reduces Risk
S2606,Academic,5,numeric__engagement_hackathons_attended_std_3m,-0.55575,Reduces Risk
S2607,Academic,1,numeric__skills_soft_skills_score_avg_3m,1.129065,Increases Risk
S2607,Academic,2,numeric__feedback_satisfaction_score_avg_3m,-0.904534,Reduces Risk
S2607,Academic,3,numeric__placement_mock_interview_score_avg_3m,-0.903284,Reduces Risk
S2607,Academic,4,numeric__engagement_hackathons_attended_std_3m,0.676045,Increases Risk
S2607,Academic,5,numeric__placement_coding_score_slope_3m,0.610001,Increases Risk
S2608,Academic,1,numeric__placement_mock_interview_score_avg_3m,-1.097739,Reduces Risk
S2608,Academic,2,numeric__lms_assignment_completion_pct_avg_3m,1.07704,Increases Risk
S2608,Academic,3,numeric__skills_soft_skills_score_avg_3m,0.977147,Increases Risk
S2608,Academic,4,numeric__feedback_satisfaction_score_avg_3m,-0.948298,Reduces Risk
S2608,Academic,5,numeric__engagement_events_attended_slope_3m,0.71001,Increases Risk
S2609,Academic,1,numeric__placement_coding_score_avg_3m,-0.749409,Reduces Risk
S2609,Academic,2,numeric__skills_tech_skills_score_avg_3m,0.734896,Increases Risk
S2609,Academic,3,numeric__placement_aptitude_score_current,0.698703,Increases Risk
S2609,Academic,4,numeric__academic_warning_score,-0.668112,Reduces Risk
S2609,Academic,5,numeric__placement_coding_score_slope_3m,-0.553932,Reduces Risk
S2610,Academic,1,numeric__skills_soft_skills_score_avg_3m,0.691646,Increases Risk
S2610,Academic,2,numeric__placement_mock_interview_score_avg_3m,-0.553264,Reduces Risk
S2610,Academic,3,numeric__cgpa_declining_flag,0.487485,Increases Risk
S2610,Academic,4,numeric__attendance_overall_attendance_std_3m,0.482475,Increases Risk
S2610,Academic,5,numeric__placement_mock_interview_score_current,-0.4804,Reduces Risk
S2611,Academic,1,numeric__engagement_hackathons_attended_std_3m,1.073761,Increases Risk
S2611,Academic,2,numeric__lms_assignment_completion_pct_avg_3m,0.645589,Increases Risk
S2611,Academic,3,numeric__attendance_overall_attendance_avg_3m,-0.525019,Reduces Risk
S2611,Academic,4,numeric__attendance_overall_attendance_std_3m,-0.489814,Reduces Risk
S2611,Academic,5,numeric__cgpa_declining_flag,0.487485,Increases Risk
S2612,Academic,1,numeric__lms_logins_per_week_slope_3m,1.270781,Increases Risk
S2612,Academic,2,numeric__academic_warning_score,-0.933762,Reduces Risk
S2612,Academic,3,numeric__placement_coding_score_avg_3m,0.900747,Increases Risk
S2612,Academic,4,numeric__skills_tech_skills_score_avg_3m,-0.60407,Reduces Risk
S2612,Academic,5,numeric__feedback_satisfaction_score_current,-0.531401,Reduces Risk
S2613,Academic,1,numeric__placement_coding_score_avg_3m,-1.361159,Reduces Risk
S2613,Academic,2,numeric__skills_tech_skills_score_avg_3m,1.177123,Increases Risk
S2613,Academic,3,numeric__academic_warning_score,-0.933762,Reduces Risk
S2613,Academic,4,numeric__skills_soft_skills_score_avg_3m,-0.811819,Reduces Risk
S2613,Academic,5,numeric__placement_mock_interview_score_avg_3m,0.732085,Increases Risk
S2614,Academic,1,numeric__academic_backlogs_avg_3m,-1.783297,Reduces Risk
S2614,Academic,2,numeric__academic_warning_score,1.58992,Increases Risk
S2614,Academic,3,numeric__placement_coding_score_avg_3m,-1.361159,Reduces Risk
S2614,Academic,4,numeric__academic_cgpa_current,-1.12477,Reduces Risk
S2614,Academic,5,numeric__placement_aptitude_score_current,1.119937,Increases Risk
S2615,Academic,1,numeric__skills_tech_skills_score_avg_3m,-1.605223,Reduces Risk
S2615,Academic,2,numeric__placement_coding_score_avg_3m,1.600338,Increases Risk
S2615,Academic,3,numeric__academic_warning_score,-0.933762,Reduces Risk
S2615,Academic,4,numeric__placement_aptitude_score_current,-0.80682,Reduces Risk
S2615,Academic,5,numeric__feedback_satisfaction_score_avg_3m,0.729331,Increases Risk
S2616,Academic,1,numeric__feedback_satisfaction_score_avg_3m,0.685567,Increases Risk
S2616,Academic,2,numeric__feedback_satisfaction_score_current,-0.55721,Reduces Risk
S2616,Academic,3,numeric__engagement_hackathons_attended_std_3m,-0.55575,Reduces Risk
S2616,Academic,4,numeric__lms_assignment_completion_pct_avg_3m,-0.466228,Reduces Risk
S2616,Academic,5,numeric__placement_aptitude_score_current,-0.44799,Reduces Risk
S2617,Academic,1,numeric__academic_warning_score,1.988396,Increases Risk
S2617,Academic,2,numeric__lms_assignment_completion_pct_avg_3m,-0.878715,Reduces Risk
S2617,Academic,3,numeric__attendance_declining_flag,-0.74125,Reduces Risk
S2617,Academic,4,numeric__academic_cgpa_current,-0.71544,Reduces Risk
S2617,Academic,5,numeric__lms_logins_per_week_slope_3m,-0.641126,Reduces Risk
S2618,Academic,1,numeric__engagement_events_attended_slope_3m,0.71001,Increases Risk
S2618,Academic,2,numeric__placement_coding_score_avg_3m,-0.686666,Reduces Risk
S2618,Academic,3,numeric__skills_tech_skills_score_avg_3m,0.673475,Increases Risk
S2618,Academic,4,numeric__academic_warning_score,-0.535286,Reduces Risk
S2618,Academic,5,numeric__attendance_overall_attendance_std_3m,-0.528516,Reduces Risk
S2619,Academic,1,numeric__placement_coding_score_avg_3m,0.778397,Increases Risk
S2619,Academic,2,numeric__skills_tech_skills_score_avg_3m,-0.708485,Reduces Risk
S2619,Academic,3,numeric__feedback_satisfaction_score_current,0.50955,Increases Risk
S2619,Academic,4,numeric__cgpa_declining_flag,0.487485,Increases Risk
S2619,Academic,5,numeric__feedback_satisfaction_score_avg_3m,-0.403676,Reduces Risk
S2620,Academic,1,numeric__placement_coding_score_avg_3m,1.339952,Increases Risk
S2620,Academic,2,numeric__skills_tech_skills_score_avg_3m,-0.997161,Reduces Risk
S2620,Academic,3,numeric__feedback_satisfaction_score_avg_3m,0.695292,Increases Risk
S2620,Academic,4,numeric__engagement_hackathons_attended_current,0.677675,Increases Risk
S2620,Academic,5,numeric__lms_assignment_completion_pct_avg_3m,-0.636912,Reduces Risk
S2621,Academic,1,numeric__skills_tech_skills_score_avg_3m,-1.153783,Reduces Risk
S2621,Academic,2,numeric__placement_coding_score_avg_3m,0.96349,Increases Risk
S2621,Academic,3,numeric__academic_warning_score,-0.668112,Reduces Risk
S2621,Academic,4,numeric__skills_soft_skills_score_avg_3m,0.623545,Increases Risk
S2621,Academic,5,numeric__engagement_events_attended_slope_3m,-0.56355,Reduces Risk
S2622,Academic,1,numeric__academic_warning_score,1.722745,Increases Risk
S2622,Academic,2,numeric__feedback_satisfaction_score_avg_3m,1.08917,Increases Risk
S2622,Academic,3,numeric__lms_assignment_completion_pct_avg_3m,-1.047028,Reduces Risk
S2622,Academic,4,numeric__academic_backlogs_slope_3m,0.781385,Increases Risk
S2622,Academic,5,numeric__attendance_declining_flag,-0.74125,Reduces Risk
S2623,Academic,1,numeric__placement_coding_score_avg_3m,1.082703,Increases Risk
S2623,Academic,2,numeric__academic_backlogs_avg_3m,-0.955781,Reduces Risk
S2623,Academic,3,numeric__skills_tech_skills_score_avg_3m,-0.8129,Reduces Risk
S2623,Academic,4,numeric__academic_cgpa_current,0.717214,Increases Risk
S2623,Academic,5,numeric__lms_logins_per_week_slope_3m,-0.641126,Reduces Risk
S2624,Academic,1,numeric__academic_cgpa_current,1.112899,Increases Risk
S2624,Academic,2,numeric__placement_aptitude_score_current,-0.986234,Reduces Risk
S2624,Academic,3,numeric__placement_coding_score_slope_3m,-0.720804,Reduces Risk
S2624,Academic,4,numeric__skills_tech_skills_score_avg_3m,-0.60407,Reduces Risk
S2624,Academic,5,numeric__engagement_events_attended_slope_3m,-0.56355,Reduces Risk
S2625,Academic,1,numeric__attendance_declining_flag,-0.74125,Reduces Risk
S2625,Academic,2,numeric__skills_soft_skills_score_avg_3m,-0.707048,Reduces Risk
S2625,Academic,3,numeric__attendance_overall_attendance_std_3m,0.687376,Increases Risk
S2625,Academic,4,numeric__feedback_satisfaction_score_avg_3m,0.670979,Increases Risk
S2625,Academic,5,numeric__placement_coding_score_avg_3m,-0.614511,Reduces Risk
S2626,Academic,1,numeric__academic_cgpa_current,1.065144,Increases Risk
S2626,Academic,2,numeric__academic_warning_score,-0.933762,Reduces Risk
S2626,Academic,3,numeric__placement_aptitude_score_current,-0.923829,Reduces Risk
S2626,Academic,4,numeric__feedback_satisfaction_score_avg_3m,0.568862,Increases Risk
S2626,Academic,5,numeric__placement_coding_score_slope_3m,-0.520558,Reduces Risk
S2627,Academic,1,numeric__placement_coding_score_avg_3m,1.69759,Increases Risk
S2627,Academic,2,numeric__skills_tech_skills_score_avg_3m,-1.356471,Reduces Risk
S2627,Academic,3,numeric__feedback_satisfaction_score_avg_3m,0.821722,Increases Risk
S2627,Academic,4,numeric__feedback_faculty_rating_avg_3m,-0.723357,Reduces Risk
S2627,Academic,5,numeric__engagement_hackathons_attended_current,0.677675,Increases Risk
S2628,Academic,1,numeric__skills_tech_skills_score_avg_3m,-0.622496,Reduces Risk
S2628,Academic,2,numeric__attendance_overall_attendance_std_3m,-0.563256,Reduces Risk
S2628,Academic,3,numeric__engagement_hackathons_attended_std_3m,-0.55575,Reduces Risk
S2628,Academic,4,numeric__feedback_satisfaction_score_avg_3m,-0.510656,Reduces Risk
S2628,Academic,5,numeric__placement_mock_interview_score_avg_3m,-0.436591,Reduces Risk
S2629,Academic,1,numeric__lms_assignment_completion_pct_avg_3m,-2.258411,Reduces Risk
S2629,Academic,2,numeric__academic_warning_score,1.58992,Increases Risk
S2629,Academic,3,numeric__placement_coding_score_avg_3m,-1.464686,Reduces Risk
S2629,Academic,4,numeric__lms_assignment_completion_pct_current,1.320599,Increases Risk
S2629,Academic,5,numeric__skills_soft_skills_score_avg_3m,-1.293766,Reduces Risk
S2630,Academic,1,numeric__placement_coding_score_avg_3m,-1.417628,Reduces Risk
S2630,Academic,2,numeric__skills_tech_skills_score_avg_3m,1.04814,Increases Risk
S2630,Academic,3,numeric__skills_soft_skills_score_avg_3m,-0.958498,Reduces Risk
S2630,Academic,4,numeric__placement_mock_interview_score_avg_3m,0.936263,Increases Risk
S2630,Academic,5,numeric__placement_aptitude_score_current,0.862516,Increases Risk
S2631,Academic,1,numeric__placement_coding_score_avg_3m,1.14231,Increases Risk
S2631,Academic,2,numeric__skills_soft_skills_score_avg_3m,0.985005,Increases Risk
S2631,Academic,3,numeric__skills_tech_skills_score_avg_3m,-0.892746,Reduces Risk
S2631,Academic,4,numeric__attendance_declining_flag,-0.74125,Reduces Risk
S2631,Academic,5,numeric__placement_aptitude_score_current,-0.658608,Reduces Risk
S2632,Academic,1,numeric__academic_backlogs_slope_3m,0.781385,Increases Risk
S2632,Academic,2,numeric__feedback_satisfaction_score_avg_3m,-0.73434,Reduces Risk
S2632,Academic,3,numeric__attendance_overall_attendance_std_3m,-0.518867,Reduces Risk
S2632,Academic,4,numeric__academic_cgpa_current,-0.517598,Reduces Risk
S2632,Academic,5,numeric__placement_mock_interview_score_current,-0.495352,Reduces Risk
S2633,Academic,1,numeric__attendance_declining_flag,-0.74125,Reduces Risk
S2633,Academic,2,numeric__engagement_events_attended_slope_3m,-0.56355,Reduces Risk
S2633,Academic,3,numeric__engagement_hackathons_attended_std_3m,-0.55575,Reduces Risk
S2633,Academic,4,numeric__cgpa_declining_flag,0.487485,Increases Risk
S2633,Academic,5,numeric__academic_cgpa_current,0.45115,Increases Risk
S2634,Academic,1,numeric__academic_warning_score,1.988396,Increases Risk
S2634,Academic,2,numeric__lms_assignment_completion_pct_avg_3m,-0.800485,Reduces Risk
S2634,Academic,3,numeric__attendance_declining_flag,-0.74125,Reduces Risk
S2634,Academic,4,numeric__academic_cgpa_current,-0.71544,Reduces Risk
S2634,Academic,5,numeric__attendance_overall_attendance_std_3m,0.684826,Increases Risk
S2635,Academic,1,numeric__lms_assignment_completion_pct_avg_3m,-1.13237,Reduces Risk
S2635,Academic,2,numeric__feedback_satisfaction_score_avg_3m,0.96274,Increases Risk
S2635,Academic,3,numeric__placement_aptitude_score_slope_3m,0.785866,Increases Risk
S2635,Academic,4,numeric__placement_aptitude_score_current,-0.767816,Reduces Risk
S2635,Academic,5,numeric__academic_cgpa_current,0.737681,Increases Risk
S2636,Academic,1,numeric__placement_aptitude_score_current,-1.290459,Reduces Risk
S2636,Academic,2,numeric__placement_coding_score_avg_3m,1.101526,Increases Risk
S2636,Academic,3,numeric__academic_cgpa_current,0.928701,Increases Risk
S2636,Academic,4,numeric__attendance_declining_flag,-0.74125,Reduces Risk
S2636,Academic,5,numeric__placement_mock_interview_score_avg_3m,-0.736052,Reduces Risk
S2637,Academic,1,numeric__placement_coding_score_avg_3m,0.809769,Increases Risk
S2637,Academic,2,numeric__skills_tech_skills_score_avg_3m,-0.536508,Reduces Risk
S2637,Academic,3,numeric__academic_warning_score,-0.535286,Reduces Risk
S2637,Academic,4,numeric__lms_logins_per_week_slope_3m,0.506018,Increases Risk
S2637,Academic,5,numeric__placement_aptitude_score_current,0.371076,Increases Risk
S2638,Academic,1,numeric__academic_warning_score,1.191444,Increases Risk
S2638,Academic,2,numeric__lms_assignment_completion_pct_avg_3m,-0.719884,Reduces Risk
S2638,Academic,3,numeric__engagement_events_attended_slope_3m,0.71001,Increases Risk
S2638,Academic,4,numeric__engagement_hackathons_attended_current,0.677675,Increases Risk
S2638,Academic,5,numeric__attendance_overall_attendance_avg_3m,0.542228,Increases Risk
S2639,Academic,1,numeric__placement_coding_score_avg_3m,-1.100773,Reduces Risk
S2639,Academic,2,numeric__academic_backlogs_avg_3m,-0.955781,Reduces Risk
S2639,Academic,3,numeric__skills_tech_skills_score_avg_3m,0.894589,Increases Risk
S2639,Academic,4,numeric__skills_soft_skills_score_avg_3m,-0.890397,Reduces Risk
S2639,Academic,5,numeric__placement_mock_interview_score_avg_3m,0.846814,Increases Risk
S2640,Academic,1,numeric__placement_coding_score_slope_3m,0.872825,Increases Risk
S2640,Academic,2,numeric__placement_aptitude_score_current,-0.869225,Reduces Risk
S2640,Academic,3,numeric__feedback_faculty_rating_avg_3m,-0.723357,Reduces Risk
S2640,Academic,4,numeric__academic_cgpa_current,0.683103,Increases Risk
S2640,Academic,5,numeric__academic_warning_score,-0.668112,Reduces Risk
S2641,Academic,1,numeric__placement_coding_score_avg_3m,1.236425,Increases Risk
S2641,Academic,2,numeric__skills_tech_skills_score_avg_3m,-0.852823,Reduces Risk
S2641,Academic,3,numeric__lms_assignment_completion_pct_avg_3m,0.674036,Increases Risk
S2641,Academic,4,numeric__academic_warning_score,-0.668112,Reduces Risk
S2641,Academic,5,numeric__lms_logins_per_week_slope_3m,-0.513666,Reduces Risk
S2642,Academic,1,numeric__academic_warning_score,-0.933762,Reduces Risk
S2642,Academic,2,numeric__skills_tech_skills_score_avg_3m,0.876163,Increases Risk
S2642,Academic,3,numeric__placement_coding_score_avg_3m,-0.696077,Reduces Risk
S2642,Academic,4,numeric__placement_aptitude_score_current,-0.658608,Reduces Risk
S2642,Academic,5,numeric__engagement_hackathons_attended_std_3m,-0.55575,Reduces Risk
S2643,Academic,1,numeric__placement_coding_score_avg_3m,-1.552527,Reduces Risk
S2643,Academic,2,numeric__skills_tech_skills_score_avg_3m,1.450444,Increases Risk
S2643,Academic,3,numeric__skills_soft_skills_score_avg_3m,-0.934925,Reduces Risk
S2643,Academic,4,numeric__placement_aptitude_score_current,0.878117,Increases Risk
S2643,Academic,5,numeric__placement_mock_interview_score_avg_3m,0.753475,Increases Risk
S2644,Academic,1,numeric__placement_coding_score_avg_3m,0.907021,Increases Risk
S2644,Academic,2,numeric__skills_tech_skills_score_avg_3m,-0.883533,Reduces Risk
S2644,Academic,3,numeric__feedback_satisfaction_score_avg_3m,-0.700301,Reduces Risk
S2644,Academic,4,numeric__placement_aptitude_score_current,-0.604003,Reduces Risk
S2644,Academic,5,numeric__placement_aptitude_score_slope_3m,0.516569,Increases Risk
S2645,Academic,1,numeric__feedback_satisfaction_score_avg_3m,-1.429705,Reduces Risk
S2645,Academic,2,numeric__lms_assignment_completion_pct_avg_3m,1.254836,Increases Risk
S2645,Academic,3,numeric__feedback_satisfaction_score_current,0.853666,Increases Risk
S2645,Academic,4,numeric__skills_soft_skills_score_avg_3m,0.848803,Increases Risk
S2645,Academic,5,numeric__placement_aptitude_score_current,0.768909,Increases Risk
S2646,Academic,1,numeric__placement_coding_score_avg_3m,1.700727,Increases Risk
S2646,Academic,2,numeric__skills_tech_skills_score_avg_3m,-1.356471,Reduces Risk
S2646,Academic,3,numeric__academic_cgpa_current,0.867302,Increases Risk
S2646,Academic,4,numeric__feedback_faculty_rating_avg_3m,-0.854586,Reduces Risk
S2646,Academic,5,numeric__skills_soft_skills_score_avg_3m,0.793798,Increases Risk
S2647,Academic,1,numeric__academic_warning_score,1.324269,Increases Risk
S2647,Academic,2,numeric__placement_coding_score_avg_3m,1.092115,Increases Risk
S2647,Academic,3,numeric__skills_tech_skills_score_avg_3m,-0.782189,Reduces Risk
S2647,Academic,4,numeric__attendance_declining_flag,-0.74125,Reduces Risk
S2647,Academic,5,numeric__attendance_overall_attendance_std_3m,0.641151,Increases Risk
S2648,Academic,1,numeric__placement_coding_score_avg_3m,-0.969012,Reduces Risk
S2648,Academic,2,numeric__academic_warning_score,-0.933762,Reduces Risk
S2648,Academic,3,numeric__skills_tech_skills_score_avg_3m,0.811671,Increases Risk
S2648,Academic,4,numeric__placement_mock_interview_score_avg_3m,0.75542,Increases Risk
S2648,Academic,5,numeric__skills_soft_skills_score_avg_3m,-0.680855,Reduces Risk
S2649,Academic,1,numeric__placement_coding_score_avg_3m,1.023097,Increases Risk
S2649,Academic,2,numeric__academic_warning_score,-0.933762,Reduces Risk
S2649,Academic,3,numeric__skills_tech_skills_score_avg_3m,-0.865107,Reduces Risk
S2649,Academic,4,numeric__engagement_events_attended_slope_3m,0.71001,Increases Risk
S2649,Academic,5,numeric__engagement_strength,-0.699395,Reduces Risk
S2650,Academic,1,numeric__placement_aptitude_score_current,1.221345,Increases Risk
S2650,Academic,2,numeric__placement_coding_score_avg_3m,-1.201163,Reduces Risk
S2650,Academic,3,numeric__attendance_declining_flag,-0.74125,Reduces Risk
S2650,Academic,4,numeric__attendance_overall_attendance_std_3m,0.716786,Increases Risk
S2650,Academic,5,numeric__skills_tech_skills_score_avg_3m,0.667333,Increases Risk
S2651,Academic,1,numeric__academic_warning_score,1.988396,Increases Risk
S2651,Academic,2,numeric__skills_tech_skills_score_avg_3m,-1.47624,Reduces Risk
S2651,Academic,3,numeric__placement_coding_score_avg_3m,1.43093,Increases Risk
S2651,Academic,4,numeric__academic_backlogs_slope_3m,0.781385,Increases Risk
S2651,Academic,5,numeric__attendance_declining_flag,-0.74125,Reduces Risk
S2652,Academic,1,numeric__placement_coding_score_slope_3m,-0.50387,Reduces Risk
S2652,Academic,2,numeric__placement_coding_score_avg_3m,-0.489023,Reduces Risk
S2652,Academic,3,numeric__cgpa_declining_flag,0.487485,Increases Risk
S2652,Academic,4,numeric__placement_coding_score_current,0.422092,Increases Risk
S2652,Academic,5,numeric__academic_backlogs_avg_3m,-0.335144,Reduces Risk
S2653,Academic,1,numeric__placement_coding_score_avg_3m,0.969765,Increases Risk
S2653,Academic,2,numeric__academic_cgpa_current,0.764969,Increases Risk
S2653,Academic,3,numeric__skills_tech_skills_score_avg_3m,-0.705414,Reduces Risk
S2653,Academic,4,numeric__engagement_events_attended_slope_3m,-0.56355,Reduces Risk
S2653,Academic,5,numeric__engagement_hackathons_attended_std_3m,-0.55575,Reduces Risk
S2654,Academic,1,numeric__academic_backlogs_avg_3m,-1.783297,Reduces Risk
S2654,Academic,2,numeric__academic_cgpa_current,-1.643254,Reduces Risk
S2654,Academic,3,numeric__placement_aptitude_score_current,1.377358,Increases Risk
S2654,Academic,4,numeric__placement_coding_score_avg_3m,-1.069402,Reduces Risk
S2654,Academic,5,numeric__feedback_faculty_rating_avg_3m,0.859589,Increases Risk
S2655,Academic,1,numeric__placement_coding_score_avg_3m,-1.652917,Reduces Risk
S2655,Academic,2,numeric__skills_tech_skills_score_avg_3m,1.355242,Increases Risk
S2655,Academic,3,numeric__placement_aptitude_score_current,0.971725,Increases Risk
S2655,Academic,4,numeric__skills_soft_skills_score_avg_3m,-0.840631,Reduces Risk
S2655,Academic,5,numeric__placement_mock_interview_score_avg_3m,0.763198,Increases Risk
S2656,Academic,1,numeric__placement_aptitude_score_current,-0.986234,Reduces Risk
S2656,Academic,2,numeric__feedback_satisfaction_score_avg_3m,0.797409,Increases Risk
S2656,Academic,3,numeric__academic_warning_score,-0.668112,Reduces Risk
S2656,Academic,4,numeric__lms_assignment_completion_pct_avg_3m,-0.625059,Reduces Risk
S2656,Academic,5,numeric__engagement_hackathons_attended_std_3m,-0.55575,Reduces Risk
S2657,Academic,1,numeric__placement_coding_score_avg_3m,1.371324,Increases Risk
S2657,Academic,2,numeric__skills_tech_skills_score_avg_3m,-1.046297,Reduces Risk
S2657,Academic,3,numeric__placement_aptitude_score_current,-1.017437,Reduces Risk
S2657,Academic,4,numeric__academic_warning_score,-0.933762,Reduces Risk
S2657,Academic,5,numeric__skills_soft_skills_score_avg_3m,0.707362,Increases Risk
S2658,Academic,1,numeric__feedback_satisfaction_score_avg_3m,0.923839,Increases Risk
S2658,Academic,2,numeric__academic_cgpa_current,0.915057,Increases Risk
S2658,Academic,3,numeric__lms_assignment_completion_pct_avg_3m,-0.909533,Reduces Risk
S2658,Academic,4,numeric__placement_coding_score_avg_3m,0.693693,Increases Risk
S2658,Academic,5,numeric__engagement_hackathons_attended_std_3m,0.676045,Increases Risk
S2659,Academic,1,numeric__academic_warning_score,-0.933762,Reduces Risk
S2659,Academic,2,numeric__lms_assignment_completion_pct_avg_3m,0.918209,Increases Risk
S2659,Academic,3,numeric__engagement_strength,-0.808251,Reduces Risk
S2659,Academic,4,numeric__lms_assignment_completion_pct_current,-0.501611,Reduces Risk
S2659,Academic,5,numeric__placement_mock_interview_score_avg_3m,-0.450203,Reduces Risk
S2660,Academic,1,numeric__academic_cgpa_missing,-6.777757,Reduces Risk
S2660,Academic,2,numeric__lms_logins_per_week_slope_3m,-0.768587,Reduces Risk
S2660,Academic,3,numeric__feedback_satisfaction_score_avg_3m,0.719606,Increases Risk
S2660,Academic,4,numeric__feedback_satisfaction_score_current,-0.514195,Reduces Risk
S2660,Academic,5,numeric__cgpa_declining_flag,0.487485,Increases Risk
S2661,Academic,1,numeric__lms_assignment_completion_pct_avg_3m,1.048593,Increases Risk
S2661,Academic,2,numeric__attendance_overall_attendance_std_3m,0.965028,Increases Risk
S2661,Academic,3,numeric__academic_warning_score,-0.933762,Reduces Risk
S2661,Academic,4,numeric__feedback_satisfaction_score_avg_3m,-0.88022,Reduces Risk
S2661,Academic,5,numeric__placement_mock_interview_score_avg_3m,-0.734108,Reduces Risk
S2662,Academic,1,numeric__engagement_events_attended_slope_3m,1.0284,Increases Risk
S2662,Academic,2,numeric__engagement_hackathons_attended_std_3m,0.676045,Increases Risk
S2662,Academic,3,numeric__academic_cgpa_std_3m,-0.641245,Reduces Risk
S2662,Academic,4,numeric__academic_cgpa_current,-0.592641,Reduces Risk
S2662,Academic,5,numeric__placement_mock_interview_score_avg_3m,0.562909,Increases Risk
S2663,Academic,1,numeric__placement_coding_score_avg_3m,-1.555664,Reduces Risk
S2663,Academic,2,numeric__skills_tech_skills_score_avg_3m,0.860808,Increases Risk
S2663,Academic,3,numeric__attendance_declining_flag,-0.74125,Reduces Risk
S2663,Academic,4,numeric__lms_assignment_completion_pct_avg_3m,0.669295,Increases Risk
S2663,Academic,5,numeric__placement_aptitude_score_current,0.54269,Increases Risk
S2664,Academic,1,numeric__academic_backlogs_slope_3m,0.781385,Increases Risk
S2664,Academic,2,numeric__engagement_events_attended_slope_3m,0.71001,Increases Risk
S2664,Academic,3,numeric__academic_backlogs_avg_3m,-0.542023,Reduces Risk
S2664,Academic,4,numeric__academic_warning_score,0.527317,Increases Risk
S2664,Academic,5,numeric__feedback_faculty_rating_current,0.51786,Increases Risk
S2665,Academic,1,numeric__academic_warning_score,1.988396,Increases Risk
S2665,Academic,2,numeric__academic_backlogs_slope_3m,0.781385,Increases Risk
S2665,Academic,3,numeric__attendance_declining_flag,-0.74125,Reduces Risk
S2665,Academic,4,numeric__lms_assignment_completion_pct_avg_3m,-0.606095,Reduces Risk
S2665,Academic,5,numeric__attendance_overall_attendance_avg_3m,0.56337,Increases Risk
S2666,Academic,1,numeric__academic_cgpa_current,-0.790484,Reduces Risk
S2666,Academic,2,numeric__academic_warning_score,-0.668112,Reduces Risk
S2666,Academic,3,numeric__feedback_satisfaction_score_avg_3m,-0.569008,Reduces Risk
S2666,Academic,4,numeric__engagement_events_attended_slope_3m,-0.56355,Reduces Risk
S2666,Academic,5,numeric__engagement_strength,0.443585,Increases Risk
S2667,Academic,1,numeric__engagement_hackathons_attended_std_3m,1.073761,Increases Risk
S2667,Academic,2,numeric__placement_coding_score_avg_3m,-1.063127,Reduces Risk
S2667,Academic,3,numeric__skills_soft_skills_score_avg_3m,1.050487,Increases Risk
S2667,Academic,4,numeric__feedback_satisfaction_score_avg_3m,-1.021238,Reduces Risk
S2667,Academic,5,numeric__feedback_satisfaction_score_current,0.83646,Increases Risk
S2668,Academic,1,numeric__placement_coding_score_avg_3m,1.443479,Increases Risk
S2668,Academic,2,numeric__skills_tech_skills_score_avg_3m,-1.258198,Reduces Risk
S2668,Academic,3,numeric__placement_aptitude_score_current,-1.212453,Reduces Risk
S2668,Academic,4,numeric__academic_warning_score,-0.933762,Reduces Risk
S2668,Academic,5,numeric__academic_cgpa_current,0.79908,Increases Risk
S2669,Academic,1,numeric__skills_soft_skills_score_avg_3m,-1.06065,Reduces Risk
S2669,Academic,2,numeric__feedback_satisfaction_score_avg_3m,0.909251,Increases Risk
S2669,Academic,3,numeric__feedback_satisfaction_score_current,-0.849709,Reduces Risk
S2669,Academic,4,numeric__placement_mock_interview_score_avg_3m,0.784588,Increases Risk
S2669,Academic,5,numeric__lms_assignment_completion_pct_avg_3m,-0.745961,Reduces Risk
S2670,Academic,1,numeric__placement_coding_score_avg_3m,-1.897617,Reduces Risk
S2670,Academic,2,numeric__skills_tech_skills_score_avg_3m,1.290751,Increases Risk
S2670,Academic,3,numeric__academic_cgpa_current,-0.783662,Reduces Risk
S2670,Academic,4,numeric__placement_mock_interview_score_avg_3m,0.743753,Increases Risk
S2670,Academic,5,numeric__placement_coding_score_current,0.711176,Increases Risk
S2671,Academic,1,numeric__lms_assignment_completion_pct_avg_3m,1.257207,Increases Risk
S2671,Academic,2,numeric__placement_aptitude_score_current,0.932722,Increases Risk
S2671,Academic,3,numeric__engagement_events_attended_slope_3m,0.71001,Increases Risk
S2671,Academic,4,numeric__engagement_strength,-0.699395,Reduces Risk
S2671,Academic,5,numeric__lms_assignment_completion_pct_current,-0.69598,Reduces Risk
S2672,Academic,1,numeric__placement_coding_score_avg_3m,1.421518,Increases Risk
S2672,Academic,2,numeric__skills_soft_skills_score_avg_3m,1.210263,Increases Risk
S2672,Academic,3,numeric__placement_mock_interview_score_avg_3m,-0.973288,Reduces Risk
S2672,Academic,4,numeric__academic_warning_score,-0.933762,Reduces Risk
S2672,Academic,5,numeric__feedback_satisfaction_score_avg_3m,-0.923985,Reduces Risk
S2673,Academic,1,numeric__placement_coding_score_avg_3m,1.609749,Increases Risk
S2673,Academic,2,numeric__skills_tech_skills_score_avg_3m,-0.991019,Reduces Risk
S2673,Academic,3,numeric__academic_warning_score,-0.933762,Reduces Risk
S2673,Academic,4,numeric__academic_cgpa_current,0.867302,Increases Risk
S2673,Academic,5,numeric__lms_assignment_completion_pct_avg_3m,0.664554,Increases Risk
S2674,Academic,1,numeric__placement_coding_score_avg_3m,1.129761,Increases Risk
S2674,Academic,2,numeric__skills_tech_skills_score_avg_3m,-0.908101,Reduces Risk
S2674,Academic,3,numeric__academic_warning_score,-0.668112,Reduces Risk
S2674,Academic,4,numeric__academic_cgpa_current,0.567126,Increases Risk
S2674,Academic,5,numeric__placement_coding_score_current,-0.542504,Reduces Risk
S2675,Academic,1,numeric__placement_aptitude_score_current,-1.025237,Reduces Risk
S2675,Academic,2,numeric__skills_soft_skills_score_avg_3m,0.945716,Increases Risk
S2675,Academic,3,numeric__academic_warning_score,-0.933762,Reduces Risk
S2675,Academic,4,numeric__placement_coding_score_avg_3m,0.781534,Increases Risk
S2675,Academic,5,numeric__academic_cgpa_current,0.771791,Increases Risk
S2676,Academic,1,numeric__academic_warning_score,1.191444,Increases Risk
S2676,Academic,2,numeric__feedback_satisfaction_score_avg_3m,-0.9872,Reduces Risk
S2676,Academic,3,numeric__attendance_overall_attendance_std_3m,0.940149,Increases Risk
S2676,Academic,4,numeric__academic_cgpa_std_3m,-0.846147,Reduces Risk
S2676,Academic,5,numeric__skills_soft_skills_score_avg_3m,0.772844,Increases Risk
S2677,Academic,1,numeric__feedback_satisfaction_score_avg_3m,-1.162257,Reduces Risk
S2677,Academic,2,numeric__skills_soft_skills_score_avg_3m,0.945716,Increases Risk
S2677,Academic,3,numeric__placement_aptitude_score_current,-0.845823,Reduces Risk
S2677,Academic,4,numeric__lms_assignment_completion_pct_avg_3m,0.771231,Increases Risk
S2677,Academic,5,numeric__attendance_declining_flag,-0.74125,Reduces Risk
S2678,Academic,1,numeric__placement_coding_score_avg_3m,-1.307827,Reduces Risk
S2678,Academic,2,numeric__skills_tech_skills_score_avg_3m,1.112631,Increases Risk
S2678,Academic,3,numeric__low_technical_skill_flag,0.768011,Increases Risk
S2678,Academic,4,numeric__attendance_declining_flag,-0.74125,Reduces Risk
S2678,Academic,5,numeric__placement_coding_score_current,0.646279,Increases Risk
S2679,Academic,1,numeric__lms_assignment_completion_pct_avg_3m,-1.862519,Reduces Risk
S2679,Academic,2,numeric__academic_warning_score,1.722745,Increases Risk
S2679,Academic,3,numeric__feedback_satisfaction_score_avg_3m,1.259365,Increases Risk
S2679,Academic,4,numeric__lms_assignment_completion_pct_current,1.226885,Increases Risk
S2679,Academic,5,numeric__placement_coding_score_avg_3m,0.960353,Increases Risk
S2680,Academic,1,numeric__placement_coding_score_avg_3m,-1.176066,Reduces Risk
S2680,Academic,2,numeric__academic_backlogs_avg_3m,-0.955781,Reduces Risk
S2680,Academic,3,numeric__placement_aptitude_score_slope_3m,0.737634,Increases Risk
S2680,Academic,4,numeric__placement_coding_score_current,0.696426,Increases Risk
S2680,Academic,5,numeric__skills_tech_skills_score_avg_3m,0.572131,Increases Risk
S2681,Academic,1,numeric__academic_cgpa_current,-1.083837,Reduces Risk
S2681,Academic,2,numeric__academic_warning_score,1.058618,Increases Risk
S2681,Academic,3,numeric__feedback_satisfaction_score_avg_3m,-0.792692,Reduces Risk
S2681,Academic,4,numeric__attendance_declining_flag,-0.74125,Reduces Risk
S2681,Academic,5,numeric__placement_aptitude_score_slope_3m,0.613034,Increases Risk
S2682,Academic,1,numeric__academic_warning_score,-0.933762,Reduces Risk
S2682,Academic,2,numeric__placement_aptitude_score_current,-0.923829,Reduces Risk
S2682,Academic,3,numeric__feedback_satisfaction_score_current,0.62999,Increases Risk
S2682,Academic,4,numeric__feedback_satisfaction_score_avg_3m,-0.60791,Reduces Risk
S2682,Academic,5,numeric__academic_cgpa_current,0.526193,Increases Risk
S2683,Academic,1,numeric__placement_coding_score_slope_3m,1.039697,Increases Risk
S2683,Academic,2,numeric__placement_coding_score_avg_3m,0.89761,Increases Risk
S2683,Academic,3,numeric__skills_tech_skills_score_std_3m,0.67725,Increases Risk
S2683,Academic,4,numeric__placement_aptitude_score_current,-0.658608,Reduces Risk
S2683,Academic,5,numeric__placement_coding_score_std_3m,-0.588458,Reduces Risk
S2684,Academic,1,numeric__lms_assignment_completion_pct_avg_3m,-1.639682,Reduces Risk
S2684,Academic,2,numeric__academic_warning_score,1.58992,Increases Risk
S2684,Academic,3,numeric__skills_tech_skills_score_avg_3m,-0.966451,Reduces Risk
S2684,Academic,4,numeric__lms_assignment_completion_pct_current,0.806909,Increases Risk
S2684,Academic,5,numeric__placement_coding_score_avg_3m,0.759574,Increases Risk
S2685,Academic,1,numeric__engagement_events_attended_slope_3m,0.71001,Increases Risk
S2685,Academic,2,numeric__engagement_hackathons_attended_std_3m,-0.55575,Reduces Risk
S2685,Academic,3,numeric__cgpa_declining_flag,0.487485,Increases Risk
S2685,Academic,4,numeric__placement_coding_score_slope_3m,0.443129,Increases Risk
S2685,Academic,5,numeric__placement_aptitude_score_current,-0.416788,Reduces Risk
S2686,Academic,1,numeric__feedback_satisfaction_score_avg_3m,1.59489,Increases Risk
S2686,Academic,2,numeric__skills_soft_skills_score_avg_3m,-1.13137,Reduces Risk
S2686,Academic,3,numeric__placement_mock_interview_score_avg_3m,1.078216,Increases Risk
S2686,Academic,4,numeric__engagement_events_attended_slope_3m,-0.88194,Reduces Risk
S2686,Academic,5,numeric__placement_aptitude_score_current,0.815712,Increases Risk
S2687,Academic,1,numeric__academic_warning_score,2.254047,Increases Risk
S2687,Academic,2,numeric__academic_backlogs_avg_3m,-1.783297,Reduces Risk
S2687,Academic,3,numeric__lms_assignment_completion_pct_avg_3m,-1.459515,Reduces Risk
S2687,Academic,4,numeric__placement_coding_score_avg_3m,-1.376845,Reduces Risk
S2687,Academic,5,numeric__academic_cgpa_current,-1.111126,Reduces Risk
S2688,Academic,1,numeric__attendance_declining_flag,-0.74125,Reduces Risk
S2688,Academic,2,numeric__academic_warning_score,-0.535286,Reduces Risk
S2688,Academic,3,numeric__engagement_events_attended_slope_3m,0.39162,Increases Risk
S2688,Academic,4,numeric__attendance_overall_attendance_std_3m,-0.367447,Reduces Risk
S2688,Academic,5,numeric__placement_aptitude_score_slope_3m,-0.351614,Reduces Risk
S2689,Academic,1,numeric__placement_aptitude_score_current,-1.001836,Reduces Risk
S2689,Academic,2,numeric__skills_soft_skills_score_avg_3m,0.888092,Increases Risk
S2689,Academic,3,numeric__placement_mock_interview_score_avg_3m,-0.788555,Reduces Risk
S2689,Academic,4,numeric__attendance_declining_flag,-0.74125,Reduces Risk
S2689,Academic,5,numeric__academic_cgpa_current,0.710392,Increases Risk
S2690,Academic,1,numeric__placement_coding_score_avg_3m,1.688179,Increases Risk
S2690,Academic,2,numeric__skills_tech_skills_score_avg_3m,-1.218275,Reduces Risk
S2690,Academic,3,numeric__lms_logins_per_week_slope_3m,1.143321,Increases Risk
S2690,Academic,4,numeric__academic_warning_score,-0.933762,Reduces Risk
S2690,Academic,5,categorical__department_INFO TECH,0.662052,Increases Risk
S2691,Academic,1,numeric__placement_coding_score_avg_3m,1.258385,Increases Risk
S2691,Academic,2,numeric__skills_tech_skills_score_avg_3m,-1.224417,Reduces Risk
S2691,Academic,3,numeric__placement_aptitude_score_slope_3m,-0.942461,Reduces Risk
S2691,Academic,4,numeric__academic_warning_score,-0.933762,Reduces Risk
S2691,Academic,5,numeric__engagement_hackathons_attended_current,0.677675,Increases Risk
S2692,Academic,1,numeric__academic_warning_score,-0.933762,Reduces Risk
S2692,Academic,2,numeric__lms_assignment_completion_pct_avg_3m,0.899244,Increases Risk
S2692,Academic,3,numeric__lms_assignment_completion_pct_current,-0.706393,Reduces Risk
S2692,Academic,4,numeric__placement_aptitude_score_current,0.54269,Increases Risk
S2692,Academic,5,numeric__skills_tech_skills_score_avg_3m,0.461575,Increases Risk
S2693,Academic,1,numeric__attendance_declining_flag,-0.74125,Reduces Risk
S2693,Academic,2,numeric__academic_warning_score,0.660142,Increases Risk
S2693,Academic,3,numeric__skills_tech_skills_score_avg_3m,-0.533437,Reduces Risk
S2693,Academic,4,numeric__cgpa_declining_flag,0.487485,Increases Risk
S2693,Academic,5,numeric__academic_cgpa_std_3m,-0.457955,Reduces Risk
S2694,Academic,1,numeric__academic_cgpa_missing,-6.777757,Reduces Risk
S2694,Academic,2,numeric__feedback_satisfaction_score_avg_3m,-1.230334,Reduces Risk
S2694,Academic,3,numeric__academic_warning_score,0.792967,Increases Risk
S2694,Academic,4,numeric__attendance_declining_flag,-0.74125,Reduces Risk
S2694,Academic,5,numeric__placement_aptitude_score_current,0.722105,Increases Risk
S2695,Academic,1,numeric__academic_warning_score,2.254047,Increases Risk
S2695,Academic,2,numeric__placement_coding_score_avg_3m,-1.483509,Reduces Risk
S2695,Academic,3,numeric__academic_cgpa_current,-1.404479,Reduces Risk
S2695,Academic,4,numeric__placement_aptitude_score_current,1.127738,Increases Risk
S2695,Academic,5,numeric__placement_mock_interview_score_avg_3m,0.971265,Increases Risk
S2696,Academic,1,numeric__feedback_satisfaction_score_avg_3m,2.387509,Increases Risk
S2696,Academic,2,numeric__lms_assignment_completion_pct_avg_3m,-1.677611,Reduces Risk
S2696,Academic,3,numeric__feedback_satisfaction_score_current,-1.400294,Reduces Risk
S2696,Academic,4,numeric__placement_aptitude_score_current,1.346156,Increases Risk
S2696,Academic,5,numeric__placement_mock_interview_score_avg_3m,1.159887,Increases Risk
S2697,Academic,1,numeric__placement_aptitude_score_current,-1.064241,Reduces Risk
S2697,Academic,2,numeric__academic_warning_score,0.792967,Increases Risk
S2697,Academic,3,numeric__academic_cgpa_current,0.594415,Increases Risk
S2697,Academic,4,numeric__engagement_hackathons_attended_std_3m,-0.55575,Reduces Risk
S2697,Academic,5,numeric__cgpa_declining_flag,0.487485,Increases Risk
S2698,Academic,1,numeric__placement_coding_score_avg_3m,-2.540738,Reduces Risk
S2698,Academic,2,numeric__skills_tech_skills_score_avg_3m,2.251981,Increases Risk
S2698,Academic,3,numeric__skills_soft_skills_score_avg_3m,-1.725946,Reduces Risk
S2698,Academic,4,numeric__placement_aptitude_score_current,1.689383,Increases Risk
S2698,Academic,5,numeric__placement_mock_interview_score_avg_3m,1.284338,Increases Risk
S2699,Academic,1,numeric__feedback_satisfaction_score_avg_3m,-1.473469,Reduces Risk
S2699,Academic,2,numeric__placement_coding_score_avg_3m,-1.041167,Reduces Risk
S2699,Academic,3,numeric__feedback_satisfaction_score_current,0.913886,Increases Risk
S2699,Academic,4,numeric__lms_assignment_completion_pct_avg_3m,0.88265,Increases Risk
S2699,Academic,5,numeric__attendance_declining_flag,-0.74125,Reduces Risk
S2700,Academic,1,numeric__lms_assignment_completion_pct_avg_3m,-0.674842,Reduces Risk
S2700,Academic,2,numeric__academic_warning_score,-0.668112,Reduces Risk
S2700,Academic,3,numeric__feedback_satisfaction_score_current,-0.608827,Reduces Risk
S2700,Academic,4,numeric__feedback_satisfaction_score_avg_3m,0.607764,Increases Risk
S2700,Academic,5,numeric__attendance_overall_attendance_std_3m,-0.536725,Reduces Risk
S2701,Academic,1,numeric__skills_tech_skills_score_avg_3m,0.833168,Increases Risk
S2701,Academic,2,numeric__academic_backlogs_slope_3m,0.781385,Increases Risk
S2701,Academic,3,numeric__placement_coding_score_avg_3m,-0.69294,Reduces Risk
S2701,Academic,4,numeric__placement_aptitude_score_current,0.597295,Increases Risk
S2701,Academic,5,numeric__academic_backlogs_avg_3m,-0.542023,Reduces Risk
S2702,Academic,1,numeric__placement_coding_score_avg_3m,1.352501,Increases Risk
S2702,Academic,2,numeric__academic_backlogs_slope_3m,0.781385,Increases Risk
S2702,Academic,3,numeric__skills_tech_skills_score_avg_3m,-0.733053,Reduces Risk
S2702,Academic,4,numeric__placement_aptitude_score_current,-0.588402,Reduces Risk
S2702,Academic,5,categorical__department_CS,-0.543404,Reduces Risk
S2703,Academic,1,numeric__engagement_events_attended_slope_3m,0.71001,Increases Risk
S2703,Academic,2,numeric__engagement_club_participations_avg_3m,0.671061,Increases Risk
S2703,Academic,3,categorical__department_CIVIL ENGINEERING,-0.580173,Reduces Risk
S2703,Academic,4,numeric__academic_cgpa_current,0.48526,Increases Risk
S2703,Academic,5,numeric__lms_assignment_completion_pct_current,-0.449548,Reduces Risk
S2704,Academic,1,numeric__placement_aptitude_score_current,-0.877025,Reduces Risk
S2704,Academic,2,numeric__feedback_satisfaction_score_avg_3m,-0.875358,Reduces Risk
S2704,Academic,3,numeric__lms_assignment_completion_pct_avg_3m,0.830497,Increases Risk
S2704,Academic,4,numeric__attendance_declining_flag,-0.74125,Reduces Risk
S2704,Academic,5,numeric__placement_coding_score_avg_3m,-0.711763,Reduces Risk
S2705,Academic,1,numeric__academic_cgpa_current,0.89459,Increases Risk
S2705,Academic,2,numeric__skills_soft_skills_score_avg_3m,0.757128,Increases Risk
S2705,Academic,3,numeric__placement_aptitude_score_current,-0.744415,Reduces Risk
S2705,Academic,4,numeric__feedback_faculty_rating_avg_3m,-0.702853,Reduces Risk
S2705,Academic,5,numeric__academic_warning_score,-0.668112,Reduces Risk
S2706,Academic,1,numeric__academic_warning_score,1.324269,Increases Risk
S2706,Academic,2,numeric__skills_tech_skills_score_avg_3m,1.177123,Increases Risk
S2706,Academic,3,numeric__placement_coding_score_avg_3m,-1.094499,Reduces Risk
S2706,Academic,4,numeric__lms_assignment_completion_pct_avg_3m,-0.876344,Reduces Risk
S2706,Academic,5,numeric__academic_backlogs_slope_3m,0.781385,Increases Risk
S2707,Academic,1,numeric__placement_aptitude_score_current,0.917121,Increases Risk
S2707,Academic,2,numeric__skills_soft_skills_score_avg_3m,-0.898255,Reduces Risk
S2707,Academic,3,numeric__placement_mock_interview_score_avg_3m,0.827368,Increases Risk
S2707,Academic,4,numeric__low_interview_flag,-0.579466,Reduces Risk
S2707,Academic,5,numeric__placement_mock_interview_score_current,0.569961,Increases Risk
S2708,Academic,1,numeric__engagement_hackathons_attended_std_3m,1.291942,Increases Risk
S2708,Academic,2,numeric__engagement_hackathons_attended_current,1.034347,Increases Risk
S2708,Academic,3,numeric__academic_warning_score,-0.933762,Reduces Risk
S2708,Academic,4,numeric__engagement_strength,-0.753823,Reduces Risk
S2708,Academic,5,numeric__engagement_events_attended_slope_3m,0.71001,Increases Risk
S2709,Academic,1,numeric__attendance_overall_attendance_std_3m,1.350323,Increases Risk
S2709,Academic,2,numeric__skills_soft_skills_score_avg_3m,1.246933,Increases Risk
S2709,Academic,3,numeric__academic_warning_score,1.191444,Increases Risk
S2709,Academic,4,numeric__placement_mock_interview_score_avg_3m,-1.161909,Reduces Risk
S2709,Academic,5,numeric__feedback_satisfaction_score_avg_3m,-0.841319,Reduces Risk
S2710,Academic,1,numeric__placement_coding_score_avg_3m,1.713276,Increases Risk
S2710,Academic,2,numeric__skills_tech_skills_score_avg_3m,-1.307334,Reduces Risk
S2710,Academic,3,numeric__academic_cgpa_current,1.112899,Increases Risk
S2710,Academic,4,numeric__academic_warning_score,-0.668112,Reduces Risk
S2710,Academic,5,numeric__placement_coding_score_current,-0.524805,Reduces Risk
S2711,Academic,1,numeric__feedback_satisfaction_score_avg_3m,-0.792692,Reduces Risk
S2711,Academic,2,numeric__placement_coding_score_avg_3m,0.787808,Increases Risk
S2711,Academic,3,numeric__lms_assignment_completion_pct_avg_3m,0.775973,Increases Risk
S2711,Academic,4,numeric__skills_tech_skills_score_avg_3m,-0.631709,Reduces Risk
S2711,Academic,5,numeric__placement_aptitude_score_current,-0.557199,Reduces Risk
S2712,Academic,1,numeric__skills_tech_skills_score_avg_3m,-1.467027,Reduces Risk
S2712,Academic,2,numeric__placement_coding_score_avg_3m,1.349363,Increases Risk
S2712,Academic,3,numeric__academic_cgpa_current,0.662637,Increases Risk
S2712,Academic,4,numeric__skills_soft_skills_score_avg_3m,0.597352,Increases Risk
S2712,Academic,5,numeric__feedback_satisfaction_score_current,0.586976,Increases Risk
S2713,Academic,1,numeric__academic_warning_score,-0.933762,Reduces Risk
S2713,Academic,2,numeric__placement_coding_score_slope_3m,-0.679086,Reduces Risk
S2713,Academic,3,numeric__lms_assignment_completion_pct_avg_3m,0.607659,Increases Risk
S2713,Academic,4,numeric__placement_aptitude_score_current,0.589494,Increases Risk
S2713,Academic,5,numeric__skills_tech_skills_score_avg_3m,0.587487,Increases Risk
S2714,Academic,1,numeric__academic_backlogs_avg_3m,-0.955781,Reduces Risk
S2714,Academic,2,numeric__academic_cgpa_current,-0.810951,Reduces Risk
S2714,Academic,3,numeric__attendance_declining_flag,-0.74125,Reduces Risk
S2714,Academic,4,categorical__department_INFO TECH,0.662052,Increases Risk
S2714,Academic,5,numeric__feedback_faculty_rating_avg_3m,0.58893,Increases Risk
S2715,Academic,1,numeric__academic_warning_score,1.988396,Increases Risk
S2715,Academic,2,numeric__lms_assignment_completion_pct_avg_3m,-1.907561,Reduces Risk
S2715,Academic,3,numeric__placement_mock_interview_score_avg_3m,0.988766,Increases Risk
S2715,Academic,4,numeric__attendance_overall_attendance_std_3m,0.86454,Increases Risk
S2715,Academic,5,numeric__academic_cgpa_current,-0.858706,Reduces Risk
S2716,Academic,1,numeric__placement_coding_score_avg_3m,1.732099,Increases Risk
S2716,Academic,2,numeric__skills_tech_skills_score_avg_3m,-1.390252,Reduces Risk
S2716,Academic,3,numeric__academic_warning_score,-0.933762,Reduces Risk
S2716,Academic,4,numeric__academic_cgpa_current,0.901412,Increases Risk
S2716,Academic,5,numeric__placement_coding_score_current,-0.542504,Reduces Risk
S2717,Academic,1,numeric__placement_coding_score_avg_3m,1.390147,Increases Risk
S2717,Academic,2,numeric__placement_aptitude_score_current,-1.235855,Reduces Risk
S2717,Academic,3,numeric__skills_tech_skills_score_avg_3m,-1.0248,Reduces Risk
S2717,Academic,4,numeric__academic_cgpa_current,0.901412,Increases Risk
S2717,Academic,5,numeric__skills_soft_skills_score_avg_3m,0.757128,Increases Risk
S2718,Academic,1,numeric__lms_assignment_completion_pct_avg_3m,1.022516,Increases Risk
S2718,Academic,2,numeric__attendance_declining_flag,-0.74125,Reduces Risk
S2718,Academic,3,numeric__placement_coding_score_avg_3m,0.690556,Increases Risk
S2718,Academic,4,numeric__feedback_satisfaction_score_avg_3m,-0.583596,Reduces Risk
S2718,Academic,5,numeric__lms_assignment_completion_pct_current,-0.574499,Reduces Risk
S2719,Academic,1,numeric__placement_coding_score_avg_3m,-0.975286,Reduces Risk
S2719,Academic,2,numeric__skills_soft_skills_score_avg_3m,-0.95326,Reduces Risk
S2719,Academic,3,numeric__lms_assignment_completion_pct_avg_3m,-0.831303,Reduces Risk
S2719,Academic,4,numeric__skills_tech_skills_score_avg_3m,0.793245,Increases Risk
S2719,Academic,5,numeric__placement_mock_interview_score_avg_3m,0.774865,Increases Risk
S2720,Academic,1,numeric__academic_warning_score,0.925793,Increases Risk
S2720,Academic,2,numeric__feedback_satisfaction_score_avg_3m,-0.855907,Reduces Risk
S2720,Academic,3,numeric__attendance_overall_attendance_std_3m,0.853478,Increases Risk
S2720,Academic,4,numeric__attendance_declining_flag,-0.74125,Reduces Risk
S2720,Academic,5,numeric__engagement_hackathons_attended_std_3m,-0.55575,Reduces Risk
S2721,Academic,1,numeric__academic_backlogs_avg_3m,-1.576418,Reduces Risk
S2721,Academic,2,numeric__placement_coding_score_avg_3m,-1.47096,Reduces Risk
S2721,Academic,3,numeric__placement_aptitude_score_current,1.127738,Increases Risk
S2721,Academic,4,numeric__skills_tech_skills_score_avg_3m,1.060424,Increases Risk
S2721,Academic,5,numeric__feedback_faculty_rating_avg_3m,0.839085,Increases Risk
S2722,Academic,1,numeric__placement_aptitude_score_current,1.517769,Increases Risk
S2722,Academic,2,numeric__academic_warning_score,1.457094,Increases Risk
S2722,Academic,3,numeric__academic_cgpa_current,-1.02926,Reduces Risk
S2722,Academic,4,numeric__academic_backlogs_slope_3m,0.781385,Increases Risk
S2722,Academic,5,numeric__attendance_overall_attendance_std_3m,0.765536,Increases Risk
S2723,Academic,1,numeric__skills_tech_skills_score_avg_3m,-1.488524,Reduces Risk
S2723,Academic,2,numeric__placement_coding_score_avg_3m,1.324266,Increases Risk
S2723,Academic,3,numeric__academic_warning_score,-0.933762,Reduces Risk
S2723,Academic,4,numeric__academic_cgpa_current,0.812724,Increases Risk
S2723,Academic,5,numeric__lms_assignment_completion_pct_avg_3m,0.628995,Increases Risk
S2724,Academic,1,numeric__placement_coding_score_avg_3m,1.503085,Increases Risk
S2724,Academic,2,numeric__skills_tech_skills_score_avg_3m,-1.181422,Reduces Risk
S2724,Academic,3,numeric__attendance_declining_flag,-0.74125,Reduces Risk
S2724,Academic,4,numeric__academic_cgpa_current,0.724036,Increases Risk
S2724,Academic,5,numeric__skills_soft_skills_score_avg_3m,0.576398,Increases Risk
S2725,Academic,1,numeric__placement_aptitude_score_current,1.096535,Increases Risk
S2725,Academic,2,numeric__placement_coding_score_avg_3m,-0.711763,Reduces Risk
S2725,Academic,3,numeric__academic_cgpa_current,-0.694974,Reduces Risk
S2725,Academic,4,numeric__academic_warning_score,-0.668112,Reduces Risk
S2725,Academic,5,numeric__lms_logins_per_week_slope_3m,-0.641126,Reduces Risk
S2726,Academic,1,numeric__academic_warning_score,1.191444,Increases Risk
S2726,Academic,2,numeric__placement_aptitude_score_current,-0.970633,Reduces Risk
S2726,Academic,3,numeric__lms_assignment_completion_pct_avg_3m,-0.776779,Reduces Risk
S2726,Academic,4,numeric__attendance_declining_flag,-0.74125,Reduces Risk
S2726,Academic,5,numeric__lms_assignment_completion_pct_current,0.504943,Increases Risk
S2727,Academic,1,numeric__feedback_satisfaction_score_avg_3m,1.740771,Increases Risk
S2727,Academic,2,numeric__lms_assignment_completion_pct_avg_3m,-1.618346,Reduces Risk
S2727,Academic,3,numeric__skills_soft_skills_score_avg_3m,-1.424729,Reduces Risk
S2727,Academic,4,numeric__placement_mock_interview_score_avg_3m,1.226002,Increases Risk
S2727,Academic,5,numeric__placement_mock_interview_score_current,0.857782,Increases Risk
S2728,Academic,1,numeric__lms_assignment_completion_pct_avg_3m,-0.919015,Reduces Risk
S2728,Academic,2,numeric__feedback_satisfaction_score_avg_3m,0.860624,Increases Risk
S2728,Academic,3,numeric__placement_mock_interview_score_avg_3m,0.842925,Increases Risk
S2728,Academic,4,numeric__attendance_declining_flag,-0.74125,Reduces Risk
S2728,Academic,5,numeric__skills_soft_skills_score_avg_3m,-0.591799,Reduces Risk
S2729,Academic,1,numeric__placement_coding_score_avg_3m,1.710139,Increases Risk
S2729,Academic,2,numeric__feedback_satisfaction_score_avg_3m,-1.541547,Reduces Risk
S2729,Academic,3,numeric__skills_tech_skills_score_avg_3m,-1.433246,Reduces Risk
S2729,Academic,4,numeric__skills_soft_skills_score_avg_3m,1.210263,Increases Risk
S2729,Academic,5,numeric__placement_aptitude_score_current,-1.165649,Reduces Risk
S2730,Academic,1,numeric__engagement_hackathons_attended_std_3m,1.073761,Increases Risk
S2730,Academic,2,numeric__engagement_hackathons_attended_current,1.034347,Increases Risk
S2730,Academic,3,numeric__attendance_overall_attendance_std_3m,0.839028,Increases Risk
S2730,Academic,4,numeric__placement_coding_score_avg_3m,0.71879,Increases Risk
S2730,Academic,5,numeric__skills_tech_skills_score_avg_3m,-0.705414,Reduces Risk
S2731,Academic,1,numeric__placement_coding_score_avg_3m,1.559554,Increases Risk
S2731,Academic,2,numeric__lms_assignment_completion_pct_avg_3m,1.238242,Increases Risk
S2731,Academic,3,numeric__engagement_strength,-0.971534,Reduces Risk
S2731,Academic,4,numeric__academic_warning_score,-0.933762,Reduces Risk
S2731,Academic,5,numeric__placement_mock_interview_score_avg_3m,-0.837169,Reduces Risk
S2732,Academic,1,numeric__placement_coding_score_avg_3m,-1.05999,Reduces Risk
S2732,Academic,2,numeric__attendance_declining_flag,-0.74125,Reduces Risk
S2732,Academic,3,numeric__feedback_satisfaction_score_missing,-0.713384,Reduces Risk
S2732,Academic,4,numeric__skills_tech_skills_score_avg_3m,0.624339,Increases Risk
S2732,Academic,5,numeric__placement_coding_score_slope_3m,-0.524729,Reduces Risk
S2733,Academic,1,numeric__academic_warning_score,-0.933762,Reduces Risk
S2733,Academic,2,numeric__engagement_events_attended_slope_3m,0.71001,Increases Risk
S2733,Academic,3,numeric__placement_mock_interview_score_avg_3m,0.477349,Increases Risk
S2733,Academic,4,numeric__skills_soft_skills_score_avg_3m,-0.447739,Reduces Risk
S2733,Academic,5,numeric__placement_aptitude_score_current,0.394478,Increases Risk
S2734,Academic,1,numeric__placement_coding_score_avg_3m,-1.207437,Reduces Risk
S2734,Academic,2,numeric__skills_tech_skills_score_avg_3m,1.01743,Increases Risk
S2734,Academic,3,numeric__attendance_overall_attendance_std_3m,0.942297,Increases Risk
S2734,Academic,4,numeric__academic_warning_score,0.925793,Increases Risk
S2734,Academic,5,numeric__academic_cgpa_current,-0.804128,Reduces Risk
S2735,Academic,1,numeric__academic_warning_score,-0.933762,Reduces Risk
S2735,Academic,2,numeric__lms_assignment_completion_pct_avg_3m,0.778343,Increases Risk
S2735,Academic,3,numeric__placement_aptitude_score_slope_3m,0.713518,Increases Risk
S2735,Academic,4,numeric__placement_aptitude_score_current,-0.604003,Reduces Risk
S2735,Academic,5,numeric__engagement_events_attended_slope_3m,-0.56355,Reduces Risk
S2736,Academic,1,numeric__lms_logins_per_week_slope_3m,-2.298113,Reduces Risk
S2736,Academic,2,numeric__lms_logins_per_week_missing,-1.54038,Reduces Risk
S2736,Academic,3,numeric__academic_warning_score,1.191444,Increases Risk
S2736,Academic,4,numeric__feedback_satisfaction_score_avg_3m,0.865486,Increases Risk
S2736,Academic,5,numeric__lms_assignment_completion_pct_avg_3m,-0.862121,Reduces Risk
S2737,Academic,1,numeric__feedback_satisfaction_score_avg_3m,-0.889946,Reduces Risk
S2737,Academic,2,numeric__lms_assignment_completion_pct_avg_3m,0.595806,Increases Risk
S2737,Academic,3,numeric__feedback_satisfaction_score_current,0.56977,Increases Risk
S2737,Academic,4,numeric__placement_coding_score_avg_3m,-0.542355,Reduces Risk
S2737,Academic,5,numeric__cgpa_declining_flag,0.487485,Increases Risk
S2738,Academic,1,numeric__engagement_hackathons_attended_std_3m,1.291942,Increases Risk
S2738,Academic,2,numeric__lms_assignment_completion_pct_avg_3m,1.034369,Increases Risk
S2738,Academic,3,numeric__academic_warning_score,-0.933762,Reduces Risk
S2738,Academic,4,numeric__placement_aptitude_score_slope_3m,0.809983,Increases Risk
S2738,Academic,5,numeric__engagement_hackathons_attended_current,0.677675,Increases Risk
S2739,Academic,1,numeric__placement_coding_score_avg_3m,1.612886,Increases Risk
S2739,Academic,2,numeric__skills_tech_skills_score_avg_3m,-1.562229,Reduces Risk
S2739,Academic,3,numeric__academic_warning_score,-0.668112,Reduces Risk
S2739,Academic,4,numeric__skills_soft_skills_score_avg_3m,0.662834,Increases Risk
S2739,Academic,5,numeric__academic_cgpa_current,0.587593,Increases Risk
S2740,Academic,1,numeric__placement_aptitude_score_current,-1.243655,Reduces Risk
S2740,Academic,2,numeric__skills_soft_skills_score_avg_3m,1.074061,Increases Risk
S2740,Academic,3,numeric__academic_warning_score,0.925793,Increases Risk
S2740,Academic,4,numeric__placement_mock_interview_score_avg_3m,-0.868282,Reduces Risk
S2740,Academic,5,numeric__academic_backlogs_slope_3m,0.781385,Increases Risk
S2741,Academic,1,numeric__lms_assignment_completion_pct_avg_3m,-1.471368,Reduces Risk
S2741,Academic,2,numeric__academic_warning_score,1.324269,Increases Risk
S2741,Academic,3,numeric__feedback_satisfaction_score_avg_3m,1.220463,Increases Risk
S2741,Academic,4,numeric__feedback_satisfaction_score_current,-0.952943,Reduces Risk
S2741,Academic,5,numeric__skills_soft_skills_score_avg_3m,-0.853727,Reduces Risk
S2742,Academic,1,numeric__placement_aptitude_score_current,-1.150048,Reduces Risk
S2742,Academic,2,numeric__engagement_hackathons_attended_std_3m,0.676045,Increases Risk
S2742,Academic,3,numeric__engagement_club_participations_avg_3m,0.671061,Increases Risk
S2742,Academic,4,numeric__placement_aptitude_score_std_3m,-0.633221,Reduces Risk
S2742,Academic,5,numeric__lms_assignment_completion_pct_avg_3m,0.595806,Increases Risk
S2743,Academic,1,numeric__attendance_overall_attendance_std_3m,0.626711,Increases Risk
S2743,Academic,2,numeric__engagement_hackathons_attended_std_3m,-0.55575,Reduces Risk
S2743,Academic,3,numeric__academic_warning_score,-0.535286,Reduces Risk
S2743,Academic,4,numeric__skills_soft_skills_score_std_3m,0.523351,Increases Risk
S2743,Academic,5,numeric__placement_aptitude_score_slope_3m,0.424124,Increases Risk
S2744,Academic,1,numeric__feedback_satisfaction_score_avg_3m,-1.118492,Reduces Risk
S2744,Academic,2,numeric__lms_assignment_completion_pct_avg_3m,0.858944,Increases Risk
S2744,Academic,3,numeric__placement_coding_score_avg_3m,-0.830976,Reduces Risk
S2744,Academic,4,numeric__feedback_satisfaction_score_current,0.802048,Increases Risk
S2744,Academic,5,numeric__placement_aptitude_score_current,0.753307,Increases Risk
S2745,Academic,1,numeric__lms_logins_per_week_slope_3m,1.01586,Increases Risk
S2745,Academic,2,numeric__placement_aptitude_score_current,-0.845823,Reduces Risk
S2745,Academic,3,numeric__placement_coding_score_avg_3m,0.608989,Increases Risk
S2745,Academic,4,numeric__engagement_events_attended_slope_3m,-0.56355,Reduces Risk
S2745,Academic,5,numeric__feedback_satisfaction_score_avg_3m,-0.496068,Reduces Risk
S2746,Academic,1,numeric__feedback_faculty_rating_avg_3m,0.732461,Increases Risk
S2746,Academic,2,numeric__lms_assignment_completion_pct_avg_3m,0.730931,Increases Risk
S2746,Academic,3,numeric__placement_aptitude_score_current,0.722105,Increases Risk
S2746,Academic,4,numeric__academic_cgpa_current,-0.681329,Reduces Risk
S2746,Academic,5,numeric__academic_warning_score,-0.668112,Reduces Risk
S2747,Academic,1,numeric__skills_soft_skills_score_avg_3m,-1.165421,Reduces Risk
S2747,Academic,2,numeric__placement_mock_interview_score_avg_3m,0.846814,Increases Risk
S2747,Academic,3,numeric__feedback_satisfaction_score_current,-0.8239,Reduces Risk
S2747,Academic,4,numeric__attendance_declining_flag,-0.74125,Reduces Risk
S2747,Academic,5,categorical__department_INFO TECH,0.662052,Increases Risk
S2748,Academic,1,numeric__academic_warning_score,1.58992,Increases Risk
S2748,Academic,2,numeric__placement_coding_score_avg_3m,1.08584,Increases Risk
S2748,Academic,3,numeric__skills_tech_skills_score_avg_3m,-1.073936,Reduces Risk
S2748,Academic,4,numeric__lms_logins_per_week_slope_3m,-1.023508,Reduces Risk
S2748,Academic,5,numeric__attendance_declining_flag,-0.74125,Reduces Risk
S2749,Academic,1,numeric__lms_logins_per_week_slope_3m,0.506018,Increases Risk
S2749,Academic,2,numeric__placement_aptitude_score_current,-0.494794,Reduces Risk
S2749,Academic,3,numeric__cgpa_declining_flag,0.487485,Increases Risk
S2749,Academic,4,numeric__engagement_strength,-0.481685,Reduces Risk
S2749,Academic,5,numeric__feedback_faculty_rating_avg_3m,-0.465001,Reduces Risk
S2750,Academic,1,numeric__academic_warning_score,-0.933762,Reduces Risk
S2750,Academic,2,numeric__lms_assignment_completion_pct_avg_3m,0.716707,Increases Risk
S2750,Academic,3,numeric__academic_cgpa_current,0.676281,Increases Risk
S2750,Academic,4,numeric__skills_soft_skills_score_avg_3m,0.644499,Increases Risk
S2750,Academic,5,numeric__placement_mock_interview_score_avg_3m,-0.617434,Reduces Risk
S2751,Academic,1,numeric__placement_coding_score_avg_3m,1.393284,Increases Risk
S2751,Academic,2,numeric__skills_soft_skills_score_avg_3m,1.233836,Increases Risk
S2751,Academic,3,numeric__skills_tech_skills_score_avg_3m,-1.20599,Reduces Risk
S2751,Academic,4,numeric__placement_mock_interview_score_avg_3m,-0.868282,Reduces Risk
S2751,Academic,5,numeric__attendance_declining_flag,-0.74125,Reduces Risk
S2752,Academic,1,numeric__feedback_satisfaction_score_avg_3m,-0.967749,Reduces Risk
S2752,Academic,2,numeric__skills_soft_skills_score_avg_3m,0.796417,Increases Risk
S2752,Academic,3,numeric__placement_mock_interview_score_avg_3m,-0.757442,Reduces Risk
S2752,Academic,4,numeric__lms_assignment_completion_pct_avg_3m,0.747525,Increases Risk
S2752,Academic,5,numeric__attendance_declining_flag,-0.74125,Reduces Risk
S2753,Academic,1,numeric__engagement_events_attended_slope_3m,-0.88194,Reduces Risk
S2753,Academic,2,numeric__placement_coding_score_avg_3m,0.784671,Increases Risk
S2753,Academic,3,numeric__skills_tech_skills_score_avg_3m,-0.760692,Reduces Risk
S2753,Academic,4,numeric__attendance_declining_flag,-0.74125,Reduces Risk
S2753,Academic,5,numeric__academic_cgpa_std_3m,-0.703159,Reduces Risk
S2754,Academic,1,numeric__placement_coding_score_avg_3m,1.339952,Increases Risk
S2754,Academic,2,numeric__skills_tech_skills_score_avg_3m,-1.248985,Reduces Risk
S2754,Academic,3,numeric__academic_cgpa_current,1.010567,Increases Risk
S2754,Academic,4,numeric__engagement_hackathons_attended_std_3m,-0.55575,Reduces Risk
S2754,Academic,5,numeric__feedback_faculty_rating_avg_3m,-0.50601,Reduces Risk
S2755,Academic,1,numeric__engagement_hackathons_attended_std_3m,1.664899,Increases Risk
S2755,Academic,2,numeric__placement_coding_score_avg_3m,-1.072539,Reduces Risk
S2755,Academic,3,numeric__engagement_hackathons_attended_current,1.034347,Increases Risk
S2755,Academic,4,numeric__academic_warning_score,-0.933762,Reduces Risk
S2755,Academic,5,numeric__placement_aptitude_score_current,0.924921,Increases Risk
S2756,Academic,1,numeric__placement_coding_score_slope_3m,0.814419,Increases Risk
S2756,Academic,2,numeric__attendance_declining_flag,-0.74125,Reduces Risk
S2756,Academic,3,numeric__feedback_satisfaction_score_missing,-0.713384,Reduces Risk
S2756,Academic,4,numeric__engagement_events_attended_slope_3m,-0.56355,Reduces Risk
S2756,Academic,5,numeric__placement_coding_score_avg_3m,0.536834,Increases Risk
S2757,Academic,1,numeric__academic_warning_score,1.324269,Increases Risk
S2757,Academic,2,numeric__skills_tech_skills_score_avg_3m,-0.858965,Reduces Risk
S2757,Academic,3,numeric__lms_assignment_completion_pct_avg_3m,-0.82182,Reduces Risk
S2757,Academic,4,numeric__academic_backlogs_slope_3m,0.781385,Increases Risk
S2757,Academic,5,numeric__academic_backlogs_avg_3m,-0.748902,Reduces Risk
S2758,Academic,1,numeric__placement_coding_score_slope_3m,0.910371,Increases Risk
S2758,Academic,2,numeric__attendance_declining_flag,-0.74125,Reduces Risk
S2758,Academic,3,numeric__engagement_hackathons_attended_std_3m,0.676045,Increases Risk
S2758,Academic,4,numeric__placement_mock_interview_score_avg_3m,-0.638824,Reduces Risk
S2758,Academic,5,numeric__feedback_satisfaction_score_avg_3m,-0.542263,Reduces Risk
S2759,Academic,1,numeric__academic_warning_score,1.191444,Increases Risk
S2759,Academic,2,numeric__attendance_overall_attendance_std_3m,1.16215,Increases Risk
S2759,Academic,3,numeric__skills_soft_skills_score_avg_3m,0.982386,Increases Risk
S2759,Academic,4,numeric__attendance_declining_flag,-0.74125,Reduces Risk
S2759,Academic,5,numeric__placement_mock_interview_score_avg_3m,-0.736052,Reduces Risk
S2760,Academic,1,numeric__engagement_events_attended_slope_3m,1.0284,Increases Risk
S2760,Academic,2,numeric__placement_coding_score_avg_3m,-0.856073,Reduces Risk
S2760,Academic,3,numeric__feedback_satisfaction_score_avg_3m,0.666116,Increases Risk
S2760,Academic,4,numeric__lms_assignment_completion_pct_avg_3m,-0.580018,Reduces Risk
S2760,Academic,5,numeric__skills_tech_skills_score_avg_3m,0.53835,Increases Risk
S2761,Academic,1,numeric__attendance_declining_flag,-0.74125,Reduces Risk
S2761,Academic,2,numeric__skills_tech_skills_score_avg_3m,-0.677775,Reduces Risk
S2761,Academic,3,numeric__placement_coding_score_avg_3m,0.599578,Increases Risk
S2761,Academic,4,numeric__cgpa_declining_flag,0.487485,Increases Risk
S2761,Academic,5,numeric__feedback_faculty_rating_avg_3m,-0.444496,Reduces Risk
S2762,Academic,1,numeric__placement_coding_score_avg_3m,-1.307827,Reduces Risk
S2762,Academic,2,numeric__lms_assignment_completion_pct_avg_3m,1.290396,Increases Risk
S2762,Academic,3,numeric__skills_tech_skills_score_avg_3m,1.223188,Increases Risk
S2762,Academic,4,numeric__placement_aptitude_score_current,1.221345,Increases Risk
S2762,Academic,5,numeric__academic_warning_score,-0.933762,Reduces Risk
S2763,Academic,1,numeric__lms_assignment_completion_pct_avg_3m,0.967992,Increases Risk
S2763,Academic,2,numeric__academic_warning_score,-0.933762,Reduces Risk
S2763,Academic,3,numeric__feedback_satisfaction_score_avg_3m,-0.710026,Reduces Risk
S2763,Academic,4,numeric__lms_assignment_completion_pct_current,-0.501611,Reduces Risk
S2763,Academic,5,numeric__attendance_overall_attendance_avg_3m,-0.458374,Reduces Risk
S2764,Academic,1,numeric__feedback_satisfaction_score_avg_3m,1.624067,Increases Risk
S2764,Academic,2,numeric__skills_soft_skills_score_avg_3m,-0.95326,Reduces Risk
S2764,Academic,3,numeric__feedback_satisfaction_score_current,-0.901326,Reduces Risk
S2764,Academic,4,numeric__placement_mock_interview_score_avg_3m,0.829313,Increases Risk
S2764,Academic,5,numeric__lms_assignment_completion_pct_avg_3m,-0.81945,Reduces Risk
S2765,Academic,1,numeric__feedback_faculty_rating_avg_3m,1.154854,Increases Risk
S2765,Academic,2,numeric__academic_backlogs_avg_3m,-0.955781,Reduces Risk
S2765,Academic,3,numeric__placement_aptitude_score_current,0.862516,Increases Risk
S2765,Academic,4,numeric__attendance_declining_flag,-0.74125,Reduces Risk
S2765,Academic,5,numeric__skills_soft_skills_score_avg_3m,-0.712286,Reduces Risk
S2766,Academic,1,numeric__academic_backlogs_avg_3m,-0.955781,Reduces Risk
S2766,Academic,2,numeric__feedback_satisfaction_score_avg_3m,-0.855907,Reduces Risk
S2766,Academic,3,numeric__skills_soft_skills_score_avg_3m,0.770225,Increases Risk
S2766,Academic,4,numeric__placement_aptitude_score_slope_3m,0.653227,Increases Risk
S2766,Academic,5,numeric__lms_assignment_completion_pct_avg_3m,0.562617,Increases Risk
S2767,Academic,1,numeric__engagement_club_participations_avg_3m,0.802384,Increases Risk
S2767,Academic,2,numeric__academic_cgpa_current,0.492083,Increases Risk
S2767,Academic,3,numeric__skills_tech_skills_score_avg_3m,0.421651,Increases Risk
S2767,Academic,4,numeric__placement_coding_score_avg_3m,-0.416868,Reduces Risk
S2767,Academic,5,numeric__engagement_events_attended_slope_3m,0.39162,Increases Risk
S2768,Academic,1,numeric__academic_warning_score,-0.933762,Reduces Risk
S2768,Academic,2,numeric__academic_cgpa_current,0.887768,Increases Risk
S2768,Academic,3,numeric__placement_coding_score_avg_3m,0.759574,Increases Risk
S2768,Academic,4,numeric__attendance_overall_attendance_std_3m,-0.588426,Reduces Risk
S2768,Academic,5,numeric__feedback_faculty_rating_avg_3m,-0.588028,Reduces Risk
S2769,Academic,1,numeric__attendance_overall_attendance_std_3m,0.968141,Increases Risk
S2769,Academic,2,numeric__placement_aptitude_score_current,0.932722,Increases Risk
S2769,Academic,3,numeric__academic_cgpa_current,-0.831417,Reduces Risk
S2769,Academic,4,numeric__feedback_satisfaction_score_avg_3m,-0.812143,Reduces Risk
S2769,Academic,5,numeric__academic_warning_score,0.792967,Increases Risk
S2770,Academic,1,numeric__lms_assignment_completion_pct_avg_3m,-2.061651,Reduces Risk
S2770,Academic,2,numeric__academic_warning_score,1.722745,Increases Risk
S2770,Academic,3,numeric__feedback_satisfaction_score_avg_3m,1.64838,Increases Risk
S2770,Academic,4,numeric__skills_soft_skills_score_avg_3m,-1.094701,Reduces Risk
S2770,Academic,5,numeric__feedback_satisfaction_score_current,-1.064781,Reduces Risk
S2771,Academic,1,numeric__placement_aptitude_score_slope_3m,1.219958,Increases Risk
S2771,Academic,2,numeric__placement_aptitude_score_current,-0.93943,Reduces Risk
S2771,Academic,3,numeric__academic_warning_score,-0.933762,Reduces Risk
S2771,Academic,4,numeric__placement_aptitude_score_std_3m,-0.533114,Reduces Risk
S2771,Academic,5,numeric__engagement_hackathons_attended_std_3m,0.511015,Increases Risk
S2772,Academic,1,numeric__academic_warning_score,1.58992,Increases Risk
S2772,Academic,2,numeric__placement_coding_score_avg_3m,1.396421,Increases Risk
S2772,Academic,3,numeric__skills_tech_skills_score_avg_3m,-1.313476,Reduces Risk
S2772,Academic,4,numeric__lms_assignment_completion_pct_avg_3m,-0.999616,Reduces Risk
S2772,Academic,5,numeric__placement_aptitude_score_current,-0.978434,Reduces Risk
S2773,Academic,1,numeric__placement_coding_score_avg_3m,-2.104671,Reduces Risk
S2773,Academic,2,numeric__placement_aptitude_score_current,1.868798,Increases Risk
S2773,Academic,3,numeric__skills_tech_skills_score_avg_3m,1.73912,Increases Risk
S2773,Academic,4,numeric__lms_assignment_completion_pct_avg_3m,1.276172,Increases Risk
S2773,Academic,5,numeric__academic_warning_score,-0.933762,Reduces Risk
S2774,Academic,1,numeric__engagement_events_attended_slope_3m,1.34679,Increases Risk
S2774,Academic,2,numeric__academic_backlogs_avg_3m,-0.955781,Reduces Risk
S2774,Academic,3,numeric__placement_aptitude_score_current,0.885918,Increases Risk
S2774,Academic,4,numeric__lms_logins_per_week_slope_3m,-0.768587,Reduces Risk
S2774,Academic,5,numeric__attendance_declining_flag,-0.74125,Reduces Risk
S2775,Academic,1,numeric__placement_aptitude_score_current,-1.321662,Reduces Risk
S2775,Academic,2,numeric__placement_coding_score_avg_3m,1.101526,Increases Risk
S2775,Academic,3,numeric__skills_tech_skills_score_avg_3m,-0.957238,Reduces Risk
S2775,Academic,4,numeric__academic_cgpa_current,0.696748,Increases Risk
S2775,Academic,5,numeric__academic_warning_score,-0.668112,Reduces Risk
S2776,Academic,1,numeric__skills_tech_skills_score_avg_3m,-0.871249,Reduces Risk
S2776,Academic,2,numeric__academic_cgpa_current,0.717214,Increases Risk
S2776,Academic,3,numeric__placement_coding_score_avg_3m,0.687419,Increases Risk
S2776,Academic,4,numeric__skills_soft_skills_score_avg_3m,0.56854,Increases Risk
S2776,Academic,5,numeric__engagement_hackathons_attended_std_3m,-0.55575,Reduces Risk
S2777,Academic,1,numeric__lms_assignment_completion_pct_avg_3m,0.994069,Increases Risk
S2777,Academic,2,numeric__skills_soft_skills_score_avg_3m,0.982386,Increases Risk
S2777,Academic,3,numeric__feedback_satisfaction_score_avg_3m,-0.865632,Reduces Risk
S2777,Academic,4,numeric__placement_mock_interview_score_avg_3m,-0.825502,Reduces Risk
S2777,Academic,5,numeric__feedback_satisfaction_score_current,0.784843,Increases Risk
S2778,Academic,1,numeric__academic_cgpa_current,1.112899,Increases Risk
S2778,Academic,2,numeric__skills_soft_skills_score_avg_3m,1.019056,Increases Risk
S2778,Academic,3,numeric__placement_aptitude_score_current,-0.900427,Reduces Risk
S2778,Academic,4,numeric__attendance_declining_flag,-0.74125,Reduces Risk
S2778,Academic,5,numeric__placement_mock_interview_score_avg_3m,-0.739941,Reduces Risk
S2779,Academic,1,numeric__skills_tech_skills_score_avg_3m,-0.769905,Reduces Risk
S2779,Academic,2,numeric__attendance_declining_flag,-0.74125,Reduces Risk
S2779,Academic,3,numeric__skills_soft_skills_score_avg_3m,0.709981,Increases Risk
S2779,Academic,4,numeric__placement_coding_score_avg_3m,0.662321,Increases Risk
S2779,Academic,5,numeric__placement_aptitude_score_current,-0.658608,Reduces Risk
S2780,Academic,1,numeric__placement_coding_score_avg_3m,-0.783918,Reduces Risk
S2780,Academic,2,numeric__placement_coding_score_slope_3m,0.72264,Increases Risk
S2780,Academic,3,numeric__engagement_events_attended_slope_3m,0.71001,Increases Risk
S2780,Academic,4,numeric__engagement_hackathons_attended_std_3m,0.676045,Increases Risk
S2780,Academic,5,numeric__academic_warning_score,-0.668112,Reduces Risk
S2781,Academic,1,numeric__academic_warning_score,0.925793,Increases Risk
S2781,Academic,2,numeric__academic_cgpa_current,-0.756373,Reduces Risk
S2781,Academic,3,numeric__attendance_declining_flag,-0.74125,Reduces Risk
S2781,Academic,4,numeric__academic_backlogs_avg_3m,-0.542023,Reduces Risk
S2781,Academic,5,numeric__academic_cgpa_std_3m,-0.492291,Reduces Risk
S2782,Academic,1,numeric__academic_warning_score,1.191444,Increases Risk
S2782,Academic,2,numeric__academic_cgpa_current,-0.961038,Reduces Risk
S2782,Academic,3,numeric__placement_coding_score_avg_3m,0.944667,Increases Risk
S2782,Academic,4,numeric__skills_tech_skills_score_avg_3m,-0.938812,Reduces Risk
S2782,Academic,5,numeric__academic_backlogs_slope_3m,0.781385,Increases Risk
S2783,Academic,1,numeric__placement_coding_score_avg_3m,-2.148591,Reduces Risk
S2783,Academic,2,numeric__placement_aptitude_score_current,1.868798,Increases Risk
S2783,Academic,3,numeric__skills_tech_skills_score_avg_3m,1.797469,Increases Risk
S2783,Academic,4,numeric__academic_cgpa_current,-0.961038,Reduces Risk
S2783,Academic,5,numeric__academic_backlogs_avg_3m,-0.955781,Reduces Risk
S2784,Academic,1,numeric__placement_coding_score_avg_3m,-0.580002,Reduces Risk
S2784,Academic,2,numeric__engagement_hackathons_attended_std_3m,-0.55575,Reduces Risk
S2784,Academic,3,numeric__feedback_satisfaction_score_avg_3m,0.515373,Increases Risk
S2784,Academic,4,numeric__lms_assignment_completion_pct_avg_3m,-0.501788,Reduces Risk
S2784,Academic,5,numeric__low_attendance_flag,-0.422933,Reduces Risk
S2785,Academic,1,numeric__placement_aptitude_score_current,-1.329462,Reduces Risk
S2785,Academic,2,numeric__skills_tech_skills_score_avg_3m,-0.908101,Reduces Risk
S2785,Academic,3,numeric__placement_coding_score_slope_3m,0.74767,Increases Risk
S2785,Academic,4,numeric__placement_aptitude_score_slope_3m,0.592937,Increases Risk
S2785,Academic,5,numeric__feedback_satisfaction_score_avg_3m,-0.578733,Reduces Risk
S2786,Academic,1,numeric__attendance_overall_attendance_std_3m,0.805445,Increases Risk
S2786,Academic,2,numeric__attendance_declining_flag,-0.74125,Reduces Risk
S2786,Academic,3,numeric__placement_coding_score_avg_3m,0.69683,Increases Risk
S2786,Academic,4,numeric__academic_cgpa_current,0.608059,Increases Risk
S2786,Academic,5,numeric__skills_tech_skills_score_avg_3m,-0.570289,Reduces Risk
S2787,Academic,1,numeric__feedback_satisfaction_score_avg_3m,1.191287,Increases Risk
S2787,Academic,2,numeric__skills_soft_skills_score_avg_3m,-1.113035,Reduces Risk
S2787,Academic,3,numeric__lms_assignment_completion_pct_avg_3m,-1.094441,Reduces Risk
S2787,Academic,4,numeric__feedback_satisfaction_score_current,-0.841106,Reduces Risk
S2787,Academic,5,numeric__placement_mock_interview_score_avg_3m,0.728196,Increases Risk
S2788,Academic,1,numeric__placement_coding_score_avg_3m,-1.831736,Reduces Risk
S2788,Academic,2,numeric__skills_tech_skills_score_avg_3m,1.382881,Increases Risk
S2788,Academic,3,numeric__lms_assignment_completion_pct_avg_3m,1.321213,Increases Risk
S2788,Academic,4,numeric__attendance_declining_flag,-0.74125,Reduces Risk
S2788,Academic,5,numeric__placement_coding_score_current,0.722975,Increases Risk
S2789,Academic,1,numeric__placement_coding_score_avg_3m,-1.656054,Reduces Risk
S2789,Academic,2,numeric__skills_tech_skills_score_avg_3m,1.53029,Increases Risk
S2789,Academic,3,numeric__academic_cgpa_current,-1.083837,Reduces Risk
S2789,Academic,4,numeric__placement_aptitude_score_current,0.948323,Increases Risk
S2789,Academic,5,numeric__lms_assignment_completion_pct_avg_3m,-0.850268,Reduces Risk
S2790,Academic,1,numeric__placement_aptitude_score_current,-1.150048,Reduces Risk
S2790,Academic,2,numeric__academic_cgpa_current,0.805902,Increases Risk
S2790,Academic,3,numeric__attendance_declining_flag,-0.74125,Reduces Risk
S2790,Academic,4,numeric__engagement_hackathons_attended_std_3m,-0.55575,Reduces Risk
S2790,Academic,5,numeric__lms_assignment_completion_pct_avg_3m,0.546023,Increases Risk
S2791,Academic,1,numeric__lms_assignment_completion_pct_avg_3m,1.1529,Increases Risk
S2791,Academic,2,numeric__placement_mock_interview_score_avg_3m,-0.967454,Reduces Risk
S2791,Academic,3,numeric__feedback_satisfaction_score_avg_3m,-0.894808,Reduces Risk
S2791,Academic,4,numeric__skills_soft_skills_score_avg_3m,0.85928,Increases Risk
S2791,Academic,5,numeric__attendance_declining_flag,-0.74125,Reduces Risk
S2792,Academic,1,numeric__lms_assignment_completion_pct_avg_3m,-1.084958,Reduces Risk
S2792,Academic,2,numeric__academic_backlogs_slope_3m,0.781385,Increases Risk
S2792,Academic,3,numeric__lms_assignment_completion_pct_current,0.518826,Increases Risk
S2792,Academic,4,numeric__cgpa_declining_flag,0.487485,Increases Risk
S2792,Academic,5,numeric__academic_cgpa_std_3m,-0.448912,Reduces Risk
S2793,Academic,1,numeric__academic_warning_score,-0.933762,Reduces Risk
S2793,Academic,2,numeric__lms_assignment_completion_pct_avg_3m,-0.914274,Reduces Risk
S2793,Academic,3,numeric__placement_coding_score_slope_3m,0.910371,Increases Risk
S2793,Academic,4,numeric__feedback_faculty_rating_avg_3m,0.826782,Increases Risk
S2793,Academic,5,numeric__feedback_satisfaction_score_avg_3m,0.675841,Increases Risk
S2794,Academic,1,numeric__engagement_events_attended_slope_3m,0.71001,Increases Risk
S2794,Academic,2,numeric__engagement_hackathons_attended_current,0.677675,Increases Risk
S2794,Academic,3,numeric__engagement_hackathons_attended_std_3m,0.676045,Increases Risk
S2794,Academic,4,numeric__academic_warning_score,-0.668112,Reduces Risk
S2794,Academic,5,numeric__feedback_faculty_rating_avg_3m,-0.555221,Reduces Risk
S2795,Academic,1,numeric__feedback_satisfaction_score_avg_3m,1.346893,Increases Risk
S2795,Academic,2,numeric__lms_assignment_completion_pct_avg_3m,-1.077846,Reduces Risk
S2795,Academic,3,numeric__attendance_declining_flag,-0.74125,Reduces Risk
S2795,Academic,4,numeric__feedback_satisfaction_score_missing,-0.713384,Reduces Risk
S2795,Academic,5,numeric__lms_assignment_completion_pct_current,0.626424,Increases Risk
S2796,Academic,1,numeric__placement_coding_score_avg_3m,0.979176,Increases Risk
S2796,Academic,2,numeric__skills_tech_skills_score_avg_3m,-0.837468,Reduces Risk
S2796,Academic,3,numeric__feedback_satisfaction_score_avg_3m,-0.802417,Reduces Risk
S2796,Academic,4,numeric__attendance_declining_flag,-0.74125,Reduces Risk
S2796,Academic,5,numeric__lms_assignment_completion_pct_avg_3m,0.666924,Increases Risk
S2797,Academic,1,numeric__placement_aptitude_score_current,-1.259256,Reduces Risk
S2797,Academic,2,numeric__placement_coding_score_avg_3m,1.214465,Increases Risk
S2797,Academic,3,numeric__skills_tech_skills_score_avg_3m,-1.058581,Reduces Risk
S2797,Academic,4,numeric__academic_cgpa_current,0.880946,Increases Risk
S2797,Academic,5,numeric__feedback_faculty_rating_avg_3m,-0.801274,Reduces Risk
S2798,Academic,1,numeric__lms_logins_per_week_slope_3m,1.270781,Increases Risk
S2798,Academic,2,numeric__feedback_satisfaction_score_avg_3m,-0.992062,Reduces Risk
S2798,Academic,3,numeric__placement_coding_score_avg_3m,0.816043,Increases Risk
S2798,Academic,4,numeric__placement_mock_interview_score_avg_3m,-0.806056,Reduces Risk
S2798,Academic,5,numeric__skills_tech_skills_score_avg_3m,-0.791402,Reduces Risk
S2799,Academic,1,numeric__academic_cgpa_current,-1.179347,Reduces Risk
S2799,Academic,2,numeric__placement_coding_score_avg_3m,-0.984698,Reduces Risk
S2799,Academic,3,numeric__attendance_declining_flag,-0.74125,Reduces Risk
S2799,Academic,4,numeric__placement_aptitude_score_current,0.706503,Increases Risk
S2799,Academic,5,numeric__placement_aptitude_score_slope_3m,0.693421,Increases Risk
S2800,Academic,1,numeric__placement_coding_score_avg_3m,1.236425,Increases Risk
S2800,Academic,2,numeric__placement_mock_interview_score_avg_3m,-0.969398,Reduces Risk
S2800,Academic,3,numeric__lms_assignment_completion_pct_avg_3m,0.939545,Increases Risk
S2800,Academic,4,numeric__academic_warning_score,-0.933762,Reduces Risk
S2800,Academic,5,numeric__skills_soft_skills_score_avg_3m,0.809514,Increases Risk
S2001,Placement,1,numeric__attendance_overall_attendance_current,3.21574,Increases Risk
S2001,Placement,2,numeric__attendance_overall_attendance_avg_3m,-1.777693,Reduces Risk
S2001,Placement,3,numeric__attendance_subject_attendance_current,1.597631,Increases Risk
S2001,Placement,4,numeric__attendance_subject_attendance_avg_3m,-1.317743,Reduces Risk
S2001,Placement,5,numeric__placement_aptitude_score_current,1.076499,Increases Risk
S2002,Placement,1,numeric__academic_subject_score_avg_slope_3m,0.945717,Increases Risk
S2002,Placement,2,numeric__academic_internal_marks_slope_3m,-0.86993,Reduces Risk
S2002,Placement,3,numeric__placement_mock_interview_score_current,-0.845359,Reduces Risk
S2002,Placement,4,numeric__placement_mock_interview_score_avg_3m,-0.662961,Reduces Risk
S2002,Placement,5,numeric__attendance_overall_attendance_current,0.630688,Increases Risk
S2003,Placement,1,numeric__low_lms_flag,0.913609,Increases Risk
S2003,Placement,2,numeric__attendance_overall_attendance_current,-0.65643,Reduces Risk
S2003,Placement,3,numeric__skills_soft_skills_score_std_3m,-0.648749,Reduces Risk
S2003,Placement,4,numeric__placement_aptitude_score_slope_3m,-0.585541,Reduces Risk
S2003,Placement,5,numeric__feedback_satisfaction_score_current,0.466903,Increases Risk
S2004,Placement,1,numeric__attendance_overall_attendance_current,-0.85112,Reduces Risk
S2004,Placement,2,numeric__attendance_subject_attendance_current,-0.667011,Reduces Risk
S2004,Placement,3,numeric__attendance_subject_attendance_avg_3m,0.621128,Increases Risk
S2004,Placement,4,numeric__attendance_overall_attendance_avg_3m,0.591352,Increases Risk
S2004,Placement,5,categorical__department_CSE,-0.416441,Reduces Risk
S2005,Placement,1,numeric__attendance_overall_attendance_current,-0.937649,Reduces Risk
S2005,Placement,2,numeric__engagement_strength,0.775128,Increases Risk
S2005,Placement,3,numeric__engagement_events_attended_current,-0.630014,Reduces Risk
S2005,Placement,4,numeric__attendance_overall_attendance_avg_3m,0.614083,Increases Risk
S2005,Placement,5,numeric__attendance_subject_attendance_avg_3m,0.510786,Increases Risk
S2006,Placement,1,numeric__engagement_strength,-2.400094,Reduces Risk
S2006,Placement,2,numeric__engagement_hackathons_attended_current,1.813675,Increases Risk
S2006,Placement,3,numeric__placement_aptitude_score_current,1.236409,Increases Risk
S2006,Placement,4,numeric__academic_internal_marks_avg_3m,-0.860074,Reduces Risk
S2006,Placement,5,numeric__placement_mock_interview_score_current,-0.805516,Reduces Risk
S2007,Placement,1,numeric__feedback_satisfaction_score_slope_3m,0.631884,Increases Risk
S2007,Placement,2,numeric__placement_coding_score_avg_3m,-0.621602,Reduces Risk
S2007,Placement,3,numeric__placement_aptitude_score_current,0.513006,Increases Risk
S2007,Placement,4,numeric__placement_mock_interview_score_avg_3m,-0.505846,Reduces Risk
S2007,Placement,5,numeric__skills_soft_skills_score_current,0.488865,Increases Risk
S2008,Placement,1,numeric__attendance_overall_attendance_current,-1.965181,Reduces Risk
S2008,Placement,2,numeric__engagement_hackathons_attended_current,1.813675,Increases Risk
S2008,Placement,3,numeric__attendance_overall_attendance_avg_3m,1.407132,Increases Risk
S2008,Placement,4,numeric__engagement_strength,-1.279427,Reduces Risk
S2008,Placement,5,numeric__attendance_subject_attendance_avg_3m,0.963978,Increases Risk
S2009,Placement,1,numeric__engagement_strength,2.082572,Increases Risk
S2009,Placement,2,numeric__low_coding_flag,1.487088,Increases Risk
S2009,Placement,3,numeric__placement_coding_score_avg_3m,1.132894,Increases Risk
S2009,Placement,4,numeric__placement_mock_interview_score_current,1.106959,Increases Risk
S2009,Placement,5,numeric__engagement_hackathons_attended_current,-1.050022,Reduces Risk
S2010,Placement,1,numeric__engagement_hackathons_attended_current,0.859109,Increases Risk
S2010,Placement,2,numeric__placement_aptitude_score_current,0.741449,Increases Risk
S2010,Placement,3,numeric__placement_coding_score_avg_3m,-0.584502,Reduces Risk
S2010,Placement,4,numeric__lms_assignment_completion_pct_std_3m,-0.573161,Reduces Risk
S2010,Placement,5,numeric__engagement_strength,-0.532317,Reduces Risk
S2011,Placement,1,numeric__attendance_overall_attendance_current,1.7123,Increases Risk
S2011,Placement,2,numeric__feedback_satisfaction_score_current,1.219736,Increases Risk
S2011,Placement,3,numeric__placement_aptitude_score_current,1.167876,Increases Risk
S2011,Placement,4,numeric__attendance_subject_attendance_current,1.089674,Increases Risk
S2011,Placement,5,numeric__attendance_overall_attendance_avg_3m,-1.007375,Reduces Risk
S2012,Placement,1,numeric__placement_mock_interview_score_current,-1.11857,Reduces Risk
S2012,Placement,2,numeric__placement_aptitude_score_current,1.076499,Increases Risk
S2012,Placement,3,numeric__academic_internal_marks_avg_3m,-0.956727,Reduces Risk
S2012,Placement,4,numeric__placement_mock_interview_score_avg_3m,-0.75755,Reduces Risk
S2012,Placement,5,numeric__skills_soft_skills_score_current,0.723592,Increases Risk
S2013,Placement,1,numeric__placement_mock_interview_score_current,-0.828284,Reduces Risk
S2013,Placement,2,numeric__placement_aptitude_score_current,0.809982,Increases Risk
S2013,Placement,3,numeric__placement_mock_interview_score_avg_3m,-0.738312,Reduces Risk
S2013,Placement,4,numeric__attendance_overall_attendance_slope_3m,-0.593341,Reduces Risk
S2013,Placement,5,numeric__placement_coding_score_avg_3m,-0.573682,Reduces Risk
S2014,Placement,1,numeric__placement_aptitude_score_current,-0.811962,Reduces Risk
S2014,Placement,2,numeric__feedback_faculty_rating_current,0.641263,Increases Risk
S2014,Placement,3,numeric__skills_soft_skills_score_std_3m,0.630564,Increases Risk
S2014,Placement,4,numeric__feedback_satisfaction_score_slope_3m,-0.579591,Reduces Risk
S2014,Placement,5,numeric__academic_internal_marks_avg_3m,0.440139,Increases Risk
S2015,Placement,1,numeric__skills_soft_skills_score_std_3m,0.902881,Increases Risk
S2015,Placement,2,numeric__engagement_strength,0.775128,Increases Risk
S2015,Placement,3,numeric__placement_mock_interview_score_current,0.771137,Increases Risk
S2015,Placement,4,numeric__skills_soft_skills_score_current,-0.770463,Reduces Risk
S2015,Placement,5,numeric__placement_aptitude_score_current,-0.613978,Reduces Risk
S2016,Placement,1,numeric__engagement_hackathons_attended_current,-1.050022,Reduces Risk
S2016,Placement,2,numeric__lms_assignment_completion_pct_std_3m,-0.687097,Reduces Risk
S2016,Placement,3,numeric__placement_aptitude_score_current,-0.682511,Reduces Risk
S2016,Placement,4,numeric__placement_coding_score_avg_3m,0.638235,Increases Risk
S2016,Placement,5,numeric__skills_soft_skills_score_std_3m,0.558007,Increases Risk
S2017,Placement,1,numeric__attendance_overall_attendance_current,0.976804,Increases Risk
S2017,Placement,2,numeric__low_lms_flag,0.913609,Increases Risk
S2017,Placement,3,numeric__engagement_hackathons_attended_current,0.859109,Increases Risk
S2017,Placement,4,numeric__feedback_satisfaction_score_current,0.744647,Increases Risk
S2017,Placement,5,numeric__placement_aptitude_score_current,0.634843,Increases Risk
S2018,Placement,1,numeric__engagement_strength,-2.026538,Reduces Risk
S2018,Placement,2,numeric__attendance_overall_attendance_current,-1.510904,Reduces Risk
S2018,Placement,3,numeric__attendance_overall_attendance_avg_3m,1.040915,Increases Risk
S2018,Placement,4,numeric__engagement_events_attended_current,1.019238,Increases Risk
S2018,Placement,5,numeric__attendance_subject_attendance_current,-0.841622,Reduces Risk
S2019,Placement,1,numeric__attendance_overall_attendance_current,-0.688879,Reduces Risk
S2019,Placement,2,numeric__skills_soft_skills_score_std_3m,-0.663117,Reduces Risk
S2019,Placement,3,numeric__feedback_satisfaction_score_slope_3m,-0.570875,Reduces Risk
S2019,Placement,4,numeric__attendance_subject_attendance_current,-0.508275,Reduces Risk
S2019,Placement,5,numeric__placement_coding_score_std_3m,0.386319,Increases Risk
S2020,Placement,1,numeric__low_lms_flag,0.913609,Increases Risk
S2020,Placement,2,numeric__attendance_overall_attendance_current,-0.699695,Reduces Risk
S2020,Placement,3,numeric__attendance_subject_attendance_current,-0.534731,Reduces Risk
S2020,Placement,4,numeric__placement_mock_interview_score_current,0.515002,Increases Risk
S2020,Placement,5,numeric__academic_internal_marks_slope_3m,0.488798,Increases Risk
S2021,Placement,1,numeric__attendance_overall_attendance_current,0.965988,Increases Risk
S2021,Placement,2,numeric__academic_internal_marks_avg_3m,0.852065,Increases Risk
S2021,Placement,3,numeric__placement_aptitude_score_current,-0.811962,Reduces Risk
S2021,Placement,4,numeric__placement_mock_interview_score_current,-0.646143,Reduces Risk
S2021,Placement,5,numeric__placement_coding_score_avg_3m,0.630506,Increases Risk
S2022,Placement,1,numeric__attendance_overall_attendance_current,-1.32703,Reduces Risk
S2022,Placement,2,numeric__attendance_overall_attendance_avg_3m,0.869172,Increases Risk
S2022,Placement,3,numeric__skills_tech_skills_score_avg_3m,0.772992,Increases Risk
S2022,Placement,4,numeric__placement_coding_score_avg_3m,-0.742175,Reduces Risk
S2022,Placement,5,numeric__placement_mock_interview_score_current,-0.685986,Reduces Risk
S2023,Placement,1,numeric__placement_coding_score_slope_3m,-0.719845,Reduces Risk
S2023,Placement,2,numeric__attendance_subject_attendance_current,0.63992,Increases Risk
S2023,Placement,3,numeric__placement_coding_score_avg_3m,0.638235,Increases Risk
S2023,Placement,4,numeric__lms_assignment_completion_pct_current,0.477796,Increases Risk
S2023,Placement,5,numeric__placement_aptitude_score_current,-0.469298,Reduces Risk
S2024,Placement,1,numeric__attendance_overall_attendance_current,1.625771,Increases Risk
S2024,Placement,2,numeric__engagement_hackathons_attended_current,-1.050022,Reduces Risk
S2024,Placement,3,numeric__critical_attendance_flag,-0.997756,Reduces Risk
S2024,Placement,4,numeric__attendance_overall_attendance_avg_3m,-0.881093,Reduces Risk
S2024,Placement,5,numeric__academic_internal_marks_avg_3m,0.764617,Increases Risk
S2025,Placement,1,numeric__placement_aptitude_score_current,1.038425,Increases Risk
S2025,Placement,2,numeric__placement_aptitude_score_slope_3m,-1.024101,Reduces Risk
S2025,Placement,3,numeric__engagement_strength,-0.905872,Reduces Risk
S2025,Placement,4,numeric__attendance_overall_attendance_current,-0.753775,Reduces Risk
S2025,Placement,5,numeric__placement_coding_score_slope_3m,0.672014,Increases Risk
S2026,Placement,1,numeric__academic_internal_marks_avg_3m,-1.152334,Reduces Risk
S2026,Placement,2,numeric__placement_aptitude_score_slope_3m,0.495956,Increases Risk
S2026,Placement,3,numeric__academic_subject_score_avg_avg_3m,0.459091,Increases Risk
S2026,Placement,4,numeric__attendance_overall_attendance_current,0.45763,Increases Risk
S2026,Placement,5,numeric__placement_aptitude_score_current,-0.454068,Reduces Risk
S2027,Placement,1,numeric__attendance_overall_attendance_current,1.950254,Increases Risk
S2027,Placement,2,numeric__attendance_overall_attendance_std_3m,-1.230586,Reduces Risk
S2027,Placement,3,numeric__attendance_subject_attendance_current,1.184916,Increases Risk
S2027,Placement,4,numeric__attendance_overall_attendance_slope_3m,-1.158351,Reduces Risk
S2027,Placement,5,numeric__critical_attendance_flag,-0.997756,Reduces Risk
S2028,Placement,1,numeric__attendance_overall_attendance_current,2.945337,Increases Risk
S2028,Placement,2,numeric__attendance_overall_attendance_avg_3m,-1.575642,Reduces Risk
S2028,Placement,3,numeric__attendance_subject_attendance_current,1.497098,Increases Risk
S2028,Placement,4,numeric__attendance_subject_attendance_avg_3m,-1.185726,Reduces Risk
S2028,Placement,5,numeric__critical_attendance_flag,-0.997756,Reduces Risk
S2029,Placement,1,numeric__placement_aptitude_score_current,-1.116552,Reduces Risk
S2029,Placement,2,numeric__engagement_hackathons_attended_current,-1.050022,Reduces Risk
S2029,Placement,3,numeric__engagement_strength,0.961905,Increases Risk
S2029,Placement,4,numeric__attendance_overall_attendance_current,-0.559085,Reduces Risk
S2029,Placement,5,numeric__placement_coding_score_slope_3m,0.556666,Increases Risk
S2030,Placement,1,numeric__attendance_overall_attendance_current,2.134129,Increases Risk
S2030,Placement,2,numeric__attendance_overall_attendance_avg_3m,-1.593322,Reduces Risk
S2030,Placement,3,numeric__attendance_subject_attendance_avg_3m,-1.213312,Reduces Risk
S2030,Placement,4,numeric__attendance_subject_attendance_current,1.042053,Increases Risk
S2030,Placement,5,numeric__critical_attendance_flag,-0.997756,Reduces Risk
S2031,Placement,1,numeric__engagement_hackathons_attended_current,1.813675,Increases Risk
S2031,Placement,2,numeric__engagement_strength,-0.719094,Reduces Risk
S2031,Placement,3,numeric__attendance_overall_attendance_current,0.630688,Increases Risk
S2031,Placement,4,categorical__department_CIVIL ENGINEERING,0.589631,Increases Risk
S2031,Placement,5,numeric__engagement_club_participations_current,-0.547287,Reduces Risk
S2032,Placement,1,numeric__attendance_overall_attendance_current,-1.759674,Reduces Risk
S2032,Placement,2,numeric__attendance_overall_attendance_avg_3m,1.144466,Increases Risk
S2032,Placement,3,numeric__attendance_subject_attendance_current,-0.894534,Reduces Risk
S2032,Placement,4,numeric__attendance_subject_attendance_avg_3m,0.824079,Increases Risk
S2032,Placement,5,numeric__placement_mock_interview_score_current,-0.691678,Reduces Risk
S2033,Placement,1,numeric__placement_mock_interview_score_current,-1.192565,Reduces Risk
S2033,Placement,2,numeric__attendance_overall_attendance_current,-0.861937,Reduces Risk
S2033,Placement,3,numeric__engagement_hackathons_attended_current,0.859109,Increases Risk
S2033,Placement,4,numeric__feedback_satisfaction_score_slope_3m,-0.84106,Reduces Risk
S2033,Placement,5,numeric__skills_soft_skills_score_current,0.783205,Increases Risk
S2034,Placement,1,numeric__attendance_overall_attendance_current,-1.013362,Reduces Risk
S2034,Placement,2,numeric__engagement_strength,-0.905872,Reduces Risk
S2034,Placement,3,numeric__placement_aptitude_score_current,0.695761,Increases Risk
S2034,Placement,4,numeric__skills_soft_skills_score_std_3m,-0.597422,Reduces Risk
S2034,Placement,5,numeric__academic_internal_marks_avg_3m,-0.586224,Reduces Risk
S2035,Placement,1,numeric__engagement_certifications_count_current,0.937282,Increases Risk
S2035,Placement,2,numeric__engagement_strength,-0.905872,Reduces Risk
S2035,Placement,3,numeric__placement_mock_interview_score_current,0.754061,Increases Risk
S2035,Placement,4,numeric__placement_mock_interview_score_std_3m,-0.364676,Reduces Risk
S2035,Placement,5,numeric__feedback_faculty_rating_current,0.349835,Increases Risk
S2036,Placement,1,numeric__placement_coding_score_slope_3m,0.860415,Increases Risk
S2036,Placement,2,numeric__engagement_hackathons_attended_current,0.859109,Increases Risk
S2036,Placement,3,numeric__attendance_overall_attendance_current,-0.79704,Reduces Risk
S2036,Placement,4,numeric__attendance_subject_attendance_avg_3m,0.648714,Increases Risk
S2036,Placement,5,numeric__attendance_overall_attendance_avg_3m,0.646916,Increases Risk
S2037,Placement,1,numeric__attendance_overall_attendance_current,2.837176,Increases Risk
S2037,Placement,2,numeric__attendance_overall_attendance_avg_3m,-1.598373,Reduces Risk
S2037,Placement,3,numeric__attendance_subject_attendance_current,1.280158,Increases Risk
S2037,Placement,4,numeric__attendance_subject_attendance_avg_3m,-1.177845,Reduces Risk
S2037,Placement,5,numeric__critical_attendance_flag,-0.997756,Reduces Risk
S2038,Placement,1,numeric__engagement_hackathons_attended_current,1.813675,Increases Risk
S2038,Placement,2,numeric__engagement_strength,-1.279427,Reduces Risk
S2038,Placement,3,numeric__attendance_overall_attendance_current,1.203942,Increases Risk
S2038,Placement,4,numeric__academic_internal_marks_avg_3m,1.084493,Increases Risk
S2038,Placement,5,numeric__skills_soft_skills_score_std_3m,1.059041,Increases Risk
S2039,Placement,1,numeric__placement_mock_interview_score_current,-0.640451,Reduces Risk
S2039,Placement,2,numeric__academic_internal_marks_avg_3m,-0.574717,Reduces Risk
S2039,Placement,3,numeric__skills_soft_skills_score_current,0.496317,Increases Risk
S2039,Placement,4,numeric__placement_mock_interview_score_avg_3m,-0.49302,Reduces Risk
S2039,Placement,5,numeric__engagement_certifications_count_current,0.39235,Increases Risk
S2040,Placement,1,numeric__engagement_strength,-1.466205,Reduces Risk
S2040,Placement,2,numeric__attendance_overall_attendance_current,-1.38111,Reduces Risk
S2040,Placement,3,numeric__attendance_subject_attendance_current,-0.92099,Reduces Risk
S2040,Placement,4,numeric__attendance_overall_attendance_avg_3m,0.912108,Increases Risk
S2040,Placement,5,numeric__attendance_subject_attendance_avg_3m,0.861517,Increases Risk
S2041,Placement,1,numeric__placement_mock_interview_score_std_3m,0.431767,Increases Risk
S2041,Placement,2,numeric__academic_warning_score,0.372987,Increases Risk
S2041,Placement,3,numeric__skills_soft_skills_score_current,0.332381,Increases Risk
S2041,Placement,4,numeric__placement_mock_interview_score_current,-0.310322,Reduces Risk
S2041,Placement,5,numeric__placement_mock_interview_score_avg_3m,-0.279793,Reduces Risk
S2042,Placement,1,numeric__feedback_satisfaction_score_slope_3m,1.547027,Increases Risk
S2042,Placement,2,numeric__academic_internal_marks_avg_3m,1.252485,Increases Risk
S2042,Placement,3,numeric__attendance_overall_attendance_avg_3m,-1.043996,Reduces Risk
S2042,Placement,4,numeric__attendance_subject_attendance_current,0.94152,Increases Risk
S2042,Placement,5,numeric__placement_aptitude_score_current,-0.933798,Reduces Risk
S2043,Placement,1,numeric__engagement_strength,-2.400094,Reduces Risk
S2043,Placement,2,numeric__engagement_hackathons_attended_current,1.813675,Increases Risk
S2043,Placement,3,numeric__engagement_certifications_count_current,0.937282,Increases Risk
S2043,Placement,4,numeric__academic_internal_marks_avg_3m,0.704785,Increases Risk
S2043,Placement,5,numeric__feedback_satisfaction_score_current,-0.60022,Reduces Risk
S2044,Placement,1,numeric__attendance_overall_attendance_current,1.831277,Increases Risk
S2044,Placement,2,numeric__academic_internal_marks_avg_3m,1.284703,Increases Risk
S2044,Placement,3,numeric__attendance_subject_attendance_current,1.227246,Increases Risk
S2044,Placement,4,numeric__placement_mock_interview_score_current,1.078499,Increases Risk
S2044,Placement,5,numeric__engagement_hackathons_attended_current,-1.050022,Reduces Risk
S2045,Placement,1,numeric__placement_mock_interview_score_current,1.26064,Increases Risk
S2045,Placement,2,numeric__engagement_hackathons_attended_current,-1.050022,Reduces Risk
S2045,Placement,3,numeric__engagement_strength,0.961905,Increases Risk
S2045,Placement,4,numeric__placement_mock_interview_score_avg_3m,0.880934,Increases Risk
S2045,Placement,5,numeric__skills_soft_skills_score_current,-0.572994,Reduces Risk
S2046,Placement,1,numeric__attendance_overall_attendance_current,-1.002546,Reduces Risk
S2046,Placement,2,numeric__placement_aptitude_score_current,0.756679,Increases Risk
S2046,Placement,3,numeric__attendance_overall_attendance_avg_3m,0.669647,Increases Risk
S2046,Placement,4,numeric__attendance_subject_attendance_avg_3m,0.613247,Increases Risk
S2046,Placement,5,numeric__skills_tech_skills_score_avg_3m,0.606965,Increases Risk
S2047,Placement,1,numeric__low_aptitude_flag,-1.905883,Reduces Risk
S2047,Placement,2,numeric__placement_aptitude_score_current,-1.824725,Reduces Risk
S2047,Placement,3,numeric__engagement_strength,1.335461,Increases Risk
S2047,Placement,4,numeric__placement_coding_score_avg_3m,0.928847,Increases Risk
S2047,Placement,5,numeric__placement_mock_interview_score_current,0.845132,Increases Risk
S2048,Placement,1,numeric__engagement_strength,-1.652983,Reduces Risk
S2048,Placement,2,numeric__placement_aptitude_score_current,-0.964257,Reduces Risk
S2048,Placement,3,numeric__engagement_hackathons_attended_current,0.859109,Increases Risk
S2048,Placement,4,numeric__academic_internal_marks_avg_3m,0.854367,Increases Risk
S2048,Placement,5,numeric__feedback_faculty_rating_current,0.689834,Increases Risk
S2049,Placement,1,numeric__engagement_hackathons_attended_current,-1.050022,Reduces Risk
S2049,Placement,2,numeric__placement_aptitude_score_current,-1.002331,Reduces Risk
S2049,Placement,3,numeric__placement_coding_score_avg_3m,0.798999,Increases Risk
S2049,Placement,4,numeric__attendance_overall_attendance_current,-0.678063,Reduces Risk
S2049,Placement,5,numeric__skills_tech_skills_score_avg_3m,-0.589809,Reduces Risk
S2050,Placement,1,numeric__engagement_hackathons_attended_current,-1.050022,Reduces Risk
S2050,Placement,2,numeric__low_lms_flag,0.913609,Increases Risk
S2050,Placement,3,numeric__attendance_overall_attendance_current,0.728033,Increases Risk
S2050,Placement,4,numeric__academic_internal_marks_avg_3m,0.725496,Increases Risk
S2050,Placement,5,numeric__academic_warning_score,-0.635087,Reduces Risk
S2051,Placement,1,numeric__academic_internal_marks_avg_3m,0.819848,Increases Risk
S2051,Placement,2,numeric__placement_mock_interview_score_current,-0.572149,Reduces Risk
S2051,Placement,3,numeric__feedback_satisfaction_score_current,-0.541748,Reduces Risk
S2051,Placement,4,numeric__academic_cgpa_avg_3m,0.50688,Increases Risk
S2051,Placement,5,numeric__academic_cgpa_current,0.50551,Increases Risk
S2052,Placement,1,numeric__engagement_strength,2.082572,Increases Risk
S2052,Placement,2,numeric__low_coding_flag,1.487088,Increases Risk
S2052,Placement,3,numeric__placement_mock_interview_score_current,1.175261,Increases Risk
S2052,Placement,4,numeric__placement_aptitude_score_current,-1.093708,Reduces Risk
S2052,Placement,5,numeric__engagement_hackathons_attended_current,-1.050022,Reduces Risk
S2053,Placement,1,numeric__academic_internal_marks_avg_3m,-0.820952,Reduces Risk
S2053,Placement,2,numeric__attendance_overall_attendance_current,-0.710511,Reduces Risk
S2053,Placement,3,numeric__placement_aptitude_score_current,0.543465,Increases Risk
S2053,Placement,4,numeric__attendance_overall_attendance_avg_3m,0.518109,Increases Risk
S2053,Placement,5,numeric__skills_soft_skills_score_std_3m,0.500197,Increases Risk
S2054,Placement,1,numeric__placement_aptitude_score_current,-1.573438,Reduces Risk
S2054,Placement,2,numeric__academic_internal_marks_avg_3m,0.909597,Increases Risk
S2054,Placement,3,numeric__engagement_hackathons_attended_current,0.859109,Increases Risk
S2054,Placement,4,numeric__placement_mock_interview_score_avg_3m,0.858489,Increases Risk
S2054,Placement,5,numeric__skills_soft_skills_score_std_3m,0.762594,Increases Risk
S2055,Placement,1,numeric__feedback_satisfaction_score_slope_3m,-0.614453,Reduces Risk
S2055,Placement,2,numeric__attendance_subject_attendance_current,-0.571769,Reduces Risk
S2055,Placement,3,numeric__skills_soft_skills_score_std_3m,-0.468551,Reduces Risk
S2055,Placement,4,numeric__engagement_certifications_count_current,0.39235,Increases Risk
S2055,Placement,5,numeric__engagement_strength,-0.345539,Reduces Risk
S2056,Placement,1,numeric__attendance_overall_attendance_current,-1.391926,Reduces Risk
S2056,Placement,2,numeric__low_lms_flag,0.913609,Increases Risk
S2056,Placement,3,numeric__attendance_overall_attendance_avg_3m,0.902005,Increases Risk
S2056,Placement,4,numeric__academic_internal_marks_avg_3m,-0.77953,Reduces Risk
S2056,Placement,5,numeric__engagement_strength,0.775128,Increases Risk
S2057,Placement,1,numeric__engagement_certifications_count_current,0.937282,Increases Risk
S2057,Placement,2,numeric__engagement_strength,-0.905872,Reduces Risk
S2057,Placement,3,numeric__placement_aptitude_score_current,0.840441,Increases Risk
S2057,Placement,4,numeric__placement_coding_score_avg_3m,-0.55204,Reduces Risk
S2057,Placement,5,numeric__skills_soft_skills_score_std_3m,-0.461463,Reduces Risk
S2058,Placement,1,numeric__attendance_overall_attendance_current,-1.997629,Reduces Risk
S2058,Placement,2,numeric__attendance_overall_attendance_avg_3m,1.174774,Increases Risk
S2058,Placement,3,numeric__attendance_subject_attendance_current,-1.069144,Reduces Risk
S2058,Placement,4,numeric__engagement_strength,-0.905872,Reduces Risk
S2058,Placement,5,numeric__attendance_subject_attendance_avg_3m,0.893043,Increases Risk
S2059,Placement,1,numeric__engagement_strength,0.775128,Increases Risk
S2059,Placement,2,numeric__attendance_overall_attendance_current,0.760481,Increases Risk
S2059,Placement,3,numeric__skills_soft_skills_score_std_3m,0.6329,Increases Risk
S2059,Placement,4,numeric__placement_aptitude_score_current,0.619613,Increases Risk
S2059,Placement,5,numeric__feedback_satisfaction_score_slope_3m,0.614453,Increases Risk
S2060,Placement,1,numeric__placement_aptitude_score_current,1.312556,Increases Risk
S2060,Placement,2,numeric__placement_coding_score_avg_3m,-0.725171,Reduces Risk
S2060,Placement,3,numeric__academic_internal_marks_avg_3m,-0.70819,Reduces Risk
S2060,Placement,4,numeric__skills_tech_skills_score_avg_3m,0.623568,Increases Risk
S2060,Placement,5,numeric__placement_aptitude_score_slope_3m,-0.602573,Reduces Risk
S2061,Placement,1,numeric__attendance_overall_attendance_current,0.98762,Increases Risk
S2061,Placement,2,numeric__engagement_hackathons_attended_current,0.859109,Increases Risk
S2061,Placement,3,numeric__academic_internal_marks_avg_3m,-0.705889,Reduces Risk
S2061,Placement,4,numeric__feedback_faculty_rating_current,-0.629686,Reduces Risk
S2061,Placement,5,numeric__skills_soft_skills_score_std_3m,-0.603929,Reduces Risk
S2062,Placement,1,numeric__engagement_hackathons_attended_current,1.813675,Increases Risk
S2062,Placement,2,numeric__engagement_strength,-1.279427,Reduces Risk
S2062,Placement,3,numeric__placement_aptitude_score_current,-0.613978,Reduces Risk
S2062,Placement,4,numeric__placement_aptitude_score_slope_3m,0.542792,Increases Risk
S2062,Placement,5,numeric__attendance_overall_attendance_current,-0.472556,Reduces Risk
S2063,Placement,1,numeric__attendance_overall_attendance_current,1.366184,Increases Risk
S2063,Placement,2,numeric__attendance_overall_attendance_avg_3m,-0.926554,Reduces Risk
S2063,Placement,3,numeric__low_lms_flag,0.913609,Increases Risk
S2063,Placement,4,numeric__placement_aptitude_score_missing,-0.83073,Reduces Risk
S2063,Placement,5,numeric__placement_aptitude_score_slope_3m,-0.781403,Reduces Risk
S2064,Placement,1,numeric__engagement_strength,-1.839761,Reduces Risk
S2064,Placement,2,numeric__engagement_hackathons_attended_current,1.813675,Increases Risk
S2064,Placement,3,numeric__skills_soft_skills_score_std_3m,0.918807,Increases Risk
S2064,Placement,4,numeric__low_lms_flag,0.913609,Increases Risk
S2064,Placement,5,numeric__placement_coding_score_avg_3m,-0.821011,Reduces Risk
S2065,Placement,1,numeric__attendance_overall_attendance_current,0.84701,Increases Risk
S2065,Placement,2,numeric__attendance_overall_attendance_avg_3m,-0.772491,Reduces Risk
S2065,Placement,3,numeric__placement_mock_interview_score_current,0.754061,Increases Risk
S2065,Placement,4,numeric__placement_mock_interview_score_avg_3m,0.70458,Increases Risk
S2065,Placement,5,numeric__feedback_satisfaction_score_current,0.686175,Increases Risk
S2066,Placement,1,numeric__attendance_overall_attendance_current,1.961071,Increases Risk
S2066,Placement,2,numeric__engagement_strength,-1.652983,Reduces Risk
S2066,Placement,3,numeric__attendance_overall_attendance_avg_3m,-1.224579,Reduces Risk
S2066,Placement,4,numeric__attendance_subject_attendance_current,1.042053,Increases Risk
S2066,Placement,5,numeric__attendance_subject_attendance_avg_3m,-1.012331,Reduces Risk
S2067,Placement,1,numeric__engagement_hackathons_attended_current,-1.050022,Reduces Risk
S2067,Placement,2,numeric__low_lms_flag,0.913609,Increases Risk
S2067,Placement,3,numeric__feedback_satisfaction_score_slope_3m,0.710325,Increases Risk
S2067,Placement,4,numeric__engagement_events_attended_current,0.689387,Increases Risk
S2067,Placement,5,numeric__placement_aptitude_score_current,-0.682511,Reduces Risk
S2068,Placement,1,numeric__engagement_hackathons_attended_current,0.859109,Increases Risk
S2068,Placement,2,numeric__placement_aptitude_score_current,-0.811962,Reduces Risk
S2068,Placement,3,numeric__engagement_strength,-0.532317,Reduces Risk
S2068,Placement,4,numeric__skills_tech_skills_score_avg_3m,-0.502645,Reduces Risk
S2068,Placement,5,numeric__lms_logins_per_week_avg_3m,0.479123,Increases Risk
S2069,Placement,1,numeric__attendance_overall_attendance_current,2.718199,Increases Risk
S2069,Placement,2,numeric__attendance_subject_attendance_current,1.523554,Increases Risk
S2069,Placement,3,numeric__attendance_overall_attendance_avg_3m,-1.42663,Reduces Risk
S2069,Placement,4,numeric__attendance_subject_attendance_avg_3m,-1.223164,Reduces Risk
S2069,Placement,5,numeric__critical_attendance_flag,-0.997756,Reduces Risk
S2070,Placement,1,numeric__engagement_strength,1.335461,Increases Risk
S2070,Placement,2,numeric__attendance_overall_attendance_current,1.301287,Increases Risk
S2070,Placement,3,numeric__low_lms_flag,0.913609,Increases Risk
S2070,Placement,4,numeric__academic_internal_marks_avg_3m,0.909597,Increases Risk
S2070,Placement,5,numeric__attendance_overall_attendance_avg_3m,-0.886144,Reduces Risk
S2071,Placement,1,numeric__attendance_overall_attendance_current,-1.034994,Reduces Risk
S2071,Placement,2,numeric__placement_aptitude_score_current,1.000351,Increases Risk
S2071,Placement,3,numeric__engagement_strength,-0.905872,Reduces Risk
S2071,Placement,4,numeric__placement_mock_interview_score_current,-0.794132,Reduces Risk
S2071,Placement,5,numeric__engagement_events_attended_current,0.689387,Increases Risk
S2072,Placement,1,numeric__attendance_overall_attendance_current,-1.089075,Reduces Risk
S2072,Placement,2,numeric__engagement_hackathons_attended_current,-1.050022,Reduces Risk
S2072,Placement,3,numeric__attendance_overall_attendance_avg_3m,0.912108,Increases Risk
S2072,Placement,4,numeric__attendance_subject_attendance_avg_3m,0.810287,Increases Risk
S2072,Placement,5,numeric__attendance_subject_attendance_current,-0.635264,Reduces Risk
S2073,Placement,1,numeric__engagement_hackathons_attended_current,0.859109,Increases Risk
S2073,Placement,2,numeric__attendance_overall_attendance_current,-0.699695,Reduces Risk
S2073,Placement,3,numeric__attendance_subject_attendance_current,-0.561187,Reduces Risk
S2073,Placement,4,numeric__attendance_overall_attendance_avg_3m,0.561044,Increases Risk
S2073,Placement,5,numeric__engagement_strength,-0.532317,Reduces Risk
S2074,Placement,1,numeric__engagement_hackathons_attended_current,-1.050022,Reduces Risk
S2074,Placement,2,numeric__placement_aptitude_score_current,-0.918568,Reduces Risk
S2074,Placement,3,numeric__attendance_overall_attendance_current,-0.883569,Reduces Risk
S2074,Placement,4,numeric__academic_backlogs_avg_3m,0.852062,Increases Risk
S2074,Placement,5,numeric__academic_backlogs_current,0.68841,Increases Risk
S2075,Placement,1,numeric__attendance_overall_attendance_current,-0.937649,Reduces Risk
S2075,Placement,2,numeric__placement_aptitude_score_current,-0.720585,Reduces Risk
S2075,Placement,3,numeric__placement_coding_score_slope_3m,-0.558358,Reduces Risk
S2075,Placement,4,numeric__engagement_club_participations_current,-0.547287,Reduces Risk
S2075,Placement,5,numeric__attendance_subject_attendance_current,-0.534731,Reduces Risk
S2076,Placement,1,numeric__attendance_overall_attendance_current,-1.034994,Reduces Risk
S2076,Placement,2,numeric__attendance_overall_attendance_avg_3m,0.803505,Increases Risk
S2076,Placement,3,numeric__placement_mock_interview_score_current,-0.674603,Reduces Risk
S2076,Placement,4,numeric__academic_subject_score_avg_slope_3m,0.656337,Increases Risk
S2076,Placement,5,numeric__academic_internal_marks_slope_3m,-0.538848,Reduces Risk
S2077,Placement,1,numeric__attendance_overall_attendance_current,2.707383,Increases Risk
S2077,Placement,2,numeric__attendance_overall_attendance_avg_3m,-1.719604,Reduces Risk
S2077,Placement,3,numeric__attendance_subject_attendance_current,1.248411,Increases Risk
S2077,Placement,4,numeric__attendance_subject_attendance_avg_3m,-1.225134,Reduces Risk
S2077,Placement,5,numeric__academic_internal_marks_avg_3m,1.153531,Increases Risk
S2078,Placement,1,numeric__attendance_overall_attendance_current,2.620854,Increases Risk
S2078,Placement,2,numeric__attendance_overall_attendance_avg_3m,-1.754963,Reduces Risk
S2078,Placement,3,numeric__attendance_subject_attendance_avg_3m,-1.219223,Reduces Risk
S2078,Placement,4,numeric__academic_internal_marks_avg_3m,1.153531,Increases Risk
S2078,Placement,5,numeric__critical_attendance_flag,-0.997756,Reduces Risk
S2079,Placement,1,numeric__placement_aptitude_score_current,0.924203,Increases Risk
S2079,Placement,2,numeric__engagement_hackathons_attended_current,0.859109,Increases Risk
S2079,Placement,3,numeric__academic_internal_marks_avg_3m,-0.602332,Reduces Risk
S2079,Placement,4,numeric__skills_soft_skills_score_std_3m,-0.553516,Reduces Risk
S2079,Placement,5,numeric__engagement_club_participations_current,-0.547287,Reduces Risk
S2080,Placement,1,numeric__attendance_overall_attendance_current,0.717217,Increases Risk
S2080,Placement,2,numeric__placement_mock_interview_score_current,0.611764,Increases Risk
S2080,Placement,3,numeric__skills_soft_skills_score_std_3m,0.594326,Increases Risk
S2080,Placement,4,numeric__low_attendance_flag,-0.491842,Reduces Risk
S2080,Placement,5,numeric__placement_aptitude_score_current,-0.461683,Reduces Risk
S2081,Placement,1,numeric__attendance_overall_attendance_current,3.085947,Increases Risk
S2081,Placement,2,numeric__attendance_overall_attendance_avg_3m,-1.858514,Reduces Risk
S2081,Placement,3,numeric__attendance_subject_attendance_current,1.454768,Increases Risk
S2081,Placement,4,numeric__attendance_subject_attendance_avg_3m,-1.392618,Reduces Risk
S2081,Placement,5,numeric__critical_attendance_flag,-0.997756,Reduces Risk
S2082,Placement,1,numeric__attendance_overall_attendance_current,1.798829,Increases Risk
S2082,Placement,2,numeric__attendance_subject_attendance_current,1.169042,Increases Risk
S2082,Placement,3,numeric__attendance_overall_attendance_avg_3m,-1.138708,Reduces Risk
S2082,Placement,4,numeric__engagement_hackathons_attended_current,-1.050022,Reduces Risk
S2082,Placement,5,numeric__critical_attendance_flag,-0.997756,Reduces Risk
S2083,Placement,1,numeric__skills_soft_skills_score_std_3m,1.153085,Increases Risk
S2083,Placement,2,numeric__placement_mock_interview_score_current,-1.147029,Reduces Risk
S2083,Placement,3,numeric__skills_soft_skills_score_current,0.738495,Increases Risk
S2083,Placement,4,numeric__placement_mock_interview_score_avg_3m,-0.619674,Reduces Risk
S2083,Placement,5,numeric__feedback_satisfaction_score_slope_3m,-0.605738,Reduces Risk
S2084,Placement,1,numeric__attendance_overall_attendance_current,-2.062526,Reduces Risk
S2084,Placement,2,numeric__attendance_overall_attendance_avg_3m,1.359145,Increases Risk
S2084,Placement,3,numeric__attendance_subject_attendance_current,-1.069144,Reduces Risk
S2084,Placement,4,numeric__engagement_hackathons_attended_current,-1.050022,Reduces Risk
S2084,Placement,5,numeric__attendance_subject_attendance_avg_3m,0.912747,Increases Risk
S2085,Placement,1,numeric__attendance_overall_attendance_current,1.885358,Increases Risk
S2085,Placement,2,numeric__attendance_overall_attendance_avg_3m,-1.3054,Reduces Risk
S2085,Placement,3,numeric__engagement_hackathons_attended_current,-1.050022,Reduces Risk
S2085,Placement,4,numeric__critical_attendance_flag,-0.997756,Reduces Risk
S2085,Placement,5,numeric__engagement_strength,0.961905,Increases Risk
S2086,Placement,1,numeric__attendance_overall_attendance_current,-1.153972,Reduces Risk
S2086,Placement,2,numeric__placement_aptitude_score_current,1.091728,Increases Risk
S2086,Placement,3,numeric__placement_mock_interview_score_avg_3m,-0.868172,Reduces Risk
S2086,Placement,4,numeric__attendance_overall_attendance_avg_3m,0.846441,Increases Risk
S2086,Placement,5,numeric__placement_mock_interview_score_current,-0.794132,Reduces Risk
S2087,Placement,1,numeric__attendance_overall_attendance_current,-1.197236,Reduces Risk
S2087,Placement,2,numeric__placement_aptitude_score_current,0.939433,Increases Risk
S2087,Placement,3,numeric__attendance_subject_attendance_avg_3m,0.889102,Increases Risk
S2087,Placement,4,numeric__attendance_overall_attendance_avg_3m,0.848967,Increases Risk
S2087,Placement,5,numeric__attendance_subject_attendance_current,-0.677594,Reduces Risk
S2088,Placement,1,numeric__placement_aptitude_score_current,1.000351,Increases Risk
S2088,Placement,2,numeric__placement_coding_score_avg_3m,-0.811737,Reduces Risk
S2088,Placement,3,numeric__academic_internal_marks_avg_3m,-0.56091,Reduces Risk
S2088,Placement,4,numeric__skills_tech_skills_score_avg_3m,0.557157,Increases Risk
S2088,Placement,5,numeric__placement_readiness_score,0.437474,Increases Risk
S2089,Placement,1,numeric__engagement_strength,-0.905872,Reduces Risk
S2089,Placement,2,numeric__attendance_overall_attendance_current,-0.494188,Reduces Risk
S2089,Placement,3,numeric__skills_soft_skills_score_std_3m,0.493319,Increases Risk
S2089,Placement,4,numeric__engagement_certifications_count_current,0.39235,Increases Risk
S2089,Placement,5,numeric__engagement_events_attended_current,0.359537,Increases Risk
S2090,Placement,1,numeric__attendance_overall_attendance_current,-1.32703,Reduces Risk
S2090,Placement,2,numeric__engagement_hackathons_attended_current,-1.050022,Reduces Risk
S2090,Placement,3,numeric__placement_aptitude_score_current,-0.964257,Reduces Risk
S2090,Placement,4,numeric__engagement_strength,0.961905,Increases Risk
S2090,Placement,5,numeric__placement_coding_score_avg_3m,0.911843,Increases Risk
S2091,Placement,1,numeric__engagement_strength,0.775128,Increases Risk
S2091,Placement,2,numeric__skills_soft_skills_score_std_3m,0.68644,Increases Risk
S2091,Placement,3,numeric__engagement_events_attended_current,-0.630014,Reduces Risk
S2091,Placement,4,numeric__lms_assignment_completion_pct_current,-0.519873,Reduces Risk
S2091,Placement,5,numeric__attendance_overall_attendance_current,0.479262,Increases Risk
S2092,Placement,1,numeric__attendance_overall_attendance_current,1.431081,Increases Risk
S2092,Placement,2,numeric__academic_internal_marks_avg_3m,0.921103,Increases Risk
S2092,Placement,3,numeric__attendance_overall_attendance_avg_3m,-0.775016,Reduces Risk
S2092,Placement,4,numeric__placement_mock_interview_score_current,0.708526,Increases Risk
S2092,Placement,5,numeric__skills_soft_skills_score_current,-0.602801,Reduces Risk
S2093,Placement,1,numeric__feedback_satisfaction_score_slope_3m,2.000241,Increases Risk
S2093,Placement,2,numeric__engagement_strength,-1.279427,Reduces Risk
S2093,Placement,3,numeric__engagement_hackathons_attended_current,-1.050022,Reduces Risk
S2093,Placement,4,numeric__engagement_events_attended_current,1.019238,Increases Risk
S2093,Placement,5,numeric__engagement_events_attended_avg_3m,0.483703,Increases Risk
S2094,Placement,1,numeric__placement_aptitude_score_current,-1.101323,Reduces Risk
S2094,Placement,2,numeric__engagement_hackathons_attended_current,-1.050022,Reduces Risk
S2094,Placement,3,numeric__placement_mock_interview_score_std_3m,-0.753438,Reduces Risk
S2094,Placement,4,numeric__placement_coding_score_avg_3m,0.588769,Increases Risk
S2094,Placement,5,numeric__skills_tech_skills_score_avg_3m,-0.470824,Reduces Risk
S2095,Placement,1,numeric__attendance_overall_attendance_current,-1.748858,Reduces Risk
S2095,Placement,2,numeric__engagement_strength,1.522238,Increases Risk
S2095,Placement,3,numeric__attendance_overall_attendance_avg_3m,1.235389,Increases Risk
S2095,Placement,4,numeric__academic_internal_marks_avg_3m,1.077589,Increases Risk
S2095,Placement,5,numeric__engagement_hackathons_attended_current,-1.050022,Reduces Risk
S2096,Placement,1,numeric__placement_aptitude_score_current,-1.238388,Reduces Risk
S2096,Placement,2,numeric__academic_internal_marks_avg_3m,0.916501,Increases Risk
S2096,Placement,3,numeric__placement_coding_score_avg_3m,0.803637,Increases Risk
S2096,Placement,4,numeric__engagement_strength,0.775128,Increases Risk
S2096,Placement,5,numeric__feedback_faculty_rating_current,0.754596,Increases Risk
S2097,Placement,1,numeric__placement_mock_interview_score_current,-1.289327,Reduces Risk
S2097,Placement,2,numeric__attendance_overall_attendance_current,-1.110707,Reduces Risk
S2097,Placement,3,numeric__placement_aptitude_score_current,1.000351,Increases Risk
S2097,Placement,4,numeric__placement_mock_interview_score_avg_3m,-0.985207,Reduces Risk
S2097,Placement,5,numeric__attendance_overall_attendance_avg_3m,0.933576,Increases Risk
S2098,Placement,1,numeric__engagement_strength,1.335461,Increases Risk
S2098,Placement,2,numeric__attendance_overall_attendance_current,0.879459,Increases Risk
S2098,Placement,3,numeric__placement_mock_interview_score_current,0.759753,Increases Risk
S2098,Placement,4,numeric__engagement_events_attended_current,-0.630014,Reduces Risk
S2098,Placement,5,numeric__academic_internal_marks_avg_3m,0.580516,Increases Risk
S2099,Placement,1,numeric__engagement_strength,-1.652983,Reduces Risk
S2099,Placement,2,numeric__placement_mock_interview_score_current,-1.42024,Reduces Risk
S2099,Placement,3,numeric__placement_mock_interview_score_avg_3m,-1.087812,Reduces Risk
S2099,Placement,4,numeric__placement_aptitude_score_current,0.992736,Increases Risk
S2099,Placement,5,numeric__skills_soft_skills_score_current,0.92106,Increases Risk
S2100,Placement,1,numeric__attendance_overall_attendance_current,1.820461,Increases Risk
S2100,Placement,2,numeric__engagement_strength,1.522238,Increases Risk
S2100,Placement,3,numeric__attendance_subject_attendance_current,1.195499,Increases Risk
S2100,Placement,4,numeric__attendance_overall_attendance_avg_3m,-1.180381,Reduces Risk
S2100,Placement,5,numeric__engagement_hackathons_attended_current,-1.050022,Reduces Risk
S2101,Placement,1,numeric__attendance_overall_attendance_current,-2.062526,Reduces Risk
S2101,Placement,2,numeric__attendance_overall_attendance_avg_3m,1.121735,Increases Risk
S2101,Placement,3,numeric__attendance_subject_attendance_current,-0.841622,Reduces Risk
S2101,Placement,4,numeric__placement_coding_score_slope_3m,0.672014,Increases Risk
S2101,Placement,5,numeric__attendance_subject_attendance_avg_3m,0.670388,Increases Risk
S2102,Placement,1,numeric__placement_mock_interview_score_current,-1.044575,Reduces Risk
S2102,Placement,2,numeric__engagement_hackathons_attended_current,0.859109,Increases Risk
S2102,Placement,3,numeric__placement_aptitude_score_slope_3m,0.717365,Increases Risk
S2102,Placement,4,numeric__placement_aptitude_score_current,-0.674896,Reduces Risk
S2102,Placement,5,numeric__placement_mock_interview_score_avg_3m,-0.658151,Reduces Risk
S2103,Placement,1,numeric__attendance_overall_attendance_current,1.614955,Increases Risk
S2103,Placement,2,numeric__engagement_hackathons_attended_current,-1.050022,Reduces Risk
S2103,Placement,3,numeric__attendance_overall_attendance_avg_3m,-1.037682,Reduces Risk
S2103,Placement,4,numeric__attendance_subject_attendance_current,0.994432,Increases Risk
S2103,Placement,5,numeric__attendance_subject_attendance_avg_3m,-0.974894,Reduces Risk
S2104,Placement,1,numeric__placement_aptitude_score_current,0.825212,Increases Risk
S2104,Placement,2,numeric__engagement_strength,0.775128,Increases Risk
S2104,Placement,3,numeric__placement_coding_score_avg_3m,-0.746813,Reduces Risk
S2104,Placement,4,numeric__placement_mock_interview_score_current,-0.737213,Reduces Risk
S2104,Placement,5,numeric__academic_internal_marks_avg_3m,-0.643755,Reduces Risk
S2105,Placement,1,numeric__attendance_overall_attendance_current,2.674934,Increases Risk
S2105,Placement,2,numeric__attendance_overall_attendance_avg_3m,-1.838308,Reduces Risk
S2105,Placement,3,numeric__attendance_subject_attendance_avg_3m,-1.298039,Reduces Risk
S2105,Placement,4,numeric__attendance_subject_attendance_current,1.253702,Increases Risk
S2105,Placement,5,numeric__placement_aptitude_score_current,-1.009946,Reduces Risk
S2106,Placement,1,numeric__attendance_subject_attendance_current,-0.756962,Reduces Risk
S2106,Placement,2,numeric__academic_internal_marks_avg_3m,-0.698985,Reduces Risk
S2106,Placement,3,numeric__attendance_overall_attendance_avg_3m,0.566096,Increases Risk
S2106,Placement,4,numeric__placement_aptitude_score_slope_3m,0.555566,Increases Risk
S2106,Placement,5,numeric__placement_coding_score_slope_3m,0.548977,Increases Risk
S2107,Placement,1,numeric__engagement_strength,2.269349,Increases Risk
S2107,Placement,2,numeric__engagement_hackathons_attended_current,-2.004588,Reduces Risk
S2107,Placement,3,numeric__placement_aptitude_score_current,-1.946561,Reduces Risk
S2107,Placement,4,numeric__low_aptitude_flag,-1.905883,Reduces Risk
S2107,Placement,5,numeric__academic_internal_marks_avg_3m,1.846211,Increases Risk
S2108,Placement,1,numeric__engagement_strength,-1.09265,Reduces Risk
S2108,Placement,2,numeric__engagement_hackathons_attended_current,0.859109,Increases Risk
S2108,Placement,3,numeric__attendance_overall_attendance_current,-0.60235,Reduces Risk
S2108,Placement,4,numeric__placement_aptitude_score_current,-0.575904,Reduces Risk
S2108,Placement,5,numeric__placement_aptitude_score_slope_3m,-0.483352,Reduces Risk
S2109,Placement,1,numeric__engagement_strength,-1.09265,Reduces Risk
S2109,Placement,2,numeric__engagement_hackathons_attended_current,0.859109,Increases Risk
S2109,Placement,3,numeric__placement_mock_interview_score_current,0.53777,Increases Risk
S2109,Placement,4,numeric__placement_mock_interview_score_avg_3m,0.459289,Increases Risk
S2109,Placement,5,numeric__skills_soft_skills_score_std_3m,-0.454432,Reduces Risk
S2110,Placement,1,numeric__engagement_strength,-2.213316,Reduces Risk
S2110,Placement,2,numeric__attendance_overall_attendance_current,-1.251317,Reduces Risk
S2110,Placement,3,numeric__attendance_subject_attendance_current,-1.069144,Reduces Risk
S2110,Placement,4,numeric__engagement_hackathons_attended_current,0.859109,Increases Risk
S2110,Placement,5,numeric__placement_mock_interview_score_avg_3m,-0.824885,Reduces Risk
S2111,Placement,1,numeric__attendance_subject_attendance_current,-0.598225,Reduces Risk
S2111,Placement,2,numeric__placement_coding_score_avg_3m,0.54394,Increases Risk
S2111,Placement,3,numeric__placement_mock_interview_score_std_3m,-0.469976,Reduces Risk
S2111,Placement,4,numeric__academic_internal_marks_avg_3m,0.426332,Increases Risk
S2111,Placement,5,numeric__skills_soft_skills_score_std_3m,0.406443,Increases Risk
S2112,Placement,1,numeric__engagement_strength,-1.09265,Reduces Risk
S2112,Placement,2,numeric__attendance_overall_attendance_current,-0.99173,Reduces Risk
S2112,Placement,3,numeric__placement_coding_score_slope_3m,0.898864,Increases Risk
S2112,Placement,4,numeric__engagement_hackathons_attended_current,0.859109,Increases Risk
S2112,Placement,5,numeric__attendance_subject_attendance_current,-0.667011,Reduces Risk
S2113,Placement,1,numeric__engagement_strength,-2.586872,Reduces Risk
S2113,Placement,2,numeric__engagement_events_attended_current,1.349088,Increases Risk
S2113,Placement,3,numeric__attendance_overall_attendance_current,-0.79704,Reduces Risk
S2113,Placement,4,numeric__attendance_overall_attendance_avg_3m,0.576198,Increases Risk
S2113,Placement,5,categorical__department_CSE,-0.416441,Reduces Risk
S2114,Placement,1,numeric__placement_mock_interview_score_avg_3m,-0.470575,Reduces Risk
S2114,Placement,2,numeric__placement_mock_interview_score_std_3m,-0.458278,Reduces Risk
S2114,Placement,3,numeric__placement_coding_score_slope_3m,-0.435321,Reduces Risk
S2114,Placement,4,numeric__attendance_subject_attendance_current,0.417689,Increases Risk
S2114,Placement,5,numeric__placement_coding_score_avg_3m,-0.40828,Reduces Risk
S2115,Placement,1,numeric__engagement_strength,-2.213316,Reduces Risk
S2115,Placement,2,numeric__attendance_overall_attendance_current,-1.759674,Reduces Risk
S2115,Placement,3,numeric__attendance_overall_attendance_avg_3m,1.354094,Increases Risk
S2115,Placement,4,numeric__placement_mock_interview_score_current,-1.249483,Reduces Risk
S2115,Placement,5,numeric__attendance_subject_attendance_avg_3m,0.898954,Increases Risk
S2116,Placement,1,numeric__engagement_hackathons_attended_current,-1.050022,Reduces Risk
S2116,Placement,2,numeric__attendance_overall_attendance_current,-0.970098,Reduces Risk
S2116,Placement,3,numeric__attendance_overall_attendance_avg_3m,0.889377,Increases Risk
S2116,Placement,4,numeric__attendance_subject_attendance_avg_3m,0.694033,Increases Risk
S2116,Placement,5,numeric__lms_logins_per_week_slope_3m,-0.601615,Reduces Risk
S2117,Placement,1,numeric__engagement_hackathons_attended_current,0.859109,Increases Risk
S2117,Placement,2,numeric__placement_aptitude_score_current,0.619613,Increases Risk
S2117,Placement,3,numeric__attendance_overall_attendance_slope_3m,-0.561055,Reduces Risk
S2117,Placement,4,numeric__engagement_strength,-0.532317,Reduces Risk
S2117,Placement,5,numeric__attendance_overall_attendance_avg_3m,0.528211,Increases Risk
S2118,Placement,1,numeric__attendance_overall_attendance_current,-1.424375,Reduces Risk
S2118,Placement,2,numeric__attendance_overall_attendance_avg_3m,0.745416,Increases Risk
S2118,Placement,3,numeric__academic_internal_marks_avg_3m,-0.719697,Reduces Risk
S2118,Placement,4,numeric__attendance_subject_attendance_current,-0.598225,Reduces Risk
S2118,Placement,5,numeric__placement_coding_score_avg_3m,-0.581411,Reduces Risk
S2119,Placement,1,numeric__engagement_strength,-1.839761,Reduces Risk
S2119,Placement,2,numeric__engagement_hackathons_attended_current,1.813675,Increases Risk
S2119,Placement,3,numeric__placement_aptitude_score_current,1.099343,Increases Risk
S2119,Placement,4,numeric__feedback_satisfaction_score_slope_3m,-1.085098,Reduces Risk
S2119,Placement,5,numeric__placement_mock_interview_score_current,-1.0275,Reduces Risk
S2120,Placement,1,numeric__engagement_strength,-1.09265,Reduces Risk
S2120,Placement,2,numeric__engagement_hackathons_attended_current,0.859109,Increases Risk
S2120,Placement,3,numeric__placement_coding_score_avg_3m,-0.790095,Reduces Risk
S2120,Placement,4,numeric__academic_internal_marks_avg_3m,-0.751914,Reduces Risk
S2120,Placement,5,numeric__placement_aptitude_score_current,0.665302,Increases Risk
S2121,Placement,1,numeric__placement_mock_interview_score_current,-1.351937,Reduces Risk
S2121,Placement,2,numeric__placement_mock_interview_score_avg_3m,-0.929094,Reduces Risk
S2121,Placement,3,numeric__placement_aptitude_score_current,0.863285,Increases Risk
S2121,Placement,4,numeric__attendance_overall_attendance_current,0.857826,Increases Risk
S2121,Placement,5,numeric__attendance_overall_attendance_avg_3m,-0.747234,Reduces Risk
S2122,Placement,1,numeric__attendance_overall_attendance_current,1.149862,Increases Risk
S2122,Placement,2,numeric__attendance_overall_attendance_avg_3m,-0.908875,Reduces Risk
S2122,Placement,3,numeric__engagement_hackathons_attended_current,0.859109,Increases Risk
S2122,Placement,4,numeric__attendance_subject_attendance_current,0.666376,Increases Risk
S2122,Placement,5,numeric__attendance_subject_attendance_avg_3m,-0.594607,Reduces Risk
S2123,Placement,1,numeric__attendance_overall_attendance_current,3.042683,Increases Risk
S2123,Placement,2,numeric__attendance_overall_attendance_avg_3m,-2.025205,Reduces Risk
S2123,Placement,3,numeric__attendance_subject_attendance_avg_3m,-1.384736,Reduces Risk
S2123,Placement,4,numeric__attendance_subject_attendance_current,1.105548,Increases Risk
S2123,Placement,5,numeric__critical_attendance_flag,-0.997756,Reduces Risk
S2124,Placement,1,numeric__attendance_overall_attendance_current,1.679852,Increases Risk
S2124,Placement,2,numeric__attendance_overall_attendance_avg_3m,-1.0099,Reduces Risk
S2124,Placement,3,numeric__critical_attendance_flag,-0.997756,Reduces Risk
S2124,Placement,4,numeric__attendance_subject_attendance_current,0.98385,Increases Risk
S2124,Placement,5,numeric__attendance_subject_attendance_avg_3m,-0.925634,Reduces Risk
S2125,Placement,1,numeric__attendance_overall_attendance_current,0.98762,Increases Risk
S2125,Placement,2,numeric__low_lms_flag,0.913609,Increases Risk
S2125,Placement,3,numeric__placement_aptitude_score_current,0.764293,Increases Risk
S2125,Placement,4,numeric__placement_mock_interview_score_std_3m,-0.693123,Reduces Risk
S2125,Placement,5,numeric__placement_mock_interview_score_current,-0.685986,Reduces Risk
S2126,Placement,1,numeric__placement_aptitude_score_current,-1.383069,Reduces Risk
S2126,Placement,2,numeric__placement_mock_interview_score_current,1.078499,Increases Risk
S2126,Placement,3,numeric__low_lms_flag,0.913609,Increases Risk
S2126,Placement,4,numeric__engagement_hackathons_attended_current,0.859109,Increases Risk
S2126,Placement,5,numeric__feedback_satisfaction_score_slope_3m,-0.719041,Reduces Risk
S2127,Placement,1,numeric__attendance_overall_attendance_current,-1.056627,Reduces Risk
S2127,Placement,2,numeric__attendance_overall_attendance_avg_3m,0.70248,Increases Risk
S2127,Placement,3,numeric__academic_internal_marks_avg_3m,-0.639153,Reduces Risk
S2127,Placement,4,numeric__attendance_subject_attendance_avg_3m,0.638862,Increases Risk
S2127,Placement,5,numeric__attendance_subject_attendance_current,-0.61939,Reduces Risk
S2128,Placement,1,numeric__attendance_overall_attendance_current,-1.251317,Reduces Risk
S2128,Placement,2,numeric__engagement_strength,-1.09265,Reduces Risk
S2128,Placement,3,numeric__attendance_subject_attendance_current,-0.883951,Reduces Risk
S2128,Placement,4,numeric__engagement_hackathons_attended_current,0.859109,Increases Risk
S2128,Placement,5,numeric__feedback_satisfaction_score_slope_3m,-0.753904,Reduces Risk
S2129,Placement,1,numeric__attendance_overall_attendance_current,1.76638,Increases Risk
S2129,Placement,2,numeric__attendance_overall_attendance_avg_3m,-1.037682,Reduces Risk
S2129,Placement,3,numeric__placement_mock_interview_score_current,1.027272,Increases Risk
S2129,Placement,4,numeric__critical_attendance_flag,-0.997756,Reduces Risk
S2129,Placement,5,numeric__engagement_certifications_count_current,0.937282,Increases Risk
S2130,Placement,1,numeric__engagement_strength,-1.652983,Reduces Risk
S2130,Placement,2,numeric__engagement_hackathons_attended_current,0.859109,Increases Risk
S2130,Placement,3,numeric__attendance_overall_attendance_current,-0.807856,Reduces Risk
S2130,Placement,4,numeric__attendance_subject_attendance_avg_3m,0.709796,Increases Risk
S2130,Placement,5,numeric__attendance_overall_attendance_avg_3m,0.70248,Increases Risk
S2131,Placement,1,numeric__engagement_strength,1.895794,Increases Risk
S2131,Placement,2,numeric__placement_mock_interview_score_current,1.357402,Increases Risk
S2131,Placement,3,numeric__placement_aptitude_score_current,-1.147011,Reduces Risk
S2131,Placement,4,numeric__placement_mock_interview_score_avg_3m,1.05889,Increases Risk
S2131,Placement,5,numeric__attendance_overall_attendance_current,1.020068,Increases Risk
S2132,Placement,1,numeric__attendance_overall_attendance_current,0.955172,Increases Risk
S2132,Placement,2,numeric__attendance_overall_attendance_avg_3m,-0.918977,Reduces Risk
S2132,Placement,3,numeric__low_lms_flag,0.913609,Increases Risk
S2132,Placement,4,numeric__attendance_subject_attendance_avg_3m,-0.787706,Reduces Risk
S2132,Placement,5,numeric__engagement_strength,0.775128,Increases Risk
S2133,Placement,1,numeric__engagement_strength,0.775128,Increases Risk
S2133,Placement,2,numeric__attendance_overall_attendance_avg_3m,-0.686619,Reduces Risk
S2133,Placement,3,numeric__attendance_overall_attendance_current,0.576607,Increases Risk
S2133,Placement,4,numeric__academic_internal_marks_avg_3m,-0.567813,Reduces Risk
S2133,Placement,5,numeric__attendance_subject_attendance_avg_3m,-0.541406,Reduces Risk
S2134,Placement,1,numeric__engagement_hackathons_attended_current,0.859109,Increases Risk
S2134,Placement,2,numeric__attendance_overall_attendance_slope_3m,-0.544912,Reduces Risk
S2134,Placement,3,numeric__placement_aptitude_score_slope_3m,-0.542963,Reduces Risk
S2134,Placement,4,numeric__engagement_strength,-0.532317,Reduces Risk
S2134,Placement,5,numeric__academic_internal_marks_slope_3m,-0.431353,Reduces Risk
S2135,Placement,1,numeric__attendance_overall_attendance_current,2.285554,Increases Risk
S2135,Placement,2,numeric__attendance_subject_attendance_current,1.380691,Increases Risk
S2135,Placement,3,numeric__engagement_strength,1.335461,Increases Risk
S2135,Placement,4,numeric__attendance_overall_attendance_avg_3m,-1.282669,Reduces Risk
S2135,Placement,5,numeric__critical_attendance_flag,-0.997756,Reduces Risk
S2136,Placement,1,numeric__attendance_overall_attendance_current,1.506794,Increases Risk
S2136,Placement,2,numeric__engagement_strength,1.335461,Increases Risk
S2136,Placement,3,numeric__attendance_overall_attendance_avg_3m,-0.974541,Reduces Risk
S2136,Placement,4,numeric__attendance_subject_attendance_current,0.846278,Increases Risk
S2136,Placement,5,numeric__attendance_subject_attendance_avg_3m,-0.80938,Reduces Risk
S2137,Placement,1,numeric__engagement_certifications_count_current,0.937282,Increases Risk
S2137,Placement,2,numeric__engagement_strength,-0.905872,Reduces Risk
S2137,Placement,3,numeric__academic_internal_marks_slope_3m,0.64359,Increases Risk
S2137,Placement,4,numeric__placement_aptitude_score_slope_3m,-0.491868,Reduces Risk
S2137,Placement,5,numeric__academic_subject_score_avg_slope_3m,-0.445534,Reduces Risk
S2138,Placement,1,numeric__engagement_strength,-1.652983,Reduces Risk
S2138,Placement,2,numeric__placement_aptitude_score_current,1.221179,Increases Risk
S2138,Placement,3,numeric__placement_mock_interview_score_current,-1.061651,Reduces Risk
S2138,Placement,4,numeric__engagement_hackathons_attended_current,0.859109,Increases Risk
S2138,Placement,5,numeric__placement_mock_interview_score_avg_3m,-0.842521,Reduces Risk
S2139,Placement,1,numeric__attendance_overall_attendance_current,-1.900284,Reduces Risk
S2139,Placement,2,numeric__attendance_overall_attendance_avg_3m,1.407132,Increases Risk
S2139,Placement,3,numeric__engagement_strength,-1.279427,Reduces Risk
S2139,Placement,4,numeric__attendance_subject_attendance_avg_3m,1.084172,Increases Risk
S2139,Placement,5,numeric__attendance_subject_attendance_current,-1.069144,Reduces Risk
S2140,Placement,1,numeric__attendance_overall_attendance_current,-1.262133,Reduces Risk
S2140,Placement,2,numeric__placement_aptitude_score_current,-1.207929,Reduces Risk
S2140,Placement,3,numeric__attendance_overall_attendance_avg_3m,0.89948,Increases Risk
S2140,Placement,4,numeric__placement_mock_interview_score_current,0.845132,Increases Risk
S2140,Placement,5,numeric__attendance_subject_attendance_avg_3m,0.62901,Increases Risk
S2141,Placement,1,numeric__attendance_overall_attendance_current,4.318985,Increases Risk
S2141,Placement,2,numeric__attendance_overall_attendance_avg_3m,-2.833409,Reduces Risk
S2141,Placement,3,numeric__attendance_subject_attendance_avg_3m,-2.009352,Reduces Risk
S2141,Placement,4,numeric__attendance_subject_attendance_current,1.920396,Increases Risk
S2141,Placement,5,numeric__engagement_hackathons_attended_current,-1.050022,Reduces Risk
S2142,Placement,1,numeric__engagement_strength,1.522238,Increases Risk
S2142,Placement,2,numeric__attendance_overall_attendance_current,-1.337846,Reduces Risk
S2142,Placement,3,numeric__placement_aptitude_score_current,-1.322151,Reduces Risk
S2142,Placement,4,numeric__engagement_hackathons_attended_current,-1.050022,Reduces Risk
S2142,Placement,5,numeric__attendance_overall_attendance_avg_3m,1.018184,Increases Risk
S2143,Placement,1,numeric__attendance_overall_attendance_current,3.129212,Increases Risk
S2143,Placement,2,numeric__attendance_overall_attendance_avg_3m,-1.729706,Reduces Risk
S2143,Placement,3,numeric__attendance_subject_attendance_avg_3m,-1.323654,Reduces Risk
S2143,Placement,4,numeric__attendance_subject_attendance_current,1.269576,Increases Risk
S2143,Placement,5,numeric__critical_attendance_flag,-0.997756,Reduces Risk
S2144,Placement,1,numeric__attendance_overall_attendance_current,1.495977,Increases Risk
S2144,Placement,2,numeric__engagement_certifications_count_current,0.937282,Increases Risk
S2144,Placement,3,numeric__low_lms_flag,0.913609,Increases Risk
S2144,Placement,4,numeric__engagement_strength,-0.905872,Reduces Risk
S2144,Placement,5,numeric__attendance_overall_attendance_avg_3m,-0.876042,Reduces Risk
S2145,Placement,1,numeric__attendance_overall_attendance_current,2.318003,Increases Risk
S2145,Placement,2,numeric__attendance_overall_attendance_avg_3m,-1.456938,Reduces Risk
S2145,Placement,3,numeric__attendance_subject_attendance_avg_3m,-1.024154,Reduces Risk
S2145,Placement,4,numeric__critical_attendance_flag,-0.997756,Reduces Risk
S2145,Placement,5,numeric__low_lms_flag,0.913609,Increases Risk
S2146,Placement,1,numeric__engagement_hackathons_attended_current,-1.050022,Reduces Risk
S2146,Placement,2,numeric__lms_logins_per_week_slope_3m,0.896804,Increases Risk
S2146,Placement,3,numeric__skills_soft_skills_score_std_3m,-0.698056,Reduces Risk
S2146,Placement,4,numeric__placement_coding_score_avg_3m,0.604227,Increases Risk
S2146,Placement,5,numeric__placement_aptitude_score_current,-0.514986,Reduces Risk
S2147,Placement,1,numeric__engagement_hackathons_attended_current,1.813675,Increases Risk
S2147,Placement,2,numeric__feedback_satisfaction_score_current,0.985846,Increases Risk
S2147,Placement,3,numeric__low_lms_flag,0.913609,Increases Risk
S2147,Placement,4,numeric__attendance_overall_attendance_avg_3m,-0.873516,Reduces Risk
S2147,Placement,5,numeric__attendance_subject_attendance_avg_3m,-0.842877,Reduces Risk
S2148,Placement,1,numeric__engagement_strength,-1.09265,Reduces Risk
S2148,Placement,2,numeric__placement_mock_interview_score_current,-0.947813,Reduces Risk
S2148,Placement,3,numeric__engagement_hackathons_attended_current,0.859109,Increases Risk
S2148,Placement,4,numeric__placement_mock_interview_score_avg_3m,-0.723883,Reduces Risk
S2148,Placement,5,numeric__feedback_satisfaction_score_current,-0.578293,Reduces Risk
S2149,Placement,1,numeric__attendance_overall_attendance_current,-1.467639,Reduces Risk
S2149,Placement,2,numeric__attendance_overall_attendance_avg_3m,0.910845,Increases Risk
S2149,Placement,3,numeric__academic_internal_marks_avg_3m,0.86127,Increases Risk
S2149,Placement,4,numeric__placement_aptitude_score_current,-0.819577,Reduces Risk
S2149,Placement,5,numeric__feedback_satisfaction_score_current,-0.775638,Reduces Risk
S2150,Placement,1,numeric__placement_coding_score_avg_3m,-0.853474,Reduces Risk
S2150,Placement,2,numeric__placement_aptitude_score_current,0.787138,Increases Risk
S2150,Placement,3,numeric__skills_tech_skills_score_avg_3m,0.555774,Increases Risk
S2150,Placement,4,numeric__placement_readiness_score,0.506397,Increases Risk
S2150,Placement,5,numeric__placement_mock_interview_score_avg_3m,-0.485004,Reduces Risk
S2151,Placement,1,numeric__placement_aptitude_score_current,1.411548,Increases Risk
S2151,Placement,2,numeric__placement_mock_interview_score_current,-1.203948,Reduces Risk
S2151,Placement,3,numeric__placement_mock_interview_score_avg_3m,-0.89222,Reduces Risk
S2151,Placement,4,numeric__academic_internal_marks_avg_3m,-0.705889,Reduces Risk
S2151,Placement,5,numeric__skills_soft_skills_score_current,0.589462,Increases Risk
S2152,Placement,1,numeric__placement_mock_interview_score_current,-1.386089,Reduces Risk
S2152,Placement,2,numeric__placement_mock_interview_score_std_3m,-1.204057,Reduces Risk
S2152,Placement,3,numeric__skills_soft_skills_score_std_3m,1.174654,Increases Risk
S2152,Placement,4,numeric__feedback_satisfaction_score_slope_3m,0.849776,Increases Risk
S2152,Placement,5,numeric__skills_soft_skills_score_current,0.757124,Increases Risk
S2153,Placement,1,numeric__engagement_strength,2.082572,Increases Risk
S2153,Placement,2,numeric__placement_mock_interview_score_current,1.26064,Increases Risk
S2153,Placement,3,numeric__placement_aptitude_score_current,-1.200315,Reduces Risk
S2153,Placement,4,numeric__engagement_hackathons_attended_current,-1.050022,Reduces Risk
S2153,Placement,5,numeric__placement_mock_interview_score_avg_3m,0.977126,Increases Risk
S2154,Placement,1,numeric__low_lms_flag,0.913609,Increases Risk
S2154,Placement,2,numeric__engagement_hackathons_attended_current,0.859109,Increases Risk
S2154,Placement,3,numeric__placement_coding_score_slope_3m,-0.719845,Reduces Risk
S2154,Placement,4,numeric__lms_logins_per_week_avg_3m,-0.652505,Reduces Risk
S2154,Placement,5,numeric__academic_internal_marks_avg_3m,-0.643755,Reduces Risk
S2155,Placement,1,numeric__engagement_strength,-1.279427,Reduces Risk
S2155,Placement,2,numeric__engagement_hackathons_attended_current,-1.050022,Reduces Risk
S2155,Placement,3,numeric__placement_mock_interview_score_current,0.993121,Increases Risk
S2155,Placement,4,numeric__engagement_certifications_count_current,0.937282,Increases Risk
S2155,Placement,5,numeric__engagement_events_attended_current,0.689387,Increases Risk
S2156,Placement,1,numeric__engagement_strength,-1.466205,Reduces Risk
S2156,Placement,2,numeric__placement_mock_interview_score_current,-1.255175,Reduces Risk
S2156,Placement,3,numeric__attendance_overall_attendance_current,-0.883569,Reduces Risk
S2156,Placement,4,numeric__placement_aptitude_score_current,0.802367,Increases Risk
S2156,Placement,5,numeric__placement_aptitude_score_slope_3m,-0.777145,Reduces Risk
S2157,Placement,1,numeric__engagement_strength,1.895794,Increases Risk
S2157,Placement,2,numeric__attendance_overall_attendance_current,1.409449,Increases Risk
S2157,Placement,3,numeric__feedback_satisfaction_score_slope_3m,-1.294274,Reduces Risk
S2157,Placement,4,numeric__attendance_overall_attendance_avg_3m,-1.080618,Reduces Risk
S2157,Placement,5,numeric__engagement_events_attended_current,-0.959864,Reduces Risk
S2158,Placement,1,numeric__attendance_overall_attendance_current,-1.153972,Reduces Risk
S2158,Placement,2,numeric__engagement_hackathons_attended_current,0.859109,Increases Risk
S2158,Placement,3,numeric__attendance_overall_attendance_avg_3m,0.846441,Increases Risk
S2158,Placement,4,numeric__attendance_subject_attendance_avg_3m,0.656596,Increases Risk
S2158,Placement,5,numeric__academic_internal_marks_avg_3m,-0.535596,Reduces Risk
S2159,Placement,1,numeric__placement_aptitude_score_current,1.411548,Increases Risk
S2159,Placement,2,numeric__attendance_overall_attendance_current,1.160678,Increases Risk
S2159,Placement,3,numeric__attendance_subject_attendance_current,0.756327,Increases Risk
S2159,Placement,4,numeric__feedback_faculty_rating_current,-0.653972,Reduces Risk
S2159,Placement,5,numeric__attendance_subject_attendance_avg_3m,-0.578844,Reduces Risk
S2160,Placement,1,numeric__attendance_overall_attendance_current,1.225574,Increases Risk
S2160,Placement,2,numeric__low_lms_flag,0.913609,Increases Risk
S2160,Placement,3,numeric__academic_subject_score_avg_slope_3m,-0.875895,Reduces Risk
S2160,Placement,4,numeric__attendance_subject_attendance_current,0.76691,Increases Risk
S2160,Placement,5,numeric__academic_warning_score,-0.635087,Reduces Risk
S2161,Placement,1,numeric__engagement_strength,-1.466205,Reduces Risk
S2161,Placement,2,numeric__attendance_overall_attendance_current,-1.402743,Reduces Risk
S2161,Placement,3,numeric__attendance_overall_attendance_avg_3m,0.843916,Increases Risk
S2161,Placement,4,numeric__placement_mock_interview_score_std_3m,-0.747742,Reduces Risk
S2161,Placement,5,numeric__engagement_events_attended_current,0.689387,Increases Risk
S2162,Placement,1,numeric__attendance_overall_attendance_current,1.669035,Increases Risk
S2162,Placement,2,numeric__engagement_strength,-1.652983,Reduces Risk
S2162,Placement,3,numeric__academic_internal_marks_avg_3m,1.022359,Increases Risk
S2162,Placement,4,numeric__critical_attendance_flag,-0.997756,Reduces Risk
S2162,Placement,5,numeric__attendance_overall_attendance_avg_3m,-0.974541,Reduces Risk
S2163,Placement,1,numeric__engagement_hackathons_attended_current,2.76824,Increases Risk
S2163,Placement,2,numeric__attendance_overall_attendance_current,-2.159871,Reduces Risk
S2163,Placement,3,numeric__engagement_strength,-2.026538,Reduces Risk
S2163,Placement,4,numeric__attendance_overall_attendance_avg_3m,1.293479,Increases Risk
S2163,Placement,5,numeric__attendance_subject_attendance_current,-1.069144,Reduces Risk
S2164,Placement,1,numeric__engagement_strength,0.775128,Increases Risk
S2164,Placement,2,numeric__academic_internal_marks_avg_3m,-0.413629,Reduces Risk
S2164,Placement,3,numeric__academic_warning_score,0.372987,Increases Risk
S2164,Placement,4,numeric__placement_coding_score_slope_3m,0.322127,Increases Risk
S2164,Placement,5,numeric__engagement_events_attended_current,-0.300164,Reduces Risk
S2165,Placement,1,numeric__attendance_subject_attendance_current,0.814531,Increases Risk
S2165,Placement,2,numeric__engagement_strength,0.775128,Increases Risk
S2165,Placement,3,numeric__feedback_satisfaction_score_slope_3m,-0.614453,Reduces Risk
S2165,Placement,4,numeric__attendance_overall_attendance_current,0.544159,Increases Risk
S2165,Placement,5,numeric__attendance_subject_attendance_avg_3m,-0.519732,Reduces Risk
S2166,Placement,1,numeric__engagement_strength,-1.466205,Reduces Risk
S2166,Placement,2,numeric__engagement_certifications_count_current,0.937282,Increases Risk
S2166,Placement,3,numeric__placement_mock_interview_score_current,-0.93643,Reduces Risk
S2166,Placement,4,numeric__placement_aptitude_score_missing,-0.83073,Reduces Risk
S2166,Placement,5,numeric__attendance_overall_attendance_avg_3m,0.639339,Increases Risk
S2167,Placement,1,numeric__engagement_strength,-3.707538,Reduces Risk
S2167,Placement,2,numeric__engagement_hackathons_attended_current,2.76824,Increases Risk
S2167,Placement,3,numeric__engagement_events_attended_current,1.019238,Increases Risk
S2167,Placement,4,numeric__placement_aptitude_score_missing,-0.83073,Reduces Risk
S2167,Placement,5,numeric__placement_mock_interview_score_current,-0.566457,Reduces Risk
S2168,Placement,1,numeric__attendance_overall_attendance_current,-1.532536,Reduces Risk
S2168,Placement,2,numeric__engagement_strength,1.522238,Increases Risk
S2168,Placement,3,numeric__low_coding_flag,1.487088,Increases Risk
S2168,Placement,4,numeric__placement_coding_score_avg_3m,1.091158,Increases Risk
S2168,Placement,5,numeric__attendance_overall_attendance_avg_3m,1.058595,Increases Risk
S2169,Placement,1,numeric__attendance_overall_attendance_current,0.98762,Increases Risk
S2169,Placement,2,numeric__academic_internal_marks_avg_3m,0.690977,Increases Risk
S2169,Placement,3,numeric__feedback_satisfaction_score_slope_3m,0.544728,Increases Risk
S2169,Placement,4,numeric__academic_cgpa_current,0.516755,Increases Risk
S2169,Placement,5,numeric__academic_cgpa_avg_3m,0.502642,Increases Risk
S2170,Placement,1,numeric__attendance_subject_attendance_current,1.327779,Increases Risk
S2170,Placement,2,numeric__attendance_overall_attendance_avg_3m,-1.312976,Reduces Risk
S2170,Placement,3,numeric__attendance_subject_attendance_avg_3m,-1.223164,Reduces Risk
S2170,Placement,4,numeric__low_lms_flag,0.913609,Increases Risk
S2170,Placement,5,numeric__lms_assignment_completion_pct_current,-0.824297,Reduces Risk
S2171,Placement,1,numeric__attendance_overall_attendance_current,-1.792123,Reduces Risk
S2171,Placement,2,numeric__attendance_overall_attendance_avg_3m,1.109107,Increases Risk
S2171,Placement,3,numeric__engagement_strength,-1.09265,Reduces Risk
S2171,Placement,4,numeric__engagement_hackathons_attended_current,0.859109,Increases Risk
S2171,Placement,5,numeric__attendance_subject_attendance_avg_3m,0.644773,Increases Risk
S2172,Placement,1,numeric__engagement_strength,2.082572,Increases Risk
S2172,Placement,2,numeric__attendance_overall_attendance_current,1.896174,Increases Risk
S2172,Placement,3,numeric__attendance_subject_attendance_current,1.391274,Increases Risk
S2172,Placement,4,numeric__attendance_overall_attendance_avg_3m,-1.057887,Reduces Risk
S2172,Placement,5,numeric__engagement_hackathons_attended_current,-1.050022,Reduces Risk
S2173,Placement,1,numeric__engagement_hackathons_attended_current,-1.050022,Reduces Risk
S2173,Placement,2,numeric__academic_backlogs_avg_3m,0.691598,Increases Risk
S2173,Placement,3,numeric__academic_backlogs_current,0.68841,Increases Risk
S2173,Placement,4,numeric__placement_coding_score_std_3m,0.668787,Increases Risk
S2173,Placement,5,numeric__engagement_strength,0.401572,Increases Risk
S2174,Placement,1,numeric__attendance_overall_attendance_current,2.004335,Increases Risk
S2174,Placement,2,numeric__attendance_overall_attendance_avg_3m,-1.270041,Reduces Risk
S2174,Placement,3,numeric__attendance_subject_attendance_current,1.094965,Increases Risk
S2174,Placement,4,numeric__attendance_subject_attendance_avg_3m,-1.037946,Reduces Risk
S2174,Placement,5,numeric__critical_attendance_flag,-0.997756,Reduces Risk
S2175,Placement,1,numeric__engagement_strength,-0.905872,Reduces Risk
S2175,Placement,2,numeric__attendance_overall_attendance_current,-0.79704,Reduces Risk
S2175,Placement,3,numeric__attendance_overall_attendance_avg_3m,0.62166,Increases Risk
S2175,Placement,4,numeric__placement_mock_interview_score_current,-0.555073,Reduces Risk
S2175,Placement,5,numeric__lms_assignment_completion_pct_current,0.538078,Increases Risk
S2176,Placement,1,numeric__engagement_strength,-1.09265,Reduces Risk
S2176,Placement,2,numeric__engagement_hackathons_attended_current,0.859109,Increases Risk
S2176,Placement,3,numeric__attendance_overall_attendance_current,0.84701,Increases Risk
S2176,Placement,4,numeric__attendance_subject_attendance_avg_3m,-0.762091,Reduces Risk
S2176,Placement,5,numeric__attendance_overall_attendance_avg_3m,-0.699247,Reduces Risk
S2177,Placement,1,numeric__engagement_strength,-1.839761,Reduces Risk
S2177,Placement,2,numeric__engagement_hackathons_attended_current,1.813675,Increases Risk
S2177,Placement,3,numeric__lms_logins_per_week_slope_3m,0.447278,Increases Risk
S2177,Placement,4,numeric__engagement_certifications_count_current,0.39235,Increases Risk
S2177,Placement,5,numeric__skills_soft_skills_score_current,-0.375526,Reduces Risk
S2178,Placement,1,numeric__engagement_hackathons_attended_current,-1.050022,Reduces Risk
S2178,Placement,2,numeric__feedback_satisfaction_score_slope_3m,-0.823629,Reduces Risk
S2178,Placement,3,numeric__placement_mock_interview_score_current,0.771137,Increases Risk
S2178,Placement,4,numeric__engagement_events_attended_current,0.689387,Increases Risk
S2178,Placement,5,numeric__placement_mock_interview_score_avg_3m,0.65969,Increases Risk
S2179,Placement,1,numeric__academic_cgpa_missing,-1.51499,Reduces Risk
S2179,Placement,2,numeric__engagement_hackathons_attended_current,-1.050022,Reduces Risk
S2179,Placement,3,numeric__attendance_overall_attendance_avg_3m,0.896954,Increases Risk
S2179,Placement,4,numeric__attendance_overall_attendance_current,-0.85112,Reduces Risk
S2179,Placement,5,numeric__placement_coding_score_avg_3m,0.709342,Increases Risk
S2180,Placement,1,numeric__attendance_overall_attendance_current,0.976804,Increases Risk
S2180,Placement,2,numeric__engagement_strength,-0.905872,Reduces Risk
S2180,Placement,3,numeric__placement_aptitude_score_current,0.771908,Increases Risk
S2180,Placement,4,numeric__skills_soft_skills_score_std_3m,0.739485,Increases Risk
S2180,Placement,5,categorical__department_CS,-0.575417,Reduces Risk
S2181,Placement,1,numeric__academic_internal_marks_avg_3m,-0.646056,Reduces Risk
S2181,Placement,2,numeric__skills_tech_skills_score_avg_3m,0.518418,Increases Risk
S2181,Placement,3,numeric__placement_coding_score_avg_3m,-0.502574,Reduces Risk
S2181,Placement,4,numeric__placement_mock_interview_score_current,0.497926,Increases Risk
S2181,Placement,5,numeric__placement_mock_interview_score_std_3m,-0.408791,Reduces Risk
S2182,Placement,1,numeric__attendance_overall_attendance_current,1.57169,Increases Risk
S2182,Placement,2,numeric__engagement_strength,1.522238,Increases Risk
S2182,Placement,3,numeric__placement_aptitude_score_current,-1.421143,Reduces Risk
S2182,Placement,4,numeric__attendance_overall_attendance_avg_3m,-1.209425,Reduces Risk
S2182,Placement,5,numeric__engagement_hackathons_attended_current,-1.050022,Reduces Risk
S2183,Placement,1,numeric__attendance_overall_attendance_current,0.944355,Increases Risk
S2183,Placement,2,numeric__placement_aptitude_score_current,-0.827191,Reduces Risk
S2183,Placement,3,numeric__attendance_overall_attendance_avg_3m,-0.517402,Reduces Risk
S2183,Placement,4,numeric__low_attendance_flag,-0.491842,Reduces Risk
S2183,Placement,5,numeric__academic_warning_score,-0.475917,Reduces Risk
S2184,Placement,1,numeric__engagement_strength,-1.652983,Reduces Risk
S2184,Placement,2,numeric__placement_aptitude_score_current,1.403933,Increases Risk
S2184,Placement,3,numeric__engagement_certifications_count_current,0.937282,Increases Risk
S2184,Placement,4,numeric__engagement_hackathons_attended_current,0.859109,Increases Risk
S2184,Placement,5,numeric__placement_coding_score_avg_3m,-0.853474,Reduces Risk
S2185,Placement,1,numeric__attendance_overall_attendance_current,-1.251317,Reduces Risk
S2185,Placement,2,numeric__engagement_hackathons_attended_current,-1.050022,Reduces Risk
S2185,Placement,3,numeric__attendance_overall_attendance_avg_3m,0.768147,Increases Risk
S2185,Placement,4,numeric__attendance_subject_attendance_current,-0.66172,Reduces Risk
S2185,Placement,5,numeric__attendance_subject_attendance_avg_3m,0.560046,Increases Risk
S2186,Placement,1,numeric__engagement_strength,-1.09265,Reduces Risk
S2186,Placement,2,numeric__engagement_hackathons_attended_current,0.859109,Increases Risk
S2186,Placement,3,numeric__attendance_overall_attendance_current,-0.678063,Reduces Risk
S2186,Placement,4,numeric__academic_subject_score_avg_slope_3m,-0.564254,Reduces Risk
S2186,Placement,5,numeric__placement_mock_interview_score_current,-0.543689,Reduces Risk
S2187,Placement,1,numeric__feedback_satisfaction_score_slope_3m,-1.050236,Reduces Risk
S2187,Placement,2,numeric__feedback_satisfaction_score_current,1.007773,Increases Risk
S2187,Placement,3,numeric__low_lms_flag,0.913609,Increases Risk
S2187,Placement,4,numeric__placement_aptitude_score_current,-0.87288,Reduces Risk
S2187,Placement,5,numeric__engagement_strength,0.775128,Increases Risk
S2188,Placement,1,numeric__engagement_strength,2.642905,Increases Risk
S2188,Placement,2,numeric__placement_mock_interview_score_current,1.750142,Increases Risk
S2188,Placement,3,numeric__placement_coding_score_avg_3m,1.336942,Increases Risk
S2188,Placement,4,numeric__placement_aptitude_score_current,-1.1927,Reduces Risk
S2188,Placement,5,numeric__placement_mock_interview_score_avg_3m,1.174322,Increases Risk
S2189,Placement,1,numeric__engagement_strength,-0.905872,Reduces Risk
S2189,Placement,2,numeric__placement_mock_interview_score_current,-0.623376,Reduces Risk
S2189,Placement,3,numeric__feedback_satisfaction_score_current,-0.585602,Reduces Risk
S2189,Placement,4,categorical__department_CSE,-0.416441,Reduces Risk
S2189,Placement,5,numeric__placement_mock_interview_score_avg_3m,-0.40805,Reduces Risk
S2190,Placement,1,numeric__attendance_overall_attendance_current,-2.138239,Reduces Risk
S2190,Placement,2,numeric__attendance_overall_attendance_avg_3m,1.407132,Increases Risk
S2190,Placement,3,numeric__attendance_subject_attendance_avg_3m,1.082201,Increases Risk
S2190,Placement,4,numeric__attendance_subject_attendance_current,-1.069144,Reduces Risk
S2190,Placement,5,numeric__placement_mock_interview_score_std_3m,-0.686922,Reduces Risk
S2191,Placement,1,numeric__skills_soft_skills_score_std_3m,0.816913,Increases Risk
S2191,Placement,2,numeric__placement_mock_interview_score_std_3m,-0.64706,Reduces Risk
S2191,Placement,3,numeric__placement_mock_interview_score_current,-0.634759,Reduces Risk
S2191,Placement,4,numeric__skills_soft_skills_score_current,0.570833,Increases Risk
S2191,Placement,5,numeric__placement_aptitude_score_current,0.429244,Increases Risk
S2192,Placement,1,numeric__engagement_strength,-0.905872,Reduces Risk
S2192,Placement,2,numeric__engagement_club_participations_current,-0.547287,Reduces Risk
S2192,Placement,3,numeric__attendance_overall_attendance_avg_3m,0.520634,Increases Risk
S2192,Placement,4,numeric__placement_coding_score_avg_3m,-0.497937,Reduces Risk
S2192,Placement,5,numeric__skills_tech_skills_score_avg_3m,0.442322,Increases Risk
S2193,Placement,1,numeric__engagement_certifications_count_current,0.937282,Increases Risk
S2193,Placement,2,numeric__placement_mock_interview_score_current,-0.90797,Reduces Risk
S2193,Placement,3,numeric__skills_soft_skills_score_std_3m,0.891793,Increases Risk
S2193,Placement,4,numeric__academic_internal_marks_avg_3m,-0.848567,Reduces Risk
S2193,Placement,5,numeric__skills_soft_skills_score_current,0.745947,Increases Risk
S2194,Placement,1,numeric__engagement_strength,1.335461,Increases Risk
S2194,Placement,2,numeric__attendance_overall_attendance_current,1.009252,Increases Risk
S2194,Placement,3,numeric__low_lms_flag,0.913609,Increases Risk
S2194,Placement,4,numeric__placement_aptitude_score_slope_3m,-0.772887,Reduces Risk
S2194,Placement,5,numeric__attendance_overall_attendance_avg_3m,-0.737132,Reduces Risk
S2195,Placement,1,numeric__attendance_overall_attendance_current,1.539242,Increases Risk
S2195,Placement,2,numeric__attendance_overall_attendance_avg_3m,-0.934131,Reduces Risk
S2195,Placement,3,numeric__low_lms_flag,0.913609,Increases Risk
S2195,Placement,4,numeric__attendance_subject_attendance_current,0.713997,Increases Risk
S2195,Placement,5,numeric__attendance_subject_attendance_avg_3m,-0.673423,Reduces Risk
S2196,Placement,1,numeric__academic_internal_marks_avg_3m,-0.929112,Reduces Risk
S2196,Placement,2,numeric__engagement_hackathons_attended_current,0.859109,Increases Risk
S2196,Placement,3,numeric__placement_aptitude_score_current,0.771908,Increases Risk
S2196,Placement,4,numeric__placement_coding_score_std_3m,0.698995,Increases Risk
S2196,Placement,5,numeric__academic_cgpa_avg_3m,-0.507417,Reduces Risk
S2197,Placement,1,numeric__attendance_overall_attendance_current,1.57169,Increases Risk
S2197,Placement,2,numeric__attendance_overall_attendance_avg_3m,-1.318028,Reduces Risk
S2197,Placement,3,numeric__low_lms_flag,0.913609,Increases Risk
S2197,Placement,4,numeric__attendance_subject_attendance_avg_3m,-0.833025,Reduces Risk
S2197,Placement,5,numeric__engagement_strength,0.775128,Increases Risk
S2198,Placement,1,numeric__engagement_strength,-1.652983,Reduces Risk
S2198,Placement,2,numeric__attendance_overall_attendance_current,-1.034994,Reduces Risk
S2198,Placement,3,numeric__engagement_hackathons_attended_current,0.859109,Increases Risk
S2198,Placement,4,numeric__attendance_subject_attendance_current,-0.677594,Reduces Risk
S2198,Placement,5,numeric__attendance_overall_attendance_avg_3m,0.561044,Increases Risk
S2199,Placement,1,numeric__attendance_overall_attendance_current,1.301287,Increases Risk
S2199,Placement,2,numeric__attendance_overall_attendance_avg_3m,-0.949285,Reduces Risk
S2199,Placement,3,numeric__engagement_hackathons_attended_current,0.859109,Increases Risk
S2199,Placement,4,numeric__attendance_subject_attendance_current,0.830404,Increases Risk
S2199,Placement,5,numeric__academic_internal_marks_avg_3m,-0.772626,Reduces Risk
S2200,Placement,1,numeric__attendance_overall_attendance_current,-1.316214,Reduces Risk
S2200,Placement,2,numeric__engagement_hackathons_attended_current,-1.050022,Reduces Risk
S2200,Placement,3,numeric__feedback_satisfaction_score_slope_3m,-0.623169,Reduces Risk
S2200,Placement,4,numeric__attendance_overall_attendance_avg_3m,0.606506,Increases Risk
S2200,Placement,5,numeric__engagement_certifications_count_current,0.39235,Increases Risk
S2201,Placement,1,numeric__engagement_strength,-1.652983,Reduces Risk
S2201,Placement,2,numeric__attendance_overall_attendance_current,-1.489271,Reduces Risk
S2201,Placement,3,numeric__placement_mock_interview_score_current,-1.317786,Reduces Risk
S2201,Placement,4,numeric__attendance_overall_attendance_avg_3m,1.015659,Increases Risk
S2201,Placement,5,numeric__placement_mock_interview_score_avg_3m,-0.973984,Reduces Risk
S2202,Placement,1,numeric__placement_aptitude_score_current,0.939433,Increases Risk
S2202,Placement,2,numeric__attendance_overall_attendance_slope_3m,0.625466,Increases Risk
S2202,Placement,3,numeric__academic_subject_score_avg_slope_3m,0.615527,Increases Risk
S2202,Placement,4,numeric__placement_mock_interview_score_current,-0.469695,Reduces Risk
S2202,Placement,5,numeric__academic_cgpa_avg_3m,-0.469275,Reduces Risk
S2203,Placement,1,numeric__attendance_overall_attendance_current,2.49106,Increases Risk
S2203,Placement,2,numeric__engagement_strength,2.082572,Increases Risk
S2203,Placement,3,numeric__placement_mock_interview_score_current,1.539542,Increases Risk
S2203,Placement,4,numeric__attendance_overall_attendance_avg_3m,-1.460726,Reduces Risk
S2203,Placement,5,numeric__placement_mock_interview_score_avg_3m,1.313801,Increases Risk
S2204,Placement,1,numeric__academic_internal_marks_avg_3m,0.941815,Increases Risk
S2204,Placement,2,numeric__engagement_hackathons_attended_current,0.859109,Increases Risk
S2204,Placement,3,numeric__placement_coding_score_slope_3m,-0.796743,Reduces Risk
S2204,Placement,4,numeric__placement_aptitude_score_current,-0.629208,Reduces Risk
S2204,Placement,5,numeric__attendance_overall_attendance_current,0.533343,Increases Risk
S2205,Placement,1,numeric__attendance_overall_attendance_current,2.718199,Increases Risk
S2205,Placement,2,numeric__engagement_strength,1.522238,Increases Risk
S2205,Placement,3,numeric__attendance_subject_attendance_current,1.486516,Increases Risk
S2205,Placement,4,numeric__attendance_overall_attendance_avg_3m,-1.38622,Reduces Risk
S2205,Placement,5,numeric__engagement_hackathons_attended_current,-1.050022,Reduces Risk
S2206,Placement,1,numeric__low_coding_flag,1.487088,Increases Risk
S2206,Placement,2,numeric__placement_aptitude_score_slope_3m,-1.309378,Reduces Risk
S2206,Placement,3,numeric__placement_coding_score_avg_3m,1.306025,Increases Risk
S2206,Placement,4,numeric__academic_internal_marks_avg_3m,1.036166,Increases Risk
S2206,Placement,5,numeric__skills_tech_skills_score_avg_3m,-0.984122,Reduces Risk
S2207,Placement,1,numeric__engagement_strength,-1.839761,Reduces Risk
S2207,Placement,2,numeric__engagement_hackathons_attended_current,1.813675,Increases Risk
S2207,Placement,3,numeric__placement_mock_interview_score_current,-1.152721,Reduces Risk
S2207,Placement,4,numeric__placement_aptitude_score_current,1.000351,Increases Risk
S2207,Placement,5,numeric__placement_mock_interview_score_avg_3m,-0.887411,Reduces Risk
S2208,Placement,1,numeric__placement_aptitude_score_current,-1.550594,Reduces Risk
S2208,Placement,2,numeric__low_coding_flag,1.487088,Increases Risk
S2208,Placement,3,numeric__placement_coding_score_avg_3m,1.176177,Increases Risk
S2208,Placement,4,numeric__placement_mock_interview_score_current,0.873591,Increases Risk
S2208,Placement,5,numeric__attendance_subject_attendance_current,-0.868078,Reduces Risk
S2209,Placement,1,numeric__placement_mock_interview_score_current,1.249256,Increases Risk
S2209,Placement,2,numeric__engagement_hackathons_attended_current,-1.050022,Reduces Risk
S2209,Placement,3,numeric__placement_mock_interview_score_avg_3m,0.965904,Increases Risk
S2209,Placement,4,numeric__engagement_strength,0.961905,Increases Risk
S2209,Placement,5,numeric__low_lms_flag,0.913609,Increases Risk
S2210,Placement,1,numeric__low_aptitude_flag,-1.905883,Reduces Risk
S2210,Placement,2,numeric__placement_aptitude_score_current,-1.748577,Reduces Risk
S2210,Placement,3,numeric__academic_internal_marks_avg_3m,1.190351,Increases Risk
S2210,Placement,4,numeric__placement_coding_score_avg_3m,0.975222,Increases Risk
S2210,Placement,5,numeric__attendance_overall_attendance_current,-0.905201,Reduces Risk
S2211,Placement,1,numeric__engagement_hackathons_attended_current,1.813675,Increases Risk
S2211,Placement,2,numeric__low_lms_flag,0.913609,Increases Risk
S2211,Placement,3,numeric__placement_aptitude_score_current,0.825212,Increases Risk
S2211,Placement,4,numeric__attendance_overall_attendance_std_3m,-0.800639,Reduces Risk
S2211,Placement,5,numeric__placement_coding_score_avg_3m,-0.766908,Reduces Risk
S2212,Placement,1,numeric__attendance_overall_attendance_current,1.333736,Increases Risk
S2212,Placement,2,numeric__attendance_subject_attendance_current,1.163751,Increases Risk
S2212,Placement,3,numeric__attendance_subject_attendance_avg_3m,-0.939426,Reduces Risk
S2212,Placement,4,numeric__low_lms_flag,0.913609,Increases Risk
S2212,Placement,5,numeric__attendance_overall_attendance_avg_3m,-0.850785,Reduces Risk
S2213,Placement,1,numeric__engagement_strength,-0.905872,Reduces Risk
S2213,Placement,2,numeric__engagement_events_attended_current,0.689387,Increases Risk
S2213,Placement,3,numeric__skills_soft_skills_score_std_3m,0.661022,Increases Risk
S2213,Placement,4,numeric__placement_mock_interview_score_current,0.60038,Increases Risk
S2213,Placement,5,numeric__skills_soft_skills_score_current,-0.587897,Reduces Risk
S2214,Placement,1,numeric__engagement_hackathons_attended_current,1.813675,Increases Risk
S2214,Placement,2,numeric__engagement_strength,-1.279427,Reduces Risk
S2214,Placement,3,numeric__placement_aptitude_score_current,0.733834,Increases Risk
S2214,Placement,4,numeric__engagement_club_participations_current,-0.547287,Reduces Risk
S2214,Placement,5,numeric__feedback_satisfaction_score_slope_3m,-0.509865,Reduces Risk
S2215,Placement,1,numeric__engagement_strength,-1.09265,Reduces Risk
S2215,Placement,2,numeric__engagement_hackathons_attended_current,0.859109,Increases Risk
S2215,Placement,3,numeric__placement_coding_score_avg_3m,-0.681888,Reduces Risk
S2215,Placement,4,numeric__placement_aptitude_score_current,0.680531,Increases Risk
S2215,Placement,5,numeric__feedback_faculty_rating_current,-0.653972,Reduces Risk
S2216,Placement,1,numeric__engagement_strength,-2.213316,Reduces Risk
S2216,Placement,2,numeric__attendance_overall_attendance_current,-2.170687,Reduces Risk
S2216,Placement,3,numeric__attendance_overall_attendance_avg_3m,1.270748,Increases Risk
S2216,Placement,4,numeric__attendance_subject_attendance_current,-1.069144,Reduces Risk
S2216,Placement,5,numeric__engagement_events_attended_current,1.019238,Increases Risk
S2217,Placement,1,numeric__attendance_overall_attendance_current,1.51761,Increases Risk
S2217,Placement,2,numeric__engagement_strength,1.335461,Increases Risk
S2217,Placement,3,numeric__low_lms_flag,0.913609,Increases Risk
S2217,Placement,4,numeric__attendance_overall_attendance_avg_3m,-0.737132,Reduces Risk
S2217,Placement,5,numeric__lms_assignment_completion_pct_current,-0.712775,Reduces Risk
S2218,Placement,1,numeric__attendance_overall_attendance_current,1.398632,Increases Risk
S2218,Placement,2,numeric__engagement_strength,1.335461,Increases Risk
S2218,Placement,3,numeric__attendance_overall_attendance_avg_3m,-1.18922,Reduces Risk
S2218,Placement,4,numeric__attendance_subject_attendance_avg_3m,-1.026124,Reduces Risk
S2218,Placement,5,numeric__low_lms_flag,0.913609,Increases Risk
S2219,Placement,1,numeric__engagement_hackathons_attended_current,-1.050022,Reduces Risk
S2219,Placement,2,numeric__attendance_overall_attendance_current,-0.905201,Reduces Risk
S2219,Placement,3,numeric__attendance_overall_attendance_avg_3m,0.46507,Increases Risk
S2219,Placement,4,numeric__attendance_subject_attendance_avg_3m,0.449704,Increases Risk
S2219,Placement,5,numeric__placement_mock_interview_score_current,-0.446927,Reduces Risk
S2220,Placement,1,numeric__attendance_overall_attendance_current,2.199025,Increases Risk
S2220,Placement,2,numeric__engagement_strength,2.082572,Increases Risk
S2220,Placement,3,numeric__attendance_overall_attendance_avg_3m,-1.366015,Reduces Risk
S2220,Placement,4,numeric__engagement_hackathons_attended_current,-1.050022,Reduces Risk
S2220,Placement,5,numeric__critical_attendance_flag,-0.997756,Reduces Risk
S2221,Placement,1,numeric__attendance_overall_attendance_current,-1.272949,Reduces Risk
S2221,Placement,2,numeric__engagement_hackathons_attended_current,-1.050022,Reduces Risk
S2221,Placement,3,numeric__attendance_subject_attendance_current,-0.87866,Reduces Risk
S2221,Placement,4,numeric__placement_aptitude_score_missing,-0.83073,Reduces Risk
S2221,Placement,5,numeric__attendance_subject_attendance_avg_3m,0.745263,Increases Risk
S2222,Placement,1,numeric__engagement_hackathons_attended_current,1.813675,Increases Risk
S2222,Placement,2,numeric__placement_mock_interview_score_current,0.941894,Increases Risk
S2222,Placement,3,numeric__low_lms_flag,0.913609,Increases Risk
S2222,Placement,4,numeric__attendance_overall_attendance_current,0.814562,Increases Risk
S2222,Placement,5,numeric__placement_mock_interview_score_avg_3m,0.795963,Increases Risk
S2223,Placement,1,numeric__engagement_strength,-1.652983,Reduces Risk
S2223,Placement,2,numeric__attendance_overall_attendance_current,-1.32703,Reduces Risk
S2223,Placement,3,numeric__attendance_overall_attendance_avg_3m,0.886851,Increases Risk
S2223,Placement,4,numeric__attendance_subject_attendance_current,-0.87866,Reduces Risk
S2223,Placement,5,numeric__engagement_hackathons_attended_current,0.859109,Increases Risk
S2224,Placement,1,numeric__engagement_strength,-1.466205,Reduces Risk
S2224,Placement,2,numeric__attendance_overall_attendance_current,-1.164788,Reduces Risk
S2224,Placement,3,numeric__attendance_overall_attendance_avg_3m,0.884326,Increases Risk
S2224,Placement,4,numeric__placement_aptitude_score_current,-0.766273,Reduces Risk
S2224,Placement,5,numeric__engagement_events_attended_current,0.689387,Increases Risk
S2225,Placement,1,numeric__engagement_strength,-1.652983,Reduces Risk
S2225,Placement,2,numeric__engagement_hackathons_attended_current,0.859109,Increases Risk
S2225,Placement,3,numeric__placement_aptitude_score_current,0.718605,Increases Risk
S2225,Placement,4,numeric__placement_mock_interview_score_current,-0.69737,Reduces Risk
S2225,Placement,5,numeric__engagement_events_attended_current,0.689387,Increases Risk
S2226,Placement,1,numeric__placement_coding_score_slope_3m,0.683549,Increases Risk
S2226,Placement,2,numeric__placement_mock_interview_score_current,-0.537997,Reduces Risk
S2226,Placement,3,numeric__feedback_faculty_rating_current,-0.467782,Reduces Risk
S2226,Placement,4,numeric__attendance_overall_attendance_current,-0.450924,Reduces Risk
S2226,Placement,5,numeric__lms_logins_per_week_slope_3m,0.447278,Increases Risk
S2227,Placement,1,numeric__attendance_overall_attendance_current,1.950254,Increases Risk
S2227,Placement,2,numeric__attendance_overall_attendance_avg_3m,-1.408951,Reduces Risk
S2227,Placement,3,numeric__critical_attendance_flag,-0.997756,Reduces Risk
S2227,Placement,4,numeric__attendance_subject_attendance_avg_3m,-0.984746,Reduces Risk
S2227,Placement,5,numeric__low_lms_flag,0.913609,Increases Risk
S2228,Placement,1,numeric__placement_aptitude_score_current,-2.327299,Reduces Risk
S2228,Placement,2,numeric__engagement_hackathons_attended_current,-2.004588,Reduces Risk
S2228,Placement,3,numeric__low_aptitude_flag,-1.905883,Reduces Risk
S2228,Placement,4,numeric__engagement_strength,1.709016,Increases Risk
S2228,Placement,5,numeric__academic_internal_marks_avg_3m,1.694327,Increases Risk
S2229,Placement,1,numeric__engagement_hackathons_attended_current,-1.050022,Reduces Risk
S2229,Placement,2,numeric__attendance_overall_attendance_current,-0.970098,Reduces Risk
S2229,Placement,3,numeric__attendance_overall_attendance_avg_3m,0.933576,Increases Risk
S2229,Placement,4,numeric__placement_coding_score_slope_3m,0.62203,Increases Risk
S2229,Placement,5,numeric__attendance_subject_attendance_avg_3m,0.605365,Increases Risk
S2230,Placement,1,numeric__engagement_hackathons_attended_current,-1.050022,Reduces Risk
S2230,Placement,2,numeric__engagement_club_participations_current,-0.871126,Reduces Risk
S2230,Placement,3,numeric__attendance_overall_attendance_current,-0.829488,Reduces Risk
S2230,Placement,4,numeric__attendance_overall_attendance_avg_3m,0.535788,Increases Risk
S2230,Placement,5,numeric__placement_mock_interview_score_avg_3m,-0.499433,Reduces Risk
S2231,Placement,1,numeric__attendance_overall_attendance_current,-1.370294,Reduces Risk
S2231,Placement,2,numeric__attendance_overall_attendance_avg_3m,1.003031,Increases Risk
S2231,Placement,3,numeric__attendance_subject_attendance_avg_3m,0.92654,Increases Risk
S2231,Placement,4,numeric__attendance_subject_attendance_current,-0.915699,Reduces Risk
S2231,Placement,5,numeric__engagement_strength,0.775128,Increases Risk
S2232,Placement,1,numeric__placement_aptitude_score_current,-0.629208,Reduces Risk
S2232,Placement,2,numeric__placement_mock_interview_score_current,-0.6063,Reduces Risk
S2232,Placement,3,numeric__attendance_subject_attendance_avg_3m,0.538372,Increases Risk
S2232,Placement,4,numeric__feedback_satisfaction_score_slope_3m,0.536012,Increases Risk
S2232,Placement,5,numeric__academic_internal_marks_avg_3m,-0.402123,Reduces Risk
S2233,Placement,1,numeric__attendance_overall_attendance_current,2.404532,Increases Risk
S2233,Placement,2,numeric__attendance_overall_attendance_avg_3m,-1.18922,Reduces Risk
S2233,Placement,3,numeric__attendance_subject_attendance_current,1.147878,Increases Risk
S2233,Placement,4,numeric__attendance_subject_attendance_avg_3m,-1.079325,Reduces Risk
S2233,Placement,5,numeric__critical_attendance_flag,-0.997756,Reduces Risk
S2234,Placement,1,numeric__attendance_overall_attendance_current,1.57169,Increases Risk
S2234,Placement,2,numeric__attendance_subject_attendance_current,1.052636,Increases Risk
S2234,Placement,3,numeric__low_lms_flag,0.913609,Increases Risk
S2234,Placement,4,numeric__academic_internal_marks_avg_3m,0.900392,Increases Risk
S2234,Placement,5,numeric__engagement_hackathons_attended_current,0.859109,Increases Risk
S2235,Placement,1,numeric__engagement_strength,0.775128,Increases Risk
S2235,Placement,2,numeric__feedback_faculty_rating_current,-0.556829,Reduces Risk
S2235,Placement,3,numeric__attendance_overall_attendance_current,0.522527,Increases Risk
S2235,Placement,4,numeric__placement_aptitude_score_current,0.39117,Increases Risk
S2235,Placement,5,numeric__placement_mock_interview_score_current,-0.384316,Reduces Risk
S2236,Placement,1,numeric__placement_mock_interview_score_current,1.812753,Increases Risk
S2236,Placement,2,numeric__engagement_strength,1.522238,Increases Risk
S2236,Placement,3,numeric__placement_aptitude_score_current,-1.299306,Reduces Risk
S2236,Placement,4,numeric__placement_mock_interview_score_avg_3m,1.24326,Increases Risk
S2236,Placement,5,numeric__engagement_hackathons_attended_current,-1.050022,Reduces Risk
S2237,Placement,1,numeric__engagement_hackathons_attended_current,-1.050022,Reduces Risk
S2237,Placement,2,numeric__placement_aptitude_score_current,-1.03279,Reduces Risk
S2237,Placement,3,numeric__engagement_strength,0.961905,Increases Risk
S2237,Placement,4,numeric__academic_internal_marks_avg_3m,0.690977,Increases Risk
S2237,Placement,5,numeric__placement_mock_interview_score_std_3m,0.441297,Increases Risk
S2238,Placement,1,numeric__engagement_strength,-1.466205,Reduces Risk
S2238,Placement,2,numeric__engagement_certifications_count_current,0.937282,Increases Risk
S2238,Placement,3,numeric__engagement_club_participations_current,-0.547287,Reduces Risk
S2238,Placement,4,categorical__department_IT,-0.402819,Reduces Risk
S2238,Placement,5,numeric__engagement_events_attended_current,0.359537,Increases Risk
S2239,Placement,1,numeric__engagement_hackathons_attended_current,-1.050022,Reduces Risk
S2239,Placement,2,numeric__low_lms_flag,0.913609,Increases Risk
S2239,Placement,3,numeric__academic_internal_marks_avg_3m,0.895789,Increases Risk
S2239,Placement,4,numeric__placement_aptitude_score_current,-0.827191,Reduces Risk
S2239,Placement,5,numeric__placement_coding_score_avg_3m,0.59186,Increases Risk
S2240,Placement,1,numeric__attendance_overall_attendance_current,-0.970098,Reduces Risk
S2240,Placement,2,numeric__placement_aptitude_score_slope_3m,-0.841013,Reduces Risk
S2240,Placement,3,numeric__placement_coding_score_avg_3m,-0.586048,Reduces Risk
S2240,Placement,4,numeric__academic_internal_marks_avg_3m,-0.544801,Reduces Risk
S2240,Placement,5,numeric__attendance_overall_attendance_avg_3m,0.52316,Increases Risk
S2241,Placement,1,numeric__attendance_overall_attendance_current,2.891257,Increases Risk
S2241,Placement,2,numeric__attendance_overall_attendance_avg_3m,-2.128756,Reduces Risk
S2241,Placement,3,numeric__engagement_strength,2.082572,Increases Risk
S2241,Placement,4,numeric__attendance_subject_attendance_avg_3m,-1.65074,Reduces Risk
S2241,Placement,5,numeric__attendance_subject_attendance_current,1.391274,Increases Risk
S2242,Placement,1,numeric__low_lms_flag,0.913609,Increases Risk
S2242,Placement,2,numeric__placement_aptitude_score_current,0.741449,Increases Risk
S2242,Placement,3,numeric__academic_subject_score_avg_slope_3m,-0.471504,Reduces Risk
S2242,Placement,4,numeric__academic_cgpa_avg_3m,-0.419831,Reduces Risk
S2242,Placement,5,numeric__academic_internal_marks_avg_3m,-0.409026,Reduces Risk
S2243,Placement,1,numeric__engagement_strength,-1.466205,Reduces Risk
S2243,Placement,2,numeric__skills_soft_skills_score_std_3m,0.828845,Increases Risk
S2243,Placement,3,numeric__engagement_events_attended_current,0.689387,Increases Risk
S2243,Placement,4,numeric__placement_aptitude_score_current,0.543465,Increases Risk
S2243,Placement,5,numeric__placement_mock_interview_score_current,0.50931,Increases Risk
S2244,Placement,1,numeric__engagement_strength,-1.466205,Reduces Risk
S2244,Placement,2,numeric__placement_coding_score_slope_3m,-0.758294,Reduces Risk
S2244,Placement,3,numeric__placement_mock_interview_score_current,-0.754289,Reduces Risk
S2244,Placement,4,numeric__attendance_overall_attendance_current,-0.732143,Reduces Risk
S2244,Placement,5,numeric__engagement_events_attended_current,0.689387,Increases Risk
S2245,Placement,1,numeric__attendance_overall_attendance_current,1.268839,Increases Risk
S2245,Placement,2,numeric__low_lms_flag,0.913609,Increases Risk
S2245,Placement,3,numeric__skills_soft_skills_score_std_3m,0.679295,Increases Risk
S2245,Placement,4,numeric__attendance_overall_attendance_avg_3m,-0.613376,Reduces Risk
S2245,Placement,5,numeric__academic_internal_marks_avg_3m,0.601228,Increases Risk
S2246,Placement,1,numeric__engagement_strength,-1.652983,Reduces Risk
S2246,Placement,2,numeric__engagement_hackathons_attended_current,0.859109,Increases Risk
S2246,Placement,3,numeric__engagement_events_attended_current,0.689387,Increases Risk
S2246,Placement,4,numeric__placement_aptitude_score_current,0.665302,Increases Risk
S2246,Placement,5,numeric__feedback_faculty_rating_current,-0.653972,Reduces Risk
S2247,Placement,1,numeric__attendance_overall_attendance_current,3.843075,Increases Risk
S2247,Placement,2,numeric__attendance_overall_attendance_avg_3m,-2.313128,Reduces Risk
S2247,Placement,3,numeric__attendance_subject_attendance_avg_3m,-1.753201,Reduces Risk
S2247,Placement,4,numeric__attendance_subject_attendance_current,1.714038,Increases Risk
S2247,Placement,5,numeric__engagement_hackathons_attended_current,-1.050022,Reduces Risk
S2248,Placement,1,numeric__engagement_strength,1.335461,Increases Risk
S2248,Placement,2,numeric__attendance_overall_attendance_current,0.998436,Increases Risk
S2248,Placement,3,numeric__placement_mock_interview_score_current,0.645916,Increases Risk
S2248,Placement,4,numeric__feedback_satisfaction_score_slope_3m,0.6406,Increases Risk
S2248,Placement,5,numeric__engagement_events_attended_current,-0.630014,Reduces Risk
S2249,Placement,1,numeric__attendance_overall_attendance_current,2.577589,Increases Risk
S2249,Placement,2,numeric__attendance_overall_attendance_avg_3m,-1.552912,Reduces Risk
S2249,Placement,3,numeric__attendance_subject_attendance_current,1.354235,Increases Risk
S2249,Placement,4,numeric__attendance_subject_attendance_avg_3m,-1.329565,Reduces Risk
S2249,Placement,5,numeric__feedback_satisfaction_score_current,1.080864,Increases Risk
S2250,Placement,1,numeric__engagement_hackathons_attended_current,-1.050022,Reduces Risk
S2250,Placement,2,numeric__placement_coding_score_slope_3m,-0.985143,Reduces Risk
S2250,Placement,3,numeric__attendance_subject_attendance_current,-0.608808,Reduces Risk
S2250,Placement,4,numeric__placement_coding_score_std_3m,0.602806,Increases Risk
S2250,Placement,5,numeric__placement_aptitude_score_current,-0.591134,Reduces Risk
S2251,Placement,1,numeric__attendance_overall_attendance_current,1.777197,Increases Risk
S2251,Placement,2,numeric__engagement_strength,-1.09265,Reduces Risk
S2251,Placement,3,numeric__attendance_overall_attendance_avg_3m,-1.05031,Reduces Risk
S2251,Placement,4,numeric__critical_attendance_flag,-0.997756,Reduces Risk
S2251,Placement,5,numeric__low_lms_flag,0.913609,Increases Risk
S2252,Placement,1,numeric__low_coding_flag,1.487088,Increases Risk
S2252,Placement,2,numeric__placement_aptitude_score_current,-1.200315,Reduces Risk
S2252,Placement,3,numeric__placement_coding_score_avg_3m,1.17154,Increases Risk
S2252,Placement,4,numeric__skills_tech_skills_score_avg_3m,-1.047766,Reduces Risk
S2252,Placement,5,numeric__attendance_overall_attendance_current,0.673952,Increases Risk
S2253,Placement,1,numeric__placement_aptitude_score_current,-1.276462,Reduces Risk
S2253,Placement,2,numeric__feedback_faculty_rating_current,0.552215,Increases Risk
S2253,Placement,3,numeric__skills_tech_skills_score_avg_3m,-0.479125,Reduces Risk
S2253,Placement,4,numeric__attendance_overall_attendance_current,-0.472556,Reduces Risk
S2253,Placement,5,numeric__skills_soft_skills_score_std_3m,0.427819,Increases Risk
S2254,Placement,1,numeric__engagement_strength,1.522238,Increases Risk
S2254,Placement,2,numeric__engagement_hackathons_attended_current,-1.050022,Reduces Risk
S2254,Placement,3,numeric__placement_mock_interview_score_current,0.714218,Increases Risk
S2254,Placement,4,numeric__feedback_satisfaction_score_slope_3m,-0.666747,Reduces Risk
S2254,Placement,5,numeric__academic_internal_marks_avg_3m,0.644952,Increases Risk
S2255,Placement,1,numeric__engagement_strength,-2.026538,Reduces Risk
S2255,Placement,2,numeric__attendance_overall_attendance_current,-1.283765,Reduces Risk
S2255,Placement,3,numeric__engagement_certifications_count_current,0.937282,Increases Risk
S2255,Placement,4,numeric__attendance_overall_attendance_avg_3m,0.912108,Increases Risk
S2255,Placement,5,numeric__engagement_events_attended_current,0.689387,Increases Risk
S2256,Placement,1,numeric__low_lms_flag,0.913609,Increases Risk
S2256,Placement,2,numeric__placement_mock_interview_score_current,0.907742,Increases Risk
S2256,Placement,3,numeric__engagement_strength,0.775128,Increases Risk
S2256,Placement,4,numeric__skills_soft_skills_score_current,-0.613978,Reduces Risk
S2256,Placement,5,numeric__placement_mock_interview_score_avg_3m,0.600371,Increases Risk
S2257,Placement,1,numeric__attendance_subject_attendance_current,-0.693467,Reduces Risk
S2257,Placement,2,numeric__skills_soft_skills_score_std_3m,-0.689938,Reduces Risk
S2257,Placement,3,numeric__attendance_subject_attendance_avg_3m,0.642803,Increases Risk
S2257,Placement,4,numeric__attendance_overall_attendance_current,-0.60235,Reduces Risk
S2257,Placement,5,numeric__placement_aptitude_score_current,0.497777,Increases Risk
S2258,Placement,1,numeric__engagement_strength,-1.652983,Reduces Risk
S2258,Placement,2,numeric__engagement_hackathons_attended_current,0.859109,Increases Risk
S2258,Placement,3,numeric__placement_mock_interview_score_current,-0.822592,Reduces Risk
S2258,Placement,4,numeric__attendance_overall_attendance_current,0.814562,Increases Risk
S2258,Placement,5,numeric__placement_mock_interview_score_avg_3m,-0.704644,Reduces Risk
S2259,Placement,1,numeric__engagement_strength,-1.09265,Reduces Risk
S2259,Placement,2,numeric__attendance_overall_attendance_current,-1.024178,Reduces Risk
S2259,Placement,3,numeric__engagement_hackathons_attended_current,0.859109,Increases Risk
S2259,Placement,4,numeric__placement_mock_interview_score_current,-0.708754,Reduces Risk
S2259,Placement,5,numeric__attendance_overall_attendance_avg_3m,0.550942,Increases Risk
S2260,Placement,1,numeric__engagement_hackathons_attended_current,-2.004588,Reduces Risk
S2260,Placement,2,numeric__engagement_strength,1.709016,Increases Risk
S2260,Placement,3,numeric__placement_coding_score_avg_3m,1.534805,Increases Risk
S2260,Placement,4,numeric__low_coding_flag,1.487088,Increases Risk
S2260,Placement,5,numeric__academic_internal_marks_avg_3m,1.29851,Increases Risk
S2261,Placement,1,numeric__attendance_overall_attendance_current,1.258023,Increases Risk
S2261,Placement,2,numeric__low_lms_flag,0.913609,Increases Risk
S2261,Placement,3,numeric__placement_aptitude_score_missing,-0.83073,Reduces Risk
S2261,Placement,4,numeric__academic_internal_marks_avg_3m,0.720893,Increases Risk
S2261,Placement,5,numeric__attendance_subject_attendance_current,0.666376,Increases Risk
S2262,Placement,1,numeric__placement_aptitude_score_slope_3m,2.071365,Increases Risk
S2262,Placement,2,numeric__placement_aptitude_score_current,-1.51252,Reduces Risk
S2262,Placement,3,numeric__low_lms_flag,0.913609,Increases Risk
S2262,Placement,4,numeric__placement_aptitude_score_std_3m,0.831306,Increases Risk
S2262,Placement,5,numeric__placement_mock_interview_score_avg_3m,0.810392,Increases Risk
S2263,Placement,1,numeric__engagement_strength,1.522238,Increases Risk
S2263,Placement,2,numeric__engagement_hackathons_attended_current,-1.050022,Reduces Risk
S2263,Placement,3,numeric__academic_backlogs_avg_3m,0.611366,Increases Risk
S2263,Placement,4,numeric__placement_coding_score_slope_3m,-0.592962,Reduces Risk
S2263,Placement,5,numeric__academic_backlogs_current,0.490591,Increases Risk
S2264,Placement,1,numeric__engagement_strength,0.775128,Increases Risk
S2264,Placement,2,numeric__placement_aptitude_score_current,-0.575904,Reduces Risk
S2264,Placement,3,numeric__skills_soft_skills_score_std_3m,-0.496689,Reduces Risk
S2264,Placement,4,numeric__placement_aptitude_score_slope_3m,0.466151,Increases Risk
S2264,Placement,5,categorical__department_CSE,-0.416441,Reduces Risk
S2265,Placement,1,numeric__feedback_satisfaction_score_slope_3m,-0.989226,Reduces Risk
S2265,Placement,2,numeric__engagement_strength,-0.905872,Reduces Risk
S2265,Placement,3,numeric__placement_aptitude_score_current,0.863285,Increases Risk
S2265,Placement,4,numeric__placement_coding_score_avg_3m,-0.691163,Reduces Risk
S2265,Placement,5,numeric__feedback_satisfaction_score_current,0.605775,Increases Risk
S2266,Placement,1,numeric__attendance_overall_attendance_current,1.171494,Increases Risk
S2266,Placement,2,numeric__placement_mock_interview_score_current,-1.090111,Reduces Risk
S2266,Placement,3,numeric__placement_mock_interview_score_avg_3m,-0.982,Reduces Risk
S2266,Placement,4,numeric__engagement_strength,-0.905872,Reduces Risk
S2266,Placement,5,numeric__feedback_satisfaction_score_slope_3m,-0.70161,Reduces Risk
S2267,Placement,1,numeric__academic_internal_marks_avg_3m,1.137422,Increases Risk
S2267,Placement,2,numeric__placement_aptitude_score_current,-1.070864,Reduces Risk
S2267,Placement,3,numeric__placement_mock_interview_score_current,0.987429,Increases Risk
S2267,Placement,4,numeric__placement_coding_score_avg_3m,0.843828,Increases Risk
S2267,Placement,5,numeric__placement_mock_interview_score_avg_3m,0.792757,Increases Risk
S2268,Placement,1,numeric__engagement_strength,-2.213316,Reduces Risk
S2268,Placement,2,numeric__engagement_certifications_count_current,1.482213,Increases Risk
S2268,Placement,3,numeric__engagement_hackathons_attended_current,0.859109,Increases Risk
S2268,Placement,4,numeric__attendance_overall_attendance_current,-0.764591,Reduces Risk
S2268,Placement,5,numeric__placement_aptitude_score_slope_3m,0.538534,Increases Risk
S2269,Placement,1,numeric__engagement_hackathons_attended_current,2.76824,Increases Risk
S2269,Placement,2,numeric__engagement_strength,-2.026538,Reduces Risk
S2269,Placement,3,numeric__placement_coding_score_slope_3m,0.672014,Increases Risk
S2269,Placement,4,numeric__academic_internal_marks_avg_3m,-0.5425,Reduces Risk
S2269,Placement,5,numeric__placement_mock_interview_score_current,0.520694,Increases Risk
S2270,Placement,1,numeric__placement_mock_interview_score_current,-0.811208,Reduces Risk
S2270,Placement,2,numeric__placement_mock_interview_score_avg_3m,-0.624484,Reduces Risk
S2270,Placement,3,numeric__academic_internal_marks_slope_3m,0.604892,Increases Risk
S2270,Placement,4,numeric__academic_cgpa_std_3m,-0.531068,Reduces Risk
S2270,Placement,5,numeric__academic_subject_score_avg_slope_3m,-0.467794,Reduces Risk
S2271,Placement,1,numeric__low_coding_flag,1.487088,Increases Risk
S2271,Placement,2,numeric__engagement_strength,-1.466205,Reduces Risk
S2271,Placement,3,numeric__engagement_events_attended_current,1.019238,Increases Risk
S2271,Placement,4,numeric__placement_coding_score_avg_3m,0.675334,Increases Risk
S2271,Placement,5,numeric__skills_soft_skills_score_std_3m,0.630564,Increases Risk
S2272,Placement,1,numeric__engagement_strength,-0.905872,Reduces Risk
S2272,Placement,2,numeric__academic_internal_marks_avg_3m,0.594324,Increases Risk
S2272,Placement,3,numeric__placement_coding_score_slope_3m,0.587426,Increases Risk
S2272,Placement,4,numeric__placement_aptitude_score_current,-0.545445,Reduces Risk
S2272,Placement,5,numeric__skills_soft_skills_score_std_3m,0.53167,Increases Risk
S2273,Placement,1,numeric__engagement_hackathons_attended_current,1.813675,Increases Risk
S2273,Placement,2,numeric__placement_mock_interview_score_current,-1.42024,Reduces Risk
S2273,Placement,3,numeric__engagement_strength,-1.279427,Reduces Risk
S2273,Placement,4,numeric__attendance_overall_attendance_current,1.171494,Increases Risk
S2273,Placement,5,numeric__placement_coding_score_avg_3m,-0.830286,Reduces Risk
S2274,Placement,1,numeric__attendance_overall_attendance_current,3.21574,Increases Risk
S2274,Placement,2,numeric__engagement_hackathons_attended_current,1.813675,Increases Risk
S2274,Placement,3,numeric__attendance_overall_attendance_avg_3m,-1.792847,Reduces Risk
S2274,Placement,4,numeric__attendance_subject_attendance_current,1.237828,Increases Risk
S2274,Placement,5,numeric__attendance_subject_attendance_avg_3m,-1.077354,Reduces Risk
S2275,Placement,1,numeric__attendance_overall_attendance_current,-1.272949,Reduces Risk
S2275,Placement,2,numeric__attendance_overall_attendance_avg_3m,1.20003,Increases Risk
S2275,Placement,3,numeric__placement_mock_interview_score_current,-1.038884,Reduces Risk
S2275,Placement,4,numeric__engagement_strength,-0.905872,Reduces Risk
S2275,Placement,5,numeric__placement_mock_interview_score_avg_3m,-0.889014,Reduces Risk
S2276,Placement,1,numeric__skills_soft_skills_score_std_3m,1.149502,Increases Risk
S2276,Placement,2,numeric__engagement_hackathons_attended_current,0.859109,Increases Risk
S2276,Placement,3,numeric__academic_internal_marks_avg_3m,-0.70819,Reduces Risk
S2276,Placement,4,numeric__placement_mock_interview_score_std_3m,-0.691664,Reduces Risk
S2276,Placement,5,numeric__placement_coding_score_avg_3m,-0.689617,Reduces Risk
S2277,Placement,1,numeric__engagement_hackathons_attended_current,-1.050022,Reduces Risk
S2277,Placement,2,numeric__engagement_strength,0.961905,Increases Risk
S2277,Placement,3,numeric__skills_soft_skills_score_std_3m,0.825248,Increases Risk
S2277,Placement,4,numeric__placement_coding_score_avg_3m,0.811366,Increases Risk
S2277,Placement,5,numeric__skills_tech_skills_score_avg_3m,-0.782124,Reduces Risk
S2278,Placement,1,numeric__academic_internal_marks_avg_3m,1.26169,Increases Risk
S2278,Placement,2,numeric__engagement_hackathons_attended_current,-1.050022,Reduces Risk
S2278,Placement,3,numeric__placement_coding_score_avg_3m,0.976767,Increases Risk
S2278,Placement,4,numeric__placement_aptitude_score_current,-0.933798,Reduces Risk
S2278,Placement,5,numeric__feedback_faculty_rating_current,0.827453,Increases Risk
S2279,Placement,1,numeric__attendance_overall_attendance_current,1.863726,Increases Risk
S2279,Placement,2,numeric__attendance_overall_attendance_avg_3m,-1.229631,Reduces Risk
S2279,Placement,3,numeric__critical_attendance_flag,-0.997756,Reduces Risk
S2279,Placement,4,numeric__attendance_subject_attendance_avg_3m,-0.967012,Reduces Risk
S2279,Placement,5,numeric__placement_aptitude_score_missing,-0.83073,Reduces Risk
S2280,Placement,1,numeric__engagement_strength,-1.09265,Reduces Risk
S2280,Placement,2,numeric__attendance_overall_attendance_current,-0.980914,Reduces Risk
S2280,Placement,3,numeric__engagement_hackathons_attended_current,0.859109,Increases Risk
S2280,Placement,4,numeric__attendance_overall_attendance_avg_3m,0.84139,Increases Risk
S2280,Placement,5,numeric__placement_mock_interview_score_current,-0.748597,Reduces Risk
S2281,Placement,1,numeric__attendance_overall_attendance_current,-2.170687,Reduces Risk
S2281,Placement,2,numeric__low_coding_flag,1.487088,Increases Risk
S2281,Placement,3,numeric__attendance_overall_attendance_avg_3m,1.316209,Increases Risk
S2281,Placement,4,numeric__attendance_subject_attendance_avg_3m,0.936392,Increases Risk
S2281,Placement,5,numeric__placement_aptitude_score_current,-0.933798,Reduces Risk
S2282,Placement,1,numeric__placement_aptitude_score_current,1.282097,Increases Risk
S2282,Placement,2,numeric__academic_internal_marks_avg_3m,-0.968233,Reduces Risk
S2282,Placement,3,numeric__attendance_subject_attendance_current,-0.862787,Reduces Risk
S2282,Placement,4,numeric__engagement_hackathons_attended_current,0.859109,Increases Risk
S2282,Placement,5,numeric__attendance_overall_attendance_current,-0.818672,Reduces Risk
S2283,Placement,1,numeric__engagement_strength,-1.652983,Reduces Risk
S2283,Placement,2,numeric__attendance_subject_attendance_current,1.571175,Increases Risk
S2283,Placement,3,numeric__attendance_subject_attendance_avg_3m,-1.374884,Reduces Risk
S2283,Placement,4,numeric__attendance_overall_attendance_avg_3m,-1.229631,Reduces Risk
S2283,Placement,5,numeric__low_lms_flag,0.913609,Increases Risk
S2284,Placement,1,numeric__attendance_overall_attendance_current,1.312103,Increases Risk
S2284,Placement,2,numeric__attendance_subject_attendance_current,0.920355,Increases Risk
S2284,Placement,3,numeric__engagement_hackathons_attended_current,0.859109,Increases Risk
S2284,Placement,4,numeric__placement_coding_score_slope_3m,-0.619877,Reduces Risk
S2284,Placement,5,numeric__placement_aptitude_score_current,0.55108,Increases Risk
S2285,Placement,1,numeric__engagement_strength,1.335461,Increases Risk
S2285,Placement,2,numeric__feedback_faculty_rating_current,1.175547,Increases Risk
S2285,Placement,3,numeric__placement_aptitude_score_current,-0.941413,Reduces Risk
S2285,Placement,4,numeric__placement_mock_interview_score_current,0.83944,Increases Risk
S2285,Placement,5,numeric__placement_mock_interview_score_avg_3m,0.702977,Increases Risk
S2286,Placement,1,numeric__attendance_overall_attendance_current,-2.040894,Reduces Risk
S2286,Placement,2,numeric__attendance_overall_attendance_avg_3m,1.391978,Increases Risk
S2286,Placement,3,numeric__attendance_subject_attendance_avg_3m,1.178751,Increases Risk
S2286,Placement,4,numeric__engagement_strength,-1.09265,Reduces Risk
S2286,Placement,5,numeric__attendance_subject_attendance_current,-1.069144,Reduces Risk
S2287,Placement,1,numeric__engagement_strength,1.522238,Increases Risk
S2287,Placement,2,numeric__engagement_hackathons_attended_current,-1.050022,Reduces Risk
S2287,Placement,3,numeric__skills_soft_skills_score_std_3m,0.903114,Increases Risk
S2287,Placement,4,numeric__placement_mock_interview_score_std_3m,-0.71875,Reduces Risk
S2287,Placement,5,numeric__placement_mock_interview_score_avg_3m,0.690151,Increases Risk
S2288,Placement,1,numeric__engagement_strength,-2.213316,Reduces Risk
S2288,Placement,2,numeric__attendance_overall_attendance_current,-0.970098,Reduces Risk
S2288,Placement,3,numeric__engagement_certifications_count_current,0.937282,Increases Risk
S2288,Placement,4,numeric__engagement_hackathons_attended_current,0.859109,Increases Risk
S2288,Placement,5,numeric__attendance_overall_attendance_avg_3m,0.70248,Increases Risk
S2289,Placement,1,numeric__attendance_overall_attendance_current,1.247207,Increases Risk
S2289,Placement,2,numeric__engagement_certifications_count_current,0.937282,Increases Risk
S2289,Placement,3,numeric__engagement_strength,-0.905872,Reduces Risk
S2289,Placement,4,numeric__attendance_overall_attendance_avg_3m,-0.886144,Reduces Risk
S2289,Placement,5,numeric__academic_internal_marks_avg_3m,0.730098,Increases Risk
S2290,Placement,1,numeric__attendance_overall_attendance_current,2.869625,Increases Risk
S2290,Placement,2,numeric__attendance_overall_attendance_avg_3m,-1.810526,Reduces Risk
S2290,Placement,3,numeric__attendance_subject_attendance_avg_3m,-1.317743,Reduces Risk
S2290,Placement,4,numeric__attendance_subject_attendance_current,1.232537,Increases Risk
S2290,Placement,5,numeric__engagement_strength,-1.09265,Reduces Risk
S2291,Placement,1,numeric__engagement_hackathons_attended_current,2.76824,Increases Risk
S2291,Placement,2,numeric__engagement_strength,-1.466205,Reduces Risk
S2291,Placement,3,numeric__low_lms_flag,0.913609,Increases Risk
S2291,Placement,4,numeric__placement_mock_interview_score_std_3m,-0.809155,Reduces Risk
S2291,Placement,5,numeric__skills_soft_skills_score_std_3m,0.675487,Increases Risk
S2292,Placement,1,numeric__engagement_hackathons_attended_current,2.76824,Increases Risk
S2292,Placement,2,numeric__attendance_overall_attendance_current,1.084965,Increases Risk
S2292,Placement,3,numeric__engagement_events_attended_current,-0.959864,Reduces Risk
S2292,Placement,4,numeric__attendance_overall_attendance_avg_3m,-0.855837,Reduces Risk
S2292,Placement,5,numeric__feedback_satisfaction_score_current,0.598466,Increases Risk
S2293,Placement,1,numeric__low_lms_flag,0.913609,Increases Risk
S2293,Placement,2,numeric__placement_mock_interview_score_current,-0.685986,Reduces Risk
S2293,Placement,3,numeric__feedback_satisfaction_score_current,-0.51982,Reduces Risk
S2293,Placement,4,numeric__academic_internal_marks_avg_3m,0.453947,Increases Risk
S2293,Placement,5,numeric__placement_coding_score_avg_3m,0.441917,Increases Risk
S2294,Placement,1,numeric__attendance_overall_attendance_current,1.009252,Increases Risk
S2294,Placement,2,numeric__attendance_overall_attendance_avg_3m,-0.567914,Reduces Risk
S2294,Placement,3,numeric__placement_coding_score_avg_3m,-0.497937,Reduces Risk
S2294,Placement,4,numeric__low_attendance_flag,-0.491842,Reduces Risk
S2294,Placement,5,numeric__placement_aptitude_score_current,0.436859,Increases Risk
S2295,Placement,1,numeric__attendance_overall_attendance_current,1.344552,Increases Risk
S2295,Placement,2,numeric__attendance_overall_attendance_avg_3m,-0.979593,Reduces Risk
S2295,Placement,3,numeric__low_lms_flag,0.913609,Increases Risk
S2295,Placement,4,numeric__attendance_subject_attendance_avg_3m,-0.878344,Reduces Risk
S2295,Placement,5,numeric__attendance_subject_attendance_current,0.613464,Increases Risk
S2296,Placement,1,numeric__engagement_strength,-1.09265,Reduces Risk
S2296,Placement,2,numeric__attendance_overall_attendance_current,0.965988,Increases Risk
S2296,Placement,3,numeric__engagement_hackathons_attended_current,0.859109,Increases Risk
S2296,Placement,4,numeric__attendance_overall_attendance_avg_3m,-0.79017,Reduces Risk
S2296,Placement,5,numeric__feedback_satisfaction_score_current,0.64232,Increases Risk
S2297,Placement,1,numeric__attendance_overall_attendance_current,-1.283765,Reduces Risk
S2297,Placement,2,numeric__attendance_subject_attendance_current,-0.973902,Reduces Risk
S2297,Placement,3,numeric__placement_aptitude_score_current,-0.903339,Reduces Risk
S2297,Placement,4,numeric__engagement_hackathons_attended_current,0.859109,Increases Risk
S2297,Placement,5,numeric__attendance_overall_attendance_avg_3m,0.768147,Increases Risk
S2298,Placement,1,numeric__engagement_hackathons_attended_current,1.813675,Increases Risk
S2298,Placement,2,numeric__placement_aptitude_score_current,-1.329766,Reduces Risk
S2298,Placement,3,numeric__placement_mock_interview_score_current,1.317558,Increases Risk
S2298,Placement,4,numeric__engagement_strength,-1.279427,Reduces Risk
S2298,Placement,5,numeric__academic_internal_marks_avg_3m,1.003949,Increases Risk
S2299,Placement,1,numeric__engagement_strength,-1.839761,Reduces Risk
S2299,Placement,2,numeric__engagement_hackathons_attended_current,1.813675,Increases Risk
S2299,Placement,3,numeric__engagement_certifications_count_current,0.937282,Increases Risk
S2299,Placement,4,numeric__academic_internal_marks_avg_3m,-0.85317,Reduces Risk
S2299,Placement,5,numeric__placement_coding_score_avg_3m,-0.77,Reduces Risk
S2300,Placement,1,numeric__attendance_overall_attendance_current,-1.067443,Reduces Risk
S2300,Placement,2,numeric__engagement_hackathons_attended_current,-1.050022,Reduces Risk
S2300,Placement,3,numeric__attendance_subject_attendance_current,-0.74638,Reduces Risk
S2300,Placement,4,numeric__feedback_faculty_rating_current,0.584596,Increases Risk
S2300,Placement,5,numeric__placement_mock_interview_score_current,0.560537,Increases Risk
S2301,Placement,1,numeric__attendance_overall_attendance_current,-1.305397,Reduces Risk
S2301,Placement,2,numeric__attendance_overall_attendance_avg_3m,1.227812,Increases Risk
S2301,Placement,3,numeric__placement_aptitude_score_current,-1.162241,Reduces Risk
S2301,Placement,4,numeric__attendance_subject_attendance_avg_3m,0.971859,Increases Risk
S2301,Placement,5,numeric__placement_aptitude_score_slope_3m,0.815295,Increases Risk
S2302,Placement,1,numeric__placement_mock_interview_score_current,-0.765673,Reduces Risk
S2302,Placement,2,numeric__placement_aptitude_score_current,0.733834,Increases Risk
S2302,Placement,3,numeric__attendance_subject_attendance_current,-0.413033,Reduces Risk
S2302,Placement,4,numeric__skills_soft_skills_score_std_3m,-0.383095,Reduces Risk
S2302,Placement,5,numeric__placement_mock_interview_score_std_3m,-0.36565,Reduces Risk
S2303,Placement,1,numeric__engagement_strength,2.082572,Increases Risk
S2303,Placement,2,numeric__low_coding_flag,1.487088,Increases Risk
S2303,Placement,3,numeric__placement_aptitude_score_current,-1.154626,Reduces Risk
S2303,Placement,4,numeric__academic_internal_marks_avg_3m,1.142024,Increases Risk
S2303,Placement,5,numeric__engagement_hackathons_attended_current,-1.050022,Reduces Risk
S2304,Placement,1,numeric__placement_mock_interview_score_current,-0.481078,Reduces Risk
S2304,Placement,2,numeric__feedback_faculty_rating_current,-0.467782,Reduces Risk
S2304,Placement,3,numeric__placement_coding_score_avg_3m,-0.457746,Reduces Risk
S2304,Placement,4,numeric__attendance_overall_attendance_std_3m,0.425072,Increases Risk
S2304,Placement,5,categorical__department_IT,-0.402819,Reduces Risk
S2305,Placement,1,numeric__placement_coding_score_slope_3m,0.660479,Increases Risk
S2305,Placement,2,numeric__placement_coding_score_avg_3m,0.587223,Increases Risk
S2305,Placement,3,numeric__skills_tech_skills_score_avg_3m,-0.486043,Reduces Risk
S2305,Placement,4,numeric__skills_soft_skills_score_std_3m,-0.407371,Reduces Risk
S2305,Placement,5,numeric__engagement_certifications_count_current,0.39235,Increases Risk
S2306,Placement,1,numeric__attendance_overall_attendance_current,0.803746,Increases Risk
S2306,Placement,2,numeric__attendance_overall_attendance_avg_3m,-0.767439,Reduces Risk
S2306,Placement,3,numeric__academic_internal_marks_slope_3m,-0.556047,Reduces Risk
S2306,Placement,4,numeric__placement_coding_score_slope_3m,0.545132,Increases Risk
S2306,Placement,5,numeric__skills_soft_skills_score_std_3m,-0.517308,Reduces Risk
S2307,Placement,1,numeric__attendance_overall_attendance_current,3.226557,Increases Risk
S2307,Placement,2,numeric__attendance_overall_attendance_avg_3m,-1.818103,Reduces Risk
S2307,Placement,3,numeric__attendance_subject_attendance_current,1.475933,Increases Risk
S2307,Placement,4,numeric__attendance_subject_attendance_avg_3m,-1.262572,Reduces Risk
S2307,Placement,5,numeric__critical_attendance_flag,-0.997756,Reduces Risk
S2308,Placement,1,numeric__engagement_hackathons_attended_current,0.859109,Increases Risk
S2308,Placement,2,numeric__feedback_satisfaction_score_current,0.56923,Increases Risk
S2308,Placement,3,numeric__skills_soft_skills_score_current,-0.539462,Reduces Risk
S2308,Placement,4,numeric__attendance_overall_attendance_current,0.511711,Increases Risk
S2308,Placement,5,numeric__attendance_subject_attendance_current,0.481184,Increases Risk
S2309,Placement,1,numeric__engagement_certifications_count_current,1.482213,Increases Risk
S2309,Placement,2,numeric__engagement_strength,-1.466205,Reduces Risk
S2309,Placement,3,numeric__academic_internal_marks_avg_3m,-1.005053,Reduces Risk
S2309,Placement,4,numeric__attendance_overall_attendance_current,0.98762,Increases Risk
S2309,Placement,5,numeric__placement_aptitude_score_current,0.924203,Increases Risk
S2310,Placement,1,numeric__low_coding_flag,1.487088,Increases Risk
S2310,Placement,2,numeric__engagement_hackathons_attended_current,-1.050022,Reduces Risk
S2310,Placement,3,numeric__engagement_strength,0.961905,Increases Risk
S2310,Placement,4,numeric__attendance_subject_attendance_current,-0.958029,Reduces Risk
S2310,Placement,5,numeric__placement_coding_score_avg_3m,0.862377,Increases Risk
S2311,Placement,1,numeric__engagement_hackathons_attended_current,-1.050022,Reduces Risk
S2311,Placement,2,numeric__academic_internal_marks_avg_3m,1.010852,Increases Risk
S2311,Placement,3,numeric__engagement_events_attended_current,0.689387,Increases Risk
S2311,Placement,4,numeric__feedback_satisfaction_score_current,-0.578293,Reduces Risk
S2311,Placement,5,numeric__attendance_overall_attendance_slope_3m,-0.561055,Reduces Risk
S2312,Placement,1,numeric__attendance_overall_attendance_current,-2.138239,Reduces Risk
S2312,Placement,2,numeric__attendance_overall_attendance_avg_3m,1.462696,Increases Risk
S2312,Placement,3,numeric__engagement_hackathons_attended_current,-1.050022,Reduces Risk
S2312,Placement,4,numeric__attendance_subject_attendance_avg_3m,1.030971,Increases Risk
S2312,Placement,5,numeric__attendance_subject_attendance_current,-0.751671,Reduces Risk
S2313,Placement,1,numeric__attendance_overall_attendance_current,-0.786224,Reduces Risk
S2313,Placement,2,numeric__attendance_overall_attendance_avg_3m,0.684801,Increases Risk
S2313,Placement,3,numeric__academic_internal_marks_slope_3m,0.561894,Increases Risk
S2313,Placement,4,numeric__attendance_subject_attendance_avg_3m,0.518668,Increases Risk
S2313,Placement,5,numeric__feedback_satisfaction_score_current,-0.475966,Reduces Risk
S2314,Placement,1,numeric__attendance_overall_attendance_current,-1.802939,Reduces Risk
S2314,Placement,2,numeric__attendance_overall_attendance_avg_3m,1.263171,Increases Risk
S2314,Placement,3,numeric__engagement_hackathons_attended_current,-1.050022,Reduces Risk
S2314,Placement,4,numeric__engagement_strength,0.961905,Increases Risk
S2314,Placement,5,numeric__attendance_subject_attendance_avg_3m,0.906836,Increases Risk
S2315,Placement,1,numeric__attendance_overall_attendance_current,2.880441,Increases Risk
S2315,Placement,2,numeric__attendance_overall_attendance_avg_3m,-1.608476,Reduces Risk
S2315,Placement,3,numeric__engagement_strength,1.335461,Increases Risk
S2315,Placement,4,numeric__attendance_subject_attendance_avg_3m,-1.160111,Reduces Risk
S2315,Placement,5,numeric__critical_attendance_flag,-0.997756,Reduces Risk
S2316,Placement,1,numeric__placement_aptitude_score_current,1.000351,Increases Risk
S2316,Placement,2,numeric__engagement_strength,0.775128,Increases Risk
S2316,Placement,3,numeric__placement_coding_score_avg_3m,-0.661793,Reduces Risk
S2316,Placement,4,numeric__feedback_satisfaction_score_slope_3m,0.536012,Increases Risk
S2316,Placement,5,numeric__placement_readiness_score,0.482424,Increases Risk
S2317,Placement,1,categorical__department_IT,-0.402819,Reduces Risk
S2317,Placement,2,numeric__placement_aptitude_score_current,0.360711,Increases Risk
S2317,Placement,3,numeric__engagement_events_attended_current,0.359537,Increases Risk
S2317,Placement,4,numeric__engagement_strength,-0.345539,Reduces Risk
S2317,Placement,5,numeric__attendance_overall_attendance_current,-0.321131,Reduces Risk
S2318,Placement,1,numeric__engagement_strength,1.522238,Increases Risk
S2318,Placement,2,numeric__attendance_overall_attendance_current,1.409449,Increases Risk
S2318,Placement,3,numeric__engagement_hackathons_attended_current,-1.050022,Reduces Risk
S2318,Placement,4,numeric__low_lms_flag,0.913609,Increases Risk
S2318,Placement,5,numeric__attendance_subject_attendance_current,0.883316,Increases Risk
S2319,Placement,1,numeric__engagement_hackathons_attended_current,2.76824,Increases Risk
S2319,Placement,2,numeric__attendance_overall_attendance_current,2.0476,Increases Risk
S2319,Placement,3,numeric__engagement_strength,-2.026538,Reduces Risk
S2319,Placement,4,numeric__placement_aptitude_score_current,1.152646,Increases Risk
S2319,Placement,5,numeric__attendance_overall_attendance_avg_3m,-1.025054,Reduces Risk
S2320,Placement,1,numeric__attendance_overall_attendance_current,2.155761,Increases Risk
S2320,Placement,2,numeric__engagement_hackathons_attended_current,-1.050022,Reduces Risk
S2320,Placement,3,numeric__attendance_subject_attendance_current,1.042053,Increases Risk
S2320,Placement,4,numeric__critical_attendance_flag,-0.997756,Reduces Risk
S2320,Placement,5,numeric__academic_internal_marks_avg_3m,0.992442,Increases Risk
S2321,Placement,1,numeric__engagement_strength,-1.09265,Reduces Risk
S2321,Placement,2,numeric__engagement_hackathons_attended_current,0.859109,Increases Risk
S2321,Placement,3,numeric__placement_aptitude_score_current,0.840441,Increases Risk
S2321,Placement,4,numeric__placement_aptitude_score_slope_3m,-0.623862,Reduces Risk
S2321,Placement,5,numeric__placement_mock_interview_score_std_3m,-0.480915,Reduces Risk
S2322,Placement,1,numeric__attendance_overall_attendance_current,-1.759674,Reduces Risk
S2322,Placement,2,numeric__attendance_overall_attendance_avg_3m,1.114158,Increases Risk
S2322,Placement,3,numeric__placement_mock_interview_score_current,-1.0275,Reduces Risk
S2322,Placement,4,numeric__attendance_subject_attendance_avg_3m,0.845754,Increases Risk
S2322,Placement,5,numeric__attendance_subject_attendance_current,-0.735797,Reduces Risk
S2323,Placement,1,numeric__engagement_strength,-1.09265,Reduces Risk
S2323,Placement,2,numeric__engagement_certifications_count_current,0.937282,Increases Risk
S2323,Placement,3,numeric__low_lms_flag,0.913609,Increases Risk
S2323,Placement,4,numeric__engagement_hackathons_attended_current,0.859109,Increases Risk
S2323,Placement,5,numeric__feedback_satisfaction_score_slope_3m,-0.849776,Reduces Risk
S2324,Placement,1,numeric__attendance_overall_attendance_current,-2.040894,Reduces Risk
S2324,Placement,2,numeric__engagement_strength,-1.652983,Reduces Risk
S2324,Placement,3,numeric__low_coding_flag,1.487088,Increases Risk
S2324,Placement,4,numeric__attendance_overall_attendance_avg_3m,1.399555,Increases Risk
S2324,Placement,5,numeric__placement_coding_score_avg_3m,1.386408,Increases Risk
S2325,Placement,1,numeric__engagement_strength,-1.09265,Reduces Risk
S2325,Placement,2,numeric__placement_aptitude_score_current,0.977507,Increases Risk
S2325,Placement,3,numeric__engagement_hackathons_attended_current,0.859109,Increases Risk
S2325,Placement,4,numeric__placement_mock_interview_score_current,-0.851051,Reduces Risk
S2325,Placement,5,numeric__attendance_overall_attendance_current,0.749665,Increases Risk
S2326,Placement,1,numeric__attendance_overall_attendance_current,-0.60235,Reduces Risk
S2326,Placement,2,numeric__placement_aptitude_score_slope_3m,-0.577025,Reduces Risk
S2326,Placement,3,numeric__feedback_satisfaction_score_slope_3m,-0.509865,Reduces Risk
S2326,Placement,4,numeric__attendance_overall_attendance_avg_3m,0.417083,Increases Risk
S2326,Placement,5,numeric__placement_coding_score_slope_3m,0.41056,Increases Risk
S2327,Placement,1,numeric__engagement_hackathons_attended_current,1.813675,Increases Risk
S2327,Placement,2,numeric__engagement_strength,-0.719094,Reduces Risk
S2327,Placement,3,numeric__attendance_overall_attendance_slope_3m,0.568965,Increases Risk
S2327,Placement,4,numeric__attendance_overall_attendance_avg_3m,-0.441632,Reduces Risk
S2327,Placement,5,numeric__academic_subject_score_avg_slope_3m,-0.419564,Reduces Risk
S2328,Placement,1,numeric__engagement_strength,-1.466205,Reduces Risk
S2328,Placement,2,numeric__engagement_events_attended_current,0.689387,Increases Risk
S2328,Placement,3,numeric__attendance_subject_attendance_current,-0.614099,Reduces Risk
S2328,Placement,4,numeric__attendance_overall_attendance_current,-0.580717,Reduces Risk
S2328,Placement,5,numeric__feedback_faculty_rating_current,-0.459687,Reduces Risk
S2329,Placement,1,numeric__engagement_hackathons_attended_current,-1.050022,Reduces Risk
S2329,Placement,2,numeric__engagement_events_attended_current,0.689387,Increases Risk
S2329,Placement,3,numeric__lms_logins_per_week_avg_3m,0.479123,Increases Risk
S2329,Placement,4,numeric__skills_soft_skills_score_std_3m,-0.428527,Reduces Risk
S2329,Placement,5,categorical__department_CSE,-0.416441,Reduces Risk
S2330,Placement,1,numeric__engagement_strength,1.522238,Increases Risk
S2330,Placement,2,numeric__engagement_hackathons_attended_current,-1.050022,Reduces Risk
S2330,Placement,3,numeric__engagement_club_participations_current,-0.547287,Reduces Risk
S2330,Placement,4,numeric__attendance_subject_attendance_current,0.491766,Increases Risk
S2330,Placement,5,numeric__placement_aptitude_score_slope_3m,0.453377,Increases Risk
S2331,Placement,1,numeric__engagement_strength,-2.026538,Reduces Risk
S2331,Placement,2,numeric__engagement_events_attended_current,1.019238,Increases Risk
S2331,Placement,3,numeric__placement_mock_interview_score_avg_3m,-0.821679,Reduces Risk
S2331,Placement,4,numeric__attendance_overall_attendance_current,-0.742959,Reduces Risk
S2331,Placement,5,numeric__placement_mock_interview_score_current,-0.72583,Reduces Risk
S2332,Placement,1,numeric__engagement_strength,-1.466205,Reduces Risk
S2332,Placement,2,numeric__attendance_overall_attendance_current,-1.175604,Reduces Risk
S2332,Placement,3,numeric__attendance_subject_attendance_current,-0.772836,Reduces Risk
S2332,Placement,4,numeric__placement_aptitude_score_current,0.756679,Increases Risk
S2332,Placement,5,numeric__placement_mock_interview_score_current,-0.754289,Reduces Risk
S2333,Placement,1,numeric__attendance_overall_attendance_current,1.074149,Increases Risk
S2333,Placement,2,numeric__engagement_hackathons_attended_current,0.859109,Increases Risk
S2333,Placement,3,numeric__placement_mock_interview_score_current,-0.765673,Reduces Risk
S2333,Placement,4,numeric__attendance_overall_attendance_avg_3m,-0.69167,Reduces Risk
S2333,Placement,5,numeric__placement_aptitude_score_current,0.642457,Increases Risk
S2334,Placement,1,numeric__engagement_strength,2.082572,Increases Risk
S2334,Placement,2,numeric__placement_mock_interview_score_current,1.289099,Increases Risk
S2334,Placement,3,numeric__placement_mock_interview_score_avg_3m,1.10378,Increases Risk
S2334,Placement,4,numeric__engagement_hackathons_attended_current,-1.050022,Reduces Risk
S2334,Placement,5,numeric__placement_coding_score_avg_3m,0.834553,Increases Risk
S2335,Placement,1,numeric__engagement_hackathons_attended_current,0.859109,Increases Risk
S2335,Placement,2,numeric__placement_coding_score_avg_3m,-0.813282,Reduces Risk
S2335,Placement,3,numeric__placement_mock_interview_score_std_3m,-0.760564,Reduces Risk
S2335,Placement,4,numeric__skills_soft_skills_score_std_3m,0.637914,Increases Risk
S2335,Placement,5,numeric__attendance_overall_attendance_current,0.59824,Increases Risk
S2336,Placement,1,numeric__attendance_overall_attendance_std_3m,-1.02644,Reduces Risk
S2336,Placement,2,numeric__placement_mock_interview_score_current,-0.748597,Reduces Risk
S2336,Placement,3,numeric__placement_aptitude_score_current,-0.71297,Reduces Risk
S2336,Placement,4,numeric__placement_mock_interview_score_std_3m,-0.677262,Reduces Risk
S2336,Placement,5,numeric__skills_soft_skills_score_std_3m,0.519995,Increases Risk
S2337,Placement,1,numeric__academic_internal_marks_avg_3m,1.013154,Increases Risk
S2337,Placement,2,numeric__placement_coding_score_avg_3m,0.908752,Increases Risk
S2337,Placement,3,numeric__engagement_strength,-0.905872,Reduces Risk
S2337,Placement,4,numeric__engagement_events_attended_current,0.689387,Increases Risk
S2337,Placement,5,numeric__placement_aptitude_score_current,-0.575904,Reduces Risk
S2338,Placement,1,numeric__placement_aptitude_score_current,-2.319684,Reduces Risk
S2338,Placement,2,numeric__low_aptitude_flag,-1.905883,Reduces Risk
S2338,Placement,3,numeric__placement_coding_score_avg_3m,1.612096,Increases Risk
S2338,Placement,4,numeric__engagement_strength,1.522238,Increases Risk
S2338,Placement,5,numeric__low_coding_flag,1.487088,Increases Risk
S2339,Placement,1,numeric__engagement_strength,0.775128,Increases Risk
S2339,Placement,2,numeric__placement_mock_interview_score_current,-0.640451,Reduces Risk
S2339,Placement,3,numeric__placement_aptitude_score_current,0.634843,Increases Risk
S2339,Placement,4,numeric__feedback_faculty_rating_current,-0.475877,Reduces Risk
S2339,Placement,5,numeric__academic_cgpa_avg_3m,-0.474925,Reduces Risk
S2340,Placement,1,numeric__academic_internal_marks_avg_3m,-0.991246,Reduces Risk
S2340,Placement,2,numeric__low_lms_flag,0.913609,Increases Risk
S2340,Placement,3,numeric__engagement_hackathons_attended_current,0.859109,Increases Risk
S2340,Placement,4,numeric__placement_aptitude_score_slope_3m,-0.649409,Reduces Risk
S2340,Placement,5,numeric__engagement_events_attended_current,-0.630014,Reduces Risk
S2341,Placement,1,numeric__attendance_overall_attendance_current,2.0476,Increases Risk
S2341,Placement,2,numeric__attendance_overall_attendance_avg_3m,-1.381169,Reduces Risk
S2341,Placement,3,numeric__attendance_subject_attendance_avg_3m,-1.063561,Reduces Risk
S2341,Placement,4,numeric__engagement_hackathons_attended_current,-1.050022,Reduces Risk
S2341,Placement,5,numeric__attendance_subject_attendance_current,1.036762,Increases Risk
S2342,Placement,1,numeric__engagement_strength,-1.839761,Reduces Risk
S2342,Placement,2,numeric__engagement_hackathons_attended_current,1.813675,Increases Risk
S2342,Placement,3,numeric__feedback_satisfaction_score_slope_3m,-0.98051,Reduces Risk
S2342,Placement,4,numeric__placement_coding_score_avg_3m,-0.816374,Reduces Risk
S2342,Placement,5,numeric__academic_backlogs_avg_3m,0.611366,Increases Risk
S2343,Placement,1,numeric__engagement_strength,1.522238,Increases Risk
S2343,Placement,2,numeric__placement_aptitude_score_current,-1.367839,Reduces Risk
S2343,Placement,3,numeric__attendance_overall_attendance_current,-1.218868,Reduces Risk
S2343,Placement,4,numeric__academic_internal_marks_avg_3m,1.192652,Increases Risk
S2343,Placement,5,numeric__attendance_overall_attendance_avg_3m,1.111633,Increases Risk
S2344,Placement,1,numeric__attendance_overall_attendance_current,-0.948466,Reduces Risk
S2344,Placement,2,numeric__academic_internal_marks_avg_3m,-0.855471,Reduces Risk
S2344,Placement,3,numeric__attendance_subject_attendance_current,-0.614099,Reduces Risk
S2344,Placement,4,numeric__engagement_club_participations_current,-0.547287,Reduces Risk
S2344,Placement,5,numeric__attendance_overall_attendance_avg_3m,0.515583,Increases Risk
S2345,Placement,1,numeric__attendance_overall_attendance_current,-1.532536,Reduces Risk
S2345,Placement,2,numeric__attendance_overall_attendance_avg_3m,0.965146,Increases Risk
S2345,Placement,3,numeric__attendance_subject_attendance_avg_3m,0.696004,Increases Risk
S2345,Placement,4,numeric__academic_internal_marks_avg_3m,-0.629948,Reduces Risk
S2345,Placement,5,numeric__engagement_club_participations_current,-0.547287,Reduces Risk
S2346,Placement,1,numeric__engagement_strength,2.269349,Increases Risk
S2346,Placement,2,numeric__placement_aptitude_score_current,-2.076012,Reduces Risk
S2346,Placement,3,numeric__engagement_hackathons_attended_current,-2.004588,Reduces Risk
S2346,Placement,4,numeric__low_aptitude_flag,-1.905883,Reduces Risk
S2346,Placement,5,numeric__academic_internal_marks_avg_3m,1.742654,Increases Risk
S2347,Placement,1,numeric__attendance_overall_attendance_current,1.32292,Increases Risk
S2347,Placement,2,numeric__engagement_strength,-0.905872,Reduces Risk
S2347,Placement,3,numeric__attendance_overall_attendance_avg_3m,-0.763651,Reduces Risk
S2347,Placement,4,numeric__placement_aptitude_score_current,0.756679,Increases Risk
S2347,Placement,5,numeric__academic_internal_marks_avg_3m,-0.724299,Reduces Risk
S2348,Placement,1,numeric__engagement_hackathons_attended_current,-1.050022,Reduces Risk
S2348,Placement,2,numeric__engagement_strength,0.961905,Increases Risk
S2348,Placement,3,numeric__placement_aptitude_score_current,-0.910954,Reduces Risk
S2348,Placement,4,numeric__placement_mock_interview_score_current,0.640224,Increases Risk
S2348,Placement,5,numeric__placement_mock_interview_score_avg_3m,0.545862,Increases Risk
S2349,Placement,1,numeric__placement_mock_interview_score_current,1.505391,Increases Risk
S2349,Placement,2,numeric__low_coding_flag,1.487088,Increases Risk
S2349,Placement,3,numeric__attendance_overall_attendance_current,-1.078259,Reduces Risk
S2349,Placement,4,numeric__placement_mock_interview_score_avg_3m,0.959491,Increases Risk
S2349,Placement,5,numeric__placement_coding_score_avg_3m,0.921118,Increases Risk
S2350,Placement,1,numeric__placement_aptitude_score_current,0.71099,Increases Risk
S2350,Placement,2,numeric__academic_internal_marks_avg_3m,-0.680575,Reduces Risk
S2350,Placement,3,numeric__placement_mock_interview_score_avg_3m,-0.67258,Reduces Risk
S2350,Placement,4,numeric__placement_mock_interview_score_current,-0.51523,Reduces Risk
S2350,Placement,5,numeric__academic_cgpa_avg_3m,-0.490465,Reduces Risk
S2351,Placement,1,numeric__engagement_strength,1.895794,Increases Risk
S2351,Placement,2,numeric__placement_mock_interview_score_current,1.420012,Increases Risk
S2351,Placement,3,numeric__attendance_overall_attendance_current,1.074149,Increases Risk
S2351,Placement,4,numeric__placement_aptitude_score_current,-0.979487,Reduces Risk
S2351,Placement,5,numeric__skills_soft_skills_score_current,-0.833802,Reduces Risk
S2352,Placement,1,numeric__engagement_strength,-1.466205,Reduces Risk
S2352,Placement,2,numeric__attendance_subject_attendance_current,-1.058562,Reduces Risk
S2352,Placement,3,numeric__engagement_events_attended_current,1.019238,Increases Risk
S2352,Placement,4,numeric__attendance_overall_attendance_current,-0.980914,Reduces Risk
S2352,Placement,5,numeric__attendance_subject_attendance_avg_3m,0.865458,Increases Risk
S2353,Placement,1,numeric__attendance_overall_attendance_current,0.879459,Increases Risk
S2353,Placement,2,numeric__low_attendance_flag,-0.491842,Reduces Risk
S2353,Placement,3,numeric__feedback_satisfaction_score_slope_3m,0.431425,Increases Risk
S2353,Placement,4,numeric__engagement_certifications_count_current,0.39235,Increases Risk
S2353,Placement,5,numeric__attendance_overall_attendance_avg_3m,-0.370915,Reduces Risk
S2354,Placement,1,numeric__attendance_overall_attendance_current,-2.073342,Reduces Risk
S2354,Placement,2,numeric__attendance_overall_attendance_avg_3m,1.210133,Increases Risk
S2354,Placement,3,numeric__attendance_subject_attendance_avg_3m,0.944274,Increases Risk
S2354,Placement,4,numeric__placement_mock_interview_score_current,-0.885203,Reduces Risk
S2354,Placement,5,numeric__engagement_club_participations_current,-0.871126,Reduces Risk
S2355,Placement,1,numeric__attendance_overall_attendance_current,-1.835387,Reduces Risk
S2355,Placement,2,numeric__attendance_overall_attendance_avg_3m,1.230338,Increases Risk
S2355,Placement,3,numeric__attendance_subject_attendance_avg_3m,1.009297,Increases Risk
S2355,Placement,4,numeric__attendance_subject_attendance_current,-0.942155,Reduces Risk
S2355,Placement,5,numeric__lms_logins_per_week_avg_3m,0.802446,Increases Risk
S2356,Placement,1,numeric__engagement_strength,-2.400094,Reduces Risk
S2356,Placement,2,numeric__attendance_overall_attendance_current,2.393715,Increases Risk
S2356,Placement,3,numeric__attendance_overall_attendance_avg_3m,-1.833257,Reduces Risk
S2356,Placement,4,numeric__engagement_hackathons_attended_current,1.813675,Increases Risk
S2356,Placement,5,numeric__attendance_subject_attendance_avg_3m,-1.335476,Reduces Risk
S2357,Placement,1,numeric__placement_mock_interview_score_std_3m,-0.994277,Reduces Risk
S2357,Placement,2,numeric__placement_coding_score_slope_3m,-0.589117,Reduces Risk
S2357,Placement,3,numeric__placement_mock_interview_score_avg_3m,-0.528291,Reduces Risk
S2357,Placement,4,numeric__attendance_subject_attendance_current,-0.513566,Reduces Risk
S2357,Placement,5,numeric__placement_aptitude_score_slope_3m,0.449119,Increases Risk
S2358,Placement,1,numeric__attendance_overall_attendance_current,-1.18642,Reduces Risk
S2358,Placement,2,numeric__attendance_subject_attendance_current,-1.069144,Reduces Risk
S2358,Placement,3,numeric__attendance_subject_attendance_avg_3m,0.946244,Increases Risk
S2358,Placement,4,numeric__attendance_overall_attendance_avg_3m,0.816134,Increases Risk
S2358,Placement,5,numeric__skills_soft_skills_score_std_3m,-0.621928,Reduces Risk
S2359,Placement,1,numeric__engagement_hackathons_attended_current,-2.004588,Reduces Risk
S2359,Placement,2,numeric__low_aptitude_flag,-1.905883,Reduces Risk
S2359,Placement,3,numeric__engagement_strength,1.709016,Increases Risk
S2359,Placement,4,numeric__placement_aptitude_score_current,-1.687659,Reduces Risk
S2359,Placement,5,numeric__low_coding_flag,1.487088,Increases Risk
S2360,Placement,1,numeric__engagement_hackathons_attended_current,3.722806,Increases Risk
S2360,Placement,2,numeric__engagement_strength,-2.773649,Reduces Risk
S2360,Placement,3,numeric__engagement_hackathons_attended_std_3m,0.949284,Increases Risk
S2360,Placement,4,numeric__placement_aptitude_score_current,-0.690126,Reduces Risk
S2360,Placement,5,numeric__skills_soft_skills_score_std_3m,0.462514,Increases Risk
S2361,Placement,1,numeric__engagement_strength,-1.839761,Reduces Risk
S2361,Placement,2,numeric__engagement_hackathons_attended_current,1.813675,Increases Risk
S2361,Placement,3,numeric__skills_soft_skills_score_std_3m,0.588911,Increases Risk
S2361,Placement,4,numeric__academic_internal_marks_avg_3m,0.543696,Increases Risk
S2361,Placement,5,numeric__placement_mock_interview_score_std_3m,-0.501994,Reduces Risk
S2362,Placement,1,numeric__attendance_overall_attendance_current,-1.586617,Reduces Risk
S2362,Placement,2,numeric__placement_aptitude_score_current,-1.360225,Reduces Risk
S2362,Placement,3,numeric__academic_internal_marks_avg_3m,1.321523,Increases Risk
S2362,Placement,4,numeric__placement_coding_score_avg_3m,1.084974,Increases Risk
S2362,Placement,5,numeric__engagement_hackathons_attended_current,-1.050022,Reduces Risk
S2363,Placement,1,numeric__attendance_overall_attendance_current,-2.094974,Reduces Risk
S2363,Placement,2,numeric__attendance_overall_attendance_avg_3m,1.343991,Increases Risk
S2363,Placement,3,numeric__attendance_subject_attendance_avg_3m,1.095994,Increases Risk
S2363,Placement,4,numeric__attendance_subject_attendance_current,-1.069144,Reduces Risk
S2363,Placement,5,numeric__engagement_strength,-0.905872,Reduces Risk
S2364,Placement,1,numeric__attendance_overall_attendance_current,-1.532536,Reduces Risk
S2364,Placement,2,numeric__attendance_overall_attendance_avg_3m,0.995454,Increases Risk
S2364,Placement,3,numeric__attendance_subject_attendance_avg_3m,0.772849,Increases Risk
S2364,Placement,4,numeric__attendance_subject_attendance_current,-0.714632,Reduces Risk
S2364,Placement,5,numeric__academic_internal_marks_slope_3m,-0.629143,Reduces Risk
S2365,Placement,1,numeric__engagement_hackathons_attended_current,0.859109,Increases Risk
S2365,Placement,2,numeric__placement_aptitude_score_current,0.779523,Increases Risk
S2365,Placement,3,numeric__academic_internal_marks_avg_3m,-0.600031,Reduces Risk
S2365,Placement,4,numeric__attendance_subject_attendance_avg_3m,-0.470472,Reduces Risk
S2365,Placement,5,numeric__placement_coding_score_avg_3m,0.438825,Increases Risk
S2366,Placement,1,numeric__placement_aptitude_score_current,-1.474446,Reduces Risk
S2366,Placement,2,numeric__engagement_hackathons_attended_current,-1.050022,Reduces Risk
S2366,Placement,3,numeric__placement_mock_interview_score_current,0.606072,Increases Risk
S2366,Placement,4,numeric__placement_aptitude_score_slope_3m,0.54705,Increases Risk
S2366,Placement,5,numeric__academic_internal_marks_avg_3m,0.502273,Increases Risk
S2367,Placement,1,numeric__engagement_strength,-1.839761,Reduces Risk
S2367,Placement,2,numeric__engagement_hackathons_attended_current,1.813675,Increases Risk
S2367,Placement,3,numeric__attendance_overall_attendance_current,0.98762,Increases Risk
S2367,Placement,4,numeric__placement_mock_interview_score_current,0.702834,Increases Risk
S2367,Placement,5,numeric__attendance_overall_attendance_avg_3m,-0.673991,Reduces Risk
S2368,Placement,1,numeric__engagement_strength,-1.09265,Reduces Risk
S2368,Placement,2,numeric__placement_aptitude_score_current,1.023195,Increases Risk
S2368,Placement,3,numeric__engagement_hackathons_attended_current,0.859109,Increases Risk
S2368,Placement,4,numeric__placement_mock_interview_score_current,-0.583532,Reduces Risk
S2368,Placement,5,numeric__feedback_faculty_rating_current,-0.564925,Reduces Risk
S2369,Placement,1,numeric__engagement_strength,2.269349,Increases Risk
S2369,Placement,2,numeric__attendance_overall_attendance_current,2.24229,Increases Risk
S2369,Placement,3,numeric__engagement_hackathons_attended_current,-2.004588,Reduces Risk
S2369,Placement,4,numeric__academic_internal_marks_avg_3m,1.756461,Increases Risk
S2369,Placement,5,numeric__placement_mock_interview_score_current,1.585077,Increases Risk
S2370,Placement,1,numeric__engagement_hackathons_attended_current,1.813675,Increases Risk
S2370,Placement,2,numeric__engagement_strength,-1.279427,Reduces Risk
S2370,Placement,3,numeric__attendance_overall_attendance_current,1.009252,Increases Risk
S2370,Placement,4,numeric__attendance_overall_attendance_avg_3m,-0.580542,Reduces Risk
S2370,Placement,5,numeric__low_attendance_flag,-0.491842,Reduces Risk
S2371,Placement,1,numeric__engagement_hackathons_attended_current,1.813675,Increases Risk
S2371,Placement,2,numeric__engagement_strength,-0.719094,Reduces Risk
S2371,Placement,3,numeric__placement_coding_score_slope_3m,0.495148,Increases Risk
S2371,Placement,4,numeric__placement_mock_interview_score_std_3m,-0.458498,Reduces Risk
S2371,Placement,5,numeric__attendance_overall_attendance_current,0.45763,Increases Risk
S2372,Placement,1,numeric__attendance_overall_attendance_current,-0.937649,Reduces Risk
S2372,Placement,2,numeric__placement_aptitude_score_missing,-0.83073,Reduces Risk
S2372,Placement,3,numeric__attendance_overall_attendance_avg_3m,0.747941,Increases Risk
S2372,Placement,4,numeric__placement_mock_interview_score_current,-0.555073,Reduces Risk
S2372,Placement,5,numeric__academic_subject_score_avg_slope_3m,-0.412144,Reduces Risk
S2373,Placement,1,numeric__engagement_strength,-0.905872,Reduces Risk
S2373,Placement,2,numeric__attendance_overall_attendance_current,-0.883569,Reduces Risk
S2373,Placement,3,numeric__placement_aptitude_score_current,-0.766273,Reduces Risk
S2373,Placement,4,numeric__attendance_overall_attendance_avg_3m,0.611557,Increases Risk
S2373,Placement,5,numeric__attendance_overall_attendance_std_3m,0.443452,Increases Risk
S2374,Placement,1,numeric__attendance_subject_attendance_current,0.76691,Increases Risk
S2374,Placement,2,numeric__attendance_overall_attendance_current,0.695585,Increases Risk
S2374,Placement,3,numeric__placement_aptitude_score_current,-0.690126,Reduces Risk
S2374,Placement,4,numeric__attendance_overall_attendance_std_3m,-0.495393,Reduces Risk
S2374,Placement,5,numeric__low_attendance_flag,-0.491842,Reduces Risk
S2375,Placement,1,numeric__attendance_overall_attendance_current,-2.170687,Reduces Risk
S2375,Placement,2,numeric__low_coding_flag,1.487088,Increases Risk
S2375,Placement,3,numeric__attendance_overall_attendance_avg_3m,1.349043,Increases Risk
S2375,Placement,4,numeric__attendance_subject_attendance_avg_3m,1.178751,Increases Risk
S2375,Placement,5,numeric__attendance_subject_attendance_current,-1.069144,Reduces Risk
S2376,Placement,1,numeric__academic_internal_marks_avg_3m,0.801438,Increases Risk
S2376,Placement,2,numeric__engagement_strength,0.775128,Increases Risk
S2376,Placement,3,numeric__placement_mock_interview_score_avg_3m,0.674119,Increases Risk
S2376,Placement,4,numeric__placement_mock_interview_score_current,0.651607,Increases Risk
S2376,Placement,5,numeric__attendance_overall_attendance_current,0.587423,Increases Risk
S2377,Placement,1,numeric__engagement_hackathons_attended_current,-1.050022,Reduces Risk
S2377,Placement,2,numeric__engagement_strength,0.961905,Increases Risk
S2377,Placement,3,numeric__attendance_overall_attendance_current,0.782114,Increases Risk
S2377,Placement,4,numeric__feedback_satisfaction_score_slope_3m,0.753904,Increases Risk
S2377,Placement,5,numeric__skills_tech_skills_score_avg_3m,-0.67974,Reduces Risk
S2378,Placement,1,numeric__attendance_overall_attendance_current,2.24229,Increases Risk
S2378,Placement,2,numeric__attendance_overall_attendance_avg_3m,-1.46704,Reduces Risk
S2378,Placement,3,numeric__engagement_strength,1.335461,Increases Risk
S2378,Placement,4,numeric__attendance_subject_attendance_current,1.163751,Increases Risk
S2378,Placement,5,numeric__attendance_subject_attendance_avg_3m,-1.071443,Reduces Risk
S2379,Placement,1,numeric__placement_aptitude_score_current,0.947048,Increases Risk
S2379,Placement,2,numeric__feedback_satisfaction_score_slope_3m,0.727757,Increases Risk
S2379,Placement,3,numeric__placement_mock_interview_score_current,-0.691678,Reduces Risk
S2379,Placement,4,numeric__academic_subject_score_avg_slope_3m,-0.553124,Reduces Risk
S2379,Placement,5,numeric__attendance_subject_attendance_current,-0.481819,Reduces Risk
S2380,Placement,1,numeric__engagement_hackathons_attended_current,-1.050022,Reduces Risk
S2380,Placement,2,numeric__placement_mock_interview_score_current,0.998813,Increases Risk
S2380,Placement,3,numeric__low_lms_flag,0.913609,Increases Risk
S2380,Placement,4,numeric__placement_mock_interview_score_avg_3m,0.680532,Increases Risk
S2380,Placement,5,numeric__placement_aptitude_score_current,-0.667281,Reduces Risk
S2381,Placement,1,numeric__engagement_strength,-1.466205,Reduces Risk
S2381,Placement,2,numeric__engagement_events_attended_current,1.019238,Increases Risk
S2381,Placement,3,numeric__attendance_overall_attendance_current,-0.980914,Reduces Risk
S2381,Placement,4,numeric__attendance_overall_attendance_avg_3m,0.793403,Increases Risk
S2381,Placement,5,numeric__skills_soft_skills_score_std_3m,0.767773,Increases Risk
S2382,Placement,1,numeric__engagement_hackathons_attended_current,-1.050022,Reduces Risk
S2382,Placement,2,categorical__department_IT,-0.402819,Reduces Risk
S2382,Placement,3,numeric__placement_mock_interview_score_avg_3m,0.401573,Increases Risk
S2382,Placement,4,numeric__engagement_strength,0.401572,Increases Risk
S2382,Placement,5,numeric__engagement_certifications_count_current,0.39235,Increases Risk
S2383,Placement,1,numeric__low_aptitude_flag,-1.905883,Reduces Risk
S2383,Placement,2,numeric__placement_aptitude_score_current,-1.839954,Reduces Risk
S2383,Placement,3,numeric__engagement_strength,-1.466205,Reduces Risk
S2383,Placement,4,numeric__academic_internal_marks_avg_3m,1.220267,Increases Risk
S2383,Placement,5,numeric__attendance_overall_attendance_current,-1.078259,Reduces Risk
S2384,Placement,1,numeric__placement_mock_interview_score_current,-0.862435,Reduces Risk
S2384,Placement,2,numeric__engagement_strength,0.775128,Increases Risk
S2384,Placement,3,numeric__placement_coding_score_avg_3m,-0.621602,Reduces Risk
S2384,Placement,4,numeric__academic_internal_marks_avg_3m,0.474658,Increases Risk
S2384,Placement,5,numeric__placement_mock_interview_score_std_3m,-0.445744,Reduces Risk
S2385,Placement,1,numeric__attendance_overall_attendance_current,3.204924,Increases Risk
S2385,Placement,2,numeric__attendance_overall_attendance_avg_3m,-2.080769,Reduces Risk
S2385,Placement,3,numeric__engagement_strength,1.522238,Increases Risk
S2385,Placement,4,numeric__attendance_subject_attendance_avg_3m,-1.499019,Reduces Risk
S2385,Placement,5,numeric__attendance_subject_attendance_current,1.290741,Increases Risk
S2386,Placement,1,numeric__engagement_strength,-1.839761,Reduces Risk
S2386,Placement,2,numeric__engagement_hackathons_attended_current,1.813675,Increases Risk
S2386,Placement,3,numeric__academic_internal_marks_avg_3m,-1.154635,Reduces Risk
S2386,Placement,4,numeric__placement_mock_interview_score_current,-0.879511,Reduces Risk
S2386,Placement,5,numeric__placement_mock_interview_score_avg_3m,-0.71266,Reduces Risk
S2387,Placement,1,numeric__engagement_strength,-0.905872,Reduces Risk
S2387,Placement,2,numeric__feedback_faculty_rating_current,0.819357,Increases Risk
S2387,Placement,3,numeric__placement_aptitude_score_current,-0.773888,Reduces Risk
S2387,Placement,4,numeric__engagement_events_attended_current,0.689387,Increases Risk
S2387,Placement,5,numeric__placement_mock_interview_score_current,0.657299,Increases Risk
S2388,Placement,1,numeric__placement_aptitude_score_current,-0.827191,Reduces Risk
S2388,Placement,2,numeric__attendance_overall_attendance_current,-0.678063,Reduces Risk
S2388,Placement,3,numeric__attendance_overall_attendance_avg_3m,0.606506,Increases Risk
S2388,Placement,4,numeric__placement_mock_interview_score_current,-0.555073,Reduces Risk
S2388,Placement,5,numeric__academic_internal_marks_slope_3m,-0.444253,Reduces Risk
S2389,Placement,1,numeric__engagement_strength,2.082572,Increases Risk
S2389,Placement,2,numeric__attendance_overall_attendance_current,1.939438,Increases Risk
S2389,Placement,3,numeric__attendance_subject_attendance_current,1.100257,Increases Risk
S2389,Placement,4,numeric__engagement_hackathons_attended_current,-1.050022,Reduces Risk
S2389,Placement,5,numeric__critical_attendance_flag,-0.997756,Reduces Risk
S2390,Placement,1,numeric__engagement_strength,-1.652983,Reduces Risk
S2390,Placement,2,numeric__low_lms_flag,0.913609,Increases Risk
S2390,Placement,3,numeric__engagement_hackathons_attended_current,0.859109,Increases Risk
S2390,Placement,4,numeric__attendance_overall_attendance_avg_3m,-0.850785,Reduces Risk
S2390,Placement,5,numeric__placement_aptitude_score_current,0.848056,Increases Risk
S2391,Placement,1,numeric__engagement_strength,1.335461,Increases Risk
S2391,Placement,2,numeric__academic_internal_marks_avg_3m,-0.949823,Reduces Risk
S2391,Placement,3,numeric__engagement_events_attended_current,-0.630014,Reduces Risk
S2391,Placement,4,numeric__academic_cgpa_avg_3m,-0.628906,Reduces Risk
S2391,Placement,5,numeric__academic_cgpa_current,-0.611433,Reduces Risk
S2392,Placement,1,numeric__engagement_hackathons_attended_current,0.859109,Increases Risk
S2392,Placement,2,numeric__placement_mock_interview_score_current,-0.851051,Reduces Risk
S2392,Placement,3,numeric__placement_coding_score_avg_3m,-0.77,Reduces Risk
S2392,Placement,4,numeric__attendance_overall_attendance_current,-0.613166,Reduces Risk
S2392,Placement,5,numeric__placement_mock_interview_score_avg_3m,-0.598832,Reduces Risk
S2393,Placement,1,numeric__engagement_strength,-2.773649,Reduces Risk
S2393,Placement,2,numeric__attendance_overall_attendance_current,1.550058,Increases Risk
S2393,Placement,3,numeric__engagement_certifications_count_current,1.482213,Increases Risk
S2393,Placement,4,numeric__attendance_subject_attendance_current,0.930937,Increases Risk
S2393,Placement,5,numeric__low_lms_flag,0.913609,Increases Risk
S2394,Placement,1,numeric__engagement_hackathons_attended_current,-1.050022,Reduces Risk
S2394,Placement,2,numeric__placement_aptitude_score_slope_3m,-0.674956,Reduces Risk
S2394,Placement,3,numeric__feedback_faculty_rating_current,-0.508258,Reduces Risk
S2394,Placement,4,numeric__lms_assignment_completion_pct_current,0.498894,Increases Risk
S2394,Placement,5,numeric__lms_assignment_completion_pct_avg_3m,-0.475395,Reduces Risk
S2395,Placement,1,numeric__engagement_strength,-1.839761,Reduces Risk
S2395,Placement,2,numeric__engagement_hackathons_attended_current,1.813675,Increases Risk
S2395,Placement,3,numeric__attendance_overall_attendance_current,0.836194,Increases Risk
S2395,Placement,4,numeric__placement_aptitude_score_current,0.733834,Increases Risk
S2395,Placement,5,numeric__feedback_satisfaction_score_slope_3m,0.675463,Increases Risk
S2396,Placement,1,numeric__attendance_overall_attendance_current,-0.742959,Reduces Risk
S2396,Placement,2,numeric__placement_mock_interview_score_current,-0.674603,Reduces Risk
S2396,Placement,3,numeric__attendance_overall_attendance_avg_3m,0.624185,Increases Risk
S2396,Placement,4,numeric__attendance_subject_attendance_avg_3m,0.573839,Increases Risk
S2396,Placement,5,numeric__skills_soft_skills_score_std_3m,0.436122,Increases Risk
S2397,Placement,1,numeric__attendance_overall_attendance_current,-2.073342,Reduces Risk
S2397,Placement,2,numeric__engagement_strength,-1.652983,Reduces Risk
S2397,Placement,3,numeric__attendance_overall_attendance_avg_3m,1.427337,Increases Risk
S2397,Placement,4,numeric__attendance_subject_attendance_avg_3m,1.166929,Increases Risk
S2397,Placement,5,numeric__attendance_subject_attendance_current,-1.037397,Reduces Risk
S2398,Placement,1,numeric__engagement_strength,-2.400094,Reduces Risk
S2398,Placement,2,numeric__attendance_overall_attendance_current,-2.170687,Reduces Risk
S2398,Placement,3,numeric__engagement_hackathons_attended_current,1.813675,Increases Risk
S2398,Placement,4,numeric__attendance_overall_attendance_avg_3m,1.301055,Increases Risk
S2398,Placement,5,numeric__attendance_subject_attendance_avg_3m,1.101905,Increases Risk
S2399,Placement,1,numeric__engagement_strength,-2.213316,Reduces Risk
S2399,Placement,2,numeric__engagement_certifications_count_current,0.937282,Increases Risk
S2399,Placement,3,numeric__engagement_hackathons_attended_current,0.859109,Increases Risk
S2399,Placement,4,numeric__placement_mock_interview_score_current,-0.583532,Reduces Risk
S2399,Placement,5,numeric__skills_soft_skills_score_current,0.440429,Increases Risk
S2400,Placement,1,numeric__placement_mock_interview_score_current,0.902051,Increases Risk
S2400,Placement,2,numeric__placement_aptitude_score_current,-0.796732,Reduces Risk
S2400,Placement,3,numeric__placement_mock_interview_score_avg_3m,0.787947,Increases Risk
S2400,Placement,4,numeric__academic_internal_marks_avg_3m,0.776124,Increases Risk
S2400,Placement,5,numeric__engagement_strength,0.775128,Increases Risk
S2401,Placement,1,numeric__engagement_strength,-0.905872,Reduces Risk
S2401,Placement,2,numeric__engagement_events_attended_current,0.689387,Increases Risk
S2401,Placement,3,numeric__feedback_faculty_rating_current,-0.653972,Reduces Risk
S2401,Placement,4,numeric__placement_coding_score_slope_3m,0.560511,Increases Risk
S2401,Placement,5,numeric__attendance_subject_attendance_avg_3m,0.536401,Increases Risk
S2402,Placement,1,numeric__engagement_hackathons_attended_current,-1.050022,Reduces Risk
S2402,Placement,2,numeric__placement_coding_score_slope_3m,0.798896,Increases Risk
S2402,Placement,3,numeric__academic_internal_marks_avg_3m,0.539094,Increases Risk
S2402,Placement,4,numeric__skills_soft_skills_score_std_3m,-0.518293,Reduces Risk
S2402,Placement,5,numeric__placement_mock_interview_score_current,-0.503846,Reduces Risk
S2403,Placement,1,numeric__attendance_overall_attendance_current,0.65232,Increases Risk
S2403,Placement,2,numeric__placement_mock_interview_score_current,0.645916,Increases Risk
S2403,Placement,3,numeric__placement_mock_interview_score_avg_3m,0.521814,Increases Risk
S2403,Placement,4,numeric__low_attendance_flag,-0.491842,Reduces Risk
S2403,Placement,5,numeric__skills_soft_skills_score_current,-0.479849,Reduces Risk
S2404,Placement,1,numeric__attendance_overall_attendance_current,-1.759674,Reduces Risk
S2404,Placement,2,numeric__attendance_overall_attendance_avg_3m,1.349043,Increases Risk
S2404,Placement,3,numeric__placement_aptitude_score_current,-1.344995,Reduces Risk
S2404,Placement,4,numeric__engagement_hackathons_attended_current,-1.050022,Reduces Risk
S2404,Placement,5,numeric__attendance_subject_attendance_avg_3m,0.987622,Increases Risk
S2405,Placement,1,numeric__engagement_strength,-2.773649,Reduces Risk
S2405,Placement,2,numeric__engagement_certifications_count_current,2.027144,Increases Risk
S2405,Placement,3,numeric__engagement_hackathons_attended_current,0.859109,Increases Risk
S2405,Placement,4,numeric__attendance_overall_attendance_current,-0.79704,Reduces Risk
S2405,Placement,5,numeric__attendance_subject_attendance_current,-0.624682,Reduces Risk
S2406,Placement,1,numeric__attendance_overall_attendance_current,2.253106,Increases Risk
S2406,Placement,2,numeric__attendance_subject_attendance_current,1.296032,Increases Risk
S2406,Placement,3,numeric__attendance_overall_attendance_avg_3m,-1.179118,Reduces Risk
S2406,Placement,4,numeric__placement_mock_interview_score_current,1.11265,Increases Risk
S2406,Placement,5,numeric__engagement_hackathons_attended_current,-1.050022,Reduces Risk
S2407,Placement,1,numeric__low_coding_flag,1.487088,Increases Risk
S2407,Placement,2,numeric__placement_aptitude_score_current,-1.048019,Reduces Risk
S2407,Placement,3,numeric__engagement_events_attended_current,1.019238,Increases Risk
S2407,Placement,4,numeric__placement_coding_score_slope_3m,1.002676,Increases Risk
S2407,Placement,5,numeric__engagement_strength,-0.905872,Reduces Risk
S2408,Placement,1,numeric__engagement_hackathons_attended_current,0.859109,Increases Risk
S2408,Placement,2,numeric__skills_soft_skills_score_std_3m,-0.66154,Reduces Risk
S2408,Placement,3,numeric__placement_coding_score_avg_3m,-0.578319,Reduces Risk
S2408,Placement,4,numeric__engagement_strength,-0.532317,Reduces Risk
S2408,Placement,5,numeric__attendance_overall_attendance_current,-0.46174,Reduces Risk
S2409,Placement,1,numeric__attendance_overall_attendance_current,-2.170687,Reduces Risk
S2409,Placement,2,numeric__skills_soft_skills_score_std_3m,1.466132,Increases Risk
S2409,Placement,3,numeric__attendance_overall_attendance_avg_3m,1.333889,Increases Risk
S2409,Placement,4,numeric__attendance_subject_attendance_avg_3m,1.111757,Increases Risk
S2409,Placement,5,numeric__lms_logins_per_week_avg_3m,1.085353,Increases Risk
S2410,Placement,1,numeric__engagement_hackathons_attended_current,-1.050022,Reduces Risk
S2410,Placement,2,numeric__academic_internal_marks_avg_3m,0.585119,Increases Risk
S2410,Placement,3,numeric__engagement_club_participations_current,-0.547287,Reduces Risk
S2410,Placement,4,numeric__placement_coding_score_slope_3m,0.456699,Increases Risk
S2410,Placement,5,numeric__feedback_faculty_rating_current,-0.435401,Reduces Risk
S2411,Placement,1,numeric__attendance_overall_attendance_current,2.534325,Increases Risk
S2411,Placement,2,numeric__attendance_overall_attendance_avg_3m,-1.512502,Reduces Risk
S2411,Placement,3,numeric__attendance_subject_attendance_current,1.264284,Increases Risk
S2411,Placement,4,numeric__attendance_subject_attendance_avg_3m,-1.209371,Reduces Risk
S2411,Placement,5,numeric__critical_attendance_flag,-0.997756,Reduces Risk
S2412,Placement,1,numeric__engagement_hackathons_attended_current,1.813675,Increases Risk
S2412,Placement,2,numeric__engagement_strength,-1.279427,Reduces Risk
S2412,Placement,3,numeric__placement_aptitude_score_current,1.04604,Increases Risk
S2412,Placement,4,numeric__academic_internal_marks_avg_3m,-0.954425,Reduces Risk
S2412,Placement,5,numeric__attendance_overall_attendance_current,0.684769,Increases Risk
S2413,Placement,1,numeric__attendance_overall_attendance_current,-0.807856,Reduces Risk
S2413,Placement,2,numeric__placement_coding_score_slope_3m,0.548977,Increases Risk
S2413,Placement,3,numeric__engagement_club_participations_current,-0.547287,Reduces Risk
S2413,Placement,4,numeric__skills_soft_skills_score_std_3m,0.531176,Increases Risk
S2413,Placement,5,numeric__attendance_subject_attendance_avg_3m,0.512757,Increases Risk
S2414,Placement,1,numeric__attendance_overall_attendance_current,-2.170687,Reduces Risk
S2414,Placement,2,numeric__attendance_overall_attendance_avg_3m,1.268222,Increases Risk
S2414,Placement,3,numeric__attendance_subject_attendance_current,-1.069144,Reduces Risk
S2414,Placement,4,numeric__attendance_subject_attendance_avg_3m,1.009297,Increases Risk
S2414,Placement,5,numeric__placement_aptitude_score_current,-0.560675,Reduces Risk
S2415,Placement,1,numeric__placement_aptitude_score_current,-1.306921,Reduces Risk
S2415,Placement,2,numeric__placement_coding_score_avg_3m,0.764991,Increases Risk
S2415,Placement,3,numeric__attendance_overall_attendance_current,-0.764591,Reduces Risk
S2415,Placement,4,numeric__attendance_overall_attendance_std_3m,-0.686285,Reduces Risk
S2415,Placement,5,numeric__skills_tech_skills_score_avg_3m,-0.564905,Reduces Risk
S2416,Placement,1,numeric__attendance_overall_attendance_current,2.977786,Increases Risk
S2416,Placement,2,numeric__attendance_overall_attendance_avg_3m,-1.813052,Reduces Risk
S2416,Placement,3,numeric__attendance_subject_attendance_current,1.59234,Increases Risk
S2416,Placement,4,numeric__attendance_subject_attendance_avg_3m,-1.487197,Reduces Risk
S2416,Placement,5,numeric__engagement_strength,-1.09265,Reduces Risk
S2417,Placement,1,numeric__attendance_overall_attendance_current,2.718199,Increases Risk
S2417,Placement,2,numeric__engagement_hackathons_attended_current,1.813675,Increases Risk
S2417,Placement,3,numeric__attendance_overall_attendance_avg_3m,-1.80295,Reduces Risk
S2417,Placement,4,numeric__attendance_subject_attendance_avg_3m,-1.721674,Reduces Risk
S2417,Placement,5,numeric__attendance_subject_attendance_current,1.671708,Increases Risk
S2418,Placement,1,numeric__placement_aptitude_score_current,-1.078478,Reduces Risk
S2418,Placement,2,numeric__placement_coding_score_slope_3m,0.783516,Increases Risk
S2418,Placement,3,numeric__attendance_overall_attendance_std_3m,-0.548513,Reduces Risk
S2418,Placement,4,numeric__engagement_club_participations_current,-0.547287,Reduces Risk
S2418,Placement,5,numeric__placement_readiness_score,-0.450277,Reduces Risk
S2419,Placement,1,numeric__engagement_hackathons_attended_current,-1.050022,Reduces Risk
S2419,Placement,2,numeric__engagement_strength,0.961905,Increases Risk
S2419,Placement,3,numeric__skills_soft_skills_score_std_3m,0.743714,Increases Risk
S2419,Placement,4,numeric__placement_coding_score_avg_3m,0.542394,Increases Risk
S2419,Placement,5,numeric__placement_mock_interview_score_std_3m,-0.526719,Reduces Risk
S2420,Placement,1,numeric__attendance_overall_attendance_current,-1.543352,Reduces Risk
S2420,Placement,2,numeric__attendance_overall_attendance_avg_3m,1.169722,Increases Risk
S2420,Placement,3,numeric__attendance_subject_attendance_avg_3m,0.802405,Increases Risk
S2420,Placement,4,numeric__lms_logins_per_week_slope_3m,-0.601615,Reduces Risk
S2420,Placement,5,numeric__attendance_subject_attendance_current,-0.587643,Reduces Risk
S2421,Placement,1,numeric__engagement_hackathons_attended_current,1.813675,Increases Risk
S2421,Placement,2,numeric__engagement_strength,-1.279427,Reduces Risk
S2421,Placement,3,numeric__skills_soft_skills_score_std_3m,-0.624231,Reduces Risk
S2421,Placement,4,numeric__academic_internal_marks_slope_3m,0.497398,Increases Risk
S2421,Placement,5,numeric__academic_subject_score_avg_slope_3m,-0.482634,Reduces Risk
S2422,Placement,1,numeric__feedback_satisfaction_score_slope_3m,-0.989226,Reduces Risk
S2422,Placement,2,numeric__attendance_subject_attendance_current,0.735162,Increases Risk
S2422,Placement,3,numeric__feedback_satisfaction_score_current,0.715411,Increases Risk
S2422,Placement,4,numeric__attendance_overall_attendance_current,0.673952,Increases Risk
S2422,Placement,5,numeric__skills_soft_skills_score_std_3m,-0.515026,Reduces Risk
S2423,Placement,1,numeric__engagement_strength,-2.400094,Reduces Risk
S2423,Placement,2,numeric__attendance_overall_attendance_current,-2.159871,Reduces Risk
S2423,Placement,3,numeric__engagement_hackathons_attended_current,1.813675,Increases Risk
S2423,Placement,4,numeric__attendance_overall_attendance_avg_3m,1.462696,Increases Risk
S2423,Placement,5,numeric__attendance_subject_attendance_avg_3m,1.131461,Increases Risk
S2424,Placement,1,numeric__engagement_hackathons_attended_current,-1.050022,Reduces Risk
S2424,Placement,2,numeric__skills_soft_skills_score_std_3m,0.654145,Increases Risk
S2424,Placement,3,numeric__placement_coding_score_avg_3m,0.598044,Increases Risk
S2424,Placement,4,numeric__attendance_overall_attendance_current,-0.526637,Reduces Risk
S2424,Placement,5,numeric__attendance_subject_attendance_current,-0.524148,Reduces Risk
S2425,Placement,1,numeric__engagement_strength,1.895794,Increases Risk
S2425,Placement,2,numeric__attendance_overall_attendance_current,1.452713,Increases Risk
S2425,Placement,3,numeric__attendance_overall_attendance_avg_3m,-1.439258,Reduces Risk
S2425,Placement,4,numeric__placement_mock_interview_score_current,1.243564,Increases Risk
S2425,Placement,5,numeric__attendance_subject_attendance_avg_3m,-1.20346,Reduces Risk
S2426,Placement,1,numeric__placement_aptitude_score_current,-1.025175,Reduces Risk
S2426,Placement,2,numeric__placement_mock_interview_score_current,-0.890894,Reduces Risk
S2426,Placement,3,numeric__placement_aptitude_score_slope_3m,0.623692,Increases Risk
S2426,Placement,4,numeric__academic_internal_marks_avg_3m,0.621939,Increases Risk
S2426,Placement,5,numeric__skills_soft_skills_score_std_3m,0.592367,Increases Risk
S2427,Placement,1,numeric__placement_aptitude_score_current,0.931818,Increases Risk
S2427,Placement,2,numeric__attendance_subject_attendance_current,0.825113,Increases Risk
S2427,Placement,3,numeric__feedback_satisfaction_score_current,0.817738,Increases Risk
S2427,Placement,4,numeric__placement_aptitude_score_slope_3m,-0.62812,Reduces Risk
S2427,Placement,5,categorical__department_CS,-0.575417,Reduces Risk
S2428,Placement,1,numeric__placement_mock_interview_score_current,-1.42024,Reduces Risk
S2428,Placement,2,numeric__engagement_strength,-0.905872,Reduces Risk
S2428,Placement,3,numeric__skills_soft_skills_score_current,0.839092,Increases Risk
S2428,Placement,4,numeric__engagement_events_attended_current,0.689387,Increases Risk
S2428,Placement,5,numeric__placement_mock_interview_score_std_3m,-0.687576,Reduces Risk
S2429,Placement,1,numeric__low_lms_flag,0.913609,Increases Risk
S2429,Placement,2,numeric__placement_mock_interview_score_avg_3m,0.904982,Increases Risk
S2429,Placement,3,numeric__attendance_overall_attendance_avg_3m,-0.901298,Reduces Risk
S2429,Placement,4,numeric__placement_mock_interview_score_current,0.879283,Increases Risk
S2429,Placement,5,numeric__attendance_subject_attendance_avg_3m,-0.70889,Reduces Risk
S2430,Placement,1,numeric__attendance_overall_attendance_current,-1.554168,Reduces Risk
S2430,Placement,2,numeric__engagement_hackathons_attended_current,-1.050022,Reduces Risk
S2430,Placement,3,numeric__engagement_events_attended_current,1.019238,Increases Risk
S2430,Placement,4,numeric__attendance_overall_attendance_avg_3m,0.990402,Increases Risk
S2430,Placement,5,numeric__placement_aptitude_score_slope_3m,-0.789919,Reduces Risk
S2431,Placement,1,numeric__skills_soft_skills_score_std_3m,-0.603929,Reduces Risk
S2431,Placement,2,numeric__engagement_club_participations_current,-0.547287,Reduces Risk
S2431,Placement,3,numeric__academic_internal_marks_slope_3m,0.424302,Increases Risk
S2431,Placement,4,numeric__academic_subject_score_avg_slope_3m,-0.415854,Reduces Risk
S2431,Placement,5,numeric__attendance_overall_attendance_current,-0.386027,Reduces Risk
S2432,Placement,1,numeric__attendance_overall_attendance_current,-1.218868,Reduces Risk
S2432,Placement,2,numeric__engagement_strength,-0.905872,Reduces Risk
S2432,Placement,3,numeric__attendance_overall_attendance_avg_3m,0.699954,Increases Risk
S2432,Placement,4,numeric__engagement_events_attended_current,0.689387,Increases Risk
S2432,Placement,5,numeric__placement_aptitude_score_slope_3m,0.619434,Increases Risk
S2433,Placement,1,numeric__engagement_strength,-1.466205,Reduces Risk
S2433,Placement,2,numeric__engagement_events_attended_current,1.019238,Increases Risk
S2433,Placement,3,numeric__placement_aptitude_score_current,0.825212,Increases Risk
S2433,Placement,4,numeric__placement_mock_interview_score_current,-0.560765,Reduces Risk
S2433,Placement,5,numeric__placement_aptitude_score_slope_3m,-0.555736,Reduces Risk
S2434,Placement,1,numeric__attendance_overall_attendance_current,3.194108,Increases Risk
S2434,Placement,2,numeric__attendance_overall_attendance_avg_3m,-2.002475,Reduces Risk
S2434,Placement,3,numeric__engagement_strength,1.895794,Increases Risk
S2434,Placement,4,numeric__attendance_subject_attendance_current,1.602923,Increases Risk
S2434,Placement,5,numeric__attendance_subject_attendance_avg_3m,-1.548279,Reduces Risk
S2435,Placement,1,numeric__attendance_overall_attendance_current,3.010234,Increases Risk
S2435,Placement,2,numeric__attendance_overall_attendance_avg_3m,-1.651411,Reduces Risk
S2435,Placement,3,numeric__attendance_subject_attendance_current,1.571175,Increases Risk
S2435,Placement,4,numeric__attendance_subject_attendance_avg_3m,-1.349269,Reduces Risk
S2435,Placement,5,numeric__critical_attendance_flag,-0.997756,Reduces Risk
S2436,Placement,1,numeric__engagement_strength,-2.213316,Reduces Risk
S2436,Placement,2,numeric__attendance_overall_attendance_current,-1.878652,Reduces Risk
S2436,Placement,3,numeric__attendance_subject_attendance_avg_3m,1.048705,Increases Risk
S2436,Placement,4,numeric__attendance_overall_attendance_avg_3m,1.013133,Increases Risk
S2436,Placement,5,numeric__attendance_subject_attendance_current,-1.010941,Reduces Risk
S2437,Placement,1,numeric__attendance_overall_attendance_current,1.409449,Increases Risk
S2437,Placement,2,numeric__attendance_subject_attendance_current,1.094965,Increases Risk
S2437,Placement,3,numeric__low_lms_flag,0.913609,Increases Risk
S2437,Placement,4,numeric__attendance_overall_attendance_avg_3m,-0.886144,Reduces Risk
S2437,Placement,5,numeric__attendance_subject_attendance_avg_3m,-0.777854,Reduces Risk
S2438,Placement,1,numeric__engagement_strength,1.335461,Increases Risk
S2438,Placement,2,numeric__placement_aptitude_score_current,0.779523,Increases Risk
S2438,Placement,3,numeric__placement_coding_score_slope_3m,0.752757,Increases Risk
S2438,Placement,4,numeric__feedback_satisfaction_score_current,0.678866,Increases Risk
S2438,Placement,5,numeric__engagement_events_attended_current,-0.630014,Reduces Risk
S2439,Placement,1,numeric__attendance_overall_attendance_current,2.144945,Increases Risk
S2439,Placement,2,numeric__engagement_strength,1.522238,Increases Risk
S2439,Placement,3,numeric__attendance_overall_attendance_avg_3m,-1.224579,Reduces Risk
S2439,Placement,4,numeric__engagement_hackathons_attended_current,-1.050022,Reduces Risk
S2439,Placement,5,numeric__critical_attendance_flag,-0.997756,Reduces Risk
S2440,Placement,1,numeric__engagement_strength,2.082572,Increases Risk
S2440,Placement,2,numeric__attendance_overall_attendance_current,1.052517,Increases Risk
S2440,Placement,3,numeric__engagement_hackathons_attended_current,-1.050022,Reduces Risk
S2440,Placement,4,numeric__low_lms_flag,0.913609,Increases Risk
S2440,Placement,5,numeric__academic_internal_marks_avg_3m,0.741605,Increases Risk
S2441,Placement,1,numeric__placement_aptitude_score_current,-1.108937,Reduces Risk
S2441,Placement,2,numeric__engagement_hackathons_attended_current,-1.050022,Reduces Risk
S2441,Placement,3,numeric__engagement_events_attended_current,1.019238,Increases Risk
S2441,Placement,4,numeric__academic_internal_marks_avg_3m,0.711688,Increases Risk
S2441,Placement,5,numeric__attendance_overall_attendance_current,0.706401,Increases Risk
S2442,Placement,1,numeric__engagement_certifications_count_current,0.937282,Increases Risk
S2442,Placement,2,numeric__placement_coding_score_slope_3m,0.641254,Increases Risk
S2442,Placement,3,numeric__academic_internal_marks_avg_3m,-0.577018,Reduces Risk
S2442,Placement,4,numeric__feedback_satisfaction_score_slope_3m,0.570875,Increases Risk
S2442,Placement,5,numeric__attendance_overall_attendance_current,-0.505005,Reduces Risk
S2443,Placement,1,numeric__engagement_strength,1.522238,Increases Risk
S2443,Placement,2,numeric__engagement_hackathons_attended_current,-1.050022,Reduces Risk
S2443,Placement,3,numeric__placement_mock_interview_score_current,0.924818,Increases Risk
S2443,Placement,4,numeric__attendance_overall_attendance_current,0.825378,Increases Risk
S2443,Placement,5,numeric__placement_coding_score_slope_3m,0.62203,Increases Risk
S2444,Placement,1,numeric__attendance_overall_attendance_current,3.259005,Increases Risk
S2444,Placement,2,numeric__attendance_overall_attendance_avg_3m,-1.82568,Reduces Risk
S2444,Placement,3,numeric__attendance_subject_attendance_current,1.296032,Increases Risk
S2444,Placement,4,numeric__attendance_subject_attendance_avg_3m,-1.274394,Reduces Risk
S2444,Placement,5,numeric__critical_attendance_flag,-0.997756,Reduces Risk
S2445,Placement,1,numeric__engagement_strength,-1.466205,Reduces Risk
S2445,Placement,2,numeric__attendance_overall_attendance_current,-1.013362,Reduces Risk
S2445,Placement,3,numeric__feedback_satisfaction_score_slope_3m,-0.919501,Reduces Risk
S2445,Placement,4,numeric__attendance_overall_attendance_avg_3m,0.826236,Increases Risk
S2445,Placement,5,numeric__engagement_events_attended_current,0.689387,Increases Risk
S2446,Placement,1,numeric__placement_aptitude_score_current,1.358245,Increases Risk
S2446,Placement,2,numeric__engagement_strength,1.335461,Increases Risk
S2446,Placement,3,numeric__low_lms_flag,0.913609,Increases Risk
S2446,Placement,4,numeric__lms_assignment_completion_pct_current,-0.724832,Reduces Risk
S2446,Placement,5,numeric__engagement_events_attended_current,-0.630014,Reduces Risk
S2447,Placement,1,numeric__engagement_hackathons_attended_current,-1.050022,Reduces Risk
S2447,Placement,2,numeric__attendance_overall_attendance_current,-0.937649,Reduces Risk
S2447,Placement,3,numeric__placement_aptitude_score_current,-0.583519,Reduces Risk
S2447,Placement,4,numeric__placement_coding_score_slope_3m,0.449009,Increases Risk
S2447,Placement,5,categorical__department_IT,-0.402819,Reduces Risk
S2448,Placement,1,numeric__placement_aptitude_score_current,1.411548,Increases Risk
S2448,Placement,2,numeric__placement_aptitude_score_slope_3m,-0.960233,Reduces Risk
S2448,Placement,3,numeric__engagement_club_participations_current,-0.547287,Reduces Risk
S2448,Placement,4,numeric__placement_aptitude_score_std_3m,0.535939,Increases Risk
S2448,Placement,5,numeric__academic_internal_marks_avg_3m,-0.494173,Reduces Risk
S2449,Placement,1,numeric__placement_aptitude_score_current,-2.091241,Reduces Risk
S2449,Placement,2,numeric__engagement_strength,2.082572,Increases Risk
S2449,Placement,3,numeric__attendance_overall_attendance_current,1.928622,Increases Risk
S2449,Placement,4,numeric__low_aptitude_flag,-1.905883,Reduces Risk
S2449,Placement,5,numeric__low_coding_flag,1.487088,Increases Risk
S2450,Placement,1,numeric__attendance_overall_attendance_current,1.32292,Increases Risk
S2450,Placement,2,numeric__attendance_overall_attendance_avg_3m,-1.065464,Reduces Risk
S2450,Placement,3,numeric__engagement_hackathons_attended_current,-1.050022,Reduces Risk
S2450,Placement,4,numeric__engagement_hackathons_attended_std_3m,0.717619,Increases Risk
S2450,Placement,5,numeric__engagement_events_attended_current,0.689387,Increases Risk
S2451,Placement,1,numeric__attendance_overall_attendance_current,1.831277,Increases Risk
S2451,Placement,2,numeric__attendance_subject_attendance_current,1.0738,Increases Risk
S2451,Placement,3,numeric__attendance_overall_attendance_avg_3m,-1.040208,Reduces Risk
S2451,Placement,4,numeric__critical_attendance_flag,-0.997756,Reduces Risk
S2451,Placement,5,numeric__attendance_subject_attendance_avg_3m,-0.929574,Reduces Risk
S2452,Placement,1,numeric__attendance_overall_attendance_current,-0.937649,Reduces Risk
S2452,Placement,2,numeric__placement_coding_score_avg_3m,0.726346,Increases Risk
S2452,Placement,3,numeric__feedback_satisfaction_score_slope_3m,-0.562159,Reduces Risk
S2452,Placement,4,numeric__feedback_faculty_rating_current,0.438882,Increases Risk
S2452,Placement,5,numeric__placement_aptitude_score_current,-0.423609,Reduces Risk
S2453,Placement,1,numeric__engagement_strength,-1.652983,Reduces Risk
S2453,Placement,2,numeric__attendance_overall_attendance_current,1.614955,Increases Risk
S2453,Placement,3,numeric__low_lms_flag,0.913609,Increases Risk
S2453,Placement,4,numeric__engagement_hackathons_attended_current,0.859109,Increases Risk
S2453,Placement,5,numeric__placement_aptitude_score_current,0.855671,Increases Risk
S2454,Placement,1,numeric__placement_aptitude_score_current,0.71099,Increases Risk
S2454,Placement,2,numeric__feedback_satisfaction_score_current,0.459594,Increases Risk
S2454,Placement,3,numeric__engagement_club_participations_current,0.424228,Increases Risk
S2454,Placement,4,numeric__lms_logins_per_week_avg_3m,-0.369598,Reduces Risk
S2454,Placement,5,numeric__placement_mock_interview_score_current,0.338554,Increases Risk
S2455,Placement,1,numeric__attendance_overall_attendance_current,-1.889468,Reduces Risk
S2455,Placement,2,numeric__attendance_overall_attendance_avg_3m,1.10153,Increases Risk
S2455,Placement,3,numeric__engagement_strength,-1.09265,Reduces Risk
S2455,Placement,4,numeric__attendance_subject_attendance_current,-1.069144,Reduces Risk
S2455,Placement,5,numeric__engagement_hackathons_attended_current,0.859109,Increases Risk
S2456,Placement,1,numeric__engagement_certifications_count_current,0.937282,Increases Risk
S2456,Placement,2,numeric__academic_subject_score_avg_slope_3m,-0.523444,Reduces Risk
S2456,Placement,3,numeric__placement_aptitude_score_current,-0.446453,Reduces Risk
S2456,Placement,4,numeric__academic_internal_marks_slope_3m,0.407102,Increases Risk
S2456,Placement,5,numeric__engagement_strength,-0.345539,Reduces Risk
S2457,Placement,1,numeric__placement_aptitude_score_current,-1.116552,Reduces Risk
S2457,Placement,2,numeric__engagement_hackathons_attended_current,-1.050022,Reduces Risk
S2457,Placement,3,numeric__attendance_overall_attendance_current,-0.85112,Reduces Risk
S2457,Placement,4,numeric__attendance_overall_attendance_avg_3m,0.770672,Increases Risk
S2457,Placement,5,numeric__engagement_certifications_count_current,-0.697512,Reduces Risk
S2458,Placement,1,numeric__engagement_hackathons_attended_current,0.859109,Increases Risk
S2458,Placement,2,numeric__placement_aptitude_score_slope_3m,0.68756,Increases Risk
S2458,Placement,3,numeric__feedback_faculty_rating_current,0.54412,Increases Risk
S2458,Placement,4,numeric__engagement_strength,-0.532317,Reduces Risk
S2458,Placement,5,numeric__academic_internal_marks_avg_3m,-0.464257,Reduces Risk
S2459,Placement,1,numeric__attendance_overall_attendance_current,-1.446007,Reduces Risk
S2459,Placement,2,numeric__placement_aptitude_score_current,1.304941,Increases Risk
S2459,Placement,3,numeric__attendance_overall_attendance_avg_3m,1.124261,Increases Risk
S2459,Placement,4,numeric__placement_mock_interview_score_current,-0.833976,Reduces Risk
S2459,Placement,5,numeric__attendance_subject_attendance_avg_3m,0.822109,Increases Risk
S2460,Placement,1,numeric__engagement_strength,0.775128,Increases Risk
S2460,Placement,2,numeric__feedback_satisfaction_score_slope_3m,0.684178,Increases Risk
S2460,Placement,3,numeric__skills_soft_skills_score_std_3m,-0.442212,Reduces Risk
S2460,Placement,4,numeric__placement_aptitude_score_slope_3m,-0.432258,Reduces Risk
S2460,Placement,5,numeric__attendance_overall_attendance_avg_3m,0.422135,Increases Risk
S2461,Placement,1,numeric__placement_mock_interview_score_current,0.674375,Increases Risk
S2461,Placement,2,numeric__placement_aptitude_score_current,0.543465,Increases Risk
S2461,Placement,3,numeric__skills_soft_skills_score_std_3m,-0.463804,Reduces Risk
S2461,Placement,4,numeric__placement_coding_score_slope_3m,-0.45839,Reduces Risk
S2461,Placement,5,numeric__attendance_overall_attendance_std_3m,-0.450141,Reduces Risk
S2462,Placement,1,numeric__attendance_overall_attendance_current,-2.170687,Reduces Risk
S2462,Placement,2,numeric__engagement_strength,1.522238,Increases Risk
S2462,Placement,3,numeric__attendance_overall_attendance_avg_3m,1.384401,Increases Risk
S2462,Placement,4,numeric__placement_aptitude_score_current,-1.215544,Reduces Risk
S2462,Placement,5,numeric__attendance_subject_attendance_avg_3m,1.064468,Increases Risk
S2463,Placement,1,numeric__engagement_strength,-1.09265,Reduces Risk
S2463,Placement,2,numeric__engagement_certifications_count_current,0.937282,Increases Risk
S2463,Placement,3,numeric__engagement_hackathons_attended_current,0.859109,Increases Risk
S2463,Placement,4,numeric__attendance_overall_attendance_avg_3m,-0.729555,Reduces Risk
S2463,Placement,5,numeric__attendance_overall_attendance_current,0.728033,Increases Risk
S2464,Placement,1,numeric__low_lms_flag,0.913609,Increases Risk
S2464,Placement,2,numeric__placement_mock_interview_score_current,0.902051,Increases Risk
S2464,Placement,3,numeric__feedback_satisfaction_score_current,0.883519,Increases Risk
S2464,Placement,4,numeric__engagement_hackathons_attended_current,0.859109,Increases Risk
S2464,Placement,5,numeric__placement_mock_interview_score_avg_3m,0.661293,Increases Risk
S2465,Placement,1,numeric__attendance_overall_attendance_current,-2.170687,Reduces Risk
S2465,Placement,2,numeric__engagement_strength,-1.839761,Reduces Risk
S2465,Placement,3,numeric__engagement_hackathons_attended_current,1.813675,Increases Risk
S2465,Placement,4,numeric__attendance_overall_attendance_avg_3m,1.341466,Increases Risk
S2465,Placement,5,numeric__attendance_subject_attendance_avg_3m,1.12555,Increases Risk
S2466,Placement,1,numeric__engagement_certifications_count_current,1.482213,Increases Risk
S2466,Placement,2,numeric__attendance_overall_attendance_current,1.214758,Increases Risk
S2466,Placement,3,numeric__low_lms_flag,0.913609,Increases Risk
S2466,Placement,4,numeric__engagement_strength,-0.905872,Reduces Risk
S2466,Placement,5,numeric__placement_aptitude_score_current,0.848056,Increases Risk
S2467,Placement,1,numeric__engagement_strength,-1.652983,Reduces Risk
S2467,Placement,2,numeric__low_lms_flag,0.913609,Increases Risk
S2467,Placement,3,numeric__engagement_hackathons_attended_current,0.859109,Increases Risk
S2467,Placement,4,numeric__placement_aptitude_score_current,-0.591134,Reduces Risk
S2467,Placement,5,numeric__academic_internal_marks_avg_3m,0.472357,Increases Risk
S2468,Placement,1,numeric__engagement_strength,-2.026538,Reduces Risk
S2468,Placement,2,numeric__attendance_overall_attendance_current,-1.954365,Reduces Risk
S2468,Placement,3,numeric__attendance_overall_attendance_avg_3m,1.129312,Increases Risk
S2468,Placement,4,numeric__engagement_events_attended_current,1.019238,Increases Risk
S2468,Placement,5,numeric__placement_mock_interview_score_avg_3m,-0.943523,Reduces Risk
S2469,Placement,1,numeric__engagement_strength,0.775128,Increases Risk
S2469,Placement,2,numeric__placement_mock_interview_score_current,0.532078,Increases Risk
S2469,Placement,3,numeric__attendance_subject_attendance_current,-0.481819,Reduces Risk
S2469,Placement,4,numeric__skills_soft_skills_score_current,-0.476123,Reduces Risk
S2469,Placement,5,numeric__placement_coding_score_avg_3m,-0.442288,Reduces Risk
S2470,Placement,1,numeric__placement_aptitude_score_current,-0.903339,Reduces Risk
S2470,Placement,2,numeric__engagement_hackathons_attended_current,0.859109,Increases Risk
S2470,Placement,3,numeric__placement_mock_interview_score_current,0.691451,Increases Risk
S2470,Placement,4,numeric__placement_aptitude_score_slope_3m,0.593887,Increases Risk
S2470,Placement,5,numeric__feedback_satisfaction_score_current,0.539993,Increases Risk
S2471,Placement,1,numeric__engagement_strength,1.522238,Increases Risk
S2471,Placement,2,numeric__placement_aptitude_score_current,-1.33738,Reduces Risk
S2471,Placement,3,numeric__engagement_hackathons_attended_current,-1.050022,Reduces Risk
S2471,Placement,4,numeric__attendance_overall_attendance_current,-0.883569,Reduces Risk
S2471,Placement,5,numeric__attendance_overall_attendance_avg_3m,0.775723,Increases Risk
S2472,Placement,1,numeric__low_lms_flag,0.913609,Increases Risk
S2472,Placement,2,numeric__engagement_strength,-0.905872,Reduces Risk
S2472,Placement,3,numeric__engagement_events_attended_current,0.689387,Increases Risk
S2472,Placement,4,numeric__placement_aptitude_score_current,0.505392,Increases Risk
S2472,Placement,5,numeric__lms_logins_per_week_avg_3m,-0.450428,Reduces Risk
S2473,Placement,1,numeric__engagement_hackathons_attended_current,-1.050022,Reduces Risk
S2473,Placement,2,numeric__skills_soft_skills_score_std_3m,0.934456,Increases Risk
S2473,Placement,3,numeric__placement_aptitude_score_missing,-0.83073,Reduces Risk
S2473,Placement,4,numeric__academic_internal_marks_avg_3m,0.778425,Increases Risk
S2473,Placement,5,numeric__lms_logins_per_week_std_3m,-0.590803,Reduces Risk
S2474,Placement,1,numeric__placement_aptitude_score_current,0.924203,Increases Risk
S2474,Placement,2,numeric__low_lms_flag,0.913609,Increases Risk
S2474,Placement,3,categorical__department_CIVIL ENGINEERING,0.589631,Increases Risk
S2474,Placement,4,numeric__placement_coding_score_avg_3m,-0.565953,Reduces Risk
S2474,Placement,5,numeric__engagement_club_participations_current,-0.547287,Reduces Risk
S2475,Placement,1,numeric__engagement_strength,-2.400094,Reduces Risk
S2475,Placement,2,numeric__engagement_hackathons_attended_current,1.813675,Increases Risk
S2475,Placement,3,numeric__academic_cgpa_missing,-1.51499,Reduces Risk
S2475,Placement,4,numeric__academic_subject_score_avg_slope_3m,0.637787,Increases Risk
S2475,Placement,5,numeric__academic_internal_marks_slope_3m,-0.525948,Reduces Risk
S2476,Placement,1,numeric__attendance_overall_attendance_current,-2.170687,Reduces Risk
S2476,Placement,2,numeric__attendance_overall_attendance_avg_3m,1.361671,Increases Risk
S2476,Placement,3,numeric__engagement_strength,-1.09265,Reduces Risk
S2476,Placement,4,numeric__engagement_hackathons_attended_current,0.859109,Increases Risk
S2476,Placement,5,numeric__attendance_subject_attendance_current,-0.719924,Reduces Risk
S2477,Placement,1,numeric__attendance_overall_attendance_current,2.274738,Increases Risk
S2477,Placement,2,numeric__attendance_overall_attendance_avg_3m,-1.012426,Reduces Risk
S2477,Placement,3,numeric__critical_attendance_flag,-0.997756,Reduces Risk
S2477,Placement,4,numeric__attendance_overall_attendance_std_3m,-0.961856,Reduces Risk
S2477,Placement,5,numeric__engagement_hackathons_attended_current,0.859109,Increases Risk
S2478,Placement,1,numeric__placement_coding_score_slope_3m,0.60665,Increases Risk
S2478,Placement,2,numeric__attendance_overall_attendance_current,-0.591534,Reduces Risk
S2478,Placement,3,numeric__feedback_satisfaction_score_slope_3m,0.431425,Increases Risk
S2478,Placement,4,numeric__academic_warning_score,0.372987,Increases Risk
S2478,Placement,5,numeric__placement_aptitude_score_current,-0.347461,Reduces Risk
S2479,Placement,1,numeric__attendance_overall_attendance_current,-1.316214,Reduces Risk
S2479,Placement,2,numeric__attendance_overall_attendance_avg_3m,0.907056,Increases Risk
S2479,Placement,3,numeric__attendance_subject_attendance_avg_3m,0.87728,Increases Risk
S2479,Placement,4,numeric__feedback_satisfaction_score_slope_3m,0.849776,Increases Risk
S2479,Placement,5,numeric__engagement_strength,0.775128,Increases Risk
S2480,Placement,1,numeric__placement_mock_interview_score_current,-0.691678,Reduces Risk
S2480,Placement,2,numeric__feedback_faculty_rating_current,-0.581115,Reduces Risk
S2480,Placement,3,numeric__skills_soft_skills_score_current,0.548478,Increases Risk
S2480,Placement,4,numeric__placement_aptitude_score_slope_3m,0.538534,Increases Risk
S2480,Placement,5,numeric__lms_logins_per_week_avg_3m,0.438708,Increases Risk
S2481,Placement,1,numeric__engagement_strength,-0.905872,Reduces Risk
S2481,Placement,2,numeric__engagement_events_attended_current,0.689387,Increases Risk
S2481,Placement,3,numeric__placement_mock_interview_score_current,-0.674603,Reduces Risk
S2481,Placement,4,numeric__lms_logins_per_week_avg_3m,0.438708,Increases Risk
S2481,Placement,5,categorical__department_CSE,-0.416441,Reduces Risk
S2482,Placement,1,numeric__engagement_strength,0.775128,Increases Risk
S2482,Placement,2,numeric__placement_mock_interview_score_current,0.736986,Increases Risk
S2482,Placement,3,numeric__placement_aptitude_score_current,-0.55306,Reduces Risk
S2482,Placement,4,numeric__attendance_overall_attendance_current,-0.494188,Reduces Risk
S2482,Placement,5,numeric__attendance_subject_attendance_current,-0.428906,Reduces Risk
S2483,Placement,1,numeric__attendance_overall_attendance_current,1.614955,Increases Risk
S2483,Placement,2,numeric__placement_mock_interview_score_current,1.459856,Increases Risk
S2483,Placement,3,numeric__attendance_overall_attendance_avg_3m,-1.098297,Reduces Risk
S2483,Placement,4,numeric__engagement_hackathons_attended_current,0.859109,Increases Risk
S2483,Placement,5,numeric__skills_soft_skills_score_current,-0.766737,Reduces Risk
S2484,Placement,1,numeric__engagement_strength,-1.466205,Reduces Risk
S2484,Placement,2,numeric__placement_aptitude_score_current,1.106958,Increases Risk
S2484,Placement,3,numeric__engagement_certifications_count_current,0.937282,Increases Risk
S2484,Placement,4,numeric__academic_internal_marks_avg_3m,-0.936015,Reduces Risk
S2484,Placement,5,numeric__feedback_satisfaction_score_slope_3m,-0.658031,Reduces Risk
S2485,Placement,1,numeric__engagement_hackathons_attended_current,0.859109,Increases Risk
S2485,Placement,2,numeric__academic_internal_marks_avg_3m,-0.758818,Reduces Risk
S2485,Placement,3,numeric__placement_coding_score_avg_3m,-0.698892,Reduces Risk
S2485,Placement,4,numeric__academic_cgpa_avg_3m,-0.610542,Reduces Risk
S2485,Placement,5,numeric__feedback_faculty_rating_current,-0.57302,Reduces Risk
S2486,Placement,1,numeric__academic_cgpa_missing,-1.51499,Reduces Risk
S2486,Placement,2,numeric__attendance_overall_attendance_avg_3m,0.788352,Increases Risk
S2486,Placement,3,numeric__academic_subject_score_avg_slope_3m,0.704567,Increases Risk
S2486,Placement,4,numeric__academic_internal_marks_slope_3m,-0.646342,Reduces Risk
S2486,Placement,5,numeric__attendance_overall_attendance_current,-0.634798,Reduces Risk
S2487,Placement,1,numeric__engagement_strength,-1.09265,Reduces Risk
S2487,Placement,2,numeric__engagement_hackathons_attended_current,0.859109,Increases Risk
S2487,Placement,3,numeric__placement_mock_interview_score_current,-0.805516,Reduces Risk
S2487,Placement,4,numeric__lms_logins_per_week_avg_3m,0.600369,Increases Risk
S2487,Placement,5,numeric__placement_mock_interview_score_avg_3m,-0.573181,Reduces Risk
S2488,Placement,1,numeric__engagement_hackathons_attended_current,-1.050022,Reduces Risk
S2488,Placement,2,numeric__engagement_strength,-0.719094,Reduces Risk
S2488,Placement,3,numeric__engagement_events_attended_current,0.689387,Increases Risk
S2488,Placement,4,numeric__skills_tech_skills_score_avg_3m,-0.63685,Reduces Risk
S2488,Placement,5,numeric__placement_mock_interview_score_current,0.583305,Increases Risk
S2489,Placement,1,numeric__engagement_strength,-1.652983,Reduces Risk
S2489,Placement,2,numeric__engagement_hackathons_attended_current,0.859109,Increases Risk
S2489,Placement,3,numeric__feedback_faculty_rating_current,0.786976,Increases Risk
S2489,Placement,4,numeric__engagement_events_attended_current,0.689387,Increases Risk
S2489,Placement,5,numeric__feedback_faculty_rating_slope_3m,0.526672,Increases Risk
S2490,Placement,1,numeric__low_lms_flag,0.913609,Increases Risk
S2490,Placement,2,numeric__placement_aptitude_score_missing,-0.83073,Reduces Risk
S2490,Placement,3,numeric__attendance_subject_attendance_avg_3m,0.634921,Increases Risk
S2490,Placement,4,numeric__placement_aptitude_score_slope_3m,0.623692,Increases Risk
S2490,Placement,5,numeric__attendance_overall_attendance_avg_3m,0.593878,Increases Risk
S2491,Placement,1,numeric__engagement_strength,-2.400094,Reduces Risk
S2491,Placement,2,numeric__engagement_hackathons_attended_current,1.813675,Increases Risk
S2491,Placement,3,numeric__attendance_overall_attendance_current,-1.738042,Reduces Risk
S2491,Placement,4,numeric__attendance_overall_attendance_avg_3m,1.25812,Increases Risk
S2491,Placement,5,numeric__attendance_subject_attendance_avg_3m,1.036882,Increases Risk
S2492,Placement,1,numeric__placement_aptitude_score_current,0.421629,Increases Risk
S2492,Placement,2,numeric__engagement_events_attended_current,0.359537,Increases Risk
S2492,Placement,3,numeric__engagement_strength,-0.345539,Reduces Risk
S2492,Placement,4,categorical__department_CIVIL,0.303825,Increases Risk
S2492,Placement,5,numeric__cgpa_declining_flag,0.282784,Increases Risk
S2493,Placement,1,numeric__placement_aptitude_score_current,-0.598749,Reduces Risk
S2493,Placement,2,numeric__placement_aptitude_score_slope_3m,0.517245,Increases Risk
S2493,Placement,3,numeric__lms_logins_per_week_avg_3m,0.438708,Increases Risk
S2493,Placement,4,numeric__feedback_satisfaction_score_slope_3m,-0.387846,Reduces Risk
S2493,Placement,5,numeric__academic_warning_score,0.372987,Increases Risk
S2494,Placement,1,numeric__engagement_certifications_count_current,0.937282,Increases Risk
S2494,Placement,2,numeric__engagement_strength,-0.905872,Reduces Risk
S2494,Placement,3,numeric__attendance_subject_attendance_current,-0.730506,Reduces Risk
S2494,Placement,4,numeric__attendance_overall_attendance_avg_3m,0.660807,Increases Risk
S2494,Placement,5,numeric__feedback_faculty_rating_current,0.608882,Increases Risk
S2495,Placement,1,numeric__attendance_overall_attendance_current,1.57169,Increases Risk
S2495,Placement,2,numeric__placement_aptitude_score_current,-1.322151,Reduces Risk
S2495,Placement,3,numeric__academic_internal_marks_avg_3m,0.983237,Increases Risk
S2495,Placement,4,numeric__low_lms_flag,0.913609,Increases Risk
S2495,Placement,5,numeric__attendance_overall_attendance_avg_3m,-0.855837,Reduces Risk
S2496,Placement,1,numeric__placement_aptitude_score_current,1.20595,Increases Risk
S2496,Placement,2,numeric__attendance_overall_attendance_current,1.149862,Increases Risk
S2496,Placement,3,numeric__academic_internal_marks_avg_3m,-0.77953,Reduces Risk
S2496,Placement,4,numeric__attendance_subject_attendance_avg_3m,-0.734505,Reduces Risk
S2496,Placement,5,numeric__attendance_overall_attendance_avg_3m,-0.656311,Reduces Risk
S2497,Placement,1,numeric__attendance_overall_attendance_current,3.615937,Increases Risk
S2497,Placement,2,numeric__placement_aptitude_score_current,-2.45675,Reduces Risk
S2497,Placement,3,numeric__attendance_overall_attendance_avg_3m,-2.383846,Reduces Risk
S2497,Placement,4,numeric__placement_mock_interview_score_current,2.268104,Increases Risk
S2497,Placement,5,numeric__academic_internal_marks_avg_3m,2.237425,Increases Risk
S2498,Placement,1,numeric__placement_aptitude_score_current,-1.33738,Reduces Risk
S2498,Placement,2,numeric__attendance_subject_attendance_current,1.047344,Increases Risk
S2498,Placement,3,numeric__placement_mock_interview_score_current,1.038656,Increases Risk
S2498,Placement,4,numeric__attendance_overall_attendance_current,0.98762,Increases Risk
S2498,Placement,5,numeric__academic_internal_marks_avg_3m,0.826751,Increases Risk
S2499,Placement,1,numeric__engagement_strength,2.642905,Increases Risk
S2499,Placement,2,numeric__placement_mock_interview_score_current,1.254948,Increases Risk
S2499,Placement,3,numeric__placement_aptitude_score_current,-1.230774,Reduces Risk
S2499,Placement,4,numeric__placement_mock_interview_score_avg_3m,1.095764,Increases Risk
S2499,Placement,5,numeric__engagement_hackathons_attended_current,-1.050022,Reduces Risk
S2500,Placement,1,numeric__attendance_overall_attendance_current,-1.348662,Reduces Risk
S2500,Placement,2,numeric__attendance_overall_attendance_avg_3m,1.035864,Increases Risk
S2500,Placement,3,numeric__attendance_subject_attendance_avg_3m,0.881221,Increases Risk
S2500,Placement,4,numeric__placement_mock_interview_score_current,-0.782749,Reduces Risk
S2500,Placement,5,numeric__academic_internal_marks_avg_3m,-0.682877,Reduces Risk
S2501,Placement,1,numeric__attendance_overall_attendance_current,2.10168,Increases Risk
S2501,Placement,2,numeric__engagement_strength,1.522238,Increases Risk
S2501,Placement,3,numeric__attendance_overall_attendance_avg_3m,-1.222054,Reduces Risk
S2501,Placement,4,numeric__attendance_subject_attendance_current,1.11613,Increases Risk
S2501,Placement,5,numeric__engagement_hackathons_attended_current,-1.050022,Reduces Risk
S2502,Placement,1,numeric__placement_mock_interview_score_current,-0.668911,Reduces Risk
S2502,Placement,2,numeric__placement_aptitude_score_current,-0.636822,Reduces Risk
S2502,Placement,3,numeric__placement_aptitude_score_slope_3m,0.589629,Increases Risk
S2502,Placement,4,numeric__placement_mock_interview_score_avg_3m,-0.566768,Reduces Risk
S2502,Placement,5,numeric__placement_mock_interview_score_std_3m,0.47541,Increases Risk
S2503,Placement,1,numeric__placement_coding_score_avg_3m,-0.81792,Reduces Risk
S2503,Placement,2,numeric__placement_aptitude_score_current,0.596769,Increases Risk
S2503,Placement,3,numeric__academic_internal_marks_avg_3m,-0.517186,Reduces Risk
S2503,Placement,4,numeric__skills_tech_skills_score_avg_3m,0.514267,Increases Risk
S2503,Placement,5,numeric__attendance_overall_attendance_avg_3m,-0.441632,Reduces Risk
S2504,Placement,1,numeric__placement_coding_score_slope_3m,0.572046,Increases Risk
S2504,Placement,2,numeric__placement_coding_score_avg_3m,-0.496391,Reduces Risk
S2504,Placement,3,numeric__engagement_certifications_count_current,0.39235,Increases Risk
S2504,Placement,4,categorical__department_INFO TECH,-0.377385,Reduces Risk
S2504,Placement,5,numeric__skills_soft_skills_score_current,-0.375526,Reduces Risk
S2505,Placement,1,numeric__feedback_satisfaction_score_slope_3m,-0.997942,Reduces Risk
S2505,Placement,2,numeric__attendance_overall_attendance_std_3m,-0.544949,Reduces Risk
S2505,Placement,3,numeric__attendance_overall_attendance_slope_3m,0.492285,Increases Risk
S2505,Placement,4,categorical__department_CSE,-0.416441,Reduces Risk
S2505,Placement,5,numeric__attendance_subject_attendance_current,-0.40245,Reduces Risk
S2506,Placement,1,numeric__placement_coding_score_avg_3m,-0.681888,Reduces Risk
S2506,Placement,2,numeric__skills_soft_skills_score_std_3m,-0.50182,Reduces Risk
S2506,Placement,3,numeric__skills_tech_skills_score_avg_3m,0.44924,Increases Risk
S2506,Placement,4,categorical__department_IT,-0.402819,Reduces Risk
S2506,Placement,5,numeric__academic_internal_marks_slope_3m,0.385604,Increases Risk
S2507,Placement,1,numeric__academic_internal_marks_avg_3m,1.503323,Increases Risk
S2507,Placement,2,numeric__academic_cgpa_avg_3m,0.857222,Increases Risk
S2507,Placement,3,numeric__placement_aptitude_score_current,-0.842421,Reduces Risk
S2507,Placement,4,numeric__academic_cgpa_current,0.771628,Increases Risk
S2507,Placement,5,numeric__feedback_faculty_rating_current,0.649358,Increases Risk
S2508,Placement,1,numeric__attendance_overall_attendance_current,-1.997629,Reduces Risk
S2508,Placement,2,numeric__attendance_overall_attendance_avg_3m,1.268222,Increases Risk
S2508,Placement,3,numeric__attendance_subject_attendance_current,-0.899825,Reduces Risk
S2508,Placement,4,numeric__engagement_hackathons_attended_current,0.859109,Increases Risk
S2508,Placement,5,numeric__placement_aptitude_score_current,0.832826,Increases Risk
S2509,Placement,1,numeric__attendance_overall_attendance_current,-1.52172,Reduces Risk
S2509,Placement,2,numeric__low_coding_flag,1.487088,Increases Risk
S2509,Placement,3,numeric__placement_aptitude_score_current,-1.306921,Reduces Risk
S2509,Placement,4,numeric__placement_coding_score_avg_3m,1.233372,Increases Risk
S2509,Placement,5,numeric__engagement_hackathons_attended_current,-1.050022,Reduces Risk
S2510,Placement,1,numeric__engagement_strength,-1.466205,Reduces Risk
S2510,Placement,2,numeric__engagement_events_attended_current,1.019238,Increases Risk
S2510,Placement,3,numeric__attendance_overall_attendance_current,0.663136,Increases Risk
S2510,Placement,4,numeric__low_attendance_flag,-0.491842,Reduces Risk
S2510,Placement,5,numeric__placement_coding_score_slope_3m,0.445164,Increases Risk
S2511,Placement,1,numeric__attendance_overall_attendance_current,-1.153972,Reduces Risk
S2511,Placement,2,numeric__attendance_overall_attendance_avg_3m,0.957569,Increases Risk
S2511,Placement,3,numeric__attendance_subject_attendance_avg_3m,0.902895,Increases Risk
S2511,Placement,4,numeric__placement_coding_score_slope_3m,-0.742914,Reduces Risk
S2511,Placement,5,numeric__attendance_subject_attendance_current,-0.70405,Reduces Risk
S2512,Placement,1,numeric__attendance_overall_attendance_current,1.279655,Increases Risk
S2512,Placement,2,numeric__placement_aptitude_score_current,0.809982,Increases Risk
S2512,Placement,3,numeric__attendance_overall_attendance_avg_3m,-0.706824,Reduces Risk
S2512,Placement,4,numeric__attendance_subject_attendance_current,0.523513,Increases Risk
S2512,Placement,5,numeric__low_attendance_flag,-0.491842,Reduces Risk
S2513,Placement,1,numeric__low_lms_flag,0.913609,Increases Risk
S2513,Placement,2,numeric__skills_soft_skills_score_std_3m,0.842182,Increases Risk
S2513,Placement,3,numeric__placement_mock_interview_score_current,-0.8169,Reduces Risk
S2513,Placement,4,numeric__placement_mock_interview_score_std_3m,-0.78495,Reduces Risk
S2513,Placement,5,numeric__placement_aptitude_score_current,0.72622,Increases Risk
S2514,Placement,1,numeric__attendance_overall_attendance_current,-0.948466,Reduces Risk
S2514,Placement,2,numeric__skills_soft_skills_score_std_3m,0.516504,Increases Risk
S2514,Placement,3,numeric__attendance_overall_attendance_avg_3m,0.502955,Increases Risk
S2514,Placement,4,numeric__attendance_subject_attendance_current,-0.481819,Reduces Risk
S2514,Placement,5,numeric__placement_coding_score_avg_3m,0.462012,Increases Risk
S2515,Placement,1,numeric__engagement_hackathons_attended_current,0.859109,Increases Risk
S2515,Placement,2,numeric__placement_coding_score_avg_3m,-0.853474,Reduces Risk
S2515,Placement,3,numeric__placement_aptitude_score_current,0.741449,Increases Risk
S2515,Placement,4,numeric__academic_internal_marks_avg_3m,-0.726601,Reduces Risk
S2515,Placement,5,numeric__skills_soft_skills_score_std_3m,0.655993,Increases Risk
S2516,Placement,1,numeric__engagement_strength,-1.09265,Reduces Risk
S2516,Placement,2,numeric__attendance_overall_attendance_current,-1.002546,Reduces Risk
S2516,Placement,3,numeric__engagement_hackathons_attended_current,0.859109,Increases Risk
S2516,Placement,4,numeric__attendance_overall_attendance_avg_3m,0.740365,Increases Risk
S2516,Placement,5,numeric__attendance_subject_attendance_avg_3m,0.686152,Increases Risk
S2517,Placement,1,numeric__attendance_overall_attendance_current,-1.683962,Reduces Risk
S2517,Placement,2,numeric__attendance_overall_attendance_avg_3m,1.10153,Increases Risk
S2517,Placement,3,numeric__attendance_subject_attendance_current,-1.069144,Reduces Risk
S2517,Placement,4,numeric__attendance_subject_attendance_avg_3m,1.042794,Increases Risk
S2517,Placement,5,numeric__skills_soft_skills_score_std_3m,0.677478,Increases Risk
S2518,Placement,1,numeric__attendance_overall_attendance_current,-0.99173,Reduces Risk
S2518,Placement,2,numeric__engagement_certifications_count_current,0.937282,Increases Risk
S2518,Placement,3,numeric__placement_aptitude_score_slope_3m,0.819553,Increases Risk
S2518,Placement,4,numeric__placement_coding_score_avg_3m,-0.737538,Reduces Risk
S2518,Placement,5,numeric__attendance_overall_attendance_avg_3m,0.561044,Increases Risk
S2519,Placement,1,numeric__placement_coding_score_slope_3m,0.61434,Increases Risk
S2519,Placement,2,numeric__feedback_faculty_rating_current,0.479358,Increases Risk
S2519,Placement,3,numeric__placement_mock_interview_score_std_3m,-0.475521,Reduces Risk
S2519,Placement,4,numeric__academic_internal_marks_slope_3m,-0.418454,Reduces Risk
S2519,Placement,5,numeric__feedback_satisfaction_score_current,-0.417494,Reduces Risk
S2520,Placement,1,numeric__attendance_overall_attendance_current,-1.38111,Reduces Risk
S2520,Placement,2,numeric__attendance_overall_attendance_avg_3m,1.124261,Increases Risk
S2520,Placement,3,numeric__engagement_strength,-0.905872,Reduces Risk
S2520,Placement,4,numeric__attendance_subject_attendance_current,-0.862787,Reduces Risk
S2520,Placement,5,numeric__placement_mock_interview_score_avg_3m,-0.816869,Reduces Risk
S2521,Placement,1,numeric__attendance_overall_attendance_current,2.610038,Increases Risk
S2521,Placement,2,numeric__attendance_overall_attendance_avg_3m,-2.005,Reduces Risk
S2521,Placement,3,numeric__attendance_subject_attendance_current,1.296032,Increases Risk
S2521,Placement,4,numeric__attendance_subject_attendance_avg_3m,-1.248779,Reduces Risk
S2521,Placement,5,numeric__critical_attendance_flag,-0.997756,Reduces Risk
S2522,Placement,1,numeric__attendance_overall_attendance_current,1.020068,Increases Risk
S2522,Placement,2,numeric__low_lms_flag,0.913609,Increases Risk
S2522,Placement,3,numeric__placement_aptitude_score_current,0.749064,Increases Risk
S2522,Placement,4,numeric__attendance_subject_attendance_current,0.740454,Increases Risk
S2522,Placement,5,numeric__academic_warning_score,-0.635087,Reduces Risk
S2523,Placement,1,numeric__attendance_overall_attendance_current,-0.99173,Reduces Risk
S2523,Placement,2,numeric__engagement_hackathons_attended_current,0.859109,Increases Risk
S2523,Placement,3,numeric__feedback_satisfaction_score_slope_3m,-0.858491,Reduces Risk
S2523,Placement,4,numeric__attendance_overall_attendance_avg_3m,0.611557,Increases Risk
S2523,Placement,5,numeric__feedback_faculty_rating_current,-0.605401,Reduces Risk
S2524,Placement,1,numeric__attendance_overall_attendance_current,-1.662329,Reduces Risk
S2524,Placement,2,numeric__engagement_hackathons_attended_current,-1.050022,Reduces Risk
S2524,Placement,3,numeric__attendance_subject_attendance_current,-0.973902,Reduces Risk
S2524,Placement,4,numeric__attendance_overall_attendance_avg_3m,0.886851,Increases Risk
S2524,Placement,5,numeric__attendance_subject_attendance_avg_3m,0.759056,Increases Risk
S2525,Placement,1,numeric__attendance_overall_attendance_current,0.771297,Increases Risk
S2525,Placement,2,numeric__low_attendance_flag,-0.491842,Reduces Risk
S2525,Placement,3,numeric__attendance_subject_attendance_current,0.491766,Increases Risk
S2525,Placement,4,numeric__feedback_satisfaction_score_slope_3m,-0.44014,Reduces Risk
S2525,Placement,5,numeric__placement_aptitude_score_slope_3m,0.423572,Increases Risk
S2526,Placement,1,numeric__engagement_hackathons_attended_current,2.76824,Increases Risk
S2526,Placement,2,numeric__engagement_strength,-2.026538,Reduces Risk
S2526,Placement,3,numeric__attendance_overall_attendance_current,1.106597,Increases Risk
S2526,Placement,4,numeric__placement_aptitude_score_current,0.893744,Increases Risk
S2526,Placement,5,numeric__attendance_overall_attendance_avg_3m,-0.863413,Reduces Risk
S2527,Placement,1,numeric__attendance_overall_attendance_current,-1.316214,Reduces Risk
S2527,Placement,2,numeric__attendance_overall_attendance_avg_3m,0.927262,Increases Risk
S2527,Placement,3,numeric__engagement_strength,0.775128,Increases Risk
S2527,Placement,4,numeric__attendance_subject_attendance_avg_3m,0.739352,Increases Risk
S2527,Placement,5,numeric__attendance_subject_attendance_current,-0.635264,Reduces Risk
S2528,Placement,1,numeric__placement_aptitude_score_current,-1.147011,Reduces Risk
S2528,Placement,2,numeric__engagement_hackathons_attended_current,-1.050022,Reduces Risk
S2528,Placement,3,numeric__engagement_strength,0.961905,Increases Risk
S2528,Placement,4,numeric__placement_mock_interview_score_current,0.81098,Increases Risk
S2528,Placement,5,numeric__placement_mock_interview_score_avg_3m,0.544259,Increases Risk
S2529,Placement,1,numeric__engagement_strength,-1.839761,Reduces Risk
S2529,Placement,2,numeric__engagement_hackathons_attended_current,1.813675,Increases Risk
S2529,Placement,3,numeric__attendance_overall_attendance_current,-1.164788,Reduces Risk
S2529,Placement,4,numeric__placement_mock_interview_score_current,-1.078727,Reduces Risk
S2529,Placement,5,numeric__placement_mock_interview_score_avg_3m,-0.994826,Reduces Risk
S2530,Placement,1,numeric__attendance_overall_attendance_current,2.058416,Increases Risk
S2530,Placement,2,numeric__engagement_strength,-1.652983,Reduces Risk
S2530,Placement,3,numeric__attendance_overall_attendance_std_3m,-1.265953,Reduces Risk
S2530,Placement,4,numeric__attendance_overall_attendance_slope_3m,-1.182565,Reduces Risk
S2530,Placement,5,numeric__attendance_subject_attendance_current,1.121421,Increases Risk
S2531,Placement,1,numeric__engagement_hackathons_attended_current,0.859109,Increases Risk
S2531,Placement,2,numeric__attendance_overall_attendance_current,-0.732143,Reduces Risk
S2531,Placement,3,numeric__academic_internal_marks_avg_3m,-0.685178,Reduces Risk
S2531,Placement,4,numeric__placement_coding_score_slope_3m,-0.592962,Reduces Risk
S2531,Placement,5,numeric__attendance_subject_attendance_avg_3m,0.591572,Increases Risk
S2532,Placement,1,numeric__feedback_satisfaction_score_slope_3m,-1.189686,Reduces Risk
S2532,Placement,2,numeric__engagement_hackathons_attended_current,-1.050022,Reduces Risk
S2532,Placement,3,numeric__attendance_overall_attendance_avg_3m,-0.725766,Reduces Risk
S2532,Placement,4,numeric__engagement_strength,-0.719094,Reduces Risk
S2532,Placement,5,numeric__engagement_events_attended_current,0.689387,Increases Risk
S2533,Placement,1,numeric__attendance_overall_attendance_current,2.923705,Increases Risk
S2533,Placement,2,numeric__attendance_overall_attendance_avg_3m,-1.535232,Reduces Risk
S2533,Placement,3,numeric__attendance_subject_attendance_current,1.153169,Increases Risk
S2533,Placement,4,numeric__attendance_subject_attendance_avg_3m,-1.05765,Reduces Risk
S2533,Placement,5,numeric__critical_attendance_flag,-0.997756,Reduces Risk
S2534,Placement,1,numeric__attendance_overall_attendance_current,0.706401,Increases Risk
S2534,Placement,2,numeric__academic_internal_marks_avg_3m,-0.678274,Reduces Risk
S2534,Placement,3,numeric__placement_coding_score_avg_3m,-0.544311,Reduces Risk
S2534,Placement,4,numeric__skills_tech_skills_score_avg_3m,0.496281,Increases Risk
S2534,Placement,5,numeric__low_attendance_flag,-0.491842,Reduces Risk
S2535,Placement,1,numeric__low_coding_flag,1.487088,Increases Risk
S2535,Placement,2,numeric__placement_aptitude_score_current,-1.1927,Reduces Risk
S2535,Placement,3,numeric__placement_coding_score_avg_3m,1.17154,Increases Risk
S2535,Placement,4,numeric__academic_internal_marks_avg_3m,0.911898,Increases Risk
S2535,Placement,5,numeric__skills_tech_skills_score_avg_3m,-0.88589,Reduces Risk
S2536,Placement,1,numeric__attendance_overall_attendance_current,2.577589,Increases Risk
S2536,Placement,2,numeric__attendance_overall_attendance_avg_3m,-1.82568,Reduces Risk
S2536,Placement,3,numeric__attendance_subject_attendance_avg_3m,-1.280305,Reduces Risk
S2536,Placement,4,numeric__attendance_subject_attendance_current,1.163751,Increases Risk
S2536,Placement,5,numeric__critical_attendance_flag,-0.997756,Reduces Risk
S2537,Placement,1,numeric__engagement_strength,-2.960427,Reduces Risk
S2537,Placement,2,numeric__engagement_hackathons_attended_current,1.813675,Increases Risk
S2537,Placement,3,numeric__placement_mock_interview_score_current,-1.067343,Reduces Risk
S2537,Placement,4,numeric__engagement_events_attended_current,1.019238,Increases Risk
S2537,Placement,5,numeric__attendance_overall_attendance_current,-0.840304,Reduces Risk
S2538,Placement,1,numeric__academic_internal_marks_avg_3m,1.55395,Increases Risk
S2538,Placement,2,numeric__low_coding_flag,1.487088,Increases Risk
S2538,Placement,3,numeric__placement_coding_score_avg_3m,1.397228,Increases Risk
S2538,Placement,4,numeric__placement_aptitude_score_current,-1.078478,Reduces Risk
S2538,Placement,5,numeric__engagement_hackathons_attended_current,-1.050022,Reduces Risk
S2539,Placement,1,numeric__attendance_overall_attendance_current,0.771297,Increases Risk
S2539,Placement,2,numeric__academic_internal_marks_avg_3m,0.681772,Increases Risk
S2539,Placement,3,numeric__attendance_overall_attendance_avg_3m,-0.572965,Reduces Risk
S2539,Placement,4,numeric__academic_cgpa_avg_3m,0.540784,Increases Risk
S2539,Placement,5,numeric__attendance_subject_attendance_current,0.528805,Increases Risk
S2540,Placement,1,numeric__engagement_hackathons_attended_current,1.813675,Increases Risk
S2540,Placement,2,numeric__attendance_overall_attendance_current,-1.554168,Reduces Risk
S2540,Placement,3,numeric__engagement_strength,-1.279427,Reduces Risk
S2540,Placement,4,numeric__attendance_overall_attendance_avg_3m,0.934838,Increases Risk
S2540,Placement,5,numeric__placement_mock_interview_score_current,-0.845359,Reduces Risk
S2541,Placement,1,numeric__attendance_overall_attendance_current,-1.272949,Reduces Risk
S2541,Placement,2,numeric__engagement_hackathons_attended_current,-1.050022,Reduces Risk
S2541,Placement,3,numeric__attendance_overall_attendance_avg_3m,0.657019,Increases Risk
S2541,Placement,4,numeric__placement_mock_interview_score_current,-0.6063,Reduces Risk
S2541,Placement,5,numeric__feedback_faculty_rating_current,0.52793,Increases Risk
S2542,Placement,1,numeric__attendance_overall_attendance_current,2.469428,Increases Risk
S2542,Placement,2,numeric__attendance_overall_attendance_avg_3m,-1.957013,Reduces Risk
S2542,Placement,3,numeric__engagement_strength,-1.652983,Reduces Risk
S2542,Placement,4,numeric__attendance_subject_attendance_avg_3m,-1.382766,Reduces Risk
S2542,Placement,5,numeric__attendance_subject_attendance_current,1.296032,Increases Risk
S2543,Placement,1,numeric__attendance_overall_attendance_current,-2.10579,Reduces Risk
S2543,Placement,2,numeric__attendance_overall_attendance_avg_3m,1.472799,Increases Risk
S2543,Placement,3,numeric__attendance_subject_attendance_avg_3m,1.12358,Increases Risk
S2543,Placement,4,numeric__attendance_subject_attendance_current,-1.069144,Reduces Risk
S2543,Placement,5,numeric__placement_mock_interview_score_current,-0.987657,Reduces Risk
S2544,Placement,1,numeric__attendance_overall_attendance_current,-2.040894,Reduces Risk
S2544,Placement,2,numeric__low_aptitude_flag,-1.905883,Reduces Risk
S2544,Placement,3,numeric__placement_aptitude_score_current,-1.839954,Reduces Risk
S2544,Placement,4,numeric__engagement_strength,1.522238,Increases Risk
S2544,Placement,5,numeric__low_coding_flag,1.487088,Increases Risk
S2545,Placement,1,numeric__attendance_overall_attendance_current,1.355368,Increases Risk
S2545,Placement,2,numeric__attendance_overall_attendance_avg_3m,-1.214477,Reduces Risk
S2545,Placement,3,numeric__feedback_satisfaction_score_current,1.124718,Increases Risk
S2545,Placement,4,numeric__placement_mock_interview_score_current,1.010196,Increases Risk
S2545,Placement,5,numeric__low_lms_flag,0.913609,Increases Risk
S2546,Placement,1,numeric__engagement_hackathons_attended_current,-1.050022,Reduces Risk
S2546,Placement,2,numeric__academic_internal_marks_avg_3m,0.983237,Increases Risk
S2546,Placement,3,numeric__skills_soft_skills_score_std_3m,0.955443,Increases Risk
S2546,Placement,4,numeric__engagement_strength,-0.719094,Reduces Risk
S2546,Placement,5,numeric__engagement_events_attended_current,0.689387,Increases Risk
S2547,Placement,1,numeric__attendance_overall_attendance_current,-2.170687,Reduces Risk
S2547,Placement,2,numeric__attendance_overall_attendance_avg_3m,1.242966,Increases Risk
S2547,Placement,3,numeric__attendance_subject_attendance_avg_3m,0.867428,Increases Risk
S2547,Placement,4,numeric__engagement_hackathons_attended_current,0.859109,Increases Risk
S2547,Placement,5,numeric__attendance_subject_attendance_current,-0.741088,Reduces Risk
S2548,Placement,1,numeric__engagement_hackathons_attended_current,-1.050022,Reduces Risk
S2548,Placement,2,numeric__engagement_certifications_count_current,0.937282,Increases Risk
S2548,Placement,3,numeric__attendance_overall_attendance_avg_3m,0.919685,Increases Risk
S2548,Placement,4,numeric__attendance_overall_attendance_current,-0.829488,Reduces Risk
S2548,Placement,5,numeric__feedback_satisfaction_score_current,-0.687929,Reduces Risk
S2549,Placement,1,numeric__placement_mock_interview_score_avg_3m,-0.808853,Reduces Risk
S2549,Placement,2,numeric__attendance_subject_attendance_avg_3m,0.711767,Increases Risk
S2549,Placement,3,numeric__placement_mock_interview_score_current,-0.668911,Reduces Risk
S2549,Placement,4,numeric__attendance_overall_attendance_current,-0.65643,Reduces Risk
S2549,Placement,5,numeric__placement_aptitude_score_current,0.650072,Increases Risk
S2550,Placement,1,numeric__low_lms_flag,0.913609,Increases Risk
S2550,Placement,2,numeric__academic_internal_marks_avg_3m,-0.873881,Reduces Risk
S2550,Placement,3,numeric__engagement_hackathons_attended_current,0.859109,Increases Risk
S2550,Placement,4,numeric__placement_aptitude_score_current,0.764293,Increases Risk
S2550,Placement,5,numeric__feedback_satisfaction_score_current,0.744647,Increases Risk
S2551,Placement,1,numeric__attendance_overall_attendance_current,1.030884,Increases Risk
S2551,Placement,2,numeric__engagement_hackathons_attended_current,0.859109,Increases Risk
S2551,Placement,3,numeric__academic_internal_marks_avg_3m,-0.728902,Reduces Risk
S2551,Placement,4,numeric__placement_mock_interview_score_current,-0.703062,Reduces Risk
S2551,Placement,5,numeric__placement_aptitude_score_current,0.634843,Increases Risk
S2552,Placement,1,numeric__engagement_strength,-2.586872,Reduces Risk
S2552,Placement,2,numeric__engagement_events_attended_current,1.019238,Increases Risk
S2552,Placement,3,numeric__engagement_certifications_count_current,0.937282,Increases Risk
S2552,Placement,4,numeric__attendance_overall_attendance_current,-0.872753,Reduces Risk
S2552,Placement,5,numeric__placement_coding_score_slope_3m,0.791206,Increases Risk
S2553,Placement,1,numeric__low_coding_flag,1.487088,Increases Risk
S2553,Placement,2,numeric__feedback_faculty_rating_current,0.867929,Increases Risk
S2553,Placement,3,numeric__placement_aptitude_score_missing,-0.83073,Reduces Risk
S2553,Placement,4,numeric__engagement_strength,0.775128,Increases Risk
S2553,Placement,5,numeric__placement_coding_score_avg_3m,0.760354,Increases Risk
S2554,Placement,1,numeric__attendance_overall_attendance_current,1.463529,Increases Risk
S2554,Placement,2,numeric__attendance_overall_attendance_avg_3m,-1.194272,Reduces Risk
S2554,Placement,3,numeric__academic_internal_marks_avg_3m,-1.189154,Reduces Risk
S2554,Placement,4,numeric__attendance_subject_attendance_avg_3m,-0.961101,Reduces Risk
S2554,Placement,5,numeric__low_lms_flag,0.913609,Increases Risk
S2555,Placement,1,numeric__engagement_strength,-1.466205,Reduces Risk
S2555,Placement,2,numeric__attendance_overall_attendance_current,-1.251317,Reduces Risk
S2555,Placement,3,numeric__attendance_overall_attendance_avg_3m,0.967672,Increases Risk
S2555,Placement,4,numeric__placement_mock_interview_score_current,-0.964889,Reduces Risk
S2555,Placement,5,numeric__engagement_certifications_count_current,0.937282,Increases Risk
S2556,Placement,1,numeric__engagement_hackathons_attended_current,-1.050022,Reduces Risk
S2556,Placement,2,numeric__engagement_events_attended_current,0.689387,Increases Risk
S2556,Placement,3,numeric__feedback_satisfaction_score_slope_3m,0.666747,Increases Risk
S2556,Placement,4,numeric__placement_coding_score_avg_3m,0.587223,Increases Risk
S2556,Placement,5,numeric__attendance_overall_attendance_current,-0.548269,Reduces Risk
S2557,Placement,1,numeric__academic_cgpa_missing,-1.51499,Reduces Risk
S2557,Placement,2,numeric__engagement_certifications_count_current,1.482213,Increases Risk
S2557,Placement,3,numeric__engagement_strength,-1.466205,Reduces Risk
S2557,Placement,4,numeric__placement_mock_interview_score_current,0.913434,Increases Risk
S2557,Placement,5,numeric__attendance_overall_attendance_current,0.728033,Increases Risk
S2558,Placement,1,numeric__engagement_hackathons_attended_current,0.859109,Increases Risk
S2558,Placement,2,numeric__attendance_overall_attendance_current,-0.569901,Reduces Risk
S2558,Placement,3,numeric__engagement_strength,-0.532317,Reduces Risk
S2558,Placement,4,numeric__attendance_overall_attendance_avg_3m,0.520634,Increases Risk
S2558,Placement,5,numeric__attendance_subject_attendance_avg_3m,0.47926,Increases Risk
S2559,Placement,1,numeric__attendance_overall_attendance_current,1.582506,Increases Risk
S2559,Placement,2,numeric__low_lms_flag,0.913609,Increases Risk
S2559,Placement,3,numeric__attendance_overall_attendance_avg_3m,-0.883619,Reduces Risk
S2559,Placement,4,numeric__placement_aptitude_score_current,0.749064,Increases Risk
S2559,Placement,5,numeric__attendance_subject_attendance_avg_3m,-0.70889,Reduces Risk
S2560,Placement,1,numeric__engagement_strength,-1.652983,Reduces Risk
S2560,Placement,2,numeric__engagement_hackathons_attended_current,0.859109,Increases Risk
S2560,Placement,3,numeric__feedback_satisfaction_score_slope_3m,-0.684178,Reduces Risk
S2560,Placement,4,numeric__engagement_certifications_count_current,0.39235,Increases Risk
S2560,Placement,5,numeric__academic_warning_score,0.372987,Increases Risk
S2561,Placement,1,numeric__engagement_hackathons_attended_current,-1.050022,Reduces Risk
S2561,Placement,2,numeric__placement_mock_interview_score_current,1.015888,Increases Risk
S2561,Placement,3,numeric__feedback_satisfaction_score_slope_3m,0.823629,Increases Risk
S2561,Placement,4,numeric__placement_mock_interview_score_avg_3m,0.635642,Increases Risk
S2561,Placement,5,numeric__skills_soft_skills_score_current,-0.53201,Reduces Risk
S2562,Placement,1,numeric__skills_soft_skills_score_std_3m,1.421848,Increases Risk
S2562,Placement,2,numeric__placement_mock_interview_score_current,-1.357629,Reduces Risk
S2562,Placement,3,numeric__feedback_satisfaction_score_slope_3m,-0.884638,Reduces Risk
S2562,Placement,4,numeric__placement_mock_interview_score_avg_3m,-0.866569,Reduces Risk
S2562,Placement,5,numeric__skills_soft_skills_score_current,0.813012,Increases Risk
S2563,Placement,1,numeric__engagement_hackathons_attended_current,0.859109,Increases Risk
S2563,Placement,2,numeric__skills_soft_skills_score_std_3m,-0.644921,Reduces Risk
S2563,Placement,3,numeric__engagement_strength,-0.532317,Reduces Risk
S2563,Placement,4,numeric__academic_internal_marks_avg_3m,-0.519487,Reduces Risk
S2563,Placement,5,numeric__engagement_club_participations_slope_3m,-0.500186,Reduces Risk
S2564,Placement,1,numeric__attendance_overall_attendance_current,-1.781307,Reduces Risk
S2564,Placement,2,numeric__engagement_strength,-1.652983,Reduces Risk
S2564,Placement,3,numeric__attendance_overall_attendance_avg_3m,0.960095,Increases Risk
S2564,Placement,4,numeric__engagement_hackathons_attended_current,0.859109,Increases Risk
S2564,Placement,5,numeric__attendance_subject_attendance_avg_3m,0.786642,Increases Risk
S2565,Placement,1,numeric__engagement_strength,-1.09265,Reduces Risk
S2565,Placement,2,numeric__attendance_overall_attendance_current,-0.970098,Reduces Risk
S2565,Placement,3,numeric__engagement_hackathons_attended_current,0.859109,Increases Risk
S2565,Placement,4,numeric__attendance_overall_attendance_avg_3m,0.630499,Increases Risk
S2565,Placement,5,numeric__attendance_subject_attendance_current,-0.582352,Reduces Risk
S2566,Placement,1,numeric__attendance_overall_attendance_current,-1.781307,Reduces Risk
S2566,Placement,2,numeric__attendance_overall_attendance_avg_3m,1.073748,Increases Risk
S2566,Placement,3,numeric__placement_mock_interview_score_current,-0.942121,Reduces Risk
S2566,Placement,4,numeric__placement_aptitude_score_current,0.924203,Increases Risk
S2566,Placement,5,numeric__attendance_subject_attendance_current,-0.751671,Reduces Risk
S2567,Placement,1,numeric__attendance_overall_attendance_current,-1.424375,Reduces Risk
S2567,Placement,2,numeric__attendance_overall_attendance_avg_3m,1.063646,Increases Risk
S2567,Placement,3,numeric__placement_mock_interview_score_current,-0.993348,Reduces Risk
S2567,Placement,4,numeric__attendance_subject_attendance_current,-0.958029,Reduces Risk
S2567,Placement,5,numeric__attendance_subject_attendance_avg_3m,0.942303,Increases Risk
S2568,Placement,1,numeric__placement_mock_interview_score_current,-1.175489,Reduces Risk
S2568,Placement,2,numeric__attendance_overall_attendance_current,-0.959282,Reduces Risk
S2568,Placement,3,numeric__attendance_subject_attendance_current,-0.915699,Reduces Risk
S2568,Placement,4,numeric__engagement_strength,-0.905872,Reduces Risk
S2568,Placement,5,numeric__placement_mock_interview_score_avg_3m,-0.805647,Reduces Risk
S2569,Placement,1,numeric__engagement_strength,0.775128,Increases Risk
S2569,Placement,2,numeric__engagement_events_attended_current,-0.630014,Reduces Risk
S2569,Placement,3,numeric__placement_mock_interview_score_current,0.503618,Increases Risk
S2569,Placement,4,numeric__engagement_club_participations_current,0.424228,Increases Risk
S2569,Placement,5,numeric__feedback_faculty_rating_current,-0.394925,Reduces Risk
S2570,Placement,1,numeric__engagement_strength,-1.09265,Reduces Risk
S2570,Placement,2,numeric__placement_aptitude_score_current,0.901359,Increases Risk
S2570,Placement,3,numeric__engagement_hackathons_attended_current,0.859109,Increases Risk
S2570,Placement,4,numeric__skills_soft_skills_score_std_3m,0.84495,Increases Risk
S2570,Placement,5,numeric__academic_internal_marks_avg_3m,-0.611537,Reduces Risk
S2571,Placement,1,numeric__placement_aptitude_score_current,-1.596282,Reduces Risk
S2571,Placement,2,numeric__placement_mock_interview_score_current,1.56231,Increases Risk
S2571,Placement,3,numeric__feedback_faculty_rating_current,1.143166,Increases Risk
S2571,Placement,4,numeric__placement_mock_interview_score_avg_3m,1.116606,Increases Risk
S2571,Placement,5,numeric__skills_soft_skills_score_current,-0.91577,Reduces Risk
S2572,Placement,1,numeric__placement_aptitude_score_current,-1.215544,Reduces Risk
S2572,Placement,2,numeric__placement_coding_score_avg_3m,1.214822,Increases Risk
S2572,Placement,3,numeric__academic_internal_marks_avg_3m,0.916501,Increases Risk
S2572,Placement,4,numeric__skills_tech_skills_score_avg_3m,-0.896959,Reduces Risk
S2572,Placement,5,numeric__feedback_faculty_rating_current,0.722215,Increases Risk
S2573,Placement,1,numeric__engagement_strength,0.775128,Increases Risk
S2573,Placement,2,numeric__placement_aptitude_score_slope_3m,0.768459,Increases Risk
S2573,Placement,3,numeric__placement_aptitude_score_current,-0.613978,Reduces Risk
S2573,Placement,4,numeric__placement_mock_interview_score_std_3m,-0.529252,Reduces Risk
S2573,Placement,5,numeric__skills_soft_skills_score_std_3m,0.474345,Increases Risk
S2574,Placement,1,numeric__engagement_hackathons_attended_current,-1.050022,Reduces Risk
S2574,Placement,2,numeric__engagement_certifications_count_current,0.937282,Increases Risk
S2574,Placement,3,numeric__placement_coding_score_avg_3m,0.854648,Increases Risk
S2574,Placement,4,numeric__placement_aptitude_score_current,-0.705355,Reduces Risk
S2574,Placement,5,numeric__feedback_satisfaction_score_current,-0.549057,Reduces Risk
S2575,Placement,1,numeric__skills_soft_skills_score_std_3m,0.85139,Increases Risk
S2575,Placement,2,numeric__placement_aptitude_score_current,-0.827191,Reduces Risk
S2575,Placement,3,numeric__placement_coding_score_slope_3m,0.602805,Increases Risk
S2575,Placement,4,numeric__academic_internal_marks_avg_3m,0.511479,Increases Risk
S2575,Placement,5,numeric__placement_mock_interview_score_avg_3m,0.500972,Increases Risk
S2576,Placement,1,numeric__attendance_overall_attendance_current,-1.294581,Reduces Risk
S2576,Placement,2,numeric__placement_mock_interview_score_current,-0.930738,Reduces Risk
S2576,Placement,3,numeric__engagement_strength,-0.905872,Reduces Risk
S2576,Placement,4,numeric__attendance_subject_attendance_current,-0.751671,Reduces Risk
S2576,Placement,5,numeric__attendance_subject_attendance_avg_3m,0.707826,Increases Risk
S2577,Placement,1,numeric__engagement_strength,-1.466205,Reduces Risk
S2577,Placement,2,numeric__attendance_overall_attendance_current,-1.446007,Reduces Risk
S2577,Placement,3,numeric__placement_mock_interview_score_current,-1.038884,Reduces Risk
S2577,Placement,4,numeric__engagement_events_attended_current,1.019238,Increases Risk
S2577,Placement,5,numeric__attendance_overall_attendance_avg_3m,1.010607,Increases Risk
S2578,Placement,1,numeric__engagement_strength,1.522238,Increases Risk
S2578,Placement,2,numeric__placement_aptitude_score_current,-1.246003,Reduces Risk
S2578,Placement,3,numeric__engagement_hackathons_attended_current,-1.050022,Reduces Risk
S2578,Placement,4,numeric__academic_internal_marks_avg_3m,0.909597,Increases Risk
S2578,Placement,5,numeric__engagement_certifications_count_current,-0.697512,Reduces Risk
S2579,Placement,1,numeric__placement_coding_score_avg_3m,1.3524,Increases Risk
S2579,Placement,2,numeric__attendance_overall_attendance_current,-1.056627,Reduces Risk
S2579,Placement,3,numeric__skills_tech_skills_score_avg_3m,-1.027013,Reduces Risk
S2579,Placement,4,numeric__placement_aptitude_score_current,-1.009946,Reduces Risk
S2579,Placement,5,numeric__academic_internal_marks_avg_3m,0.803739,Increases Risk
S2580,Placement,1,numeric__attendance_overall_attendance_current,1.193126,Increases Risk
S2580,Placement,2,numeric__placement_aptitude_score_current,1.007966,Increases Risk
S2580,Placement,3,numeric__engagement_certifications_count_current,0.937282,Increases Risk
S2580,Placement,4,numeric__attendance_overall_attendance_std_3m,-0.90924,Reduces Risk
S2580,Placement,5,numeric__attendance_overall_attendance_avg_3m,-0.656311,Reduces Risk
S2581,Placement,1,numeric__engagement_hackathons_attended_current,1.813675,Increases Risk
S2581,Placement,2,numeric__engagement_strength,-1.279427,Reduces Risk
S2581,Placement,3,numeric__placement_mock_interview_score_current,-1.192565,Reduces Risk
S2581,Placement,4,numeric__placement_aptitude_score_current,0.924203,Increases Risk
S2581,Placement,5,numeric__placement_coding_score_avg_3m,-0.705076,Reduces Risk
S2582,Placement,1,numeric__engagement_strength,1.522238,Increases Risk
S2582,Placement,2,numeric__engagement_hackathons_attended_current,-1.050022,Reduces Risk
S2582,Placement,3,numeric__placement_mock_interview_score_current,0.981737,Increases Risk
S2582,Placement,4,numeric__placement_aptitude_score_current,-0.933798,Reduces Risk
S2582,Placement,5,numeric__skills_soft_skills_score_current,-0.647511,Reduces Risk
S2583,Placement,1,numeric__academic_internal_marks_avg_3m,0.585119,Increases Risk
S2583,Placement,2,numeric__placement_mock_interview_score_avg_3m,-0.525084,Reduces Risk
S2583,Placement,3,numeric__placement_mock_interview_score_current,-0.475387,Reduces Risk
S2583,Placement,4,numeric__skills_soft_skills_score_current,0.39572,Increases Risk
S2583,Placement,5,numeric__engagement_club_participations_std_3m,0.376034,Increases Risk
S2584,Placement,1,numeric__engagement_hackathons_attended_current,1.813675,Increases Risk
S2584,Placement,2,numeric__placement_aptitude_score_current,-0.751044,Reduces Risk
S2584,Placement,3,numeric__engagement_strength,-0.719094,Reduces Risk
S2584,Placement,4,numeric__placement_mock_interview_score_current,0.691451,Increases Risk
S2584,Placement,5,numeric__placement_coding_score_avg_3m,0.652147,Increases Risk
S2585,Placement,1,numeric__attendance_overall_attendance_current,-1.424375,Reduces Risk
S2585,Placement,2,numeric__placement_mock_interview_score_current,-1.42024,Reduces Risk
S2585,Placement,3,numeric__placement_mock_interview_score_avg_3m,-0.980397,Reduces Risk
S2585,Placement,4,numeric__attendance_overall_attendance_avg_3m,0.891903,Increases Risk
S2585,Placement,5,numeric__academic_subject_score_avg_slope_3m,-0.827665,Reduces Risk
S2586,Placement,1,numeric__academic_internal_marks_avg_3m,-1.048777,Reduces Risk
S2586,Placement,2,numeric__placement_aptitude_score_current,0.916589,Increases Risk
S2586,Placement,3,numeric__engagement_strength,0.775128,Increases Risk
S2586,Placement,4,numeric__academic_cgpa_avg_3m,-0.637382,Reduces Risk
S2586,Placement,5,numeric__academic_cgpa_current,-0.611433,Reduces Risk
S2587,Placement,1,numeric__attendance_overall_attendance_current,1.409449,Increases Risk
S2587,Placement,2,numeric__attendance_overall_attendance_avg_3m,-1.209425,Reduces Risk
S2587,Placement,3,numeric__attendance_subject_attendance_avg_3m,-1.000509,Reduces Risk
S2587,Placement,4,numeric__placement_aptitude_score_current,-0.926183,Reduces Risk
S2587,Placement,5,numeric__placement_mock_interview_score_current,0.884975,Increases Risk
S2588,Placement,1,numeric__attendance_overall_attendance_current,-1.889468,Reduces Risk
S2588,Placement,2,numeric__attendance_overall_attendance_avg_3m,1.407132,Increases Risk
S2588,Placement,3,numeric__placement_mock_interview_score_current,-1.215332,Reduces Risk
S2588,Placement,4,numeric__attendance_subject_attendance_current,-1.069144,Reduces Risk
S2588,Placement,5,numeric__attendance_subject_attendance_avg_3m,1.001415,Increases Risk
S2589,Placement,1,numeric__engagement_strength,-2.026538,Reduces Risk
S2589,Placement,2,numeric__skills_soft_skills_score_std_3m,0.98611,Increases Risk
S2589,Placement,3,numeric__engagement_certifications_count_current,0.937282,Increases Risk
S2589,Placement,4,numeric__academic_internal_marks_avg_3m,0.78763,Increases Risk
S2589,Placement,5,numeric__attendance_overall_attendance_current,-0.742959,Reduces Risk
S2590,Placement,1,numeric__attendance_overall_attendance_current,-1.5758,Reduces Risk
S2590,Placement,2,numeric__attendance_overall_attendance_avg_3m,0.960095,Increases Risk
S2590,Placement,3,numeric__placement_mock_interview_score_current,-0.765673,Reduces Risk
S2590,Placement,4,numeric__skills_soft_skills_score_current,0.742221,Increases Risk
S2590,Placement,5,numeric__placement_mock_interview_score_avg_3m,-0.661358,Reduces Risk
S2591,Placement,1,numeric__engagement_strength,1.522238,Increases Risk
S2591,Placement,2,numeric__engagement_hackathons_attended_current,-1.050022,Reduces Risk
S2591,Placement,3,numeric__engagement_events_attended_current,-0.630014,Reduces Risk
S2591,Placement,4,numeric__placement_mock_interview_score_avg_3m,0.536243,Increases Risk
S2591,Placement,5,numeric__placement_coding_score_slope_3m,0.433629,Increases Risk
S2592,Placement,1,numeric__attendance_overall_attendance_current,-1.813755,Reduces Risk
S2592,Placement,2,numeric__attendance_overall_attendance_avg_3m,1.187402,Increases Risk
S2592,Placement,3,numeric__attendance_subject_attendance_current,-1.069144,Reduces Risk
S2592,Placement,4,numeric__attendance_subject_attendance_avg_3m,0.997474,Increases Risk
S2592,Placement,5,numeric__feedback_satisfaction_score_current,-0.775638,Reduces Risk
S2593,Placement,1,numeric__engagement_strength,-2.400094,Reduces Risk
S2593,Placement,2,numeric__engagement_hackathons_attended_current,1.813675,Increases Risk
S2593,Placement,3,numeric__attendance_overall_attendance_current,-1.359478,Reduces Risk
S2593,Placement,4,numeric__attendance_overall_attendance_avg_3m,1.15962,Increases Risk
S2593,Placement,5,numeric__attendance_subject_attendance_avg_3m,0.936392,Increases Risk
S2594,Placement,1,numeric__placement_mock_interview_score_current,-1.243792,Reduces Risk
S2594,Placement,2,numeric__attendance_overall_attendance_current,1.236391,Increases Risk
S2594,Placement,3,numeric__engagement_strength,-1.09265,Reduces Risk
S2594,Placement,4,numeric__engagement_hackathons_attended_current,0.859109,Increases Risk
S2594,Placement,5,numeric__placement_mock_interview_score_avg_3m,-0.778392,Reduces Risk
S2595,Placement,1,numeric__engagement_strength,-1.466205,Reduces Risk
S2595,Placement,2,numeric__placement_mock_interview_score_current,-1.340554,Reduces Risk
S2595,Placement,3,numeric__engagement_events_attended_current,1.019238,Increases Risk
S2595,Placement,4,numeric__attendance_overall_attendance_std_3m,-0.952586,Reduces Risk
S2595,Placement,5,numeric__placement_mock_interview_score_avg_3m,-0.84733,Reduces Risk
S2596,Placement,1,numeric__attendance_overall_attendance_current,3.248189,Increases Risk
S2596,Placement,2,numeric__attendance_overall_attendance_avg_3m,-2.286609,Reduces Risk
S2596,Placement,3,numeric__attendance_subject_attendance_avg_3m,-1.794579,Reduces Risk
S2596,Placement,4,numeric__attendance_subject_attendance_current,1.290741,Increases Risk
S2596,Placement,5,numeric__feedback_satisfaction_score_current,1.015082,Increases Risk
S2597,Placement,1,numeric__attendance_overall_attendance_current,-0.872753,Reduces Risk
S2597,Placement,2,numeric__academic_internal_marks_avg_3m,-0.864676,Reduces Risk
S2597,Placement,3,numeric__placement_aptitude_score_missing,-0.83073,Reduces Risk
S2597,Placement,4,numeric__placement_coding_score_avg_3m,-0.667976,Reduces Risk
S2597,Placement,5,numeric__academic_cgpa_avg_3m,-0.600653,Reduces Risk
S2598,Placement,1,numeric__engagement_strength,2.082572,Increases Risk
S2598,Placement,2,numeric__engagement_hackathons_attended_current,-1.050022,Reduces Risk
S2598,Placement,3,numeric__attendance_overall_attendance_avg_3m,-0.840683,Reduces Risk
S2598,Placement,4,numeric__placement_mock_interview_score_current,0.759753,Increases Risk
S2598,Placement,5,numeric__attendance_overall_attendance_current,0.728033,Increases Risk
S2599,Placement,1,numeric__attendance_overall_attendance_current,1.18231,Increases Risk
S2599,Placement,2,numeric__low_lms_flag,0.913609,Increases Risk
S2599,Placement,3,numeric__attendance_subject_attendance_current,0.713997,Increases Risk
S2599,Placement,4,numeric__academic_warning_score,-0.635087,Reduces Risk
S2599,Placement,5,numeric__lms_logins_per_week_avg_3m,-0.571674,Reduces Risk
S2600,Placement,1,numeric__attendance_overall_attendance_current,-1.554168,Reduces Risk
S2600,Placement,2,numeric__attendance_overall_attendance_avg_3m,1.215184,Increases Risk
S2600,Placement,3,numeric__engagement_strength,-1.09265,Reduces Risk
S2600,Placement,4,numeric__engagement_hackathons_attended_current,0.859109,Increases Risk
S2600,Placement,5,numeric__attendance_subject_attendance_avg_3m,0.831961,Increases Risk
S2601,Placement,1,numeric__engagement_hackathons_attended_current,0.859109,Increases Risk
S2601,Placement,2,numeric__attendance_overall_attendance_current,0.587423,Increases Risk
S2601,Placement,3,numeric__academic_internal_marks_avg_3m,-0.551705,Reduces Risk
S2601,Placement,4,numeric__low_attendance_flag,-0.491842,Reduces Risk
S2601,Placement,5,numeric__attendance_overall_attendance_avg_3m,-0.48962,Reduces Risk
S2602,Placement,1,numeric__placement_aptitude_score_current,1.053654,Increases Risk
S2602,Placement,2,numeric__low_lms_flag,0.913609,Increases Risk
S2602,Placement,3,numeric__engagement_strength,-0.905872,Reduces Risk
S2602,Placement,4,numeric__placement_mock_interview_score_avg_3m,-0.739915,Reduces Risk
S2602,Placement,5,numeric__engagement_events_attended_current,0.689387,Increases Risk
S2603,Placement,1,numeric__engagement_events_attended_current,1.349088,Increases Risk
S2603,Placement,2,numeric__engagement_strength,-1.279427,Reduces Risk
S2603,Placement,3,numeric__engagement_hackathons_attended_current,-1.050022,Reduces Risk
S2603,Placement,4,numeric__academic_internal_marks_avg_3m,0.967128,Increases Risk
S2603,Placement,5,numeric__placement_aptitude_score_current,-0.804347,Reduces Risk
S2604,Placement,1,numeric__engagement_hackathons_attended_current,0.859109,Increases Risk
S2604,Placement,2,numeric__placement_aptitude_score_current,0.848056,Increases Risk
S2604,Placement,3,numeric__academic_internal_marks_avg_3m,-0.846266,Reduces Risk
S2604,Placement,4,numeric__placement_mock_interview_score_current,-0.737213,Reduces Risk
S2604,Placement,5,numeric__skills_soft_skills_score_std_3m,0.656691,Increases Risk
S2605,Placement,1,numeric__engagement_strength,-1.09265,Reduces Risk
S2605,Placement,2,numeric__attendance_subject_attendance_current,-0.910408,Reduces Risk
S2605,Placement,3,numeric__engagement_hackathons_attended_current,0.859109,Increases Risk
S2605,Placement,4,numeric__attendance_overall_attendance_current,-0.699695,Reduces Risk
S2605,Placement,5,numeric__lms_logins_per_week_slope_3m,0.59712,Increases Risk
S2606,Placement,1,numeric__engagement_strength,-2.026538,Reduces Risk
S2606,Placement,2,numeric__engagement_events_attended_current,1.019238,Increases Risk
S2606,Placement,3,numeric__attendance_overall_attendance_std_3m,-0.871735,Reduces Risk
S2606,Placement,4,numeric__placement_mock_interview_score_current,-0.72583,Reduces Risk
S2606,Placement,5,numeric__skills_soft_skills_score_std_3m,0.714404,Increases Risk
S2607,Placement,1,numeric__placement_mock_interview_score_avg_3m,-0.744725,Reduces Risk
S2607,Placement,2,numeric__placement_mock_interview_score_current,-0.69737,Reduces Risk
S2607,Placement,3,numeric__placement_coding_score_slope_3m,-0.562203,Reduces Risk
S2607,Placement,4,numeric__engagement_club_participations_current,-0.547287,Reduces Risk
S2607,Placement,5,numeric__feedback_satisfaction_score_current,-0.44673,Reduces Risk
S2608,Placement,1,numeric__engagement_strength,-2.213316,Reduces Risk
S2608,Placement,2,numeric__attendance_overall_attendance_current,-1.143156,Reduces Risk
S2608,Placement,3,numeric__placement_mock_interview_score_current,-1.078727,Reduces Risk
S2608,Placement,4,numeric__placement_mock_interview_score_avg_3m,-0.905046,Reduces Risk
S2608,Placement,5,numeric__engagement_hackathons_attended_current,0.859109,Increases Risk
S2609,Placement,1,numeric__placement_aptitude_score_current,-0.682511,Reduces Risk
S2609,Placement,2,numeric__placement_coding_score_slope_3m,0.510527,Increases Risk
S2609,Placement,3,numeric__feedback_satisfaction_score_slope_3m,0.50115,Increases Risk
S2609,Placement,4,numeric__lms_logins_per_week_avg_3m,0.479123,Increases Risk
S2609,Placement,5,numeric__placement_coding_score_avg_3m,0.369263,Increases Risk
S2610,Placement,1,numeric__attendance_overall_attendance_current,-1.986813,Reduces Risk
S2610,Placement,2,numeric__attendance_overall_attendance_avg_3m,1.11921,Increases Risk
S2610,Placement,3,numeric__attendance_subject_attendance_avg_3m,1.097965,Increases Risk
S2610,Placement,4,numeric__engagement_strength,-1.09265,Reduces Risk
S2610,Placement,5,numeric__attendance_subject_attendance_current,-1.021523,Reduces Risk
S2611,Placement,1,numeric__attendance_overall_attendance_current,-2.062526,Reduces Risk
S2611,Placement,2,numeric__attendance_overall_attendance_avg_3m,1.442491,Increases Risk
S2611,Placement,3,numeric__attendance_subject_attendance_current,-1.053271,Reduces Risk
S2611,Placement,4,numeric__engagement_hackathons_attended_current,-1.050022,Reduces Risk
S2611,Placement,5,numeric__attendance_subject_attendance_avg_3m,1.034912,Increases Risk
S2612,Placement,1,numeric__lms_logins_per_week_slope_3m,0.746962,Increases Risk
S2612,Placement,2,numeric__skills_soft_skills_score_std_3m,-0.49639,Reduces Risk
S2612,Placement,3,numeric__feedback_satisfaction_score_slope_3m,-0.492434,Reduces Risk
S2612,Placement,4,numeric__placement_coding_score_slope_3m,-0.462235,Reduces Risk
S2612,Placement,5,numeric__feedback_satisfaction_score_current,0.452285,Increases Risk
S2613,Placement,1,numeric__attendance_overall_attendance_current,-1.056627,Reduces Risk
S2613,Placement,2,numeric__engagement_strength,0.775128,Increases Risk
S2613,Placement,3,numeric__placement_mock_interview_score_current,0.742678,Increases Risk
S2613,Placement,4,numeric__placement_aptitude_score_current,-0.71297,Reduces Risk
S2613,Placement,5,numeric__placement_coding_score_avg_3m,0.670697,Increases Risk
S2614,Placement,1,numeric__attendance_overall_attendance_current,3.259005,Increases Risk
S2614,Placement,2,numeric__attendance_overall_attendance_avg_3m,-2.189372,Reduces Risk
S2614,Placement,3,numeric__attendance_subject_attendance_avg_3m,-1.75123,Reduces Risk
S2614,Placement,4,numeric__attendance_subject_attendance_current,1.396565,Increases Risk
S2614,Placement,5,numeric__engagement_strength,1.335461,Increases Risk
S2615,Placement,1,numeric__placement_coding_score_avg_3m,-0.788549,Reduces Risk
S2615,Placement,2,numeric__placement_aptitude_score_current,0.787138,Increases Risk
S2615,Placement,3,numeric__skills_tech_skills_score_avg_3m,0.723184,Increases Risk
S2615,Placement,4,numeric__academic_internal_marks_avg_3m,-0.620742,Reduces Risk
S2615,Placement,5,numeric__feedback_faculty_rating_current,-0.532544,Reduces Risk
S2616,Placement,1,numeric__attendance_overall_attendance_current,1.258023,Increases Risk
S2616,Placement,2,numeric__attendance_overall_attendance_avg_3m,-0.934131,Reduces Risk
S2616,Placement,3,numeric__attendance_subject_attendance_avg_3m,-0.90593,Reduces Risk
S2616,Placement,4,numeric__engagement_hackathons_attended_current,0.859109,Increases Risk
S2616,Placement,5,numeric__attendance_subject_attendance_current,0.803948,Increases Risk
S2617,Placement,1,numeric__attendance_overall_attendance_current,1.90699,Increases Risk
S2617,Placement,2,numeric__critical_attendance_flag,-0.997756,Reduces Risk
S2617,Placement,3,numeric__attendance_overall_attendance_avg_3m,-0.916452,Reduces Risk
S2617,Placement,4,numeric__low_lms_flag,0.913609,Increases Risk
S2617,Placement,5,numeric__academic_warning_score,-0.794256,Reduces Risk
S2618,Placement,1,numeric__engagement_strength,-0.905872,Reduces Risk
S2618,Placement,2,numeric__academic_subject_score_avg_slope_3m,0.519067,Increases Risk
S2618,Placement,3,numeric__academic_internal_marks_slope_3m,-0.48295,Reduces Risk
S2618,Placement,4,numeric__placement_coding_score_slope_3m,-0.396872,Reduces Risk
S2618,Placement,5,numeric__engagement_certifications_count_current,0.39235,Increases Risk
S2619,Placement,1,numeric__attendance_overall_attendance_current,-1.467639,Reduces Risk
S2619,Placement,2,numeric__attendance_overall_attendance_avg_3m,0.985351,Increases Risk
S2619,Placement,3,numeric__attendance_subject_attendance_avg_3m,0.932451,Increases Risk
S2619,Placement,4,numeric__engagement_hackathons_attended_current,0.859109,Increases Risk
S2619,Placement,5,numeric__attendance_subject_attendance_current,-0.778127,Reduces Risk
S2620,Placement,1,numeric__engagement_hackathons_attended_current,1.813675,Increases Risk
S2620,Placement,2,numeric__low_lms_flag,0.913609,Increases Risk
S2620,Placement,3,numeric__placement_coding_score_avg_3m,-0.660247,Reduces Risk
S2620,Placement,4,numeric__engagement_events_attended_current,-0.630014,Reduces Risk
S2620,Placement,5,numeric__academic_internal_marks_avg_3m,-0.588525,Reduces Risk
S2621,Placement,1,numeric__engagement_club_participations_current,-0.547287,Reduces Risk
S2621,Placement,2,numeric__skills_tech_skills_score_avg_3m,0.519802,Increases Risk
S2621,Placement,3,numeric__placement_mock_interview_score_current,-0.51523,Reduces Risk
S2621,Placement,4,numeric__skills_soft_skills_score_std_3m,-0.503659,Reduces Risk
S2621,Placement,5,numeric__placement_coding_score_avg_3m,-0.47475,Reduces Risk
S2622,Placement,1,numeric__attendance_overall_attendance_current,1.928622,Increases Risk
S2622,Placement,2,numeric__attendance_overall_attendance_avg_3m,-1.290246,Reduces Risk
S2622,Placement,3,numeric__critical_attendance_flag,-0.997756,Reduces Risk
S2622,Placement,4,numeric__attendance_subject_attendance_avg_3m,-0.931545,Reduces Risk
S2622,Placement,5,numeric__low_lms_flag,0.913609,Increases Risk
S2623,Placement,1,numeric__attendance_overall_attendance_current,1.528426,Increases Risk
S2623,Placement,2,numeric__attendance_overall_attendance_avg_3m,-1.06799,Reduces Risk
S2623,Placement,3,numeric__attendance_subject_attendance_avg_3m,-0.880315,Reduces Risk
S2623,Placement,4,numeric__placement_coding_score_avg_3m,-0.533491,Reduces Risk
S2623,Placement,5,numeric__attendance_subject_attendance_current,0.523513,Increases Risk
S2624,Placement,1,numeric__academic_internal_marks_avg_3m,-1.097104,Reduces Risk
S2624,Placement,2,numeric__placement_aptitude_score_current,0.962277,Increases Risk
S2624,Placement,3,numeric__engagement_hackathons_attended_current,0.859109,Increases Risk
S2624,Placement,4,numeric__academic_cgpa_avg_3m,-0.667049,Reduces Risk
S2624,Placement,5,numeric__placement_coding_score_slope_3m,0.664324,Increases Risk
S2625,Placement,1,numeric__attendance_overall_attendance_current,1.009252,Increases Risk
S2625,Placement,2,numeric__attendance_subject_attendance_current,0.676959,Increases Risk
S2625,Placement,3,numeric__low_attendance_flag,-0.491842,Reduces Risk
S2625,Placement,4,numeric__attendance_overall_attendance_std_3m,-0.476728,Reduces Risk
S2625,Placement,5,numeric__attendance_overall_attendance_slope_3m,-0.435945,Reduces Risk
S2626,Placement,1,numeric__academic_internal_marks_avg_3m,-1.200661,Reduces Risk
S2626,Placement,2,numeric__placement_aptitude_score_current,0.901359,Increases Risk
S2626,Placement,3,numeric__engagement_hackathons_attended_current,0.859109,Increases Risk
S2626,Placement,4,numeric__engagement_events_attended_current,-0.630014,Reduces Risk
S2626,Placement,5,numeric__academic_cgpa_avg_3m,-0.617605,Reduces Risk
S2627,Placement,1,numeric__engagement_hackathons_attended_current,1.813675,Increases Risk
S2627,Placement,2,numeric__engagement_strength,-1.279427,Reduces Risk
S2627,Placement,3,numeric__attendance_overall_attendance_current,1.225574,Increases Risk
S2627,Placement,4,numeric__attendance_overall_attendance_avg_3m,-0.956862,Reduces Risk
S2627,Placement,5,numeric__attendance_subject_attendance_current,0.872734,Increases Risk
S2628,Placement,1,numeric__attendance_overall_attendance_current,0.879459,Increases Risk
S2628,Placement,2,numeric__attendance_overall_attendance_avg_3m,-0.593171,Reduces Risk
S2628,Placement,3,numeric__low_attendance_flag,-0.491842,Reduces Risk
S2628,Placement,4,numeric__academic_internal_marks_slope_3m,-0.409854,Reduces Risk
S2628,Placement,5,numeric__attendance_overall_attendance_std_3m,0.390628,Increases Risk
S2629,Placement,1,numeric__attendance_overall_attendance_current,3.194108,Increases Risk
S2629,Placement,2,numeric__attendance_overall_attendance_avg_3m,-2.313128,Reduces Risk
S2629,Placement,3,numeric__attendance_subject_attendance_avg_3m,-1.956152,Reduces Risk
S2629,Placement,4,numeric__attendance_subject_attendance_current,1.576466,Increases Risk
S2629,Placement,5,numeric__low_coding_flag,1.487088,Increases Risk
S2630,Placement,1,numeric__placement_mock_interview_score_current,0.890667,Increases Risk
S2630,Placement,2,numeric__placement_aptitude_score_current,-0.842421,Reduces Risk
S2630,Placement,3,numeric__engagement_strength,0.775128,Increases Risk
S2630,Placement,4,numeric__placement_mock_interview_score_avg_3m,0.771915,Increases Risk
S2630,Placement,5,numeric__placement_coding_score_avg_3m,0.698521,Increases Risk
S2631,Placement,1,numeric__academic_internal_marks_avg_3m,-0.885388,Reduces Risk
S2631,Placement,2,numeric__engagement_hackathons_attended_current,0.859109,Increases Risk
S2631,Placement,3,numeric__attendance_overall_attendance_avg_3m,0.766884,Increases Risk
S2631,Placement,4,numeric__placement_aptitude_score_current,0.642457,Increases Risk
S2631,Placement,5,numeric__placement_mock_interview_score_current,-0.566457,Reduces Risk
S2632,Placement,1,numeric__engagement_strength,-1.652983,Reduces Risk
S2632,Placement,2,numeric__engagement_hackathons_attended_current,0.859109,Increases Risk
S2632,Placement,3,numeric__placement_mock_interview_score_current,-0.754289,Reduces Risk
S2632,Placement,4,numeric__skills_soft_skills_score_std_3m,0.553596,Increases Risk
S2632,Placement,5,numeric__placement_mock_interview_score_std_3m,-0.434298,Reduces Risk
S2633,Placement,1,numeric__feedback_satisfaction_score_slope_3m,0.719041,Increases Risk
S2633,Placement,2,numeric__placement_mock_interview_score_std_3m,-0.511594,Reduces Risk
S2633,Placement,3,numeric__skills_soft_skills_score_std_3m,0.420958,Increases Risk
S2633,Placement,4,numeric__academic_internal_marks_avg_3m,-0.369905,Reduces Risk
S2633,Placement,5,numeric__engagement_events_attended_current,0.359537,Increases Risk
S2634,Placement,1,numeric__attendance_overall_attendance_current,1.744748,Increases Risk
S2634,Placement,2,numeric__attendance_subject_attendance_current,1.195499,Increases Risk
S2634,Placement,3,numeric__critical_attendance_flag,-0.997756,Reduces Risk
S2634,Placement,4,numeric__low_lms_flag,0.913609,Increases Risk
S2634,Placement,5,numeric__attendance_overall_attendance_avg_3m,-0.845734,Reduces Risk
S2635,Placement,1,numeric__attendance_overall_attendance_current,1.030884,Increases Risk
S2635,Placement,2,numeric__low_lms_flag,0.913609,Increases Risk
S2635,Placement,3,numeric__attendance_overall_attendance_avg_3m,-0.878567,Reduces Risk
S2635,Placement,4,numeric__engagement_hackathons_attended_current,0.859109,Increases Risk
S2635,Placement,5,numeric__placement_aptitude_score_slope_3m,-0.832497,Reduces Risk
S2636,Placement,1,numeric__placement_aptitude_score_current,1.259253,Increases Risk
S2636,Placement,2,numeric__academic_internal_marks_avg_3m,-0.919907,Reduces Risk
S2636,Placement,3,numeric__skills_soft_skills_score_std_3m,-0.719707,Reduces Risk
S2636,Placement,4,numeric__placement_mock_interview_score_avg_3m,-0.606848,Reduces Risk
S2636,Placement,5,numeric__academic_cgpa_avg_3m,-0.567455,Reduces Risk
S2637,Placement,1,numeric__engagement_strength,0.775128,Increases Risk
S2637,Placement,2,numeric__attendance_overall_attendance_current,-0.634798,Reduces Risk
S2637,Placement,3,numeric__academic_subject_score_avg_slope_3m,0.507937,Increases Risk
S2637,Placement,4,numeric__academic_internal_marks_slope_3m,-0.478651,Reduces Risk
S2637,Placement,5,numeric__attendance_overall_attendance_avg_3m,0.44234,Increases Risk
S2638,Placement,1,numeric__attendance_overall_attendance_current,1.971887,Increases Risk
S2638,Placement,2,numeric__engagement_strength,-1.839761,Reduces Risk
S2638,Placement,3,numeric__engagement_hackathons_attended_current,1.813675,Increases Risk
S2638,Placement,4,numeric__attendance_overall_attendance_avg_3m,-1.489771,Reduces Risk
S2638,Placement,5,numeric__attendance_subject_attendance_avg_3m,-1.175874,Reduces Risk
S2639,Placement,1,numeric__placement_mock_interview_score_current,0.902051,Increases Risk
S2639,Placement,2,numeric__skills_soft_skills_score_std_3m,0.765024,Increases Risk
S2639,Placement,3,numeric__placement_mock_interview_score_avg_3m,0.698167,Increases Risk
S2639,Placement,4,numeric__feedback_faculty_rating_current,0.54412,Increases Risk
S2639,Placement,5,numeric__placement_coding_score_avg_3m,0.542394,Increases Risk
S2640,Placement,1,numeric__engagement_strength,-0.905872,Reduces Risk
S2640,Placement,2,numeric__placement_aptitude_score_current,0.848056,Increases Risk
S2640,Placement,3,numeric__placement_coding_score_slope_3m,-0.804433,Reduces Risk
S2640,Placement,4,numeric__feedback_satisfaction_score_slope_3m,-0.762619,Reduces Risk
S2640,Placement,5,numeric__placement_mock_interview_score_current,-0.651835,Reduces Risk
S2641,Placement,1,numeric__attendance_overall_attendance_current,-1.024178,Reduces Risk
S2641,Placement,2,numeric__engagement_strength,-0.905872,Reduces Risk
S2641,Placement,3,numeric__placement_coding_score_avg_3m,-0.609235,Reduces Risk
S2641,Placement,4,numeric__engagement_club_participations_current,-0.547287,Reduces Risk
S2641,Placement,5,numeric__attendance_subject_attendance_avg_3m,0.455615,Increases Risk
S2642,Placement,1,numeric__placement_aptitude_score_current,0.642457,Increases Risk
S2642,Placement,2,numeric__placement_mock_interview_score_current,0.554845,Increases Risk
S2642,Placement,3,numeric__attendance_overall_attendance_current,-0.505005,Reduces Risk
S2642,Placement,4,numeric__attendance_subject_attendance_current,-0.471236,Reduces Risk
S2642,Placement,5,numeric__attendance_subject_attendance_avg_3m,0.445763,Increases Risk
S2643,Placement,1,numeric__attendance_overall_attendance_current,1.268839,Increases Risk
S2643,Placement,2,numeric__academic_internal_marks_avg_3m,0.923404,Increases Risk
S2643,Placement,3,numeric__placement_aptitude_score_current,-0.85765,Reduces Risk
S2643,Placement,4,numeric__attendance_subject_attendance_current,0.809239,Increases Risk
S2643,Placement,5,numeric__placement_coding_score_avg_3m,0.764991,Increases Risk
S2644,Placement,1,numeric__attendance_overall_attendance_current,-1.997629,Reduces Risk
S2644,Placement,2,numeric__engagement_strength,-1.09265,Reduces Risk
S2644,Placement,3,numeric__attendance_overall_attendance_avg_3m,1.086377,Increases Risk
S2644,Placement,4,numeric__attendance_subject_attendance_avg_3m,0.940333,Increases Risk
S2644,Placement,5,numeric__attendance_subject_attendance_current,-0.894534,Reduces Risk
S2645,Placement,1,numeric__attendance_overall_attendance_current,-1.32703,Reduces Risk
S2645,Placement,2,numeric__attendance_overall_attendance_avg_3m,1.308632,Increases Risk
S2645,Placement,3,numeric__attendance_subject_attendance_avg_3m,0.885162,Increases Risk
S2645,Placement,4,numeric__placement_mock_interview_score_current,-0.811208,Reduces Risk
S2645,Placement,5,numeric__placement_aptitude_score_current,-0.751044,Reduces Risk
S2646,Placement,1,numeric__placement_mock_interview_score_current,-1.004732,Reduces Risk
S2646,Placement,2,numeric__academic_internal_marks_avg_3m,-0.961329,Reduces Risk
S2646,Placement,3,numeric__placement_coding_score_avg_3m,-0.838015,Reduces Risk
S2646,Placement,4,numeric__skills_tech_skills_score_avg_3m,0.611116,Increases Risk
S2646,Placement,5,numeric__placement_mock_interview_score_avg_3m,-0.608451,Reduces Risk
S2647,Placement,1,numeric__attendance_overall_attendance_current,2.10168,Increases Risk
S2647,Placement,2,numeric__attendance_overall_attendance_avg_3m,-1.156387,Reduces Risk
S2647,Placement,3,numeric__attendance_subject_attendance_current,1.11613,Increases Risk
S2647,Placement,4,numeric__engagement_strength,-1.09265,Reduces Risk
S2647,Placement,5,numeric__critical_attendance_flag,-0.997756,Reduces Risk
S2648,Placement,1,numeric__engagement_hackathons_attended_current,-1.050022,Reduces Risk
S2648,Placement,2,numeric__engagement_strength,0.961905,Increases Risk
S2648,Placement,3,numeric__placement_mock_interview_score_current,0.947586,Increases Risk
S2648,Placement,4,numeric__placement_mock_interview_score_avg_3m,0.622816,Increases Risk
S2648,Placement,5,numeric__skills_soft_skills_score_current,-0.591623,Reduces Risk
S2649,Placement,1,numeric__engagement_strength,-2.400094,Reduces Risk
S2649,Placement,2,numeric__engagement_hackathons_attended_current,1.813675,Increases Risk
S2649,Placement,3,numeric__attendance_overall_attendance_current,-1.272949,Reduces Risk
S2649,Placement,4,numeric__attendance_subject_attendance_current,-0.756962,Reduces Risk
S2649,Placement,5,numeric__attendance_overall_attendance_avg_3m,0.755518,Increases Risk
S2650,Placement,1,numeric__placement_aptitude_score_current,-1.1927,Reduces Risk
S2650,Placement,2,numeric__engagement_hackathons_attended_current,-1.050022,Reduces Risk
S2650,Placement,3,numeric__attendance_overall_attendance_avg_3m,0.912108,Increases Risk
S2650,Placement,4,numeric__attendance_overall_attendance_current,-0.807856,Reduces Risk
S2650,Placement,5,numeric__academic_subject_score_avg_slope_3m,-0.694104,Reduces Risk
S2651,Placement,1,numeric__attendance_overall_attendance_current,2.155761,Increases Risk
S2651,Placement,2,numeric__attendance_overall_attendance_avg_3m,-1.196797,Reduces Risk
S2651,Placement,3,numeric__attendance_subject_attendance_current,1.110839,Increases Risk
S2651,Placement,4,numeric__critical_attendance_flag,-0.997756,Reduces Risk
S2651,Placement,5,numeric__attendance_subject_attendance_avg_3m,-0.915782,Reduces Risk
S2652,Placement,1,numeric__placement_coding_score_slope_3m,0.464389,Increases Risk
S2652,Placement,2,numeric__skills_soft_skills_score_std_3m,-0.418326,Reduces Risk
S2652,Placement,3,numeric__academic_internal_marks_avg_3m,-0.353796,Reduces Risk
S2652,Placement,4,numeric__attendance_overall_attendance_current,-0.353579,Reduces Risk
S2652,Placement,5,numeric__engagement_strength,-0.345539,Reduces Risk
S2653,Placement,1,numeric__attendance_overall_attendance_current,-0.905201,Reduces Risk
S2653,Placement,2,numeric__skills_soft_skills_score_std_3m,0.792315,Increases Risk
S2653,Placement,3,numeric__engagement_strength,0.775128,Increases Risk
S2653,Placement,4,numeric__feedback_satisfaction_score_slope_3m,0.727757,Increases Risk
S2653,Placement,5,numeric__academic_internal_marks_avg_3m,-0.556307,Reduces Risk
S2654,Placement,1,numeric__placement_aptitude_score_current,-1.344995,Reduces Risk
S2654,Placement,2,numeric__academic_internal_marks_avg_3m,1.22487,Increases Risk
S2654,Placement,3,numeric__academic_cgpa_avg_3m,0.920792,Increases Risk
S2654,Placement,4,numeric__academic_cgpa_current,0.902812,Increases Risk
S2654,Placement,5,numeric__feedback_satisfaction_score_slope_3m,-0.823629,Reduces Risk
S2655,Placement,1,numeric__engagement_strength,1.522238,Increases Risk
S2655,Placement,2,numeric__attendance_overall_attendance_current,1.51761,Increases Risk
S2655,Placement,3,numeric__engagement_hackathons_attended_current,-1.050022,Reduces Risk
S2655,Placement,4,numeric__attendance_subject_attendance_current,0.989141,Increases Risk
S2655,Placement,5,numeric__placement_aptitude_score_current,-0.949028,Reduces Risk
S2656,Placement,1,numeric__placement_aptitude_score_current,0.962277,Increases Risk
S2656,Placement,2,numeric__engagement_hackathons_attended_current,0.859109,Increases Risk
S2656,Placement,3,numeric__feedback_faculty_rating_slope_3m,0.625525,Increases Risk
S2656,Placement,4,numeric__placement_mock_interview_score_current,0.554845,Increases Risk
S2656,Placement,5,numeric__feedback_faculty_rating_current,0.54412,Increases Risk
S2657,Placement,1,numeric__engagement_strength,-1.09265,Reduces Risk
S2657,Placement,2,numeric__placement_aptitude_score_current,0.992736,Increases Risk
S2657,Placement,3,numeric__skills_soft_skills_score_std_3m,0.936946,Increases Risk
S2657,Placement,4,numeric__engagement_hackathons_attended_current,0.859109,Increases Risk
S2657,Placement,5,numeric__placement_coding_score_avg_3m,-0.675705,Reduces Risk
S2658,Placement,1,numeric__low_lms_flag,0.913609,Increases Risk
S2658,Placement,2,numeric__engagement_strength,0.775128,Increases Risk
S2658,Placement,3,numeric__engagement_events_attended_current,-0.630014,Reduces Risk
S2658,Placement,4,numeric__academic_internal_marks_avg_3m,-0.59773,Reduces Risk
S2658,Placement,5,numeric__engagement_club_participations_current,-0.547287,Reduces Risk
S2659,Placement,1,numeric__engagement_strength,-2.773649,Reduces Risk
S2659,Placement,2,numeric__attendance_overall_attendance_current,-1.867836,Reduces Risk
S2659,Placement,3,numeric__engagement_certifications_count_current,1.482213,Increases Risk
S2659,Placement,4,numeric__attendance_overall_attendance_avg_3m,1.111633,Increases Risk
S2659,Placement,5,numeric__attendance_subject_attendance_current,-1.069144,Reduces Risk
S2660,Placement,1,numeric__academic_cgpa_missing,-1.51499,Reduces Risk
S2660,Placement,2,numeric__attendance_overall_attendance_current,-1.18642,Reduces Risk
S2660,Placement,3,numeric__low_lms_flag,0.913609,Increases Risk
S2660,Placement,4,numeric__engagement_strength,0.775128,Increases Risk
S2660,Placement,5,numeric__attendance_subject_attendance_current,-0.524148,Reduces Risk
S2661,Placement,1,numeric__attendance_overall_attendance_current,-2.170687,Reduces Risk
S2661,Placement,2,numeric__attendance_overall_attendance_avg_3m,1.192453,Increases Risk
S2661,Placement,3,numeric__attendance_subject_attendance_current,-0.894534,Reduces Risk
S2661,Placement,4,numeric__attendance_subject_attendance_avg_3m,0.822109,Increases Risk
S2661,Placement,5,numeric__placement_mock_interview_score_current,-0.685986,Reduces Risk
S2662,Placement,1,numeric__engagement_hackathons_attended_current,-1.050022,Reduces Risk
S2662,Placement,2,numeric__engagement_events_attended_current,0.689387,Increases Risk
S2662,Placement,3,numeric__placement_mock_interview_score_avg_3m,0.464098,Increases Risk
S2662,Placement,4,numeric__academic_internal_marks_slope_3m,0.441501,Increases Risk
S2662,Placement,5,numeric__placement_aptitude_score_current,-0.431224,Reduces Risk
S2663,Placement,1,numeric__engagement_strength,-0.905872,Reduces Risk
S2663,Placement,2,numeric__placement_coding_score_avg_3m,0.766537,Increases Risk
S2663,Placement,3,numeric__engagement_events_attended_current,0.689387,Increases Risk
S2663,Placement,4,numeric__placement_aptitude_score_current,-0.530216,Reduces Risk
S2663,Placement,5,numeric__skills_soft_skills_score_std_3m,0.501882,Increases Risk
S2664,Placement,1,numeric__feedback_faculty_rating_current,0.641263,Increases Risk
S2664,Placement,2,numeric__attendance_overall_attendance_avg_3m,-0.623478,Reduces Risk
S2664,Placement,3,numeric__placement_mock_interview_score_current,-0.623376,Reduces Risk
S2664,Placement,4,numeric__attendance_overall_attendance_current,0.59824,Increases Risk
S2664,Placement,5,numeric__low_attendance_flag,-0.491842,Reduces Risk
S2665,Placement,1,numeric__attendance_overall_attendance_current,2.588406,Increases Risk
S2665,Placement,2,numeric__attendance_overall_attendance_avg_3m,-1.54786,Reduces Risk
S2665,Placement,3,numeric__attendance_subject_attendance_avg_3m,-1.246808,Reduces Risk
S2665,Placement,4,numeric__attendance_subject_attendance_current,0.999723,Increases Risk
S2665,Placement,5,numeric__critical_attendance_flag,-0.997756,Reduces Risk
S2666,Placement,1,numeric__engagement_strength,1.522238,Increases Risk
S2666,Placement,2,numeric__engagement_hackathons_attended_current,-1.050022,Reduces Risk
S2666,Placement,3,numeric__academic_internal_marks_avg_3m,0.909597,Increases Risk
S2666,Placement,4,numeric__academic_cgpa_avg_3m,0.474389,Increases Risk
S2666,Placement,5,numeric__academic_cgpa_current,0.434296,Increases Risk
S2667,Placement,1,numeric__engagement_hackathons_attended_current,1.813675,Increases Risk
S2667,Placement,2,numeric__attendance_overall_attendance_current,1.539242,Increases Risk
S2667,Placement,3,numeric__engagement_strength,-1.279427,Reduces Risk
S2667,Placement,4,numeric__attendance_subject_attendance_current,0.830404,Increases Risk
S2667,Placement,5,numeric__placement_mock_interview_score_current,-0.72583,Reduces Risk
S2668,Placement,1,numeric__placement_aptitude_score_current,1.183105,Increases Risk
S2668,Placement,2,numeric__placement_coding_score_avg_3m,-0.711259,Reduces Risk
S2668,Placement,3,numeric__placement_mock_interview_score_current,-0.651835,Reduces Risk
S2668,Placement,4,numeric__skills_tech_skills_score_avg_3m,0.566842,Increases Risk
S2668,Placement,5,numeric__academic_internal_marks_avg_3m,-0.565512,Reduces Risk
S2669,Placement,1,numeric__engagement_strength,-1.466205,Reduces Risk
S2669,Placement,2,numeric__engagement_certifications_count_current,0.937282,Increases Risk
S2669,Placement,3,numeric__attendance_overall_attendance_current,0.922723,Increases Risk
S2669,Placement,4,numeric__low_lms_flag,0.913609,Increases Risk
S2669,Placement,5,numeric__placement_mock_interview_score_current,0.867899,Increases Risk
S2670,Placement,1,numeric__low_coding_flag,1.487088,Increases Risk
S2670,Placement,2,numeric__academic_internal_marks_avg_3m,0.955622,Increases Risk
S2670,Placement,3,numeric__placement_coding_score_avg_3m,0.935031,Increases Risk
S2670,Placement,4,numeric__placement_mock_interview_score_avg_3m,0.613197,Increases Risk
S2670,Placement,5,numeric__skills_tech_skills_score_avg_3m,-0.581508,Reduces Risk
S2671,Placement,1,numeric__engagement_strength,-2.400094,Reduces Risk
S2671,Placement,2,numeric__attendance_overall_attendance_current,-2.170687,Reduces Risk
S2671,Placement,3,numeric__engagement_hackathons_attended_current,1.813675,Increases Risk
S2671,Placement,4,numeric__attendance_overall_attendance_avg_3m,1.439965,Increases Risk
S2671,Placement,5,numeric__attendance_subject_attendance_avg_3m,1.147225,Increases Risk
S2672,Placement,1,numeric__engagement_strength,-1.652983,Reduces Risk
S2672,Placement,2,numeric__attendance_overall_attendance_current,-1.608249,Reduces Risk
S2672,Placement,3,numeric__academic_internal_marks_avg_3m,-0.880785,Reduces Risk
S2672,Placement,4,numeric__engagement_hackathons_attended_current,0.859109,Increases Risk
S2672,Placement,5,numeric__placement_aptitude_score_current,0.855671,Increases Risk
S2673,Placement,1,numeric__engagement_club_participations_current,-1.194964,Reduces Risk
S2673,Placement,2,numeric__academic_internal_marks_avg_3m,-1.094802,Reduces Risk
S2673,Placement,3,numeric__placement_coding_score_avg_3m,-0.793187,Reduces Risk
S2673,Placement,4,numeric__engagement_club_participations_std_3m,0.599243,Increases Risk
S2673,Placement,5,numeric__placement_mock_interview_score_current,-0.537997,Reduces Risk
S2674,Placement,1,numeric__engagement_hackathons_attended_current,0.859109,Increases Risk
S2674,Placement,2,numeric__academic_subject_score_avg_slope_3m,0.667467,Increases Risk
S2674,Placement,3,numeric__academic_internal_marks_slope_3m,-0.629143,Reduces Risk
S2674,Placement,4,numeric__feedback_satisfaction_score_slope_3m,-0.623169,Reduces Risk
S2674,Placement,5,numeric__placement_coding_score_avg_3m,-0.556678,Reduces Risk
S2675,Placement,1,numeric__placement_aptitude_score_current,1.000351,Increases Risk
S2675,Placement,2,numeric__engagement_hackathons_attended_current,0.859109,Increases Risk
S2675,Placement,3,numeric__skills_soft_skills_score_std_3m,-0.67816,Reduces Risk
S2675,Placement,4,numeric__feedback_faculty_rating_current,-0.637782,Reduces Risk
S2675,Placement,5,numeric__placement_mock_interview_score_avg_3m,-0.58761,Reduces Risk
S2676,Placement,1,numeric__engagement_hackathons_attended_current,-1.050022,Reduces Risk
S2676,Placement,2,numeric__academic_subject_score_avg_slope_3m,-0.879605,Reduces Risk
S2676,Placement,3,numeric__placement_mock_interview_score_current,-0.737213,Reduces Risk
S2676,Placement,4,numeric__academic_internal_marks_avg_3m,0.674868,Increases Risk
S2676,Placement,5,numeric__attendance_overall_attendance_std_3m,-0.652035,Reduces Risk
S2677,Placement,1,numeric__engagement_hackathons_attended_current,0.859109,Increases Risk
S2677,Placement,2,numeric__placement_aptitude_score_current,0.825212,Increases Risk
S2677,Placement,3,numeric__placement_mock_interview_score_current,-0.611992,Reduces Risk
S2677,Placement,4,numeric__feedback_faculty_rating_current,-0.605401,Reduces Risk
S2677,Placement,5,numeric__attendance_overall_attendance_avg_3m,0.601455,Increases Risk
S2678,Placement,1,numeric__low_coding_flag,1.487088,Increases Risk
S2678,Placement,2,numeric__engagement_hackathons_attended_current,-1.050022,Reduces Risk
S2678,Placement,3,numeric__engagement_strength,0.961905,Increases Risk
S2678,Placement,4,numeric__feedback_satisfaction_score_slope_3m,-0.823629,Reduces Risk
S2678,Placement,5,numeric__placement_coding_score_avg_3m,0.644418,Increases Risk
S2679,Placement,1,numeric__attendance_overall_attendance_current,3.432063,Increases Risk
S2679,Placement,2,numeric__attendance_overall_attendance_avg_3m,-2.085821,Reduces Risk
S2679,Placement,3,numeric__engagement_hackathons_attended_current,1.813675,Increases Risk
S2679,Placement,4,numeric__attendance_subject_attendance_current,1.76695,Increases Risk
S2679,Placement,5,numeric__attendance_subject_attendance_avg_3m,-1.540398,Reduces Risk
S2680,Placement,1,numeric__low_coding_flag,1.487088,Increases Risk
S2680,Placement,2,numeric__attendance_overall_attendance_current,-1.272949,Reduces Risk
S2680,Placement,3,numeric__attendance_overall_attendance_avg_3m,0.866646,Increases Risk
S2680,Placement,4,numeric__placement_aptitude_score_slope_3m,-0.781403,Reduces Risk
S2680,Placement,5,numeric__placement_coding_score_avg_3m,0.579494,Increases Risk
S2681,Placement,1,numeric__attendance_overall_attendance_current,1.398632,Increases Risk
S2681,Placement,2,numeric__attendance_subject_attendance_current,1.20079,Increases Risk
S2681,Placement,3,numeric__engagement_hackathons_attended_current,-1.050022,Reduces Risk
S2681,Placement,4,numeric__engagement_events_attended_current,1.019238,Increases Risk
S2681,Placement,5,numeric__academic_internal_marks_avg_3m,0.881982,Increases Risk
S2682,Placement,1,numeric__placement_aptitude_score_current,0.901359,Increases Risk
S2682,Placement,2,numeric__attendance_overall_attendance_current,-0.580717,Reduces Risk
S2682,Placement,3,numeric__feedback_satisfaction_score_current,-0.534439,Reduces Risk
S2682,Placement,4,numeric__attendance_subject_attendance_current,-0.471236,Reduces Risk
S2682,Placement,5,numeric__academic_warning_score,0.372987,Increases Risk
S2683,Placement,1,numeric__feedback_satisfaction_score_slope_3m,-0.98051,Reduces Risk
S2683,Placement,2,numeric__placement_coding_score_slope_3m,-0.958229,Reduces Risk
S2683,Placement,3,numeric__placement_mock_interview_score_std_3m,-0.75608,Reduces Risk
S2683,Placement,4,numeric__placement_coding_score_std_3m,0.695135,Increases Risk
S2683,Placement,5,numeric__placement_aptitude_score_current,0.642457,Increases Risk
S2684,Placement,1,numeric__attendance_overall_attendance_current,1.982703,Increases Risk
S2684,Placement,2,numeric__attendance_overall_attendance_avg_3m,-1.312976,Reduces Risk
S2684,Placement,3,numeric__attendance_subject_attendance_current,1.174334,Increases Risk
S2684,Placement,4,numeric__placement_mock_interview_score_current,1.02158,Increases Risk
S2684,Placement,5,numeric__critical_attendance_flag,-0.997756,Reduces Risk
S2685,Placement,1,numeric__attendance_overall_attendance_current,-0.613166,Reduces Risk
S2685,Placement,2,numeric__placement_mock_interview_score_current,-0.577841,Reduces Risk
S2685,Placement,3,numeric__placement_mock_interview_score_std_3m,-0.485233,Reduces Risk
S2685,Placement,4,numeric__placement_coding_score_slope_3m,-0.408407,Reduces Risk
S2685,Placement,5,numeric__placement_aptitude_score_current,0.4064,Increases Risk
S2686,Placement,1,numeric__engagement_strength,1.522238,Increases Risk
S2686,Placement,2,numeric__placement_mock_interview_score_current,1.203721,Increases Risk
S2686,Placement,3,numeric__engagement_hackathons_attended_current,-1.050022,Reduces Risk
S2686,Placement,4,numeric__low_lms_flag,0.913609,Increases Risk
S2686,Placement,5,numeric__placement_mock_interview_score_avg_3m,0.88895,Increases Risk
S2687,Placement,1,numeric__attendance_overall_attendance_current,2.82636,Increases Risk
S2687,Placement,2,numeric__attendance_overall_attendance_avg_3m,-1.613527,Reduces Risk
S2687,Placement,3,numeric__attendance_subject_attendance_current,1.502389,Increases Risk
S2687,Placement,4,numeric__attendance_subject_attendance_avg_3m,-1.365032,Reduces Risk
S2687,Placement,5,numeric__academic_internal_marks_avg_3m,1.00625,Increases Risk
S2688,Placement,1,numeric__engagement_club_participations_current,-0.547287,Reduces Risk
S2688,Placement,2,numeric__attendance_subject_attendance_current,-0.460654,Reduces Risk
S2688,Placement,3,numeric__skills_soft_skills_score_std_3m,-0.43294,Reduces Risk
S2688,Placement,4,numeric__attendance_overall_attendance_current,-0.40766,Reduces Risk
S2688,Placement,5,numeric__placement_aptitude_score_slope_3m,0.372478,Increases Risk
S2689,Placement,1,numeric__skills_soft_skills_score_std_3m,1.061608,Increases Risk
S2689,Placement,2,numeric__placement_aptitude_score_current,0.977507,Increases Risk
S2689,Placement,3,numeric__engagement_hackathons_attended_current,0.859109,Increases Risk
S2689,Placement,4,numeric__academic_internal_marks_avg_3m,-0.839362,Reduces Risk
S2689,Placement,5,numeric__attendance_overall_attendance_current,-0.742959,Reduces Risk
S2690,Placement,1,numeric__engagement_hackathons_attended_current,0.859109,Increases Risk
S2690,Placement,2,numeric__placement_coding_score_avg_3m,-0.831832,Reduces Risk
S2690,Placement,3,numeric__lms_logins_per_week_slope_3m,0.672041,Increases Risk
S2690,Placement,4,numeric__academic_subject_score_avg_slope_3m,0.571007,Increases Risk
S2690,Placement,5,numeric__skills_tech_skills_score_avg_3m,0.548856,Increases Risk
S2691,Placement,1,numeric__engagement_hackathons_attended_current,1.813675,Increases Risk
S2691,Placement,2,numeric__engagement_strength,-1.279427,Reduces Risk
S2691,Placement,3,numeric__placement_aptitude_score_slope_3m,0.998383,Increases Risk
S2691,Placement,4,numeric__attendance_overall_attendance_current,-0.764591,Reduces Risk
S2691,Placement,5,numeric__attendance_overall_attendance_avg_3m,0.667121,Increases Risk
S2692,Placement,1,numeric__attendance_overall_attendance_current,-1.446007,Reduces Risk
S2692,Placement,2,numeric__attendance_overall_attendance_avg_3m,0.9803,Increases Risk
S2692,Placement,3,numeric__attendance_subject_attendance_avg_3m,0.824079,Increases Risk
S2692,Placement,4,numeric__attendance_subject_attendance_current,-0.751671,Reduces Risk
S2692,Placement,5,numeric__lms_assignment_completion_pct_current,0.61343,Increases Risk
S2693,Placement,1,numeric__engagement_strength,-0.905872,Reduces Risk
S2693,Placement,2,numeric__skills_soft_skills_score_std_3m,-0.427491,Reduces Risk
S2693,Placement,3,categorical__department_IT,-0.402819,Reduces Risk
S2693,Placement,4,numeric__feedback_satisfaction_score_slope_3m,-0.396562,Reduces Risk
S2693,Placement,5,numeric__engagement_certifications_count_current,0.39235,Increases Risk
S2694,Placement,1,numeric__academic_cgpa_missing,-1.51499,Reduces Risk
S2694,Placement,2,numeric__academic_internal_marks_avg_3m,1.070685,Increases Risk
S2694,Placement,3,numeric__placement_aptitude_score_current,-0.705355,Reduces Risk
S2694,Placement,4,numeric__attendance_overall_attendance_current,0.684769,Increases Risk
S2694,Placement,5,numeric__placement_mock_interview_score_std_3m,-0.608681,Reduces Risk
S2695,Placement,1,numeric__attendance_overall_attendance_current,2.339635,Increases Risk
S2695,Placement,2,numeric__attendance_subject_attendance_current,1.370109,Increases Risk
S2695,Placement,3,numeric__academic_internal_marks_avg_3m,1.360644,Increases Risk
S2695,Placement,4,numeric__attendance_overall_attendance_avg_3m,-1.24731,Reduces Risk
S2695,Placement,5,numeric__attendance_subject_attendance_avg_3m,-1.10691,Reduces Risk
S2696,Placement,1,numeric__placement_aptitude_score_current,-1.314536,Reduces Risk
S2696,Placement,2,numeric__attendance_overall_attendance_current,1.225574,Increases Risk
S2696,Placement,3,numeric__feedback_satisfaction_score_current,1.1905,Increases Risk
S2696,Placement,4,numeric__placement_mock_interview_score_current,1.05004,Increases Risk
S2696,Placement,5,numeric__engagement_hackathons_attended_current,-1.050022,Reduces Risk
S2697,Placement,1,numeric__attendance_overall_attendance_current,1.160678,Increases Risk
S2697,Placement,2,numeric__placement_aptitude_score_current,1.038425,Increases Risk
S2697,Placement,3,numeric__engagement_certifications_count_current,0.937282,Increases Risk
S2697,Placement,4,numeric__low_lms_flag,0.913609,Increases Risk
S2697,Placement,5,numeric__engagement_strength,-0.905872,Reduces Risk
S2698,Placement,1,numeric__engagement_strength,2.082572,Increases Risk
S2698,Placement,2,numeric__low_aptitude_flag,-1.905883,Reduces Risk
S2698,Placement,3,numeric__placement_aptitude_score_current,-1.649585,Reduces Risk
S2698,Placement,4,numeric__placement_mock_interview_score_current,1.494007,Increases Risk
S2698,Placement,5,numeric__low_coding_flag,1.487088,Increases Risk
S2699,Placement,1,numeric__attendance_overall_attendance_current,-1.067443,Reduces Risk
S2699,Placement,2,numeric__engagement_hackathons_attended_current,-1.050022,Reduces Risk
S2699,Placement,3,numeric__attendance_overall_attendance_avg_3m,0.84139,Increases Risk
S2699,Placement,4,numeric__attendance_subject_attendance_avg_3m,0.798464,Increases Risk
S2699,Placement,5,numeric__feedback_satisfaction_score_current,-0.775638,Reduces Risk
S2700,Placement,1,numeric__engagement_strength,1.335461,Increases Risk
S2700,Placement,2,numeric__skills_soft_skills_score_std_3m,0.778009,Increases Risk
S2700,Placement,3,numeric__engagement_events_attended_current,-0.630014,Reduces Risk
S2700,Placement,4,numeric__academic_internal_marks_avg_3m,-0.535596,Reduces Risk
S2700,Placement,5,numeric__attendance_overall_attendance_current,0.522527,Increases Risk
S2701,Placement,1,numeric__engagement_strength,-1.09265,Reduces Risk
S2701,Placement,2,numeric__engagement_hackathons_attended_current,0.859109,Increases Risk
S2701,Placement,3,numeric__placement_mock_interview_score_std_3m,-0.783467,Reduces Risk
S2701,Placement,4,numeric__skills_soft_skills_score_std_3m,0.664299,Increases Risk
S2701,Placement,5,numeric__attendance_overall_attendance_current,-0.634798,Reduces Risk
S2702,Placement,1,numeric__attendance_overall_attendance_current,1.139046,Increases Risk
S2702,Placement,2,numeric__low_lms_flag,0.913609,Increases Risk
S2702,Placement,3,numeric__engagement_strength,0.775128,Increases Risk
S2702,Placement,4,numeric__attendance_overall_attendance_avg_3m,-0.759862,Reduces Risk
S2702,Placement,5,numeric__placement_coding_score_avg_3m,-0.66643,Reduces Risk
S2703,Placement,1,numeric__engagement_strength,-1.09265,Reduces Risk
S2703,Placement,2,numeric__engagement_hackathons_attended_current,0.859109,Increases Risk
S2703,Placement,3,numeric__attendance_overall_attendance_current,0.65232,Increases Risk
S2703,Placement,4,categorical__department_CIVIL ENGINEERING,0.589631,Increases Risk
S2703,Placement,5,numeric__engagement_club_participations_current,-0.547287,Reduces Risk
S2704,Placement,1,numeric__engagement_club_participations_current,-0.871126,Reduces Risk
S2704,Placement,2,numeric__placement_aptitude_score_current,0.855671,Increases Risk
S2704,Placement,3,numeric__attendance_overall_attendance_current,-0.818672,Reduces Risk
S2704,Placement,4,numeric__attendance_overall_attendance_avg_3m,0.60398,Increases Risk
S2704,Placement,5,categorical__department_CIVIL ENGINEERING,0.589631,Increases Risk
S2705,Placement,1,numeric__academic_internal_marks_avg_3m,-0.9084,Reduces Risk
S2705,Placement,2,numeric__attendance_overall_attendance_current,-0.905201,Reduces Risk
S2705,Placement,3,numeric__placement_aptitude_score_current,0.72622,Increases Risk
S2705,Placement,4,numeric__attendance_overall_attendance_avg_3m,0.654493,Increases Risk
S2705,Placement,5,numeric__feedback_faculty_rating_current,-0.653972,Reduces Risk
S2706,Placement,1,numeric__engagement_hackathons_attended_current,-1.050022,Reduces Risk
S2706,Placement,2,numeric__engagement_strength,0.961905,Increases Risk
S2706,Placement,3,numeric__low_lms_flag,0.913609,Increases Risk
S2706,Placement,4,numeric__lms_assignment_completion_pct_current,-0.640437,Reduces Risk
S2706,Placement,5,numeric__attendance_overall_attendance_current,0.609056,Increases Risk
S2707,Placement,1,numeric__engagement_strength,1.522238,Increases Risk
S2707,Placement,2,numeric__attendance_overall_attendance_current,1.225574,Increases Risk
S2707,Placement,3,numeric__engagement_hackathons_attended_current,-1.050022,Reduces Risk
S2707,Placement,4,numeric__placement_aptitude_score_current,-0.895724,Reduces Risk
S2707,Placement,5,numeric__placement_mock_interview_score_current,0.867899,Increases Risk
S2708,Placement,1,numeric__engagement_hackathons_attended_current,2.76824,Increases Risk
S2708,Placement,2,numeric__engagement_strength,-2.586872,Reduces Risk
S2708,Placement,3,numeric__attendance_overall_attendance_current,-1.629881,Reduces Risk
S2708,Placement,4,numeric__attendance_subject_attendance_current,-1.069144,Reduces Risk
S2708,Placement,5,numeric__attendance_subject_attendance_avg_3m,0.818168,Increases Risk
S2709,Placement,1,numeric__engagement_strength,-1.466205,Reduces Risk
S2709,Placement,2,numeric__placement_mock_interview_score_avg_3m,-0.957952,Reduces Risk
S2709,Placement,3,numeric__attendance_overall_attendance_std_3m,-0.936505,Reduces Risk
S2709,Placement,4,numeric__placement_mock_interview_score_current,-0.805516,Reduces Risk
S2709,Placement,5,numeric__attendance_overall_attendance_current,0.717217,Increases Risk
S2710,Placement,1,numeric__academic_internal_marks_avg_3m,-1.037271,Reduces Risk
S2710,Placement,2,numeric__placement_coding_score_avg_3m,-0.844199,Reduces Risk
S2710,Placement,3,numeric__academic_cgpa_avg_3m,-0.638795,Reduces Risk
S2710,Placement,4,numeric__academic_cgpa_current,-0.611433,Reduces Risk
S2710,Placement,5,numeric__skills_tech_skills_score_avg_3m,0.588979,Increases Risk
S2711,Placement,1,numeric__attendance_overall_attendance_current,-1.748858,Reduces Risk
S2711,Placement,2,numeric__attendance_overall_attendance_avg_3m,1.146992,Increases Risk
S2711,Placement,3,numeric__attendance_subject_attendance_current,-1.069144,Reduces Risk
S2711,Placement,4,numeric__attendance_subject_attendance_avg_3m,1.058557,Increases Risk
S2711,Placement,5,numeric__engagement_strength,-0.905872,Reduces Risk
S2712,Placement,1,numeric__academic_internal_marks_avg_3m,-0.906099,Reduces Risk
S2712,Placement,2,numeric__attendance_overall_attendance_current,-0.872753,Reduces Risk
S2712,Placement,3,numeric__attendance_overall_attendance_avg_3m,0.790877,Increases Risk
S2712,Placement,4,numeric__placement_coding_score_avg_3m,-0.664884,Reduces Risk
S2712,Placement,5,numeric__skills_tech_skills_score_avg_3m,0.660924,Increases Risk
S2713,Placement,1,numeric__attendance_overall_attendance_current,-1.337846,Reduces Risk
S2713,Placement,2,numeric__engagement_hackathons_attended_current,-1.050022,Reduces Risk
S2713,Placement,3,numeric__attendance_overall_attendance_avg_3m,1.048492,Increases Risk
S2713,Placement,4,numeric__engagement_strength,0.961905,Increases Risk
S2713,Placement,5,numeric__attendance_subject_attendance_avg_3m,0.753145,Increases Risk
S2714,Placement,1,numeric__engagement_hackathons_attended_current,-1.050022,Reduces Risk
S2714,Placement,2,numeric__engagement_strength,0.961905,Increases Risk
S2714,Placement,3,numeric__academic_internal_marks_avg_3m,0.817546,Increases Risk
S2714,Placement,4,numeric__attendance_overall_attendance_current,-0.667246,Reduces Risk
S2714,Placement,5,numeric__attendance_overall_attendance_avg_3m,0.539577,Increases Risk
S2715,Placement,1,numeric__attendance_overall_attendance_current,3.313086,Increases Risk
S2715,Placement,2,numeric__attendance_overall_attendance_avg_3m,-1.820629,Reduces Risk
S2715,Placement,3,numeric__attendance_subject_attendance_current,1.33307,Increases Risk
S2715,Placement,4,numeric__attendance_subject_attendance_avg_3m,-1.296068,Reduces Risk
S2715,Placement,5,numeric__placement_mock_interview_score_current,1.169569,Increases Risk
S2716,Placement,1,numeric__engagement_hackathons_attended_current,0.859109,Increases Risk
S2716,Placement,2,numeric__placement_coding_score_avg_3m,-0.853474,Reduces Risk
S2716,Placement,3,numeric__placement_aptitude_score_missing,-0.83073,Reduces Risk
S2716,Placement,4,numeric__academic_internal_marks_avg_3m,-0.823254,Reduces Risk
S2716,Placement,5,numeric__skills_tech_skills_score_avg_3m,0.626335,Increases Risk
S2717,Placement,1,numeric__placement_aptitude_score_current,1.20595,Increases Risk
S2717,Placement,2,numeric__placement_mock_interview_score_current,-0.765673,Reduces Risk
S2717,Placement,3,numeric__academic_internal_marks_avg_3m,-0.696684,Reduces Risk
S2717,Placement,4,numeric__placement_coding_score_avg_3m,-0.68498,Reduces Risk
S2717,Placement,5,numeric__skills_soft_skills_score_std_3m,-0.562034,Reduces Risk
S2718,Placement,1,numeric__attendance_overall_attendance_current,-1.078259,Reduces Risk
S2718,Placement,2,numeric__attendance_overall_attendance_avg_3m,0.813608,Increases Risk
S2718,Placement,3,numeric__attendance_subject_attendance_avg_3m,0.597484,Increases Risk
S2718,Placement,4,numeric__lms_assignment_completion_pct_current,0.498894,Increases Risk
S2718,Placement,5,numeric__attendance_subject_attendance_current,-0.48711,Reduces Risk
S2719,Placement,1,numeric__attendance_overall_attendance_current,1.366184,Increases Risk
S2719,Placement,2,numeric__attendance_overall_attendance_avg_3m,-1.229631,Reduces Risk
S2719,Placement,3,numeric__attendance_subject_attendance_avg_3m,-1.100999,Reduces Risk
S2719,Placement,4,numeric__attendance_subject_attendance_current,0.936229,Increases Risk
S2719,Placement,5,numeric__placement_mock_interview_score_avg_3m,0.638848,Increases Risk
S2720,Placement,1,numeric__attendance_overall_attendance_current,2.155761,Increases Risk
S2720,Placement,2,numeric__attendance_subject_attendance_current,1.258993,Increases Risk
S2720,Placement,3,numeric__critical_attendance_flag,-0.997756,Reduces Risk
S2720,Placement,4,numeric__attendance_overall_attendance_avg_3m,-0.982118,Reduces Risk
S2720,Placement,5,numeric__attendance_subject_attendance_avg_3m,-0.773913,Reduces Risk
S2721,Placement,1,numeric__placement_aptitude_score_current,-1.101323,Reduces Risk
S2721,Placement,2,numeric__engagement_hackathons_attended_current,-1.050022,Reduces Risk
S2721,Placement,3,numeric__attendance_overall_attendance_current,-1.002546,Reduces Risk
S2721,Placement,4,numeric__engagement_strength,0.961905,Increases Risk
S2721,Placement,5,numeric__placement_coding_score_avg_3m,0.7248,Increases Risk
S2722,Placement,1,numeric__attendance_overall_attendance_current,1.506794,Increases Risk
S2722,Placement,2,numeric__placement_aptitude_score_current,-1.482061,Reduces Risk
S2722,Placement,3,numeric__engagement_hackathons_attended_current,-1.050022,Reduces Risk
S2722,Placement,4,numeric__engagement_events_attended_current,0.689387,Increases Risk
S2722,Placement,5,numeric__academic_internal_marks_avg_3m,0.651856,Increases Risk
S2723,Placement,1,numeric__engagement_strength,0.775128,Increases Risk
S2723,Placement,2,numeric__skills_tech_skills_score_avg_3m,0.670609,Increases Risk
S2723,Placement,3,numeric__placement_coding_score_avg_3m,-0.652518,Reduces Risk
S2723,Placement,4,numeric__academic_internal_marks_avg_3m,-0.613839,Reduces Risk
S2723,Placement,5,numeric__academic_internal_marks_slope_3m,-0.48295,Reduces Risk
S2724,Placement,1,numeric__attendance_overall_attendance_current,-0.959282,Reduces Risk
S2724,Placement,2,numeric__academic_internal_marks_avg_3m,-0.857772,Reduces Risk
S2724,Placement,3,numeric__attendance_overall_attendance_avg_3m,0.793403,Increases Risk
S2724,Placement,4,numeric__placement_coding_score_avg_3m,-0.740629,Reduces Risk
S2724,Placement,5,numeric__attendance_subject_attendance_avg_3m,0.735411,Increases Risk
S2725,Placement,1,numeric__placement_aptitude_score_current,-1.070864,Reduces Risk
S2725,Placement,2,numeric__engagement_hackathons_attended_current,-1.050022,Reduces Risk
S2725,Placement,3,numeric__engagement_strength,0.961905,Increases Risk
S2725,Placement,4,numeric__academic_internal_marks_avg_3m,0.778425,Increases Risk
S2725,Placement,5,numeric__academic_cgpa_avg_3m,0.474389,Increases Risk
S2726,Placement,1,numeric__placement_aptitude_score_current,0.947048,Increases Risk
S2726,Placement,2,numeric__low_lms_flag,0.913609,Increases Risk
S2726,Placement,3,numeric__engagement_hackathons_attended_current,0.859109,Increases Risk
S2726,Placement,4,numeric__attendance_overall_attendance_current,0.857826,Increases Risk
S2726,Placement,5,numeric__lms_logins_per_week_avg_3m,-0.571674,Reduces Risk
S2727,Placement,1,numeric__engagement_strength,1.895794,Increases Risk
S2727,Placement,2,numeric__attendance_overall_attendance_current,1.495977,Increases Risk
S2727,Placement,3,numeric__placement_mock_interview_score_current,1.306175,Increases Risk
S2727,Placement,4,numeric__feedback_satisfaction_score_slope_3m,1.111245,Increases Risk
S2727,Placement,5,numeric__placement_mock_interview_score_avg_3m,1.010794,Increases Risk
S2728,Placement,1,numeric__low_lms_flag,0.913609,Increases Risk
S2728,Placement,2,numeric__placement_mock_interview_score_avg_3m,0.694961,Increases Risk
S2728,Placement,3,numeric__placement_mock_interview_score_current,0.571921,Increases Risk
S2728,Placement,4,numeric__placement_mock_interview_score_std_3m,-0.520599,Reduces Risk
S2728,Placement,5,numeric__attendance_subject_attendance_avg_3m,0.426059,Increases Risk
S2729,Placement,1,numeric__attendance_overall_attendance_current,-1.316214,Reduces Risk
S2729,Placement,2,numeric__academic_internal_marks_avg_3m,-1.156937,Reduces Risk
S2729,Placement,3,numeric__placement_aptitude_score_current,1.137417,Increases Risk
S2729,Placement,4,numeric__attendance_subject_attendance_current,-1.016232,Reduces Risk
S2729,Placement,5,numeric__placement_coding_score_avg_3m,-0.842653,Reduces Risk
S2730,Placement,1,numeric__engagement_hackathons_attended_current,2.76824,Increases Risk
S2730,Placement,2,numeric__engagement_strength,-2.026538,Reduces Risk
S2730,Placement,3,numeric__academic_internal_marks_avg_3m,-0.705889,Reduces Risk
S2730,Placement,4,numeric__attendance_overall_attendance_std_3m,-0.581904,Reduces Risk
S2730,Placement,5,numeric__attendance_overall_attendance_current,-0.569901,Reduces Risk
S2731,Placement,1,numeric__engagement_strength,-3.333982,Reduces Risk
S2731,Placement,2,numeric__engagement_events_attended_current,1.019238,Increases Risk
S2731,Placement,3,numeric__engagement_certifications_count_current,0.937282,Increases Risk
S2731,Placement,4,numeric__engagement_hackathons_attended_current,0.859109,Increases Risk
S2731,Placement,5,numeric__attendance_overall_attendance_current,-0.840304,Reduces Risk
S2732,Placement,1,numeric__skills_soft_skills_score_std_3m,-0.691796,Reduces Risk
S2732,Placement,2,numeric__placement_coding_score_avg_3m,0.522299,Increases Risk
S2732,Placement,3,numeric__feedback_satisfaction_score_slope_3m,-0.509865,Reduces Risk
S2732,Placement,4,numeric__placement_coding_score_slope_3m,0.483613,Increases Risk
S2732,Placement,5,numeric__attendance_overall_attendance_current,0.45763,Increases Risk
S2733,Placement,1,numeric__placement_mock_interview_score_std_3m,-0.419964,Reduces Risk
S2733,Placement,2,numeric__attendance_overall_attendance_avg_3m,-0.393645,Reduces Risk
S2733,Placement,3,numeric__placement_mock_interview_score_avg_3m,0.393557,Increases Risk
S2733,Placement,4,numeric__attendance_subject_attendance_avg_3m,-0.385745,Reduces Risk
S2733,Placement,5,numeric__placement_aptitude_score_current,-0.385535,Reduces Risk
S2734,Placement,1,numeric__engagement_hackathons_attended_current,-1.050022,Reduces Risk
S2734,Placement,2,numeric__engagement_strength,0.961905,Increases Risk
S2734,Placement,3,numeric__attendance_overall_attendance_current,0.79293,Increases Risk
S2734,Placement,4,numeric__placement_aptitude_score_current,-0.735814,Reduces Risk
S2734,Placement,5,numeric__academic_internal_marks_avg_3m,0.711688,Increases Risk
S2735,Placement,1,numeric__attendance_overall_attendance_current,-0.894385,Reduces Risk
S2735,Placement,2,numeric__placement_aptitude_score_slope_3m,-0.755856,Reduces Risk
S2735,Placement,3,numeric__attendance_overall_attendance_avg_3m,0.614083,Increases Risk
S2735,Placement,4,numeric__placement_aptitude_score_current,0.589154,Increases Risk
S2735,Placement,5,numeric__attendance_subject_attendance_avg_3m,0.459556,Increases Risk
S2736,Placement,1,numeric__attendance_overall_attendance_current,2.620854,Increases Risk
S2736,Placement,2,numeric__attendance_overall_attendance_avg_3m,-1.441784,Reduces Risk
S2736,Placement,3,numeric__lms_logins_per_week_slope_3m,-1.350825,Reduces Risk
S2736,Placement,4,numeric__attendance_subject_attendance_current,1.343653,Increases Risk
S2736,Placement,5,numeric__critical_attendance_flag,-0.997756,Reduces Risk
S2737,Placement,1,numeric__attendance_overall_attendance_current,-1.510904,Reduces Risk
S2737,Placement,2,numeric__attendance_subject_attendance_current,-0.87866,Reduces Risk
S2737,Placement,3,numeric__attendance_overall_attendance_avg_3m,0.836339,Increases Risk
S2737,Placement,4,numeric__attendance_subject_attendance_avg_3m,0.800435,Increases Risk
S2737,Placement,5,numeric__skills_soft_skills_score_std_3m,-0.523798,Reduces Risk
S2738,Placement,1,numeric__engagement_hackathons_attended_current,1.813675,Increases Risk
S2738,Placement,2,numeric__engagement_strength,-1.279427,Reduces Risk
S2738,Placement,3,numeric__feedback_satisfaction_score_slope_3m,-1.207117,Reduces Risk
S2738,Placement,4,numeric__placement_aptitude_score_slope_3m,-0.858044,Reduces Risk
S2738,Placement,5,numeric__academic_internal_marks_slope_3m,0.712386,Increases Risk
S2739,Placement,1,numeric__attendance_overall_attendance_current,-1.38111,Reduces Risk
S2739,Placement,2,numeric__engagement_strength,-1.09265,Reduces Risk
S2739,Placement,3,numeric__engagement_hackathons_attended_current,0.859109,Increases Risk
S2739,Placement,4,numeric__placement_coding_score_avg_3m,-0.794733,Reduces Risk
S2739,Placement,5,numeric__attendance_overall_attendance_avg_3m,0.766884,Increases Risk
S2740,Placement,1,numeric__placement_aptitude_score_current,1.213564,Increases Risk
S2740,Placement,2,numeric__engagement_hackathons_attended_current,0.859109,Increases Risk
S2740,Placement,3,numeric__attendance_overall_attendance_current,0.857826,Increases Risk
S2740,Placement,4,numeric__placement_mock_interview_score_avg_3m,-0.715867,Reduces Risk
S2740,Placement,5,numeric__placement_mock_interview_score_current,-0.708754,Reduces Risk
S2741,Placement,1,numeric__attendance_overall_attendance_current,2.653302,Increases Risk
S2741,Placement,2,numeric__attendance_overall_attendance_avg_3m,-1.96459,Reduces Risk
S2741,Placement,3,numeric__attendance_subject_attendance_avg_3m,-1.672414,Reduces Risk
S2741,Placement,4,numeric__attendance_subject_attendance_current,1.539428,Increases Risk
S2741,Placement,5,numeric__critical_attendance_flag,-0.997756,Reduces Risk
S2742,Placement,1,numeric__attendance_overall_attendance_current,-1.424375,Reduces Risk
S2742,Placement,2,numeric__engagement_club_participations_current,-1.194964,Reduces Risk
S2742,Placement,3,numeric__placement_aptitude_score_current,1.122187,Increases Risk
S2742,Placement,4,numeric__attendance_overall_attendance_avg_3m,1.114158,Increases Risk
S2742,Placement,5,numeric__attendance_subject_attendance_avg_3m,0.962007,Increases Risk
S2743,Placement,1,numeric__skills_soft_skills_score_std_3m,1.135864,Increases Risk
S2743,Placement,2,numeric__attendance_overall_attendance_current,-0.742959,Reduces Risk
S2743,Placement,3,numeric__skills_soft_skills_score_current,0.593188,Increases Risk
S2743,Placement,4,numeric__placement_aptitude_score_slope_3m,-0.44929,Reduces Risk
S2743,Placement,5,numeric__attendance_overall_attendance_std_3m,-0.434655,Reduces Risk
S2744,Placement,1,numeric__attendance_overall_attendance_current,-1.997629,Reduces Risk
S2744,Placement,2,numeric__attendance_overall_attendance_avg_3m,1.131838,Increases Risk
S2744,Placement,3,numeric__attendance_subject_attendance_current,-0.96332,Reduces Risk
S2744,Placement,4,numeric__attendance_subject_attendance_avg_3m,0.871369,Increases Risk
S2744,Placement,5,numeric__placement_mock_interview_score_current,-0.782749,Reduces Risk
S2745,Placement,1,numeric__attendance_overall_attendance_current,-1.110707,Reduces Risk
S2745,Placement,2,numeric__engagement_hackathons_attended_current,0.859109,Increases Risk
S2745,Placement,3,numeric__placement_aptitude_score_current,0.825212,Increases Risk
S2745,Placement,4,numeric__attendance_overall_attendance_avg_3m,0.677224,Increases Risk
S2745,Placement,5,numeric__academic_internal_marks_avg_3m,-0.655261,Reduces Risk
S2746,Placement,1,numeric__engagement_hackathons_attended_current,-1.050022,Reduces Risk
S2746,Placement,2,numeric__engagement_strength,0.961905,Increases Risk
S2746,Placement,3,numeric__placement_aptitude_score_current,-0.705355,Reduces Risk
S2746,Placement,4,numeric__academic_internal_marks_avg_3m,0.663362,Increases Risk
S2746,Placement,5,numeric__attendance_overall_attendance_std_3m,0.455241,Increases Risk
S2747,Placement,1,numeric__engagement_strength,2.082572,Increases Risk
S2747,Placement,2,numeric__engagement_hackathons_attended_current,-1.050022,Reduces Risk
S2747,Placement,3,numeric__low_lms_flag,0.913609,Increases Risk
S2747,Placement,4,numeric__attendance_overall_attendance_current,0.857826,Increases Risk
S2747,Placement,5,numeric__placement_mock_interview_score_current,0.822364,Increases Risk
S2748,Placement,1,numeric__attendance_overall_attendance_current,1.377,Increases Risk
S2748,Placement,2,numeric__low_lms_flag,0.913609,Increases Risk
S2748,Placement,3,numeric__academic_warning_score,-0.635087,Reduces Risk
S2748,Placement,4,numeric__attendance_overall_attendance_avg_3m,-0.633581,Reduces Risk
S2748,Placement,5,numeric__attendance_subject_attendance_current,0.624047,Increases Risk
S2749,Placement,1,numeric__engagement_strength,-1.652983,Reduces Risk
S2749,Placement,2,numeric__engagement_hackathons_attended_current,0.859109,Increases Risk
S2749,Placement,3,numeric__attendance_subject_attendance_current,-0.841622,Reduces Risk
S2749,Placement,4,numeric__academic_internal_marks_avg_3m,-0.70819,Reduces Risk
S2749,Placement,5,numeric__engagement_events_attended_current,0.689387,Increases Risk
S2750,Placement,1,numeric__attendance_overall_attendance_current,-1.175604,Reduces Risk
S2750,Placement,2,numeric__attendance_subject_attendance_current,-1.047979,Reduces Risk
S2750,Placement,3,numeric__engagement_strength,-0.905872,Reduces Risk
S2750,Placement,4,numeric__attendance_subject_attendance_avg_3m,0.800435,Increases Risk
S2750,Placement,5,numeric__attendance_overall_attendance_avg_3m,0.721422,Increases Risk
S2751,Placement,1,numeric__engagement_strength,-1.839761,Reduces Risk
S2751,Placement,2,numeric__engagement_hackathons_attended_current,1.813675,Increases Risk
S2751,Placement,3,numeric__placement_mock_interview_score_current,-0.856743,Reduces Risk
S2751,Placement,4,numeric__attendance_overall_attendance_avg_3m,0.846441,Increases Risk
S2751,Placement,5,numeric__attendance_overall_attendance_current,-0.775408,Reduces Risk
S2752,Placement,1,numeric__feedback_satisfaction_score_slope_3m,-0.70161,Reduces Risk
S2752,Placement,2,numeric__placement_mock_interview_score_current,-0.657527,Reduces Risk
S2752,Placement,3,numeric__placement_mock_interview_score_avg_3m,-0.624484,Reduces Risk
S2752,Placement,4,numeric__placement_aptitude_score_current,0.604383,Increases Risk
S2752,Placement,5,numeric__attendance_overall_attendance_avg_3m,0.513057,Increases Risk
S2753,Placement,1,numeric__attendance_overall_attendance_current,-0.99173,Reduces Risk
S2753,Placement,2,numeric__attendance_overall_attendance_avg_3m,0.891903,Increases Risk
S2753,Placement,3,numeric__engagement_strength,0.775128,Increases Risk
S2753,Placement,4,numeric__attendance_subject_attendance_avg_3m,0.62704,Increases Risk
S2753,Placement,5,numeric__skills_soft_skills_score_std_3m,0.534954,Increases Risk
S2754,Placement,1,numeric__attendance_overall_attendance_current,1.203942,Increases Risk
S2754,Placement,2,numeric__low_lms_flag,0.913609,Increases Risk
S2754,Placement,3,numeric__academic_internal_marks_avg_3m,-0.843965,Reduces Risk
S2754,Placement,4,numeric__attendance_subject_attendance_current,0.740454,Increases Risk
S2754,Placement,5,numeric__attendance_overall_attendance_avg_3m,-0.701773,Reduces Risk
S2755,Placement,1,numeric__engagement_hackathons_attended_current,2.76824,Increases Risk
S2755,Placement,2,numeric__engagement_strength,-1.466205,Reduces Risk
S2755,Placement,3,numeric__academic_internal_marks_avg_3m,0.921103,Increases Risk
S2755,Placement,4,numeric__placement_aptitude_score_current,-0.903339,Reduces Risk
S2755,Placement,5,numeric__engagement_hackathons_attended_std_3m,0.626239,Increases Risk
S2756,Placement,1,numeric__attendance_overall_attendance_current,1.149862,Increases Risk
S2756,Placement,2,numeric__engagement_hackathons_attended_current,0.859109,Increases Risk
S2756,Placement,3,numeric__placement_coding_score_slope_3m,-0.750604,Reduces Risk
S2756,Placement,4,numeric__attendance_overall_attendance_avg_3m,-0.643683,Reduces Risk
S2756,Placement,5,numeric__engagement_strength,-0.532317,Reduces Risk
S2757,Placement,1,numeric__attendance_overall_attendance_current,1.614955,Increases Risk
S2757,Placement,2,numeric__skills_soft_skills_score_std_3m,1.309639,Increases Risk
S2757,Placement,3,numeric__low_lms_flag,0.913609,Increases Risk
S2757,Placement,4,numeric__attendance_overall_attendance_avg_3m,-0.876042,Reduces Risk
S2757,Placement,5,numeric__attendance_subject_attendance_current,0.809239,Increases Risk
S2758,Placement,1,numeric__placement_coding_score_slope_3m,-0.839037,Reduces Risk
S2758,Placement,2,numeric__engagement_strength,0.775128,Increases Risk
S2758,Placement,3,numeric__attendance_overall_attendance_current,-0.645614,Reduces Risk
S2758,Placement,4,numeric__placement_mock_interview_score_current,-0.589224,Reduces Risk
S2758,Placement,5,numeric__skills_soft_skills_score_std_3m,-0.552924,Reduces Risk
S2759,Placement,1,numeric__attendance_overall_attendance_current,2.285554,Increases Risk
S2759,Placement,2,numeric__attendance_subject_attendance_current,1.089674,Increases Risk
S2759,Placement,3,numeric__critical_attendance_flag,-0.997756,Reduces Risk
S2759,Placement,4,numeric__attendance_overall_attendance_avg_3m,-0.961913,Reduces Risk
S2759,Placement,5,numeric__attendance_overall_attendance_std_3m,-0.806,Reduces Risk
S2760,Placement,1,numeric__engagement_strength,-1.652983,Reduces Risk
S2760,Placement,2,numeric__attendance_overall_attendance_current,1.625771,Increases Risk
S2760,Placement,3,numeric__attendance_subject_attendance_current,1.052636,Increases Risk
S2760,Placement,4,numeric__critical_attendance_flag,-0.997756,Reduces Risk
S2760,Placement,5,numeric__attendance_overall_attendance_avg_3m,-0.979593,Reduces Risk
S2761,Placement,1,numeric__engagement_strength,-1.09265,Reduces Risk
S2761,Placement,2,numeric__engagement_hackathons_attended_current,0.859109,Increases Risk
S2761,Placement,3,numeric__attendance_subject_attendance_current,-0.682885,Reduces Risk
S2761,Placement,4,numeric__feedback_faculty_rating_current,-0.548734,Reduces Risk
S2761,Placement,5,numeric__engagement_club_participations_current,-0.547287,Reduces Risk
S2762,Placement,1,numeric__placement_aptitude_score_current,-1.1927,Reduces Risk
S2762,Placement,2,numeric__engagement_hackathons_attended_current,-1.050022,Reduces Risk
S2762,Placement,3,numeric__attendance_overall_attendance_slope_3m,0.673895,Increases Risk
S2762,Placement,4,numeric__attendance_subject_attendance_current,-0.66172,Reduces Risk
S2762,Placement,5,numeric__feedback_satisfaction_score_current,-0.651384,Reduces Risk
S2763,Placement,1,numeric__attendance_overall_attendance_avg_3m,1.259382,Increases Risk
S2763,Placement,2,numeric__attendance_subject_attendance_current,-1.069144,Reduces Risk
S2763,Placement,3,numeric__attendance_subject_attendance_avg_3m,0.879251,Increases Risk
S2763,Placement,4,numeric__engagement_club_participations_current,-0.547287,Reduces Risk
S2763,Placement,5,numeric__attendance_overall_attendance_slope_3m,0.480178,Increases Risk
S2764,Placement,1,numeric__attendance_overall_attendance_avg_3m,-0.954336,Reduces Risk
S2764,Placement,2,numeric__attendance_overall_attendance_current,0.944355,Increases Risk
S2764,Placement,3,numeric__feedback_satisfaction_score_current,0.766574,Increases Risk
S2764,Placement,4,numeric__placement_mock_interview_score_avg_3m,0.683738,Increases Risk
S2764,Placement,5,numeric__placement_mock_interview_score_current,0.651607,Increases Risk
S2765,Placement,1,numeric__engagement_hackathons_attended_current,0.859109,Increases Risk
S2765,Placement,2,numeric__placement_aptitude_score_current,-0.842421,Reduces Risk
S2765,Placement,3,numeric__feedback_satisfaction_score_slope_3m,-0.527297,Reduces Risk
S2765,Placement,4,numeric__academic_internal_marks_slope_3m,-0.49585,Reduces Risk
S2765,Placement,5,numeric__feedback_faculty_rating_current,0.446977,Increases Risk
S2766,Placement,1,numeric__placement_aptitude_score_slope_3m,-0.691988,Reduces Risk
S2766,Placement,2,numeric__attendance_overall_attendance_current,-0.65643,Reduces Risk
S2766,Placement,3,numeric__placement_aptitude_score_current,0.535851,Increases Risk
S2766,Placement,4,numeric__placement_coding_score_slope_3m,0.498993,Increases Risk
S2766,Placement,5,numeric__skills_soft_skills_score_std_3m,0.463384,Increases Risk
S2767,Placement,1,numeric__attendance_overall_attendance_current,-1.229685,Reduces Risk
S2767,Placement,2,numeric__engagement_strength,-1.09265,Reduces Risk
S2767,Placement,3,numeric__engagement_hackathons_attended_current,0.859109,Increases Risk
S2767,Placement,4,numeric__attendance_overall_attendance_avg_3m,0.684801,Increases Risk
S2767,Placement,5,numeric__attendance_subject_attendance_current,-0.667011,Reduces Risk
S2768,Placement,1,numeric__academic_internal_marks_avg_3m,-0.807145,Reduces Risk
S2768,Placement,2,numeric__feedback_faculty_rating_current,-0.653972,Reduces Risk
S2768,Placement,3,numeric__feedback_satisfaction_score_slope_3m,-0.579591,Reduces Risk
S2768,Placement,4,numeric__placement_aptitude_score_current,0.543465,Increases Risk
S2768,Placement,5,numeric__academic_cgpa_avg_3m,-0.50883,Reduces Risk
S2769,Placement,1,numeric__academic_internal_marks_avg_3m,0.946417,Increases Risk
S2769,Placement,2,numeric__placement_aptitude_score_current,-0.910954,Reduces Risk
S2769,Placement,3,numeric__attendance_overall_attendance_current,0.84701,Increases Risk
S2769,Placement,4,numeric__attendance_overall_attendance_std_3m,-0.671448,Reduces Risk
S2769,Placement,5,numeric__attendance_subject_attendance_current,0.518222,Increases Risk
S2770,Placement,1,numeric__attendance_overall_attendance_current,2.988602,Increases Risk
S2770,Placement,2,numeric__engagement_strength,2.082572,Increases Risk
S2770,Placement,3,numeric__attendance_overall_attendance_avg_3m,-1.830732,Reduces Risk
S2770,Placement,4,numeric__attendance_subject_attendance_avg_3m,-1.359121,Reduces Risk
S2770,Placement,5,numeric__attendance_subject_attendance_current,1.33307,Increases Risk
S2771,Placement,1,numeric__placement_aptitude_score_slope_3m,-1.292346,Reduces Risk
S2771,Placement,2,numeric__placement_aptitude_score_current,0.916589,Increases Risk
S2771,Placement,3,numeric__placement_mock_interview_score_current,-0.469695,Reduces Risk
S2771,Placement,4,numeric__placement_coding_score_slope_3m,-0.46608,Reduces Risk
S2771,Placement,5,numeric__attendance_overall_attendance_current,-0.450924,Reduces Risk
S2772,Placement,1,numeric__attendance_overall_attendance_current,1.160678,Increases Risk
S2772,Placement,2,numeric__placement_aptitude_score_current,0.954662,Increases Risk
S2772,Placement,3,numeric__low_lms_flag,0.913609,Increases Risk
S2772,Placement,4,numeric__engagement_hackathons_attended_current,0.859109,Increases Risk
S2772,Placement,5,numeric__placement_aptitude_score_slope_3m,-0.781403,Reduces Risk
S2773,Placement,1,numeric__attendance_overall_attendance_current,-1.975997,Reduces Risk
S2773,Placement,2,numeric__low_aptitude_flag,-1.905883,Reduces Risk
S2773,Placement,3,numeric__placement_aptitude_score_current,-1.824725,Reduces Risk
S2773,Placement,4,numeric__attendance_overall_attendance_avg_3m,1.215184,Increases Risk
S2773,Placement,5,numeric__placement_coding_score_avg_3m,1.037054,Increases Risk
S2774,Placement,1,numeric__engagement_strength,-2.026538,Reduces Risk
S2774,Placement,2,numeric__engagement_events_attended_current,1.349088,Increases Risk
S2774,Placement,3,numeric__academic_internal_marks_avg_3m,0.980936,Increases Risk
S2774,Placement,4,numeric__placement_aptitude_score_current,-0.865265,Reduces Risk
S2774,Placement,5,numeric__placement_coding_score_slope_3m,0.610495,Increases Risk
S2775,Placement,1,numeric__placement_aptitude_score_current,1.289712,Increases Risk
S2775,Placement,2,numeric__attendance_overall_attendance_current,-1.164788,Reduces Risk
S2775,Placement,3,numeric__engagement_strength,-1.09265,Reduces Risk
S2775,Placement,4,numeric__engagement_hackathons_attended_current,0.859109,Increases Risk
S2775,Placement,5,numeric__academic_internal_marks_avg_3m,-0.795638,Reduces Risk
S2776,Placement,1,numeric__attendance_overall_attendance_current,-1.143156,Reduces Risk
S2776,Placement,2,numeric__academic_internal_marks_avg_3m,-0.745011,Reduces Risk
S2776,Placement,3,numeric__attendance_overall_attendance_avg_3m,0.664596,Increases Risk
S2776,Placement,4,numeric__placement_mock_interview_score_current,-0.640451,Reduces Risk
S2776,Placement,5,numeric__attendance_subject_attendance_avg_3m,0.599454,Increases Risk
S2777,Placement,1,numeric__attendance_overall_attendance_current,-1.640697,Reduces Risk
S2777,Placement,2,numeric__attendance_overall_attendance_avg_3m,1.331363,Increases Risk
S2777,Placement,3,numeric__attendance_subject_attendance_avg_3m,0.92654,Increases Risk
S2777,Placement,4,numeric__placement_mock_interview_score_current,-0.8169,Reduces Risk
S2777,Placement,5,numeric__placement_mock_interview_score_avg_3m,-0.680596,Reduces Risk
S2778,Placement,1,numeric__academic_internal_marks_avg_3m,-1.000451,Reduces Risk
S2778,Placement,2,numeric__placement_aptitude_score_current,0.878515,Increases Risk
S2778,Placement,3,numeric__placement_mock_interview_score_current,-0.703062,Reduces Risk
S2778,Placement,4,numeric__academic_cgpa_avg_3m,-0.659985,Reduces Risk
S2778,Placement,5,numeric__academic_cgpa_current,-0.611433,Reduces Risk
S2779,Placement,1,numeric__engagement_strength,-1.652983,Reduces Risk
S2779,Placement,2,numeric__attendance_overall_attendance_current,-1.586617,Reduces Risk
S2779,Placement,3,numeric__attendance_overall_attendance_avg_3m,1.301055,Increases Risk
S2779,Placement,4,numeric__attendance_subject_attendance_avg_3m,1.056586,Increases Risk
S2779,Placement,5,numeric__attendance_subject_attendance_current,-0.96332,Reduces Risk
S2780,Placement,1,numeric__engagement_hackathons_attended_current,-1.050022,Reduces Risk
S2780,Placement,2,numeric__attendance_overall_attendance_current,-0.970098,Reduces Risk
S2780,Placement,3,numeric__engagement_certifications_count_current,0.937282,Increases Risk
S2780,Placement,4,numeric__engagement_strength,-0.719094,Reduces Risk
S2780,Placement,5,numeric__placement_coding_score_slope_3m,-0.666016,Reduces Risk
S2781,Placement,1,numeric__academic_internal_marks_avg_3m,0.663362,Increases Risk
S2781,Placement,2,numeric__attendance_overall_attendance_current,0.554975,Increases Risk
S2781,Placement,3,numeric__low_attendance_flag,-0.491842,Reduces Risk
S2781,Placement,4,numeric__attendance_subject_attendance_current,0.481184,Increases Risk
S2781,Placement,5,numeric__placement_mock_interview_score_current,-0.435543,Reduces Risk
S2782,Placement,1,numeric__attendance_overall_attendance_current,1.074149,Increases Risk
S2782,Placement,2,numeric__academic_internal_marks_avg_3m,1.022359,Increases Risk
S2782,Placement,3,numeric__attendance_subject_attendance_current,0.592299,Increases Risk
S2782,Placement,4,numeric__placement_aptitude_score_current,-0.545445,Reduces Risk
S2782,Placement,5,numeric__academic_cgpa_avg_3m,0.52807,Increases Risk
S2783,Placement,1,numeric__low_aptitude_flag,-1.905883,Reduces Risk
S2783,Placement,2,numeric__placement_aptitude_score_current,-1.824725,Reduces Risk
S2783,Placement,3,numeric__engagement_strength,1.522238,Increases Risk
S2783,Placement,4,numeric__low_coding_flag,1.487088,Increases Risk
S2783,Placement,5,numeric__placement_coding_score_avg_3m,1.058695,Increases Risk
S2784,Placement,1,numeric__low_lms_flag,0.913609,Increases Risk
S2784,Placement,2,numeric__attendance_subject_attendance_current,0.862152,Increases Risk
S2784,Placement,3,numeric__attendance_overall_attendance_current,0.663136,Increases Risk
S2784,Placement,4,numeric__attendance_subject_attendance_avg_3m,-0.598548,Reduces Risk
S2784,Placement,5,numeric__low_attendance_flag,-0.491842,Reduces Risk
S2785,Placement,1,numeric__placement_aptitude_score_current,1.297327,Increases Risk
S2785,Placement,2,numeric__attendance_overall_attendance_current,-0.905201,Reduces Risk
S2785,Placement,3,numeric__placement_coding_score_slope_3m,-0.689085,Reduces Risk
S2785,Placement,4,numeric__placement_aptitude_score_slope_3m,-0.62812,Reduces Risk
S2785,Placement,5,numeric__placement_readiness_score,0.484109,Increases Risk
S2786,Placement,1,numeric__engagement_strength,-1.466205,Reduces Risk
S2786,Placement,2,numeric__engagement_certifications_count_current,0.937282,Increases Risk
S2786,Placement,3,numeric__attendance_overall_attendance_slope_3m,-0.698271,Reduces Risk
S2786,Placement,4,numeric__attendance_overall_attendance_std_3m,-0.558613,Reduces Risk
S2786,Placement,5,numeric__academic_internal_marks_avg_3m,-0.540198,Reduces Risk
S2787,Placement,1,numeric__attendance_overall_attendance_current,2.382899,Increases Risk
S2787,Placement,2,numeric__attendance_overall_attendance_avg_3m,-1.974693,Reduces Risk
S2787,Placement,3,numeric__attendance_subject_attendance_avg_3m,-1.802461,Reduces Risk
S2787,Placement,4,numeric__attendance_subject_attendance_current,1.232537,Increases Risk
S2787,Placement,5,numeric__critical_attendance_flag,-0.997756,Reduces Risk
S2788,Placement,1,numeric__attendance_overall_attendance_current,-1.781307,Reduces Risk
S2788,Placement,2,numeric__low_coding_flag,1.487088,Increases Risk
S2788,Placement,3,numeric__attendance_overall_attendance_avg_3m,1.391978,Increases Risk
S2788,Placement,4,numeric__attendance_subject_attendance_avg_3m,1.094024,Increases Risk
S2788,Placement,5,numeric__attendance_subject_attendance_current,-1.032106,Reduces Risk
S2789,Placement,1,numeric__engagement_strength,1.522238,Increases Risk
S2789,Placement,2,numeric__low_coding_flag,1.487088,Increases Risk
S2789,Placement,3,numeric__attendance_overall_attendance_current,1.420265,Increases Risk
S2789,Placement,4,numeric__engagement_hackathons_attended_current,-1.050022,Reduces Risk
S2789,Placement,5,numeric__attendance_subject_attendance_avg_3m,-0.998538,Reduces Risk
S2790,Placement,1,numeric__placement_aptitude_score_current,1.122187,Increases Risk
S2790,Placement,2,numeric__engagement_strength,0.775128,Increases Risk
S2790,Placement,3,numeric__feedback_satisfaction_score_slope_3m,-0.753904,Reduces Risk
S2790,Placement,4,numeric__academic_internal_marks_avg_3m,-0.685178,Reduces Risk
S2790,Placement,5,numeric__placement_mock_interview_score_current,-0.600608,Reduces Risk
S2791,Placement,1,numeric__engagement_hackathons_attended_current,1.813675,Increases Risk
S2791,Placement,2,numeric__attendance_overall_attendance_current,-1.52172,Reduces Risk
S2791,Placement,3,numeric__attendance_overall_attendance_avg_3m,1.313684,Increases Risk
S2791,Placement,4,numeric__engagement_strength,-1.279427,Reduces Risk
S2791,Placement,5,numeric__attendance_subject_attendance_avg_3m,0.958066,Increases Risk
S2792,Placement,1,numeric__engagement_hackathons_attended_current,0.859109,Increases Risk
S2792,Placement,2,numeric__academic_internal_marks_slope_3m,0.540395,Increases Risk
S2792,Placement,3,numeric__engagement_strength,-0.532317,Reduces Risk
S2792,Placement,4,numeric__placement_mock_interview_score_current,-0.532305,Reduces Risk
S2792,Placement,5,numeric__lms_logins_per_week_avg_3m,-0.531259,Reduces Risk
S2793,Placement,1,numeric__engagement_strength,1.522238,Increases Risk
S2793,Placement,2,numeric__feedback_satisfaction_score_slope_3m,1.111245,Increases Risk
S2793,Placement,3,numeric__engagement_hackathons_attended_current,-1.050022,Reduces Risk
S2793,Placement,4,numeric__placement_coding_score_slope_3m,-0.839037,Reduces Risk
S2793,Placement,5,numeric__feedback_faculty_rating_current,0.706024,Increases Risk
S2794,Placement,1,numeric__engagement_hackathons_attended_current,1.813675,Increases Risk
S2794,Placement,2,numeric__engagement_strength,-1.279427,Reduces Risk
S2794,Placement,3,numeric__attendance_overall_attendance_avg_3m,-0.663888,Reduces Risk
S2794,Placement,4,numeric__academic_internal_marks_avg_3m,-0.583922,Reduces Risk
S2794,Placement,5,numeric__feedback_satisfaction_score_slope_3m,-0.544728,Reduces Risk
S2795,Placement,1,numeric__attendance_overall_attendance_current,2.458612,Increases Risk
S2795,Placement,2,numeric__attendance_overall_attendance_avg_3m,-1.381169,Reduces Risk
S2795,Placement,3,numeric__critical_attendance_flag,-0.997756,Reduces Risk
S2795,Placement,4,numeric__attendance_subject_attendance_avg_3m,-0.931545,Reduces Risk
S2795,Placement,5,numeric__engagement_hackathons_attended_current,0.859109,Increases Risk
S2796,Placement,1,numeric__placement_coding_score_slope_3m,0.564356,Increases Risk
S2796,Placement,2,numeric__placement_coding_score_avg_3m,-0.482479,Reduces Risk
S2796,Placement,3,numeric__lms_assignment_completion_pct_current,0.471768,Increases Risk
S2796,Placement,4,numeric__lms_logins_per_week_avg_3m,0.438708,Increases Risk
S2796,Placement,5,numeric__feedback_satisfaction_score_slope_3m,-0.422709,Reduces Risk
S2797,Placement,1,numeric__placement_aptitude_score_current,1.228794,Increases Risk
S2797,Placement,2,numeric__engagement_strength,-1.09265,Reduces Risk
S2797,Placement,3,numeric__engagement_hackathons_attended_current,0.859109,Increases Risk
S2797,Placement,4,numeric__attendance_overall_attendance_current,-0.721327,Reduces Risk
S2797,Placement,5,numeric__feedback_faculty_rating_current,-0.653972,Reduces Risk
S2798,Placement,1,numeric__attendance_overall_attendance_current,-1.748858,Reduces Risk
S2798,Placement,2,numeric__attendance_overall_attendance_avg_3m,1.407132,Increases Risk
S2798,Placement,3,numeric__attendance_subject_attendance_avg_3m,1.009297,Increases Risk
S2798,Placement,4,numeric__engagement_strength,-0.905872,Reduces Risk
S2798,Placement,5,numeric__attendance_subject_attendance_current,-0.788709,Reduces Risk
S2799,Placement,1,numeric__academic_internal_marks_avg_3m,1.07989,Increases Risk
S2799,Placement,2,numeric__engagement_certifications_count_current,0.937282,Increases Risk
S2799,Placement,3,numeric__engagement_strength,-0.905872,Reduces Risk
S2799,Placement,4,numeric__placement_aptitude_score_slope_3m,-0.734566,Reduces Risk
S2799,Placement,5,numeric__placement_aptitude_score_current,-0.690126,Reduces Risk
S2800,Placement,1,numeric__attendance_overall_attendance_current,-1.153972,Reduces Risk
S2800,Placement,2,numeric__placement_mock_interview_score_current,-0.942121,Reduces Risk
S2800,Placement,3,numeric__skills_soft_skills_score_std_3m,0.805271,Increases Risk
S2800,Placement,4,numeric__placement_mock_interview_score_avg_3m,-0.799234,Reduces Risk
S2800,Placement,5,numeric__placement_aptitude_score_current,0.756679,Increases Risk
