student_id,month,overall_attendance,subject_attendance
S2331,2,85.5,84.3
S2407,5,81.7,88.6
S2310,6,83.8,97.9
S2238,6,79.2,75.2
S1295,5,94.2,90.2
S1139,1,91.8,87.4
S1221,3,89.3,89.9
S2197,1,64%,58.3
S2339,1,74.2,74.7
S2748,4,74%,72.5
S1440,5,62.6,60.6
S2072,3,93.9,96.4
S2705,4,88.4,90.0
S2279,4,63.1,60.7
S1378,4,87.8,88.0
S2061,1,74.1,77.3
S2235,4,74.1,72.0
S2557,5,71.1,63.1
S2494,3,81.2,81.1
S2106,6,112/100,94.1
S1493,4,85/100,89.2
S1444,6,98.4,95.9
S2651,1,76.5,72.6
S2527,3,89.6,85.5
S2238,1,77.6,76.8
S1424,6,90.4,91.7
S2540,1,88.3,94.6
S1494,6,89.0,90.0
S1113,4,112/100,78.1
S1320,5,87.4,83.5
S2678,3,78.3,81.0
S2136,3,65.6,59.3
S2388,5,88.4,81.4
S2235,5,76.5,77.8
S1312,2,83.3,86.2
S1036,3,81.2,87.2
S2737,5,90.7,100.0
S1072,4,76.7,79.9
S1504,1,78.3,82.7
S2052,3,73.7,73.2
S1249,4,74.5,82.9
S2337,5,83.3,79.4
S2386,5,85.2,86.8
S2770,3,58.8,55.0
S2018,2,91.9,94.6
S1054,1,88.8,90.3
S1100,1,77.0,77.5
S2166,2,89.0,91.1
S1266,6,68.8,71.4
S1180,5,78.6,75.4
S1024,3,87.6,86.2
S2739,3,88.6,94.7
S2443,1,77.3,76.0
S2392,5,84.1,86.3
S1229,2,85.2,83.0
S1578,2,79.0,77.9
S2245,4,76.2,81.1
S2142,2,88.2,89.3
S2038,5,77.0,73.2
S2681,1,83.6,89.4
S2041,3,73%,59.5
S2177,6,82.1,85.9
S2351,6,70%,75.9
S1522,2,63.0,67.1
S2214,2,77.4,79.7
S1127,3,61.3,65.5
S2249,5,60.8,54.5
S1545,2,112/100,80.6
S2259,5,87.5,89.6
S1242,1,68/100,61.4
S1371,4,85.1,86.0
S2407,6,87.1,88.9
S1478,3,92.6,91.1
S1579,6,82.3,85.2
S2527,2,91.3,96.3
S2086,6,90.6,85.9
S1095,4,83.6,79.3
S2321,3,79.1,77.2
S2183,2,83.6,85.4
S1090,5,66.9,65.7
S1590,5,85.8,90.9
S2644,3,97.0,94.0
S1167,2,84.9,90.2
S1344,4,91.0,95.6
S2213,6,81.3,81.0
S2356,1,59.1,52.7
S2395,3,74.0,69.6
S1292,1,70.1,71.5
S2786,2,85.0,87.6
S1194,1,89.4,86.9
S2047,2,81.6,77.6
S2261,6,68.3,67.2
S1528,4,79.1,77.9
S1277,4,76.1,71.7
S2313,5,89.2,85.9
S1510,6,90.0,83.5
S2750,6,90.8,99.6
S1540,5,66.9,66.8
S2081,2,67%,64.8
S1553,6,59.8,58.2
S2164,5,82.1,87.0
S2239,1,94.7,95.6
S2648,3,75.3,81.5
S2798,4,100%,100.0
S2652,3,78.9,77.1
S1553,1,58/100,49.3
S2543,2,96.3,97.5
S1003,3,70.5,68.2
S2254,3,77.5,88.0
S2448,5,80.1,77.3
S1542,1,94.4,90.2
S2493,1,70.7,71.5
S2352,5,94.9,93.7
S1491,2,91.6,96.9
S1567,4,89/100,100.0
S1108,6,85.4,82.9
S1251,2,76.8,86.2
S1580,4,92.3,90.9
S2436,5,89.9,94.5
S1544,3,76.9,74.8
S2293,3,89.6,88.3
S2111,3,80.9,80.4
S2175,2,84.8,80.0
S2037,2,72.1,66.9
S1104,6,72.9,79.4
S2431,3,83.8,81.6
S2082,2,72.9,73.3
S2099,3,91.1,93.2
S1053,4,87.1,93.8
S1256,3,74.0,60.2
S1217,5,72.9,72.4
S1016,4,73.3,77.9
S2097,5,112/100,100.0
S2345,6,94.1,88.4
S2679,4,54.5,55.4
S1307,5,56%,50.4
S2168,3,93.9,91.1
S2185,1,87.3,86.3
S2295,2,61.0,62.6
S1234,3,90.5,89.7
S2026,6,75.7,79.7
S2246,5,76.5,77.0
S2325,4,78.2,82.6
S1006,4,78.5,79.7
S2414,3,95.2,100.0
S2636,3,90.6,92.4
S1271,4,77.7,74.3
S2646,3,77.4,75.6
S1442,3,64.6,64.8
S2745,2,83.4,84.9
S1436,2,84.3,81.4
S1267,3,74.0,74.3
S1015,5,83.5,79.9
S1366,2,89.0,83.8
S1180,3,70.7,78.4
S1175,1,68.6,68.6
S1223,3,88.4,92.7
S2268,5,83.3,84.3
S1298,3,77.4,82.4
S2356,2,62.7,65.9
S2145,3,68.8,80.2
S2754,4,70.7,68.8
S2462,1,96.4,90.7
S1468,1,83.8,78.4
S1247,5,100%,96.9
S2695,3,63.1,62.9
S1124,5,81.9,79.6
S2119,6,83.4,84.5
S2358,5,89.7,91.3
S1432,1,78.5,77.0
S2218,6,67.0,65.2
S1077,6,97.0,100.0
S2254,1,73.3,73.3
S1204,2,69.4,64.4
S2608,2,84.7,92.3
S2696,6,68.6,72.1
S2361,3,81.3,86.2
S1188,2,76.0,76.5
S1453,5,75.9,73.5
S2056,2,88.3,99.3
S2597,6,88.0,84.3
S1355,1,77.7,77.0
S2616,6,68.3,64.6
S2502,1,94%,94.9
S1192,4,69.6,73.1
S1272,1,85.0,87.1
S1003,6,73.3,74.1
S1317,2,67.8,66.5
S1559,5,78.7,79.3
S1376,2,93.0,87.6
S2120,1,84%,82.3
S2301,5,99.2,97.1
S1320,6,85.3,82.7
S1282,6,75.2,74.4
S1481,1,78.4,79.7
S2439,4,69.0,66.0
S2533,3,66%,65.6
S1450,4,61.8,63.2
S2165,1,67.8,65.9
S1322,1,83.3,77.4
S2123,1,68/100,67.3
S1157,5,80.1,78.4
S1597,5,75.1,72.6
S2552,3,84.8,86.6
S1038,1,84.0,78.1
S1258,4,75.4,73.5
S2357,2,90.5,93.2
S2126,6,77.6,73.5
S1040,6,85.9,87.6
S1369,1,90.3,89.2
S2143,2,66.2,63.6
S2184,3,83.3,84.4
S2049,2,87.4,86.0
S1421,2,72.7,66.4
S2053,5,84.6,90.1
S1107,2,70.9,66.2
S2320,2,81.3,81.2
S2500,1,91.6,95.5
S2650,2,90.9,89.7
S1094,1,85.3,91.7
S2297,2,87.8,87.2
S2257,2,81.8,80.4
S1064,2,100%,97.7
S1200,6,70.2,63.9
S1396,4,84.6,81.4
S2556,3,112/100,84.8
S2345,3,83.3,85.1
S2357,1,94.1,96.5
S2088,1,81.1,80.1
S1535,3,72.0,71.3
S2455,3,94.5,95.0
S2400,5,84/100,85.8
S2401,1,99.8,100.0
S2369,2,81.4,73.9
S2389,2,71.0,69.5
S1442,6,59.6,54.7
S2480,3,82.1,82.5
S2325,3,81.5,84.4
S1357,3,89.1,87.9
S1190,6,68.9,65.3
S2614,4,49.4,51.5
S2180,5,78.8,86.5
S2315,2,72.0,69.2
S2018,5,93.0,89.6
S2610,1,98.9,99.6
S2589,2,85.1,78.4
S1233,2,79.7,85.7
S2492,4,82.1,81.9
S1037,6,91.0,90.3
S2295,5,66.5,57.1
S2602,2,94.3,88.9
S2313,2,90.5,92.8
S2057,4,86.4,86.8
S2221,4,87.8,91.9
S2688,1,82.7,88.6
S2554,3,59.4,62.7
S1058,5,84.0,81.4
S2295,3,67.7,62.3
S1517,3,94.3,94.9
S2461,6,83.5,79.9
S2208,3,87.1,81.3
S1031,6,92.5,95.7
S2333,3,63.8,64.5
S2342,2,81.1,84.3
S1574,4,76.9,77.7
S2460,3,87.6,90.9
S2672,1,95.6,92.3
S1179,1,87.2,93.1
S1166,5,80.3,77.2
S1514,1,76.6,73.5
S1330,5,81.8,82.2
S1119,3,85.8,85.0
S2233,2,72.0,70.4
S1196,6,72.1,66.9
S1590,1,92.2,99.5
S2568,6,88.8,97.1
S1221,4,88.1,85.3
S2684,1,81.0,79.5
S1512,4,80.6,78.9
S2676,1,88.2,89.7
S2507,3,83.2,86.3
S1473,2,85.8,81.1
S2403,2,90.4,90.1
S1041,6,79.7,81.5
S2335,5,75.1,78.7
S1266,4,64/100,69.2
S1082,2,76.3,76.4
S2628,5,72.4,73.2
S2416,3,60%,71.8
S2668,5,79.0,73.8
S1311,5,85.0,84.3
S2634,2,83.4,83.2
S2744,3,100,98.9
S2001,2,68.0,72.5
S1224,2,78.5,81.9
S2212,5,70.1,63.3
S2575,2,78.0,69.9
S2499,2,65.5,69.3
S2161,1,88.4,81.5
S1529,5,75.3,76.6
S1551,6,74.2,77.4
S2500,4,96.1,100.0
S1101,2,79/100,77.5
S1420,2,60%,59.3
S1059,6,85.2,89.5
S1039,6,60/100,62.6
S2707,5,71.4,70.9
S2508,6,98.4,96.8
S2030,4,62.4,62.8
S1177,1,89.6,91.0
S2317,6,82.9,83.6
S2043,6,78.4,68.7
S1430,3,90.1,96.9
S2461,3,77.5,82.3
S2772,3,78.6,73.7
S2711,2,90.8,91.5
S2169,2,83.4,78.6
S2782,2,81.3,77.6
S2415,5,91.6,88.8
S2520,6,92.7,96.1
S1004,2,89.8,95.6
S2534,3,74.9,69.4
S2577,3,95%,95.1
S1516,6,79.4,82.5
S1054,2,89.2,82.6
S1446,4,61.6,56.1
S2777,2,96.6,98.6
S1523,1,85.0,84.5
S1215,4,74.4,67.1
S1459,4,83.3,78.4
S2450,6,67.7,72.4
S1337,3,77.2,82.7
S2751,1,91%,92.2
S2679,3,57.3,51.0
S1552,4,94.6,99.7
S2717,2,88.4,89.3
S1479,1,86.5,84.1
S1029,2,75.4,76.1
S2728,6,82.1,85.9
S2168,2,88.0,83.7
S2507,2,82.8,82.4
S1061,1,73.8,71.2
S1279,3,85.2,80.1
S2108,6,85.5,82.2
S1002,3,67/100,72.4
S1268,5,83.5,85.3
S2557,1,76.6,77.0
S1567,2,88.6,76.2
S1081,4,72.3,69.9
S2532,6,112/100,70.4
S1573,2,83/100,81.9
S2510,3,78.1,75.8
S2636,1,80%,77.3
S2771,6,84.1,81.3
S1229,6,91.0,84.2
S1566,6,51.8,55.4
S2641,1,82.5,80.7
S2398,2,96.4,100.0
S1445,6,76.4,79.7
S1387,3,74.6,77.4
S2719,3,66.9,65.0
S2294,6,70.6,74.3
S1429,3,75.0,74.2
S1086,2,74%,77.3
S1326,5,65%,62.2
S1287,3,91.9,88.3
S2472,6,80.1,79.0
S2158,5,88.2,88.7
S2484,4,76.3,71.5
S1221,1,94.4,91.3
S2329,3,88%,92.1
S1195,5,79.6,74.0
S2795,4,61.3,65.3
S2465,5,98.6,100.0
S1240,4,81.3,83.7
S1117,5,79.6,74.7
S2075,3,76.7,78.1
S2773,5,93.0,88.3
S1564,2,71.7,72.6
S2100,5,66%,73.4
S2285,6,80.1,83.0
S1270,4,100,100.0
S2374,3,82.9,88.0
S2151,3,112/100,77.1
S2088,4,82.2,77.3
S2694,4,79.1,76.8
S1125,5,90.6,89.0
S1308,3,94.0,96.5
S1478,6,96.8,97.2
S2774,5,82.8,80.7
S2368,6,79%,86.6
S2379,6,80.2,88.9
S1076,4,74.2,75.5
S1340,3,76.2,75.1
S1292,2,67.9,65.5
S1017,4,71.0,69.2
S2306,1,74%,75.8
S2044,4,74.4,73.0
S1277,1,74.7,79.9
S2357,4,88.2,86.7
S1091,1,79.3,75.8
S2519,4,84.1,82.8
S1049,4,92.7,92.6
S2119,2,83.3,79.1
S1282,3,71%,66.3
S2192,5,92.1,92.4
S2076,6,89.5,81.8
S1307,4,60%,61.0
S1535,5,71.4,74.0
S2267,5,85.1,81.4
S1387,1,82.4,78.9
S2635,4,66.4,65.4
S2641,4,84.2,92.8
S1529,2,75.8,70.3
S2388,3,91.3,95.0
S2419,6,78.5,71.5
S2440,4,72.8,78.1
S2287,3,74%,75.7
S2241,1,53.7,52.1
S2448,4,81.0,76.9
S2224,2,84%,84.5
S2591,2,74.5,76.9
S1128,2,79.4,74.7
S1502,1,80.9,83.5
S1208,3,82.3,91.5
S1584,1,84/100,89.1
S1304,3,83.3,86.5
S2590,2,98.2,95.4
S2585,3,94.4,94.6
S2659,1,94.4,100.0
S2137,3,78.6,78.7
S1171,3,83.6,85.5
S2157,4,64.8,64.3
S2236,4,66.6,60.8
S2171,3,92.7,87.9
S2251,4,69.4,68.9
S2499,4,69.0,71.7
S2332,6,90.8,94.4
S1085,6,112/100,84.4
S2182,1,57.1,52.5
S1274,5,62.1,61.9
S2613,2,85.4,83.3
S2324,1,92.7,97.8
S2698,1,79.5,82.1
S2347,4,112/100,67.7
S2771,6,84.1,81.3
S2275,4,98.4,100.0
S1362,1,90.7,88.0
S1181,5,83.0,84.1
S1161,6,57.0,52.6
S2239,6,82.9,90.2
S2433,3,78.4,74.8
S2648,5,79.1,80.2
S2583,5,82.3,78.2
S2337,2,84.3,86.8
S1176,6,76.6,76.9
S2196,2,68.8,72.7
S2129,1,112/100,63.8
S1425,6,86.6,77.5
S1500,6,84.4,87.9
S2087,6,91.0,92.6
S2167,2,80.0,83.1
S1214,4,84.4,91.0
S2135,6,58.8,53.7
S1092,6,86.1,76.3
S2689,2,77%,69.3
S1501,3,66.8,70.2
S2393,5,68.8,68.2
S1289,5,64.6,61.9
S2695,1,77.2,76.3
S2422,2,91.3,94.9
S1474,3,81.9,83.2
S1387,2,81.5,78.7
S1111,5,91%,94.3
S1507,1,100,96.2
S2207,5,74.3,78.8
S1491,4,78.7,82.0
S2271,2,83.8,80.8
S1077,2,94.2,88.6
S2694,2,82.4,82.4
S2336,4,90.4,85.2
S2134,4,77/100,81.0
S2265,2,83.7,82.9
S2084,3,94.0,96.0
S1093,3,73.2,75.9
S2700,1,68.0,68.7
S1537,2,81.5,83.1
S1056,1,64%,73.6
S1550,6,87.6,89.4
S1390,4,86.0,93.2
S2153,1,71/100,67.9
S1188,6,77.0,77.7
S2128,5,87.8,94.4
S2602,5,86.6,89.1
S1219,6,81.4,84.4
S2137,6,81.5,86.8
S2731,1,86.6,82.7
S1186,6,85.6,87.2
S1485,5,81.1,83.0
S2085,1,73.7,70.1
S2037,5,60.4,59.7
S1225,3,79.2,80.2
S2696,4,65.7,68.7
S1004,6,84.0,87.6
S1421,4,65.6,68.1
S2289,4,67.1,77.9
S2524,6,95.3,98.2
S1430,4,94%,94.4
S1288,5,78.9,76.6
S1375,6,85%,86.6
S2711,4,93.7,95.7
S1180,2,75.7,77.5
S1412,6,66.3,77.7
S2470,5,82.8,81.0
S1352,5,75.3,74.5
S1510,5,91.8,96.6
S1408,5,78.3,77.4
S1303,6,86.0,89.5
S1367,6,77.7,76.8
S1382,3,88.7,86.0
S2670,5,88.8,91.1
S2623,5,67.4,63.5
S1559,2,78.9,78.4
S2133,3,69.1,71.5
S1587,5,112/100,66.6
S1235,2,72.6,73.2
S1393,6,82.3,77.4
S1222,5,112/100,80.5
S1237,6,94.7,91.1
S2579,4,82.5,81.5
S1363,6,100,98.8
S2460,5,87.3,84.4
S2163,4,95.0,89.8
S2189,4,78.9,75.7
S1466,5,88.5,87.9
S2453,6,65%,70.8
S1505,1,90.0,91.4
S1173,3,67.7,66.0
S2606,3,88.7,95.3
S2412,4,69.6,74.5
S1510,2,89.4,85.0
S1550,2,89.2,87.5
S1166,6,81.5,76.3
S2627,3,68.7,70.2
S1356,2,59.4,64.9
S2603,1,79.8,83.5
S2301,4,97.8,99.7
S1042,3,86.2,89.4
S1136,2,82.4,82.8
S1591,5,86.5,83.7
S1252,4,78.0,68.2
S2740,2,89.4,93.9
S1044,6,79.7,80.8
S1380,2,95.9,94.7
S1420,4,61.4,65.6
S1338,1,84.5,81.8
S2318,1,68.3,74.8
S1089,5,57.6,65.6
S2641,5,84.1,85.6
S2611,5,100,94.2
S2753,3,87.9,93.4
S1141,2,89.4,86.3
S2260,2,89%,85.4
S1156,3,75.7,78.2
S2631,4,92.4,88.1
S1409,6,77.7,75.0
S1492,3,77%,77.0
S2443,5,74.5,75.9
S2399,3,78.4,79.6
S2118,2,94.5,100.0
S2212,5,70.1,63.3
S1184,6,90%,94.7
S2193,4,85.2,94.5
S1200,2,73.0,72.1
S1403,1,86.8,83.4
S2305,3,80.3,74.2
S1261,2,112/100,85.5
S2674,3,78.6,75.6
S1200,4,75.8,73.1
S2129,3,65.5,62.1
S1145,5,90.8,95.1
S1169,3,71.5,76.2
S2741,4,55.0,52.6
S1037,2,83.7,90.2
S1553,4,56.7,56.4
S1359,2,73.6,75.5
S2559,4,72.6,69.5
S1114,5,88.7,84.1
S2475,6,76.6,76.8
S2464,3,72.1,77.0
S2352,2,88.1,89.1
S2009,6,89.3,88.0
S2434,2,112/100,56.5
S2156,5,93.9,86.5
S2014,5,80.2,81.5
S2074,4,85.3,85.1
S2311,3,85.6,86.0
S1182,5,88.4,84.9
S1123,2,78.2,80.6
S2305,4,74.4,83.1
S2405,1,87/100,100.0
S1272,6,87.5,84.2
S1182,2,88.6,94.4
S1009,3,81.1,75.8
S1243,1,80.6,78.6
S2416,2,63.1,67.0
S2354,5,90.7,93.4
S2533,6,52.9,58.0
S1143,5,84.5,84.3
S1320,3,88.3,91.6
S2109,1,74.5,76.8
S1279,5,88.5,84.3
S1239,2,75.7,73.8
S1255,4,77.5,81.2
S2516,6,89.2,89.4
S1442,1,62.2,65.5
S2195,6,65.7,66.3
S2728,5,82.6,80.4
S1419,6,67.7,67.5
S1017,6,55.2,49.8
S2343,3,91.2,90.4
S2444,4,60.3,62.7
S2676,4,87.8,84.3
S1525,5,93.2,93.5
S1123,5,77.5,74.7
S2654,6,75.9,79.2
S1154,4,91.6,92.7
S2494,4,92.1,89.5
S1407,6,87/100,85.1
S2185,3,87.8,90.1
S2346,3,93.1,95.8
S1246,1,92.7,93.6
S2300,1,82.6,80.6
S2359,4,77.9,76.6
S1569,6,73.4,68.0
S2649,4,87.6,85.9
S2596,6,49.9,55.4
S1469,5,53%,53.8
S2178,2,81.7,81.3
S2086,4,88.7,82.7
S1380,3,97.6,91.5
S2141,3,53.7,44.9
S1345,4,69.9,73.0
S1483,6,98%,99.8
S1323,3,88.8,92.3
S1270,3,94.7,89.3
S1237,5,97.9,97.9
S1258,3,75.1,76.9
S2764,2,68.2,70.4
S2308,3,76.8,77.6
S2609,2,73.1,79.3
S2075,5,85.2,85.9
S2053,4,89.8,89.0
S1524,6,47.9,48.9
S1416,3,90.4,93.9
S1031,1,91.7,90.1
S1172,2,79.3,76.6
S1484,3,76.4,74.5
S1335,5,83.6,82.9
S1059,2,78.9,82.0
S2462,3,99.7,98.5
S2789,2,73.5,72.7
S2734,4,85.8,89.5
S2748,2,80.3,86.5
S1500,3,89.1,91.1
S1488,1,66.6,71.3
S2437,3,74.8,76.9
S2555,3,99.5,95.2
S2187,6,75.4,77.6
S2719,5,62.3,65.1
S2654,3,79.4,82.4
S1411,6,96.1,97.6
S2291,1,75%,83.0
S2727,4,68.0,63.9
S2531,3,83.6,79.2
S2196,4,80.6,83.8
S1175,3,64.5,66.8
S1491,6,76.6,77.1
S2580,6,68.9,77.2
S1105,2,71.9,72.9
S2545,2,70.5,66.4
S2700,5,74.3,70.3
S1343,6,77.9,82.1
S1113,5,86.3,86.5
S2469,2,86.8,81.7
S2107,6,78.0,78.8
S1253,5,88%,83.8
S2738,6,83.6,84.8
S1279,4,85.6,88.5
S1314,3,86.6,87.0
S1513,5,82.7,84.5
S2072,4,90.8,91.2
S1527,6,66.3,69.1
S2768,5,77.7,74.9
S2077,1,68.3,75.4
S1455,5,90.7,94.2
S1132,4,83.1,82.3
S1066,4,74.3,79.2
S2724,5,90.3,90.0
S2223,1,84.6,88.9
S2428,2,90.2,88.6
S1299,3,83.6,76.3
S1494,3,90.2,89.6
S2692,4,90.5,88.0
S2249,3,64.9,64.2
S2546,1,90.5,99.1
S2507,4,76.0,70.2
S1098,5,71.1,76.2
S2399,4,85.7,85.1
S1152,3,71.4,68.0
S1480,6,85.4,81.4
S2154,5,82.0,83.0
S1488,5,64.6,67.0
S2629,6,50.4,50.0
S2299,4,75.0,75.4
S1170,4,70.6,73.5
S2725,3,86.4,84.1
S1145,3,83.8,89.8
S1029,5,66.2,63.7
S2720,4,72.1,75.5
S2269,4,80.0,77.7
S2611,2,93.7,90.6
S2474,5,81.6,86.0
S1284,2,80.1,79.6
S1020,6,57.0,59.2
S2003,6,86%,87.9
S1045,4,66.3,68.2
S2360,5,87.7,86.9
S1300,1,87.7,88.2
S1269,1,95.0,95.1
S1416,6,87.5,86.3
S2704,1,87.8,88.3
S2789,1,80.2,78.4
S2436,2,91.6,92.0
S2559,3,72.3,67.4
S2769,2,86.0,86.3
S2331,4,86.2,89.4
S2600,5,95.5,90.0
S1358,3,67.8,65.9
S2675,6,83.6,79.6
S1258,2,74.5,73.0
S1579,3,81.5,85.2
S1089,6,51.3,42.0
S2040,5,92.9,91.3
S2371,6,75.7,76.0
S1415,1,92.7,88.9
S1011,6,85.7,85.4
S2029,4,84.7,85.2
S2218,1,80.0,83.2
S1060,1,73.6,71.0
S2592,3,112/100,86.2
S1124,6,77.8,75.9
S1397,2,93.9,92.1
S1381,1,87.2,91.7
S2661,6,100,96.7
S2343,1,97.7,94.3
S1128,5,71.7,71.8
S2425,1,59.8,56.7
S1089,1,76.8,71.0
S1079,5,74.9,78.6
S1139,6,100,98.2
S2656,3,87.9,87.3
S2216,2,100,100.0
S2450,3,70.9,70.4
S1216,6,90.6,88.4
S1262,4,90.6,88.6
S1054,6,86.5,79.3
S2499,3,66.9,68.6
S1503,1,89.6,91.3
S1375,2,86.6,88.7
S2358,2,95.3,100.0
S2359,6,73.6,77.7
S1298,2,77.0,81.7
S1168,1,93.2,96.8
S1557,2,85%,87.7
S2726,5,75.0,74.9
S1122,5,67.2,63.1
S2242,4,72.6,65.2
S1155,4,71.5,66.1
S2088,6,78.8,85.3
S2422,5,81/100,79.1
S2032,6,96.2,96.7
S2091,2,75.4,75.0
S2301,3,97.6,93.9
S2336,3,74.9,73.5
S1024,3,87.6,86.2
S1352,6,70.6,70.8
S1511,6,76.9,73.4
S1087,3,70.6,79.2
S2058,3,100,100.0
S1525,2,96.1,92.4
S2067,6,79.9,80.2
S2334,2,66.8,74.0
S2427,2,75.4,76.4
S1504,6,81.2,82.4
S2680,5,90.3,90.3
S1481,5,82.9,89.0
S2517,6,95.5,100.0
S1276,1,84.2,82.4
S1455,6,91.1,92.6
S1197,1,86.6,82.9
S2746,6,112/100,81.4
S2383,2,84.9,85.2
S2486,6,85.8,90.8
S2095,2,92.3,88.8
S1001,5,93.1,90.5
S2636,2,87.3,87.2
S2694,5,72.3,71.4
S2352,3,93.7,94.8
S1386,1,86.1,87.0
S2480,4,83.9,83.6
S1270,2,94.6,93.6
S2290,2,59.5,60.7
S1240,5,81.3,81.6
S2421,5,83.6,78.4
S2115,5,99%,99.1
S2438,3,76.3,68.6
S1253,1,83.0,86.4
S2435,3,69%,69.0
S2273,4,76.1,75.7
S2722,4,76.0,68.8
S2577,2,90.7,91.9
S2442,5,84.4,82.2
S2613,5,91.2,87.4
S2187,2,70/100,69.9
S2272,1,91.0,91.5
S1261,3,85.1,85.2
S2184,4,82.5,82.7
S1581,3,94.0,93.1
S2731,4,88/100,89.0
S2211,3,94.4,91.2
S2411,4,61.1,58.8
S1030,4,92.8,93.3
S1423,3,79.8,81.1
S1023,1,74.1,73.7
S2447,5,81.8,74.6
S1569,5,72.8,71.4
S2270,6,78.7,82.2
S2094,4,75.5,78.3
S1222,3,76%,75.4
S2348,3,81.3,82.1
S1431,6,89.4,91.6
S1375,3,83.8,88.6
S1502,2,80.6,79.2
S1198,2,85.7,84.3
S1524,5,57.6,55.5
S1192,2,70.9,67.5
S2489,2,76.3,80.3
S1237,2,93.2,89.5
S1235,3,71.7,71.8
S2330,4,80%,83.8
S1025,6,69.9,76.9
S1464,1,89.8,95.3
S2192,2,83.4,79.1
S1211,4,66.5,66.3
S2250,6,84.7,91.3
S1069,4,78%,87.4
S1069,1,87.5,84.7
S2074,6,88.1,91.1
S2135,4,68.9,74.8
S2735,5,87.1,91.4
S1027,2,75.3,72.8
S2122,6,69.3,67.2
S1246,3,85.3,80.5
S2722,5,76.7,69.4
S2050,5,75.2,74.4
S1378,2,83%,81.8
S1290,6,73.2,71.0
S1325,2,75.0,83.8
S1034,2,65.6,70.4
S1561,6,82.9,84.0
S1119,5,87.6,88.0
S2179,4,94.9,92.6
S2731,2,93.9,99.3
S1007,2,90.9,93.7
S1574,6,64.9,68.6
S2126,3,70.3,69.9
S1387,6,74.0,76.8
S2362,3,81.6,81.9
S2253,1,84.2,79.7
S1174,1,80.3,76.8
S2731,3,86.6,88.0
S2092,2,72.8,72.4
S1177,2,96.9,99.1
S2068,3,79.1,79.7
S1225,6,82.0,86.8
S2103,4,66.1,64.3
S1310,5,51.8,44.6
S2459,2,85.3,84.0
S1147,4,85.3,85.1
S2226,1,91.0,86.7
S2334,1,71.4,72.2
S2723,2,77.4,81.3
S1566,4,55.6,56.7
S1016,6,67.6,63.1
S1391,5,84.8,81.6
S2047,6,86.8,83.3
S2581,3,88.9,94.3
S1191,3,66.0,63.3
S2099,5,81.8,81.7
S2133,1,68.8,68.8
S2099,2,94.4,91.5
S2069,3,71.1,73.8
S1291,1,72.7,68.6
S2206,5,71.0,73.8
S2186,5,88.6,82.4
S2780,3,87.9,82.9
S1414,4,76.0,79.4
S1133,3,78.2,79.2
S2019,3,80.3,75.0
S2563,6,81.5,83.9
S2146,2,85.8,91.9
S1329,4,83.6,81.5
S1338,4,77.8,73.8
S1042,6,74.5,81.3
S1460,2,72.9,69.8
S1056,5,50%,57.6
S2538,4,83.1,85.4
S1089,3,63.6,62.0
S2147,3,74.5,78.5
S1511,5,78.0,72.4
S2341,2,72.1,75.9
S2454,5,85.8,80.5
S1415,2,80.8,87.0
S2371,3,79.7,75.4
S2657,4,85.8,90.6
S1253,2,78.5,81.5
S1489,5,73/100,75.4
S2155,4,71.7,74.7
S1487,2,77.8,83.6
S1543,6,82.0,87.4
S2554,2,65.3,62.8
S1568,4,67.4,59.3
S2666,4,79.7,72.4
S1498,3,76.4,74.4
S1470,2,68.9,65.3
S2430,6,94.3,92.0
S2095,6,96.1,93.9
S2042,1,81.5,87.7
S2352,1,90.9,94.0
S1515,4,87.9,82.2
S1361,5,91.1,91.9
S2107,2,86.7,87.3
S2302,5,80.4,75.3
S1550,5,86.8,87.9
S2035,2,76.7,79.3
S1092,5,86.4,81.7
S1014,3,73.8,73.7
S2573,5,81.2,84.9
S2015,3,67%,61.6
S2488,1,77.0,70.2
S1078,4,86.5,76.7
S1496,1,92/100,83.7
S2288,3,80/100,80.3
S1234,5,97.3,93.2
S2324,3,94.9,98.8
S2217,1,67.5,71.7
S2449,3,75.8,75.4
S2464,5,82.3,79.8
S2331,5,91.4,87.7
S2116,3,90.8,78.2
S2246,6,80.0,77.7
S2101,6,99.0,95.7
S2254,2,79.3,81.3
S1350,1,86.9,84.7
S2518,2,81.6,84.3
S2132,2,73.8,74.1
S1295,2,89%,86.0
S2357,5,81.4,75.7
S2031,6,74.1,70.4
S2223,5,91.1,94.6
S1084,6,84.7,85.8
S1481,4,86.5,86.7
S1046,5,68.3,72.1
S1054,4,81/100,82.2
S2408,5,79.5,79.4
S2148,2,89.9,94.0
S1448,3,99%,100.0
S1367,4,81.0,80.5
S1083,5,70.5,74.8
S2433,2,77.5,79.8
S2718,5,89%,90.0
S2048,4,84.7,84.5
S2736,6,55.7,54.4
S1274,6,53.6,52.7
S1321,3,83.7,86.3
S1297,2,68.4,69.8
S2455,5,92.8,90.7
S1275,6,89.5,85.8
S1442,2,65.4,64.4
S2332,1,93.1,90.0
S1114,6,94/100,98.2
S2495,3,71.1,71.4
S2755,1,74/100,74.3
S1176,4,87.9,87.4
S1168,4,89/100,90.5
S2566,4,112/100,95.4
S1481,3,87/100,86.9
S2365,2,84.9,86.9
S2084,2,97.4,88.9
S1125,1,82.6,84.3
S2181,3,74.7,83.9
S2237,3,79.8,80.2
S2343,3,91.2,90.4
S1328,4,46.2,47.8
S1199,6,76.6,80.9
S1545,6,75%,74.2
S1436,5,85.0,84.0
S2632,3,88.3,90.9
S2799,2,90.4,87.6
S1101,5,78.4,76.0
S2244,5,80.6,75.3
S1202,5,79.0,82.1
S2037,6,53.7,55.6
S1214,5,87.2,81.1
S2544,3,87%,87.2
S2726,3,84.8,83.3
S2123,2,67.8,75.5
S2220,5,64.4,67.9
S1217,2,68/100,60.5
S1306,6,93.2,92.9
S2643,1,63.4,69.8
S1587,3,62/100,65.8
S2660,6,90.9,89.7
S1164,5,81/100,82.5
S1014,2,75.7,70.4
S1431,3,87.3,84.8
S2661,5,88.0,85.2
S1356,3,60.6,66.7
S2182,6,65.4,68.9
S2408,4,77.2,83.4
S2570,2,84.0,84.7
S2742,4,91.5,92.9
S1075,2,76.9,81.0
S1265,3,84.3,79.2
S2600,1,99.0,100.0
S2218,2,70.7,70.9
S1177,6,100,100.0
S2664,3,79.4,85.3
S2253,6,84.3,80.8
S1012,3,87.3,84.2
S1009,1,73.6,68.3
S2513,2,89.5,95.7
S1396,3,84.3,87.4
S2644,1,93.9,92.7
S1470,3,112/100,76.5
S1299,6,80.1,81.7
S1066,4,74.3,79.2
S2668,2,76.8,75.7
S1039,3,65.7,63.4
S1007,6,88.6,87.5
S2028,6,52.7,51.5
S2510,5,75.7,73.8
S2621,5,86.8,85.8
S2275,2,95.5,100.0
S2535,4,75.4,79.9
S1396,6,88.1,90.0
S2502,5,77.1,69.9
S1344,6,92.1,95.2
S2200,1,89.5,84.2
S2624,2,89.0,92.9
S1291,5,67.4,63.3
S1320,2,86.0,82.9
S1384,5,65%,62.1
S1011,2,88.2,89.6
S2065,6,72.1,68.8
S2320,5,72.6,67.9
S2555,2,95.2,97.1
S1068,1,76.7,76.2
S1056,3,64.2,69.3
S2549,3,90.3,81.4
S1169,2,73.6,68.4
S1278,1,86.9,86.4
S2581,6,88/100,85.8
S2217,5,72.5,74.6
S1206,4,59.3,57.9
S2107,4,77.8,82.3
S2157,6,66.9,68.0
S2758,3,83/100,87.0
S1578,3,83.2,80.0
S1324,4,77.8,68.1
S2636,4,86.8,90.8
S1318,4,86.5,80.1
S1508,6,99.5,94.7
S2372,6,88.6,82.9
S2735,4,89.4,86.0
S1118,5,95.2,96.8
S2446,1,86.5,77.1
S1506,3,87.1,92.6
S2487,2,86.0,83.0
S2279,2,74.8,76.4
S2668,3,77.6,79.4
S1117,1,81.4,86.9
S2265,4,87.7,89.0
S1064,2,100%,97.7
S2631,1,88.1,90.1
S2085,5,63.0,72.6
S2537,1,85/100,78.0
S2023,3,82.6,84.0
S2685,4,80/100,81.6
S1064,4,97.9,99.4
S1257,1,86.2,84.4
S2748,3,80%,85.6
S2355,6,96.9,97.6
S2021,4,79.7,84.0
S2776,3,84.2,79.7
S2764,4,67.2,72.8
S2648,4,77.9,77.2
S2513,3,87.0,81.3
S1393,3,82.2,88.2
S2129,5,66.6,64.4
S2640,1,76.1,77.5
S1251,3,71.4,73.2
S2285,5,86.9,87.5
S1144,1,75.2,78.1
S2773,2,96.2,97.3
S1194,5,88.8,87.7
S1076,5,74.0,69.7
S2621,6,81.3,83.8
S2192,1,88.2,88.7
S2428,4,84.7,79.6
S1563,4,87.2,91.8
S2258,6,72.4,71.6
S2246,3,79.0,82.9
S2544,1,94.6,95.0
S2370,5,73.7,73.7
S2625,4,81.5,77.8
S1535,1,68.1,59.4
S2312,5,98.6,99.5
S1474,5,72.1,70.3
S2137,5,84.8,79.8
S1463,5,80.3,80.6
S2641,3,85.3,80.6
S2310,4,84.2,86.3
S1260,5,68.9,62.8
S1334,5,86.0,86.5
S1036,5,81.5,81.6
S2427,5,78.8,76.6
S1278,4,88.6,93.7
S1144,5,76.8,80.0
S2710,3,83.3,85.6
S2793,4,67.4,61.0
S1231,4,91.4,89.9
S1569,3,72.1,72.0
S1031,2,89.2,82.5
S2547,1,98.8,98.0
S2337,6,77.6,76.5
S2377,2,72.1,77.0
S2190,6,99.7,100.0
S2386,1,112/100,80.2
S1248,2,70.7,63.4
S2390,6,112/100,74.0
S2126,4,69.3,66.6
S1588,3,79.1,78.2
S2796,4,84%,83.3
S1091,5,77.3,72.0
S2195,1,79.5,82.3
S2300,2,82%,87.7
S1249,1,64.5,64.5
S2427,4,77.5,78.9
S1447,5,91.1,100.0
S2796,1,86.9,81.5
S2344,4,86.0,84.4
S2299,2,77.9,84.7
S2397,3,100,94.3
S2765,4,84.7,85.2
S2601,4,69.5,63.7
S2654,1,94.7,95.8
S1045,6,58.2,54.8
S1270,5,96.6,98.0
S2733,4,73.9,71.3
S1468,6,82.5,82.4
S2251,3,67/100,68.2
S2490,5,85.4,90.0
S2536,5,54.3,59.0
S2737,1,88.5,95.4
S2551,3,76.2,75.6
S2649,3,84/100,82.1
S1264,1,87.4,87.2
S2080,2,83.7,85.6
S2486,1,88.2,93.0
S1449,4,87.7,87.6
S2466,5,69.3,67.6
S2122,3,69.9,73.0
S2207,1,71.4,66.0
S2243,6,75.5,74.7
S1353,4,78.7,70.3
S2077,2,65.6,66.3
S2338,2,86.5,87.3
S1331,2,71.7,63.9
S2522,3,80.0,84.7
S1290,4,71.8,75.1
S1526,1,87.7,85.6
S1242,4,57.0,50.7
S1260,6,63.5,60.3
S2001,6,50.2,49.6
S2034,6,89.3,88.7
S2177,1,72/100,69.3
S1591,1,87.8,90.7
S2498,1,73.3,65.2
S1097,1,74.0,69.7
S1291,2,76.3,77.0
S1195,3,89.1,83.2
S1485,4,87%,95.7
S1070,2,78.6,79.1
S2283,1,71.2,71.3
S2683,6,83.7,85.8
S2653,6,88.3,87.9
S1127,4,57.2,58.0
S1512,1,82.8,79.0
S1201,2,89.3,83.9
S2763,3,91.4,96.5
S1541,5,84.6,80.6
S2071,5,84.1,90.9
S1205,3,93.4,89.2
S2714,2,91.9,93.6
S1217,3,68.6,67.1
S1055,5,93.4,89.6
S1410,2,82.5,80.2
S2146,6,77.4,75.6
S1435,2,82.9,79.7
S1350,5,89.8,88.4
S2535,2,70.0,66.8
S1186,2,90.4,89.3
S2575,6,81.1,81.5
S2775,2,83.3,82.0
S1523,2,90.7,89.7
S2458,4,83.3,83.7
S2029,1,80.4,80.5
S2390,4,70.3,70.4
S1284,4,81.6,79.7
S2321,1,81.0,83.5
S2480,6,83.1,80.7
S2140,1,88.2,91.0
S2461,5,77.8,71.7
S1162,5,81.8,84.8
S2062,6,84.3,72.2
S2597,4,86.9,80.6
S1396,5,85.1,88.6
S1566,1,61/100,62.6
S1487,4,75.9,76.8
S1593,4,61.3,64.0
S1439,1,85.7,91.4
S2787,6,57.9,56.5
S2017,3,70.1,65.3
S1333,1,78.8,76.6
S2435,2,69.9,70.2
S1231,6,88.4,87.9
S1499,1,75.2,70.4
S2442,4,83.5,88.2
S2613,6,89.7,92.0
S1262,3,89.8,90.3
S2242,3,76.2,76.7
S1124,3,78.2,81.2
S2577,4,95.4,93.1
S2613,4,85.6,78.9
S2627,5,70.5,73.4
S2560,1,76.8,80.4
S2623,6,65.8,69.9
S2709,1,97.5,97.7
S1382,6,84.9,82.6
S1195,6,83.8,84.9
S2372,1,89/100,89.9
S2426,4,87%,86.9
S1552,2,95.0,89.8
S2745,5,87.5,88.3
S1073,4,81.6,81.4
S2358,6,90.9,100.0
S2533,2,68.6,62.9
S1052,3,91.8,88.0
S1596,5,82.6,84.5
S1015,4,74.5,73.0
S1414,1,76.4,82.6
S1452,1,90.8,91.2
S1171,1,83.5,83.5
S1301,4,82.5,80.4
S2415,4,78.0,75.3
S2018,3,90.0,86.4
S2430,3,91.7,90.5
S2730,2,80.7,80.3
S2199,4,64.2,63.8
S2530,6,60.9,58.6
S2174,1,78.3,82.8
S1043,6,81.6,77.9
S2092,6,66.7,72.8
S1049,1,88.8,89.5
S2268,3,86.5,91.6
S2037,4,63.0,65.1
S2116,6,88.9,87.1
S2228,6,93.8,97.9
S2276,1,76.9,74.7
S2370,4,73.1,73.5
S1239,3,68%,75.8
S1499,5,77.5,72.7
S1123,6,72%,73.5
S1471,6,67/100,66.4
S2153,5,81.8,80.0
S2715,3,58.4,64.2
S1091,4,81.5,81.9
S2169,3,76.1,72.7
S2393,1,84.4,81.7
S1595,4,59.1,56.9
S2409,6,100,99.9
S1327,2,78.8,80.4
S1407,4,96.3,94.9
S1413,2,92.0,92.6
S2320,3,74.2,83.9
S1239,5,75.4,77.0
S1134,3,84.6,91.4
S2217,4,72.8,68.0
S1010,3,84.5,82.2
S1012,4,88.9,84.0
S2114,2,82.6,81.5
S1119,4,91.2,90.5
S1518,4,77.5,76.5
S1045,2,75.4,74.8
S2386,2,88.0,89.4
S2547,5,90%,90.4
S2130,1,88.4,91.5
S1238,5,85.1,80.5
S1528,5,84.2,82.7
S1245,4,98.8,94.5
S2164,4,78%,82.1
S2354,2,90.1,89.9
S2751,2,92.3,90.7
S2497,3,61.5,68.9
S2715,4,62.0,67.2
S2432,1,88.0,86.6
S2399,6,80.1,81.5
S2747,6,72.0,71.5
S2233,6,57.7,58.1
S2205,2,75/100,73.8
S2509,1,90.2,87.2
S2657,5,89.2,91.0
S2718,6,89.9,89.0
S2633,5,85.5,78.5
S2790,2,80.2,82.0
S2701,5,83.0,77.7
S1126,2,81.4,86.2
S2077,5,56%,61.3
S2688,6,83.7,88.5
S2256,1,80.8,77.6
S1080,3,71.8,64.5
S2383,3,86.6,85.0
S2683,4,82.4,82.5
S1531,2,88.5,97.6
S1036,2,90.9,86.7
S1079,1,80.2,79.7
S2188,1,74.4,69.1
S1429,2,80.0,76.6
S2785,6,88.3,86.0
S2212,6,67.6,57.8
S1171,6,82.9,81.7
S2463,6,73.2,70.6
S2714,1,90.1,92.8
S2005,1,88.0,85.6
S2064,2,89.3,97.9
S2493,3,76.4,76.8
S2054,1,79.7,75.8
S2344,2,85.8,96.4
S1129,6,55.8,56.7
S1230,1,73.4,68.3
S2181,6,77.5,76.5
S2474,1,80.5,78.4
S2205,4,69.0,76.1
S1107,6,72.9,67.8
S2639,3,78.3,78.9
S1033,5,85.5,87.2
S1379,5,85.5,85.9
S1311,3,79.4,76.9
S1247,4,112/100,93.7
S2625,1,75.2,70.9
S1185,5,70.8,70.4
S2749,2,90.8,93.5
S1572,3,77.6,84.0
S2636,6,84.5,81.6
S2496,2,77.2,79.5
S1445,1,76.8,81.9
S2020,2,75.8,74.4
S2593,3,98/100,100.0
S1160,4,71.5,70.2
S2316,4,77.9,77.2
S1355,4,73.5,75.0
S1448,2,98.2,100.0
S2593,5,95.2,90.6
S2472,1,97.7,100.0
S1211,2,63.4,65.7
S1020,5,57.6,57.5
S2413,5,86.6,88.4
S2482,2,78.6,73.9
S2326,4,85.3,89.4
S2662,3,76.4,74.9
S2334,4,70.6,64.1
S2570,3,83.3,86.6
S2240,4,83.8,83.0
S2687,5,58.0,58.3
S2553,5,82.6,86.1
S1438,6,79.6,77.9
S1196,3,66.8,73.3
S2473,2,78.9,81.5
S2062,1,80.7,84.6
S2634,6,63.8,57.2
S1536,5,57.7,51.8
S2015,1,79.6,85.6
S2796,2,88.2,91.3
S1555,5,82.5,76.9
S2786,3,86.1,90.1
S2022,3,92%,92.0
S2481,1,84.7,87.9
S2370,3,66.8,65.5
S2210,2,84.9,81.5
S1525,3,95.3,97.0
S2715,5,57.0,52.6
S2199,2,71.4,71.2
S1371,6,83.9,83.4
S1524,2,65.7,73.1
S2362,4,93.0,95.1
S1136,6,76.1,77.7
S2168,5,90/100,95.2
S1104,1,69.7,76.1
S1557,6,91.0,88.4
S2466,6,68.7,65.4
S2151,6,81.9,82.8
S1174,5,71.0,73.9
S1392,3,84.2,86.4
S1369,3,86%,93.3
S1180,1,72.7,79.5
S2745,4,89.5,89.7
S2547,2,94.8,90.0
S2657,1,83.3,82.5
S1030,6,89.2,87.0
S2705,5,89.6,81.2
S2339,2,76.6,72.3
S2488,6,77.4,76.4
S2318,6,66.9,63.1
S2614,1,65.6,64.1
S2546,5,78.1,84.1
S2402,1,82%,81.0
S2446,3,84.5,85.9
S1441,5,82.0,82.4
S1580,6,100,97.8
S2773,4,97.3,91.2
S1225,2,70.7,80.1
S2214,4,79.5,82.6
S2341,3,72.0,71.8
S2018,6,93.9,95.7
S2227,4,64.3,69.6
S2024,5,65.5,65.0
S2287,2,72.1,74.8
S2371,1,77.4,76.1
S2591,4,75.7,80.7
S2365,2,84.9,86.9
S1213,6,66.0,68.5
S1263,4,72.3,68.1
S2800,6,90.6,91.3
S2402,4,88.1,77.9
S2146,3,83.0,83.4
S2292,6,69.9,73.6
S1125,2,87.9,85.1
S2429,2,69.2,75.3
S2596,5,50.0,44.8
S2698,3,78.4,76.0
S2469,3,79.1,80.2
S1125,4,82.2,85.8
S2483,3,61.1,57.8
S1503,3,92.9,100.0
S2376,3,76.1,75.5
S1438,2,79.6,81.1
S2479,1,89.9,90.4
S1194,6,93.9,88.9
S2218,5,61.0,58.0
S2167,6,83.3,84.5
S2561,3,79.2,77.7
S2304,2,73.5,73.7
S2026,4,74.6,71.8
S1512,6,70.6,66.2
S2371,4,76%,72.8
S2294,4,72.8,76.7
S1051,1,86.8,91.5
S1191,5,72/100,77.9
S1256,4,77/100,77.0
S1399,4,62.1,60.4
S2334,6,73.1,83.0
S2635,2,64.4,65.2
S1473,4,88.6,96.1
S1358,4,71.9,71.6
S1491,5,79.4,76.9
S2135,2,74.6,70.0
S2405,6,87.3,91.6
S1472,1,76.0,73.0
S2049,4,82.5,92.7
S2512,5,72.3,66.8
S1193,6,82.3,78.8
S2109,4,80.8,81.4
S1082,1,74.1,69.6
S1197,5,88.7,91.2
S1340,1,82.0,81.5
S2695,6,58.3,53.9
S2749,4,83.2,84.8
S2522,2,79.9,75.5
S1379,6,78.9,76.4
S1589,5,80.7,77.2
S2133,2,71.1,69.8
S2046,1,87.6,97.1
S2402,6,83.4,84.1
S1539,4,70.0,72.5
S2446,2,81.5,85.3
S2456,1,80.9,83.0
S1315,5,89.7,87.5
S2362,5,89.1,86.9
S2799,4,79.0,76.3
S2342,3,83.9,80.0
S2133,6,74.6,79.0
S2152,3,92.8,93.6
S1111,6,93.7,91.2
S2699,4,94.5,100.0
S2175,6,87.3,85.5
S1108,1,87.1,82.6
S2768,6,78.2,81.8
S1030,3,92%,81.0
S1378,5,83.9,82.2
S1294,1,71.9,73.1
S1132,1,88.6,83.4
S2068,2,81.3,84.4
S1075,6,83.1,78.9
S2298,5,84%,88.6
S2768,3,82.4,81.2
S1057,2,67%,73.1
S2610,4,91.5,98.9
S1016,2,69.2,65.9
S2713,1,94.3,98.8
S2433,4,80.1,81.5
S2509,4,90.1,88.3
S1289,3,65.4,70.8
S2414,4,90.6,93.0
S1089,3,63.6,62.0
S2005,3,86.3,88.9
S1167,1,79.7,75.4
S1289,1,66.6,67.7
S2736,3,66.6,63.4
S2710,4,78.8,77.4
S2205,5,61.7,64.6
S2136,5,67.8,64.4
S1018,5,78%,78.1
S2536,1,63.2,59.8
S2242,1,72.3,74.2
S1238,6,84.3,85.9
S1170,5,75.9,76.7
S2063,6,67.3,67.5
S1022,6,72.1,79.9
S2191,6,76.8,76.6
S2118,5,89.2,86.7
S1531,6,90.3,95.0
S2762,1,86.2,86.1
S1352,2,82.8,86.1
S2110,1,90.2,90.7
S1463,6,82.3,81.7
S2799,1,86.9,86.2
S1267,2,72.7,73.0
S2378,1,59.5,62.4
S2780,6,88.9,89.1
S1482,3,76.6,69.2
S1399,2,65.6,64.7
S1536,4,59.7,63.0
S2641,6,89.4,84.9
S1116,5,74.2,73.9
S1527,4,69.0,69.7
S2211,1,87.4,80.6
S2398,6,100%,99.3
S1028,6,70.5,65.5
S2285,1,81.7,85.6
S1062,2,80.1,79.2
S1511,1,99.8,100.0
S2513,1,94.7,93.6
S2041,5,80.0,82.4
S2433,3,78.4,74.8
S1140,2,86.8,92.1
S2009,4,85.7,87.0
S2120,6,85.6,90.8
S1554,3,68.5,71.2
S2404,6,96.2,95.9
S1434,5,64.6,58.5
S2500,2,95.8,99.9
S1306,3,90.2,86.5
S2276,5,75.4,85.9
S1513,6,82.8,87.8
S2393,4,74.1,71.0
S2283,3,60.3,63.5
S1417,4,100,100.0
S2452,1,80.0,80.0
S2316,5,78.1,81.5
S1478,1,96.5,100.0
S2412,2,72.0,72.6
S1590,2,80.4,81.8
S1353,3,82.0,85.5
S2153,2,78.3,81.4
S2111,5,83.4,83.3
S1017,5,64.1,72.0
S2432,6,91.2,88.3
S2475,1,78.1,87.2
S2605,2,80.9,78.7
S2128,6,91.5,96.5
S2259,6,89.4,84.2
S1521,2,82.9,80.8
S1256,6,80.4,78.6
S1373,2,74.2,74.4
S2593,1,98.8,100.0
S2059,3,74.4,72.2
S2555,6,91.5,83.1
S2366,5,82.0,73.5
S2708,5,89.3,95.2
S1220,2,71.8,70.1
S2700,3,76.7,72.6
S2512,1,67.6,66.4
S1245,2,100,100.0
S2284,6,67.8,62.4
S1459,6,81.6,81.7
S1385,1,72.8,73.6
S1588,6,69.7,76.9
S2477,4,75.9,76.2
S1296,6,87.3,90.5
S1259,3,93.7,83.8
S2309,5,76.5,74.3
S2514,6,88.7,88.9
S2708,1,93.8,92.5
S2700,2,73.1,71.7
S2751,4,94.0,92.3
S1013,2,83.8,76.4
S1364,6,55.8,53.8
S1322,3,90.2,84.2
S2269,3,78.1,80.8
S2066,6,61.8,60.1
S1483,2,95.0,91.1
S2707,4,67.8,67.4
S1387,4,75.3,79.6
S2166,1,93.2,100.0
S1594,1,89.1,86.2
S2053,1,84.4,85.0
S2080,3,74.2,80.1
S2005,2,90.6,91.5
S1201,4,85.1,93.6
S2233,4,71.4,66.4
S2505,4,70.5,69.5
S2504,5,75.2,76.3
S2450,5,65.1,66.9
S1426,5,59.7,61.1
S1348,6,72%,74.9
S1048,5,81.7,84.5
S1006,2,74.8,78.6
S2024,2,79%,83.0
S2259,4,85.3,87.7
S2057,1,81.8,83.3
S2659,3,96.2,96.6
S1029,1,76.1,79.9
S1574,1,82.0,77.2
S2084,6,99%,100.0
S2773,6,98.2,95.1
S2272,6,75.3,72.5
S2173,3,80.0,77.9
S2668,6,80.4,79.0
S2732,1,82.0,83.2
S1490,6,92.5,93.6
S1556,5,76.8,79.7
S1135,2,89.6,85.9
S1455,5,90.7,94.2
S1289,2,64.6,62.8
S1312,5,90.3,94.5
S2765,2,84.3,89.3
S1193,2,75.0,72.4
S2446,4,81.7,84.0
S2407,2,79.3,84.5
S1208,1,82.0,83.5
S2266,1,85.2,90.3
S2093,6,81.5,81.1
S1104,3,70.6,67.0
S1092,2,89/100,95.5
S2630,3,77.1,79.8
S2608,5,90.5,91.0
S2650,4,98.6,99.7
S1005,3,81.1,81.8
S2479,5,95.7,100.0
S2161,5,90.3,88.4
S1471,1,80.5,83.3
S2666,5,82.3,83.4
S1287,6,85.6,93.3
S1218,1,90.9,84.4
S2381,4,91.9,96.5
S2719,6,67.3,62.1
S2692,6,93.3,94.0
S2773,1,87.2,82.9
S2271,5,77.3,79.3
S2753,6,89.1,81.6
S1084,3,87.3,89.6
S2645,6,92.2,91.8
S1073,6,83.9,79.2
S1431,1,88.4,92.9
S2668,6,80.4,79.0
S2667,3,72.6,68.4
S2121,4,69%,72.5
S2571,6,72.5,73.7
S2369,3,68.0,62.1
S2089,1,76.6,76.3
S2137,1,80.0,82.3
S2131,3,70.8,72.5
S2698,2,78.8,82.1
S2466,5,69.3,67.6
S2482,4,75.8,76.4
S2548,4,98.1,96.5
S2632,6,76.6,76.0
S2417,5,56.3,51.8
S1174,2,85.9,86.7
S2703,1,76.4,83.9
S2165,4,78.6,79.4
S2121,3,77.9,85.9
S2469,1,83.3,75.3
S1381,4,79%,84.1
S2272,2,89.7,86.3
S1018,6,74.0,75.8
S1358,1,74.6,70.0
S2238,5,79.2,79.7
S1236,5,46.3,45.2
S1090,1,81.5,78.5
S1335,3,93.6,94.2
S2539,3,112/100,76.8
S2023,2,81.6,80.1
S1098,4,71/100,72.6
S1509,6,86%,82.2
S1494,1,89.6,90.1
S2260,6,88.3,93.1
S1522,2,63.0,67.1
S2222,2,69.9,73.4
S1284,6,81.9,76.9
S2680,1,92.4,96.9
S2094,5,78.2,75.5
S1082,6,71.0,77.3
S2738,4,81.8,79.0
S2778,4,84.6,86.9
S1037,3,90.0,87.8
S2458,6,81.7,88.2
S2030,6,60.2,60.1
S1447,1,84.0,84.7
S2351,3,72.5,76.1
S2375,6,100,100.0
S1143,1,74.7,84.8
S1410,5,75.9,81.4
S1518,1,79.1,79.5
S2312,6,99.7,94.0
S1420,3,66%,70.8
S1446,1,61.9,59.5
S2124,1,76.5,74.0
S1313,6,80.0,82.6
S2228,4,92.8,89.8
S2062,3,80.4,87.9
S2506,4,84.2,85.2
S1532,2,80/100,84.0
S2107,5,79%,76.8
S1067,2,88.0,89.9
S1220,4,71.2,77.1
S1414,6,82.2,82.8
S1021,2,78.7,80.9
S1067,6,88.2,85.0
S1019,4,96.7,99.2
S2673,6,84.0,78.4
S1262,1,89.3,91.3
S1459,6,81.6,81.7
S2012,1,73.5,70.0
S2321,6,81.1,81.3
S1360,4,74.5,74.5
S2300,4,78.5,87.6
S2466,3,71.2,68.5
S1507,4,100,94.4
S2671,6,100,99.2
S1260,4,70/100,70.9
S2523,3,92.8,82.2
S2543,3,95.4,94.4
S1096,4,74.5,72.5
S2031,1,70.0,71.0
S2656,2,83.6,83.3
S1508,3,100,100.0
S2625,3,72.6,69.7
S1435,6,87.7,88.9
S2486,4,90.9,90.8
S1235,4,63.3,63.0
S1090,2,71.9,70.4
S2401,5,84.8,91.2
S1480,3,82.6,77.3
S1556,3,70.8,70.1
S2449,4,66.7,60.8
S2739,4,87.8,89.1
S1240,1,78.7,75.2
S2148,6,78.7,79.0
S2187,1,71.2,73.8
S1204,4,69.9,69.9
S2789,3,78.3,85.6
S2800,2,86.0,85.4
S2035,3,79.7,79.0
S2511,2,95.1,99.0
S1243,3,85%,89.1
S1459,1,73.6,69.6
S2758,1,87.6,91.2
S1079,6,84.1,84.5
S2778,3,78.3,83.7
S2543,6,99.4,100.0
S1147,6,85.7,84.5
S1009,4,74.2,66.4
S2496,1,72.9,78.0
S2112,6,89.1,92.4
S2080,1,83.1,80.4
S2302,4,83.4,87.2
S1079,2,78.4,74.4
S2410,3,80.2,84.4
S1596,4,84.4,86.8
S2436,4,93.3,100.0
S1455,3,90.2,93.1
S1516,5,89.3,89.1
S1042,2,83.0,82.7
S2081,6,51.4,52.3
S1289,4,65.9,59.5
S2541,6,91.7,87.0
S1145,2,88.6,94.2
S1127,6,52.2,48.3
S2500,3,91.3,86.4
S1549,3,79.0,82.2
S2521,5,51.7,61.2
S2012,3,72.2,73.9
S2342,4,86.3,83.2
S2670,4,80.2,78.1
S2701,3,88.1,86.4
S1071,6,80/100,81.1
S1032,3,69.4,74.2
S2638,6,61.7,58.9
S2346,5,89.2,88.0
S1039,1,68.4,67.6
S2124,4,70.1,70.6
S1328,1,56.5,58.4
S1116,4,67.8,64.3
S1174,4,76.0,74.1
S2777,3,95.3,94.6
S1307,3,60.6,58.7
S2515,2,81.7,82.8
S2315,6,53.3,62.3
S2195,4,73.2,75.7
S2152,1,89.5,89.2
S2601,1,68.7,75.4
S1134,4,84.2,88.1
S1248,6,78.0,76.0
S2615,4,78.0,77.5
S2796,6,79.1,77.6
S2682,1,82.3,82.9
S2307,5,54.8,55.1
S2613,1,84.7,80.4
S1189,1,80.6,90.8
S2440,1,82.2,78.2
S2113,2,90.7,86.7
S2558,4,90.6,91.8
S2178,3,84.2,90.2
S1010,5,76.4,73.2
S2068,1,80.3,84.4
S1407,1,90.2,95.8
S1370,2,112/100,85.9
S2484,2,72.3,64.8
S1472,4,80.0,82.1
S2152,6,84%,83.9
S2175,4,86.7,87.4
S2783,6,83.0,78.3
S1017,1,80.9,82.2
S2321,4,77.8,80.4
S1161,1,72.3,69.9
S1055,3,89.7,92.3
S2642,3,88.0,88.7
S1273,1,85.1,88.6
S1147,2,83.0,88.1
S2125,5,75.8,77.5
S2799,3,112/100,84.6
S1027,1,72.0,72.3
S2743,3,79.1,76.0
S2286,1,96.1,93.1
S1540,2,74.7,76.5
S2685,5,81.0,71.4
S2253,2,81.7,82.8
S2329,5,89.5,91.5
S1102,6,92.1,88.7
S2531,2,77.0,81.5
S1460,1,72.4,69.8
S1287,5,87.5,78.5
S2481,4,82.7,87.5
S2330,1,82.0,74.9
S2087,4,89.7,93.3
S1518,5,74%,71.4
S1199,1,73.1,73.5
S2370,6,70.6,72.1
S2202,3,74.8,70.5
S2105,5,50.8,57.1
S1075,4,80.2,76.0
S2721,4,89.9,90.9
S2279,5,65.9,64.8
S2347,6,67.7,72.4
S1377,5,71.2,74.1
S1099,5,87.1,90.5
S2487,6,84%,89.9
S1400,6,96.1,98.1
S2521,4,53.5,60.3
S2651,2,71.7,66.9
S2757,4,74.2,70.5
S1476,2,72.1,70.6
S2572,6,83.9,80.8
S1599,3,79.5,86.8
S1142,2,79.2,69.2
S2626,2,75.2,75.2
S2563,1,77.2,79.1
S1105,1,73.2,76.9
S2288,1,88.7,91.3
S1106,4,82/100,79.1
S2702,4,70.3,68.9
S1302,2,78.8,79.1
S2763,1,98.2,94.8
S2118,1,87.9,87.7
S1004,2,89.8,95.6
S1127,1,68.1,71.3
S1520,5,88.8,84.1
S2153,4,79.1,81.6
S1389,6,78.7,77.3
S2560,3,76.8,81.6
S1560,5,82.2,66.5
S1550,4,95.9,99.1
S2452,5,79.4,76.8
S2209,5,75%,69.4
S1401,5,83.5,82.2
S1516,1,84.4,77.4
S2636,5,86.2,85.3
S1576,5,100,100.0
S2609,3,78/100,77.7
S2740,3,93.4,88.0
S2480,5,82.5,92.4
S1092,4,83.1,79.2
S2374,5,77.1,78.6
S1128,3,74.3,81.0
S2596,1,65.4,58.7
S2721,2,84.3,85.0
S2664,2,79.3,77.9
S2226,2,83.2,79.8
S2652,1,77.8,68.5
S1229,5,91.8,86.0
S1599,6,82.7,85.0
S1056,4,58.3,55.9
S1210,6,98.2,98.7
S2379,4,85.1,78.2
S1333,4,74.3,72.8
S2384,6,76.3,76.5
S1171,5,83.4,86.0
S1563,6,87.9,93.2
S1126,3,75.6,71.0
S1363,2,98.6,100.0
S2763,4,93.8,86.6
S2101,5,90.7,87.6
S2559,6,65.3,69.3
S2261,1,84.2,81.5
S1059,4,82.3,82.6
S1252,6,88.3,90.5
S2232,5,87.0,87.1
S2771,3,76.2,82.0
S2055,2,82.4,81.8
S2140,3,112/100,84.4
S2517,1,95.0,98.2
S1117,6,79.7,80.9
S1339,2,78.3,78.8
S2039,6,83.1,86.9
S1564,4,67.8,71.7
S2302,2,80.9,80.5
S2131,6,70.5,68.0
S1094,4,70.3,71.2
S1399,1,77.1,82.2
S2279,6,62.7,65.6
S1349,1,80.9,79.9
S2412,3,70.8,68.4
S1516,2,80.4,87.2
S1365,6,46.4,47.0
S2361,4,86.0,80.8
S2481,3,85.9,80.9
S2260,3,86.1,84.3
S1376,3,92.6,97.4
S1544,6,69.1,69.8
S2340,5,75.1,77.6
S1175,4,62.3,63.4
S1475,4,76.0,77.1
S1514,5,83.3,75.5
S2040,1,88.2,91.2
S1070,1,75.5,79.3
S2011,2,64.1,58.5
S2701,1,92.2,93.6
S1384,6,62.4,61.7
S2602,6,86.1,84.5
S2129,4,69.1,68.5
S2218,4,65.3,64.9
S2316,2,67.6,64.3
S2596,3,62.5,64.6
S2086,3,96.5,95.0
S2034,2,84.3,78.1
S2066,2,58.5,67.2
S1394,1,86.1,92.4
S1264,6,66.8,71.4
S1236,3,53.9,57.4
S2471,4,86.4,85.9
S2281,5,96.8,97.0
S2552,2,90.6,85.8
S2220,1,70.9,71.0
S2224,1,93.4,99.7
S2616,2,71/100,66.7
S1252,2,79.6,79.3
S2505,2,78.7,80.8
S2266,3,79.6,79.6
S1326,3,77.9,77.4
S2669,5,75.7,68.6
S1221,2,90.1,89.8
S1141,3,86.9,90.9
S1192,1,67.9,67.2
S1449,5,91.3,98.4
S2445,3,89.3,86.6
S2207,3,73.8,69.6
S2631,5,88.1,83.8
S1209,6,74.1,77.2
S1078,2,81.1,77.7
S2058,5,95.5,96.1
S1001,1,95.1,92.4
S2307,1,68.9,74.4
S2761,6,84.0,92.7
S2601,6,74.5,73.4
S2501,6,60.5,58.7
S2386,1,112/100,80.2
S2220,6,59.6,62.3
S1064,1,98.3,93.8
S1364,2,65.7,66.9
S2658,6,76.0,72.9
S1223,4,89.2,94.6
S1204,6,70.0,70.0
S2666,3,83/100,83.8
S1112,3,87.3,86.5
S2084,4,99.8,93.6
S2253,5,79.7,73.5
S2031,4,79.7,81.4
S2495,4,71.5,72.8
S2076,2,88.6,89.8
S1348,2,68.7,68.1
S2506,5,77.3,76.6
S1430,1,90.0,88.0
S1302,6,80.7,77.0
S2336,2,74.0,78.3
S2549,2,112/100,85.2
S1476,6,76.8,76.3
S1316,5,87.2,88.2
S2227,6,61.9,64.6
S1432,4,81.5,82.4
S2638,2,63.4,63.7
S1461,1,65.9,61.5
S1199,2,78.4,83.1
S2191,1,80.6,81.8
S2072,6,90%,91.8
S1500,2,87.0,88.8
S2149,3,92.5,92.0
S1584,4,90.0,87.9
S1372,2,89.5,94.6
S2245,2,87.5,92.7
S2545,1,69.9,72.8
S2297,6,91.8,98.2
S2320,1,79.8,72.5
S2287,6,112/100,79.7
S2314,6,96.6,91.8
S1293,4,86%,88.0
S2059,1,78.0,72.9
S1039,4,66.1,69.6
S2349,2,89%,90.6
S1382,2,94.7,100.0
S2007,4,79.2,78.6
S1505,4,91.3,86.7
S2266,5,77.1,76.7
S1253,4,80%,83.4
S1037,1,88.2,90.5
S1521,4,78.0,76.7
S2776,1,92/100,92.6
S1466,6,93.7,97.5
S1149,6,48.5,45.8
S2791,6,94%,88.8
S1309,3,100,100.0
S2491,4,100,100.0
S2123,3,59.7,61.1
S1055,1,87.4,81.2
S1203,4,92.3,95.1
S2258,3,87.5,88.8
S2505,3,76.1,77.4
S1189,2,83.4,86.6
S1501,2,75.9,75.9
S2117,1,80.3,79.0
S2346,4,95.1,83.8
S1035,5,81.8,84.2
S2608,6,90.5,88.6
S1134,1,88.0,84.7
S1123,3,74.3,73.7
S2536,2,62.2,60.8
S1196,5,67.6,68.1
S2790,3,77.2,78.2
S2199,6,67.9,64.1
S2780,2,90.9,90.9
S2393,2,80.3,81.2
S2143,5,60.8,58.6
S2381,6,89%,87.8
S2645,3,100,100.0
S1034,1,68.4,75.8
S2109,6,77.6,72.2
S1183,6,83.6,85.2
S1092,3,86/100,86.9
S2415,1,85%,80.5
S1421,3,70.8,66.1
S2156,3,91.9,86.9
S2139,1,99.3,97.3
S2542,5,51.5,55.7
S2259,1,80.0,77.8
S2702,2,75.4,77.0
S1356,4,54.2,53.9
S2421,1,72.0,67.3
S2378,5,59.3,59.3
S1103,5,88.5,86.2
S2670,6,81.7,83.9
S1157,2,83.6,84.8
S1104,5,69.6,72.3
S2439,5,62.8,62.6
S2076,4,91.4,83.9
S1486,4,78.1,72.5
S1419,3,73.6,73.9
S1558,5,70%,72.0
S2140,5,89.2,85.5
S2056,4,93.0,94.1
S2684,5,64.0,73.6
S1462,5,68%,69.4
S2797,6,86.6,85.7
S2179,5,93.2,88.8
S2586,6,75.7,77.5
S1080,5,65.6,70.1
S1226,3,71.0,66.3
S2113,4,89%,91.4
S2223,3,85.4,79.5
S2488,3,83.3,87.3
S2075,4,83.9,78.7
S2317,3,81.1,74.7
S1173,2,65.5,61.9
S2004,4,88.3,90.4
S1386,3,79.6,76.0
S1483,3,94.1,94.1
S2553,2,79.6,82.1
S1417,3,98.3,100.0
S2096,5,85.9,85.2
S2578,6,84.7,90.4
S2724,1,88%,84.6
S1238,4,81.2,78.1
S1545,5,78.4,78.6
S1312,6,88.2,93.2
S1566,3,62.0,58.3
S2784,2,76.9,78.6
S2233,5,64.2,60.9
S1088,6,77.0,77.6
S2628,2,70/100,74.2
S1596,1,81.5,76.7
S2185,2,91.9,94.7
S2067,2,71.2,70.3
S2688,5,85.5,84.7
S1501,1,78.0,80.2
S1526,2,88.9,91.0
S2579,3,84.3,83.9
S1507,3,100,100.0
S2138,2,81.8,78.0
S2165,3,74.8,72.8
S2052,4,75.6,78.8
S2277,2,75.6,76.2
S2541,2,79.9,79.8
S1597,3,83.2,80.5
S2204,6,75.0,75.0
S2587,4,59.2,54.1
S1051,4,81.7,79.6
S1260,1,74.0,74.2
S2661,4,99.6,100.0
S1519,5,70.2,74.2
S1583,6,78.8,73.8
S1499,4,79.0,77.2
S2530,1,81.0,84.5
S1280,4,78.5,77.0
S2162,3,77.8,77.6
S1434,1,65.9,67.2
S2675,1,84.4,85.8
S2104,3,81.9,84.9
S1050,3,97.3,100.0
S2578,4,92.3,92.6
S1010,4,84.5,81.9
S2301,6,92.0,92.7
S2606,1,93.2,93.9
S2478,5,79.1,78.8
S2233,3,70.2,71.8
S2454,2,80.7,74.6
S1384,4,70.8,74.8
S2353,4,76.9,74.6
S2008,5,99.5,93.9
S2065,1,71.1,69.5
S2169,1,87.6,87.8
S1109,1,87.6,88.0
S1229,3,93.1,96.6
S2519,5,87.4,93.0
S1503,5,92.9,91.1
S2759,5,70.2,77.5
S1114,4,90.9,91.7
S1073,3,85.5,89.0
S2100,1,60.7,58.9
S2076,1,85.1,87.4
S1249,2,71.0,71.2
S1136,3,82.0,85.0
S1314,5,87.3,93.4
S1371,2,85.6,85.1
S1581,2,97.6,100.0
S1324,3,86.3,82.1
S1433,1,70.5,74.9
S1478,4,92%,97.3
S1577,5,63.3,70.9
S1197,6,84.5,82.5
S1230,2,67.1,69.3
S2465,2,94.9,97.4
S1470,5,68%,76.8
S1105,3,74.0,68.5
S2115,1,98.9,100.0
S1279,2,90.9,93.0
S1353,1,94.0,96.1
S2052,5,77.7,77.8
S1533,3,90.4,91.7
S2215,5,82.4,83.3
S1015,1,78.0,81.5
S1517,6,95.9,99.2
S2147,5,66.3,73.6
S2687,1,78.2,77.6
S1070,5,80.5,84.2
S2487,4,85.1,80.8
S2081,1,68.1,67.3
S1049,6,94.1,92.8
S2761,3,90.4,91.4
S1252,1,84%,81.9
S2644,4,91.0,91.2
S2737,3,87.2,82.2
S1273,3,81.2,74.9
S2438,6,83.9,87.0
S2485,1,79.3,78.8
S1261,4,88.4,88.0
S2545,3,65.6,63.5
S1570,5,94.7,93.0
S1330,6,89.2,87.3
S1314,6,89.9,87.6
S1074,1,78.5,76.1
S2476,5,94.3,88.5
S2047,5,87.2,84.1
S2659,2,90.6,96.5
S2564,6,96.4,93.4
S2203,1,72.2,89.5
S1404,3,78.9,80.4
S1063,2,97.0,100.0
S2440,3,73.6,77.4
S2676,5,78.4,81.8
S2231,4,91.3,99.6
S1434,6,62.5,61.2
S2015,2,76.7,74.8
S1298,3,77.4,82.4
S2221,3,84.5,86.7
S2033,4,86.9,84.4
S2438,4,76.2,71.6
S2315,5,60.4,62.6
S2627,4,63.4,64.8
S2152,5,112/100,80.1
S2211,2,85.6,82.5
S2170,4,62.8,56.7
S2556,2,88.1,97.6
S2366,3,83.0,82.1
S2030,1,70.5,71.7
S2612,4,84.3,85.5
S2187,6,75.4,77.6
S1257,6,86.1,83.1
S2493,4,74.2,73.8
S1054,5,85.3,87.0
S1339,4,64.6,66.1
S2219,1,86.8,82.6
S1508,2,95.9,98.3
S2570,1,86.3,81.2
S1598,5,76.3,72.7
S2380,6,76.6,75.1
S1365,1,112/100,68.6
S1019,3,99.0,99.9
S2687,4,64.7,61.2
S2241,2,50.9,59.5
S1180,6,76/100,68.6
S1372,1,93.8,92.1
S1411,5,96%,95.7
S2672,5,87.9,87.0
S2424,6,84.8,89.7
S1535,6,69.3,72.1
S1195,1,83.8,85.4
S2385,1,68.3,63.7
S1242,5,60.0,56.3
S2554,6,66.4,65.8
S2405,3,86.2,85.3
S2782,5,73.4,72.0
S2794,4,70.1,69.7
S2267,1,83.8,76.8
S1543,3,82.0,82.0
S2409,1,100,91.7
S1522,6,47.6,50.1
S1449,1,88/100,94.2
S2257,5,82.8,86.9
S1402,2,77.8,72.0
S2159,6,69.2,65.5
S1515,2,84.1,84.7
S1253,3,88.3,88.4
S1386,4,82.1,84.0
S2677,1,94.9,100.0
S1242,6,55.7,56.7
S1337,5,89.3,82.2
S2492,3,86.8,85.9
S2341,4,67%,73.4
S2523,4,87.3,85.3
S2522,4,76.0,71.0
S1140,5,94.8,93.1
S1290,1,74.2,73.1
S1548,1,75.9,67.1
S2501,3,72/100,77.7
S1477,4,76.7,80.3
S2060,3,85.4,88.7
S2542,1,62.2,63.5
S1076,1,81.7,80.6
S2089,2,79.3,81.4
S1286,5,79.9,79.6
S1477,3,78.3,81.8
S2486,3,91.2,95.6
S1057,4,55.6,53.6
S1505,2,94.0,89.5
S2225,6,76.6,78.1
S2578,5,90.8,89.4
S1237,4,98.2,89.1
S1006,5,79.9,75.4
S2529,2,89.4,86.6
S1495,3,65.9,77.3
S1460,5,76.1,76.5
S1236,1,67.1,65.7
S2277,6,80.0,81.7
S1362,5,75.2,73.9
S1504,1,78.3,82.7
S1149,2,64.3,65.7
S2744,2,95.6,93.9
S1441,2,87.3,81.9
S2311,6,78.8,82.1
S1375,1,78.8,79.1
S1500,4,85.2,83.9
S2762,5,92.3,87.9
S2282,3,78%,81.1
S1073,1,82.8,85.5
S2729,5,93.2,89.6
S2004,3,86.4,85.2
S2455,2,93/100,89.7
S1568,4,67.4,59.3
S2535,1,73.6,65.6
S2441,1,65.2,61.8
S1315,3,93.6,92.2
S1564,1,69.0,69.5
S1298,5,74.8,70.3
S2426,3,88.5,90.5
S2126,1,66.4,67.9
S1364,4,63.6,64.3
S2262,2,72.7,80.7
S2049,5,90.4,90.7
S1345,6,65.6,67.0
S2116,1,86.1,80.2
S2483,4,66.1,70.7
S1147,5,84.5,93.3
S2642,6,84.6,88.7
S2707,6,68.6,73.5
S2573,2,77.2,80.7
S2322,2,92.4,100.0
S2536,3,65.0,60.6
S2781,2,83.3,78.6
S1410,3,85.2,82.8
S1285,3,89.6,88.2
S1194,1,89.4,86.9
S1385,3,76%,87.1
S2511,3,89.8,95.0
S2587,6,66.9,70.8
S2791,1,91.1,94.7
S2449,5,62.9,57.7
S2369,1,72.1,69.1
S1535,4,73.1,63.6
S2409,2,99.1,96.8
S1531,3,89%,90.1
S2105,6,55.2,56.1
S2630,6,74.1,79.3
S1298,1,70/100,67.3
S1521,6,81.3,75.2
S1516,3,82.3,86.2
S1450,5,66.2,62.5
S1151,5,73.1,75.4
S2794,3,72.2,70.8
S2730,4,77.7,77.1
S2539,2,83.0,84.1
S2103,6,65.0,61.0
S1347,5,63.5,59.4
S1261,6,83.0,83.7
S2463,4,71.1,70.4
S2198,1,79.7,83.9
S1506,6,91%,100.0
S1549,1,73.9,82.0
S2327,3,84.4,86.1
S1186,4,83/100,81.1
S2790,6,78.6,73.8
S2291,5,75.9,73.2
S2214,6,83.8,86.1
S2032,5,93.7,92.9
S2273,3,83.9,84.3
S1043,3,82.1,84.4
S2156,6,88.1,81.3
S1480,1,84.4,82.7
S2152,2,89.8,87.2
S2281,2,95.5,96.0
S2279,3,71.2,72.7
S1522,1,61.7,62.8
S2294,2,71.6,81.6
S2237,4,80.5,71.3
S1591,2,83%,79.6
S1051,4,81.7,79.6
S2177,5,77.0,77.2
S1450,6,63.5,65.3
S2205,6,54.8,51.7
S2190,1,95.9,92.9
S1240,3,83.2,89.8
S2325,6,73.0,74.9
S2394,3,83.0,90.2
S1063,5,94.2,90.1
S1312,4,86.8,86.8
S1571,3,77.7,68.3
S2387,1,73.9,74.1
S2650,3,87.4,86.2
S1277,3,77.7,74.9
S1126,6,78.1,82.3
S1599,5,78.9,84.1
S2069,4,68.6,69.1
S2031,5,77.5,75.8
S1049,3,91.4,93.5
S2252,1,77.3,72.0
S2521,2,64.7,62.4
S1354,1,80.1,77.9
S2168,1,95.8,94.9
S2270,2,87.7,83.8
S1084,4,82.1,85.2
S2401,2,91.6,90.7
S2351,2,73.9,67.6
S2117,4,112/100,81.7
S1257,4,85.6,87.8
S2166,4,88.3,85.5
S1202,6,77.4,75.2
S2568,2,86%,86.5
S1113,1,112/100,79.6
S2392,1,84.9,88.6
S2658,4,71.2,72.0
S1422,6,74.5,76.3
S2262,5,71.3,71.0
S2707,1,67.7,61.2
S2579,5,86.4,88.7
S1245,1,96.0,100.0
S2796,3,80.8,80.8
S2585,5,88.0,87.9
S1199,5,83.1,79.2
S1430,6,81.9,77.1
S1378,3,92.9,96.2
S1071,2,90.5,91.3
S1085,2,89.2,94.2
S2671,4,97.4,99.8
S1264,5,65.4,60.6
S1085,3,90%,90.0
S1401,6,85.6,90.1
S2235,6,75.1,77.6
S1561,3,89.2,100.0
S1104,4,76.5,66.7
S1355,3,77.1,79.3
S1482,2,75.8,70.4
S2048,6,86.0,88.3
S1535,6,69.3,72.1
S2523,1,88.9,94.9
S1058,6,88.2,91.3
S2735,6,88.2,86.1
S2281,3,97.9,96.8
S2374,4,84.8,83.3
S2723,1,76.3,73.7
S2567,4,97.6,94.2
S2792,5,78.3,79.4
S1053,1,91.2,86.1
S2116,5,94.2,95.5
S1125,3,89.9,83.1
S2620,2,79.0,77.9
S1413,5,92.1,90.6
S1338,3,82.1,78.7
S2517,3,98.2,93.9
S2109,5,77.3,77.9
S2434,4,57.8,58.8
S2498,5,72.8,71.1
S2236,6,70.6,69.1
S2161,3,86.6,82.5
S2019,1,83%,87.7
S1044,2,73.9,79.1
S2073,3,87.8,89.9
S2681,5,75.1,77.0
S1064,3,97.6,99.7
S2182,4,63.2,59.9
S1553,3,55.2,51.8
S1319,5,100,98.3
S2231,6,92.6,97.1
S1100,6,84.1,84.6
S1008,4,92.2,95.5
S1241,5,75.0,81.0
S1276,3,87.0,91.1
S2622,4,112/100,68.0
S1316,4,90.7,91.1
S2021,1,98.9,95.7
S1402,1,78.3,77.9
S2720,3,69.7,70.1
S2078,5,54.5,56.1
S2332,2,94.6,84.4
S1328,5,42.8,42.0
S2606,4,94.0,88.9
S2288,6,88.9,92.5
S1564,5,71.4,71.9
S2289,6,68.4,70.8
S1267,5,69.6,71.1
S2329,4,83.5,77.9
S2047,4,85.2,89.1
S2100,3,61.2,62.9
S2532,1,70.9,75.8
S2531,5,86.7,88.9
S1481,6,83%,87.6
S1072,1,81.2,80.9
S1069,3,74.9,74.7
S2664,4,72%,76.3
S1522,3,58.5,61.4
S2585,4,94.6,92.6
S2421,6,76.4,75.8
S2457,5,89.3,88.0
S2477,3,68.1,65.7
S2269,6,82.8,81.6
S1036,1,95.3,97.5
S1415,4,82.5,84.1
S2788,2,94.0,88.3
S2521,1,64.8,60.1
S2302,6,87/100,87.6
S2066,5,65.4,61.9
S1175,6,54.4,55.1
S2048,3,89.1,95.8
S2657,6,83.8,86.3
S2461,4,72.5,71.8
S2186,1,85/100,83.3
S1329,5,80.5,82.4
S2434,5,52.9,53.3
S1350,6,93.4,92.2
S1250,6,78.7,74.9
S1185,6,62.2,63.6
S1429,5,81.8,81.0
S1578,6,80.9,71.7
S1109,5,87.8,86.3
S1495,5,66.2,66.9
S2684,2,70.2,72.0
S1300,2,90.9,94.3
S1284,5,86.1,79.7
S2217,3,69.9,67.5
S2269,2,72.8,73.6
S2276,6,77.7,79.5
S1250,5,80.3,78.2
S1505,3,92.3,95.7
S2610,5,112/100,97.9
S1364,1,73.4,73.8
S2655,1,66.7,65.6
S2604,2,83.6,86.7
S2278,6,84%,80.3
S1547,4,81.6,77.0
S1118,4,99.0,100.0
S1313,1,78.1,73.6
S2473,3,77.6,88.4
S1096,3,73.3,75.2
S2262,4,78.0,82.3
S1526,4,87.3,84.5
S2738,1,77.2,75.2
S2430,2,88.4,100.0
S2323,1,74.1,73.8
S1480,6,85.4,81.4
S2761,2,87.4,85.7
S1095,2,80.7,82.5
S2293,2,87.6,85.5
S1493,3,80.2,81.1
S2727,6,66.1,62.7
S1107,5,69.0,63.8
S1518,6,78.4,75.1
S2429,4,62.6,63.4
S2476,3,96.8,97.1
S2336,5,72.5,66.7
S1328,3,48.0,42.1
S2403,3,77.8,75.0
S2484,5,74.3,73.9
S1055,2,94/100,93.4
S2377,1,68.9,69.1
S1390,5,86.2,82.9
S2682,6,85.3,88.7
S2201,2,84.7,82.7
S2582,5,83.4,83.4
S1373,6,68.3,68.5
S2402,3,112/100,84.2
S2112,4,112/100,89.0
S2228,2,90.1,84.3
S2794,1,64.9,65.9
S2124,5,65.9,61.4
S2124,6,64.4,61.2
S1145,1,91.2,95.5
S2270,1,88.1,90.5
S2680,2,88.7,100.0
S1442,5,63.3,54.6
S2136,2,60.7,65.8
S2015,6,74.3,70.9
S1062,6,77.0,72.5
S2092,3,69.3,73.2
S2146,5,83.9,86.6
S2045,6,81.9,85.7
S1424,5,84.9,83.4
S2593,6,92.5,97.1
S2182,5,63.9,60.9
S2471,6,88.1,86.4
S2798,1,98.7,94.2
S2519,1,90.6,90.7
S2723,5,79.5,87.5
S1227,5,76.6,80.3
S1152,6,76.2,75.3
S2048,5,85.4,88.8
S1509,3,85%,82.7
S2575,3,83.1,83.2
S2503,2,70.2,74.4
S2297,4,90.8,89.2
S1161,5,66.4,72.2
S1238,2,80.3,80.7
S1021,3,76.8,75.5
S1080,6,61.2,64.5
S1111,3,86.6,88.3
S1454,1,92.3,98.0
S2690,6,76.6,79.1
S2360,3,82.2,88.0
S2387,1,73.9,74.1
S2377,3,67.5,77.9
S1074,2,74.6,76.7
S1230,6,59.2,54.0
S2117,6,83.6,83.3
S1241,4,70.2,73.7
S2229,3,82.7,80.7
S2116,6,88.9,87.1
S1247,2,95.8,96.8
S2674,5,77.0,76.1
S1196,4,63.8,62.0
S2732,3,74.6,77.9
S2206,3,68.0,71.6
S1502,6,83.1,83.4
S2502,5,77.1,69.9
S2193,5,80.8,87.7
S2460,2,85.9,82.1
S1047,4,68/100,62.3
S1546,5,72.8,75.6
S2239,3,80.7,83.7
S2442,2,78.2,75.1
S1429,4,76.1,78.1
S2275,3,92.8,88.7
S1184,4,85.5,85.5
S1095,5,79.1,72.2
S1283,3,85.7,81.6
S2145,4,65.6,61.1
S2496,6,69.3,69.7
S1514,3,84.7,89.9
S2587,5,66.4,64.5
S2276,1,76.9,74.7
S1097,2,76.6,74.6
S1010,6,73.1,72.5
S1132,2,79%,69.0
S2061,5,75.5,77.2
S2644,6,98.4,96.7
S2493,2,76.6,76.7
S2367,4,72.0,68.5
S2215,2,73.4,71.6
S2684,6,61.6,57.6
S2298,4,80.6,79.1
S2495,6,65.4,66.6
S2145,1,75.7,78.1
S2294,5,74.5,70.7
S1534,5,100,100.0
S1056,6,51.0,46.8
S2508,1,98.2,100.0
S2116,2,88.3,89.0
S1503,6,90.9,82.0
S2682,5,83.0,86.3
S1031,5,90.8,91.9
S2405,2,83.2,82.1
S2292,4,66.3,65.1
S1071,1,93.9,97.9
S1392,5,86.8,91.8
S1093,2,68.1,63.4
S1233,6,86.9,89.8
S2752,6,80.8,76.5
S2420,6,94.2,90.9
S1582,2,83.8,83.9
S1294,3,67.8,70.6
S2261,5,76.0,78.9
S1050,4,86.9,86.1
S1074,6,60.8,58.6
S1130,4,77.4,73.6
S1187,4,64.1,63.3
S1568,3,75.8,75.8
S2083,1,93.2,91.9
S1321,2,81.7,86.8
S1110,2,79.5,76.6
S1372,4,92.7,91.2
S1423,6,83.8,85.0
S2421,4,81.0,79.9
S2447,2,87.1,88.3
S1424,3,80.8,81.1
S2527,1,96.5,95.4
S2203,5,58/100,56.4
S1410,4,81.3,82.4
S1430,5,91.8,85.7
S2572,4,74.6,79.6
S1493,6,81.6,87.9
S2611,3,95.0,95.2
S2564,5,90.7,96.4
S2730,1,83.2,83.7
S1094,1,85.3,91.7
S2672,6,94.8,93.7
S1229,4,92.6,96.4
S2529,3,86.6,90.4
S1152,2,74.5,70.5
S2780,1,91.3,85.9
S1239,6,71%,70.6
S2604,5,83.6,84.4
S2235,1,76.2,78.5
S1562,5,81/100,82.2
S2529,1,88.2,89.7
S2160,1,81.1,72.6
S1155,3,75.6,75.3
S2083,3,93.9,98.7
S1412,5,68.8,71.7
S1003,4,80.3,75.2
S1024,6,91.8,94.4
S2533,5,63.1,67.1
S1394,6,80.7,78.9
S2214,3,78%,78.2
S2479,6,92.1,93.0
S1194,4,88.0,96.7
S2064,3,84.6,83.9
S2154,1,76.1,79.5
S2010,3,80.9,73.8
S2216,1,95.3,96.2
S2749,6,112/100,95.7
S1462,6,70.4,68.8
S1228,1,92.8,94.9
S1511,4,81.7,74.9
S1203,1,89.7,89.4
S1313,5,83.8,83.4
S2196,3,80.1,75.6
S1512,5,66.4,64.4
S2208,4,86.9,91.4
S2576,1,87.9,96.4
S2165,5,74.9,70.0
S2643,5,78%,78.9
S1196,1,71.0,73.5
S1097,4,79.2,78.3
S1364,5,56.9,54.4
S1576,6,96.6,97.8
S2223,6,92.2,96.4
S1556,4,77.1,75.9
S1306,4,90.6,94.8
S2694,1,88.4,90.5
S2318,4,72.7,75.6
S1310,6,59.7,62.5
S1536,1,69.6,73.2
S1517,5,90.3,92.1
S1448,4,97.2,92.6
S2227,1,73%,77.9
S2317,5,83.2,83.2
S2101,2,91.8,98.7
S1065,4,68%,71.4
S2368,2,80%,84.9
S1173,1,64.3,64.4
S2447,1,84.9,85.8
S1415,5,79.7,79.9
S2703,3,77.8,84.5
S1439,2,85.1,92.6
S2709,1,97.5,97.7
S2390,3,72.0,71.1
S1487,3,71%,75.0
S1156,2,79.4,77.7
S2016,3,82.8,83.3
S1116,2,67.2,75.2
S2372,4,90.4,86.0
S1316,2,83.9,91.7
S1379,1,75.9,73.1
S2230,4,86.7,93.0
S2236,2,63.8,61.5
S2755,2,82.9,81.1
S2793,3,72.5,72.4
S2708,2,85.9,90.3
S2678,2,83.8,89.5
S1008,3,93.2,99.4
S2031,2,72/100,74.1
S1579,2,83%,83.4
S2734,1,87.2,87.4
S1198,6,90.9,91.2
S2340,6,75.0,73.1
S2396,4,88.7,92.6
S2295,1,65.9,60.6
S1281,4,74.2,76.4
S2530,5,112/100,59.6
S2070,6,67.9,63.6
S2472,4,88.5,89.5
S1011,4,89.3,90.5
S1103,6,92.6,100.0
S2176,6,72.1,68.2
S2474,3,81.5,79.1
S1038,6,86.3,81.5
S2419,2,80.2,81.6
S2389,1,61%,63.9
S2695,5,66.4,71.8
S2148,1,89.8,86.8
S1162,4,91.1,96.4
S1301,6,83.4,82.2
S1408,6,83.1,83.1
S2755,6,76.9,81.4
S1477,5,67.3,66.3
S2578,2,91.8,91.6
S2476,2,94.6,92.0
S1573,3,84.3,83.8
S2135,1,77.5,77.7
S1311,1,82.2,86.3
S2580,2,73.9,70.3
S2371,2,73.7,69.9
S2566,1,95.4,90.5
S2003,5,82.2,80.0
S1043,1,77.6,84.0
S2546,1,90.5,99.1
S2382,4,77.7,71.1
S1299,2,83.0,87.7
S2442,3,84.6,89.0
S1344,2,90.0,87.7
S2196,6,75.4,82.4
S1506,5,88.8,87.7
S2303,6,83.9,85.9
S1318,1,85.0,85.5
S1459,3,80.4,77.9
S1354,2,79.9,80.8
S2517,6,95.5,100.0
S2095,3,100,100.0
S2241,6,53.2,53.5
S1449,2,87.5,92.9
S2399,5,75.2,75.3
S2411,1,70.7,74.6
S2395,6,72.2,71.9
S1013,4,83.8,86.7
S1391,6,90.2,85.9
S1392,6,84/100,89.1
S2137,2,85.8,88.2
S1072,5,69.7,74.0
S2704,6,87.5,87.7
S2212,3,74.4,79.0
S1587,4,67%,66.2
S2347,3,74.2,76.4
S2744,6,98.4,98.0
S1577,2,72.4,68.6
S1501,4,68.4,67.7
S2412,1,76.6,79.4
S2430,5,92.5,90.5
S1487,6,75.8,71.1
S2351,1,73.8,74.5
S1041,1,72.7,75.8
S1131,4,74.1,65.1
S1226,5,63.3,64.3
S2231,5,96.2,90.5
S1163,6,69.1,62.9
S1135,6,71.7,69.2
S1362,3,84.8,83.1
S2612,2,85.1,82.1
S1267,4,73.2,69.2
S2281,4,95.7,94.9
S1525,6,97.0,93.7
S2787,5,48.9,44.6
S2348,1,78.8,81.7
S1271,1,73.2,68.7
S2611,6,99.0,99.7
S1248,1,83.3,83.7
S1358,5,72.2,72.5
S1301,2,81.3,80.3
S1350,2,80%,78.2
S2157,2,63.2,60.3
S1227,2,78.7,79.8
S1353,3,82.0,85.5
S1569,2,72%,72.6
S1567,5,85.8,88.4
S2671,1,97.1,92.8
S1520,1,84.7,81.7
S2080,5,76.7,77.1
S1554,2,74.8,71.7
S2074,2,82%,80.6
S2044,2,77.9,75.7
S1083,3,76.5,76.1
S2064,1,96.2,93.7
S2717,5,82.4,78.5
S1389,1,96.9,99.9
S1005,6,86.4,83.3
S2695,4,66.3,58.3
S2062,4,81.6,83.5
S1183,1,76.2,78.7
S1021,5,78.4,80.8
S2622,3,75.8,72.4
S2506,3,84.4,80.0
S2795,3,57.3,53.6
S2327,2,84.8,81.4
S1384,1,79.9,83.8
S2364,6,94.1,93.3
S1259,6,98.0,99.0
S2677,6,84.1,87.1
S1100,5,79.6,84.7
S1354,6,80.7,76.8
S1237,1,91.9,98.9
S2133,4,70.8,67.6
S2284,3,77.4,68.6
S2183,1,87.6,82.0
S2748,6,67.2,68.0
S2620,4,75.5,73.1
S2132,6,71.1,72.6
S1367,2,82.8,82.9
S2728,4,89.0,95.5
S2254,4,78.7,75.0
S1121,6,84.4,80.5
S2391,3,72.9,71.8
S2497,6,46.5,51.9
S1135,5,75.7,76.5
S1564,6,74.0,72.9
S2436,6,97.3,98.9
S1160,5,64.2,63.5
S2065,2,72.4,76.6
S2123,5,55%,55.8
S1136,1,91.4,89.0
S1140,1,91.5,91.0
S2074,1,87.8,95.9
S1404,6,92.7,95.7
S2201,4,95.8,100.0
S2177,4,79.0,84.0
S1206,6,53.8,55.7
S1205,2,87.3,92.5
S2390,1,82.9,89.7
S2395,4,76.1,68.1
S2232,4,86.2,94.6
S2188,2,75.8,77.3
S2646,1,73.7,78.7
S2680,4,92.7,85.9
S2020,4,78.2,75.8
S1571,5,71.2,68.0
S2226,6,84.1,83.4
S2440,6,70.2,72.4
S1277,2,81.2,74.6
S2688,3,89.0,92.5
S2685,3,79%,83.4
S1076,3,82.2,85.2
S2755,4,75.5,79.1
S2389,3,64.5,60.7
S1498,6,78.5,77.2
S1437,4,90.2,91.0
S1071,3,85.8,82.3
S2154,2,75%,74.4
S1204,3,62.3,57.0
S1489,2,82.7,90.5
S2048,1,91.0,92.2
S2478,2,79.1,80.8
S1475,2,72.0,77.7
S2789,4,69.9,62.6
S1167,6,88.0,84.3
S1018,1,88.3,82.2
S1404,1,83.6,81.6
S2084,4,99.8,93.6
S2230,6,87.6,81.5
S2073,4,84.9,85.5
S1264,3,80.1,85.0
S2063,2,61.2,63.3
S1368,5,91.0,93.1
S1029,3,69.4,66.0
S2520,2,100,99.8
S1023,4,75.9,69.6
S1127,2,66.5,68.1
S2254,6,80.1,76.0
S1219,3,82.3,84.1
S2760,3,67.0,68.6
S1381,5,73.2,71.2
S2231,2,99.3,100.0
S1485,2,82.6,86.1
S2745,1,81.7,81.5
S1508,4,94.8,98.1
S2267,4,86%,88.6
S1323,4,84.4,81.9
S2695,2,67.7,71.0
S2029,5,82.0,78.1
S2598,4,69.5,69.7
S1135,4,73.7,83.0
S1341,6,75.6,73.9
S2003,4,81.4,80.3
S1078,1,79.7,80.0
S1488,6,66.9,71.4
S1327,1,83.3,77.1
S1408,4,77.1,69.2
S2545,6,67.4,71.2
S2129,6,63.6,64.8
S1134,2,81.9,87.4
S1401,3,78.8,80.0
S2370,1,75.1,74.6
S1179,6,90.9,90.4
S2573,1,81.9,82.8
S1025,1,71.9,71.0
S2420,5,95.9,94.4
S1224,3,73.8,79.8
S1589,1,81.0,82.9
S2069,5,60.5,58.0
S1349,4,90.6,98.1
S2342,1,78.1,70.2
S2639,4,75.0,76.8
S2033,3,78.4,77.8
S2434,1,59.3,58.8
S2689,1,84.8,84.2
S2190,5,100,100.0
S2713,6,92.3,91.9
S2252,6,73.7,70.0
S1168,2,96.3,89.8
S2795,1,57.3,58.7
S2304,1,75.1,77.5
S2025,6,86.9,79.3
S2188,5,78.9,78.4
S1093,4,76.9,80.8
S2425,6,66.5,63.0
S2511,4,92.7,93.7
S2673,4,82%,83.4
S1248,4,73.4,70.4
S2752,1,82.7,90.1
S1213,1,64.7,66.3
S2614,5,54.5,46.4
S1236,2,64.0,56.4
S2734,2,91.3,84.3
S1126,4,80.8,78.1
S1246,2,89.3,94.8
S2057,2,82.7,86.2
S2583,1,92.8,94.3
S1550,3,83.0,82.3
S2298,1,79.5,82.6
S2443,4,74.1,69.1
S2633,4,84.4,82.0
S2620,5,83.0,81.7
S1599,2,76.9,78.0
S1164,4,70/100,66.5
S2683,1,78.2,74.0
S2576,4,89.3,95.1
S1454,5,90.5,84.9
S2734,6,72.6,73.5
S1212,3,77.3,75.7
S1411,3,90.8,84.2
S2720,5,69.4,69.4
S1045,5,63.6,69.6
S1110,1,82.1,83.3
S1553,5,59.0,63.1
S2381,5,90.9,89.0
S2148,5,75.3,67.8
S2448,1,77.4,85.8
S1471,2,79.8,79.1
S2356,6,57.8,60.1
S1099,2,81.6,79.5
S1083,4,77.5,76.5
S1578,4,79.0,74.6
S1592,3,82.9,75.8
S2767,4,84.8,84.6
S2161,2,93.1,100.0
S2352,4,88.0,90.6
S2374,2,90.7,96.7
S2079,4,75%,69.1
S1302,3,76.6,80.3
S2142,5,96.8,94.1
S2701,4,86.7,85.1
S2038,6,68.8,62.1
S1339,1,72.1,72.6
S2779,3,100,100.0
S1113,6,88.7,83.8
S2497,4,49.0,46.6
S2419,3,81.4,75.4
S2099,4,87.4,88.5
S2040,3,86.3,83.2
S2765,3,87.6,85.6
S2453,3,73.2,73.8
S2711,5,96.0,98.2
S1406,3,81.1,81.5
S2764,5,64.2,69.7
S2488,2,78/100,70.8
S1092,6,86.1,76.3
S2639,6,76.7,74.5
S2120,4,82.0,81.4
S1541,6,112/100,84.1
S1269,4,92.6,94.2
S2209,1,86.4,85.8
S2746,2,85.8,92.3
S2684,1,81.0,79.5
S1543,5,79.8,82.4
S2724,3,88.6,84.9
S1542,3,86.9,86.1
S1560,2,82.5,77.4
S2185,6,91.5,92.3
S1370,1,91.9,90.9
S2286,3,92.9,93.4
S1101,6,76.2,70.5
S2163,3,98.1,100.0
S2160,4,75.2,78.4
S2040,4,90.9,95.4
S1245,5,95.3,97.2
S2516,4,88.6,91.0
S1331,3,72.5,71.1
S2140,6,91.6,89.1
S1149,3,56.8,53.2
S1567,1,84.3,80.4
S2333,2,71.4,72.1
S1141,4,87.4,88.6
S1360,2,75.9,76.7
S2021,2,87/100,78.0
S2144,6,66.1,67.6
S1347,2,68.1,66.0
S2630,2,69.0,66.8
S2290,4,59.6,59.5
S2588,3,95.2,95.8
S2362,1,89%,84.0
S1467,4,69.0,68.0
S2441,4,74.5,70.6
S1098,3,73.7,75.7
S2103,5,68.2,65.4
S1573,6,80.1,76.4
S2241,5,52.9,52.1
S2058,4,93.0,89.4
S2702,6,69.4,68.4
S2787,1,55.7,60.6
S2517,4,96.0,100.0
S2132,1,69.5,67.5
S2174,2,75.0,81.8
S1526,5,87.8,84.7
S2025,2,86.9,86.9
S1299,2,83.0,87.7
S1426,1,71%,72.4
S2467,6,75.9,78.8
S1058,3,89.2,95.3
S2561,2,73.2,77.0
S2277,5,87.4,92.4
S2665,5,57.8,52.1
S2794,6,75.7,81.5
S1146,2,88.7,91.3
S2090,6,92.2,88.6
S2737,2,86.6,89.6
S2471,5,96.6,100.0
S2424,3,81.5,83.3
S1016,1,83.9,82.4
S2144,4,70.2,67.5
S2201,1,95.5,95.8
S2339,6,77.3,78.0
S2326,3,85.6,79.5
S2620,3,83.6,87.8
S1353,6,79.3,81.5
S1490,4,95.3,90.7
S2203,3,68%,65.0
S2551,1,73.8,68.6
S1473,5,80.7,79.8
S1517,1,97.0,99.9
S2545,4,62.6,63.3
S2109,3,112/100,80.9
S1158,6,76.1,73.8
S1488,4,67/100,65.5
S2153,3,72.9,66.0
S2078,6,55.7,61.0
S2204,1,70.9,81.2
S1148,2,81.3,79.2
S2277,4,80.0,81.0
S2168,6,94.1,86.3
S2278,4,82.0,82.7
S2509,2,92%,91.0
S2381,1,82.9,89.8
S2778,2,76.5,78.1
S2518,5,84.7,91.5
S2413,2,82.1,75.1
S2303,3,87.4,90.9
S2410,4,73.1,75.5
S2485,4,75.2,72.1
S2463,1,71.9,79.0
S1403,4,75.7,66.5
S2565,2,88.5,88.7
S2549,1,86.4,87.6
S2786,6,81.2,77.0
S2418,6,81.2,81.4
S2505,6,82.6,87.4
S1484,2,76.1,76.7
S2400,1,72.4,73.1
S1400,5,90.7,92.8
S1369,2,85.5,88.9
S1286,1,77.7,78.2
S1018,3,87.2,90.6
S2290,5,55.7,57.3
S1198,5,95.4,96.1
S2468,2,93.7,83.9
S1531,5,84.9,79.2
S1303,5,85.1,84.6
S2489,5,74.4,71.4
S2552,6,88.0,80.0
S2221,6,91.7,96.4
S1026,2,100,99.0
S2354,3,91.6,88.4
S1153,4,79.0,81.1
S1218,4,83.8,76.4
S2438,5,78.7,75.2
S1509,2,79.7,85.1
S2712,2,87.1,93.1
S2385,2,61.8,64.6
S2772,5,68.9,71.3
S2487,5,84.7,84.0
S2299,1,74.2,75.7
S2319,2,76.8,75.8
S2727,3,70.0,66.3
S1467,1,71.6,72.9
S1451,2,86.6,88.3
S1234,1,97%,97.6
S1420,6,62.3,61.7
S1031,4,87.4,82.8
S2014,3,81.7,86.6
S1062,1,76.8,72.7
S2086,1,92.0,91.4
S2044,5,63.1,67.2
S2345,5,93.7,99.7
S1403,6,66.8,72.9
S1079,4,79/100,78.7
S1162,2,87.2,89.3
S2411,5,62.9,64.1
S2546,2,87.1,92.3
S1443,5,92.2,88.3
S2677,3,89.3,85.5
S1035,6,82.4,79.0
S1327,6,86.6,91.1
S1150,3,92.5,91.7
S2548,5,91.1,84.4
S2060,2,83.3,79.7
S2326,6,85.5,79.1
S1296,4,90.2,83.3
S2197,4,62.2,65.5
S1384,2,77.7,78.9
S1202,4,85.9,86.7
S2211,4,90.8,90.0
S2785,2,80.9,76.5
S1528,1,81.3,81.1
S1212,5,78.4,79.9
S1209,4,79.3,74.4
S1530,3,71.5,76.6
S2346,1,87.8,88.5
S1569,4,69.0,70.0
S2081,5,54%,57.0
S2313,3,86.4,86.6
S2792,2,90.5,87.6
S1049,5,94.1,92.3
S2347,1,77.6,78.4
S2173,2,90.0,91.5
S1176,2,83.4,82.3
S2177,2,81.3,75.4
S2150,5,85.1,80.4
S2092,4,71.6,71.0
S1046,3,77.9,80.8
S1341,3,77.0,75.1
S2203,2,69%,73.7
S2446,5,77.1,74.3
S2537,2,82/100,82.4
S2712,5,94.1,91.2
S1182,1,92.8,96.9
S2121,6,72.0,68.8
S2606,5,84.8,88.8
S2193,2,85.6,84.1
S2080,4,75.2,71.6
S1484,6,78.6,76.0
S2676,6,74.8,75.8
S2485,6,78.7,77.8
S1580,5,91.1,96.9
S1427,6,58.5,56.9
S2363,4,96.1,98.7
S2591,3,71.7,75.0
S2453,1,80.0,76.0
S2031,3,77.0,76.5
S2510,4,77.4,79.2
S2171,1,88.9,91.7
S1103,2,90.4,86.1
S2084,5,95.4,92.9
S2144,5,69.4,68.4
S2128,1,86.0,84.6
S2246,2,76%,80.6
S2286,5,96.9,100.0
S1292,3,71.7,74.7
S2764,1,68.9,65.4
S2575,1,81.7,84.7
S2683,5,87%,88.2
S1554,5,69.3,74.6
S2347,2,74.7,73.4
S1486,1,81.0,82.3
S1444,5,92.1,89.5
S2072,5,95.7,98.3
S2466,4,70.6,70.0
S1519,6,70%,73.1
S1551,4,71.9,71.6
S1360,1,84.1,88.1
S1225,1,74.7,71.3
S2632,6,76.6,76.0
S2373,5,88.3,85.4
S2538,2,82.6,85.5
S2770,6,52.3,54.6
S2380,3,77.1,72.1
S1159,5,79/100,77.1
S1577,4,69.0,71.5
S1504,4,79.1,79.9
S2106,2,89.0,94.2
S1251,5,64.8,63.4
S2741,3,66.0,61.2
S1302,1,79.9,84.6
S2056,5,90.3,84.6
S1187,6,65.8,60.8
S2255,6,91.8,79.7
S2772,4,72.8,74.8
S2312,1,99.8,97.7
S2155,5,77.8,76.2
S2149,2,95.8,99.0
S2580,3,70.9,71.3
S2562,3,85.5,89.2
S2385,6,50.3,55.4
S2051,4,112/100,84.1
S1070,3,75.5,69.6
S1496,4,85.4,82.7
S2296,5,70.4,68.5
S1406,2,112/100,82.5
S2183,4,73.4,73.2
S1095,1,80.5,84.1
S1422,1,73.4,69.6
S2748,5,74.1,76.2
S1542,6,77.9,77.7
S1205,1,94.5,90.1
S1024,5,90.3,89.3
S2151,4,79.6,79.8
S1249,3,69.3,67.2
S2684,3,72.0,70.6
S2626,4,76.9,74.4
S2422,4,73.8,73.3
S2089,5,80.8,84.2
S2459,4,98.2,100.0
S1443,2,99.9,100.0
S1335,1,89.8,93.5
S1200,1,71.7,81.4
S2395,5,76.0,73.7
S2446,6,78.8,85.5
S1589,2,78.3,85.2
S1293,5,86.7,89.0
S1083,6,62.8,61.4
S2474,6,81.9,77.7
S2011,3,65.9,61.3
S1146,1,92%,88.7
S1560,4,85.9,79.5
S1153,1,81.9,84.7
S1121,2,84.3,86.3
S2281,6,100,95.8
S2193,2,85.6,84.1
S2502,6,79.9,83.8
S2782,6,70.0,68.6
S2221,6,91.7,96.4
S1250,3,88.5,87.9
S2185,5,90.7,89.5
S1254,3,83.6,78.8
S2356,4,52.4,58.0
S2525,1,97.5,95.0
S1458,5,73%,69.9
S2790,4,84.5,86.4
S1053,3,89.8,83.2
S2462,5,96.8,95.9
S2626,5,78.7,78.9
S1559,3,78.6,81.1
S1019,1,95.3,94.6
S1293,3,86.6,89.1
S2423,6,99.9,100.0
S1226,2,73.4,74.6
S1522,4,56.1,61.8
S2514,5,85.0,85.2
S2255,5,94.7,92.9
S2240,2,78/100,76.3
S1081,1,71.7,80.7
S2339,3,76.0,80.3
S1329,6,79.6,77.9
S1057,1,67.0,70.3
S1461,5,65.4,66.1
S2353,1,87.0,90.7
S2467,2,90.8,96.0
S2053,3,86.0,91.9
S2219,6,88.3,86.9
S1088,3,86.1,74.5
S2073,1,83.2,84.0
S2601,3,71%,70.9
S2330,6,78.3,70.5
S1469,2,73.8,74.2
S1121,5,80/100,78.8
S1128,4,76.2,78.0
S2753,2,88.0,85.6
S2154,3,80.7,92.7
S2771,5,84.5,88.7
S1052,2,88/100,89.7
S1214,1,82.4,79.4
S1059,1,83.2,86.1
S2567,2,90.6,75.7
S2578,3,85.3,82.7
S2238,2,75.2,79.4
S2452,2,87.0,81.5
S2769,4,82.8,86.2
S1299,4,83.5,87.2
S2189,3,91.4,85.7
S2274,5,60.9,67.0
S2131,2,65.8,59.3
S2467,5,72.7,73.8
S1343,2,74/100,75.8
S2069,6,54.8,51.0
S2059,2,112/100,78.1
S1012,6,90.1,85.5
S2625,6,70.6,67.0
S1460,6,71.5,67.7
S2173,4,82.9,82.6
S2656,4,81.4,80.1
S2178,6,78%,81.8
S2015,5,73.7,78.5
S2183,3,81.0,87.0
S2411,3,60.9,67.0
S1468,4,84.8,80.3
S1211,1,63.8,66.0
S1278,5,86.5,94.0
S2204,2,76.8,70.2
S2319,6,61.0,61.2
S2206,1,70.4,67.3
S2056,3,88.2,88.0
S1362,2,83.2,79.1
S1241,6,77.1,76.9
S2434,3,57.2,61.9
S1423,2,79.4,83.7
S2155,2,74.5,76.7
S1283,4,82/100,87.3
S1483,1,89.7,90.6
S1183,4,81.1,77.0
S2540,3,84.9,82.0
S2509,3,92.8,99.0
S1534,6,96.0,100.0
S2141,2,53.7,59.4
S1272,5,83.2,86.1
S2328,5,80.1,76.5
S1314,4,88.3,84.5
S2215,3,77.2,82.8
S2615,1,82.7,84.8
S1269,5,96.6,95.4
S1164,1,71.1,69.0
S1236,4,57.3,57.2
S2478,3,88.8,82.7
S2097,1,90.4,94.5
S1142,3,74.3,70.8
S2147,2,76.8,70.6
S2172,1,67.5,68.1
S2130,2,85.4,85.2
S1480,4,85.6,81.2
S1379,4,78.6,79.3
S1399,5,62.2,58.7
S2594,4,75.5,78.3
S1306,1,88.6,82.8
S2511,5,95.0,99.2
S2502,2,93.0,92.8
S2088,5,79.7,84.9
S1008,6,91.0,88.7
S2197,1,64%,58.3
S2225,2,84.6,82.4
S1226,1,76.0,76.1
S2788,4,99.1,96.4
S2057,6,79.9,75.3
S2574,3,88.6,92.6
S1075,3,75.4,74.4
S1375,5,78.8,78.7
S1291,4,74.1,75.5
S1141,5,82.7,85.8
S2726,4,77.1,71.4
S2598,2,70.6,77.5
S1549,2,76.8,79.7
S2009,2,83.8,90.7
S2644,5,94%,100.0
S1407,5,85.8,86.0
S1518,2,79.9,74.9
S2577,6,93.3,92.4
S1114,1,89.1,85.6
S1177,1,89.6,91.0
S2702,5,70.6,70.5
S2490,3,88.1,96.3
S1216,5,93.5,94.7
S2688,4,87/100,85.8
S2151,5,83.9,81.7
S2257,6,85.5,92.9
S1162,6,85/100,85.2
S1574,5,68.8,71.4
S2484,6,81.4,80.9
S2305,5,77.5,75.3
S1186,3,88.8,85.6
S1591,4,88.8,86.2
S1130,3,79.0,82.5
S1304,2,80.4,73.1
S1372,6,90.5,90.9
S1372,3,89.2,92.9
S1359,6,62.6,62.2
S2431,2,87/100,91.5
S2515,5,83.0,84.3
S2732,5,76/100,75.4
S2768,1,74.9,70.8
S2424,5,84.9,81.9
S2474,4,75.5,71.6
S2479,3,89.7,88.8
S1228,5,85.5,89.7
S1245,6,96.3,92.6
S1309,4,98.5,98.1
S1531,4,81.2,90.1
S1328,2,55.1,54.6
S2027,6,61.9,57.4
S2542,6,57.1,55.3
S2308,5,81.4,80.4
S1534,2,96.6,97.6
S2420,2,99.5,99.3
S1215,6,76.6,64.7
S1081,6,70.6,71.0
S1374,2,83.5,82.7
S2172,5,69.8,75.1
S1544,4,69.9,70.1
S2152,4,89.2,92.5
S2290,6,53.4,56.5
S2245,1,87.3,88.3
S2730,5,90.2,89.8
S2184,3,83.3,84.4
S1006,1,76.0,82.7
S2611,1,98.8,96.4
S1591,3,80.1,88.7
S2282,1,81.4,83.2
S1314,2,81.2,83.3
S2498,6,70.8,60.0
S2029,6,85.1,84.4
S2540,2,84.3,81.7
S2400,2,74.8,73.6
S2003,3,82%,84.0
S2317,1,81.0,86.1
S2378,6,59.2,57.8
S2437,2,63.4,68.8
S1173,5,72.8,68.5
S1107,1,69.0,69.8
S2112,2,87.4,90.1
S2585,6,93.1,93.7
S2747,3,76.0,67.4
S2350,4,75.2,76.4
S1181,4,89.6,86.5
S1436,6,83.6,82.1
S1144,4,79.8,84.0
S2171,4,93.5,90.1
S1151,4,71.4,78.4
S1032,6,72.3,73.3
S1019,2,93.0,100.0
S2027,5,68/100,66.4
S2248,1,76.8,78.9
S1324,5,80%,78.9
S2690,2,71.5,73.6
S2670,2,86.1,83.8
S2783,2,82.6,79.3
S2512,4,72.0,79.1
S1306,2,91.7,95.4
S2717,1,86.3,84.9
S2697,5,72.2,75.7
S2058,1,93.7,87.6
S1131,3,71.7,71.3
S1094,6,67.2,72.6
S2797,4,87.9,92.8
S2328,3,78%,73.3
S1463,4,79.3,70.7
S1572,4,75.7,82.6
S2122,4,65%,72.7
S2682,3,82.4,93.2
S2530,2,81.8,77.5
S1305,2,84/100,88.0
S1437,2,86.9,84.8
S2445,1,92.9,96.5
S1183,3,74.4,81.0
S2464,1,75.5,84.4
S1529,2,75.8,70.3
S2170,1,70.9,72.4
S2102,5,84.0,76.6
S1256,2,77.5,77.8
S2285,4,86.9,88.3
S2716,4,75.5,80.0
S2575,4,86.2,85.4
S2373,3,85.1,79.8
S2010,5,85.2,85.4
S2261,3,78.6,72.7
S1276,5,86.6,83.5
S2638,5,56.2,50.4
S2777,5,100,99.2
S1388,2,76.7,69.2
S1403,2,77.8,78.7
S2617,1,85.5,84.1
S1443,3,112/100,100.0
S2043,4,86.9,89.1
S2036,4,86.6,84.2
S2690,4,71.7,70.9
S1447,3,83.5,80.5
S2171,6,96.5,91.5
S2258,2,88.7,88.7
S2342,1,78.1,70.2
S2240,6,88.9,87.2
S2348,6,82.4,87.7
S2473,1,80.0,82.8
S1030,5,94.0,99.8
S2332,4,90.3,92.0
S2076,5,91.3,89.4
S1256,5,80%,78.5
S2797,1,81.5,75.6
S2742,1,89.7,89.2
S1548,5,74.2,74.8
S1201,5,82.0,79.0
S1368,1,93/100,98.4
S2162,2,78.7,85.4
S2628,3,75.5,76.8
S2718,2,88.1,87.3
S2706,6,74.3,73.6
S2435,6,52.1,50.1
S1163,4,72.1,68.3
S2125,4,73%,70.0
S1296,1,80.0,77.9
S1139,2,100.0,99.7
S1157,6,82.7,86.9
S2077,3,69.8,68.3
S1415,3,79.8,73.6
S1105,4,68.2,61.2
S2042,2,72.6,72.9
S2327,1,93.1,93.8
S1155,2,78.9,77.3
S1506,4,89.4,95.7
S1050,2,91.4,99.1
S1176,3,87.4,83.1
S2621,1,79.4,83.8
S1452,2,95.8,92.2
S1537,6,72.4,80.9
S1334,4,89.3,86.0
S2756,3,79.0,86.1
S2226,3,83.1,85.1
S2527,5,90.7,85.9
S1585,6,84.5,90.0
S2011,1,63.5,63.4
S1465,6,69.2,69.4
S1158,3,81.7,79.1
S2184,4,82.5,82.7
S2119,6,83.4,84.5
S2594,2,79.6,84.8
S1003,1,79.8,71.8
S1187,2,65.4,65.1
S2780,5,86.1,85.2
S1543,4,84.1,82.0
S2186,6,86.2,87.5
S1449,3,90.0,87.6
S1369,6,69.9,68.4
S2046,3,87.4,87.0
S2528,4,76.3,77.4
S1191,4,67.0,67.0
S1220,6,73.7,71.4
S1130,6,77.1,76.8
S1249,2,71.0,71.2
S2776,2,89.4,93.3
S1522,5,46.1,54.8
S2579,6,89.7,92.6
S2205,1,112/100,82.6
S1073,2,78.7,85.6
S1580,2,93.9,91.1
S1585,2,90.5,88.8
S1109,6,85.5,74.1
S1413,6,93.5,87.2
S1016,3,75/100,76.9
S2779,5,112/100,98.1
S2283,5,64.0,58.2
S2314,1,94.4,93.1
S2274,4,58.3,62.1
S2051,6,82.0,81.8
S1541,2,80.2,77.8
S2286,4,99.8,100.0
S2451,1,84.0,79.3
S1482,1,74.6,73.6
S1523,4,90.5,94.7
S2620,6,75.7,69.7
S2066,3,62.2,65.9
S2504,3,73.2,76.1
S2603,5,81.0,85.3
S2142,1,86.6,85.8
S2454,1,78.1,82.6
S1485,1,80.9,85.3
S1598,1,75.0,83.3
S1096,1,81.9,87.0
S1242,3,67.1,62.3
S2143,3,64.5,68.6
S2275,1,97.8,100.0
S2251,1,83.2,78.3
S2581,1,88.9,91.1
S1420,5,70.4,71.1
S2645,1,97.7,99.5
S1291,6,70.0,71.1
S1457,6,82.0,86.2
S1266,1,81.1,74.8
S1538,5,79.4,75.2
S1035,2,82.8,84.6
S1373,5,73.6,75.7
S1048,6,78/100,76.8
S1290,5,78.5,91.1
S2456,5,77.6,76.9
S2736,4,63.8,71.2
S1590,6,88.7,93.1
S2108,5,86.8,80.4
S2715,6,49.3,54.6
S2494,2,85.4,78.4
S1321,4,84.6,89.9
S2278,5,87.9,88.0
S1472,2,76%,78.6
S1281,5,69.9,72.3
S2296,2,63.5,64.8
S2711,6,96.1,100.0
S1224,1,76.8,85.2
S1544,5,73.2,68.9
S2197,6,65.4,66.8
S1458,1,74%,72.8
S1166,4,87.8,94.3
S2641,2,86.8,88.0
S1109,3,86.0,82.2
S2485,2,82.2,85.1
S1484,5,80.1,85.0
S1377,3,75.9,71.9
S2550,4,70.6,72.9
S2746,1,80%,74.4
S2271,1,84.6,87.1
S1498,5,79.1,78.0
S2320,4,72.1,66.1
S1354,4,82.8,84.0
S2572,3,75.1,79.4
S2646,2,74.6,72.8
S2649,5,91.0,88.5
S2318,2,75.3,72.2
S1261,5,89.3,92.6
S2556,6,85.0,82.5
S2280,6,89%,90.0
S1431,5,88.4,92.5
S2412,6,73.6,74.1
S1365,2,64.6,67.2
S1533,5,93.9,94.2
S1119,1,82.0,82.5
S1206,2,64%,62.8
S2355,5,96.6,97.1
S2526,4,68.8,66.0
S2491,3,89.2,84.8
S1210,5,95.9,96.1
S1376,5,91.6,89.9
S1326,2,80.6,83.9
S2494,5,85.6,84.3
S1166,2,85.5,81.8
S1585,1,87.0,82.1
S1019,6,100.0,98.0
S2683,3,80.0,82.2
S1419,2,85.7,87.3
S2745,6,90.2,86.0
S2791,2,100,100.0
S2674,6,81.1,81.9
S2032,2,91.8,89.6
S1425,5,82.1,80.9
S1270,2,94.6,93.6
S1085,4,91.5,94.4
S2230,2,92.2,90.1
S2176,2,70/100,71.8
S1159,2,74.1,82.4
S2569,6,80.8,78.3
S2114,3,81.1,83.9
S2029,3,86.8,84.9
S2528,2,81.3,74.1
S2607,2,87.1,92.7
S1476,1,74.0,70.7
S2287,1,73.3,76.6
S2208,1,82.1,79.1
S1384,3,71.3,71.4
S2094,2,73.9,67.1
S2572,5,78.7,79.1
S1059,3,82.8,86.4
S2296,6,71.0,78.1
S1485,3,84.0,83.0
S2223,4,92.2,89.8
S2491,6,96.0,98.9
S1418,4,86.6,91.0
S1437,5,85.8,80.6
S2221,2,80.5,87.8
S1186,5,90.5,88.4
S1475,3,77.8,80.5
S2470,4,78.4,84.3
S1050,5,91.6,91.4
S1280,2,84.1,85.9
S1558,6,72.5,75.7
S2600,4,98.7,100.0
S1456,6,75.8,68.2
S2104,5,83.2,77.8
S2555,1,89.7,87.6
S2634,5,68.1,74.7
S2124,2,73.8,77.9
S2623,4,64.9,62.1
S2539,5,70.7,73.1
S1323,6,91.2,85.3
S1039,2,66.8,67.8
S1013,5,90.4,81.9
S1018,2,91.2,92.2
S2452,6,88.6,85.7
S2036,6,87.3,90.4
S2061,2,75.7,66.3
S1288,1,76.7,77.7
S2682,4,86.6,84.0
S1351,4,78.1,77.0
S2589,5,89.4,91.9
S2123,4,112/100,55.2
S2786,4,85/100,87.4
S2326,2,84/100,90.1
S1307,2,65.3,58.2
S2382,3,80.6,75.7
S2451,2,76.4,85.8
S2414,2,95.5,92.8
S1270,1,99.5,100.0
S2025,3,81.2,80.4
S1102,2,91.3,87.1
S2730,6,85.2,79.4
S2294,3,73.8,72.9
S1183,2,77.1,76.1
S2108,4,84.1,85.5
S1438,1,80.1,77.4
S2396,5,89.6,89.0
S2711,3,91.6,94.0
S2004,4,88.3,90.4
S2386,3,84.0,82.6
S1027,5,73.2,75.1
S1034,6,57.0,56.7
S1398,6,77.5,84.1
S2134,1,76.1,71.7
S2272,3,75.6,72.4
S1140,4,91.7,88.2
S1490,1,93.5,91.7
S2311,2,87.6,78.5
S2669,6,71.4,73.4
S1406,6,68.2,68.1
S1206,1,69.8,76.0
S2550,6,73.9,77.2
S2540,5,89.0,85.1
S2739,2,90.0,84.6
S1269,2,91.9,94.5
S2791,6,94%,88.8
S2616,1,69.0,67.0
S2353,6,71.8,82.0
S2043,1,96.1,99.1
S2016,4,84.5,84.2
S2257,3,81.2,80.2
S2514,3,77.3,73.9
S2212,1,68.3,66.9
S1456,3,67.8,70.7
S2722,4,76.0,68.8
S1193,1,80.6,75.0
S2563,3,112/100,72.5
S2624,3,81.5,86.3
S2406,5,64.2,63.2
S2181,1,81.2,81.3
S2084,1,99.0,99.1
S2182,2,62.3,53.4
S2556,1,87.6,85.8
S2071,3,84.0,81.9
S1233,1,82.3,83.3
S2693,3,85.1,80.4
S2499,5,72.0,77.2
S1110,4,70.7,74.5
S1132,5,87.5,90.3
S2054,4,82.0,87.8
S2678,5,78.8,86.9
S2647,5,63.1,64.1
S2465,3,100%,96.5
S1427,6,58.5,56.9
S2034,4,88.7,85.0
S1441,1,91.0,95.1
S1227,4,75%,78.8
S2466,2,72.8,77.2
S1592,6,70.9,76.0
S1392,2,87%,84.2
S2428,6,81.1,79.1
S2084,2,97.4,88.9
S1464,4,85.9,85.5
S2342,5,84%,76.2
S2512,6,68.1,69.9
S2551,2,80.6,82.8
S1552,3,97.4,93.0
S2546,3,86.0,84.1
S2722,1,79.6,78.7
S2492,2,78.5,76.5
S1103,4,89.5,89.7
S2483,6,65%,65.8
S1430,2,93.0,91.8
S2663,2,84.1,88.1
S1386,5,82.3,76.0
S1557,5,94/100,91.9
S1076,2,77/100,83.8
S1285,2,91.2,91.9
S2475,2,80.3,84.5
S1498,4,77.2,72.3
S2247,1,69.7,77.5
S2691,1,82.8,80.5
S1297,5,64.9,71.8
S1073,6,83.9,79.2
S2102,4,84.2,88.9
S1134,6,82.1,78.5
S1143,6,85.9,79.3
S2008,6,98.1,97.2
S2532,5,66.9,69.3
S2285,3,86.4,86.8
S1166,1,94.4,92.1
S2420,1,90.1,91.7
S2328,2,86.5,83.1
S2201,2,84.7,82.7
S1586,4,80.1,81.7
S2082,6,63.3,57.7
S2711,2,90.8,91.5
S1037,4,85.2,83.5
S2091,1,78.0,83.1
S1215,5,73.0,71.1
S1528,2,85.5,85.8
S1098,1,72.4,77.8
S1437,3,87.3,88.9
S2003,1,85.7,92.0
S1008,2,97.0,95.1
S2740,3,93.4,88.0
S1206,5,57%,53.6
S2468,4,92.1,88.4
S2213,1,81.2,76.5
S2033,1,88.2,86.7
S1596,2,85%,87.7
S2497,5,50.5,51.3
S1251,4,64.5,63.7
S2706,2,86.0,91.9
S2696,6,68.6,72.1
S2250,4,88.7,87.4
S1574,2,70.8,63.6
S1316,3,89.3,87.7
S2776,4,89.7,96.3
S2724,4,92.7,98.2
S1546,3,79.7,77.4
S2267,3,87.0,83.1
S2650,6,87.4,82.4
S1581,1,85.3,86.4
S1179,4,112/100,96.3
S1120,5,71.5,81.9
S2181,5,78.5,83.7
S1395,1,70.6,79.1
S1251,6,65.7,61.3
S1533,4,92.7,95.8
S1112,5,81.0,84.0
S2696,1,60%,60.2
S1493,1,85.5,88.2
S2315,4,63.0,56.4
S2781,3,82.6,84.8
S2279,6,62.7,65.6
S1150,4,90.1,93.7
S2170,6,54/100,54.7
S2461,1,75.1,65.4
S2545,6,67.4,71.2
S2617,6,62.3,66.4
S1445,3,76.4,73.0
S1592,5,84.8,84.3
S1533,2,92.9,93.7
S1482,5,78.1,70.4
S2130,4,91.2,94.8
S2668,1,79.9,76.3
S1256,1,73.7,82.8
S2619,3,89.8,86.8
S2665,2,74.8,69.8
S2271,6,74.5,73.0
S2725,1,82.8,86.1
S1007,4,85.9,82.8
S2768,4,84/100,86.7
S2505,5,77.4,77.4
S2588,1,96%,96.6
S2555,5,96.5,98.5
S1313,3,82.9,88.6
S1396,1,77.6,70.3
S2383,5,89.2,87.8
S1295,6,96.0,97.9
S2501,5,65.3,68.6
S1037,5,90.3,83.7
S1331,4,65.6,65.1
S1089,4,64.2,53.6
S2487,1,88.5,91.7
S2646,5,79.8,80.7
S2260,4,89.6,93.6
S1481,2,86.3,85.2
S1014,4,69/100,74.6
S1115,1,73%,72.9
S2274,1,76.7,77.8
S2640,4,82.0,77.2
S1361,4,93.8,91.2
S1122,6,70.1,59.4
S1568,5,77.3,76.0
S1390,6,82.7,81.8
S2502,3,85.9,82.5
S1373,1,67/100,66.5
S2269,5,83.3,77.6
S2653,1,84.3,89.9
S1428,4,75.3,70.7
S2361,2,85.1,80.2
S2372,5,91%,90.6
S2237,5,81.1,81.3
S2272,4,85/100,84.8
S2262,6,77.1,75.4
S2144,6,66.1,67.6
S2628,4,72.7,77.0
S1451,6,95.7,100.0
S1210,2,93.0,91.4
S1351,5,80.8,75.4
S2217,2,70.7,63.0
S2234,6,65.4,59.9
S2308,6,75.2,70.7
S2234,2,77.9,74.8
S1150,5,90.3,90.4
S2131,4,65.3,62.9
S1072,3,70.1,73.7
S2253,3,80.9,71.9
S2449,2,72.9,71.5
S2127,4,86.0,91.2
S2584,3,74.3,73.9
S1581,5,94.8,91.0
S2768,2,82.0,83.2
S1204,5,73.5,72.5
S2037,1,73.0,78.4
S2332,5,87.0,81.3
S2674,2,80.0,77.3
S2488,5,77.8,74.2
S2375,2,99.9,100.0
S2432,2,91.8,94.2
S1428,1,80.5,77.1
S1271,2,78.1,74.7
S2751,5,92.8,91.0
S1528,3,76.5,76.8
S2690,5,74.8,75.6
S2179,1,88%,90.0
S2704,3,90%,87.9
S1183,5,73%,68.3
S1453,4,80.3,77.7
S2195,3,77.3,80.2
S1346,3,71.8,71.9
S2766,3,85.2,82.5
S2785,1,83/100,83.4
S2174,4,67.0,66.2
S1411,4,100,99.3
S2675,4,82.8,85.8
S2649,6,91.7,94.1
S1432,3,80.2,82.2
S2098,3,79/100,78.2
S1577,3,70.3,65.6
S1299,1,76.1,78.8
S2756,4,73.1,77.2
S2002,3,86.1,79.4
S2569,3,77.1,78.3
S1089,1,76.8,71.0
S2172,4,66.3,70.5
S2174,3,62.5,65.3
S1033,1,80.8,78.5
S1137,5,79.2,77.6
S1188,5,72.7,81.1
S2112,5,85.3,82.3
S2106,1,86.9,87.4
S1172,5,86%,85.3
S2754,6,68.8,65.8
S1051,5,84.0,86.6
S2448,3,80.4,80.7
S2278,2,81.0,78.7
S1216,3,86.6,82.2
S1012,5,91/100,96.8
S2209,4,75.2,74.2
S1559,6,80.4,71.2
S2265,1,83.5,83.8
S1448,6,97%,93.1
S2576,6,91.9,94.0
S2157,3,62.6,59.2
S2786,1,90.8,94.9
S1139,4,100,96.4
S2166,6,85.4,87.1
S1243,5,86.3,91.5
S1435,4,85.8,88.5
S2327,4,112/100,81.3
S1040,5,84.4,84.3
S2070,2,68.7,68.1
S1497,2,85.2,80.6
S2387,3,78/100,78.9
S1158,4,75.0,76.0
S2767,6,91.3,92.4
S2570,4,88.5,93.1
S2248,5,74.8,76.2
S2122,1,68.4,67.5
S1593,1,73.3,70.3
S2647,2,73.1,72.6
S1561,1,100,96.6
S2593,4,98.6,100.0
S1402,5,81.7,81.9
S2488,4,76.5,75.4
S2064,5,76.2,79.8
S1025,3,66.5,66.5
S2354,6,99.1,94.7
S1383,3,77.5,81.2
S2515,1,79.3,82.6
S2002,6,74.1,74.6
S1290,3,75.8,80.8
S2352,6,89%,99.8
S1020,1,77.7,70.0
S2597,2,86.2,87.8
S2105,1,73.5,75.8
S1084,1,86.1,80.3
S1121,1,83.3,84.1
S1515,6,90%,83.3
S2570,5,84.1,80.0
S2714,4,88.4,90.5
S1100,3,73/100,69.6
S2660,4,81.9,76.5
S2160,3,78.4,77.3
S1275,4,93.2,91.3
S2263,2,74.6,74.6
S1451,1,93.6,94.3
S2323,2,71.9,75.4
S1284,3,84.6,86.9
S2619,1,91.4,87.6
S2519,6,79.5,78.4
S2138,6,78%,81.3
S1491,3,87.9,90.3
S2186,3,77.8,72.4
S1015,3,80.3,84.7
S1385,5,76.6,68.5
S1447,2,83.6,84.0
S2423,2,96.6,99.7
S2774,2,81.1,81.8
S1433,3,74.6,75.5
S2380,5,79.0,80.0
S1172,4,84.3,86.2
S1023,5,63.1,64.2
S2252,2,83.3,86.5
S2166,5,92.0,92.9
S2594,3,76.4,78.9
S1201,1,96.8,94.9
S1290,1,74.2,73.1
S2242,5,76.5,77.6
S1095,3,79.3,80.8
S2304,5,76.4,77.2
S2055,4,83.2,84.2
S2771,2,82.4,84.8
S2524,2,86.0,85.7
S2106,4,87.6,84.7
S2244,2,80/100,73.1
S2367,3,74.1,73.3
S2437,5,72.6,73.8
S1389,3,89.8,94.6
S1586,6,75.1,76.1
S1365,4,60.5,60.3
S1033,4,82%,79.0
S2484,1,79.7,79.1
S1134,5,82.1,86.8
S2194,5,69.7,65.7
S2381,3,83.9,82.0
S1345,5,64.1,64.3
S2120,2,83.1,86.8
S2569,4,76.4,73.1
S1108,3,84.9,83.1
S2738,3,84.9,84.6
S2454,4,78.3,77.6
S1021,1,79.6,78.8
S1497,6,69.4,69.1
S1513,3,86.4,94.3
S1212,1,76.2,74.8
S2721,1,84.3,90.3
S1356,6,46.8,47.2
S2172,6,62.4,53.5
S1023,3,73.4,78.0
S2789,6,66.8,65.4
S1427,4,64.8,67.9
S1011,3,80.9,81.9
S2716,5,75.5,71.2
S2717,3,82.3,81.9
S1412,2,76.3,66.2
S1114,2,87.3,92.3
S2247,6,44.4,47.4
S1124,4,79.8,79.5
S2007,6,78.2,72.7
S2437,4,65.8,67.8
S2410,1,74.6,76.6
S1544,1,69.9,73.0
S1313,2,86.0,88.2
S1433,5,77.5,75.9
S1287,2,84.1,76.8
S2654,5,75.1,76.2
S1474,6,77.1,80.8
S2670,3,81.8,84.6
S2539,1,80.9,77.0
S2411,2,61/100,58.6
S1082,4,72.3,73.5
S1083,2,82.9,86.6
S1116,1,66.6,63.9
S2037,6,53.7,55.6
S1101,3,72.3,81.7
S1319,4,91.9,90.8
S2504,4,75.7,74.5
S2389,4,75.0,70.7
S2475,5,77%,84.6
S2118,3,88.1,90.3
S2027,2,78.0,76.6
S1395,3,67%,65.4
S2258,5,80.0,76.2
S2703,5,77.6,78.5
S1227,6,81.0,79.4
S2742,6,93.1,96.1
S1255,3,78.9,79.6
S2458,2,84.9,83.5
S2726,2,88.3,85.8
S1259,4,89.7,88.1
S2797,2,85%,85.0
S1223,6,80.5,75.0
S2051,2,94.2,92.3
S1502,5,83.2,89.9
S2589,4,86.5,84.3
S1376,1,88.8,96.9
S1392,1,88.2,88.2
S2713,5,98.7,98.0
S1465,1,85.5,83.1
S2233,1,71.6,72.0
S1026,1,94.1,93.4
S1468,3,88.4,88.7
S2130,6,87.4,84.4
S1348,5,71.2,77.0
S2026,2,70.3,73.1
S1377,4,74.3,76.6
S2070,4,71.6,70.3
S2298,3,84.9,79.1
S2198,6,89.5,92.6
S2567,6,93.1,97.9
S2397,6,99.1,99.4
S2043,5,85.7,85.7
S1144,2,75.7,75.9
S2344,3,89.2,87.6
S2404,5,100,100.0
S2311,1,93.8,90.7
S2629,5,48.9,46.2
S2526,2,69.0,60.1
S2463,2,69.8,65.2
S1297,4,62.0,48.7
S2130,3,85%,86.8
S1420,2,60%,59.3
S1304,1,77.7,77.7
S2369,6,59.2,58.4
S1451,5,91.3,93.0
S1030,2,93%,91.4
S1349,6,89.0,92.8
S2501,2,75.0,76.1
S1582,6,85.5,85.0
S2612,4,84.3,85.5
S1014,5,72.2,70.9
S1137,1,85%,77.5
S2435,4,63.5,59.6
S2244,1,84.5,84.4
S1048,2,81.9,84.4
S2716,6,76.7,81.9
S2329,6,82.8,83.9
S2679,5,55.1,60.2
S1486,6,84.2,83.2
S1303,2,83.8,85.7
S1212,6,76.9,77.2
S2159,3,81.4,71.6
S2783,3,84.3,88.4
S2528,3,76%,80.3
S2314,5,93.8,94.4
S1441,3,83.8,86.9
S2216,5,97.3,93.9
S1385,2,77.1,76.8
S2210,3,86.9,83.8
S2100,2,65.4,66.6
S2095,5,96.8,99.6
S2042,4,68.7,72.5
S2649,3,84/100,82.1
S2471,2,86.6,86.8
S2380,2,72.9,73.1
S1403,3,80.2,81.4
S1593,3,69%,67.8
S1366,6,75.5,69.9
S1434,3,60.5,50.1
S2547,4,99.6,100.0
S1562,1,80.8,77.5
S2317,4,85.4,89.1
S2221,1,84.8,87.8
S1439,6,85.2,80.5
S2458,5,75.6,80.5
S1406,5,73.7,71.7
S2437,6,66.9,59.1
S2422,3,78.3,76.8
S2224,5,92.1,87.4
S1591,6,88.9,87.3
S2594,6,68.5,68.2
S2584,6,75.4,77.4
S1087,2,67.0,65.3
S2162,5,64.6,69.3
S2353,3,77.8,81.9
S1236,6,51.4,51.4
S2762,6,89/100,92.3
S1022,2,73.9,80.0
S1580,1,96.9,99.9
S2390,2,81/100,81.3
S2119,3,86.5,85.1
S1407,3,92.4,91.3
S2028,4,65.4,66.8
S2126,5,73.2,73.1
S2492,5,86.6,86.7
S1023,5,63.1,64.2
S1246,4,86.2,89.6
S2262,3,73.4,71.0
S1594,3,88.8,85.0
S2059,4,74.5,71.2
S1009,2,77.2,81.5
S2686,2,74.4,78.8
S1148,6,79.5,83.1
S2766,2,87.0,85.8
S1087,1,68.5,65.0
S1529,1,76.4,72.1
S1492,4,76.7,71.0
S1238,3,81.3,76.3
S1024,2,112/100,95.3
S1321,5,80.8,78.9
S1397,3,95.6,100.0
S1533,6,97%,92.4
S1019,5,99.6,100.0
S1542,5,78.9,84.4
S2321,2,77/100,83.2
S2366,1,77.9,80.5
S2250,3,84.9,82.6
S1547,2,84.2,87.9
S2184,1,87.3,87.4
S2563,2,76.4,75.3
S2274,2,62.5,63.6
S2524,4,90.4,90.2
S2318,3,76.9,75.1
S1538,1,80%,85.9
S2422,1,89.4,86.9
S1076,2,77/100,83.8
S2022,6,92.2,87.1
S2764,3,72.8,72.5
S2739,6,92.7,92.2
S1461,4,59.2,57.0
S1110,5,77%,75.5
S2475,4,85.3,92.0
S1167,4,85%,89.5
S1065,6,72.5,77.5
S1568,6,66.6,69.6
S1247,1,98.5,100.0
S1374,3,80.2,74.6
S2759,4,73.3,82.2
S2662,1,72.1,71.5
S2054,5,91%,88.1
S1496,3,87.2,86.9
S1565,3,81.3,80.7
S1216,4,93.4,98.5
S2776,5,86.5,86.4
S1479,6,89.9,92.0
S2096,4,85.1,90.6
S1423,4,80.5,80.6
S2671,2,100,99.4
S1318,6,90.9,89.9
S2719,4,62.1,57.1
S1062,3,75.7,69.7
S1192,6,71/100,73.1
S2364,3,92.9,90.4
S2194,6,70.6,75.8
S2350,5,75.0,67.3
S2783,1,79.2,87.5
S2335,3,81.8,84.7
S2094,3,76/100,78.8
S2115,4,98.8,93.1
S2747,5,69/100,63.1
S2237,6,82.2,75.9
S1030,1,96.1,93.5
S1318,2,89%,87.8
S1184,2,84/100,80.3
S2407,1,79.2,80.6
S1569,1,71%,68.8
S1257,3,86.3,89.3
S1383,1,83.8,84.1
S2717,4,85.1,88.7
S1228,2,85.2,86.6
S2270,3,83.9,88.3
S2250,2,83.1,81.9
S2280,1,91.6,94.4
S1114,3,89.1,94.7
S2560,6,80.7,84.4
S2011,5,70.9,76.7
S1277,6,78.3,76.3
S1085,5,85.7,91.3
S1028,5,65.4,66.3
S2444,3,64.7,58.5
S1168,5,91.7,90.0
S2459,1,92%,89.4
S2423,4,100,97.6
S1583,3,93.8,91.0
S2442,6,84.6,79.3
S2114,5,79.0,84.8
S1423,5,82.0,79.2
S1185,1,77.5,75.2
S2046,6,89.2,90.9
S2583,3,87.3,84.7
S1293,1,89.4,90.2
S2456,3,78.3,71.0
S1487,1,72.1,76.7
S2400,6,80.7,75.5
S1026,3,93.8,95.3
S2052,2,75.8,75.1
S2672,2,89.4,82.3
S1426,3,72.0,62.9
S1463,2,82%,85.1
S2160,6,68.6,65.3
S1592,6,70.9,76.0
S2021,3,82.7,85.1
S2508,2,97.7,91.2
S2706,5,76.7,66.1
S2397,5,97.8,100.0
S2339,5,74.7,71.3
S1304,5,83.8,86.1
S2082,1,78.2,76.8
S2692,3,90.7,91.8
S2568,4,87.0,93.6
S2742,3,89.5,88.5
S2362,6,94.6,95.5
S1052,4,95.5,98.6
S2464,4,79.4,85.2
S2310,3,79.1,73.0
S1600,6,86.3,90.3
S2004,5,87.7,88.9
S2487,3,89.3,96.0
S1576,1,86.5,82.8
S1035,2,82.8,84.6
S1190,2,75/100,61.6
S1459,2,80.8,83.7
S2003,2,84.0,90.3
S1051,6,85.7,81.1
S1309,2,96.3,100.0
S2203,6,56.9,56.4
S1332,3,82.9,76.0
S1541,1,81.9,78.7
S1467,3,78.1,80.3
S2713,3,91.4,88.5
S1519,2,72.2,79.1
S2077,4,61.4,60.5
S1332,2,84.5,85.0
S2476,6,100,93.4
S1064,6,100,95.7
S2118,6,93.1,91.1
S1565,5,80.6,78.3
S2614,2,67.9,69.1
S1455,4,91.6,89.3
S2191,3,80.5,79.0
S2183,5,75.3,73.0
S2554,1,59.1,57.0
S2152,6,84%,83.9
S2039,5,83.7,81.6
S2559,5,67.5,65.4
S2113,5,86.9,83.9
S1043,2,82.2,86.4
S2782,4,78.0,86.3
S2307,3,63.2,65.9
S1047,3,73.8,69.4
S1543,1,84.3,83.8
S1414,3,79.0,74.4
S1049,2,91.5,91.8
S2607,4,79.2,77.4
S1513,4,79.4,85.5
S2654,2,87.7,83.7
S2345,2,88.6,85.1
S2226,4,86.2,83.0
S2306,5,71.4,77.3
S2263,4,76.3,76.5
S2471,3,89.8,92.1
S2733,6,77.0,77.8
S2364,4,90.4,88.3
S1046,1,69.1,63.7
S2378,2,60.7,63.5
S2394,1,84/100,85.1
S1464,1,89.8,95.3
S2576,3,85.4,84.6
S2102,2,93.7,90.4
S1537,3,77.8,82.2
S1232,6,74.0,73.6
S2063,4,70.7,73.1
S2120,3,82.3,78.9
S2235,3,71.3,66.4
S2561,4,77/100,80.3
S2406,3,67.2,60.6
S1014,6,64/100,69.7
S1146,4,90.0,86.6
S2784,6,73.8,63.5
S2350,1,75.9,80.0
S2151,1,79.3,76.8
S2671,3,97.5,98.8
S2798,2,98.8,98.9
S2359,2,76.8,76.1
S1409,3,72.4,77.8
S2060,1,81%,81.6
S1389,2,92.6,91.5
S2669,1,72.5,73.4
S2728,1,86.2,86.8
S2763,5,99.7,98.2
S2208,6,85.8,96.2
S2227,5,58.4,56.0
S2634,4,75.0,77.5
S2419,1,77.2,84.2
S1203,5,86.5,88.1
S2704,2,87.3,92.9
S2256,4,87.3,85.6
S1178,3,68.9,62.1
S2032,1,91.0,92.8
S2136,1,64.4,66.2
S2569,5,80.3,89.5
S2590,6,94.5,91.7
S2624,4,79.2,77.8
S1502,3,85.8,81.4
S1185,2,73.3,65.8
S2230,1,91.0,89.8
S2516,2,92.3,91.9
S2333,6,70.0,76.3
S2409,4,94.0,96.7
S2129,2,61.5,63.6
S1461,6,63.2,62.6
S2055,6,81.4,90.6
S2490,6,85.2,88.3
S2567,3,94.7,91.9
S2335,6,74.4,75.4
S2198,5,86.6,82.5
S2579,2,87.0,91.5
S1409,4,73.9,72.1
S2316,3,74.0,76.6
S2348,4,80.1,81.4
S2038,3,78.2,76.7
S2629,4,49.5,44.7
S1443,1,96.6,100.0
S2664,6,74.4,76.4
S2024,6,64.9,67.6
S1363,5,100,100.0
S2708,6,95%,100.0
S1554,1,73.8,73.8
S2192,6,81.9,84.1
S1465,4,76.7,81.4
S2085,2,71.6,67.2
S1240,2,88.8,92.3
S1280,3,74.5,76.7
S2058,6,98.4,100.0
S1517,1,97.0,99.9
S2573,6,83.5,86.1
S2314,3,94.3,93.2
S2405,4,88.3,92.1
S2325,1,93.1,88.7
S1418,2,88.4,94.8
S2495,1,81.6,80.9
S1395,6,70.6,69.8
S1370,4,89.6,91.0
S1370,5,95.7,100.0
S1555,3,85.7,83.6
S2637,5,88.8,85.1
S1598,2,80.9,87.0
S2744,4,93.9,93.1
S2417,6,54.8,48.2
S2774,1,80.7,81.3
S2225,4,74.7,73.7
S2586,4,74.9,72.8
S1015,2,84.8,89.2
S1467,6,77.1,75.9
S2012,6,80.4,84.4
S2012,2,81.1,79.3
S1415,2,80.8,87.0
S1337,4,87.5,88.6
S2374,1,90.3,90.8
S1421,6,64.4,55.8
S2310,1,78.1,81.3
S2255,2,86.3,80.3
S2570,6,112/100,86.4
S2518,1,112/100,83.6
S2767,5,91.4,96.2
S1483,4,86.0,83.4
S2569,1,74.5,73.1
S2694,3,81.3,85.3
S1571,6,75.8,68.5
S2561,6,77.2,72.5
S2301,1,99.0,100.0
S2227,3,69.7,69.9
S2170,5,59/100,66.7
S2303,1,80.0,77.5
S1334,4,89.3,86.0
S2532,2,68.2,67.8
S1145,6,87.1,84.4
S1060,3,80.1,78.7
S2416,4,54.6,51.1
S2658,3,78.2,81.4
S1213,4,70.9,70.7
S1316,1,89.7,88.6
S2459,3,87.5,90.4
S2686,4,69.7,69.2
S1594,6,91.5,88.8
S2692,5,95.4,100.0
S1397,5,100,100.0
S2712,3,90%,88.9
S2456,4,82.4,83.0
S2470,6,78.0,81.1
S1552,1,93%,90.5
S2572,6,83.9,80.8
S1584,2,84.1,88.2
S2231,3,91.4,95.6
S1187,1,59.4,59.1
S1011,3,80.9,81.9
S2577,5,91.7,91.6
S2236,5,69.9,65.4
S2542,3,60.6,63.4
S2389,6,62.0,59.0
S2008,4,98.5,98.0
S1417,5,98.1,96.5
S2211,5,82.8,83.0
S2744,1,91.9,82.2
S2035,6,79.1,76.0
S2522,1,87%,84.3
S2542,5,51.5,55.7
S2371,5,80.8,79.3
S1283,5,80.2,72.2
S2293,5,80.1,80.7
S1343,1,77.0,77.6
S1297,1,76.2,79.4
S2217,6,65.9,67.1
S1553,2,57.3,56.3
S2489,6,80.0,81.6
S2336,1,85.3,84.9
S1266,3,75.3,70.7
S1288,2,72.8,69.1
S2591,5,78.7,68.9
S2348,5,77.5,75.7
S2433,1,77.9,80.3
S1082,5,72.2,73.6
S2728,3,83.5,82.5
S1581,4,99.5,100.0
S1572,6,68.1,66.0
S2185,4,88.6,86.8
S2359,1,74%,77.2
S1005,2,79.5,75.6
S2747,1,73.4,69.9
S1402,4,83.3,84.6
S1546,1,87.2,88.2
S1259,5,96.3,94.2
S2692,1,85.9,78.5
S2534,1,73/100,70.4
S2046,2,83.7,90.8
S1568,1,72.1,67.4
S2155,6,81.7,81.2
S1164,2,73.8,72.8
S1443,4,96.0,91.1
S1308,6,99.3,97.8
S2704,4,88.7,92.6
S2430,1,83%,86.2
S2732,6,75.7,78.7
S2526,6,69.7,71.8
S2297,3,90.8,93.9
S1184,5,86.1,90.2
S1547,1,79%,85.5
S2319,1,73.3,68.7
S2775,1,85/100,79.5
S2714,6,86.1,81.1
S2067,1,75%,70.5
S1033,3,81.9,73.9
S1108,2,85.3,93.6
S1548,4,81.2,83.3
S1520,3,85/100,91.4
S1596,6,81.9,81.5
S2640,5,76.0,71.4
S2121,1,84.6,88.7
S1450,3,59%,55.6
S1368,6,95.8,97.9
S2159,5,74.8,62.8
S2310,5,76%,81.2
S2020,5,75.7,71.3
S1163,1,67.7,64.8
S2533,4,63.6,61.4
S1120,6,77.6,76.5
S2754,1,74.2,80.6
S2050,3,78.7,73.3
S1468,2,84.8,88.7
S1428,5,82.0,70.8
S2071,6,89.5,80.7
S1006,3,78.7,73.6
S2590,5,88.9,89.4
S2078,2,65.4,63.9
S2621,2,82.5,91.3
S1283,6,82.4,75.6
S1466,3,84.0,76.8
S1371,3,87.1,80.2
S2028,3,67.8,61.4
S2045,3,74.5,77.0
S2546,6,73.8,73.2
S2638,4,63.5,71.2
S2232,3,81.3,83.4
S2715,2,60.1,56.8
S2027,3,112/100,78.5
S2411,6,56.5,55.9
S1538,6,80/100,87.7
S2370,2,68.3,67.6
S2464,6,80.9,82.4
S2051,5,86.3,85.5
S1380,4,98.9,99.1
S2249,4,62.0,64.0
S1234,4,95.5,90.5
S1124,2,78.4,76.9
S2112,1,86.5,87.2
S1271,4,77.7,74.3
S2328,1,82%,82.2
S2042,6,112/100,62.0
S2537,5,79.5,86.3
S2419,4,77.9,78.7
S2615,5,79.5,82.5
S1040,5,84.4,84.3
S1113,3,83.3,83.0
S2550,1,64.8,57.2
S2195,2,74.0,75.4
S2041,2,76.4,80.6
S1303,4,87.1,86.0
S2455,1,94.8,95.1
S1224,5,69.0,73.3
S2693,1,91.8,89.7
S2176,4,67.7,59.1
S2464,2,75.5,64.3
S1351,1,82.2,90.2
S2674,1,79.0,82.2
S1351,2,85.4,89.0
S2103,2,60.9,64.1
S2268,1,85.3,82.4
S1259,1,91.6,96.6
S2568,5,88.6,84.2
S1554,6,75.1,65.0
S2595,2,94.5,93.3
S1060,2,79.5,69.4
S1244,4,89.9,96.1
S2741,2,65.0,72.1
S1537,5,73.7,71.2
S2483,1,70.1,75.0
S2380,1,75.7,70.3
S1292,6,73.1,77.9
S2395,1,72.3,77.0
S2345,1,89.3,87.3
S1296,3,89.4,87.6
S1200,3,76.7,83.9
S1314,1,84.2,83.6
S1445,5,78.8,75.4
S1529,4,77.2,77.0
S1337,1,79.2,78.0
S1335,2,88.3,87.6
S2049,6,86.2,84.0
S1540,4,112/100,66.0
S2138,3,80.3,83.4
S2191,5,77.3,78.6
S1347,3,72.7,65.4
S1067,1,86.3,86.3
S1465,5,77.5,78.5
S2289,5,69.8,73.6
S2079,5,72.4,71.9
S2705,6,88.3,88.4
S2300,5,83.2,85.6
S1254,2,112/100,75.0
S2417,3,62.2,61.6
S1230,5,62.1,64.5
S1171,4,83.5,79.1
S1432,2,78/100,77.7
S2350,3,77.0,79.2
S1477,2,87.2,83.7
S2432,4,88.4,90.3
S2681,3,77.0,74.8
S1272,4,89.8,95.5
S2155,3,75.0,74.2
S1588,2,90.2,92.6
S2367,5,70.9,72.0
S2002,2,92.9,94.7
S2750,5,89/100,92.0
S1040,1,100,93.9
S2410,5,79.1,81.0
S2033,5,91.2,95.2
S2087,3,91%,93.8
S2034,3,88.5,90.2
S2686,3,72.8,74.4
S2515,6,83.5,82.2
S1325,5,70.8,66.2
S2744,5,92.9,93.3
S2338,6,87.5,80.6
S1583,1,95%,97.3
S1446,2,63.1,65.0
S2659,5,96.6,97.5
S1371,5,84.2,94.0
S1185,3,76.7,77.2
S2647,3,112/100,75.5
S1137,3,79.9,87.6
S2154,6,78.7,74.2
S2623,3,66.9,76.1
S2566,6,96.4,94.0
S2409,3,98.4,96.7
S2743,1,76.8,71.1
S1149,1,70.3,67.8
S1407,2,93.1,91.6
S1137,2,80.6,78.2
S1570,1,94.2,92.3
S1391,2,84.3,88.3
S2733,2,76.4,79.4
S1528,6,74.6,72.3
S2544,2,95.7,95.0
S2398,1,96.7,93.4
S1211,5,62.5,63.5
S2142,4,91.6,89.0
S2075,2,75%,67.2
S2494,1,90.9,88.5
S2467,4,78.3,78.5
S1205,5,95.2,100.0
S2305,2,78.8,72.1
S1009,5,75.2,67.4
S2311,5,82/100,86.5
S2470,2,70.1,69.0
S1027,4,72%,65.5
S2338,3,83%,78.3
S1265,4,81.9,71.7
S1265,6,81.7,78.1
S2264,3,77.6,80.0
S2222,4,69.0,73.4
S1436,6,83.6,82.1
S2044,1,81.6,81.0
S2234,4,76.2,79.5
S1472,3,77.7,76.3
S1073,5,77.2,81.9
S2413,4,86%,92.5
S2047,3,81.5,83.7
S1265,5,86.0,88.5
S1464,3,94.5,90.5
S2630,5,77.3,77.4
S2517,5,92.5,93.1
S2514,4,86.6,88.2
S2188,6,72.5,75.8
S1163,2,69.7,69.5
S1207,3,88.4,88.0
S1492,6,80.5,82.8
S1391,3,93.4,88.8
S2441,5,69%,65.2
S2691,4,85.2,87.9
S1250,4,81.6,86.6
S2158,4,95.1,97.3
S2110,4,89.7,83.5
S1404,5,91.6,94.6
S2743,4,76.3,78.0
S2395,2,73.5,69.8
S2702,3,80.5,73.4
S1349,5,84.9,84.1
S1336,6,89.5,96.7
S2651,5,65.0,66.3
S2504,6,77.3,77.9
S1032,2,75.7,70.4
S2349,5,90.2,92.2
S2010,2,77.3,81.2
S1572,1,78.9,80.6
S2295,6,67.5,68.2
S1231,2,85.3,86.5
S2527,6,92.1,91.8
S1069,6,64.9,62.5
S1557,1,90.4,99.8
S2002,1,88.3,84.3
S1530,2,72.0,72.8
S2504,1,76.4,83.4
S2800,3,88.7,88.9
S2700,6,75.1,79.8
S1043,5,83.3,84.6
S2273,6,69.1,64.2
S1034,3,60.9,61.4
S1373,4,78.4,81.8
S2191,4,80.0,74.1
S1295,4,96.7,94.0
S2107,1,112/100,89.0
S2484,3,75/100,80.7
S1263,1,71.5,76.2
S1005,1,75.2,72.5
S2596,2,69.3,71.6
S1182,3,89.5,88.5
S2180,1,91.7,94.9
S1450,1,61.3,66.4
S2343,2,93.8,90.5
S1567,3,91.1,88.5
S1594,2,88.5,87.2
S2677,4,89.4,93.2
S1474,4,78.9,75.0
S1386,2,87.3,89.1
S2633,2,83/100,85.9
S1540,1,79.4,80.3
S2093,1,79.5,79.6
S1219,2,85.4,87.3
S1116,6,66.5,63.9
S2444,6,49.8,55.3
S2026,3,75.4,81.1
S1205,4,92.4,89.6
S1334,2,95.2,95.4
S1047,1,86.8,85.0
S2244,3,78%,84.9
S2673,3,81.4,82.9
S2598,6,73.2,78.7
S2745,3,90.2,92.5
S2427,1,81%,84.6
S2197,3,63.7,70.1
S2798,6,96.1,94.7
S2087,2,88.1,81.2
S2276,4,82.0,72.6
S1190,4,67.2,67.9
S1462,2,67.1,59.1
S2473,5,72/100,70.0
S2358,3,93.7,96.7
S1158,1,74.1,76.5
S2619,6,93.5,94.5
S2056,6,92.8,93.9
S1398,3,83.7,83.2
S1020,2,68.3,65.4
S2459,5,93.4,93.9
S2424,4,77.7,76.9
S1520,6,87.7,87.6
S2110,5,91.8,90.6
S2236,3,58.4,50.4
S2490,4,93.3,94.1
S1470,6,69.6,71.3
S2038,1,83.8,82.7
S2699,1,96.0,97.4
S2707,2,74.4,69.3
S2612,6,82.8,80.0
S2034,5,81.4,82.3
S1590,3,90.4,94.2
S2038,4,78.8,72.4
S2541,5,89.0,88.8
S2531,1,84.6,88.1
S2202,5,85.7,83.0
S1325,3,70.7,73.0
S2375,5,97.7,100.0
S2289,1,84%,80.1
S1582,3,85.8,93.1
S1269,3,91.8,86.2
S2765,1,84.8,86.2
S2180,4,82.6,84.6
S2575,5,86.6,89.5
S2194,4,70.9,70.1
S1366,5,76.3,74.5
S2393,6,65.6,62.2
S1093,6,78.2,82.2
S2401,4,89.6,87.2
S1202,2,94/100,95.4
S2669,2,73.0,75.6
S2309,5,76.5,74.3
S1252,5,85.4,85.4
S2039,2,82.0,87.4
S2023,1,78.0,66.7
S2388,6,86.2,79.8
S1536,2,67.7,70.8
S2006,1,85%,84.8
S2435,5,59.4,62.0
S2592,5,96.4,94.1
S1045,3,69.7,61.1
S1191,1,75.2,77.7
S1528,1,81.3,81.1
S2478,1,74.2,67.2
S2022,5,89.2,85.1
S1319,2,94.0,95.6
S2453,4,75.3,79.1
S2689,4,87.8,89.9
S1110,3,74.7,83.5
S2473,4,76.7,78.2
S2373,6,88.1,86.5
S1167,3,86.4,90.7
S2323,6,79.1,76.9
S1473,3,81.3,86.5
S2685,1,81/100,80.8
S1207,2,80.7,77.1
S2660,3,112/100,97.6
S2384,3,87.2,86.6
S2557,4,76.0,78.3
S1365,3,57.4,53.3
S1190,1,83.8,80.6
S1218,2,83.8,82.6
S1272,2,87.1,79.0
S2377,6,72.7,77.1
S1254,5,84%,82.0
S1533,5,93.9,94.2
S1060,5,77.7,77.6
S1024,1,89.4,85.7
S1050,6,94.2,98.5
S1260,3,73.0,77.8
S1064,5,100,100.0
S2693,2,92.7,92.5
S2266,4,76.4,78.2
S2210,4,85.4,89.4
S2618,4,81.1,79.2
S2500,6,92.4,86.0
S2288,4,89.2,88.2
S2624,1,84.8,89.7
S2445,4,89.7,86.7
S2281,6,100,95.8
S2698,6,79.2,84.4
S1454,4,86.4,91.9
S1323,1,87.3,79.5
S2322,6,96.2,93.7
S2759,6,58.8,59.2
S1524,3,62.8,62.8
S2094,6,80.8,85.4
S2605,1,77.4,85.1
S2035,4,84.6,80.2
S2691,6,87.0,83.7
S2394,6,83.5,84.2
S2093,3,84.3,84.8
S2096,3,86.1,87.4
S1133,5,82.1,78.1
S1403,5,72.4,72.8
S1131,6,71%,66.8
S1527,3,70.3,72.4
S1021,4,78.7,77.0
S1363,1,94.4,94.3
S2662,6,76.9,77.0
S2486,2,87.2,84.0
S2025,2,86.9,86.9
S2124,3,67.0,65.8
S1152,5,74.7,76.0
S1385,6,77%,82.8
S2792,3,81.4,84.6
S2006,5,88%,89.7
S1210,4,94.6,96.7
S2144,1,77.4,78.8
S1197,3,81.0,81.9
S2176,3,70.1,68.8
S2009,3,112/100,93.1
S1074,5,70.3,71.2
S2562,2,86.1,85.2
S1234,2,90.5,96.6
S1243,6,80.4,77.6
S2335,2,74.9,80.5
S1176,5,84.6,81.6
S2246,1,73.3,75.2
S1546,6,68.3,72.3
S2562,4,86.8,88.7
S2017,4,72.9,78.4
S2027,4,76.3,67.9
S1155,6,67.1,69.4
S2473,6,81.0,79.4
S1305,6,71.2,77.8
S2800,4,86.8,87.5
S2265,3,85.2,85.3
S2104,4,82.6,85.0
S1592,1,86.1,82.5
S2618,2,76.8,70.3
S2408,3,77.1,83.0
S1336,2,90.3,94.5
S2076,1,85.1,87.4
S2589,1,86.6,87.0
S1537,4,73.0,74.1
S1435,3,89.6,99.7
S1545,1,69.2,65.4
S2222,3,66.8,65.0
S2558,4,90.6,91.8
S2506,1,77.2,72.1
S1002,1,81.2,85.2
S1497,5,72.7,71.7
S1561,2,98.7,98.1
S2196,5,74.4,71.7
S1324,6,78.9,78.6
S2326,1,77.6,78.1
S1273,4,70.5,74.7
S2678,4,84.0,82.9
S2563,5,77.2,80.4
S2372,3,112/100,93.3
S1346,1,69.4,68.1
S1523,3,90.7,97.2
S2365,3,80.0,84.6
S1374,5,81.7,81.2
S1246,5,90.2,88.8
S2525,3,83.4,84.2
S1315,6,89.9,90.7
S1573,4,85.0,83.8
S2344,5,86.1,82.9
S2018,4,94.7,82.8
S1337,6,89.2,91.0
S2071,1,80.7,80.7
S2590,4,95%,89.6
S2482,3,81.7,80.3
S2566,3,94/100,88.6
S1444,1,94.4,88.5
S1189,3,82.3,79.9
S2315,1,73.2,71.4
S1304,2,80.4,73.1
S2330,3,84.0,82.1
S2120,5,84.4,80.9
S2784,5,78.7,73.0
S2091,5,78.3,72.1
S2179,2,88/100,92.7
S1207,1,87.0,90.8
S2039,2,82.0,87.4
S2758,6,85.9,85.5
S1381,3,79.9,72.2
S2429,3,68.4,68.6
S2723,3,75/100,73.3
S2083,2,99.5,94.2
S2280,4,90.1,88.7
S2685,6,85.6,87.0
S1065,3,66.4,64.0
S1272,3,80.1,83.2
S1598,4,79.9,75.3
S2404,3,99.1,100.0
S1453,3,83.0,85.1
S2535,5,76.7,81.3
S2480,1,82.0,84.5
S2723,6,82.7,85.7
S1532,4,86.8,91.8
S1317,4,65.2,63.9
S2118,4,87.6,88.3
S1152,4,73%,78.4
S2545,5,62.3,62.0
S1312,1,91.9,93.4
S1308,1,93.1,92.2
S1417,2,100,100.0
S2638,3,66.3,62.1
S2382,5,74.9,74.8
S2589,6,86.8,91.2
S2243,3,79%,87.7
S2068,5,83.2,80.2
S1451,3,94.8,96.4
S2643,6,68.2,64.5
S1056,2,65.9,73.6
S2375,4,96.1,100.0
S2293,6,76.0,73.2
S1410,6,71.1,67.2
S1296,5,86.1,86.8
S2344,6,88.7,91.4
S2391,6,79.0,85.9
S1448,5,99.3,97.2
S2675,2,80%,78.7
S2628,6,71.8,73.8
S2457,3,89.4,83.4
S2514,2,79.7,83.5
S2566,5,92.2,87.3
S2558,1,82.9,86.9
S2481,6,82.1,83.4
S2540,4,94.1,89.7
S1029,6,58.4,56.7
S2652,2,74.3,70.9
S2170,2,61.2,60.5
S1554,4,77.9,75.3
S2280,5,94.6,89.4
S1563,1,84%,80.8
S1552,6,92.7,89.3
S2307,6,50.1,51.9
S2516,1,87.3,89.4
S2586,1,78.8,79.2
S2412,5,74.1,72.7
S2180,6,70.9,70.6
S1568,2,68.1,65.7
S1004,1,81.9,81.8
S2016,2,92.1,94.7
S2544,5,92.5,90.5
S2083,5,86.3,83.8
S2005,5,85.4,83.0
S2597,5,88.8,90.0
S1363,3,100,100.0
S1227,1,82.1,76.7
S2234,5,76.1,76.3
S2375,3,100,100.0
S2769,5,70.1,66.6
S1519,5,70.2,74.2
S1031,3,93.1,94.2
S2582,1,77.7,81.5
S2596,4,112/100,48.9
S1303,1,83.2,82.3
S2379,2,82%,77.7
S2780,3,87.9,82.9
S2219,5,84.9,85.7
S1301,1,82.7,87.7
S1405,6,54%,52.0
S2587,2,55.2,53.4
S2333,4,72.5,79.8
S2705,1,89.2,86.8
S2455,6,97.4,100.0
S2410,2,74.8,72.8
S2585,2,92.6,94.2
S2232,2,83.8,85.7
S1263,6,71.3,76.6
S2176,1,70.8,71.0
S1194,2,87.3,92.3
S1203,2,84.8,88.5
S2729,2,112/100,86.6
S1221,6,92.7,90.1
S2793,2,75.2,70.3
S2747,2,74.7,78.6
S2200,3,90.2,93.2
S1243,4,81.9,79.1
S2288,2,87.8,86.0
S2228,1,90.3,86.2
S2696,2,63.3,59.7
S1275,1,85.1,85.5
S1357,5,89.4,76.1
S2157,1,64.4,65.9
S2143,6,51%,55.8
S2622,2,71.0,70.2
S2130,5,89.6,97.0
S1122,4,68.0,75.3
S2127,2,94.0,89.2
S2518,4,88.8,88.2
S1323,5,87%,95.7
S2033,2,90.1,88.9
S2023,5,81.9,79.8
S2703,4,71%,68.4
S2482,1,78.4,79.0
S1186,1,88.5,95.0
S2629,3,53.1,59.0
S1500,5,87.3,84.5
S1400,1,92.0,79.9
S1198,4,92.9,91.5
S1335,4,91.7,89.5
S1033,2,81.9,79.2
S2617,4,70.7,69.6
S1097,3,84.2,82.5
S1129,4,65.7,65.9
S1400,2,93.5,100.0
S1247,3,100,100.0
S1308,5,99.7,100.0
S2665,1,67.4,72.3
S2113,3,80.7,83.5
S2024,3,78.2,76.9
S2167,5,78.1,81.3
S2373,4,82/100,77.5
S2408,2,79.3,83.8
S2220,2,74.2,75.7
S1346,4,70.3,76.2
S2193,3,84.2,84.4
S1317,1,63.2,65.8
S2515,3,83.6,85.4
S2010,6,83.0,82.1
S1397,4,95.0,96.3
S1242,2,64.8,62.7
S1058,1,94.1,96.1
S2626,5,78.7,78.9
S2734,3,86.8,87.3
S1422,2,66.8,69.9
S1122,2,66.3,65.6
S2163,6,99.9,100.0
S1163,5,66.7,66.4
S2468,6,98.0,93.4
S1587,1,69.8,72.8
S2390,5,67.5,64.6
S2213,1,81.2,76.5
S2057,5,83.0,84.9
S1217,4,66.5,58.9
S1225,5,77.5,84.8
S1111,1,88.3,79.4
S1249,5,72.1,75.1
S2421,2,78.4,82.4
S2454,6,78.5,75.8
S2508,5,97.1,90.7
S2260,1,87.7,90.2
S1386,6,85.6,77.6
S2785,5,84.8,84.1
S2780,4,86/100,88.2
S1181,6,92.4,94.5
S1421,5,71.3,74.8
S2493,5,83.0,78.8
S1534,1,94.5,92.3
S2509,6,94%,98.3
S2429,2,69.2,75.3
S1012,2,87.7,85.8
S2594,5,72.5,83.8
S1379,2,85.9,83.1
S2470,1,78.3,80.4
S2602,4,91.2,88.6
S2592,1,100,93.5
S2660,5,85.5,78.2
S1575,4,80.1,77.6
S1395,4,69.6,69.0
S2300,3,80.7,83.5
S2413,3,83.0,79.9
S1419,5,69.2,70.5
S1454,6,88.9,87.5
S2687,2,65.2,65.5
S2618,5,81.6,88.7
S1191,4,67.0,67.0
S2541,5,89.0,88.8
S2576,2,88.7,89.0
S2442,1,87%,82.5
S2696,5,71.5,65.4
S2189,1,88.7,90.5
S2340,1,71.5,76.5
S2032,4,95.8,92.4
S1371,1,84/100,83.1
S2246,6,80.0,77.7
S1389,4,81.6,73.8
S2477,5,65.5,66.4
S2401,6,84.5,89.0
S2728,2,76.3,72.5
S2082,3,76.3,81.9
S1328,6,37.7,34.9
S2632,4,77.6,72.9
S2583,4,83.9,84.5
S2781,6,74.8,70.7
S2128,4,83.4,84.6
S1071,4,85.4,80.3
S2709,4,89.7,88.0
S1318,3,82.3,77.3
S1100,2,79.4,82.8
S2053,6,86.5,81.7
S2004,1,87/100,88.1
S1140,6,91.3,88.4
S2167,1,79.9,80.3
S2707,3,71.9,74.5
S1024,4,97/100,100.0
S2649,1,92.8,86.1
S1230,4,62.9,58.8
S2013,3,87.1,83.7
S2576,5,86.4,87.0
S2456,1,80.9,83.0
S2191,2,80.6,83.1
S2035,5,79.5,77.8
S1190,5,73.6,72.1
S1377,2,79.3,79.5
S2378,4,63.8,68.7
S1298,6,75%,70.8
S2057,3,82.3,84.2
S2385,5,50.1,47.3
S2175,3,89.3,91.3
S1077,4,96.7,89.9
S2775,3,81.1,81.1
S1159,1,80%,75.1
S2017,5,75.5,80.7
S1223,5,85%,88.3
S2172,3,61.6,58.1
S2604,3,79.3,84.7
S1268,1,84%,81.2
S1374,1,77.7,84.3
S1107,4,67.7,71.5
S2139,4,100,95.2
S2039,3,78.5,78.8
S2743,5,79.3,76.1
S2391,5,74.5,77.3
S2447,6,88.6,87.0
S2034,6,89.3,88.7
S1179,3,90.1,92.2
S1026,6,100,93.8
S1383,4,75.8,73.4
S2601,5,77.0,79.8
S2164,1,73.0,73.3
S1182,4,89.8,90.4
S1491,1,100,100.0
S2678,1,81.3,80.1
S2131,5,68.5,67.6
S1156,1,69.8,69.2
S1485,6,86.8,94.9
S2376,1,75.7,73.1
S1150,2,87.2,85.8
S1542,2,90.4,86.8
S1388,5,67.2,63.5
S2525,4,83.0,86.3
S2510,6,73.8,76.5
S2240,5,88.4,91.3
S2740,5,76.8,71.1
S2705,2,87.1,85.5
S1286,6,75%,74.4
S1284,1,82/100,88.7
S2797,5,81.6,82.8
S2011,6,64.1,59.2
S2425,4,60.6,63.4
S2039,4,82.3,80.8
S1559,1,76.9,80.5
S2772,2,77/100,76.4
S1165,2,58.0,61.3
S1304,4,80.8,75.0
S2730,3,85.4,86.3
S1098,6,74.9,75.2
S2480,3,82.1,82.5
S2247,2,59.3,62.5
S1494,2,86.4,88.0
S2452,4,80.2,79.6
S2772,6,69.2,65.3
S1129,4,65.7,65.9
S2363,3,100,100.0
S2643,2,68.8,67.9
S1593,6,59.9,55.7
S1233,4,81.3,73.9
S1045,1,80.1,76.0
S1592,2,82.6,89.0
S2349,1,88.6,85.1
S1512,4,80.6,78.9
S2238,4,81.4,80.8
S2470,3,83.9,89.3
S2045,1,80.3,78.2
S2655,5,70.0,67.4
S1401,1,81.9,82.6
S2495,5,69.6,62.4
S2019,4,81.5,81.0
S1042,1,84.4,96.9
S1266,5,72.0,75.5
S1255,6,74.4,74.2
S2425,3,56.7,51.9
S1154,6,90.2,85.3
S2792,1,84%,87.4
S2128,3,87.2,85.0
S1112,4,84.8,91.2
S2001,5,60.0,59.9
S2252,3,73.8,77.1
S1319,3,96.6,96.4
S2533,1,67.7,66.1
S2275,5,97.8,95.5
S2060,5,89%,92.4
S1450,3,59%,55.6
S1432,6,77.5,73.0
S1297,6,54.2,52.0
S1503,2,93.1,89.7
S1385,4,78.3,79.2
S2507,1,89.5,96.5
S2016,1,91%,88.2
S1115,4,78.4,75.7
S1103,1,90.0,87.8
S2653,4,87/100,87.2
S1534,3,95.7,93.1
S1378,6,89.7,91.6
S1229,1,94.2,88.9
S2619,2,90.0,95.1
S1317,3,67.3,70.6
S2360,2,89.3,94.5
S1044,1,80.8,82.0
S1488,3,59.5,63.0
S2224,6,90.7,85.3
S1471,3,80.2,78.4
S1557,4,89.6,88.1
S1588,4,76.4,79.9
S2161,4,90.6,89.0
S2289,2,72.9,73.3
S2271,4,74.8,70.0
S1381,6,76.8,82.3
S2677,2,87.4,86.6
S2609,4,79.9,78.2
S1081,5,76.2,79.9
S1369,4,80.5,78.1
S2303,5,86.8,88.1
S2340,2,73.1,73.2
S1426,6,54.7,58.2
S1002,2,73%,72.3
S2010,4,79.7,78.3
S2681,2,82.0,77.4
S2213,3,89.2,86.4
S2134,5,82.8,82.5
S2621,3,86.5,83.1
S1405,3,68.9,65.4
S1303,3,85/100,89.8
S2787,3,56.3,56.1
S1380,1,95.9,95.9
S1169,4,60.6,57.2
S2426,6,80.2,76.9
S1178,6,54.4,57.5
S1332,6,86.6,91.3
S2062,5,81.8,79.0
S2655,6,65.9,61.1
S2478,4,77.5,76.5
S2722,3,77%,72.4
S2726,1,94.0,97.9
S2045,4,80.4,82.5
S2750,1,91/100,91.5
S1509,1,83.2,90.0
S1131,2,69%,67.2
S1446,6,44.6,40.4
S1292,4,71.5,71.2
S1466,2,90.7,89.7
S2230,6,87.6,81.5
S1182,6,93.2,92.0
S2447,4,83.4,76.7
S2677,5,90.7,89.8
S2686,6,73.2,75.1
S2627,6,68.6,63.3
S2243,4,80.0,85.1
S1435,5,93.0,94.9
S2640,2,73.2,65.0
S1382,5,86.9,89.4
S1288,6,80.4,78.1
S1102,5,96.7,92.3
S2178,5,74.9,74.4
S2465,1,91.9,91.0
S1058,2,84.2,79.8
S2460,1,85.7,84.5
S2580,1,67.7,66.8
S2026,1,64.2,61.0
S2540,6,94.3,95.7
S2720,1,74.3,83.4
S1536,6,61.9,58.2
S1017,2,79.2,82.0
S2353,5,77.0,75.9
S2263,5,72.0,73.0
S1257,2,85.6,85.3
S1599,1,74.4,74.2
S2322,3,90.6,88.6
S2009,1,89.6,87.2
S2603,6,79.3,83.0
S2521,6,55.8,55.3
S1253,6,78.8,83.4
S2244,4,82.9,93.3
S2731,5,87.0,88.3
S2171,5,94.3,91.3
S2113,1,86.2,86.1
S2012,4,82.8,82.5
S1349,3,82.8,80.5
S1096,3,73.3,75.2
S2778,1,78.3,78.2
S2548,2,87.4,82.5
S2656,1,87.3,87.7
S1511,3,85.5,79.8
S2659,4,90.6,84.9
S2497,2,62/100,66.1
S2385,3,59.3,60.1
S2739,5,112/100,95.3
S2415,3,87.4,84.5
S2147,4,70.9,58.8
S1491,3,87.9,90.3
S1062,5,79.8,79.6
S1324,1,83.8,82.5
S2472,3,90.4,87.6
S2704,5,83/100,87.2
S2012,5,79.5,77.1
S2009,5,76.8,83.3
S2267,6,85.1,84.8
S1394,4,85.7,78.1
S2111,1,76.9,72.6
S2306,3,73/100,76.5
S2232,6,82.7,85.8
S2613,3,82.8,87.4
S2762,4,84.0,88.7
S2023,6,76/100,67.7
S2685,2,78.7,75.3
S2445,5,94.1,94.1
S2452,3,81.2,79.5
S1196,2,73.4,72.4
S2418,5,81.3,80.8
S1238,1,78.6,81.9
S2757,2,79.8,82.4
S2731,6,87.7,83.6
S2396,3,87.6,89.5
S1146,5,92.3,90.3
S1383,6,70%,73.7
S1441,4,94/100,85.9
S2709,5,84.8,82.6
S2292,2,69.6,68.5
S1141,1,86.3,87.1
S1097,6,82/100,86.3
S1035,1,81.9,84.1
S1274,4,65.9,69.9
S1336,5,87.7,88.9
S1543,2,79.9,88.7
S2759,2,81.0,87.8
S1151,6,76.9,73.2
S1106,2,76.7,72.5
S2476,1,98.9,97.9
S2373,1,90.9,90.3
S1330,1,84.8,83.6
S1028,1,68.1,60.7
S2234,1,85.6,89.0
S2435,1,72.5,78.3
S2758,5,87.8,81.4
S2365,4,75.5,66.7
S2186,4,83.1,74.1
S1146,6,91.9,91.7
S1239,4,70.0,68.6
S2174,6,61.4,59.1
S2247,5,52.4,47.7
S2673,1,79.8,81.1
S2347,5,72.4,71.6
S2366,4,83.1,84.6
S2756,2,73.8,76.2
S1477,1,87.7,89.4
S1311,2,85.8,89.6
S1444,2,97/100,95.7
S1565,1,81%,80.7
S2778,5,78.1,92.2
S1467,1,71.6,72.9
S2424,1,78.4,76.9
S2457,2,83.8,82.6
S2189,6,76.6,73.3
S1556,2,77.6,78.3
S2637,1,91.3,88.3
S2777,6,95.1,92.6
S2457,1,91.4,95.8
S1350,3,87.7,90.1
S1334,6,75.7,75.3
S2035,5,79.5,77.8
S2431,1,78.3,85.8
S2237,2,82.7,82.7
S1092,1,81%,73.9
S1242,4,57.0,50.7
S2451,3,78.1,79.6
S1436,1,78%,85.8
S1317,5,65.7,70.9
S2591,6,77.1,73.4
S1460,4,72.6,81.5
S1315,2,90.3,88.1
S1438,5,81.4,78.4
S2548,3,93.3,89.1
S1350,4,88.5,90.7
S2715,1,65.9,65.1
S2758,4,88.0,84.2
S1140,3,94.1,96.7
S1579,4,89.7,90.9
S2183,6,71.2,75.7
S2603,3,80.0,78.5
S1362,6,69.0,68.3
S2699,3,92.2,91.7
S2737,6,93.9,96.4
S1067,3,83.5,81.2
S1336,1,85.5,89.3
S2262,1,73.3,71.7
S1415,4,82.5,84.1
S1214,6,91.4,90.3
S2468,5,95.0,100.0
S2507,6,76.2,79.5
S2110,3,85.7,84.3
S1307,1,65.3,62.3
S2654,4,79.5,78.7
S1170,6,76.5,79.2
S2496,3,112/100,74.6
S1222,1,78.5,80.3
S2397,1,100,100.0
S1080,2,71.4,75.2
S1469,3,65.2,70.9
S2538,1,79.5,77.2
S1276,2,85.3,84.8
S2785,3,75.7,69.3
S2691,5,94.6,98.1
S1422,3,72.6,71.8
S1202,1,94.4,98.9
S2403,6,73.9,86.0
S2312,4,100,99.0
S2740,4,76.4,72.1
S2565,1,90.1,90.8
S2357,3,85.6,90.2
S1145,4,84.5,92.5
S1496,5,92.4,85.7
S2793,6,77.0,80.3
S2249,6,56.1,54.2
S2306,4,66.1,69.2
S1091,2,73.9,73.7
S2266,6,69.1,68.6
S1189,5,77.6,75.5
S1389,3,89.8,94.6
S2679,2,59.8,59.1
S1566,1,61/100,62.6
S2490,2,88.9,89.9
S1494,5,88.3,85.6
S2093,4,82.3,79.0
S1544,2,74.2,67.2
S2384,2,86.9,100.0
S2551,2,80.6,82.8
S1431,4,85.8,84.7
S1469,6,52.5,42.4
S2574,1,75.9,80.2
S2709,6,73.3,76.4
S2263,3,78.5,78.0
S2444,1,75.9,70.7
S1598,5,76.3,72.7
S2698,4,77.2,80.0
S2609,1,81.8,75.4
S2686,1,67.1,61.2
S1439,3,87.3,89.6
S2610,6,98.3,99.1
S2513,5,84/100,85.0
S2240,3,82.0,79.3
S1181,1,82.3,78.9
S2114,6,77.3,71.9
S1348,4,73.5,80.3
S1409,5,82.9,77.4
S2228,5,96.4,98.5
S1338,2,79.0,79.0
S2558,5,85.2,85.8
S2632,1,90%,93.7
S2563,4,80.1,82.9
S1038,5,82/100,75.9
S1169,6,53.8,56.1
S1322,4,87.9,89.0
S2767,1,84.8,84.3
S2276,2,74.0,80.5
S1235,1,75.0,75.0
S1364,2,65.7,66.9
S1117,2,78.2,75.4
S1188,3,70.1,68.2
S2050,2,80.2,90.4
S2423,3,98%,97.9
S2252,5,80.3,76.4
S1297,3,62.7,56.6
S2368,3,80.3,72.0
S1440,1,74%,72.3
S1582,4,83.1,80.4
S1173,6,72/100,77.4
S1377,1,77.7,72.2
S2461,2,76.3,83.4
S1436,4,81.0,84.5
S1053,2,82.6,79.6
S1442,4,61.7,58.8
S1381,2,81.2,87.1
S2639,5,74.8,68.2
S1425,4,80.5,75.8
S2761,1,80.4,77.7
S2256,3,76.8,75.4
S1360,6,76.8,75.2
S1523,6,84.8,85.1
S2657,3,77.5,75.7
S2062,2,80.3,74.7
S1239,1,69.2,70.1
S2476,4,100,94.3
S1421,1,77.1,69.8
S2374,6,73.5,65.3
S2496,5,71.8,61.5
S2520,5,99%,96.5
S2538,5,76.8,71.8
S2334,5,72.6,71.8
S1075,5,79%,77.1
S2357,6,83.7,89.5
S1215,1,65.3,65.2
S2022,2,90.1,87.7
S1061,2,68.2,60.2
S2272,5,75.5,72.8
S2618,6,80.4,82.9
S2605,4,80.7,74.3
S2259,2,87.7,88.3
S1411,1,93.8,90.3
S1004,5,88.0,85.1
S1345,3,65.9,66.0
S1276,4,88.4,90.6
S1118,1,95.5,95.3
S2497,1,64.3,62.0
S1458,2,75.8,76.4
S1230,3,67.9,67.1
S2630,1,71.0,71.6
S1412,3,76.7,77.3
S2026,5,73.1,68.1
S1388,4,72.8,74.9
S1077,5,90.3,87.5
S2261,4,77.3,76.4
S2098,2,80.9,68.3
S2642,2,86.1,95.3
S2081,3,112/100,59.1
S1248,5,72.4,67.4
S2014,1,73.3,72.2
S1048,1,79.3,77.7
S2160,5,72.4,72.5
S2119,1,81.4,85.7
S2211,6,75.6,83.0
S1590,4,87%,90.5
S2465,6,100,100.0
S1431,2,90%,90.7
S1229,1,94.2,88.9
S2763,6,100/100,100.0
S2480,2,76.3,78.6
S1100,4,84.2,87.7
S2126,2,68%,73.0
S2629,2,64.1,66.1
S2194,1,70.5,72.5
S1108,5,85.1,93.6
S2798,5,100,96.7
S2388,4,89.8,85.2
S1579,1,77.6,80.4
S2369,5,60.9,62.1
S1499,3,78.7,72.9
S2746,4,85.8,84.7
S2213,4,87.0,91.9
S1425,1,85.9,85.1
S2526,3,65.9,62.5
S2291,2,80.2,81.4
S2510,1,90.3,82.1
S2078,5,54.5,56.1
S2065,5,69.2,66.8
S1361,1,94.8,92.8
S1115,2,78.3,73.5
S1429,2,80.0,76.6
S1541,4,80.8,78.5
S2571,4,73.8,69.9
S2081,4,61.4,60.2
S1473,6,80.2,77.2
S2017,2,66.7,62.5
S2224,4,92.6,88.8
S2725,6,81.5,77.7
S2365,1,78.3,83.2
S2074,3,89.1,85.6
S1372,5,95%,96.9
S2506,2,81.6,77.9
S1387,5,75.7,77.1
S2214,1,81.1,85.4
S1087,6,68.7,68.8
S1088,1,93.0,97.0
S2291,6,76.0,73.2
S2581,2,89.7,84.3
S2617,3,73.4,73.3
S2616,5,69.6,69.0
S2543,4,100,100.0
S1131,1,65.5,71.1
S2583,2,90.0,88.7
S2427,6,75.2,64.2
S2335,4,84.6,84.3
S1109,4,91.3,94.1
S1280,4,78.5,77.0
S1367,1,69.7,69.2
S1062,4,77.9,80.5
S2644,5,94%,100.0
S2103,3,64.3,68.1
S1063,6,93.1,89.1
S2466,1,63.6,58.9
S1370,3,91.1,86.4
S2553,4,84.4,81.6
S1269,6,95.7,87.6
S2757,3,74.0,73.8
S2006,3,80.5,79.8
S1161,3,64.8,68.1
S2760,6,64.9,59.9
S2794,5,68.3,73.4
S2554,4,64.0,60.9
S2428,1,93.6,89.7
S1060,6,77.9,81.4
S2040,6,92.7,97.2
S2689,6,86.8,87.3
S1208,5,77.9,78.9
S2457,4,93.8,87.6
S2248,6,70.7,70.9
S2016,5,75.9,80.9
S2676,3,85.0,76.9
S2511,1,93.9,94.8
S1428,6,79.0,73.1
S1571,4,69.2,68.2
S1340,4,76.2,75.0
S1129,5,64.6,63.9
S2297,5,88.2,88.8
S2779,1,97/100,98.2
S1594,5,91.5,93.2
S1094,5,66.8,71.4
S1425,3,83.1,84.2
S2319,3,74.2,77.0
S2289,3,77.8,76.8
S2404,4,97.6,94.4
S2156,2,94.9,95.6
S1280,1,82.0,87.2
S1061,6,53.7,53.1
S2396,1,85.2,83.0
S2779,6,94.6,98.0
S2122,2,71.4,69.6
S1025,4,76.4,73.7
S2729,6,92.1,99.0
S1515,5,92.4,91.7
S2593,2,95.9,99.2
S1068,6,83.5,77.1
S2781,4,82.2,88.5
S1577,1,76.9,71.0
S2098,1,75.3,67.1
S1597,1,85.4,86.0
S1546,2,90.5,91.2
S2224,3,95.4,92.6
S1172,6,78.5,81.0
S2667,6,65.7,64.1
S1283,3,85.7,81.6
S1143,4,83.7,83.3
S2055,3,81.8,86.8
S1014,1,75.0,77.4
S1375,4,85.9,91.7
S2522,5,78.7,78.0
S1442,1,62.2,65.5
S2779,4,100,97.7
S2571,2,77.2,75.6
S2443,2,73.7,79.9
S1132,3,81.0,82.1
S1380,6,92.5,89.7
S2083,4,85.4,87.6
S2050,4,76.2,78.9
S2387,5,78.6,79.8
S2656,5,85.5,81.5
S2006,2,89.8,95.7
S2534,6,73.4,72.4
S1071,5,84.2,83.8
S1066,3,71.5,68.8
S1433,2,77.9,78.5
S1003,5,72%,68.2
S2101,1,96%,95.0
S1446,3,59.1,56.2
S1408,3,76.1,74.1
S2425,2,53.5,54.5
S1583,2,99%,96.2
S1244,2,85.2,87.3
S2494,2,85.4,78.4
S2505,1,75.4,72.3
S2424,4,77.7,76.9
S2406,4,70.4,77.7
S2040,2,87.5,89.8
S2721,5,83.0,82.4
S2348,2,84.8,87.1
S2571,5,79.0,82.3
S2372,2,86.3,91.3
S1499,5,77.5,72.7
S2188,3,79.2,74.7
S2673,5,79.6,82.0
S2382,2,78%,75.6
S1393,4,82.4,84.7
S2200,5,88.1,88.6
S1408,1,73.7,69.7
S2426,2,93.5,93.6
S2166,3,88.6,83.0
S2762,3,89.0,88.7
S1078,3,78.9,86.6
S1028,2,66.1,68.4
S2708,4,84.6,86.5
S2754,5,73.1,76.6
S2260,3,86.1,84.3
S1041,2,79.7,82.3
S1335,6,86.1,89.0
S1515,1,78.0,75.9
S1151,1,76.5,75.3
S2324,5,97%,91.5
S2583,6,78.5,81.5
S2207,2,71.9,70.6
S1383,2,89.7,90.4
S2391,1,75.5,75.1
S2147,6,60/100,65.0
S2284,5,79.5,85.4
S2168,4,90/100,90.5
S2020,3,85.2,81.8
S2655,4,70.4,65.9
S1295,1,96.3,96.8
S1259,2,86.2,90.1
S1505,6,94.9,95.4
S2544,4,92%,100.0
S1341,5,72.0,63.4
S1128,6,67.5,74.6
S2349,6,89.9,94.2
S1252,3,85.9,88.3
S1551,3,77.2,73.0
S2153,6,78.4,74.1
S2104,2,85.7,84.0
S2657,2,80.1,81.8
S2392,3,83.5,81.5
S1549,5,76.2,78.4
S1137,4,81.8,78.8
S1234,6,92.2,86.8
S1231,3,94.9,100.0
S1359,1,77.7,77.2
S2346,2,85.6,87.9
S1274,1,78.2,83.1
S2382,6,78.4,78.0
S1102,3,97.4,99.8
S1067,4,85.9,85.5
S1148,1,82.4,89.2
S1595,2,69.6,65.6
S2751,6,87.1,81.5
S1197,4,87.0,79.2
S2309,1,75.7,71.2
S2108,3,86.4,89.0
S2270,5,79.3,77.0
S2434,6,50.4,49.5
S1356,1,65.8,73.7
S2247,3,57.8,64.1
S1077,1,91.7,86.1
S2779,2,98%,98.8
S2703,2,74.2,63.8
S1326,1,74.3,69.5
S2296,3,63.6,58.8
S1115,6,84.0,78.9
S2611,4,98.5,98.8
S1520,1,84.7,81.7
S1326,4,67.9,71.2
S2340,3,73.7,73.7
S1452,5,91.9,93.2
S2519,1,90.6,90.7
S2525,2,87.5,91.3
S2125,6,70.8,68.6
S2723,2,77.4,81.3
S1315,1,91.5,89.7
S2541,1,81.2,81.7
S2737,4,88.9,84.4
S1416,5,86.5,88.5
S2481,2,87.8,88.8
S1507,1,100,96.2
S2363,6,99.3,100.0
S2001,4,59.8,63.8
S1141,6,84.8,83.2
S1091,3,79.4,78.9
S2021,5,81.5,76.6
S2098,6,71.8,73.5
S2014,2,81/100,83.7
S2607,3,84.9,88.7
S2666,1,93.7,90.9
S2637,2,81.8,82.8
S2441,3,75.7,77.0
S1495,1,76.0,85.6
S1422,4,71.1,76.6
S2761,4,88.7,86.0
S1175,5,50.7,55.4
S1327,5,84.9,83.2
S1422,5,80.9,77.1
S2515,4,84.9,84.7
S1040,4,87.3,86.9
S2220,4,62.3,69.2
S1189,6,81%,84.2
S2384,4,77.8,86.9
S2651,3,68.6,66.2
S2110,6,91.5,100.0
S2592,4,94.3,96.7
S2520,3,96.8,98.0
S2538,6,80%,85.0
S2343,5,93.2,90.1
S2567,5,91.8,95.9
S2385,4,57.6,61.4
S1497,3,74.0,74.2
S2597,3,83.8,93.3
S2706,4,81.7,82.0
S2564,3,90.2,86.1
S2423,6,99.9,100.0
S2529,6,90.7,89.9
S2054,2,84.7,82.9
S1524,1,67.4,71.9
S2750,2,81.8,82.5
S2365,6,78.0,74.6
S2079,6,79%,77.9
S2699,2,92.3,88.9
S1539,2,75.9,74.7
S1305,3,79.8,79.9
S2325,5,73.9,78.4
S1099,6,81.2,85.2
S1455,2,91.7,91.2
S2090,4,90.1,84.5
S1094,3,74.6,78.7
S2585,1,89.0,87.0
S2467,3,77.7,79.0
S1041,4,77.2,75.5
S2306,6,72.5,70.2
S2140,4,95.2,97.5
S2451,5,62.7,62.2
S1068,4,84.0,84.3
S1241,3,71.1,74.5
S1044,4,75.5,78.7
S2526,5,67.7,71.7
S2774,4,86.9,83.4
S1282,4,77.8,82.0
S1288,4,76.8,73.8
S2634,1,83.1,81.7
S2222,5,75.3,76.9
S2394,5,83.1,76.9
S1417,1,98.7,98.5
S2419,5,81.5,84.7
S1057,5,56.8,61.0
S2457,6,87.8,85.9
S1267,6,63.8,64.2
S2364,5,95.3,97.8
S2163,5,96.7,93.9
S2021,6,71%,73.8
S1427,1,66.3,62.3
S1465,2,77.3,82.1
S1254,6,86.6,78.9
S2529,4,88.2,96.3
S2743,6,86.8,83.4
S1169,5,64%,62.4
S2783,5,88.6,86.5
S2666,2,87.4,84.8
S1295,3,92.9,87.3
S2159,4,75.8,82.5
S2073,6,86.4,90.4
S2437,1,68.7,64.7
S2595,4,85.0,80.8
S2626,6,81.7,83.2
S2791,3,98.4,91.8
S1061,4,67.8,65.1
S2295,4,67.6,70.3
S2056,4,93.0,94.1
S1442,4,61.7,58.8
S2188,4,75.5,75.4
S2141,4,48.2,52.1
S2605,5,81%,79.6
S2781,5,76.6,78.5
S1428,1,80.5,77.1
S2460,4,84.1,83.7
S2784,3,80.9,90.3
S2320,6,60%,60.1
S2785,4,83.9,81.5
S1514,6,87.1,85.8
S1494,2,86.4,88.0
S1351,3,80.7,77.8
S1106,3,73.4,75.5
S1416,4,91.4,91.0
S1445,2,70.8,68.8
S2498,2,70%,67.5
S2135,3,70.1,68.7
S2513,4,85.4,77.5
S2638,1,72.1,78.1
S1390,1,84.1,82.4
S2599,2,79.0,77.5
S2004,2,90.3,92.7
S2327,6,77.8,80.4
S2048,2,87.4,96.6
S2429,6,74.4,68.5
S2102,6,79%,79.0
S2770,2,62.1,56.5
S1250,1,95.4,95.5
S1401,2,76%,80.6
S2046,5,87.0,86.4
S1206,3,64.8,64.0
S1444,4,96.0,99.3
S1470,4,70.5,74.4
S2436,1,92.7,93.4
S1463,3,80.2,72.9
S1454,3,82.7,83.2
S2600,6,94.3,92.4
S2093,2,83.4,79.1
S2529,5,90.9,91.4
S1511,2,89.9,94.4
S2692,2,91.3,89.4
S1445,1,76.8,81.9
S1290,2,112/100,76.1
S1471,4,71.4,71.7
S2555,4,90.7,93.8
S2765,5,85.1,83.0
S1413,4,92.3,96.7
S1428,3,76.2,75.8
S1351,3,80.7,77.8
S2673,2,85.1,85.1
S2571,1,74.5,79.3
S1118,6,90/100,94.8
S1508,5,97.3,98.4
S2689,5,86/100,86.3
S2265,6,82.1,78.2
S2556,5,86.2,83.8
S2313,1,94.1,95.5
S1013,1,85.2,83.4
S2404,1,99.0,99.8
S2142,3,86.9,85.8
S2377,5,75.7,77.6
S2207,4,75.3,78.5
S2089,4,81.4,82.3
S2251,2,79.4,81.6
S1199,3,112/100,79.6
S1434,4,65.0,67.1
S1188,4,67.8,63.2
S1207,6,88.4,92.8
S2432,3,91.5,92.1
S2755,3,78.9,73.8
S2648,1,74.2,76.4
S2537,3,112/100,85.0
S1559,4,79.7,77.9
S2250,1,83.3,88.1
S2069,1,70.3,77.3
S1263,6,71.3,76.6
S2052,1,75/100,71.5
S2022,4,93.4,98.3
S2127,3,86.1,90.0
S2388,1,87.5,92.4
S1224,6,59.4,59.5
S2169,6,70.8,71.8
S2550,6,73.9,77.2
S1074,3,70.3,69.7
S1184,3,86.2,85.5
S1440,4,66.3,73.7
S2667,1,89.3,86.4
S1109,2,87.3,88.4
S1258,5,73.0,71.6
S2553,1,78.8,81.2
S2556,4,89.4,86.8
S1476,3,78%,80.8
S1584,6,83.9,88.7
S2492,6,82%,85.0
S1106,1,71%,78.8
S2195,5,64.5,64.0
S1209,2,76.0,76.0
S2438,2,75.3,72.9
S1081,3,67.0,67.2
S1265,1,80.2,79.8
S2180,3,83.7,71.9
S1244,5,91.8,99.4
S1507,5,99.3,98.8
S2236,1,63.2,61.4
S2565,4,88.0,90.6
S1546,4,77.3,72.7
S2014,6,81.6,82.9
S2091,6,75.5,75.9
S2682,2,87.2,81.9
S2469,5,78.6,75.8
S2226,5,86/100,86.6
S1538,4,80.7,82.1
S1179,5,93.8,90.3
S2203,4,64.8,63.2
S1439,4,89.7,88.4
S1277,5,84.4,81.1
S2359,5,78.2,72.0
S1405,2,72.4,69.8
S2247,4,52%,56.1
S2693,6,78.1,75.7
S2384,5,71.4,65.1
S2552,1,83%,88.1
S1517,2,96.2,99.5
S2063,5,65.7,61.3
S2754,2,72.3,70.2
S1217,5,72.9,72.4
S2678,6,81.1,79.9
S2314,4,100%,100.0
S2626,3,75.8,72.3
S2316,6,78.5,82.3
S2282,6,87.5,96.1
S1235,5,62.2,61.9
S1308,4,91.6,87.3
S1300,5,86.8,87.1
S2060,4,84%,87.7
S1246,6,89.6,90.3
S2498,3,74.8,76.3
S1006,6,78.9,81.6
S2729,4,86.7,85.3
S1075,1,77.0,81.7
S1394,2,85.2,83.6
S2010,1,82.1,80.5
S2588,5,100,94.3
S1530,6,55.0,52.4
S1215,3,71.9,67.6
S2524,3,92.4,98.8
S2141,6,40.0,43.5
S1570,3,97.6,99.8
S1357,2,95.4,98.0
S1440,3,69.3,72.2
S2070,3,71.4,74.1
S2083,6,83.0,84.0
S1281,2,76.4,67.5
S1283,4,82/100,87.3
S2615,6,81.3,83.7
S2362,2,93.9,94.1
S2280,2,97.3,97.4
S1283,1,80.7,78.7
S2519,3,86/100,81.4
S2604,6,76.1,72.5
S2006,6,85.9,83.5
S1063,1,95.7,97.9
S2564,1,95.8,95.8
S2403,1,91.9,89.7
S2309,6,70.8,66.3
S2387,6,82.7,79.8
S2214,5,78.6,72.4
S2161,6,92.9,92.0
S1024,3,87.6,86.2
S2215,1,78.5,78.1
S2137,4,90.2,89.5
S2788,5,100,100.0
S2643,3,68.1,61.9
S1120,1,80.0,82.4
S2388,2,86%,82.8
S2274,6,50.2,56.4
S1532,3,81.1,83.5
S2736,5,63.8,65.5
S2139,4,100,95.2
S2653,5,85.2,86.9
S1068,5,83.0,83.7
S1004,3,85.8,90.5
S1168,3,100,100.0
S2232,1,79.9,79.6
S1402,6,78.1,82.5
S1425,2,112/100,85.4
S2536,4,57.7,58.4
S1399,3,68.6,64.5
S2615,2,78.8,77.2
S1008,1,90/100,91.8
S1472,5,74.0,80.6
S2377,4,67.8,68.5
S1562,6,78.6,76.5
S1504,5,75.5,74.3
S1561,5,80.8,78.8
S2134,2,80.5,76.9
S2276,3,77.2,72.3
S1002,6,59.5,59.8
S2194,3,73.1,69.6
S1197,2,83.1,88.9
S1325,4,67.7,67.8
S1417,6,99.1,100.0
S2713,2,92.8,100.0
S1478,2,96.3,95.9
S2045,2,77.0,75.0
S2439,1,60.3,63.1
S1172,1,79.0,76.8
S2042,3,76.4,69.5
S1499,2,74.6,75.5
S1161,2,75.8,74.6
S1482,4,80.1,81.6
S1503,4,95.4,100.0
S1557,3,84/100,84.9
S2418,4,70.7,70.2
S2441,6,73.4,73.6
S2516,3,88.2,91.3
S2472,2,95%,96.2
S1123,4,72.3,69.7
S2134,3,75.0,78.9
S1241,1,70.3,68.2
S1286,6,75%,74.4
S1480,2,86.7,89.4
S2065,3,68.4,68.1
S1153,5,75.3,78.0
S2662,2,72.6,72.8
S2580,5,64.8,58.4
S2082,4,71%,68.2
S2782,1,82.6,80.6
S2582,2,80.3,73.4
S1463,1,81.3,87.6
S1271,5,81.4,80.0
S2599,1,78.9,77.9
S1137,6,90.2,92.8
S1228,6,88.1,86.5
S2019,5,83.6,79.2
S2056,3,88.2,88.0
S2759,1,81%,82.0
S1142,5,71.2,80.7
S1167,5,87.0,87.5
S2527,4,94.3,100.0
S2086,5,94.6,93.0
S1273,6,66.4,70.5
S1278,6,84.1,83.9
S2165,6,74.9,64.4
S1529,6,69.2,68.2
S2553,6,84.1,91.0
S1225,4,70.1,72.8
S2581,5,91.6,85.1
S1539,3,71.9,74.5
S2610,3,100,95.2
S2603,2,76.0,69.0
S2198,2,88.3,87.9
S2582,4,81.0,83.3
S1539,5,73.0,71.0
S2351,5,75.5,75.5
S2757,1,81.1,81.8
S1118,2,95.8,90.7
S2251,6,63.5,66.8
S2605,6,86.4,97.0
S1549,4,73.0,70.6
S2013,2,93.2,93.2
S1402,3,82.3,86.2
S2781,1,92.1,90.8
S1222,2,81.4,81.8
S2788,3,91.8,93.0
S2363,2,97.5,100.0
S2416,6,52.4,49.7
S2302,1,81.8,79.4
S2640,3,73.1,72.0
S2414,6,100,100.0
S2219,2,84.7,81.5
S2141,1,62/100,60.9
S2665,3,66.4,70.2
S1165,3,58.4,59.1
S2601,2,76%,80.8
S2059,5,77%,80.7
S2700,4,74.0,71.5
S2652,5,77.6,72.8
S2075,6,88.6,89.9
S2443,6,72.3,71.3
S1581,6,98%,99.8
S2415,6,87.0,86.9
S1413,3,91.8,88.8
S2274,1,76.7,77.8
S2046,4,90.7,94.0
S1200,5,76.9,73.7
S2097,6,90.2,92.2
S1254,1,82.8,83.3
S2655,2,61.0,57.6
S2313,6,87.2,83.3
S1300,6,93.3,96.2
S1170,1,76.0,68.9
S1022,3,76.7,73.9
S1228,3,92.3,88.5
S2565,6,88.9,90.8
S2146,1,75%,77.2
S1149,4,57.7,49.4
S1466,4,89.6,92.0
S2670,1,89.7,90.7
S2310,2,76.9,82.4
S2134,6,76.0,74.7
S2360,4,81/100,76.3
S2450,1,79.7,77.6
S2054,6,82.0,78.0
S2303,2,80.4,83.7
S2697,3,67.4,68.0
S1542,4,82.4,80.6
S2683,2,78.0,75.0
S1202,3,91.9,92.9
S2045,5,77.1,80.2
S2757,6,65.0,64.5
S2078,4,60.7,61.2
S2693,5,80.1,78.2
S2550,3,72.4,66.1
S1207,4,81.4,76.5
S1382,4,86.6,85.1
S1457,5,79/100,79.0
S1046,6,75.3,73.3
S2165,2,68.6,70.8
S1173,4,66.2,70.3
S1205,6,96.5,94.3
S1169,1,81.7,90.9
S2633,3,81.8,85.7
S2264,1,81%,85.2
S2039,1,84.6,85.0
S1423,1,84.4,89.0
S2116,4,92.5,92.8
S1177,3,93.1,98.1
S2444,5,58%,57.5
S2525,6,72.8,70.5
S1047,6,67.6,65.0
S1174,6,67.8,66.3
S1220,3,80.3,83.4
S1162,3,79.6,78.7
S1397,6,93.4,92.3
S2606,6,78%,78.2
S1324,2,88.3,88.7
S2489,4,76.5,78.6
S1213,3,68.3,66.0
S1104,2,68.2,67.0
S2501,4,66.2,67.9
S1291,3,67.6,74.6
S1232,5,70.1,68.6
S2632,2,83.8,80.6
S2391,4,75/100,78.4
S1264,2,82.0,83.8
S1276,6,85.6,84.3
S1595,5,50.4,52.1
S1393,1,69.6,69.9
S1369,5,75.8,76.9
S2420,3,99.8,95.5
S2462,5,96.8,95.9
S2409,5,99.2,100.0
S1530,5,66.1,63.4
S1533,1,90.3,87.4
S1218,6,71.2,73.0
S2417,4,57.9,52.8
S1096,6,84%,89.4
S1394,3,86.8,90.0
S2368,1,86.9,82.6
S1169,2,73.6,68.4
S2542,2,69.0,63.0
S1214,3,86.2,87.1
S2631,2,92.3,87.4
S2227,2,72.9,73.5
S2651,6,60.0,58.8
S2383,6,89.9,91.7
S2355,1,93.2,91.1
S1333,2,76.3,70.5
S1440,6,57.0,60.8
S1045,6,58.2,54.8
S1105,6,62/100,71.9
S1598,3,78.2,75.5
S1514,4,75.7,72.0
S1578,5,85.3,91.2
S2472,5,89.0,88.9
S2721,3,84.2,86.1
S2133,5,67.8,66.1
S2071,4,90.0,87.5
S2317,2,84.7,82.9
S2324,6,98.8,100.0
S2329,1,87.3,85.5
S1342,1,81.9,79.6
S2127,1,91.3,96.3
S2588,2,95.2,100.0
S1353,2,86.0,91.6
S1005,4,82.3,85.0
S1341,1,74.6,71.9
S2055,5,86.9,80.7
S1490,5,95.8,94.4
S1537,1,84%,79.1
S2223,2,88.0,89.6
S2036,5,92.1,98.5
S1022,4,73.4,70.2
S2524,5,89.8,90.3
S2418,3,76/100,75.8
S1380,5,93.0,93.9
S2167,4,84.6,86.3
S1003,2,74.8,86.5
S2697,4,67.5,66.5
S2147,1,73.9,65.7
S2666,6,80.9,83.7
S1255,2,76.8,80.9
S1395,2,68.6,70.7
S2175,5,91.0,94.2
S1509,5,81.4,81.8
S2068,4,82.0,81.6
S1391,1,90.8,87.3
S1063,3,90.9,82.0
S2505,4,70.5,69.5
S2480,4,83.9,83.6
S2699,6,89.8,88.2
S1157,4,77.3,71.0
S1562,4,78.2,81.9
S2354,1,94.4,94.3
S2163,2,100,100.0
S1358,6,66.5,71.0
S1599,4,77.8,86.6
S2595,6,73.1,72.5
S2770,4,61.5,59.3
S2671,5,100,99.4
S2428,3,89.3,85.8
S2004,6,87.8,92.4
S1089,2,73.9,75.9
S2020,1,78.3,76.8
S2582,3,78.5,81.8
S2189,5,85.9,85.0
S1212,4,70.8,71.1
S2114,4,112/100,77.9
S1233,3,76%,77.5
S2209,3,79.3,78.9
S2069,2,76.6,79.9
S2132,5,68.8,63.7
S1300,4,87.4,89.4
S1497,4,78.6,79.4
S1241,2,71.9,67.0
S2534,5,72.7,75.1
S1438,4,80.1,79.7
S2036,2,88.0,81.7
S2339,4,75%,73.1
S1213,2,64.7,71.9
S2184,6,87.4,90.5
S1286,3,78.2,78.0
S1048,4,76.5,70.1
S1160,2,66.1,64.2
S2223,6,92.2,96.4
S2608,3,93.3,91.6
S2738,5,81.6,80.6
S2778,6,80.4,80.1
S1068,2,76.2,80.7
S1346,2,75.4,77.9
S2035,1,82.5,84.0
S1330,4,85.4,81.9
S1027,3,75.6,79.2
S2375,1,100,89.7
S2049,1,83%,76.7
S2309,4,76.8,84.0
S1151,3,77.5,76.2
S1059,5,87.0,85.9
S2288,5,90.1,91.0
S2414,1,98.9,100.0
S2440,3,73.6,77.4
S2157,5,65.9,59.2
S2089,3,81.0,83.2
S1126,5,81.0,82.6
S2373,2,86.0,87.7
S1496,2,90.3,92.6
S1181,3,83.0,87.3
S1487,5,77.3,81.4
S1052,6,91.9,96.2
S2175,1,85.4,84.3
S1111,2,88.1,94.6
S1332,4,85.8,82.9
S2011,6,64.1,59.2
S1052,1,87.0,87.3
S1390,2,75.1,78.4
S2199,3,68.3,73.3
S1393,5,80.2,82.9
S2018,1,93.9,98.9
S2035,1,82.5,84.0
S1322,2,87.4,87.2
S2726,6,72%,75.8
S1572,2,79%,79.7
S1125,6,89.3,90.3
S2007,3,80.2,81.2
S2503,4,78/100,79.6
S1212,1,76.2,74.8
S2509,5,93.8,97.0
S2551,4,75.8,70.5
S2738,2,86.4,81.0
S1600,2,84.8,85.8
S1356,5,53.1,55.7
S2245,3,74/100,76.4
S2085,6,62.5,67.5
S2229,2,92.3,96.7
S2218,3,68.3,73.3
S1086,5,72.8,73.0
S2753,1,88.1,97.0
S1069,2,79.4,82.2
S2531,6,86.7,85.7
S2689,5,86/100,86.3
S1577,6,64/100,62.3
S2710,2,72.6,73.4
S1035,4,84.5,90.1
S2631,3,84.0,82.3
S1077,3,95.0,92.4
S1343,3,81.4,81.9
S1406,1,79.7,81.5
S1042,5,80.6,76.6
S2691,2,88%,90.0
S2307,2,63.0,67.2
S1185,4,69.7,68.0
S2628,1,72/100,69.5
S2397,4,100,100.0
S1286,4,71%,75.1
S2052,6,76.2,72.2
S2618,1,81.9,83.8
S1120,2,76.5,70.1
S1093,1,71.9,70.5
S1240,6,85.6,88.5
S1379,3,83.6,81.9
S1525,1,95.0,100.0
S1343,5,76.2,74.1
S1321,6,83%,76.7
S1106,5,82.2,83.0
S2414,5,100%,98.4
S1053,5,88.9,86.8
S2710,6,78.1,83.4
S2795,5,67.2,62.6
S2305,1,78.6,85.9
S1072,2,76.9,81.7
S2526,1,67.4,63.1
S1018,4,82%,84.6
S1507,6,94%,95.4
S2107,3,91.5,92.1
S1362,4,75.7,79.2
S1285,6,86.5,88.7
S1015,6,76.5,80.8
S1374,4,91.3,94.3
S1530,1,70.7,76.3
S2532,4,74.2,74.2
S2444,2,69.0,69.3
S1325,6,74.1,76.5
S2075,1,79.8,77.0
S1005,1,75.2,72.5
S1475,5,75.7,80.1
S2462,3,99.7,98.5
S1001,2,86.4,87.4
S2424,2,82.2,78.9
S2123,6,51.8,58.9
S2408,6,84.2,82.5
S1156,6,112/100,74.8
S2694,6,73.6,79.9
S1454,3,82.7,83.2
S2145,2,69.2,75.1
S2268,4,79.1,80.9
S2612,3,88.3,81.6
S1099,4,87.0,88.7
S1505,3,92.3,95.7
S2538,3,74.3,68.4
S1490,3,85.0,84.1
S1409,1,75.3,76.5
S1263,5,75.8,78.2
S2645,2,98.1,98.9
S2663,1,80/100,80.5
S1036,4,82.7,79.3
S1130,5,80.6,79.8
S2696,3,61.7,64.9
S1583,5,85.2,89.2
S2587,3,58.8,59.7
S1341,4,75.6,73.8
S2770,1,71.4,66.3
S2304,3,75.8,72.6
S2426,5,80.9,88.4
S1262,2,85%,84.2
S1028,4,66.5,64.4
S2184,5,89.8,92.4
S1595,3,61.8,60.1
S2693,4,82.8,87.7
S1085,3,90%,90.0
S2307,4,63.5,69.1
S1336,4,90.9,94.8
S1046,4,73.9,73.2
S2044,3,71.2,73.7
S2095,4,96.4,97.0
S2607,1,86%,85.0
S2032,3,97.0,100.0
S2264,6,112/100,80.5
S1066,5,77.7,80.0
S1098,2,71.3,73.1
S1091,1,79.3,75.8
S2787,2,58.2,56.6
S1020,3,70.9,70.7
S2508,3,97.8,99.7
S2795,2,63.4,67.5
S1525,2,96.1,92.4
S2799,6,75.2,74.1
S1087,5,71.9,77.5
S1294,6,55.1,54.8
S1313,4,81.3,81.4
S2293,4,85.1,87.6
S2061,6,70.8,71.3
S1558,3,68.2,68.0
S2500,5,92.9,98.9
S1376,4,96.7,97.7
S1538,3,83.5,83.7
S1088,5,79.4,76.7
S1492,1,71.6,64.9
S2146,4,76.7,79.1
S2050,6,73.2,75.2
S2343,4,100,100.0
S1116,3,73.0,73.1
S2410,6,80.2,84.2
S1160,6,70.2,66.3
S2141,5,40.0,42.6
S2752,3,84.7,85.2
S2458,1,74.5,78.2
S2422,6,73.7,65.9
S2006,4,93.8,95.1
S2368,4,76.8,75.8
S1176,1,94/100,92.9
S1099,3,82.1,80.6
S1087,4,70.0,63.5
S1564,3,71.7,75.3
S2013,5,79.9,75.3
S2363,5,98.2,97.1
S2646,6,79.0,82.9
S2496,4,73.3,71.7
S2264,2,77.9,82.5
S1268,6,84.2,85.8
S2002,5,83%,80.2
S2442,3,84.6,89.0
S2506,6,77.4,80.3
S2035,1,82.5,84.0
S1302,4,80.9,80.3
S1132,6,89.0,86.3
S1133,1,77.1,70.2
S2650,5,90.5,91.0
S1310,2,63.3,59.7
S1331,1,71.8,66.7
S1539,6,71.3,65.9
S1600,5,86.8,85.8
S1156,4,79.2,80.1
S2061,4,76.9,77.3
S2528,1,80.3,79.4
S2338,5,83.3,82.6
S2318,5,76.1,77.0
S2413,1,83.4,87.6
S1281,3,71.4,75.5
S2097,4,94.7,94.1
S2072,1,92.9,98.2
S2740,6,72%,75.3
S2475,3,75.3,78.9
S2087,1,86.8,83.1
S1165,5,50%,48.1
S2782,3,73.7,78.8
S1576,4,92.2,92.5
S1483,5,94.2,87.9
S2030,5,54.7,55.7
S2344,1,83.8,90.0
S2669,3,70.8,69.9
S1516,4,79.4,81.9
S1526,6,90.5,92.0
S2245,6,68.2,69.7
S2368,5,76.3,77.4
S1534,4,100/100,98.5
S2621,4,81.3,87.6
S1184,1,82.3,78.8
S2690,3,77.5,71.1
S1475,1,73.7,71.5
S1148,5,76.2,76.3
S1558,1,73.1,72.2
S2574,2,82.3,85.3
S2491,1,94.8,87.1
S2417,1,67.5,67.6
S1086,6,73.1,76.7
S1560,3,83.0,78.6
S2206,4,69.1,74.0
S1243,2,78.9,70.4
S1593,2,75.6,77.7
S2002,4,85.8,93.3
S2620,1,76.0,76.1
S2178,4,78.2,74.4
S1418,5,83.2,79.4
S1500,1,85.2,87.5
S2067,4,80.6,78.3
S2438,1,74.4,76.6
S2165,3,74.8,72.8
S1152,1,71.8,68.2
S1005,5,89.3,83.6
S2697,6,69.2,65.0
S1418,6,86.2,91.0
S1405,5,55.5,52.9
S2241,4,50.0,50.8
S2292,1,71.9,69.5
S1128,1,86.1,91.4
S2025,4,87.3,88.1
S2202,6,112/100,79.3
S1048,3,79.3,78.8
S1115,3,79.5,75.6
S2200,6,92.1,85.9
S1393,2,82.1,88.8
S2459,6,93.3,88.0
S2617,2,81.7,89.3
S2699,5,89.4,92.5
S1004,4,84.2,79.9
S1459,5,80.6,85.0
S1148,4,77/100,82.2
S2721,6,89.2,80.5
S1153,6,73.7,72.2
S2587,1,59.0,58.0
S1174,3,80.3,80.6
S2456,6,78.7,82.4
S2600,2,95.8,96.4
S1211,6,65%,60.8
S2164,2,72.9,73.2
S1461,3,70.7,69.4
S2796,5,82.9,76.9
S1047,2,85.3,84.0
S2248,3,75.0,77.1
S1348,3,73%,72.1
S1208,4,81.6,82.8
S1398,1,94.7,100.0
S1096,2,84.7,83.3
S1240,2,88.8,92.3
S2051,3,87.3,90.5
S2249,2,61.3,57.9
S1208,6,80.2,77.8
S2537,6,87.7,90.8
S2181,2,79.4,75.9
S1588,5,79.4,76.3
S2493,6,76.8,78.2
S1420,1,66.6,68.5
S2308,4,78.5,78.8
S1168,6,97.6,95.2
S2196,1,74.7,83.1
S2485,5,77.5,74.3
S2158,2,88.1,91.9
S2542,4,112/100,59.0
S2710,1,78.5,83.2
S1345,1,76.4,82.1
S2293,1,94.7,100.0
S2594,5,72.5,83.8
S1282,5,70.1,74.7
S2705,3,84.3,83.4
S2770,5,54.1,57.3
S2291,4,76.7,74.6
S1331,6,70.8,68.3
S1050,1,87.5,89.2
S1258,6,70.2,74.5
S1336,3,86.5,85.9
S1099,1,83.9,85.1
S1555,6,81.4,76.5
S1401,4,86.8,83.2
S1355,6,75.2,76.9
S2067,3,71.9,69.0
S2724,6,88.8,89.3
S2024,4,75.1,73.8
S1585,5,83.3,86.5
S2697,1,62.1,63.8
S1454,2,92.3,91.3
S2154,4,76.0,80.2
S2514,1,80.6,84.0
S2259,3,88.2,87.0
S1469,1,73.9,74.9
S2774,3,84.6,83.6
S1093,5,68.1,67.0
S2447,1,84.9,85.8
S2614,6,49.8,53.4
S2200,2,89.5,90.0
S1412,4,70.5,69.1
S2024,1,83.2,80.1
S2115,3,100,93.0
S2645,5,100,93.3
S2282,4,79.2,80.9
S1287,1,99.9,91.6
S1435,1,93.0,87.3
S2647,6,60.5,58.7
S1285,1,87.6,82.2
S2520,1,93.7,95.6
S2483,5,65.8,71.5
S1357,4,90.4,97.7
S1540,6,62%,60.1
S1398,2,92/100,94.0
S2119,4,88.6,88.2
S1215,2,72.2,70.1
S2687,3,64.5,64.2
S2599,4,75.4,77.1
S2752,2,89.9,88.7
S2056,1,89.1,91.2
S2431,4,84.0,86.0
S2398,4,96.8,100.0
S2552,4,85.3,81.9
S1266,2,75.9,74.8
S2795,6,57.2,65.0
S2741,5,52.2,52.0
S1361,3,91.7,95.8
S1400,3,97.3,94.6
S1053,6,89%,85.7
S2462,2,98.7,100.0
S2757,5,66.5,73.8
S1519,4,69.5,63.9
S2273,2,78%,82.3
S2608,1,92.8,85.2
S2245,5,71.7,71.2
S2073,5,91.3,90.6
S1133,4,86.2,96.9
S1504,3,79%,79.6
S1286,2,76%,76.9
S1565,4,84.8,84.7
S1007,1,87.9,84.4
S2159,2,86.3,88.1
S1153,2,86.4,86.5
S2354,4,98.5,100.0
S2283,4,63.8,62.1
S2063,1,68%,68.2
S2296,1,65%,62.6
S2479,4,88.5,91.7
S2089,6,84.5,83.2
S1163,3,69.5,74.5
S1164,6,72.9,76.4
S2635,3,62.8,63.5
S1237,3,97.1,94.1
S1261,1,83.1,81.0
S2090,2,87.8,84.7
S2331,3,90.7,96.7
S2606,2,95.3,97.2
S2111,6,80.2,91.1
S1226,6,62.0,67.0
S2719,2,68.6,66.3
S2237,1,80.2,77.6
S1291,5,67.4,63.3
S1165,4,49.3,50.5
S1448,1,97.3,94.6
S2242,2,74.3,73.9
S1274,3,70.8,73.9
S1216,1,83.1,89.9
S2014,4,78.3,83.3
S1231,1,93.0,89.9
S1323,2,90/100,89.3
S2180,2,86.1,85.3
S2672,3,86.2,85.6
S1527,5,64.5,62.2
S1339,3,68.8,74.3
S1149,5,49.2,53.7
S2213,5,78.3,89.3
S2079,2,71.2,70.8
S2110,2,80.2,80.4
S1001,3,90.9,91.4
S2653,3,85.7,88.0
S1352,4,74.6,78.9
S1142,4,82.1,82.9
S1457,2,83.2,91.1
S1412,1,80.5,85.3
S1320,1,84.3,81.3
S1267,1,76.2,76.0
S2379,5,81.0,82.1
S1319,6,94.3,94.6
S2257,4,79/100,93.0
S2798,3,98.4,100.0
S2341,1,74.5,73.8
S1457,1,80.1,81.2
S1122,1,68%,75.5
S1009,6,70.9,66.3
S1300,3,91.0,88.9
S2041,6,80.0,76.2
S2402,2,89%,88.5
S2675,3,82/100,78.0
S1426,4,66.1,63.5
S1467,5,80.5,81.7
S1157,1,80/100,83.0
S2647,4,71.0,69.5
S1138,3,84.1,82.7
S2121,2,82.7,80.1
S1567,6,85.3,89.1
S1232,4,66.6,70.7
S1595,1,63.6,59.8
S1148,3,77.4,80.5
S2305,6,81.8,79.6
S2351,4,74.6,85.2
S2349,3,95.5,97.8
S2212,2,64.6,60.0
S2518,6,89.1,88.6
S2462,4,97/100,99.1
S1312,3,83.7,87.7
S2264,4,77.9,78.4
S1002,5,67.7,70.0
S1570,2,94.8,98.4
S2304,4,76.2,77.8
S1244,6,89.2,95.2
S1135,3,80.6,81.0
S2633,6,78.1,78.3
S2589,3,82.2,80.3
S2079,1,77.3,82.7
S1352,3,76.1,78.4
S2766,5,85.9,87.9
S1341,2,78%,81.8
S1373,3,73.0,74.5
S1161,4,63.0,57.4
S2586,2,72.6,68.0
S2150,1,83.2,81.2
S1439,5,89.7,84.7
S2416,5,61.6,63.9
S1118,3,89.9,92.0
S1072,6,66.6,66.7
S2132,3,72.1,68.1
S2413,6,87.4,85.3
S1025,2,64.1,60.8
S2478,6,85.4,85.4
S1339,6,61.2,65.4
S2669,4,73.5,77.4
S1195,2,85.0,86.9
S1584,3,83/100,87.0
S1342,5,81.5,85.7
S2027,5,68/100,66.4
S1438,3,79.6,87.1
S2148,3,84.1,82.2
S2140,2,91.5,89.7
S2605,3,75.0,72.3
S2573,3,88.8,80.8
S2127,6,89.7,91.5
S1405,1,71.3,64.3
S1211,3,63.8,65.6
S1296,2,86.1,89.3
S1586,2,69.2,72.6
S1046,2,75.5,75.9
S2199,5,70.7,73.3
S2208,2,88.4,88.1
S1041,5,78.5,86.3
S1508,1,94.6,98.9
S2163,1,96.8,99.5
S1339,5,62%,62.1
S2243,2,77.5,76.2
S2595,5,89.6,86.0
S1136,4,77.4,69.8
S2402,5,87.8,88.1
S2036,1,88.5,87.7
S2355,4,95.6,96.7
S2236,2,63.8,61.5
S2629,1,60.1,63.2
S1301,5,83.2,85.1
S2684,4,112/100,59.3
S2125,3,75.8,74.6
S1411,2,97%,97.1
S1091,6,85.5,84.6
S1541,2,80.2,77.8
S1124,1,79.6,84.2
S1052,5,99.7,96.3
S1587,6,61.8,52.5
S1189,4,86.9,91.1
S2325,2,81.5,82.5
S1083,1,79.0,85.4
S2086,2,90.9,89.8
S1462,4,71/100,67.5
S1154,3,92.8,92.5
S2667,5,73.7,73.3
S1598,6,78.9,75.6
S2507,5,79.7,79.3
S2060,6,81.3,82.9
S1007,3,83.6,80.3
S2144,2,76.9,75.1
S2114,1,93.5,96.1
S1498,2,74.4,74.1
S2282,5,80.6,84.1
S2559,1,77.3,73.2
S1022,5,72.7,69.9
S2270,4,77.6,81.1
S1235,5,62.2,61.9
S1445,4,85.7,82.2
S1538,2,81.9,84.6
S1198,1,88%,88.5
S2299,5,74.6,71.3
S1103,3,90.5,92.4
S2564,2,93.0,91.1
S1245,3,97.7,100.0
S2150,4,85.2,83.5
S1508,1,94.6,98.9
S1156,5,77.4,73.0
S1404,2,88.4,91.4
S2248,4,74%,76.4
S2764,6,71.2,68.3
S2523,6,89.1,90.2
S2627,1,69.9,71.3
S2204,5,74.7,66.1
S1138,5,80.9,78.2
S1254,4,79.3,72.6
S2539,4,74.2,78.1
S1489,3,76.5,75.5
S2106,3,84.0,85.5
S1105,5,63.7,66.7
S2139,3,96.8,99.3
S2043,2,96.3,97.0
S1066,1,71.8,67.0
S2125,2,89.3,85.2
S2024,3,78.2,76.9
S2386,4,85/100,85.5
S2066,1,59.2,55.0
S1067,5,88.3,86.5
S2202,1,76.1,75.4
S2256,6,81.3,83.8
S2622,6,62.1,62.6
S1560,6,87.8,89.8
S1008,5,89.8,91.5
S2343,6,91.2,99.6
S1082,3,70.7,73.5
S2066,4,64.7,66.8
S2008,1,99.7,95.5
S2022,1,96.0,97.0
S2776,6,90.5,87.9
S2269,1,83.8,85.0
S2502,4,84.0,86.6
S2287,4,76.9,79.2
S1119,2,86.6,85.7
S1404,4,89.5,87.0
S2335,1,81.9,76.0
S1292,5,74.9,73.8
S2227,5,58.4,56.0
S2639,2,75.0,72.3
S2078,1,71.8,67.0
S2180,4,82.6,84.6
S1057,3,63.9,63.8
S1036,6,77.8,72.7
S2011,4,65.5,67.1
S1224,4,74.6,74.7
S2775,5,112/100,83.5
S2337,1,95.8,87.7
S2050,1,85.8,84.9
S2007,5,74.4,72.0
S1055,6,88.4,90.7
S2590,1,90.3,93.7
S1501,5,62.4,66.2
S2561,1,78.7,79.5
S2082,5,61%,66.1
S1520,2,87.9,82.4
S1369,3,86%,93.3
S1388,1,78.2,84.1
S2512,2,67.1,62.7
S2569,2,73.5,70.2
S2100,4,61/100,58.8
S1592,4,80.5,80.9
S1244,1,88.3,84.3
S1029,4,64.9,70.4
S2101,4,95.1,90.9
S2667,2,80.1,85.8
S1595,6,45.2,36.6
S2105,3,67.9,64.7
S2260,5,86.4,86.4
S2800,1,92.7,90.9
S2431,6,83.5,83.3
S2723,4,81.5,86.1
S1157,3,83.2,89.1
S1011,1,83.3,96.9
S1207,5,85.1,89.0
S2361,1,80.8,75.8
S2257,1,82.9,91.9
S2664,1,81.1,74.7
S2543,5,99.3,97.2
S1354,3,81.5,81.9
S1255,1,74.5,72.7
S1026,4,97/100,96.2
S2458,3,79.8,83.9
S1081,2,63.7,63.1
S2421,3,81.3,82.8
S2144,3,73.2,77.4
S2584,4,73.5,70.1
S2054,3,85.1,83.8
S1294,5,49.0,47.2
S1126,1,79.0,86.0
S1298,4,76.8,77.0
S2658,1,76.7,77.8
S2436,3,98.3,96.3
S2151,2,77/100,80.6
S2209,6,73.8,66.9
S1452,6,89.4,86.9
S2528,5,72.2,79.8
S2623,2,67/100,71.8
S2099,6,78.6,82.7
S1223,2,90.7,79.1
S2747,4,75%,72.9
S2548,6,87.6,84.4
S1476,5,81.2,84.7
S1032,1,79.3,71.3
S1190,3,79.6,80.4
S2742,2,91.8,96.3
S1344,1,91.8,93.8
S2668,4,80.6,88.9
S2667,4,77.0,79.8
S1025,5,70%,68.5
S2088,3,81.7,74.2
S2215,6,79.8,76.1
S2625,5,73.4,78.0
S1561,4,93.5,97.0
S2199,1,68.0,73.6
S1478,5,91.5,94.3
S2030,3,69.5,77.9
S1232,1,73.2,74.0
S2391,2,76.1,75.8
S1512,2,81.6,79.2
S2651,4,68%,68.6
S2350,2,76.2,79.5
S2005,6,88.6,86.4
S2760,4,65.5,72.4
S2200,4,84.2,79.8
S1505,5,95.0,100.0
S1495,6,67%,69.8
S2714,5,89/100,85.3
S1285,5,89%,100.0
S1493,2,82.2,83.7
S1076,5,74.0,69.7
S2561,5,75.8,71.5
S2423,5,98.4,100.0
S2664,5,69.3,65.2
S2469,4,82.2,80.9
S1102,4,93.5,96.2
S2111,4,81.2,76.6
S2205,3,69.4,68.7
S2681,6,67.0,57.1
S1346,5,67.7,64.8
S2076,3,91.2,85.0
S2630,4,76.0,81.5
S1271,3,79.5,75.5
S2181,4,78.8,73.5
S2317,2,84.7,82.9
S2591,2,74.5,76.9
S2367,1,66.2,67.4
S2598,3,70.0,62.9
S2725,4,77.1,78.1
S2580,4,80.7,86.9
S1007,5,86%,87.6
S2313,4,91.1,97.3
S1349,2,86%,83.9
S2055,1,85.8,82.3
S1363,4,97.1,92.5
S2706,3,83.6,68.9
S1013,3,83.7,88.8
S2610,2,99%,98.8
S2034,1,85.0,83.7
S1443,6,96%,89.6
S1531,1,83.6,80.2
S1347,1,66.0,65.1
S1074,4,68.8,72.9
S2698,5,81.4,83.7
S1342,6,88.2,93.0
S1424,4,88.9,90.8
S1217,6,75.5,69.4
S2380,4,76.9,70.5
S1572,5,67/100,69.1
S1218,3,84.4,82.2
S1040,3,96.3,95.8
S2784,4,72.9,73.3
S1434,2,63.0,66.1
S2170,3,69.5,68.9
S1429,6,80.8,80.2
S1547,5,79.8,85.3
S1532,1,85.0,96.3
S2059,6,72.9,73.6
S1462,3,68.9,75.8
S2206,2,74.5,78.3
S2104,6,85.8,89.8
S1352,1,83.7,81.2
S1447,4,87.8,95.7
S1461,2,63.1,59.7
S2182,3,59%,59.1
S2300,6,89.8,93.9
S1232,2,69.3,61.0
S1484,4,75%,74.3
S1597,2,87.3,92.5
S2616,3,78.5,77.8
S2701,2,86.5,92.5
S2581,4,84.6,83.6
S1465,1,85.5,83.1
S2234,3,80.4,81.9
S2376,4,81.6,73.3
S1214,2,84.8,86.4
S2750,4,88.5,89.2
S1135,1,86.8,86.1
S2468,3,94.1,94.4
S1260,2,76.2,73.9
S2767,2,87.4,88.3
S1532,5,83.3,88.7
S2162,1,79.0,74.7
S2201,3,92.1,100.0
S2794,2,69.4,75.2
S2595,3,94.3,93.7
S2207,6,77.6,81.4
S1600,1,86.8,82.9
S2406,6,59.1,55.3
S2543,1,99.0,93.2
S2560,5,84.2,79.7
S1321,1,84.2,82.9
S1086,4,73.6,69.8
S2097,2,86.9,87.0
S2541,4,85.7,83.5
S1219,1,76.4,68.3
S2345,4,90.8,87.4
S1153,3,83.7,92.1
S1576,3,92.6,98.6
S2016,6,78.9,74.0
S2108,1,86.1,81.4
S1527,1,78.3,79.2
S1367,3,73.2,85.2
S1130,1,77%,78.2
S2138,4,83.1,79.7
S2426,1,98.8,100.0
S2417,2,69.2,76.0
S1158,2,77.7,72.5
S1138,1,83.3,84.4
S2547,3,95.0,90.9
S2235,2,72.3,77.4
S2503,1,68%,69.7
S2113,6,87.3,83.3
S1028,3,62.9,68.4
S2337,4,79.4,78.4
S2158,6,90.6,87.5
S2064,6,81.3,81.9
S1424,1,87.5,90.5
S2560,4,80.1,79.7
S1532,6,89.5,93.7
S1219,4,83.8,80.3
S2727,5,69.9,70.9
S2268,6,87.0,88.3
S2771,4,82.5,85.4
S2298,2,84.8,85.8
S2661,3,92.7,92.5
S2013,4,87.3,97.3
S2604,1,81.3,82.2
S2521,3,56%,57.2
S1551,1,75.1,70.0
S1552,5,98.4,96.8
S2551,5,76.0,72.2
S2604,4,76.3,72.2
S1055,4,89%,85.8
S2382,1,72.6,73.0
S1416,1,88.2,86.5
S2797,3,83.9,81.8
S2418,2,75.8,74.5
S2393,3,77.2,79.8
S2792,6,77.8,74.2
S2135,5,61.9,65.6
S1139,5,97.4,96.7
S1514,2,84.3,85.6
S1578,1,78.7,79.2
S2283,6,51/100,50.1
S2725,5,79.1,81.1
S1010,1,91.3,90.9
S2439,3,69.4,73.6
S2078,3,57.7,54.8
S1576,2,91.4,92.4
S2451,6,63.0,59.5
S1317,6,68.2,71.8
S1247,6,97.8,100.0
S2213,2,82.7,81.2
S2216,6,100%,100.0
S2092,5,71.4,70.6
S2579,1,83.9,81.3
S1556,6,70.7,63.2
S2403,5,77.1,76.9
S2222,1,65.5,69.2
S1158,5,78.0,79.3
S2367,2,71.6,68.2
S1549,6,83.6,81.9
S1361,2,89.3,87.9
S2349,4,92.8,88.2
S2248,2,76.4,78.2
S2740,1,87.0,86.7
S2680,3,96.6,98.3
S1510,4,95.0,100.0
S2624,5,85.8,81.0
S2316,1,70.7,76.8
S2523,2,86.6,92.7
S1129,1,75.7,73.6
S1345,2,75.0,79.7
S2769,3,81.4,82.3
S1583,4,84.1,81.8
S2619,4,91.0,93.3
S1048,4,76.5,70.1
S1251,1,79.9,82.9
S2155,1,75.5,76.9
S2746,3,82.8,79.3
S1389,5,84.1,83.9
S1453,6,82.1,79.4
S1347,4,72.5,72.2
S1565,6,81.9,81.9
S1121,3,84.9,77.9
S1159,4,79.0,79.6
S2718,1,92.0,92.4
S1378,1,88.4,94.4
S1165,6,41.1,34.4
S1536,3,63.1,61.8
S1294,2,62.7,56.4
S2642,1,87.4,93.0
S2138,1,83.4,79.1
S2518,3,81.4,79.2
S2314,2,93.1,93.4
S1288,3,82.0,75.5
S2264,5,75.3,80.9
S2753,4,95.4,98.2
S1057,6,52.0,51.9
S2017,6,70.9,75.2
S2108,2,85.3,82.9
S1115,5,76.5,74.2
S1573,1,76.4,82.0
S2268,2,85.0,87.4
S2225,1,81.9,86.1
S1162,1,83.4,81.9
S1521,1,84.7,86.3
S2766,6,86.0,88.1
S1368,2,95.9,95.4
S1453,2,80.3,80.1
S2193,6,80.4,78.2
S2250,5,83.8,81.9
S2791,5,99.9,100.0
S2775,6,90.7,90.7
S2800,5,87.7,80.3
S2281,1,97.1,93.8
S2396,6,86.8,87.7
S1596,3,80%,88.3
S2201,6,93.7,95.9
S2284,2,84.1,82.8
S1332,5,85.4,85.0
S2087,5,93.3,99.4
S2194,2,69.3,75.6
S2640,6,81.8,74.1
S2284,1,84.8,84.4
S2722,2,75.3,73.0
S2229,4,96.0,93.4
S1160,1,61.4,67.1
S2240,1,90.8,90.2
S2531,4,81.3,95.6
S2001,1,69.9,64.8
S2482,5,82.7,80.7
S2774,6,82.5,84.3
S1080,1,81.8,85.3
S2647,1,78.3,85.0
S1065,2,68.4,66.4
S2720,2,75.5,78.7
S1271,6,79.7,77.5
S1090,3,69.5,69.0
S2465,4,94.9,97.3
S2789,5,68.3,61.5
S2239,5,75.5,74.5
S2103,1,64.3,62.0
S2477,1,77.3,65.7
S1585,4,90.2,85.4
S1034,4,58.1,54.6
S2618,3,78.9,70.9
S1223,1,93.6,96.0
S2586,3,77%,80.1
S1584,5,83.9,89.5
S1452,3,84.7,89.1
S2406,1,79.4,80.7
S2239,4,87.1,88.9
S2486,5,94.9,88.0
S2178,1,76.7,74.8
S2071,2,85.8,89.9
S1310,1,62.8,63.7
S2752,4,91.7,88.4
S1479,5,87.7,92.8
S1506,1,87.8,84.6
S1201,6,79.5,88.7
S2494,6,92/100,93.6
S1275,2,89.5,91.5
S1570,4,90.6,97.0
S1580,3,99.6,98.5
S2359,2,76.8,76.1
S1477,6,65.1,58.0
S1299,5,86.3,86.2
S2322,1,88.4,84.4
S2554,5,62.7,64.7
S2033,6,87.9,82.1
S1562,3,76.0,79.1
S1562,2,79.3,79.5
S1589,6,77.4,76.3
S2600,3,95.4,94.2
S2727,1,67.0,71.4
S2252,4,77.5,75.7
S2405,1,87/100,100.0
S1575,6,81.3,81.5
S1101,4,70.6,71.6
S1510,3,89.5,84.6
S2716,1,77.2,78.2
S1022,1,72.3,70.4
S2394,2,84/100,79.0
S2047,1,77.8,76.9
S1490,2,88.0,86.0
S2617,5,71.1,69.4
S2308,2,74.9,74.4
S2592,6,96.7,100.0
S2142,6,92.3,90.8
S2592,2,94.2,98.6
S1589,4,85.1,85.8
S1456,1,71.0,68.6
S1138,6,86.8,91.0
S1274,2,67.3,66.4
S2590,3,91.8,88.8
S1165,1,54.8,54.3
S1547,6,80.5,75.8
S1283,2,74.9,69.8
S1365,5,54.4,50.8
S1378,4,87.8,88.0
S1408,2,75.5,82.9
S1061,3,112/100,65.7
S1392,4,86.2,86.4
S1058,4,82.1,90.7
S1136,5,78.4,81.0
S2428,5,79.1,85.0
S2202,2,77.3,76.5
S1535,2,69.4,65.2
S2656,6,82.6,76.5
S1487,4,75.9,76.8
S2394,4,82.9,79.8
S1555,2,81%,80.3
S2085,3,69.4,73.3
S2753,5,91.2,92.2
S1353,5,76/100,75.9
S2642,5,83.1,83.7
S1306,5,94.9,92.8
S1133,2,83.2,83.5
S2644,2,87.6,84.7
S1326,6,64.2,61.9
S2550,5,72.0,82.8
S1446,5,58.9,61.1
S1016,5,75.2,68.9
S2105,2,68.1,61.6
S2027,1,74%,72.8
S1482,6,85.4,91.1
S1396,2,80/100,75.7
S2703,6,73.9,75.6
S2652,6,83.2,84.9
S2639,1,75.0,67.7
S2741,6,55.4,50.7
S1539,1,74.8,78.0
S2427,3,84.6,79.6
S2582,6,81.2,81.4
S2460,6,112/100,80.7
S2400,3,82.8,83.4
S2691,3,85.7,93.5
S2749,1,81.9,79.4
S2622,1,68.8,68.4
S2405,5,84.9,85.0
S1476,4,73.8,75.6
S2783,4,112/100,85.4
S1486,3,84.0,83.9
S1311,6,82.8,83.9
S2360,1,83%,81.2
S2169,5,73.0,64.2
S1310,4,55.4,53.4
S1441,6,78.9,80.5
S1374,6,83.7,89.5
S2296,4,67.7,65.1
S1390,3,82.1,84.3
S1159,3,76.1,84.3
S2729,1,84.1,85.7
S1512,3,75.4,81.4
S1187,5,64.9,57.9
S1433,6,76.1,77.8
S1368,3,97.4,100.0
S1070,6,80.7,82.3
S1154,5,92.6,92.8
S1210,1,91.4,88.6
S1080,4,63.2,58.8
S1340,2,77.5,81.2
S2302,3,83.2,77.6
S2365,5,77.5,75.0
S2358,1,93.1,96.0
S2598,1,60.4,59.3
S2328,6,85.3,91.4
S2517,2,91.2,89.8
S1201,3,90.8,89.1
S2490,1,83.5,84.3
S1438,5,81.4,78.4
S2361,6,80.5,81.5
S2173,5,79.3,81.6
S1329,3,84/100,85.4
S1519,3,73.0,77.5
S2070,5,65.8,68.1
S1359,4,69.1,70.6
S2015,4,70.5,65.7
S2220,3,60.2,55.5
S1333,6,78.2,79.6
S2073,2,87.4,87.2
S2167,3,83.6,80.0
S1510,1,90.7,97.1
S1209,1,76.4,72.3
S1366,3,80.7,76.4
S1453,1,80.9,78.2
S1166,3,88.2,85.7
S1366,1,91.9,93.1
S2179,3,86.6,89.0
S2258,1,90%,91.1
S2398,3,100,99.0
S2495,2,76.5,71.6
S2028,1,70.4,66.5
S2558,2,89.5,93.9
S1600,4,89.6,85.7
S2186,2,78.2,69.2
S1220,5,76.0,78.7
S1311,4,83.7,91.5
S1391,4,88.5,87.5
S1409,2,76.4,77.6
S1357,1,86.2,81.5
S1178,4,70.7,66.3
S2379,1,81.7,76.8
S1101,1,68.8,67.9
S2105,4,61.6,61.1
S1437,6,83.7,85.3
S2663,6,82.0,81.8
S1013,6,79.8,71.5
S2658,5,74.2,72.3
S1484,1,78.2,78.6
S2425,5,56.3,52.7
S2623,1,63.2,63.0
S2204,3,81.2,84.5
S1220,1,70.0,63.1
S2718,4,93.7,91.5
S2392,2,89.6,90.3
S2469,6,81.4,88.9
S2720,6,60.0,56.0
S1146,3,94.0,89.0
S2042,5,64.0,59.7
S2312,3,100,93.4
S2392,6,85.6,81.8
S2008,2,99/100,100.0
S1495,2,74.6,79.8
S1566,2,63%,66.1
S2303,4,75.9,74.5
S1427,5,62.9,65.3
S1262,5,88.6,87.2
S1440,2,71.2,73.1
S2277,1,79.2,79.1
S1589,3,82.5,85.5
S1063,4,93.7,90.1
S1319,1,92.8,91.9
S2139,2,95.5,99.8
S2708,3,88.2,83.9
S2722,6,66.0,71.7
S2072,2,95.6,97.9
S2477,6,58.9,66.3
S1268,3,88%,86.3
S1187,3,68.3,71.9
S2013,6,82/100,87.7
S1582,5,87.8,84.0
S1340,5,78.2,81.6
S2407,4,75.5,72.9
S1494,1,89.6,90.1
S1333,3,71.3,82.1
S1471,5,68.5,67.8
S2714,3,82.4,82.9
S1397,1,94.5,94.0
S2777,1,93.1,91.8
S1224,5,69.0,73.3
S1054,3,85.9,83.7
S1270,6,100,92.1
S2019,6,86.3,89.4
S2282,2,81.1,85.1
S1344,3,112/100,94.5
S1080,5,65.6,70.1
S1370,6,100,99.3
S1279,6,89.1,83.6
S2407,3,74.4,70.1
S1044,3,79.5,88.3
S2736,2,75.1,70.3
S1340,6,66.5,65.1
S2198,4,86.5,85.8
S1151,2,78%,82.2
S2025,1,93.5,94.8
S2468,1,96.0,100.0
S1338,5,73.7,73.0
S2565,5,85/100,84.4
S2106,5,87.6,88.0
S1320,4,82.8,85.0
S1305,5,78.4,80.7
S1263,2,71.4,72.2
S2136,6,66%,63.8
S2192,4,87.0,85.3
S2439,6,60.1,61.2
S2727,2,60.2,55.8
S2176,5,72.9,74.2
S2448,2,77.7,73.9
S2102,3,89.3,84.2
S2172,2,60.0,63.9
S1038,3,83.8,79.2
S1121,4,83.5,83.5
S2756,5,72.5,69.8
S2564,2,93.0,91.1
S1191,2,71.2,67.1
S2322,4,94.3,93.9
S2479,2,89.7,93.9
S2361,5,81.5,80.2
S2645,4,100,100.0
S2749,3,92.6,95.1
S2326,5,86.1,86.9
S2599,6,69.0,66.3
S2319,4,71.2,72.4
S1461,3,70.7,69.4
S1142,1,83.6,90.4
S2115,6,96.2,93.6
S2327,5,70.8,75.7
S2520,4,93.2,80.6
S2241,3,53.8,51.1
S2420,4,96.6,95.6
S1426,2,61.7,62.5
S2355,2,99.9,100.0
S1489,1,80.8,83.0
S1020,4,63.4,66.1
S1108,4,86/100,85.0
S2395,3,74.0,69.6
S1001,4,93.5,98.5
S2096,1,80.9,77.6
S2376,2,71.6,70.5
S1078,6,79.1,72.0
S2649,2,90.7,97.1
S1001,6,92.1,88.4
S2291,3,76.2,81.1
S1154,2,92.0,94.2
S1433,4,75.3,81.6
S2121,5,69.8,75.2
S1178,2,71%,73.8
S1432,5,87.7,85.3
S1041,3,80.3,80.3
S2574,5,112/100,90.5
S2739,1,88.3,88.7
S1194,3,90.0,92.2
S1479,3,89.5,85.6
S2023,4,76.5,78.4
S2775,4,84.2,81.4
S1400,4,92.0,95.1
S1587,2,66.7,74.4
S2565,3,86.9,89.6
S1571,2,74.8,76.2
S1428,2,75.7,76.1
S2528,6,82.9,84.3
S2338,1,87.0,79.8
S1268,4,90%,88.9
S1289,6,66.3,59.2
S1388,3,77/100,73.4
S1452,4,91.8,93.7
S2729,3,89.6,92.5
S1219,5,85.5,92.9
S1575,5,83.0,87.9
S2036,3,93.5,89.2
S2415,2,85.5,81.7
S2787,2,58.2,56.6
S1394,5,83.6,89.9
S1330,2,84.3,85.5
S1586,5,79.1,76.6
S1294,4,56.0,62.0
S2648,6,78.3,75.5
S2301,2,99.2,96.2
S1457,4,79.8,80.4
S2340,4,72.6,73.6
S1444,3,90/100,91.1
S1413,1,92.6,96.8
S2045,6,81.9,85.7
S2524,1,89.1,82.6
S2549,4,86.1,93.9
S2657,1,83.3,82.5
S2068,6,79%,81.4
S2187,3,74.5,78.5
S2430,4,92.8,96.4
S1249,6,76.3,74.0
S2102,1,96.7,100.0
S2462,6,100,99.2
S1360,5,64.0,63.4
S1195,6,83.8,84.9
S2765,6,82%,81.3
S1039,5,58.7,62.0
S1012,1,85.2,78.0
S2661,2,97.3,94.5
S1268,2,89.5,86.1
S2429,1,66.0,63.9
S1548,2,74.6,79.4
S1600,3,80.7,79.5
S2449,1,76.3,74.6
S2173,1,91/100,96.1
S2560,2,81%,85.0
S1021,6,81.5,86.5
S2674,4,79.3,82.3
S2439,2,66.8,68.4
S2292,5,70.3,71.3
S1217,1,63.7,68.5
S1330,3,82.0,82.5
S2766,1,84.5,88.5
S2755,5,82.2,82.3
S1346,6,69.4,66.3
S2164,3,73.8,74.7
S2359,3,77.2,68.5
S1339,2,78.3,78.8
S1515,3,84.5,80.9
S2712,1,92.1,90.7
S2548,1,98.1,100.0
S2719,1,64.4,63.3
S2679,6,48.2,46.4
S1558,4,65.5,65.4
S2751,3,87.6,88.1
S2379,3,80.4,83.0
S2485,3,80.3,84.6
S1467,2,72.1,70.3
S1154,1,91.8,97.2
S1275,3,95.8,97.7
S2254,5,77.8,71.6
S2255,3,90.2,86.9
S2230,5,87.3,89.3
S2306,2,69.5,64.1
S2541,3,83.7,84.6
S2171,2,90.9,96.1
S2535,6,78%,75.7
S1061,5,56.6,53.1
S2659,6,97.2,100.0
S1548,6,70.7,67.5
S1355,2,76.9,75.4
S2088,2,79.7,77.0
S2162,4,72.7,72.8
S1088,4,82.3,82.4
S2204,4,77.8,77.2
S1010,2,93.7,93.4
S1107,3,70.6,66.2
S1051,3,82.0,76.4
S1462,1,68.1,60.7
S2369,4,61/100,60.3
S1213,5,64.0,60.2
S2792,4,73.6,76.8
S2187,5,76.3,75.1
S1343,4,83.8,85.1
S2297,1,86.4,86.0
S2558,6,85.2,86.9
S2258,4,112/100,81.9
S2139,5,98.6,100.0
S2008,3,99/100,98.7
S2091,4,73.3,70.8
S1480,5,90.1,88.0
S2101,3,92.7,100.0
S2483,2,63.8,64.9
S2263,4,76.3,76.5
S1382,1,86.1,90.8
S1377,6,70.9,75.4
S2274,3,68.2,64.8
S2746,5,85.7,84.2
S1383,5,78.1,76.8
S2557,2,76.8,81.6
S2607,5,80.8,78.6
S2389,5,68.8,70.1
S1293,2,82.6,80.9
S2267,2,84.6,82.2
S1329,1,79.4,73.9
S2713,4,90.9,88.5
S1520,4,87.2,94.0
S1399,6,59.0,60.0
S1088,2,84.0,82.4
S2463,5,67.2,66.3
S2532,3,69.8,73.5
S2681,1,83.6,89.4
S2564,4,91.3,90.3
S2321,5,80.6,89.0
S2513,6,78.6,82.2
S2051,1,98.2,97.6
S2788,6,96.4,99.3
S2184,2,85.5,86.4
S2331,6,86.8,88.5
S2735,2,94.3,91.0
S2662,5,74.4,71.7
S1521,3,78.9,75.3
S2530,4,75.6,69.8
S2093,5,85.4,89.0
S1329,2,85.0,87.0
S1112,6,83.0,79.1
S2099,1,93.1,88.1
S1112,1,81.5,81.9
S2709,3,88.4,88.2
S1315,4,92.4,88.9
S1545,3,72.3,73.4
S1047,5,67.6,58.4
S1287,4,85.0,83.0
S1492,2,74.8,80.0
S2143,4,60.1,58.6
S1150,6,93.7,100.0
S2682,2,87.2,81.9
S2406,2,75.8,80.7
S1575,2,78%,70.8
S2416,1,69.7,65.5
S2725,2,79.4,76.9
S2566,2,89.2,90.4
S2626,1,75.4,76.2
S2706,1,92.0,89.3
S1127,5,52.5,40.6
S2443,3,71.1,66.2
S1318,5,84.2,77.9
S2074,5,88%,91.1
S2038,2,79.0,75.1
S2090,5,87.8,81.7
S2037,3,63.1,62.4
S2445,6,89.3,82.8
S2117,5,90.6,86.1
S2329,2,84.7,82.1
S2433,5,78.1,81.9
S1433,2,77.9,78.5
S2095,1,92.0,91.7
S1506,2,84.1,89.8
S2396,2,83.6,84.5
S1597,4,81.1,78.9
S1473,1,76.1,71.9
S2309,2,75.9,73.3
S1579,5,78.3,83.4
S2455,4,93.8,89.8
S1023,6,63.1,61.2
S2574,6,77.7,79.0
S2216,3,100,97.9
S1364,3,64.3,59.7
S1355,5,73.7,74.5
S2689,3,84.3,76.3
S1530,4,65.1,71.4
S2210,1,87.2,87.6
S2173,6,76.4,76.3
S2253,4,81.9,77.6
S2718,3,91.4,94.0
S2588,6,97.4,100.0
S2675,5,77.6,79.0
S2111,2,84.6,80.4
S2125,1,88.1,84.6
S1222,6,86.4,81.5
S1337,2,83.6,83.1
S2158,1,89.8,90.7
S1414,5,79.9,78.5
S2568,1,83.0,85.1
S1227,3,83.2,89.9
S2557,6,73.2,68.5
S2441,2,74.0,72.9
S1222,4,81.1,83.8
S2645,3,100,100.0
S2547,6,100,93.8
S2257,5,82.8,86.9
S2712,6,88.0,81.8
S2665,6,56.0,60.9
S1359,3,67.2,67.7
S2156,1,87.2,79.0
S1354,5,78.9,85.6
S2179,6,87.8,82.1
S2064,4,81.5,74.5
S2567,1,93%,91.7
S1209,5,77.2,80.3
S1547,3,73.7,77.3
S2578,1,89.0,83.2
S1563,3,81.4,81.1
S1470,1,68.4,59.8
S2187,4,75.4,82.9
S2491,5,94.2,93.9
S1309,1,100,94.0
S2210,5,80.1,82.5
S2717,6,80%,84.0
S1507,2,100,100.0
S1065,5,80.6,83.4
S1040,2,98%,100.0
S1180,4,75%,79.2
S1331,5,69/100,70.0
S2128,2,90.8,95.4
S2646,4,78%,73.3
S2061,3,72.0,69.3
S1129,3,65.1,62.7
S1361,6,96.1,100.0
S2156,4,88.1,88.9
S1113,2,84.7,74.9
S1042,4,84%,86.2
S2450,4,65.4,66.8
S1263,3,77.8,81.0
S2607,4,79.2,77.4
S2440,5,73.8,68.9
S1570,6,89.1,92.6
S1347,6,69.6,68.7
S1304,6,83.2,91.0
S2164,6,78.1,77.9
S2230,3,86.4,85.4
S2158,3,91.0,94.4
S2328,4,87.7,91.2
S2724,2,84.9,85.2
S1120,3,73.0,77.1
S2749,5,87.7,92.7
S2790,1,75%,76.4
S1342,3,83.3,82.7
S2400,4,80.9,78.5
S2501,1,76.5,74.1
S2608,4,87.6,86.5
S2609,5,86.7,80.7
S2278,3,84.7,83.7
S2097,3,92%,89.1
S2671,6,100,99.2
S2202,4,78.0,71.4
S1455,1,87.2,90.1
S2766,4,84.3,82.5
S2591,1,79/100,82.0
S2599,3,78.6,78.6
S1244,3,83.3,85.5
S2553,3,81.6,83.9
S2399,2,74.9,75.7
S1279,1,85.8,78.9
S1460,3,70.2,70.7
S1334,3,95.0,100.0
S2162,6,64.5,66.8
S2169,6,70.8,71.8
S2786,5,89.9,94.1
S1068,3,83.7,89.9
S1065,1,72.1,73.7
S2758,2,80.0,82.2
S2767,3,88.1,87.1
S1359,5,63%,64.4
S1273,2,87.3,81.0
S2777,4,98.0,95.4
S2331,1,88.1,87.7
S2198,3,84.8,76.8
S2760,5,71.2,69.3
S2562,5,90.1,90.0
S2055,2,82.4,81.8
S2290,3,63.0,61.9
S2094,1,81%,81.6
S2642,4,86.3,90.4
S2225,5,83.2,84.3
S2384,1,89.0,84.2
S2454,3,78.6,78.5
S2294,1,70.0,70.5
S1038,2,81.7,90.5
S1366,4,83.4,80.4
S1523,5,90.4,87.5
S2145,6,58.5,65.2
S1305,1,90.0,86.4
S1170,2,77.6,77.9
S2615,3,83.2,84.9
S2255,1,84.4,80.9
S2229,5,98/100,96.5
S2637,3,84.9,82.1
S2635,6,70.4,74.2
S1133,6,79.0,72.2
S1479,4,90.1,96.7
S1002,4,74.8,72.7
S2499,6,68/100,67.0
S1325,1,73.5,77.8
S1307,3,60.6,58.7
S2201,5,91.1,92.4
S1043,4,78%,76.9
S2572,1,78.1,73.3
S2353,2,87.8,85.7
S2148,4,78.7,84.0
S2762,2,89.5,84.2
S2686,5,70.2,69.9
S1264,4,74.1,79.2
S1493,5,85.3,74.7
S1155,1,83.0,81.5
S2550,2,66.7,69.4
S2741,1,68.6,68.1
S1419,1,84.7,80.4
S2716,2,71.2,76.7
S2423,1,96.2,97.9
S2238,3,79.9,79.9
S2287,5,81.2,80.6
S2619,5,94.9,99.7
S2584,5,76.6,78.0
S2508,4,95.1,94.8
S2408,1,80.6,79.3
S2030,2,69.8,68.8
S2206,6,74.4,69.5
S2090,3,95.4,92.7
S2228,3,94.8,97.0
S1464,2,93.6,92.2
S1090,6,112/100,68.6
S2625,2,77.6,79.6
S2648,2,77.3,69.5
S1458,4,75.6,79.1
S2759,3,78.0,82.1
S2098,4,70.8,75.1
S2537,4,85.0,80.2
S2312,2,96.1,90.7
S1191,6,76.9,70.6
S2255,4,90.0,90.7
S2145,5,58.6,61.9
S1112,2,81.5,79.6
S2663,4,85.9,87.2
S1504,2,80.4,80.3
S1060,4,80.1,83.6
S2244,6,86.7,86.9
S1472,6,75.3,72.1
S1464,6,94.5,94.6
S1226,4,73.2,73.7
S2256,2,81.6,80.5
S2586,5,76.2,78.1
S1079,3,79.0,82.6
S1451,4,93.2,82.7
S1556,1,79.8,77.4
S2743,2,73%,67.4
S2007,2,82.2,83.7
S1233,5,81.2,82.1
S1598,3,78.2,75.5
S2756,6,69.3,73.5
S2278,1,81.8,77.6
S2341,6,61%,60.2
S1563,5,86.5,84.4
S1210,3,91.8,88.1
S2432,5,88.5,90.1
S2662,4,74.8,82.1
S1586,3,75.8,76.7
S2342,6,81.8,80.6
S2364,1,84.1,86.2
S1209,3,75.1,63.5
S2366,6,80.4,80.3
S2292,3,71.5,73.7
S1363,5,100,100.0
S2117,3,84.5,81.3
S1548,3,73.2,67.7
S1489,6,112/100,64.9
S2096,6,84.5,85.1
S2279,1,75.0,76.6
S2219,3,86.6,92.2
S1309,5,100,100.0
S2453,5,74.5,78.2
S2536,6,56.1,57.8
S2791,4,98.5,100.0
S2715,1,65.9,65.1
S1351,6,86.7,92.8
S1023,2,80.1,81.1
S2273,5,77.7,80.2
S2239,2,93.1,95.3
S1155,5,67.7,68.2
S1138,2,85.0,87.6
S2663,5,83%,82.7
S2771,1,85.3,86.0
S1256,2,77.5,77.8
S1203,3,87.3,86.0
S1085,1,82.6,87.3
S2115,2,95.4,94.2
S2482,6,84.5,87.9
S1333,5,70/100,65.6
S2489,3,74.3,74.9
S1513,1,77.5,83.6
S1327,3,84.0,79.3
S1231,5,91.6,92.5
S1150,1,92.4,95.0
S2221,5,89.1,89.7
S1076,6,65.9,60.7
S2504,2,69.3,72.6
S2364,2,84.3,81.0
S2784,1,69/100,73.0
S2019,2,82%,79.4
S1208,2,80.8,77.6
S2209,2,84.4,92.1
S2192,3,80.3,78.1
S2112,3,85%,84.4
S1588,1,98.4,100.0
S2616,4,65.5,60.6
S2090,1,93.2,94.1
S2001,3,64.5,68.0
S2018,6,93.9,95.7
S1119,6,85.7,88.5
S2098,5,78.5,80.0
S1370,1,91.9,90.9
S2284,4,74.8,75.8
S1488,2,65.4,66.4
S2499,1,64.4,63.9
S1302,5,76.0,80.2
S1582,1,84.9,81.8
S2637,4,83.3,81.1
S1524,4,58.3,53.0
S1305,4,82.5,79.4
S1193,4,76.0,70.6
S1221,5,93.4,99.4
S2119,5,89.1,89.2
S2650,1,84.7,85.0
S1086,1,72.5,71.0
S1281,1,69.7,63.7
S1084,2,83.4,79.4
S2769,6,72.1,70.0
S1310,3,60.4,58.8
S1232,3,72%,75.7
S2336,6,82.1,79.4
S2020,6,86.4,89.9
S1398,5,80.2,76.4
S2324,4,100,100.0
S1540,3,79.3,77.3
S2429,5,67.7,72.3
S1257,5,87.8,89.1
S1203,6,83.2,86.1
S1447,6,88.0,85.5
S2428,6,81.1,79.1
S1499,6,77.5,82.7
S2319,5,67.6,67.0
S2453,2,79%,82.1
S1199,4,83.7,89.8
S2363,1,98.3,100.0
S2283,2,69.5,78.3
S1258,1,81%,85.9
S1551,2,72.6,69.4
S1555,1,77.8,71.7
S2577,1,89.3,86.1
S1424,2,90.5,94.2
S1159,6,77.8,77.7
S2607,6,79.8,76.2
S2597,1,88.7,86.0
S2522,6,70.5,65.8
S2208,5,86.2,79.4
S2534,4,75.7,71.6
S2736,1,68.5,69.2
S2122,5,70.1,70.1
S1123,1,72.4,73.0
S2290,1,69.7,76.2
S2622,5,64.1,62.3
S1193,5,75.0,73.9
S2189,2,89.3,84.5
S1550,1,85.8,90.1
S2491,2,98.0,92.5
S1498,1,73.3,73.7
S2285,2,82.1,86.3
S2261,2,78%,83.8
S2711,1,91.7,93.7
S1360,3,84.6,81.3
S1178,1,73.4,77.0
S1437,1,82.8,79.3
S1195,4,83.2,79.9
S2007,1,76.1,80.3
S2676,2,85.0,84.5
S2332,3,112/100,94.2
S2599,5,73.8,74.6
S2149,4,112/100,89.9
S2612,1,84.1,79.8
S2231,1,91.1,88.7
S2522,4,76.0,71.0
S2225,3,79.5,84.7
S1464,5,92.9,92.5
S1120,4,74.4,72.5
S1418,1,93.3,99.0
S2127,5,92.5,89.9
S2096,2,83.9,82.9
S2748,1,80.8,80.9
S1191,3,66.0,63.3
S1066,6,70.5,78.6
S2598,5,64.4,63.5
S2561,6,77.2,72.5
S2149,5,90.8,86.6
S1228,4,91.0,91.4
S2773,3,92.8,85.9
S2387,2,77.4,79.5
S2229,1,91.7,89.2
S1486,5,88.1,84.8
S2341,5,57.7,52.6
S2028,5,59.9,61.7
S1574,3,73.7,71.0
S2627,2,65.9,63.0
S2535,3,80%,73.7
S1358,2,67.9,68.9
S2251,5,65.9,60.3
S2246,4,72.0,67.0
S1262,6,88.5,92.8
S2080,6,73.3,75.2
S1188,1,74.9,76.0
S1465,3,76.4,74.2
S1495,4,67.6,68.4
S1418,3,97.0,92.8
S2399,1,72.4,63.8
S2595,1,98.2,99.0
S1122,3,68%,66.4
S2665,4,65.3,63.9
S2658,2,70.5,72.8
S1069,5,73.1,73.7
S2358,4,92.1,96.9
S2679,1,62.7,64.5
S1138,4,84.2,82.5
S1545,4,71.6,72.7
S2063,3,68%,67.0
S1070,4,77.4,76.6
S2525,5,80.0,75.4
S1348,1,65.8,64.8
S1563,2,83.6,78.1
S2355,3,97.4,95.3
S2085,4,63.2,58.7
S2131,1,66.0,63.8
S2688,2,82.4,74.9
S1178,5,54.7,50.4
S2053,2,87.1,79.6
S2323,5,76.0,79.6
S2734,5,77.0,74.0
S2298,6,86.2,84.1
S2356,3,56.9,54.0
S1457,3,81.1,85.1
S2243,1,70.1,72.1
S2067,5,77.8,75.0
S1405,4,66.3,64.6
S2539,6,72.8,69.8
S1282,2,70.1,73.3
S1142,6,66.3,62.1
S2451,4,73.5,71.3
S2380,5,79.0,80.0
S1474,2,86.0,84.7
S2169,4,79.5,81.5
S1415,6,80.4,75.4
S2551,6,70.4,71.8
S2632,5,76.4,77.4
S1475,6,80.0,74.9
S2511,6,90.6,93.1
S2381,2,88.8,88.1
S2143,1,74.2,78.3
S2637,6,85.8,87.3
S2481,5,77.0,80.5
S1414,2,83.8,87.0
S2503,6,76.1,79.0
S1357,6,94.7,89.9
S2265,5,84.1,74.9
S1458,3,68.8,69.2
S2609,6,81.2,81.5
S1585,3,92.1,95.4
S1280,6,74.3,73.2
S2109,2,76.9,74.8
S1525,4,100,100.0
S2756,1,78.2,78.7
S2568,3,88.3,90.6
S1097,5,75.0,77.8
S2079,3,74.1,77.2
S1558,2,70.1,73.0
S2635,1,63.8,66.7
S2013,1,95.3,95.3
S1094,2,78.5,75.2
S2273,6,69.1,64.2
S2701,6,85.8,87.0
S1086,3,72.6,73.1
S1181,2,80.8,81.0
S1278,3,92.1,94.0
S1322,6,91.4,84.5
S2793,5,72.8,74.6
S1192,5,68.2,66.7
S1474,1,88.1,84.4
S2392,4,81.8,82.6
S2263,6,82.9,83.1
S1139,3,94/100,95.6
S2193,1,80.5,84.2
S2434,3,57.2,61.9
S1106,6,73.0,73.3
S2145,2,69.2,75.1
S2534,2,73.7,79.7
S2732,2,74.4,63.8
S2580,6,68.9,77.2
S2562,1,88.2,88.4
S2091,3,70.0,70.8
S2572,2,78.3,78.9
S1147,1,86.0,85.0
S2212,4,69.0,71.4
S2286,6,98.8,100.0
S2271,3,75.6,77.1
S1001,5,93.1,90.5
S1509,4,83.8,86.3
S2349,4,92.8,88.2
S1521,5,83.4,88.4
S1416,2,86.4,92.4
S2043,3,88%,88.3
S2197,2,63.7,64.1
S2652,4,78.3,79.6
S2477,2,71.8,70.5
S2449,6,62.1,66.2
S1192,3,69.6,67.3
S1096,5,82.6,87.3
S2029,2,81.8,88.2
S2092,1,65/100,73.6
S1143,2,82.8,77.8
S2387,4,81.7,81.0
S2503,3,69.4,68.2
S2401,3,91.0,93.6
S2150,2,83.1,84.0
S2763,2,94.9,100.0
S2510,2,86%,82.5
S1395,5,69.4,68.7
S2197,5,60.6,65.6
S2733,1,69.6,74.6
S1492,5,77.3,80.5
S2338,4,83.6,78.3
S2562,6,84%,86.6
S1307,6,51.0,55.1
S2398,5,95.1,96.8
S1090,4,65.8,70.4
S1468,5,84.7,89.4
S2367,6,70.8,72.7
S2333,5,70.5,75.4
S2602,1,93.9,100.0
S2624,6,83.3,84.0
S2661,1,97.6,100.0
S2750,3,83.9,89.0
S1131,5,69%,68.8
S1235,6,57.3,58.9
S1026,5,98.5,98.6
S2702,1,84.4,86.7
S1502,4,83.9,91.4
S1282,1,64.7,67.2
S2070,1,67.3,65.7
S2643,4,73.2,77.9
S2044,6,63.0,56.6
S1456,4,71.3,71.5
S1316,6,89.2,91.9
S2308,1,73.1,71.9
S1095,6,86.8,87.1
S2519,2,86.6,87.4
S2376,5,80.0,79.8
S1303,5,85.1,84.6
S2787,4,55.4,47.6
S1566,5,45.1,46.7
S1555,4,79.4,83.4
S1594,6,91.5,88.8
S2418,1,71.8,67.8
S1496,6,86.7,89.4
S1164,3,76%,75.7
S1032,5,73.4,73.3
S2249,1,58.8,62.8
S1117,4,84.5,81.1
S1229,4,92.6,96.4
S1102,1,90.2,93.0
S1051,2,86.8,85.4
S1571,1,74%,80.0
S2185,3,87.8,90.1
S1177,5,91.4,93.6
S1575,1,76.5,79.2
S1179,2,89.3,86.6
S1368,4,92%,84.5
S2624,2,89.0,92.9
S2769,1,89.1,91.9
S2680,6,91.7,85.9
S2174,5,61.7,62.2
S2681,4,72.2,64.5
S2733,5,73.9,71.5
S2334,3,71.2,72.6
S2571,3,79.5,78.4
S2216,4,93.4,95.8
S1038,4,90.3,94.5
S1560,1,86.9,84.2
S2383,4,85/100,82.9
S1573,5,89.4,87.2
S1283,2,74.9,69.8
S2549,6,86.0,85.0
S1175,2,61.1,62.3
S1575,3,76.9,80.7
S2742,5,99.9,100.0
S1193,1,80.6,75.0
S2190,2,96.9,100.0
S2150,3,89.3,89.9
S1204,1,70.2,68.6
S2403,4,81.4,83.0
S2065,4,68.5,70.8
S2219,4,85.6,90.4
S2149,6,93.5,94.2
S2558,3,82.7,81.1
S2350,6,77.6,73.4
S2793,1,74.1,74.1
S1160,3,60.2,74.9
S1479,2,86.3,84.6
S2139,6,97.5,100.0
S2229,6,88.9,81.0
S1494,4,87.8,91.6
S1367,5,82.0,83.5
S1017,3,75.1,69.2
S2435,1,72.5,78.3
S1427,2,63.1,61.6
S2100,6,63.1,57.2
S2324,2,97%,100.0
S1275,5,94.9,90.5
S2433,6,82.7,81.6
S2450,2,73.1,70.5
S2150,6,80.1,83.3
S1193,3,75.9,72.3
S1376,6,91.6,96.3
S1529,3,74.4,73.0
S2634,3,80.1,80.5
S2594,1,88.5,89.8
S1519,1,72.6,74.6
S2159,1,85.8,85.1
S2304,6,76.7,76.6
S1342,4,84.9,84.9
S1304,3,83.3,86.5
S1044,5,81.9,85.5
S2077,6,54.9,56.2
S2323,3,75.0,73.0
S2503,5,72.5,66.7
S2754,3,72.2,80.8
S2760,2,67.4,67.3
S1301,3,82.5,80.9
S2190,3,100,100.0
S1398,4,81.9,79.9
S2516,5,91.9,94.6
S2360,6,83%,86.1
S1327,4,85.2,83.6
S1497,1,84.4,84.9
S1308,2,94.4,96.1
S1290,1,74.2,73.1
S1486,2,83.6,86.3
S2790,5,80.6,72.3
S1332,1,86.5,85.4
S2492,1,82/100,79.6
S2584,1,71.4,73.7
S1469,4,59.8,63.0
S1110,6,70.3,70.9
S1419,4,82.2,83.6
S2114,5,79.0,84.8
S2448,6,83.1,79.4
S1322,5,87.9,88.2
S2588,4,98.7,96.7
S1033,6,89.1,91.6
S2697,2,66.2,72.7
S1489,4,73.3,73.1
S2735,1,86.0,89.9
S1388,6,61.4,55.9
S2132,4,64.1,63.9
S2104,1,80%,81.7
S1034,5,59.3,56.4
S1586,1,76.8,72.1
S2222,6,72.4,72.1
S2323,4,76.9,77.6
S2366,2,83.5,85.8
S1285,4,90.4,85.4
S2263,1,77.4,80.8
S2275,6,91.7,87.9
S2489,1,81.3,88.0
S2675,1,84.4,85.8
S2376,6,74.5,70.7
S2761,5,87.3,83.7
S1143,3,76.9,78.4
S2190,4,96.4,95.1
S1117,3,79.0,79.8
S2017,1,74.0,76.7
S1273,5,72.7,78.6
S2614,3,59.3,55.3
S2660,1,80.4,75.4
S1597,6,71.5,68.0
S1216,2,84.1,85.5
S2498,4,73.7,75.7
S1309,6,100,100.0
S2273,1,79.1,77.3
S2028,2,63.1,62.5
S1551,5,76.9,78.7
S1250,2,85.4,87.0
S2733,3,71.2,67.3
S1334,1,98.9,98.3
S1111,4,90.9,93.9
S2025,5,88%,88.3
S2136,4,68.0,70.9
S2322,5,94.0,95.5
S2330,2,84.3,86.7
S2655,3,67.0,62.8
S2378,3,59.6,65.1
S2530,3,81.8,81.0
S1218,5,80.1,83.6
S2633,1,76.6,79.8
S2333,1,68.5,72.0
S1278,2,91.1,91.0
S2309,3,76.4,73.2
S2005,4,90.7,96.7
S1449,6,89.7,91.6
S2386,6,82.7,80.9
S1527,2,71%,69.8
S2512,3,73%,74.4
S1177,4,94.4,90.2
S2173,5,79.3,81.6
S1541,3,74.7,68.9
S1280,5,72.5,74.5
S2549,5,87.4,97.4
S2463,3,71.0,61.7
S2663,3,86.5,88.1
S1293,6,91.0,88.4
S2404,2,93.1,91.1
S2253,5,79.7,73.5
S2635,5,68.8,72.3
S1466,1,91.0,89.0
S1144,6,79/100,85.6
S2710,5,80.0,83.9
S1248,3,77%,84.8
S2573,4,82.7,81.9
S2687,6,53.8,51.4
S2397,2,98.1,100.0
S2256,5,83.4,83.4
S1035,3,77.9,75.4
S2149,1,91.8,89.6
S2557,3,70.6,71.1
S2552,5,89.6,87.1
S1084,5,85.3,82.3
S2631,6,89/100,88.6
S1172,3,89.7,91.7
S2041,1,77.9,77.2
S2752,5,88.2,89.8
S2243,5,77%,72.9
S2760,1,65.6,62.2
S1456,2,76.5,73.7
S1410,1,86%,85.8
S2603,4,78.0,79.6
S1518,3,76.5,77.3
S2799,5,79.1,80.8
S2447,3,83.3,76.4
S1517,4,93.4,98.1
S2431,5,86.3,86.2
S1594,4,87.9,83.6
S2383,1,83.4,77.6
S1066,2,66.9,71.4
S2523,5,86/100,86.3
S2337,3,85.0,88.5
S2277,3,79.6,73.0
S1450,2,62.4,60.4
S1338,6,65.9,67.0
S2311,4,85.8,85.2
S1429,1,75.4,74.7
S2735,3,89.3,78.1
S1011,5,91.7,90.4
S1344,5,85.4,83.6
S2280,3,94.0,95.7
S2602,3,97.2,93.2
S1198,2,85.7,84.3
S2456,2,83.7,88.6
S2210,6,88.3,90.6
S2215,4,78.9,85.2
S1147,3,82.3,78.0
S1498,5,79.1,78.0
S2720,3,69.7,70.1
S2544,6,98.8,98.1
S2716,3,75.3,83.2
S2474,2,83/100,85.8
S2712,4,89.6,80.7
S1170,3,79.4,81.1
S2672,4,88.1,85.4
S1166,6,81.5,76.3
S2117,2,81.8,81.8
S1027,6,70.2,79.0
S2346,6,87.1,90.2
S2546,4,84.1,93.2
S2732,4,77.7,79.7
S2041,4,76.2,73.6
S1171,2,87.2,83.3
S1513,2,79.2,79.6
S2660,2,85.8,85.2
S2058,2,99.9,100.0
S1265,2,88.2,84.9
S1526,3,93.1,86.0
S2772,1,82.2,74.4
S1130,2,79.1,77.4
S2584,2,73%,76.4
S2315,3,66.2,60.9
S2440,2,77.3,84.3
S2574,4,89/100,89.2
S1436,3,80%,75.6
S2653,2,90.0,92.2
S1305,1,90.0,86.4
S2299,6,74.4,70.7
S2049,3,83.6,82.8
S1593,5,57.5,59.5
S1255,5,80.7,79.4
S1212,2,76.1,73.2
S2690,1,78.1,83.4
S1317,4,65.2,63.9
S2177,3,73.5,66.0
S1501,6,59.1,57.2
S1456,5,67.6,66.0
S1032,4,69.6,71.4
S1458,6,74.0,72.1
S1342,2,89.1,99.1
S2709,2,89.4,88.1
S1427,3,61.0,60.3
S2467,1,87.4,94.0
S1565,2,85.4,87.3
S2160,2,84.9,85.2
S1198,3,88.3,83.3
S2471,1,84.8,86.5
S2242,6,79.7,85.7
S2286,2,91/100,92.5
S1406,4,75.2,83.6
S2559,2,79.8,74.2
S1129,2,71.1,68.0
S1281,6,78.6,82.0
S2788,1,94.4,96.9
S2330,5,81.2,86.1
S2138,5,77.8,82.7
S1078,5,80%,75.9
S2445,2,88.5,84.3
S2356,5,57.6,54.3
S2266,2,83.8,76.7
S2299,3,72.4,65.3
S1144,3,84.8,81.8
S2612,5,78.7,77.4
