student_id,month,events_attended,club_participations,hackathons_attended,certifications_count
S1587,6,3,1,2,1
S2419,4,3,1,1,2
S1143,2,4,2,2,1
S1456,5,2,1,1,1
S2178,6,5,2,1,1
S1198,2,3,1,2,2
S1553,3,1,0,2,1
S2467,1,4,1,2,3
S2427,2,3,0,2,2
S1444,3,4,3,2,1
S2587,2,2,0,1,2
S2732,1,2,1,2,2
S1584,5,5,3,2,1
S2413,6,3,3,2,1
S1381,6,7,1,2,1
S2112,3,4,1,3,1
S1555,2,2,3,2,3
S1562,4,3,1,2,1
S2761,2,3,1,2,2
S2157,1,0,1,2,2
S1081,4,4,1,1,1
S2116,4,4,1,2,2
S1278,6,5,1,2,2
S1140,3,5,1,2,1
S2746,3,3,1,2,1
S2447,1,2,2,2,1
S1471,5,3,1,3,2
S2464,3,4,0,3,4
S1514,5,4,1,3,1
S1278,2,2,1,2,1
S1432,6,4,1,2,0
S2311,6,5,2,1,1
S2257,1,2,2,2,3
S2748,2,3,1,2,1
S1393,6,4,1,2,1
S1344,4,4,1,3,1
S1152,3,2,1,2,1
S1349,5,3,2,3,1
S2194,4,1,0,2,1
S2637,1,4,1,2,1
S1240,6,3,1,1,1
S2407,5,4,3,1,0
S2148,6,4,1,3,1
S1547,4,4,1,3,2
S2444,1,1,0,2,1
S1246,3,4,1,3,2
S1228,2,4,1,4,1
S2517,6,3,1,2,1
S2587,6,2,1,3,1
S2734,2,6,2,1,1
S1299,6,5,2,2,2
S1128,5,4,2,2,3
S1088,5,4,1,1,1
S1327,5,3,1,1,1
S1403,1,4,1,2,3
S2146,6,4,1,1,2
S1364,6,5,2,2,2
S2270,3,5,1,2,1
S2533,6,2,2,3,2
S2749,1,3,1,3,1
S1366,5,3,2,2,1
S1181,3,5,1,3,1
S2238,3,2,1,2,1
S2100,1,6,1,1,1
S2411,3,3,2,3,1
S2729,3,5,2,2,3
S2488,4,3,1,1,1
S2653,6,2,1,2,1
S1006,4,1,1,3,2
S1410,6,4,3,2,1
S2256,1,1,0,1,1
S1057,4,2,0,1,1
S1502,5,2,2,2,2
S2445,2,3,2,2,4
S1474,6,3,1,4,1
S1375,3,4,1,2,2
S2781,5,5,2,1,1
S2021,6,4,1,2,1
S1181,6,4,2,3,1
S2441,2,1,1,1,0
S1103,5,4,2,3,1
S2627,3,2,2,2,1
S2280,5,2,1,2,1
S1211,4,2,2,3,2
S1205,5,5,2,3,1
S2298,5,2,3,2,0
S2648,2,4,4,1,2
S1396,5,1,1,3,2
S2523,5,4,1,2,1
S2046,2,4,2,4,1
S2398,6,3,1,4,3
S2713,4,4,2,2,1
S2094,4,3,1,1,2
S1248,5,3,1,4,1
S1303,1,4,1,2,2
S1443,6,4,2,1,2
S1312,3,4,1,2,2
S2651,1,3,3,4,1
S1529,6,3,2,2,2
S2613,4,1,0,2,1
S2309,5,2,0,2,1
S2003,5,2,3,2,1
S2776,4,5,1,2,2
S1042,6,3,2,2,1
S2217,6,1,0,2,1
S2201,5,5,3,2,1
S1321,3,8,1,1,2
S1083,4,2,1,2,1
S1273,3,3,1,2,1
S2200,3,5,2,1,2
S2242,4,4,3,2,1
S2729,1,6,2,3,1
S2505,4,3,1,1,2
S2335,5,2,1,2,1
S1214,4,4,1,1,1
S2227,5,1,0,3,1
S1248,6,3,1,3,1
S2202,6,3,2,2,1
S2260,1,4,1,0,1
S2300,3,2,1,2,1
S1278,4,2,1,2,1
S2047,3,2,4,4,0
S2192,3,2,2,2,1
S2168,4,3,1,1,1
S1390,4,5,2,2,1
S1063,2,3,1,1,2
S1394,3,2,1,2,1
S1427,4,1,2,1,1
S2346,2,2,1,0,0
S2611,1,4,2,1,2
S2149,6,4,1,2,1
S1580,2,4,2,2,2
S1247,5,4,3,1,2
S1047,6,3,1,3,1
S1546,1,3,1,2,1
S1016,4,4,1,1,5
S2784,5,1,1,2,1
S2274,6,1,1,4,1
S1017,6,4,0,3,1
S1590,4,5,3,4,1
S1127,5,3,1,3,1
S2667,5,4,1,1,2
S1529,1,4,1,2,1
S2429,6,3,1,2,2
S2700,3,1,0,2,1
S1418,2,4,1,2,2
S2478,4,5,1,2,1
S1282,5,2,0,2,1
S2622,5,2,1,3,1
S2424,5,2,1,1,2
S1058,2,3,1,0,0
S2119,5,5,1,3,1
S1177,1,5,1,2,1
S2595,3,3,1,3,1
S2010,2,3,2,2,1
S2053,2,2,2,6,2
S1043,6,4,1,1,2
S2383,1,3,1,3,0
S2264,3,3,1,1,1
S1224,6,3,1,4,1
S1219,1,4,2,3,2
S1165,5,2,1,4,2
S2241,5,1,0,1,1
S2587,3,1,1,2,1
S1305,1,4,3,4,1
S1395,5,1,0,2,0
S2001,5,1,1,2,1
S2340,1,2,1,2,1
S1098,3,5,1,1,1
S2299,4,1,1,3,3
S1382,6,3,1,3,1
S1200,6,3,2,3,1
S2424,2,2,2,2,3
S2186,2,5,3,2,2
S1250,2,6,2,2,1
S1084,5,3,2,3,2
S2603,4,3,2,1,0
S1389,6,7,1,2,2
S1517,5,5,1,2,2
S2572,5,3,1,1,0
S2515,3,2,1,3,1
S1406,6,3,1,1,1
S2273,2,5,2,5,2
S1058,1,3,1,0,0
S2777,2,4,2,3,1
S2131,2,2,1,2,0
S2078,4,2,0,2,1
S2309,2,1,2,2,1
S2095,4,5,1,1,1
S2408,2,4,1,2,3
S2361,5,4,3,2,2
S1222,2,3,0,2,2
S1394,2,4,1,2,1
S2627,4,2,0,2,1
S1472,4,3,1,2,1
S2017,4,3,1,3,1
S2489,1,3,1,3,1
S1250,3,3,1,1,0
S2737,5,4,2,3,1
S2446,4,1,1,2,2
S2395,3,2,1,4,2
S1345,6,3,1,2,2
S2690,2,3,1,3,2
S2330,4,2,1,2,1
S1122,1,2,0,2,2
S1542,1,5,2,2,1
S2327,4,3,2,2,2
S2249,3,0,0,3,1
S2686,6,1,2,1,2
S1110,2,2,2,1,1
S2378,1,0,1,2,1
S1198,6,3,1,2,2
S1396,3,2,0,3,1
S2465,6,4,2,4,1
S2312,3,4,1,2,1
S2666,3,2,2,1,2
S1540,3,2,1,3,1
S1096,1,3,3,2,1
S1327,6,3,1,3,1
S2004,3,5,1,2,3
S2470,5,4,1,2,1
S1465,3,5,1,4,1
S1173,5,3,1,2,1
S1470,4,1,2,3,1
S2640,3,3,1,2,1
S2309,3,3,2,3,1
S2492,4,3,1,2,1
S1513,2,3,1,1,2
S1498,5,3,2,2,1
S2284,4,4,2,3,1
S1082,2,2,0,2,1
S2030,2,4,1,2,2
S1011,6,4,1,1,2
S1419,6,4,2,1,2
S2596,1,1,0,2,1
S1583,1,3,2,3,1
S1092,3,4,2,2,2
S2003,3,2,1,3,1
S1185,3,2,1,2,1
S1134,2,2,1,2,1
S2294,2,2,1,4,3
S2643,4,2,1,2,1
S1437,4,4,1,3,1
S2090,4,3,1,2,0
S1130,5,2,1,2,3
S1472,2,4,1,1,3
S1524,5,3,0,1,1
S2539,4,2,1,3,1
S1450,5,3,1,1,1
S1077,4,5,1,2,1
S1507,5,5,2,2,1
S1086,4,2,1,2,1
S2013,3,3,2,3,1
S1040,1,5,1,3,1
S1455,1,3,1,1,1
S2771,2,3,1,3,1
S2121,6,4,2,2,1
S2154,4,3,0,2,2
S2211,1,2,2,2,1
S2270,6,3,1,2,2
S1004,6,3,1,3,2
S2080,2,3,2,3,1
S2520,6,4,1,2,2
S2505,1,4,3,3,1
S1520,6,5,1,1,2
S2176,2,2,3,1,1
S1321,6,4,2,2,0
S1473,1,5,1,1,2
S2485,6,2,0,3,1
S2226,5,3,2,2,1
S2291,4,5,1,2,1
S1229,1,3,1,2,1
S2656,3,1,2,2,1
S2145,5,1,1,3,2
S1256,2,1,0,2,1
S1190,1,2,1,3,1
S2541,3,6,2,4,3
S1259,6,5,1,2,1
S2433,5,5,1,4,1
S1504,4,4,3,2,2
S1368,5,4,1,2,1
S1242,4,3,3,1,1
S2702,5,2,1,3,1
S1192,2,3,0,2,1
S2520,4,3,1,2,2
S2128,2,2,1,3,1
S2347,1,3,2,2,1
S2067,3,2,2,1,1
S1598,6,3,2,2,1
S1094,6,3,1,3,2
S2432,5,3,1,3,1
S2053,5,3,1,2,1
S1264,4,2,1,1,2
S2576,4,4,2,2,2
S1263,4,3,3,2,1
S2515,5,3,1,2,1
S1206,3,1,0,3,1
S1421,2,3,2,2,1
S2400,4,3,5,1,1
S2281,5,6,2,1,0
S2517,4,3,2,2,1
S1024,1,7,1,1,2
S2180,5,4,2,2,1
S2606,1,3,1,2,3
S2142,2,4,1,1,0
S2576,2,5,1,2,1
S1282,4,6,1,2,1
S2114,4,5,1,2,1
S2079,1,2,1,2,2
S2736,3,2,1,3,1
S1124,3,4,1,2,1
S2173,6,3,2,1,2
S2253,6,3,2,2,1
S1368,2,6,2,1,1
S2135,4,3,1,3,1
S1549,4,6,1,2,1
S2607,6,4,3,2,1
S2153,2,3,2,1,0
S2449,1,3,1,1,0
S1430,3,3,1,1,3
S2397,5,4,1,3,2
S2583,5,3,4,3,1
S2306,5,2,0,3,2
S1140,5,5,1,2,1
S1341,5,3,1,1,1
S1292,4,1,1,2,2
S2301,3,3,1,1,1
S2758,5,2,1,4,2
S2684,5,3,0,3,1
S2352,2,4,1,2,1
S1007,2,6,2,3,2
S2044,2,1,1,4,1
S2347,5,3,1,2,1
S2028,1,3,2,2,1
S1124,5,2,2,1,1
S2764,3,3,1,4,2
S2787,3,1,1,2,2
S2584,6,2,0,4,1
S1038,4,2,0,4,1
S2054,3,4,3,2,0
S2109,4,4,1,2,1
S1478,1,2,1,3,1
S1552,5,3,1,1,1
S2232,5,4,3,2,1
S1016,6,2,2,1,1
S1089,6,2,2,3,1
S2643,1,2,1,1,2
S1468,1,2,0,3,2
S2325,4,4,2,2,2
S2748,4,3,3,2,1
S2273,1,4,1,2,1
S1337,1,3,1,1,0
S2171,3,6,1,1,1
S2319,6,3,1,5,1
S1291,4,6,1,1,1
S2591,6,1,0,1,2
S2181,5,3,1,3,2
S1543,3,4,1,2,1
S2537,2,3,2,4,3
S2470,2,5,1,2,1
S1045,6,2,1,2,1
S2350,3,2,1,4,2
S1060,5,2,1,3,3
S2355,2,3,2,2,1
S2100,5,1,1,1,1
S1190,5,3,4,2,1
S2481,4,2,2,3,1
S1557,3,4,1,1,1
S2190,3,6,1,2,2
S2260,3,3,1,0,0
S2194,3,2,1,2,1
S2356,1,2,1,2,1
S1556,3,2,1,1,1
S2297,6,2,1,3,1
S1371,1,2,1,3,1
S2531,4,2,1,2,1
S2668,3,3,2,2,1
S1150,5,4,1,1,1
S2685,4,2,2,2,1
S2200,2,3,2,1,1
S2495,2,3,1,1,0
S2311,2,3,1,2,1
S1139,3,5,1,1,0
S2648,3,4,1,2,1
S2725,1,2,1,1,1
S1029,2,4,1,1,2
S2779,1,3,2,5,2
S2308,5,1,3,2,2
S2051,6,3,2,2,2
S2240,4,4,1,3,3
S1366,3,3,2,3,1
S1170,6,3,1,2,2
S1479,5,4,1,2,1
S1493,6,2,1,1,2
S1207,5,4,1,2,2
S2585,2,5,3,2,1
S2042,4,4,2,1,1
S1087,2,1,1,2,1
S1340,2,2,2,2,1
S2570,4,3,2,2,2
S2354,1,4,2,3,2
S1405,3,3,0,2,2
S2537,6,6,1,4,1
S1391,2,3,2,1,1
S2009,3,4,1,2,0
S2216,6,6,1,3,1
S2034,5,2,1,2,2
S2312,6,5,1,1,1
S2463,2,5,1,2,2
S2695,6,3,0,2,1
S1548,1,2,2,2,3
S2445,5,5,2,4,1
S2199,2,1,1,2,1
S1164,3,1,1,2,1
S1451,6,3,1,4,1
S1316,4,2,1,3,2
S2443,3,3,1,2,1
S1554,4,2,1,2,0
S2786,6,4,2,2,3
S2420,4,5,2,2,1
S2326,2,2,1,4,1
S1063,6,5,1,3,1
S2172,4,2,0,1,1
S1312,6,3,1,4,1
S1118,5,4,2,3,1
S2425,6,0,2,2,1
S2393,1,3,1,3,1
S2025,3,4,1,1,1
S1296,6,3,2,2,1
S2625,4,3,1,2,2
S1251,5,2,1,3,1
S1488,5,2,0,2,3
S2167,2,3,1,3,3
S2193,6,2,1,2,3
S2228,2,3,2,2,0
S2065,6,3,1,2,1
S1289,1,2,0,3,1
S2398,5,5,1,2,1
S2785,4,3,1,3,1
S1402,5,3,2,1,0
S2589,1,6,3,2,2
S1236,2,1,0,2,2
S2164,1,2,2,2,2
S1553,6,2,2,2,1
S1547,2,5,1,2,1
S2006,2,6,1,2,1
S1146,1,3,2,2,1
S1123,5,3,1,2,2
S2667,2,4,1,1,2
S2560,3,2,1,2,1
S2701,6,4,1,3,1
S2434,6,1,0,2,0
S2147,6,1,0,4,1
S2072,6,4,2,1,1
S1508,6,5,1,2,1
S1186,4,4,1,1,2
S1432,5,4,1,2,0
S1201,3,3,1,1,1
S2402,2,6,1,1,1
S2792,4,3,2,2,1
S2084,4,4,1,2,2
S2432,3,3,2,2,1
S2668,2,4,1,3,1
S1281,1,2,3,2,1
S2327,3,2,2,3,2
S2354,6,3,4,2,2
S1507,6,3,2,4,2
S1219,3,3,1,2,2
S2147,2,1,0,2,2
S2601,5,3,3,2,1
S2130,1,4,2,2,2
S2654,1,4,2,2,1
S1318,6,4,1,2,1
S1235,2,2,3,1,1
S1272,4,5,1,2,2
S2242,2,5,1,2,1
S2784,6,2,1,2,2
S1594,6,3,1,2,1
S2282,5,2,1,3,1
S2508,4,3,1,2,1
S2005,6,1,1,2,2
S2747,1,3,0,1,2
S1441,2,6,1,2,1
S1552,2,4,1,1,1
S2211,5,2,2,3,2
S2786,3,2,1,2,2
S2381,1,3,2,2,1
S1171,5,3,2,1,1
S1509,1,3,2,2,1
S1275,4,4,2,2,1
S2372,3,4,1,2,3
S2539,5,2,2,1,3
S1185,1,2,2,3,1
S1248,2,5,1,3,1
S1129,6,2,2,3,1
S1415,6,2,2,1,2
S2406,3,2,1,2,1
S2121,1,4,1,3,1
S1451,3,3,1,4,2
S2287,6,2,0,1,1
S1182,2,4,2,1,1
S2684,3,1,0,2,2
S2585,4,3,1,5,1
S2091,1,3,0,3,1
S2783,6,3,1,1,0
S2588,5,4,1,2,2
S1489,1,3,3,2,1
S2767,3,4,3,3,1
S2794,6,3,0,4,1
S2368,4,3,1,2,1
S1071,4,4,1,3,2
S1445,6,2,2,2,2
S2477,3,4,1,3,1
S1042,3,3,1,3,2
S2607,3,5,2,2,1
S1485,2,2,2,5,1
S2562,3,5,3,2,1
S1225,4,2,2,2,1
S1369,4,3,1,2,1
S2772,3,3,2,2,2
S2737,3,4,1,2,1
S2176,4,3,2,1,1
S2396,1,3,2,2,1
S1457,2,3,2,4,1
S2654,4,3,1,2,1
S1460,2,2,2,1,0
S2355,6,4,3,2,1
S1011,2,3,1,2,1
S2514,6,3,1,2,1
S2399,1,3,2,3,2
S1327,2,2,1,2,3
S2426,5,3,1,1,1
S2779,5,4,2,2,1
S1060,3,2,1,4,3
S2650,5,4,2,1,1
S1431,6,3,2,2,1
S2493,4,3,3,2,2
S1599,1,5,2,1,1
S1119,5,5,1,2,1
S1335,5,5,2,2,2
S2171,5,4,1,2,1
S1245,3,3,1,1,0
S2045,1,1,0,2,1
S1561,3,4,1,1,1
S2740,6,3,3,3,1
S1450,2,2,0,3,1
S1303,2,4,1,2,2
S1191,5,3,1,2,1
S2455,3,5,1,3,1
S2593,1,3,2,3,1
S2105,5,4,2,2,1
S2491,6,5,3,4,1
S1506,1,3,1,3,1
S1263,2,4,1,2,3
S1095,5,5,1,1,1
S1176,2,3,1,1,3
S1513,6,3,1,1,1
S1014,2,4,1,4,2
S2399,3,2,1,5,1
S1267,6,3,1,1,0
S2642,5,4,1,2,1
S2254,3,4,2,2,3
S1187,2,4,1,2,1
S2599,4,2,3,2,1
S1407,6,4,1,2,1
S2185,5,5,1,1,1
S1194,6,4,2,2,1
S2717,3,3,1,3,1
S2607,4,4,1,4,1
S2090,1,3,2,1,0
S1383,6,3,1,1,1
S2562,4,3,1,2,1
S1565,4,2,1,2,1
S1187,6,3,2,2,2
S1027,6,3,0,3,3
S1504,6,4,1,3,1
S2437,5,1,2,4,2
S2038,1,5,2,2,3
S2098,3,1,0,3,2
S1031,2,5,2,2,1
S2240,2,3,1,5,2
S1387,3,5,3,2,1
S2149,1,3,2,1,0
S1222,4,3,0,3,2
S2591,5,1,0,1,1
S2009,5,4,1,1,1
S1325,5,3,1,2,3
S1577,5,3,2,4,3
S2526,6,2,0,5,2
S1563,2,2,2,2,1
S1113,6,3,1,2,2
S1210,4,3,1,2,1
S2775,6,4,1,3,1
S2250,6,3,1,1,2
S2015,2,3,1,2,1
S1090,6,1,0,3,1
S1187,1,2,1,2,1
S1451,1,3,1,2,1
S2567,1,3,1,3,2
S1177,4,5,1,4,1
S1305,2,3,2,2,1
S1246,2,3,3,3,1
S2404,5,5,1,2,1
S2619,2,4,2,2,1
S2707,2,3,1,3,1
S2408,5,5,1,3,1
S2180,1,4,1,4,1
S2262,1,1,0,1,1
S2053,3,2,1,2,1
S1361,6,4,1,2,2
S2293,1,4,1,3,3
S1337,3,4,2,2,0
S2698,4,4,0,2,2
S2290,2,2,0,2,1
S2350,2,2,2,2,1
S2061,4,4,1,2,1
S2165,1,3,1,2,1
S2018,1,3,1,1,1
S2590,6,4,1,2,1
S1096,5,2,1,4,1
S2099,3,4,1,2,1
S2241,6,1,0,1,1
S2229,2,4,1,1,1
S2292,3,1,1,2,1
S2337,1,3,1,1,2
S2754,6,4,1,2,1
S1326,3,2,1,2,2
S2065,3,2,0,2,2
S2263,3,4,2,1,1
S2553,4,4,1,2,2
S1203,4,4,1,2,3
S2533,5,3,1,2,1
S1420,6,3,0,3,1
S2770,5,2,0,1,1
S2437,6,3,0,2,2
S2688,1,2,1,2,2
S1273,2,3,1,4,2
S2082,6,3,1,1,1
S2436,3,4,1,2,1
S2013,1,4,1,4,2
S2620,5,2,2,3,1
S1106,2,3,1,1,0
S2226,4,2,1,2,1
S1074,1,3,2,2,2
S2702,3,5,4,3,1
S2198,1,4,1,2,2
S2625,1,5,1,3,1
S1291,2,3,1,1,1
S2797,5,3,2,4,1
S1412,1,2,2,3,2
S2470,1,3,2,2,1
S2176,6,3,1,3,2
S2303,3,3,2,1,1
S1207,1,4,1,2,2
S2141,5,3,1,2,1
S2737,6,4,1,2,1
S1487,6,3,2,2,1
S1269,3,4,1,2,2
S1335,3,3,1,3,1
S2692,5,4,2,2,1
S1169,4,2,1,2,2
S2398,3,4,2,2,1
S1102,1,6,2,2,1
S2415,2,2,3,2,1
S1180,4,3,1,2,0
S1179,3,3,1,3,1
S1317,2,2,0,3,1
S2592,3,4,1,4,1
S2342,4,4,2,2,1
S2311,1,3,2,1,2
S2341,3,3,1,2,1
S1032,4,4,1,2,2
S2759,5,4,2,2,1
S2478,1,2,1,4,1
S1183,3,7,1,2,0
S2440,5,3,0,1,2
S2120,1,5,2,3,1
S2133,1,3,0,2,1
S2382,6,3,2,1,2
S1059,5,1,1,2,0
S2572,4,4,2,1,0
S1397,6,3,2,3,1
S2503,1,2,1,5,1
S1497,1,3,1,4,2
S1549,2,3,2,2,1
S2380,6,4,0,1,1
S2429,5,3,0,1,2
S2147,4,1,0,2,1
S1129,5,3,5,2,2
S1245,5,3,1,1,0
S1311,2,3,1,1,1
S1364,2,2,2,2,1
S2013,2,4,1,2,1
S1204,6,5,1,4,1
S2096,1,4,1,1,0
S2338,3,2,1,0,0
S1456,1,1,0,2,2
S2724,6,3,2,2,2
S2424,3,2,2,2,2
S2164,4,3,1,3,1
S1324,3,2,1,1,0
S2419,6,2,1,1,2
S2326,5,2,2,2,1
S1033,2,4,2,1,1
S2177,2,2,1,3,2
S2085,4,1,0,1,1
S2742,2,4,2,2,2
S2662,3,3,1,3,1
S1232,3,1,0,1,2
S2427,5,2,0,3,1
S1302,6,5,1,2,1
S2162,2,6,1,2,1
S2751,4,6,1,4,2
S1368,6,5,3,1,2
S2100,2,1,0,3,1
S2582,6,2,3,1,1
S1465,6,4,2,2,2
S1007,6,2,1,3,2
S1355,3,4,2,2,2
S2795,1,2,0,2,1
S1504,1,3,2,2,1
S1502,4,2,3,2,4
S1039,2,3,1,2,1
S1033,6,3,1,1,1
S1574,5,2,1,3,2
S2379,1,3,2,3,1
S2474,6,3,3,2,1
S1301,4,2,3,2,1
S2429,2,2,0,1,3
S2280,6,4,2,3,1
S1119,6,4,1,3,1
S2290,6,4,0,3,1
S2666,5,3,1,1,2
S1015,4,2,2,3,3
S2573,5,2,2,2,1
S2212,5,2,0,4,1
S2473,5,3,1,3,2
S1163,4,4,2,2,1
S2292,4,0,1,2,1
S2365,5,6,1,3,2
S2473,3,3,1,1,2
S1371,3,3,1,2,1
S1046,6,4,1,2,2
S2477,1,2,2,4,1
S1595,1,1,1,3,2
S2242,1,2,1,2,1
S1545,6,4,1,3,1
S2022,1,4,2,3,2
S2526,1,1,0,3,1
S2660,4,1,2,2,1
S2197,3,1,0,4,1
S1562,1,2,1,1,1
S2167,1,2,1,3,1
S1128,6,2,4,1,1
S2038,4,5,1,1,3
S2684,1,1,0,4,2
S1096,4,4,1,3,2
S1296,4,5,1,3,1
S2254,1,2,1,2,1
S2336,6,4,2,2,1
S2554,5,2,0,3,1
S1427,1,4,0,2,1
S2620,3,5,5,3,1
S2411,5,2,2,3,1
S1493,1,3,2,1,1
S1514,1,3,1,3,1
S2205,3,2,0,1,1
S2231,3,5,1,1,2
S1069,4,3,1,2,1
S1010,3,4,2,2,2
S1012,4,3,1,2,2
S1333,4,2,1,1,1
S1179,2,3,2,2,1
S2738,6,3,1,4,1
S2711,2,3,1,3,1
S2242,6,3,2,2,2
S1138,4,3,1,2,1
S2008,6,3,1,4,1
S2255,1,4,1,3,1
S2352,1,4,2,2,1
S1330,3,2,3,3,1
S1155,4,3,1,3,2
S1080,2,4,1,2,1
S2387,4,3,2,1,1
S2180,4,3,1,2,1
S2125,3,4,1,2,1
S1241,1,4,1,2,1
S2071,2,2,2,2,2
S2757,2,2,2,2,2
S2686,3,5,0,1,1
S1350,3,4,2,2,2
S2626,4,2,1,2,1
S2196,1,2,1,2,1
S2012,6,3,2,2,2
S2675,1,3,1,3,2
S1004,2,4,2,2,2
S1501,6,2,2,1,0
S2678,2,4,2,1,1
S1227,6,2,0,3,1
S2214,6,3,3,4,1
S2126,3,2,1,2,1
S2185,1,3,1,1,1
S1201,5,3,1,2,1
S1132,2,4,1,2,1
S1151,1,3,1,3,1
S2711,6,4,1,2,2
S2433,1,3,1,2,1
S1085,3,3,1,3,1
S1544,1,6,1,2,2
S2536,1,5,0,2,1
S1209,6,2,0,4,1
S2552,6,6,3,2,3
S1084,1,5,1,2,1
S2747,5,2,1,2,4
S2148,5,4,2,2,2
S1056,3,3,0,2,2
S2739,5,4,1,4,1
S1550,6,3,2,2,1
S1361,6,4,1,2,2
S2518,6,2,1,2,3
S2257,4,2,1,3,1
S2382,4,2,2,1,1
S2377,5,2,2,2,1
S2355,4,4,3,4,2
S1299,5,6,1,2,1
S2438,5,1,1,2,1
S2579,1,2,2,2,0
S2681,5,3,2,1,1
S2511,5,4,2,3,2
S2699,6,4,3,1,2
S1014,3,2,1,3,1
S2401,6,5,1,2,1
S1112,6,4,1,2,1
S2475,2,3,4,2,1
S1267,4,4,3,2,1
S1232,4,3,0,1,1
S1402,6,2,1,1,0
S1284,1,3,1,3,1
S1283,4,2,2,1,4
S1359,6,2,1,4,1
S2565,4,2,1,2,2
S1263,6,2,1,3,1
S2208,3,4,1,2,0
S2229,5,3,1,1,1
S1184,5,2,2,2,2
S2597,1,4,1,2,3
S1502,3,3,2,2,1
S1383,1,4,3,3,2
S1445,5,2,1,3,2
S2632,4,3,1,3,2
S2518,2,2,1,3,1
S1021,5,2,1,2,0
S2216,5,5,1,2,1
S2212,1,3,2,2,1
S1527,1,4,1,3,1
S2115,2,4,3,4,1
S2359,5,3,2,2,0
S2760,5,3,0,2,1
S2616,2,2,2,2,1
S2771,6,3,1,2,1
S2289,6,3,2,2,3
S2379,6,3,2,2,1
S1575,5,3,1,3,1
S1341,3,2,3,1,1
S2055,2,4,2,2,1
S1258,5,3,1,4,1
S1457,6,3,1,3,1
S1335,6,4,1,2,3
S1326,5,3,1,1,1
S2382,5,2,1,1,2
S1463,2,3,1,2,1
S1527,2,4,2,2,1
S2476,2,4,1,2,2
S2415,6,2,2,2,2
S1308,2,3,1,1,0
S1470,1,1,1,2,2
S1300,5,4,1,3,1
S1532,5,2,1,2,1
S2280,4,4,1,2,1
S1322,5,3,1,1,1
S1233,5,4,1,2,1
S1160,3,2,3,2,1
S1262,3,5,3,1,1
S1353,1,5,2,2,1
S2065,4,3,0,2,1
S2225,5,3,1,3,2
S2318,1,1,0,2,1
S2108,6,4,1,3,1
S2341,6,5,1,1,1
S1109,1,4,2,3,2
S2685,6,4,2,2,1
S1301,3,3,1,2,1
S2107,2,4,3,2,1
S1135,6,3,1,2,1
S1329,3,2,1,2,1
S2242,1,2,1,2,1
S2524,6,3,1,1,2
S2119,1,3,1,2,1
S1009,3,3,2,1,1
S2528,3,3,1,2,1
S1128,2,2,2,1,3
S1044,6,4,1,1,2
S1365,1,1,0,2,2
S1032,6,7,1,2,2
S2642,6,3,1,2,2
S1003,6,2,2,2,1
S2143,5,3,2,3,2
S2153,5,4,2,1,0
S2548,2,4,1,1,2
S2122,3,3,1,4,1
S2354,3,4,1,3,1
S2348,5,3,2,1,1
S1408,4,2,2,2,0
S1557,6,5,1,1,1
S2371,1,3,0,2,2
S2146,4,3,1,1,1
S1302,4,2,2,2,1
S2385,4,3,1,3,2
S1091,2,2,1,2,1
S1058,4,3,2,0,0
S2760,1,1,1,3,1
S2314,4,3,1,1,2
S2103,2,2,2,2,2
S2574,4,3,1,1,1
S2517,2,4,2,2,1
S2304,2,3,1,3,1
S2277,1,3,1,3,2
S2045,3,2,0,2,1
S1405,2,2,0,2,1
S1342,6,4,2,1,1
S2079,4,4,1,2,1
S2477,2,2,1,4,2
S2257,5,2,2,2,1
S2600,1,4,1,3,1
S2681,3,4,1,2,1
S2624,4,5,1,3,1
S2754,3,4,2,3,1
S1339,4,1,1,1,1
S2006,4,8,1,3,2
S2217,4,3,0,2,1
S2254,5,3,2,2,3
S2761,5,4,1,2,1
S2631,5,5,1,2,1
S1186,6,3,1,2,1
S2417,3,3,0,3,2
S2310,6,3,2,1,1
S2222,2,1,0,3,1
S2005,3,1,0,3,1
S2011,2,2,0,3,1
S2202,3,3,1,2,2
S2074,6,3,2,1,2
S1274,4,2,0,1,0
S2523,4,3,3,2,1
S2220,4,4,0,1,1
S1459,4,2,2,1,0
S1175,5,1,1,2,2
S2018,6,6,2,2,2
S2374,4,3,2,3,1
S1452,3,2,2,3,2
S1401,4,1,1,2,1
S1210,6,5,1,2,2
S2034,3,2,1,4,1
S2752,1,3,3,2,2
S2730,2,3,5,3,1
S1078,4,3,2,2,2
S2545,5,2,0,2,2
S2698,5,2,1,1,1
S2253,4,5,1,1,1
S2372,1,2,1,2,3
S2010,6,2,2,3,2
S1322,4,4,1,1,1
S1551,2,3,1,2,1
S1506,4,3,3,2,1
S2132,6,2,0,2,1
S1404,1,4,2,1,1
S1541,2,3,2,3,2
S1420,5,3,1,3,1
S2161,1,5,1,2,3
S1370,1,3,1,2,1
S2182,3,3,0,1,3
S1384,2,4,1,2,2
S2253,1,6,4,1,2
S2398,4,5,2,3,1
S1595,5,1,1,3,1
S2030,5,3,1,3,2
S1087,1,1,2,3,1
S1436,6,5,1,3,2
S1036,2,5,2,2,2
S2290,2,2,0,2,1
S1390,2,4,1,2,1
S2285,5,3,2,1,2
S1355,1,4,1,4,1
S1380,1,3,1,3,1
S2423,3,4,2,2,1
S2098,4,1,0,2,1
S2678,1,2,1,1,1
S2798,6,4,1,2,2
S1525,1,3,4,2,2
S2466,3,3,1,2,1
S2331,5,8,1,3,4
S2730,5,3,1,3,1
S2232,3,5,1,3,1
S1084,3,3,2,2,1
S1484,1,2,0,2,3
S2555,4,5,2,4,1
S2076,1,4,2,2,1
S1517,4,3,2,3,1
S2298,1,4,4,1,2
S2733,5,2,2,3,1
S1124,4,2,1,1,1
S1064,1,4,1,2,1
S1116,6,3,1,2,3
S2482,4,5,2,2,2
S1009,1,3,1,1,1
S2768,4,4,1,2,2
S1113,1,3,1,2,1
S1400,3,5,1,3,1
S2614,1,6,0,1,3
S1032,3,3,2,2,2
S1533,4,3,2,2,2
S2161,6,5,1,2,2
S2796,6,4,1,2,1
S2374,6,4,1,2,1
S1138,1,3,2,2,3
S2228,5,4,2,1,1
S2067,1,2,2,2,2
S2025,2,4,3,1,1
S1016,2,2,1,2,3
S1286,6,3,0,2,2
S2487,5,5,2,1,2
S2281,4,4,1,2,2
S2156,5,4,2,2,2
S1094,3,2,3,2,1
S2076,4,4,1,2,2
S1176,1,3,2,1,1
S2296,6,3,0,3,2
S2368,2,5,1,2,1
S2129,6,1,0,2,3
S1019,5,3,1,3,2
S1233,3,5,1,1,1
S1180,5,2,1,1,0
S1023,6,4,1,2,1
S1352,5,3,2,2,1
S2152,5,3,1,2,2
S1291,5,3,1,1,3
S2296,5,1,0,2,1
S1291,3,4,1,1,2
S1190,2,2,1,2,2
S1440,6,1,0,2,1
S2748,5,4,1,3,1
S2798,3,5,1,2,2
S1319,3,3,2,2,1
S2404,4,5,1,1,1
S2500,2,6,1,2,1
S1121,5,4,1,1,1
S1452,6,5,1,2,1
S1594,4,2,1,3,2
S1030,6,3,1,3,1
S1067,2,3,1,3,1
S1532,4,2,3,3,3
S2457,6,5,1,1,0
S1147,2,3,2,2,1
S1458,2,3,1,1,1
S1231,2,3,2,1,1
S2198,4,5,2,3,1
S2640,2,3,1,2,1
S2235,6,2,1,2,1
S1441,3,2,2,2,1
S2670,5,2,1,1,0
S1353,3,3,2,2,3
S2552,2,3,1,3,2
S1271,3,2,1,1,2
S2239,6,3,1,1,2
S2449,3,4,4,1,1
S2441,3,4,0,1,0
S2661,3,4,2,2,2
S2422,4,3,2,2,1
S2580,1,1,1,2,1
S2756,2,4,2,3,1
S2166,2,5,1,3,1
S1465,5,3,1,3,1
S1236,3,2,1,2,2
S1285,1,3,1,3,1
S2194,3,2,1,2,1
S1538,5,2,1,3,1
S2636,5,3,1,4,1
S1226,4,2,0,1,1
S2362,1,5,1,2,0
S2177,6,3,2,4,2
S1473,1,5,1,1,2
S2120,5,3,1,2,1
S2596,5,6,0,2,1
S1462,5,4,1,2,1
S2445,6,5,1,2,2
S2701,1,3,2,2,1
S2636,4,3,2,3,2
S1013,2,4,1,2,1
S1348,4,3,0,2,1
S2621,6,3,3,2,1
S2473,5,3,1,3,2
S2690,1,3,1,4,1
S1494,5,3,1,2,2
S2188,2,1,0,0,0
S1254,1,3,1,5,2
S1246,4,6,1,3,2
S2577,5,4,1,2,1
S1232,1,1,1,1,2
S2798,4,6,1,3,1
S1363,5,5,2,1,1
S1378,4,4,1,2,1
S2651,6,3,2,2,2
S1006,2,3,0,3,1
S1537,6,4,1,2,2
S1561,1,3,1,2,1
S2601,6,2,2,3,1
S1031,1,3,2,1,2
S2714,4,3,2,1,1
S2696,5,0,0,1,1
S2231,4,2,1,1,3
S2601,2,2,1,2,1
S1141,2,3,1,3,1
S2631,6,2,1,3,2
S1528,2,1,0,2,1
S2421,4,3,1,2,2
S2754,1,2,1,2,1
S2657,6,3,1,3,2
S2004,4,3,1,2,1
S2472,4,3,1,3,2
S2385,2,2,1,1,2
S1328,6,1,1,3,1
S2181,1,2,3,2,1
S2401,2,3,2,2,1
S1005,3,3,1,2,2
S2167,5,3,1,2,1
S1369,3,2,3,2,2
S2776,3,4,1,2,2
S2509,2,4,1,1,1
S2491,3,3,2,2,1
S2181,3,5,1,4,3
S1512,1,2,1,1,2
S1580,5,5,1,2,1
S2690,5,2,3,2,1
S1089,3,2,2,2,1
S2535,4,5,3,1,2
S1078,6,3,1,2,1
S2655,1,2,0,2,1
S2767,2,5,2,2,2
S2077,3,3,1,3,2
S2676,3,5,1,1,1
S1258,4,5,3,3,1
S2164,6,2,2,2,1
S2318,5,2,1,1,1
S1543,1,2,1,2,2
S2149,3,4,1,1,0
S2428,5,5,1,2,1
S2576,6,5,1,2,1
S2448,5,2,1,3,1
S2163,3,3,1,4,1
S2112,4,3,1,2,2
S1600,5,2,0,2,2
S2281,3,5,2,2,1
S2394,1,5,2,2,2
S2096,3,6,1,1,1
S2666,6,2,1,1,1
S1332,2,4,2,2,1
S1095,1,3,2,3,0
S2438,3,2,0,2,2
S1103,4,4,1,2,1
S2284,6,2,1,3,1
S2221,2,2,1,2,1
S2494,5,4,1,3,1
S2549,1,4,2,3,1
S2341,2,3,2,2,1
S2006,1,4,1,2,4
S1087,6,1,1,3,1
S2517,5,3,1,3,1
S2047,1,2,2,1,0
S1208,2,3,1,2,3
S2459,1,5,1,2,1
S1382,1,4,2,1,2
S1376,1,3,1,1,1
S1150,1,3,1,2,1
S1586,4,1,1,2,2
S2752,6,3,2,2,2
S2439,5,4,1,1,1
S2200,4,3,2,1,1
S1535,6,3,1,3,1
S2397,2,3,1,2,1
S2632,5,3,3,2,2
S1072,2,4,3,3,1
S2392,2,5,2,2,1
S2318,4,1,0,2,1
S1072,6,2,1,3,1
S2380,3,2,0,1,1
S2592,4,5,1,3,1
S1374,4,2,1,1,0
S1385,4,4,1,2,1
S2740,2,2,1,2,1
S2413,4,3,1,2,2
S2443,6,2,2,1,1
S2466,4,2,2,4,1
S2574,1,3,2,2,2
S1101,4,2,1,1,2
S2098,1,1,0,2,1
S1249,5,3,1,2,2
S1437,3,6,1,3,1
S2577,2,4,1,2,1
S1095,2,3,1,1,1
S1409,6,5,1,3,1
S2123,3,3,2,2,1
S2432,2,4,1,2,1
S1527,4,2,1,2,1
S2403,6,3,1,2,1
S2020,4,4,1,2,1
S1259,2,3,2,1,1
S1084,6,3,1,3,2
S2400,1,3,2,2,0
S2131,6,1,0,2,0
S1155,6,2,2,3,1
S1009,4,3,1,1,1
S2684,4,2,1,2,1
S2789,6,2,1,1,1
S2068,2,4,1,2,1
S1084,2,3,1,2,1
S2291,1,3,1,2,1
S1272,5,4,1,2,1
S1045,2,4,1,4,2
S2509,4,3,1,2,0
S2483,1,2,0,2,1
S1152,2,2,4,5,1
S1133,6,3,1,3,1
S1473,4,3,1,1,2
S2644,5,3,2,2,1
S1280,5,3,1,2,1
S2658,1,2,0,2,1
S2664,6,4,1,2,1
S2569,3,2,2,3,1
S1076,6,3,2,2,1
S1339,3,1,1,1,2
S2674,1,3,1,4,1
S2292,6,0,0,5,1
S1042,1,5,1,2,1
S2562,5,5,2,3,2
S1539,6,1,0,2,1
S1121,4,3,3,1,2
S1184,4,4,1,2,1
S2538,1,3,3,0,0
S2272,6,4,2,2,2
S2666,1,3,1,1,1
S1465,2,7,1,2,1
S2107,3,3,1,0,3
S1391,3,4,1,2,4
S2531,5,2,1,2,1
S2317,4,4,2,2,1
S1199,1,2,3,1,2
S2390,1,2,1,2,4
S2290,5,3,1,3,1
S1549,1,4,1,3,1
S1010,5,2,2,3,1
S1230,6,5,2,2,1
S2235,1,4,3,2,1
S2762,2,5,1,1,0
S1306,4,4,1,4,3
S2095,6,2,1,1,1
S1017,1,2,2,3,2
S2259,5,4,1,3,2
S1170,1,2,0,2,3
S2630,3,2,2,1,1
S1454,1,3,1,1,2
S1155,2,4,1,2,1
S1582,2,5,1,2,1
S1029,1,3,3,2,1
S1590,2,4,1,4,1
S2124,2,1,2,4,1
S1107,6,2,0,3,1
S1317,6,3,0,2,1
S2649,6,5,1,4,1
S1209,1,1,1,3,2
S2620,4,3,1,2,1
S1080,4,3,2,3,1
S1262,2,4,2,2,1
S2196,6,2,1,3,1
S1441,4,4,1,3,2
S1104,5,2,1,2,2
S2305,1,3,1,1,1
S1535,3,4,3,2,1
S2695,2,1,0,1,1
S2250,2,3,1,1,1
S2426,1,3,2,4,2
S1398,3,3,1,2,1
S1149,2,4,1,2,2
S1282,3,1,0,2,1
S1110,1,3,2,2,1
S1379,5,4,2,1,3
S1592,5,3,1,1,1
S1303,5,4,1,3,1
S2066,1,1,0,4,1
S2088,4,2,1,2,2
S1133,1,4,1,2,3
S1527,3,4,1,4,1
S2301,4,4,1,2,2
S2477,6,3,1,3,1
S2731,6,6,1,3,3
S2011,3,1,0,2,1
S2034,6,4,1,2,2
S2577,1,3,1,4,1
S1307,1,3,1,3,1
S1548,6,2,1,2,3
S2427,1,3,1,2,2
S2721,5,3,1,1,1
S2162,6,5,1,3,1
S1134,3,5,1,4,1
S1587,5,2,0,2,1
S1501,2,3,1,2,1
S1535,2,2,2,2,1
S2188,3,2,1,0,0
S1431,5,4,2,2,2
S1221,6,4,2,3,1
S2359,1,2,1,0,0
S2793,6,1,0,1,2
S1181,5,3,3,2,3
S1485,5,2,1,2,2
S1132,3,2,1,2,1
S1242,6,3,1,2,2
S2658,2,2,1,3,1
S1063,4,4,2,1,2
S2001,6,2,1,3,2
S1247,3,7,2,2,1
S2190,4,4,2,1,2
S1301,1,4,2,2,1
S1474,5,5,4,2,3
S2521,4,3,1,4,1
S2336,3,3,4,2,2
S1099,4,9,1,2,1
S2083,1,4,2,2,2
S2173,1,5,2,1,1
S2530,5,4,1,2,1
S1568,6,5,0,2,1
S2436,5,3,2,2,2
S2439,2,1,0,1,3
S1185,4,2,2,3,1
S2742,6,3,5,2,2
S2365,1,2,1,2,1
S1075,1,2,1,2,1
S2337,3,3,1,1,1
S2762,4,4,1,1,0
S1421,1,2,1,2,2
S2683,6,3,1,2,1
S1354,4,2,1,3,1
S2332,5,5,1,2,2
S1374,3,4,1,2,0
S2394,5,5,1,1,1
S2755,3,2,1,1,2
S1254,3,3,3,2,1
S2173,5,4,2,1,1
S2581,1,4,3,4,2
S1514,4,2,1,3,1
S2407,3,4,1,1,0
S2182,6,1,1,1,2
S1148,3,2,1,2,3
S1202,1,4,1,2,1
S2084,5,5,2,1,1
S2685,2,4,1,3,1
S2571,2,2,1,1,0
S1220,6,1,3,2,1
S2228,6,4,2,0,0
S1335,2,4,2,2,1
S2363,1,4,1,3,1
S1374,2,2,1,2,0
S2516,4,3,3,2,1
S1491,5,5,1,2,1
S1069,1,5,4,2,2
S1272,6,3,3,3,1
S2373,1,5,2,2,2
S1234,4,3,1,4,1
S1214,6,4,2,1,2
S1591,6,2,1,1,2
S2527,3,3,1,2,1
S2197,5,1,1,2,1
S2417,2,1,1,3,1
S2625,3,5,2,2,1
S1366,1,3,1,2,2
S1290,1,3,1,3,1
S2522,5,3,2,3,2
S2108,5,4,2,2,1
S2476,3,3,2,2,1
S2189,4,4,2,2,1
S1566,5,0,0,1,0
S2260,6,4,1,0,0
S1504,3,2,1,2,1
S2267,2,2,1,1,0
S2513,3,3,2,2,2
S2050,5,5,1,2,1
S2553,3,3,1,2,1
S1274,1,1,0,0,1
S1581,6,4,1,3,1
S1430,5,3,1,2,1
S2060,6,2,2,2,2
S2473,4,4,2,2,3
S2025,4,3,1,1,1
S1206,6,1,0,3,1
S2287,1,1,1,1,2
S2153,1,4,1,3,0
S1400,6,3,1,3,2
S2516,5,5,2,2,1
S2056,1,3,2,2,2
S2738,2,3,1,1,1
S2453,3,5,2,3,1
S1097,2,4,2,2,1
S2338,4,4,1,0,1
S1450,3,2,0,1,2
S1583,5,3,1,2,2
S2465,5,4,1,3,1
S1031,5,3,3,1,2
S2127,5,4,2,2,1
S2220,1,3,0,4,1
S2050,2,2,2,1,1
S2304,6,3,1,2,1
S2750,2,3,1,2,1
S1521,5,3,2,1,0
S1581,4,5,1,2,1
S2522,3,5,1,2,2
S2645,6,4,2,2,1
S1516,4,2,1,2,1
S2242,1,2,1,2,1
S2171,1,3,1,2,1
S2594,2,3,1,2,1
S2521,1,1,2,2,2
S1184,1,2,2,2,3
S1058,6,4,1,1,0
S2108,4,3,1,2,2
S2187,2,3,1,2,2
S2530,2,4,1,2,1
S2339,6,2,1,2,1
S2051,4,4,1,2,3
S2598,3,1,1,2,1
S1157,6,3,1,3,1
S2147,5,2,0,3,1
S2198,2,3,3,3,2
S1059,1,2,0,0,1
S1213,4,5,1,4,1
S2291,3,4,1,3,1
S2692,1,5,1,1,1
S2218,6,1,0,2,1
S2712,3,4,1,4,1
S2634,2,2,2,2,1
S2219,3,3,2,1,1
S1199,2,3,2,1,1
S2448,4,4,1,3,2
S1579,2,2,1,2,1
S1510,2,4,2,2,2
S1116,5,3,1,1,1
S1446,6,3,3,2,2
S2564,5,6,2,2,2
S1037,5,4,1,2,1
S2297,2,4,1,2,1
S1130,4,2,1,2,1
S2175,3,3,2,2,1
S2270,4,3,1,2,1
S1140,1,4,1,2,2
S1015,5,3,1,2,1
S1128,3,2,2,2,1
S2372,6,4,1,2,1
S1299,3,3,1,3,1
S1492,1,2,0,2,3
S1206,5,2,0,3,3
S1415,4,3,1,2,1
S2693,3,4,2,1,1
S1203,2,4,1,2,1
S1036,1,7,2,3,1
S2540,3,4,1,2,1
S2550,4,2,1,3,1
S1193,6,3,1,3,1
S1097,3,3,1,4,1
S2331,4,3,1,4,1
S2306,2,1,0,3,1
S1465,1,6,2,2,2
S2151,1,5,1,4,1
S1232,2,2,1,1,1
S2443,1,3,2,1,2
S2733,3,4,2,2,1
S1588,5,4,1,3,1
S2219,4,3,2,2,2
S2085,6,2,0,1,2
S2343,6,3,1,1,0
S2027,4,2,2,3,2
S2088,6,3,2,2,1
S2371,2,2,0,3,2
S2775,3,3,2,4,2
S2715,4,1,1,3,2
S2607,5,4,1,2,2
S2333,5,4,3,2,1
S2617,1,3,2,2,1
S1165,2,1,0,3,2
S2231,5,2,2,1,1
S2789,5,3,2,3,2
S2535,5,5,2,1,0
S2571,1,2,1,2,0
S1382,4,4,2,2,4
S2310,5,3,1,2,0
S2269,2,2,2,2,1
S2775,4,4,1,2,1
S2182,1,1,0,2,2
S2330,5,3,1,1,2
S2754,3,4,2,3,1
S2222,3,0,0,4,1
S2279,6,4,2,2,1
S2621,3,3,1,2,1
S1109,3,4,1,2,1
S2675,3,2,1,4,2
S2757,1,4,2,2,1
S2141,2,1,0,1,2
S2444,4,1,0,2,1
S1085,5,3,2,2,1
S1237,3,7,1,2,2
S2561,5,2,1,1,1
S1513,3,4,1,2,1
S2487,2,3,1,2,3
S2054,1,3,1,3,2
S1338,3,3,1,2,1
S2606,4,5,2,2,1
S1183,2,1,0,2,1
S2225,4,4,2,4,1
S1052,5,4,2,2,1
S1097,5,3,2,3,1
S2392,6,2,2,3,1
S2699,4,4,1,2,2
S2604,2,5,2,2,1
S1548,2,4,1,2,1
S2393,6,4,2,3,4
S1399,4,3,1,2,2
S1269,4,4,2,4,2
S1249,4,1,0,2,3
S2329,6,5,2,1,1
S2270,2,4,1,2,1
S2360,5,3,1,1,1
S2588,2,4,3,2,1
S2056,2,3,1,2,2
S1397,5,5,1,3,2
S1587,2,2,0,2,1
S1529,3,5,1,2,2
S2408,6,2,1,3,2
S1301,2,3,1,3,2
S2567,6,4,2,2,1
S1571,3,4,2,2,1
S1451,5,3,1,3,2
S2154,2,1,1,2,1
S2557,4,3,1,2,2
S1288,1,4,1,2,1
S1560,2,4,1,3,1
S2664,2,2,1,2,2
S2368,2,5,1,2,1
S2217,3,1,0,2,2
S1122,6,1,1,2,3
S2236,3,4,0,2,1
S2273,5,4,2,2,1
S1544,5,2,1,2,3
S2450,2,6,1,1,2
S2381,2,5,1,2,1
S1272,1,5,1,4,2
S2115,5,5,2,3,1
S1336,3,3,1,2,1
S2287,2,1,0,1,1
S1427,6,2,0,2,1
S2616,1,2,0,6,1
S1146,6,3,1,2,1
S1402,4,3,3,2,1
S2070,2,1,0,2,0
S1097,4,3,3,2,1
S1181,1,3,1,2,3
S1045,3,3,1,2,1
S2387,5,2,1,1,2
S1301,5,4,1,3,2
S1054,3,3,1,2,1
S2156,1,5,1,4,2
S1010,4,3,1,2,1
S1381,2,4,2,2,1
S2268,5,4,2,3,1
S2425,2,0,1,1,1
S2288,6,4,1,3,3
S2157,3,2,0,2,1
S1017,5,2,1,3,1
S2278,3,5,1,2,1
S1287,6,3,1,2,2
S2525,2,3,2,3,2
S2565,3,3,2,2,1
S1330,5,3,1,2,1
S1094,5,3,1,3,1
S1599,5,4,1,1,1
S2507,2,4,2,1,2
S2331,6,6,2,2,2
S1240,3,3,1,2,1
S2287,5,3,1,1,1
S1062,5,6,1,2,2
S2626,5,3,0,2,2
S1296,2,4,1,4,1
S2681,2,4,1,2,2
S2091,5,1,1,3,3
S1119,4,3,1,3,1
S1078,3,5,2,1,1
S2171,4,6,1,1,4
S2620,6,1,1,4,1
S2754,2,2,1,3,1
S1260,2,4,3,2,2
S2678,5,2,2,2,1
S1329,5,4,2,2,2
S1282,2,1,0,2,2
S2319,3,5,1,2,1
S2491,4,3,3,3,1
S2599,2,4,2,3,1
S2315,3,2,2,2,1
S2438,6,1,2,2,1
S2531,2,3,1,3,1
S1207,6,3,1,3,2
S1241,2,6,1,2,1
S2412,3,4,2,2,1
S1290,4,5,1,2,1
S2531,6,2,1,3,1
S2106,6,4,1,2,1
S1110,3,2,1,2,2
S2657,3,2,2,2,3
S2187,5,0,2,2,1
S2490,2,3,1,2,2
S1447,5,4,1,2,0
S2589,3,3,1,1,1
S1015,1,2,1,3,1
S2453,4,2,1,3,1
S2365,4,3,2,2,1
S2430,2,4,1,1,1
S2064,6,4,1,4,1
S2366,5,3,3,3,2
S1348,1,1,2,2,1
S2143,4,4,1,4,1
S1075,5,2,2,2,2
S2276,5,2,0,4,1
S2006,6,5,1,4,1
S2705,2,3,1,3,1
S2266,3,3,1,2,1
S2294,4,3,1,2,2
S2002,5,3,1,3,2
S1053,6,4,1,3,1
S2651,3,2,1,2,2
S2162,3,4,2,3,2
S2067,6,5,1,1,1
S2584,2,2,0,3,1
S2276,3,3,0,2,1
S1285,3,4,1,2,4
S2442,5,3,2,2,1
S2758,6,2,1,2,1
S2455,6,4,2,3,1
S1202,4,3,1,2,1
S1331,5,3,0,2,1
S1398,2,4,2,3,1
S1572,6,2,1,2,1
S1551,6,3,1,2,2
S2554,4,1,0,2,2
S2487,1,4,1,1,1
S2145,6,3,1,3,1
S1079,1,3,2,1,1
S1403,3,3,1,2,2
S1228,3,5,1,5,3
S2427,4,1,0,2,1
S2203,5,1,2,2,0
S1424,3,3,1,2,1
S1529,5,4,1,3,1
S2505,3,3,1,2,1
S2329,4,5,1,1,1
S2508,1,5,2,2,1
S2698,1,1,0,1,1
S2394,2,5,1,1,1
S2601,1,3,1,2,1
S1068,2,3,2,6,1
S2651,2,2,2,2,1
S2440,2,1,1,1,2
S2022,2,5,1,4,1
S1516,6,3,1,3,3
S2193,2,3,2,2,2
S2010,3,3,1,2,2
S2358,4,2,1,3,1
S2460,4,3,1,3,2
S1486,1,7,2,4,1
S2606,5,3,1,2,1
S2747,3,3,0,3,1
S1415,3,2,1,1,2
S2567,3,4,1,2,1
S1309,6,4,1,3,1
S1244,2,4,1,4,1
S1143,3,3,3,2,2
S2724,2,2,1,3,2
S1294,6,3,1,2,1
S2456,1,5,1,3,2
S2498,1,3,1,2,0
S1525,4,4,1,2,1
S2668,4,4,1,2,2
S2503,6,3,1,2,1
S2206,3,1,0,2,0
S2166,4,5,2,2,1
S2569,2,1,0,2,1
S1492,4,3,0,2,1
S2273,6,3,3,4,1
S2248,2,2,0,2,1
S2301,1,4,1,1,2
S1162,4,1,2,1,1
S1058,5,3,1,0,0
S1534,3,4,1,3,1
S1435,4,4,1,3,1
S2513,1,3,2,2,1
S2470,4,4,1,2,2
S1487,5,4,2,2,1
S2597,6,3,2,2,1
S2228,4,5,1,1,0
S2259,3,3,2,4,1
S1042,4,3,1,2,1
S2076,3,3,3,3,1
S1020,3,2,1,2,1
S1495,5,2,0,1,1
S2202,2,4,4,2,1
S1190,6,4,1,2,1
S2725,6,2,1,1,2
S1196,6,1,0,1,0
S1343,4,3,1,2,3
S2609,4,4,1,2,1
S1256,4,2,0,2,1
S2448,1,3,1,2,2
S2215,1,3,1,2,1
S1276,1,4,2,2,2
S2610,6,4,1,3,1
S2130,2,3,1,3,1
S2334,3,2,1,1,0
S2564,2,3,1,2,1
S1253,5,4,2,2,0
S2006,5,5,1,2,1
S2114,5,3,3,3,2
S2029,4,4,2,4,1
S2768,2,4,1,2,1
S2425,4,1,0,2,2
S2501,1,2,1,1,1
S2105,6,2,0,2,1
S1476,1,4,1,2,1
S2360,1,3,3,2,1
S2605,4,3,2,2,1
S1260,1,2,1,2,1
S2457,1,4,1,1,0
S1388,2,3,1,2,2
S1390,1,3,1,2,1
S1435,1,5,2,2,1
S1520,3,5,1,2,1
S1329,6,6,3,3,1
S1534,4,3,3,2,2
S1442,3,2,2,2,1
S1264,3,3,3,1,2
S1048,2,3,1,3,0
S1001,1,3,2,2,1
S1253,6,3,1,2,0
S2314,3,3,2,1,1
S2212,4,1,0,3,1
S1530,1,3,1,3,1
S1505,1,4,2,1,2
S2713,3,5,3,1,1
S1147,5,4,1,4,1
S1003,3,1,2,5,1
S2119,4,5,2,4,1
S2052,3,2,2,3,0
S1308,5,5,1,1,0
S2116,3,3,1,1,1
S1002,3,3,1,2,2
S1506,6,3,1,2,1
S2711,5,4,1,2,1
S2243,3,3,1,4,1
S1184,2,3,1,2,3
S2275,4,3,1,2,1
S2483,2,1,3,2,2
S2794,5,1,0,2,1
S2490,4,3,2,2,1
S2773,4,4,1,2,0
S2739,6,4,1,3,1
S1061,4,1,2,2,2
S1022,2,3,0,3,2
S1404,3,5,1,1,1
S1268,4,1,0,1,1
S1192,5,1,1,2,1
S1591,1,2,1,3,1
S1240,5,7,1,2,3
S2481,1,2,1,2,3
S1231,4,4,2,3,2
S1109,5,5,1,2,1
S1248,4,2,1,3,1
S1268,6,2,0,1,2
S1019,5,3,1,3,2
S2578,4,5,2,1,2
S2471,5,3,1,1,1
S2667,3,5,1,3,1
S1387,1,3,1,2,1
S2109,2,3,1,3,3
S1247,1,4,1,1,1
S1509,6,2,2,3,3
S1530,6,3,1,4,2
S1157,2,2,1,3,1
S2462,3,5,2,2,1
S2679,4,2,1,2,1
S1442,2,1,0,3,1
S1377,2,4,4,5,1
S2290,2,2,0,2,1
S2269,5,2,1,2,1
S1035,5,3,1,2,1
S2220,2,2,1,2,2
S2229,4,3,1,1,3
S1075,2,2,2,2,1
S2396,6,3,2,2,1
S1352,3,4,1,2,1
S2711,1,4,1,3,1
S2373,4,3,1,2,1
S1078,1,3,2,1,3
S2039,4,6,1,2,1
S2183,2,3,1,2,1
S2086,2,7,1,3,1
S2640,5,3,3,2,1
S2328,2,4,1,3,2
S2688,6,3,3,2,1
S2541,1,4,1,2,3
S1586,5,3,0,3,2
S2721,2,4,1,1,0
S1195,5,2,1,2,1
S2412,6,3,1,4,1
S1590,6,4,1,2,2
S2206,1,2,1,2,0
S2353,4,4,1,3,1
S2356,6,5,1,4,1
S1495,2,3,0,2,3
S1210,2,4,2,3,1
S2494,2,2,1,1,2
S2697,4,4,2,2,1
S1106,5,4,1,3,0
S2450,5,5,1,5,2
S1155,5,5,1,3,2
S1214,2,3,1,1,1
S2474,3,3,2,4,1
S2276,4,2,0,2,1
S2582,5,2,1,1,1
S1411,6,4,3,1,1
S2489,3,5,2,2,1
S1393,2,8,3,4,1
S2364,3,4,2,1,2
S2389,4,2,2,2,1
S1496,2,3,1,2,1
S1345,5,1,2,1,1
S1430,4,4,1,1,1
S2187,1,0,0,2,1
S1297,3,3,1,2,1
S1204,1,4,1,2,2
S2266,1,5,3,3,2
S2527,2,3,2,2,1
S2542,3,3,1,2,2
S2190,1,5,1,5,1
S2316,5,5,1,4,2
S1005,4,4,1,2,2
S1460,6,3,2,1,0
S1299,1,2,1,2,1
S2641,5,5,2,3,2
S1508,2,6,1,2,1
S2025,5,3,1,1,1
S2671,3,3,2,3,2
S1311,1,6,2,3,1
S2183,3,6,1,3,1
S2297,1,2,1,2,1
S1395,4,1,0,1,1
S1159,5,4,1,1,2
S1253,1,6,1,2,0
S2753,1,2,1,4,3
S1511,2,3,1,2,1
S2582,4,2,2,1,1
S2480,5,4,2,2,1
S2448,2,3,1,2,1
S2145,1,2,0,3,1
S1311,3,3,1,1,1
S1273,6,2,2,2,1
S2214,2,3,1,2,2
S1405,4,1,0,1,2
S2757,6,2,1,2,1
S2650,3,2,1,1,4
S1434,4,1,0,3,1
S2709,4,3,2,2,2
S1589,6,4,2,1,1
S1473,2,4,1,2,1
S1478,5,2,1,3,1
S2435,6,4,1,2,1
S1456,6,0,1,3,1
S2005,2,2,1,2,1
S2265,5,2,1,4,1
S1418,1,3,2,2,1
S1472,3,3,1,1,1
S2473,1,2,1,1,1
S2434,4,1,0,1,0
S2178,2,2,2,2,2
S1405,1,3,2,1,1
S2232,1,3,1,2,1
S1046,3,2,2,2,1
S2752,4,3,2,2,1
S1196,4,1,1,1,1
S2026,5,6,2,2,4
S1048,6,3,1,1,1
S1039,6,2,1,1,1
S1048,4,2,1,1,2
S1019,6,5,4,2,2
S2253,2,4,2,2,2
S1215,3,2,0,2,1
S1399,1,2,1,3,1
S2238,4,5,1,2,2
S2050,1,2,1,1,2
S2403,2,4,1,3,2
S1264,1,4,1,1,1
S2631,3,3,2,2,2
S1360,6,3,2,1,1
S1055,4,5,2,2,2
S2435,1,4,1,3,1
S2138,3,4,2,2,1
S2555,3,4,2,2,2
S1354,2,3,1,3,1
S2663,2,3,1,2,1
S1212,5,3,1,0,0
S1311,5,5,1,1,1
S2734,3,3,2,1,1
S2106,2,4,2,2,1
S1093,6,2,1,3,2
S1251,3,3,1,2,1
S1369,1,3,1,2,3
S2346,6,3,1,0,0
S2389,5,1,1,1,2
S1068,5,4,1,3,2
S1327,4,2,2,2,1
S1491,6,4,2,2,1
S2329,2,5,1,2,1
S2589,2,4,1,1,2
S2083,6,3,3,2,2
S1132,6,3,1,2,2
S1053,4,4,2,2,1
S1538,6,3,2,3,1
S2547,6,3,1,3,1
S1269,2,2,1,3,1
S1053,3,3,1,3,1
S1034,3,1,0,1,0
S1515,2,3,3,2,0
S1211,2,3,0,2,2
S2595,4,4,2,2,1
S1584,3,6,2,2,1
S1268,1,2,0,5,1
S2727,3,1,0,1,1
S2229,1,4,4,1,1
S1089,4,4,1,3,2
S2566,2,5,1,3,2
S2036,6,2,2,3,1
S1484,4,2,0,2,1
S1268,4,1,0,1,1
S2635,6,2,1,3,1
S2016,6,4,1,1,1
S2146,4,3,1,1,1
S2511,2,3,4,3,1
S2735,6,3,2,2,1
S1118,1,3,1,2,1
S2344,6,3,3,2,1
S2389,3,2,0,2,1
S2656,5,1,0,3,1
S2086,5,6,1,3,2
S2157,6,0,1,2,1
S2523,1,2,1,3,2
S1256,1,1,0,2,3
S2761,4,4,1,2,3
S2723,4,3,2,2,1
S1209,5,3,0,2,1
S1451,4,3,2,5,1
S1531,1,2,2,1,0
S2209,4,1,0,1,2
S2198,5,3,1,3,2
S2699,3,4,2,1,1
S1264,2,3,2,1,1
S1039,1,3,1,2,1
S2644,2,3,2,2,1
S2389,6,1,0,1,1
S1076,2,5,1,2,1
S1090,2,3,0,3,1
S2358,5,4,1,2,1
S2518,4,3,1,4,2
S2204,3,5,1,2,1
S1389,2,3,3,2,1
S1276,5,3,1,2,1
S1090,3,2,0,2,3
S2157,2,2,2,2,1
S2174,6,3,2,2,1
S2110,5,3,1,2,2
S2452,4,4,1,2,1
S2440,1,1,1,1,1
S2333,4,4,2,3,1
S1479,3,3,2,1,1
S2331,6,6,2,2,2
S2062,2,3,1,3,1
S2044,6,3,0,1,2
S2141,6,1,1,1,3
S2543,3,5,1,2,1
S2641,1,5,1,2,1
S2499,5,1,0,1,0
S1062,6,2,1,3,2
S2672,2,3,2,2,3
S2605,5,2,1,3,1
S1060,4,3,1,2,1
S2271,2,5,3,1,2
S1400,2,3,1,3,2
S1371,4,2,1,2,1
S2396,1,3,2,2,1
S2565,5,2,1,2,2
S2660,3,1,1,3,1
S2661,6,3,1,2,2
S2750,6,5,2,2,1
S2065,1,2,0,2,1
S2282,6,3,1,3,1
S1130,3,4,2,2,1
S1273,4,2,2,3,4
S2709,6,5,1,2,2
S1560,6,4,1,3,1
S1428,5,3,1,3,1
S2244,6,5,1,2,2
S1539,5,1,0,3,1
S1468,6,2,0,3,1
S2216,1,4,2,3,3
S2377,1,5,2,2,2
S2516,1,4,1,2,2
S2391,5,2,0,3,1
S1583,6,3,1,4,1
S1561,6,4,1,1,2
S2395,4,2,1,2,1
S1047,2,2,3,3,1
S2702,6,2,1,2,1
S2625,5,3,1,3,1
S2631,2,4,1,2,1
S2350,5,2,2,3,1
S2618,5,3,2,1,1
S1069,3,6,2,2,1
S2700,6,1,1,2,1
S1595,6,4,0,2,2
S1334,5,3,1,2,1
S1408,5,2,3,4,0
S1105,6,3,1,3,2
S1323,3,3,2,2,1
S1008,4,4,1,2,3
S1252,5,3,1,2,1
S1288,3,4,3,3,1
S1277,3,3,2,3,2
S2276,6,2,0,3,1
S2324,2,4,1,1,1
S2563,2,2,1,2,1
S1331,4,2,0,3,2
S1532,3,2,1,2,1
S2191,3,3,1,4,1
S2777,6,4,1,2,1
S1557,5,4,1,2,1
S1343,5,5,1,2,1
S2528,5,2,1,1,1
S2083,3,4,1,2,3
S2484,1,2,1,2,2
S1279,5,3,3,3,1
S2285,4,2,2,1,0
S2423,1,6,1,3,1
S2454,1,1,1,2,1
S2115,4,4,2,3,2
S2712,6,4,1,2,1
S1411,3,4,1,2,2
S1077,1,4,2,2,3
S1074,3,6,1,2,2
S2602,1,4,1,2,2
S2185,6,3,2,1,2
S1517,6,4,1,4,1
S2134,3,2,1,2,3
S1496,1,3,1,1,2
S1038,1,1,1,2,1
S2305,2,4,1,1,1
S1463,5,2,3,2,1
S1337,4,3,1,1,0
S1543,6,3,2,2,1
S1185,6,3,1,2,2
S2564,6,5,1,3,1
S2595,5,5,2,2,1
S1526,2,5,1,1,1
S1344,5,3,2,2,2
S1261,6,4,1,1,0
S1195,6,5,2,3,1
S2351,3,1,1,1,0
S1114,5,3,2,2,1
S1424,6,2,2,2,1
S2621,1,5,2,2,1
S1315,2,3,1,1,2
S1296,5,3,1,3,4
S2551,5,2,1,2,1
S2228,1,3,1,1,1
S1261,5,4,1,1,0
S1433,2,3,1,3,1
S1526,4,3,3,1,1
S2546,2,5,1,1,2
S2126,4,3,1,3,3
S2079,5,3,1,2,1
S1123,4,2,3,3,2
S1328,1,0,2,4,1
S2098,2,3,0,2,2
S1452,1,3,2,3,2
S2772,6,3,3,3,1
S2634,4,2,2,3,2
S1410,3,4,2,2,1
S2401,5,3,1,3,1
S1100,2,2,1,2,1
S2251,2,2,1,2,1
S1422,1,2,1,1,1
S1396,2,1,0,2,1
S1112,5,2,2,2,1
S1445,3,4,1,2,1
S1540,1,1,0,3,1
S2453,6,5,2,3,1
S1343,3,2,1,3,1
S2535,6,3,2,2,1
S1519,4,1,0,2,1
S1059,2,1,0,0,0
S2331,2,5,2,2,2
S2581,6,3,2,4,1
S2387,1,4,1,1,1
S2354,5,3,1,4,2
S2153,4,2,1,1,2
S2189,6,4,1,2,2
S2752,3,4,2,2,1
S2238,1,3,1,2,1
S2008,5,4,2,3,1
S1152,1,2,1,3,1
S2030,4,3,2,2,2
S2617,2,2,1,2,1
S2079,6,3,3,3,1
S1528,1,2,2,3,1
S1067,6,4,1,2,1
S2038,6,3,2,4,1
S2332,4,4,1,3,1
S2537,1,5,1,2,1
S2051,3,4,1,2,1
S2419,5,2,1,2,1
S2475,3,5,2,2,1
S2781,6,3,1,2,2
S1238,5,2,1,2,2
S1160,6,1,1,2,2
S1436,3,4,1,3,1
S2177,1,2,1,2,1
S2763,6,3,3,2,1
S1409,5,5,3,3,1
S1170,5,1,1,3,2
S1249,2,1,1,4,2
S1022,3,1,0,2,1
S1085,6,3,1,3,1
S1116,3,1,1,3,1
S2692,6,3,1,2,1
S2366,2,3,2,2,2
S2340,3,5,0,3,1
S2115,1,5,1,2,1
S1079,2,4,1,2,2
S1241,6,4,1,2,1
S1252,4,5,1,2,2
S2411,1,2,1,2,2
S2603,1,3,1,2,0
S1258,2,4,2,2,1
S2611,3,3,3,3,2
S1206,4,2,1,2,1
S2218,1,1,0,2,1
S2218,4,3,0,1,3
S2390,5,3,1,2,1
S2758,1,4,1,3,1
S2126,6,2,0,3,1
S1051,4,7,1,1,2
S2572,2,2,2,2,2
S2637,5,2,1,3,1
S1194,4,3,1,3,1
S2321,5,2,1,2,1
S1295,3,3,1,1,1
S2174,5,4,1,2,1
S2556,4,3,1,1,1
S2489,2,3,1,2,1
S2530,3,2,2,4,1
S1389,4,3,2,2,1
S1102,2,5,1,2,1
S1010,6,2,1,5,2
S1138,2,3,3,4,1
S2059,5,2,2,2,2
S2799,3,2,2,1,1
S2347,2,3,2,2,1
S2178,4,4,2,2,1
S2745,4,4,1,2,1
S2791,1,6,1,2,1
S2663,3,5,1,2,2
S1405,6,2,0,1,1
S2749,5,3,1,2,2
S2723,6,2,1,2,1
S2453,1,4,1,4,1
S2043,6,3,2,4,3
S2619,5,5,2,2,1
S1033,5,5,1,2,1
S2656,4,3,1,3,1
S2582,2,2,4,2,1
S1076,1,2,2,3,2
S1098,2,3,1,2,0
S1244,6,3,1,2,1
S2689,5,4,3,3,2
S2215,3,3,2,3,3
S2718,1,4,2,3,2
S1307,3,2,1,2,1
S1429,6,3,1,2,1
S1054,4,3,2,1,2
S1079,6,3,1,1,1
S2049,3,2,2,1,0
S1197,4,4,1,2,1
S2111,5,5,1,2,1
S2682,1,3,2,2,3
S1336,2,5,1,2,1
S1115,2,3,2,2,1
S2670,3,3,1,1,0
S2396,3,3,1,2,3
S2350,6,3,1,2,1
S2317,1,5,2,1,1
S1016,1,5,3,3,2
S1458,5,2,0,2,1
S2553,1,2,2,1,0
S2376,6,2,1,2,1
S1099,1,5,1,3,1
S2609,5,4,1,1,1
S1240,4,2,2,1,2
S1160,2,2,0,2,1
S2091,4,1,0,4,1
S1250,6,4,2,1,0
S2546,4,4,3,2,1
S2196,4,3,1,2,1
S1484,6,3,1,4,1
S2471,4,3,3,1,2
S2120,2,6,1,3,1
S1163,3,2,1,2,1
S2607,2,5,2,2,1
S1003,4,1,0,2,1
S2705,3,3,3,2,1
S2475,4,3,1,2,1
S2426,3,7,2,1,1
S1204,4,5,1,4,1
S2464,4,3,0,3,2
S2428,3,3,3,2,1
S2552,5,3,1,2,1
S2199,6,3,0,3,1
S1519,6,4,0,2,1
S2679,5,3,0,3,2
S1239,1,4,1,3,1
S1213,1,3,3,4,2
S1328,5,2,0,2,1
S1440,3,1,0,3,1
S1553,4,2,1,3,1
S2518,5,2,2,3,1
S2503,4,7,1,3,1
S1206,1,1,0,2,1
S1102,4,4,2,4,1
S1382,5,4,2,1,1
S2783,2,4,1,2,0
S2134,5,3,2,3,2
S1321,4,4,2,2,1
S1514,6,3,2,2,1
S1325,6,6,1,4,1
S1461,2,1,0,2,1
S1498,4,2,2,2,1
S2689,2,2,1,3,1
S2406,1,2,1,3,1
S2018,2,3,1,2,3
S1070,4,3,1,2,1
S2323,2,3,1,2,3
S1183,1,2,0,1,0
S2684,6,2,0,2,1
S2163,6,3,4,5,1
S1433,5,3,1,4,1
S1579,3,3,2,2,1
S1164,2,2,0,3,1
S2241,4,0,0,3,1
S1121,2,2,1,2,1
S1331,2,2,0,4,1
S1397,1,4,1,2,2
S2089,3,4,2,2,3
S1521,3,3,3,1,2
S2544,3,3,1,3,1
S1454,4,3,1,1,1
S2615,5,3,1,3,1
S1008,3,3,1,1,1
S2638,3,3,1,5,1
S2402,5,3,1,1,1
S2670,6,3,2,2,1
S2022,5,4,2,2,2
S2296,5,1,0,2,1
S2275,1,3,1,2,1
S1293,4,3,2,2,1
S2556,1,4,2,2,1
S1544,2,4,3,3,2
S2420,3,3,2,3,1
S1011,4,6,1,1,1
S2464,5,1,0,2,1
S2677,4,4,1,2,1
S2107,6,3,3,0,0
S1040,6,3,3,3,1
S2498,6,2,1,2,1
S2305,3,4,2,1,3
S1442,4,2,0,2,2
S2522,2,4,1,3,1
S1171,4,3,2,2,3
S1316,6,2,3,1,1
S1522,4,1,0,2,2
S2569,6,1,0,2,2
S2166,5,3,1,2,2
S2751,2,4,2,3,1
S2561,2,1,0,1,1
S1524,6,1,0,3,0
S1326,1,2,1,3,1
S2127,1,4,2,4,2
S2458,3,4,2,2,1
S2630,1,2,1,1,2
S2089,4,2,3,3,1
S1046,1,5,2,3,2
S2540,5,3,1,2,2
S2693,1,3,4,1,1
S1312,2,5,1,2,1
S2244,1,5,2,3,2
S1360,2,3,2,2,1
S2276,1,2,0,2,1
S2101,1,5,1,4,1
S2518,1,3,2,3,2
S1333,1,2,2,2,1
S1370,2,3,2,3,1
S2592,2,6,2,3,1
S1242,3,3,2,2,1
S2012,2,3,1,2,1
S2351,5,1,0,1,1
S2223,5,5,2,2,2
S1013,4,3,1,3,1
S2237,1,3,1,2,1
S1077,5,4,2,2,1
S2136,5,2,0,3,2
S2357,2,5,1,2,1
S2215,2,3,3,4,2
S2406,6,4,1,1,1
S1496,6,5,1,2,1
S2303,6,2,1,1,0
S2362,5,3,2,1,1
S2380,2,2,0,1,2
S2069,4,2,3,3,1
S2471,6,2,1,1,1
S1044,1,5,3,1,1
S1137,4,5,1,1,1
S1237,5,3,3,2,2
S2034,2,4,1,2,1
S1172,6,4,1,3,1
S1141,6,3,2,2,2
S1380,3,4,1,3,1
S2061,2,3,1,2,1
S1279,4,5,2,3,2
S1500,2,5,2,3,3
S2013,5,4,1,3,1
S1283,1,1,1,1,3
S1515,5,2,2,2,1
S1259,1,4,1,1,2
S2110,3,3,1,2,3
S1316,2,2,2,1,1
S1366,2,3,2,2,1
S2116,5,3,2,2,2
S1238,2,3,2,2,1
S2353,5,4,1,3,1
S2258,4,3,2,3,2
S1526,3,4,1,2,1
S1579,1,3,1,3,2
S1583,4,4,1,3,1
S1580,4,3,2,2,1
S2629,5,2,0,1,1
S2019,6,3,1,2,1
S1598,4,4,1,1,1
S2716,3,2,0,3,1
S1407,1,5,1,3,2
S1005,6,5,1,2,1
S2796,1,4,3,3,1
S1564,5,1,0,3,1
S1193,1,3,2,2,2
S1022,5,1,1,2,1
S2164,3,4,2,3,3
S2450,4,3,2,1,2
S1550,2,2,2,1,3
S2283,2,1,1,3,2
S1402,1,2,1,2,0
S2363,5,3,2,3,1
S1271,6,2,1,1,1
S2615,3,2,1,3,1
S1105,5,2,1,2,3
S1600,4,3,1,2,1
S1248,1,2,2,4,1
S2194,2,2,1,2,1
S2143,6,2,1,2,1
S2540,6,3,2,4,1
S2250,5,3,1,3,2
S1385,2,4,2,1,1
S2363,4,4,1,2,2
S2427,3,1,3,2,1
S1497,4,5,3,3,1
S1141,5,3,2,2,1
S2385,6,2,1,1,1
S1169,5,2,1,1,0
S1428,6,4,1,2,1
S2445,1,4,1,3,1
S1143,1,2,1,2,1
S1147,1,5,2,3,1
S1500,4,5,1,2,1
S2753,6,2,1,2,1
S1216,6,4,1,2,1
S1215,2,1,0,2,1
S2343,1,4,2,1,0
S2347,6,5,2,2,1
S2406,5,4,2,1,2
S1450,4,1,0,1,1
S1507,3,4,2,2,1
S2283,5,2,0,2,1
S2412,5,2,3,2,1
S2633,5,3,1,2,1
S1289,2,3,0,4,1
S2625,6,4,2,2,1
S2622,1,1,2,2,2
S1081,3,3,2,2,1
S2243,2,2,1,2,2
S2165,4,3,1,2,1
S1076,3,3,1,2,1
S1214,3,3,1,2,2
S2116,1,3,2,1,2
S2066,6,5,0,3,1
S2745,3,2,1,3,1
S2429,3,3,0,3,2
S1019,1,3,2,2,1
S1424,1,4,1,2,1
S2289,5,2,3,2,1
S2548,3,5,2,2,2
S1276,3,3,1,2,3
S2449,6,2,1,1,0
S1386,5,2,1,2,2
S1031,3,3,1,1,1
S2463,5,2,1,2,1
S1024,4,3,1,1,1
S1595,2,1,1,2,1
S2409,6,5,1,1,1
S1230,3,2,1,2,3
S2751,5,3,2,2,2
S1399,5,3,1,2,2
S2342,2,4,2,5,1
S1461,1,2,0,2,1
S1435,5,3,1,3,5
S2227,1,6,0,2,2
S1338,4,2,2,2,1
S1559,5,2,2,2,2
S2044,4,1,0,2,1
S2230,1,4,3,2,1
S1141,4,5,2,3,1
S1356,6,1,0,2,1
S1518,3,2,2,2,1
S1083,1,3,1,2,1
S1342,1,4,2,2,2
S1428,4,4,2,2,1
S2073,4,2,2,2,1
S1140,2,3,1,2,2
S1420,3,2,2,3,1
S2461,2,3,1,3,1
S1189,6,5,1,4,1
S1589,5,3,2,2,2
S1027,1,1,0,5,1
S2370,6,3,1,4,1
S1235,3,2,1,1,2
S2021,3,5,1,2,2
S1573,5,4,2,4,1
S1365,4,4,1,2,1
S2297,5,4,1,2,1
S2200,5,3,4,1,1
S1542,2,6,1,3,1
S2207,5,5,1,2,2
S2259,4,5,1,2,1
S2356,5,2,1,2,1
S1434,1,0,0,2,1
S2213,6,5,2,2,1
S1177,2,4,2,5,1
S2263,2,2,2,2,1
S1536,2,6,2,2,1
S1098,4,3,1,1,0
S2424,1,2,2,3,1
S2610,3,4,1,2,1
S1259,4,4,1,1,1
S2428,6,5,3,2,1
S1224,1,2,1,2,2
S1247,2,4,1,2,2
S2671,1,5,2,3,2
S2717,4,5,1,3,2
S1257,2,3,2,2,1
S2526,2,5,0,2,1
S1474,4,4,1,3,3
S2256,6,2,1,2,1
S2627,5,1,0,2,1
S1040,1,5,1,3,1
S2522,6,4,1,2,1
S1173,4,1,0,1,1
S2619,6,2,1,3,1
S1510,6,5,1,2,2
S2671,5,4,1,3,2
S1223,3,7,2,2,1
S1431,3,3,1,2,2
S2096,5,3,2,1,1
S1048,5,2,1,1,0
S1115,1,6,3,2,1
S2571,6,3,2,2,0
S1531,4,4,2,1,0
S2350,4,3,1,2,2
S2285,2,4,3,1,0
S1576,4,5,2,2,3
S1104,2,1,0,2,1
S2445,3,4,2,3,1
S1498,2,5,1,2,1
S1509,3,3,1,2,2
S2192,5,2,2,2,2
S2122,1,4,2,3,3
S2328,6,5,1,2,2
S1582,4,4,2,3,1
S1317,3,2,0,3,2
S2637,6,2,1,2,1
S1537,5,5,2,4,1
S2038,3,3,2,1,1
S1118,6,4,1,3,2
S2181,2,3,3,3,2
S2369,4,3,1,0,1
S2078,1,2,0,1,1
S1547,6,3,1,2,2
S2243,4,5,2,3,1
S2649,1,3,1,3,1
S1426,3,3,2,3,2
S2149,4,3,2,2,0
S2124,5,2,0,3,1
S2108,3,2,1,1,1
S2138,5,4,1,3,1
S1499,3,3,1,3,1
S1531,2,3,1,1,4
S1281,4,3,1,4,1
S2168,5,2,2,1,1
S1467,6,4,1,2,1
S2682,3,4,2,2,2
S1466,5,5,3,2,2
S1534,2,3,1,4,1
S2105,3,1,0,2,1
S1599,4,2,2,2,2
S1106,6,3,1,2,0
S1573,3,3,2,2,2
S2121,2,5,1,2,1
S1256,5,4,1,2,1
S2460,6,2,1,2,1
S2556,5,3,1,1,2
S2163,1,4,3,4,1
S2067,2,2,1,2,2
S2578,1,3,2,2,0
S2094,2,2,1,1,1
S1378,2,3,2,2,3
S2541,3,6,2,4,3
S2780,2,2,2,2,2
S1363,2,3,3,2,1
S2136,1,3,1,2,1
S2073,5,4,2,2,1
S2613,3,2,1,1,1
S2260,5,3,1,1,0
S1103,3,3,4,3,1
S2266,5,4,1,2,1
S1494,2,3,2,2,1
S2086,4,4,1,3,2
S1512,4,2,2,1,1
S2515,2,2,3,2,2
S2323,4,2,0,2,1
S2764,2,1,0,3,2
S2134,6,3,1,3,1
S1548,3,5,1,2,1
S2220,3,1,2,1,1
S2787,4,3,0,3,1
S1447,1,3,2,1,0
S2532,4,3,2,2,2
S1062,3,5,1,3,1
S2062,6,3,1,4,1
S2288,3,3,1,2,1
S1473,5,4,1,1,1
S2753,3,4,3,2,2
S1153,2,3,2,5,1
S2515,1,2,1,3,2
S2423,6,5,1,4,1
S2397,3,4,1,2,2
S1016,1,5,3,3,2
S2094,3,2,1,2,2
S2163,3,3,1,4,1
S2590,5,4,1,2,1
S2012,5,2,1,4,4
S1369,6,3,1,4,2
S2165,3,2,2,2,2
S2708,6,4,1,5,1
S2477,5,2,2,2,1
S1550,5,2,1,1,1
S1167,6,3,1,0,0
S1562,5,3,2,1,4
S2131,4,4,1,1,0
S2166,1,4,1,3,1
S1156,2,2,1,3,1
S2705,6,3,1,2,2
S2447,3,3,3,1,2
S2237,5,4,3,1,1
S1522,1,1,0,1,2
S1585,5,3,1,2,1
S2722,5,3,2,1,1
S2462,4,3,3,2,0
S2363,6,5,1,2,1
S2630,5,2,2,2,1
S2361,3,4,2,3,1
S2431,3,4,1,2,1
S2410,4,3,1,1,3
S1422,4,2,1,3,1
S2074,6,3,2,1,2
S2490,3,2,1,2,1
S2769,1,4,1,1,1
S2538,6,3,1,1,1
S2178,1,3,1,1,1
S2156,4,4,1,2,2
S1419,5,3,1,1,1
S2742,4,3,3,2,1
S1298,1,1,0,4,1
S2321,6,4,2,3,1
S2505,2,4,1,2,2
S1208,5,4,1,2,1
S2104,1,3,1,3,2
S2784,2,3,0,3,1
S2435,3,5,1,2,1
S2493,6,3,2,2,1
S1527,1,4,1,3,1
S1028,2,3,0,3,1
S1161,4,3,1,1,1
S1229,4,3,2,2,1
S1519,3,1,0,2,1
S2338,5,2,2,1,0
S2433,4,4,3,2,1
S2250,1,2,1,2,3
S2353,1,2,1,3,1
S1245,1,6,1,1,1
S1441,6,4,2,3,1
S1033,4,4,1,2,1
S2793,4,2,0,2,1
S1589,3,3,2,2,1
S2400,5,4,2,1,1
S1422,6,3,1,1,1
S1084,4,3,2,2,1
S1171,2,3,2,1,1
S2402,1,3,3,2,1
S2351,4,2,0,3,1
S1037,6,4,2,1,2
S1342,6,4,2,1,1
S1158,3,2,2,1,1
S2490,1,2,1,2,1
S1471,1,4,2,2,1
S2285,3,2,2,1,0
S1309,4,6,2,2,1
S1388,6,3,2,2,1
S1402,2,2,3,2,0
S1212,4,2,1,0,1
S2175,1,5,1,2,2
S2223,6,4,1,3,2
S1223,5,3,2,1,1
S1220,4,4,0,2,1
S2085,5,1,0,1,1
S2712,4,4,1,2,1
S2465,1,3,1,2,1
S2270,6,3,1,2,2
S2501,4,4,0,1,3
S1053,5,5,1,3,1
S1544,4,3,3,3,1
S1186,2,3,1,1,1
S2769,3,3,1,1,2
S2413,5,2,1,2,1
S1050,3,4,2,2,1
S1356,3,1,1,3,1
S2330,6,2,3,1,1
S1484,3,2,1,2,1
S1528,6,4,0,2,2
S2224,2,3,1,2,1
S1192,1,1,0,2,2
S2057,3,5,1,3,1
S2189,3,4,2,2,3
S2552,3,2,2,2,1
S2755,2,2,1,1,1
S1499,5,1,1,2,1
S2050,3,2,1,1,2
S2319,1,4,2,3,1
S2371,4,2,1,2,1
S2012,4,4,1,2,1
S2207,2,3,1,2,2
S1511,5,4,2,1,2
S2536,5,1,0,3,1
S1108,2,2,1,2,1
S2225,2,3,1,2,1
S2094,5,3,4,1,1
S2019,4,3,3,4,2
S2266,6,4,1,2,2
S2245,1,2,1,3,1
S1305,3,5,2,2,3
S2701,3,6,1,2,1
S2500,5,3,2,2,1
S2344,2,4,1,3,1
S1477,5,2,2,3,2
S2303,1,6,2,1,1
S1467,5,3,1,2,2
S2064,4,3,2,3,2
S2745,6,2,1,3,2
S1378,1,8,1,2,1
S1236,1,3,0,3,1
S2793,5,1,0,1,1
S2542,1,3,1,2,2
S2536,6,1,1,2,2
S1168,5,5,2,2,1
S1533,3,3,2,3,1
S1262,5,3,1,1,2
S2759,4,3,2,2,1
S1200,4,4,1,2,1
S2713,6,3,1,1,1
S1197,6,3,1,2,1
S2216,4,4,2,3,1
S2269,6,3,1,5,1
S2103,3,3,2,1,1
S1259,5,3,2,3,3
S2263,4,3,1,1,3
S2339,2,2,0,3,2
S2045,5,2,1,1,1
S1075,3,2,2,2,2
S2337,6,5,1,2,1
S1426,2,1,0,2,1
S2480,1,3,2,2,1
S1100,1,2,2,2,1
S1443,1,4,2,1,1
S1215,1,3,1,2,2
S1026,5,3,1,3,2
S2660,6,2,1,2,1
S1260,3,3,1,2,1
S1531,3,2,2,1,2
S1598,3,3,1,2,1
S2643,6,3,1,2,1
S1466,2,4,3,3,1
S1350,1,4,2,3,1
S1210,1,4,1,2,2
S2742,3,4,1,2,1
S1572,3,4,2,2,1
S1306,5,5,1,4,1
S1088,6,4,1,1,1
S2104,6,2,1,2,1
S1558,2,1,0,2,1
S1074,5,5,2,3,3
S1161,1,3,3,1,3
S1126,2,4,2,1,2
S2447,5,2,2,1,1
S2638,4,2,1,3,3
S1261,3,6,2,2,1
S1551,5,2,1,4,2
S1265,3,2,1,2,1
S2323,5,1,0,3,1
S1483,5,3,1,3,1
S2638,6,4,1,4,1
S2113,6,7,1,2,2
S2020,5,2,1,3,1
S2560,2,2,1,2,1
S1020,1,1,0,2,1
S1306,3,4,1,3,1
S2410,6,3,3,1,2
S1237,2,3,1,2,2
S2383,4,3,1,1,1
S2682,2,5,1,2,2
S2133,2,3,1,2,1
S1344,6,4,1,2,1
S1061,1,2,0,2,1
S1486,5,3,2,2,2
S2308,3,1,0,3,1
S2415,3,3,2,1,0
S2024,1,3,2,2,3
S2708,4,2,1,2,3
S2059,2,2,1,4,1
S1532,5,2,1,2,1
S2089,5,3,3,2,1
S1126,5,4,1,1,0
S1134,4,3,1,2,1
S2300,6,4,1,1,2
S2111,6,3,2,2,1
S2212,6,3,0,2,2
S1056,2,1,1,2,1
S1225,1,3,2,2,1
S2335,1,5,1,2,1
S2644,4,5,1,2,2
S2591,4,2,0,2,1
S2127,6,4,3,2,1
S2707,6,2,1,1,1
S1312,4,3,3,2,1
S2149,5,4,1,1,0
S2073,6,3,2,3,1
S2781,1,4,1,1,2
S1359,2,1,1,2,1
S1573,6,3,1,2,1
S2678,3,3,1,2,1
S1012,6,3,2,2,0
S2450,6,5,3,1,1
S1485,6,3,1,2,2
S2134,2,2,1,2,1
S2139,3,3,1,1,1
S2256,4,3,2,2,1
S2787,2,1,2,3,1
S2362,1,5,1,2,0
S2664,3,2,1,2,1
S1222,1,1,0,2,2
S1290,5,2,2,1,1
S1542,5,3,1,3,1
S2199,3,3,1,3,3
S2167,6,6,1,5,1
S2011,6,3,0,3,1
S1380,2,5,2,3,1
S2772,1,2,2,2,1
S1444,2,2,1,2,1
S1295,4,5,1,1,2
S1193,4,2,3,4,1
S2481,6,5,2,2,1
S2600,3,4,1,2,2
S2099,2,4,1,2,1
S1284,5,5,1,2,1
S2284,5,2,1,2,1
S1329,4,3,1,2,1
S2468,2,5,1,3,2
S2367,5,2,1,2,1
S1281,5,3,2,3,1
S1173,1,1,0,2,2
S1247,4,7,1,3,2
S2424,6,3,1,1,2
S2009,4,2,1,1,0
S1149,3,3,1,2,3
S2545,1,2,0,3,2
S2089,2,2,1,2,1
S1397,4,4,1,2,1
S1418,5,4,1,2,2
S2537,4,4,1,2,2
S1321,1,4,2,1,1
S1559,3,4,2,2,2
S1008,6,4,2,2,4
S2157,5,0,1,3,3
S2484,2,2,1,3,2
S1237,1,3,1,3,2
S2743,3,2,1,3,1
S1561,4,3,2,1,1
S1080,3,2,1,2,1
S1393,5,4,1,2,1
S1303,4,6,2,2,1
S1148,5,2,2,3,1
S2115,6,5,2,3,2
S2675,5,3,2,2,1
S2222,6,1,0,4,1
S1427,5,1,0,2,2
S1119,1,4,1,2,1
S2024,5,2,2,1,1
S2598,6,1,1,1,1
S1227,5,1,1,2,3
S2616,4,1,0,3,1
S2107,1,4,2,0,1
S2249,5,1,0,5,2
S2748,1,2,2,2,1
S2430,5,5,1,2,1
S2264,5,3,1,2,1
S1196,3,2,0,1,0
S2548,4,4,1,1,1
S1136,3,2,1,2,1
S2763,2,5,2,3,1
S1390,6,6,1,2,2
S1390,3,4,1,3,1
S1377,6,3,1,2,2
S2617,4,3,1,3,1
S2523,2,2,1,3,1
S1563,6,3,1,2,1
S2790,6,2,1,2,1
S1239,5,5,1,2,1
S1256,6,2,0,2,1
S1324,4,2,1,3,0
S1343,2,2,1,2,1
S1534,6,7,2,2,1
S2267,1,2,3,1,0
S2772,5,3,1,3,1
S2175,6,4,2,2,2
S1086,6,2,0,1,2
S1392,2,3,2,2,1
S2133,3,2,1,3,1
S2440,6,1,1,1,1
S2205,4,2,0,1,3
S2504,3,4,1,4,2
S1006,1,1,0,2,1
S2123,1,3,0,2,1
S1329,2,2,3,2,1
S2444,2,3,0,2,2
S1466,4,4,2,2,1
S2714,6,3,1,1,1
S2187,4,0,0,3,1
S2764,3,3,1,4,2
S2386,2,5,1,2,1
S1183,5,1,1,2,2
S1112,1,3,1,2,1
S2319,4,2,3,2,1
S1555,5,3,2,3,1
S1191,4,5,2,2,3
S1458,6,1,0,1,3
S1151,4,3,1,2,1
S2370,5,4,2,2,2
S1159,4,5,1,1,1
S2074,5,3,1,3,1
S1020,2,3,0,2,1
S2785,5,3,1,3,1
S2429,4,1,1,2,1
S2605,2,2,2,2,1
S2578,2,3,1,3,0
S2607,1,5,1,3,1
S1525,5,3,1,3,2
S2747,6,1,1,1,1
S1321,2,4,3,1,0
S2699,5,3,1,3,1
S1050,2,3,1,3,2
S1137,3,4,1,2,0
S1402,3,2,1,1,0
S2284,3,3,1,3,1
S2374,2,4,1,3,2
S2058,2,5,1,1,1
S1517,2,4,2,3,2
S2500,3,3,1,3,1
S1320,2,3,1,1,1
S1459,2,4,1,2,0
S2394,3,3,2,1,1
S1193,3,3,2,2,2
S1005,1,3,2,4,2
S2246,2,3,2,2,3
S2020,3,5,1,3,3
S2775,1,2,1,2,1
S2443,2,3,3,2,1
S2158,6,2,2,3,1
S2702,4,2,1,3,2
S1288,5,3,1,3,3
S2578,6,3,2,1,0
S2721,6,3,1,1,1
S1406,2,3,2,2,1
S1422,2,3,1,2,1
S2503,2,3,1,3,1
S1466,3,3,1,1,1
S2734,4,2,1,2,2
S2379,2,4,1,2,2
S1471,3,4,3,3,3
S2218,5,2,0,1,2
S2729,6,3,2,2,1
S1591,3,3,3,2,1
S2654,5,5,2,2,0
S2531,1,2,2,2,2
S1032,5,4,1,2,1
S1580,3,4,2,2,1
S2632,1,3,2,3,1
S2581,4,3,2,4,1
S1211,5,2,1,4,1
S1386,1,3,1,2,2
S2027,1,2,2,3,1
S2568,1,3,2,3,1
S2511,1,3,1,2,2
S2584,1,3,0,3,1
S2424,5,2,1,1,2
S2710,3,3,2,2,1
S1309,1,4,1,2,1
S1146,2,4,2,2,1
S1165,6,1,0,3,2
S1580,6,3,1,3,2
S1435,3,3,1,3,1
S1110,4,2,1,1,1
S2208,4,4,1,1,0
S2250,3,5,2,1,1
S1163,2,3,2,2,1
S1054,2,3,1,4,1
S1186,3,5,1,2,1
S1476,2,4,3,3,1
S2459,3,4,1,2,3
S2693,2,4,2,1,2
S2675,2,4,1,2,1
S1524,3,4,0,1,1
S1490,6,4,1,3,1
S1167,3,3,1,0,0
S2545,4,2,2,2,2
S2593,3,3,1,2,2
S1003,1,3,0,2,1
S1197,2,7,1,3,2
S2448,5,2,1,3,1
S2367,4,2,1,3,1
S2793,2,2,0,1,2
S2730,1,2,3,2,1
S2691,2,2,1,3,1
S1231,6,2,3,3,1
S1136,6,2,2,2,4
S1202,5,5,2,2,2
S2720,1,4,1,2,1
S2137,3,3,2,3,1
S2090,5,3,1,2,1
S1078,2,3,1,3,3
S1114,6,5,1,4,1
S1433,6,3,2,2,3
S1586,3,2,0,3,1
S2236,4,2,0,1,1
S2242,3,5,2,2,3
S2747,1,3,0,1,2
S2234,2,4,1,3,1
S1557,2,3,2,1,1
S2285,5,3,2,1,2
S2069,3,4,1,2,2
S1508,1,4,1,2,1
S2794,1,1,2,3,1
S1568,5,2,0,3,2
S2584,3,3,0,4,1
S1542,6,4,1,4,1
S1544,6,3,3,2,1
S2791,3,7,1,2,1
S1267,5,4,2,3,0
S1101,1,4,1,1,1
S1253,3,3,1,2,0
S2327,1,4,2,3,1
S2212,2,3,0,2,1
S2253,5,4,1,1,1
S1600,3,1,0,2,1
S2584,5,2,0,2,1
S1303,6,3,1,3,1
S1481,6,3,1,2,1
S1278,1,2,1,3,1
S2770,2,4,0,2,2
S2106,2,4,2,2,1
S1052,6,4,1,2,1
S1302,5,4,2,2,2
S2307,1,4,0,2,1
S2672,6,5,3,3,1
S2030,1,4,1,3,1
S2296,3,3,1,2,1
S2263,6,2,1,1,1
S2070,6,1,0,2,1
S2237,6,2,2,1,2
S1497,2,3,1,2,2
S1293,5,3,3,3,1
S2341,4,2,1,3,1
S1235,1,3,1,1,2
S2158,4,2,3,2,2
S1483,1,2,1,2,1
S2102,2,5,1,4,1
S2596,4,3,0,3,1
S2333,6,2,1,3,1
S2207,3,4,1,3,2
S1510,5,3,1,2,1
S1395,3,1,1,1,2
S2766,2,4,3,3,1
S1524,5,3,0,1,1
S2277,2,3,1,1,0
S1370,4,3,1,2,1
S2585,3,5,2,3,4
S1588,6,3,2,2,1
S2328,1,3,2,2,1
S1273,5,3,3,2,1
S2648,5,3,1,2,1
S2239,5,5,2,1,1
S2245,5,5,1,2,1
S1577,1,2,1,3,2
S1383,2,3,2,2,1
S2111,3,4,2,2,1
S1216,2,4,2,2,3
S2310,4,3,2,1,0
S1221,5,4,2,2,1
S1394,5,2,2,2,1
S1341,2,3,4,1,1
S2741,3,1,0,2,1
S1020,6,2,0,2,2
S2620,2,1,2,3,1
S1440,2,1,0,3,1
S2713,2,4,2,2,1
S2572,3,4,1,1,0
S2632,3,5,1,2,1
S1446,5,4,1,2,2
S2024,6,5,3,1,1
S1090,4,2,0,2,2
S2191,6,3,2,2,1
S2513,4,4,1,2,2
S2046,1,3,1,2,1
S2673,2,4,1,3,2
S2101,3,6,2,2,1
S2470,6,3,1,3,1
S2655,2,1,1,1,2
S1501,1,3,2,2,0
S2669,2,1,0,2,1
S2171,6,3,1,3,2
S2756,6,2,1,3,2
S1063,3,4,4,1,2
S2255,5,5,2,2,1
S1511,3,4,1,1,1
S2186,3,3,1,2,1
S2253,1,6,4,1,2
S1439,4,5,2,1,1
S1459,5,2,1,2,1
S2184,1,3,1,3,1
S1196,5,1,1,1,0
S1500,3,4,1,4,2
S2418,4,5,2,1,0
S1054,5,2,1,2,3
S1292,2,1,1,3,1
S2543,2,4,1,2,3
S2765,6,2,1,3,1
S2024,2,3,1,2,1
S2497,1,2,1,0,0
S2574,2,5,2,1,2
S2274,2,3,0,2,1
S2073,2,5,2,2,2
S1042,2,5,1,3,1
S1013,5,2,2,1,1
S2080,4,3,3,2,1
S2401,3,5,2,2,3
S1320,1,3,1,2,3
S2664,4,2,1,3,1
S1367,4,6,2,2,1
S2532,3,2,1,5,2
S2060,2,4,1,2,1
S2275,3,3,1,3,2
S2790,5,3,1,2,1
S2399,5,3,3,2,1
S2364,6,4,1,2,1
S1282,1,2,1,3,1
S1107,2,1,0,2,2
S2214,3,6,1,2,1
S2475,1,4,1,5,2
S1193,2,5,2,3,1
S2206,5,2,0,2,0
S1460,1,2,1,3,0
S2566,1,5,1,2,3
S1039,6,2,1,1,1
S2768,3,4,1,2,1
S1036,6,3,1,3,1
S1417,6,5,1,3,1
S2076,5,4,1,2,3
S2231,1,2,1,1,2
S1147,4,5,1,3,2
S1516,1,2,1,3,1
S2269,1,2,1,4,1
S2452,2,3,1,1,2
S1216,1,2,1,3,1
S2492,1,2,1,3,1
S2373,2,5,1,1,1
S1281,2,3,1,2,2
S2749,4,4,1,3,1
S2245,6,2,1,2,2
S2600,2,4,1,2,1
S2636,3,3,1,2,2
S2175,4,6,2,2,1
S1480,3,7,2,1,2
S2659,6,4,1,3,4
S2765,2,5,2,1,1
S2505,5,3,1,2,1
S2776,2,3,3,2,1
S2142,4,3,2,1,1
S2579,4,2,1,2,0
S2084,6,5,1,1,1
S2614,3,2,0,1,1
S2138,2,5,1,2,1
S2466,5,3,1,3,1
S2133,5,4,1,2,1
S1115,4,3,1,1,2
S1138,5,3,2,2,2
S2420,6,3,1,2,1
S2279,2,6,1,1,1
S2586,5,1,1,2,1
S1448,6,4,1,1,0
S1463,1,4,1,5,1
S1238,4,5,5,2,1
S2457,2,4,2,2,0
S1410,2,6,1,2,2
S2378,3,1,0,2,2
S2080,5,2,1,2,1
S1489,4,2,1,2,3
S1595,4,3,0,3,1
S2457,5,6,1,1,0
S2492,3,3,2,2,2
S2487,6,4,1,3,1
S2659,4,4,2,2,2
S2123,4,2,2,2,1
S1108,4,3,2,2,2
S1451,2,3,1,2,1
S2500,1,5,3,3,1
S1404,5,4,2,3,1
S1297,2,3,1,1,1
S2544,2,4,1,1,0
S2400,3,3,1,1,0
S2667,6,3,1,4,1
S1310,5,4,0,2,1
S2371,4,2,1,2,1
S1140,6,3,1,2,2
S1150,6,5,2,2,1
S2224,6,5,2,2,2
S2243,5,3,1,3,1
S1175,1,1,0,2,2
S2544,1,4,2,1,0
S2163,4,3,2,3,1
S2588,4,4,2,2,2
S2683,3,6,3,2,1
S1039,4,3,2,1,2
S2501,5,3,1,1,1
S1226,5,2,0,3,1
S1554,2,1,1,1,0
S1103,1,2,1,2,1
S1459,3,6,1,1,0
S1008,2,4,1,1,4
S1216,5,3,2,3,1
S2616,3,5,0,2,1
S2740,2,2,1,2,1
S2133,4,2,1,3,1
S2794,3,1,1,2,2
S1331,3,2,0,2,1
S2280,2,3,2,2,1
S2661,5,4,1,2,1
S2226,6,4,1,2,1
S2589,4,3,1,2,1
S1189,4,4,1,3,1
S1125,5,5,4,3,2
S1414,1,2,1,1,1
S1262,6,4,2,2,1
S2061,6,2,2,3,1
S1117,5,3,1,2,1
S2231,6,2,1,2,1
S1519,1,3,1,3,4
S2272,5,3,2,1,1
S2551,4,2,1,2,2
S2238,6,4,3,2,3
S1158,4,2,1,2,1
S2558,2,2,1,3,1
S1468,3,3,0,2,1
S1559,2,3,1,2,2
S1508,5,3,1,2,1
S2072,4,3,2,2,2
S1267,1,4,1,1,0
S2651,4,4,1,2,2
S2602,5,4,1,2,2
S2230,4,3,2,3,2
S2549,3,3,1,2,1
S2102,6,3,2,3,1
S2649,4,3,3,2,1
S2090,3,3,1,1,1
S2482,2,2,2,3,1
S2497,5,1,0,1,0
S1328,3,0,1,2,1
S1415,1,4,1,1,1
S1308,6,4,1,2,0
S2446,6,1,0,2,1
S2603,2,4,1,2,1
S1346,4,1,2,2,1
S1094,4,2,2,1,1
S2432,6,5,1,2,1
S2587,4,2,1,1,1
S2381,5,3,1,2,2
S1507,2,3,1,2,1
S1014,4,5,1,3,1
S2779,3,3,2,3,1
S2571,3,4,1,1,0
S2139,1,4,2,2,1
S1379,4,2,1,1,1
S1127,6,3,0,4,1
S1408,6,4,1,1,0
S2603,5,3,3,1,0
S1391,1,3,1,1,1
S2093,4,5,1,1,2
S2067,4,2,3,1,1
S2759,3,4,2,3,1
S2569,5,2,1,2,1
S2231,2,4,1,2,1
S2481,2,2,1,2,1
S2095,1,3,3,1,0
S2568,2,3,3,2,2
S1475,6,4,1,1,1
S1221,2,6,1,2,2
S1367,5,2,3,1,2
S2180,2,4,1,2,3
S2196,3,3,1,3,1
S2195,5,2,1,3,2
S1158,5,2,0,1,2
S1077,3,5,1,2,1
S2398,2,4,2,2,2
S2067,5,2,1,1,1
S2527,4,3,1,2,1
S2706,2,3,1,3,1
S1214,5,3,1,1,3
S2001,2,1,2,2,2
S2040,1,4,1,2,1
S2633,3,3,3,2,1
S2329,5,4,1,2,1
S2001,3,1,1,2,1
S2485,4,1,0,3,1
S1283,2,1,0,1,1
S2691,6,3,2,4,1
S1554,3,2,0,2,0
S2454,2,1,1,2,1
S2549,4,3,1,3,3
S1193,5,2,1,3,1
S1477,4,4,1,3,2
S1362,3,3,2,2,1
S2703,4,2,2,2,2
S2345,3,5,1,2,1
S2706,6,3,1,1,1
S2753,5,2,2,2,1
S2613,2,2,0,2,1
S1454,3,5,1,1,1
S2055,4,5,1,3,1
S1312,1,3,2,4,2
S2444,3,3,0,2,2
S2124,1,1,0,2,1
S1094,1,5,1,2,1
S2619,3,2,2,3,1
S1035,1,3,1,3,1
S2223,2,4,1,3,2
S1198,5,5,4,3,2
S2101,6,3,1,2,2
S2050,6,3,1,1,2
S2037,3,1,0,2,2
S1055,5,5,1,3,1
S2554,6,1,0,3,2
S1227,3,2,0,2,1
S1012,5,4,1,1,0
S2114,3,4,1,2,1
S2225,1,4,2,2,1
S1472,6,2,2,2,3
S2352,4,5,1,2,1
S2325,3,4,1,2,1
S1146,4,3,1,2,1
S2127,4,3,2,2,1
S1254,5,3,1,2,1
S1457,4,2,1,2,1
S2283,4,1,0,2,1
S1043,5,4,2,2,1
S1016,3,2,1,1,3
S1523,2,2,2,3,1
S2431,1,3,1,1,1
S1590,5,4,2,5,1
S2391,6,1,0,2,1
S2743,5,5,2,2,3
S2197,1,1,0,2,1
S2259,1,3,3,2,2
S2163,2,5,2,3,1
S2482,5,3,1,3,1
S1176,6,4,2,3,1
S2146,1,4,1,1,1
S2781,2,3,1,1,2
S1416,2,3,1,1,1
S2616,5,3,1,3,1
S2769,4,3,2,1,3
S2586,2,3,1,3,1
S1571,1,3,1,3,0
S2581,3,3,1,3,1
S1267,3,4,4,2,1
S1421,5,4,1,2,1
S2466,2,3,1,3,2
S1074,4,3,2,3,2
S2483,6,2,2,3,1
S2782,3,3,1,3,2
S2358,3,4,2,2,1
S1493,4,2,1,1,1
S2733,1,4,2,2,2
S2767,1,2,1,2,1
S1540,5,1,1,2,1
S2201,6,4,1,3,2
S1302,3,4,2,3,1
S2071,3,3,1,4,1
S2308,2,1,0,2,2
S2715,5,2,0,2,1
S2540,1,6,1,2,2
S2495,6,2,2,2,1
S2316,3,3,1,2,1
S1111,4,3,1,3,1
S1530,4,2,2,2,1
S1089,1,2,2,3,1
S2528,4,2,1,1,1
S1431,4,2,3,2,2
S2232,6,4,2,2,1
S1112,2,5,1,2,1
S1126,1,2,1,1,0
S1053,1,3,2,3,1
S1133,2,3,1,2,2
S2001,4,3,0,3,1
S2025,1,3,1,3,1
S1541,6,2,3,3,1
S2188,5,2,0,1,2
S2258,3,4,2,2,2
S2709,3,4,1,2,1
S1080,6,4,2,3,2
S1105,3,2,1,2,2
S2120,6,3,1,3,2
S2734,1,2,1,3,1
S1189,1,3,2,3,1
S1339,5,1,0,1,1
S1287,4,4,1,3,2
S1088,3,6,1,1,1
S2445,4,4,2,2,1
S1475,1,3,3,1,1
S1296,3,3,2,3,2
S2560,1,4,2,2,2
S2554,2,2,0,2,1
S2536,3,1,0,2,1
S2085,1,2,2,2,3
S1517,3,4,2,2,1
S2580,4,1,0,5,1
S2038,5,4,1,2,1
S2214,1,3,2,2,1
S1370,6,5,1,2,1
S2179,1,5,3,2,1
S1015,3,2,1,3,1
S1403,5,3,1,3,2
S1471,2,6,2,2,1
S2373,3,3,1,1,1
S2040,2,3,2,2,1
S2597,5,4,1,2,2
S1455,3,3,1,1,1
S2495,3,6,1,1,1
S1536,5,2,0,3,2
S1182,4,5,2,1,2
S1024,5,4,2,2,1
S1506,3,5,1,2,1
S2213,2,3,1,2,1
S2037,6,2,0,2,1
S1376,3,2,2,2,1
S2512,6,2,1,2,2
S2537,3,5,3,3,2
S2278,3,5,1,2,1
S1211,1,1,0,2,1
S1353,4,4,1,2,3
S1109,4,3,2,4,1
S2712,1,4,2,2,2
S1100,3,3,1,3,2
S2550,5,2,0,3,1
S1322,2,4,1,1,2
S1234,3,3,2,3,2
S2112,1,3,4,2,3
S2770,4,2,0,3,2
S1366,6,3,1,3,1
S2104,2,4,3,2,1
S2757,3,2,1,4,1
S2430,6,6,1,1,1
S2182,5,1,0,3,1
S1294,3,4,1,4,1
S1130,2,2,3,2,1
S2751,3,4,2,2,1
S2069,1,2,2,2,2
S1383,4,3,1,2,1
S1035,4,2,1,2,1
S1203,1,6,1,2,2
S2176,3,5,1,1,1
S2353,2,5,1,2,1
S1140,5,5,1,2,1
S2286,5,4,1,2,2
S1410,5,3,2,4,1
S2784,4,3,0,2,1
S2205,1,2,0,2,1
S2706,4,2,2,2,2
S2335,3,2,3,3,3
S1361,5,3,1,3,1
S1511,4,6,3,1,1
S2053,6,3,1,2,1
S2512,4,2,1,3,1
S1113,3,3,1,2,2
S2674,4,3,1,3,1
S2478,3,4,1,2,1
S2681,6,6,3,1,1
S2627,6,2,1,4,2
S2403,1,2,1,2,1
S2748,3,3,1,2,1
S1022,1,2,0,6,2
S1310,2,1,1,3,2
S1523,6,3,3,5,2
S2642,1,4,3,2,1
S1539,3,2,0,2,2
S2556,3,5,1,2,1
S2265,1,3,2,2,1
S2658,4,1,1,4,3
S1532,6,5,1,2,1
S1374,6,4,2,2,0
S2401,4,4,2,2,1
S2282,4,4,1,2,2
S1024,3,4,1,1,1
S2673,3,3,1,4,2
S2368,6,4,3,3,1
S2583,3,5,2,2,1
S2751,6,4,1,4,1
S2720,2,3,1,2,2
S1204,5,2,1,2,1
S1448,4,4,2,3,1
S1011,3,5,3,1,2
S2480,2,3,1,3,1
S2654,6,5,1,2,0
S2399,2,2,1,2,1
S1286,5,2,0,2,1
S2777,5,3,1,3,2
S1432,2,3,2,1,1
S1119,2,5,1,3,2
S2512,3,2,2,2,1
S1129,4,2,1,3,2
S1212,6,3,2,1,0
S1380,5,5,1,3,2
S2484,6,4,1,2,3
S2386,4,6,1,2,2
S2360,6,3,1,6,1
S1510,3,5,1,3,3
S1573,1,3,1,2,1
S1100,4,2,2,2,2
S1328,2,2,1,2,1
S1114,1,4,1,2,1
S1455,5,5,1,1,2
S1299,2,6,1,2,1
S2592,5,4,2,2,3
S1499,6,2,0,2,1
S1244,1,4,1,3,1
S2480,4,4,2,2,2
S2068,5,3,1,1,2
S2361,6,4,1,4,1
S2036,2,2,1,2,1
S2456,5,3,1,4,1
S1087,4,2,0,3,1
S1088,2,3,1,1,2
S1121,1,3,1,1,3
S2774,5,3,2,2,1
S1106,3,3,2,1,0
S1334,4,5,1,4,1
S2449,5,3,2,1,0
S1507,1,3,4,2,1
S2600,2,4,1,2,1
S2422,3,3,2,2,1
S2403,5,3,3,2,3
S2555,1,4,1,2,3
S2389,2,4,1,1,1
S1414,3,2,2,1,2
S2626,1,2,0,3,2
S1208,6,4,1,2,1
S1050,5,5,1,3,1
S2219,2,3,1,1,1
S2234,1,5,1,2,3
S1238,6,4,1,2,3
S2096,4,4,1,2,0
S1266,3,2,1,2,2
S2406,4,2,1,1,2
S2118,4,5,1,3,2
S1485,3,3,1,3,3
S1271,4,2,2,3,1
S1060,1,3,1,2,1
S2756,2,4,2,3,1
S1234,6,5,1,2,1
S2119,3,3,3,2,1
S1167,4,4,2,1,0
S2532,2,3,3,2,2
S1394,1,3,1,3,1
S2532,6,5,2,1,2
S1140,4,6,1,2,2
S2123,2,3,0,4,1
S1410,1,5,1,2,1
S1012,3,2,3,2,1
S2591,1,2,0,1,2
S2425,3,3,0,2,1
S1490,1,3,2,2,1
S1279,3,2,2,2,2
S2684,2,2,0,3,1
S2603,3,5,1,1,0
S2337,4,4,2,1,3
S1262,4,4,1,1,1
S2084,2,3,3,1,1
S1028,1,2,1,2,1
S1493,3,4,1,2,1
S2073,1,3,1,3,1
S1364,5,3,3,3,1
S2763,1,5,2,3,2
S1395,4,1,0,1,1
S2123,6,1,1,2,3
S2113,4,3,3,2,1
S2510,6,6,1,2,1
S2426,2,5,1,1,1
S1151,2,3,3,3,2
S2039,3,2,1,3,1
S2299,3,2,0,5,1
S2075,6,4,3,2,1
S2268,6,3,1,3,4
S2142,5,4,2,1,0
S2469,3,2,1,2,1
S1067,1,3,1,2,3
S1250,5,3,1,1,0
S2178,3,2,3,3,3
S2635,2,2,0,2,1
S2031,3,5,1,2,1
S1310,4,2,0,3,1
S2632,6,4,1,3,2
S2282,3,2,2,3,2
S2542,5,2,1,2,2
S1319,1,4,1,3,2
S2324,5,4,1,2,0
S1148,2,2,1,2,1
S1475,5,4,2,2,1
S1209,2,2,1,3,2
S1032,2,2,1,2,1
S2201,3,4,1,2,2
S2761,3,2,1,2,1
S1108,6,2,1,3,2
S1365,6,1,0,2,1
S1582,3,4,1,2,2
S2446,3,1,1,3,2
S2015,6,2,1,2,1
S2103,5,2,2,2,2
S1014,5,3,1,2,1
S2715,3,3,2,3,2
S1561,5,5,2,2,1
S1144,1,3,1,1,1
S1182,5,3,1,2,1
S2787,6,1,0,2,2
S1055,1,4,2,1,2
S2204,5,5,2,2,1
S1257,3,2,1,2,2
S1052,2,3,1,2,1
S1354,1,5,2,3,3
S2179,4,3,2,1,1
S2285,6,2,2,2,0
S2542,4,2,1,2,2
S1512,6,3,2,1,2
S1318,2,2,2,3,2
S1223,6,3,2,1,1
S2493,1,2,2,3,2
S2369,3,4,1,0,0
S2604,6,2,1,3,1
S2471,1,6,2,2,2
S2317,2,3,2,1,1
S2070,4,1,0,1,0
S1552,1,5,2,1,1
S1144,5,2,1,1,2
S1404,4,3,2,1,2
S1350,5,4,1,2,1
S2272,1,3,1,1,1
S1463,3,3,1,3,1
S2411,6,2,1,2,2
S2650,1,4,2,1,1
S2714,3,4,1,3,1
S1403,2,3,2,3,2
S2174,1,2,2,2,1
S2437,4,3,1,2,1
S1017,4,1,2,2,1
S2675,4,4,1,3,1
S1130,1,2,3,2,2
S2784,3,1,0,2,2
S2682,5,3,1,2,1
S2183,6,3,2,2,2
S1086,1,1,0,1,1
S2412,2,3,3,3,1
S2798,5,5,3,3,1
S2588,6,3,1,2,3
S1203,6,3,1,3,1
S2605,1,4,1,2,2
S2610,2,3,2,2,1
S2579,3,2,2,2,1
S1251,4,2,2,2,2
S1422,3,3,2,2,1
S2027,3,3,1,3,1
S2611,4,4,3,3,2
S1073,1,2,2,3,1
S2380,1,3,1,2,1
S1384,6,3,1,2,2
S1168,2,5,2,2,2
S2561,3,3,0,1,1
S1361,4,3,2,2,1
S2570,3,5,1,3,1
S2409,5,4,1,3,1
S1117,3,3,1,2,3
S1039,3,3,2,1,1
S1592,1,4,1,2,1
S2787,5,1,1,2,1
S1343,1,3,1,3,1
S2491,2,4,1,2,2
S2442,6,2,2,2,3
S1387,6,3,1,3,2
S1461,6,2,0,1,1
S1289,4,3,0,2,1
S2724,3,3,1,2,1
S2367,3,2,1,2,1
S2504,5,4,1,2,1
S2387,6,5,1,2,1
S1376,4,2,2,2,2
S1136,4,2,1,2,1
S1426,5,2,1,3,1
S1538,1,3,2,2,1
S2386,6,3,1,4,2
S2203,4,2,3,2,0
S2433,6,6,1,2,1
S2226,1,6,1,2,2
S2574,5,5,1,1,1
S1260,4,2,1,4,1
S2025,6,4,1,2,2
S1552,4,5,1,2,1
S2704,4,3,1,2,1
S2077,5,2,2,2,2
S2058,3,4,1,1,2
S2476,6,3,2,3,2
S2288,1,5,1,3,2
S2042,6,3,1,3,1
S1092,2,3,1,2,2
S2123,5,1,2,2,1
S2439,6,2,0,1,1
S2217,1,2,1,4,1
S2390,3,3,1,2,1
S2206,5,2,0,2,0
S2501,2,1,1,1,1
S1247,6,4,2,2,1
S1100,5,3,1,2,2
S1065,1,2,1,1,3
S2549,5,3,4,3,2
S2640,1,3,1,2,1
S2340,6,1,2,3,2
S2294,1,2,2,4,1
S1543,5,3,1,2,1
S2357,1,4,1,4,1
S1133,4,2,1,2,1
S2026,3,4,1,2,1
S2191,2,4,2,2,3
S2755,5,2,1,2,1
S2790,4,2,1,2,1
S2568,3,3,2,2,3
S2343,2,3,2,1,0
S1038,5,3,1,2,1
S2046,3,3,2,3,1
S2364,5,4,2,2,2
S2444,6,5,1,2,1
S2371,6,2,0,4,1
S2304,1,3,1,3,2
S2676,2,5,1,1,1
S2135,5,2,1,3,1
S1257,4,3,1,3,4
S1393,1,3,2,3,1
S1126,6,3,1,4,0
S2222,4,0,0,2,1
S2028,3,2,1,3,2
S1009,2,3,1,1,2
S1343,6,2,1,2,2
S2471,3,3,1,1,1
S1548,5,2,1,2,1
S1156,6,2,1,3,1
S2661,2,6,1,4,1
S1195,2,2,1,4,1
S1509,2,2,3,2,1
S2726,2,3,1,2,1
S2703,3,3,1,2,3
S1092,1,3,1,2,1
S1555,1,2,1,4,1
S1518,4,3,1,2,1
S2489,6,5,1,3,1
S1026,2,5,2,2,1
S2103,1,2,1,1,1
S2113,2,2,2,2,2
S1416,3,5,1,2,2
S2666,2,6,1,1,1
S1559,6,3,1,2,2
S2274,4,1,0,3,1
S1020,5,2,0,2,3
S1559,4,4,1,2,1
S1083,2,4,2,2,1
S2291,5,2,1,2,2
S1216,4,2,1,2,1
S1571,5,6,1,2,1
S1105,1,2,3,2,1
S2277,6,4,1,1,0
S2321,3,2,1,2,2
S1081,1,2,1,1,1
S2211,4,4,3,2,2
S1576,2,4,1,3,1
S2144,5,3,1,5,1
S2745,1,3,1,2,1
S1057,1,3,1,2,2
S2436,6,5,2,3,2
S2467,5,5,1,1,1
S2240,5,2,2,2,1
S2275,2,3,1,4,2
S2703,5,5,4,2,1
S2372,2,2,1,3,1
S1081,2,2,2,1,1
S1554,5,1,1,1,2
S2057,6,3,1,2,3
S2495,5,4,4,2,0
S2563,3,2,2,2,1
S2040,3,4,1,3,1
S1157,3,2,1,2,1
S2527,6,2,1,2,1
S1486,4,3,2,2,1
S1115,5,4,1,1,1
S1263,1,3,4,2,1
S2311,4,3,1,1,2
S2221,4,3,3,3,2
S2750,1,4,2,2,2
S1176,4,4,1,1,1
S1070,6,2,1,1,2
S1600,6,1,0,2,1
S1407,3,3,1,3,2
S1258,1,2,1,2,2
S1392,3,3,1,3,1
S2697,1,2,2,3,1
S2698,6,1,0,1,1
S2599,5,2,1,3,1
S2223,1,4,1,3,1
S2611,5,4,1,4,1
S1522,3,2,0,1,1
S1596,3,4,1,3,2
S1488,4,1,2,3,2
S1336,4,2,3,2,1
S1133,3,2,2,3,2
S1122,5,2,1,4,2
S2661,4,4,1,2,2
S1227,4,2,0,3,1
S2671,4,3,2,3,1
S1505,6,5,1,1,2
S2602,6,5,1,2,1
S1444,4,2,1,2,1
S2608,1,4,2,2,2
S1333,6,4,3,1,1
S2395,2,3,1,3,1
S2402,3,3,1,2,1
S1067,3,4,1,2,2
S1338,6,3,1,3,2
S2161,3,3,2,3,1
S1202,6,3,1,2,1
S2782,1,3,1,2,2
S2319,5,4,1,2,1
S2286,6,4,1,3,1
S2174,3,3,3,3,1
S1528,5,3,0,3,1
S1295,5,4,3,2,1
S1034,6,1,3,1,0
S2322,1,3,1,2,1
S2199,1,3,0,2,2
S1032,1,2,1,2,1
S1333,2,3,1,1,1
S1194,2,5,1,2,1
S2358,2,3,3,2,2
S2043,5,4,1,1,2
S2001,1,2,1,2,2
S2095,2,3,1,1,0
S1401,1,3,1,2,1
S2655,3,3,0,3,1
S2243,1,4,1,2,1
S2359,4,2,1,4,0
S2551,2,3,1,3,1
S1205,1,3,2,2,2
S2211,3,4,2,3,1
S2239,1,3,1,2,1
S2109,6,3,2,3,2
S2507,6,4,1,2,1
S2306,6,3,1,2,1
S2046,5,3,1,2,1
S2421,3,3,1,3,1
S1289,6,2,0,3,2
S1090,5,4,0,3,2
S1030,5,4,2,3,1
S2148,4,6,1,4,2
S2393,5,3,1,2,1
S1177,5,3,2,2,1
S2407,1,3,3,3,0
S1574,6,6,1,2,1
S2373,5,3,2,1,1
S2016,3,5,1,3,1
S2166,3,3,1,3,1
S2392,3,3,1,2,1
S1019,2,5,1,2,1
S1574,2,2,1,2,1
S1196,2,3,1,1,1
S2310,1,3,1,1,0
S1444,5,2,1,2,1
S1195,1,4,1,2,1
S2617,6,2,1,2,1
S1306,1,4,2,2,1
S2688,3,3,2,2,1
S2426,6,4,1,2,1
S2087,5,2,1,3,3
S2243,6,5,1,2,2
S1513,1,2,2,1,2
S2353,3,3,2,3,1
S1289,3,2,0,2,1
S1028,3,1,1,4,1
S2579,6,3,2,2,0
S1434,6,1,0,3,1
S1276,6,2,2,2,2
S2609,1,2,1,1,2
S1447,3,3,2,1,0
S1576,6,3,1,3,1
S2596,6,1,1,3,2
S2026,6,3,2,2,2
S2056,3,3,2,2,1
S2189,5,4,1,3,1
S2458,4,4,1,2,2
S2385,5,3,1,2,1
S2659,1,3,1,2,1
S1387,2,4,2,3,1
S2202,4,2,1,4,1
S2272,4,5,2,1,1
S2205,6,2,0,1,1
S1524,4,2,2,1,0
S1319,5,3,1,3,1
S2128,1,2,1,2,2
S2723,1,4,1,2,1
S2227,6,3,1,2,1
S2270,1,4,1,3,1
S2318,3,1,0,1,2
S1056,4,1,0,2,1
S1038,3,4,2,3,1
S1391,5,3,2,3,2
S2592,1,5,1,3,2
S2035,6,3,1,2,3
S2039,5,2,3,2,1
S2433,2,4,1,2,3
S2192,2,2,1,2,1
S2731,1,3,2,3,1
S2008,1,3,1,5,1
S1088,4,4,3,1,1
S2730,4,3,2,2,1
S1572,5,5,2,3,2
S1037,2,4,2,3,1
S1251,1,2,2,2,1
S1200,2,2,1,2,1
S1452,5,4,1,3,2
S1152,5,2,0,2,1
S1484,2,2,0,3,1
S2038,2,5,3,1,2
S1055,6,4,2,1,1
S1324,2,2,2,1,0
S2165,6,2,2,2,1
S2658,5,5,0,4,2
S1347,3,1,0,3,1
S1568,1,3,0,4,2
S1492,3,3,0,2,2
S2630,2,2,1,2,1
S1267,5,4,2,3,0
S1545,2,2,2,3,1
S1148,4,2,1,2,1
S1347,2,3,0,2,1
S2393,2,3,1,2,1
S2370,4,4,2,2,2
S1298,5,2,2,4,1
S1069,6,2,1,3,3
S1268,3,1,0,2,1
S1038,2,3,1,3,1
S1596,5,3,1,3,2
S2555,2,3,2,2,3
S1342,2,2,1,1,1
S2345,6,4,3,2,1
S1427,3,3,1,1,1
S1479,4,4,1,0,0
S2152,3,4,1,4,2
S2144,3,3,2,2,1
S2495,1,3,2,2,0
S1236,6,3,2,2,1
S2307,4,1,0,2,1
S2389,3,2,0,2,1
S2075,5,4,2,1,1
S2031,5,4,3,2,1
S2649,2,4,1,2,2
S1119,3,4,1,5,1
S2088,2,3,1,2,1
S1033,1,3,1,3,1
S2771,4,2,2,3,2
S1151,5,4,1,2,1
S2733,4,2,1,3,1
S2266,2,3,2,3,2
S1051,3,4,2,2,1
S2560,5,2,3,2,1
S1584,2,3,1,2,1
S1572,1,4,2,1,2
S1441,5,4,1,2,1
S1434,3,2,1,2,3
S1053,2,5,1,2,1
S2119,2,5,1,3,1
S1539,4,3,0,3,1
S2300,2,4,1,1,1
S2161,5,3,1,2,1
S2480,6,3,1,2,1
S1175,4,4,1,3,1
S1566,2,0,0,1,1
S1391,5,3,2,3,2
S2746,4,3,1,2,2
S1007,4,3,1,2,1
S2763,4,4,1,2,1
S2376,1,2,1,1,1
S2419,3,3,2,1,1
S1485,1,2,2,3,2
S2743,1,2,2,2,2
S2125,1,3,1,2,1
S1050,1,4,1,4,1
S2113,1,3,2,2,1
S1507,4,6,2,2,1
S2576,5,3,1,3,1
S1016,5,2,2,1,1
S2346,4,5,1,0,1
S2437,3,2,1,2,1
S2674,2,3,1,2,1
S2520,1,3,1,3,1
S1020,4,2,1,2,1
S1563,3,2,1,2,2
S1243,6,2,2,3,1
S1456,3,2,0,1,2
S2102,4,6,1,2,2
S1039,5,2,1,1,2
S2196,5,3,2,3,2
S2271,3,5,2,1,1
S2125,4,7,2,4,2
S2281,6,5,1,2,0
S1014,6,3,2,2,1
S1153,4,5,1,2,2
S2737,2,5,3,3,1
S2305,4,3,2,1,2
S1082,6,3,2,1,1
S2668,1,4,1,2,1
S2139,5,6,3,1,2
S1097,6,5,1,2,2
S1385,6,3,2,1,2
S1415,5,2,1,1,1
S2608,2,4,2,2,1
S2158,1,4,2,2,1
S1393,3,3,1,2,1
S2757,4,3,1,3,1
S2221,6,4,2,1,2
S1429,3,6,1,2,2
S2099,1,3,2,2,3
S1407,2,5,1,2,1
S2605,6,3,1,3,2
S1376,5,3,1,2,1
S2348,6,2,1,1,2
S2197,2,2,0,2,2
S2700,6,1,1,2,1
S1114,3,3,1,2,2
S2756,1,3,1,2,1
S1124,1,3,3,2,1
S2629,3,1,1,2,1
S2706,5,6,1,1,1
S2491,6,5,3,4,1
S2155,2,3,1,1,1
S1537,4,5,1,1,1
S2369,2,3,1,0,1
S1589,2,3,2,2,2
S1249,3,2,1,3,1
S1213,5,3,1,2,1
S2499,1,2,1,1,0
S1336,5,2,2,3,3
S1019,3,3,1,3,2
S1188,3,3,1,3,1
S2068,1,6,2,1,1
S1057,3,2,0,2,0
S1226,6,1,0,2,2
S2333,3,4,1,3,1
S2600,4,4,1,3,1
S1249,6,2,1,2,1
S2478,5,6,2,2,1
S2533,3,2,0,3,1
S1548,4,3,1,3,1
S2230,3,4,3,1,1
S2565,1,3,1,2,1
S1528,3,2,1,3,1
S2590,4,3,2,3,1
S1195,2,2,1,4,1
S1571,5,6,1,2,1
S2460,5,3,1,3,2
S2303,2,3,1,3,0
S2216,2,5,1,2,1
S2452,1,2,1,2,1
S1120,1,3,1,1,1
S2456,2,3,1,2,2
S2331,3,3,1,4,1
S1486,6,4,2,3,1
S2093,6,6,1,1,2
S2247,1,3,0,1,1
S2510,3,4,1,2,1
S2386,3,3,1,2,2
S2049,5,2,1,2,0
S2722,1,2,1,1,1
S2161,2,3,1,2,1
S2791,4,3,1,3,2
S1429,4,2,1,3,2
S2139,2,3,1,3,1
S2555,5,5,1,2,1
S2074,3,5,1,1,2
S1059,3,3,0,1,1
S1466,1,5,2,1,1
S2602,3,3,2,5,2
S2795,3,1,0,2,2
S1381,5,4,2,4,1
S2029,3,2,1,3,1
S2255,3,5,1,2,2
S2645,5,5,1,1,1
S1584,1,3,2,2,1
S2256,3,2,1,1,2
S2153,6,2,2,1,0
S2508,3,5,1,2,1
S1490,4,3,1,3,1
S2383,3,4,3,1,1
S2155,3,3,2,2,1
S1292,3,2,0,2,2
S2096,6,3,2,2,0
S2691,5,3,1,4,1
S1063,1,4,2,1,1
S2452,5,3,1,1,1
S2769,6,4,1,2,1
S2321,2,3,1,2,1
S2281,2,4,2,1,0
S1439,2,4,3,1,1
S2738,4,4,1,1,2
S1414,6,2,1,2,1
S1388,4,4,1,3,1
S1388,5,3,1,3,2
S1585,3,3,4,2,1
S2200,6,4,1,1,2
S2033,2,5,3,3,1
S2529,5,3,1,2,1
S2705,4,4,1,3,2
S2314,2,3,1,2,1
S2529,4,4,1,2,1
S1015,2,3,2,3,2
S1492,6,1,0,2,2
S2047,6,2,1,2,0
S2047,2,2,1,1,0
S1352,4,4,2,2,1
S2766,5,6,1,3,3
S1442,6,1,1,2,3
S2268,1,3,1,3,1
S2645,4,4,1,1,1
S2513,6,4,1,2,1
S2461,6,3,2,2,1
S2773,3,4,2,2,2
S1509,4,4,1,2,1
S2512,1,2,1,2,1
S2631,1,2,2,4,2
S2003,6,3,1,2,1
S2465,2,5,2,2,1
S2199,5,4,0,2,1
S2277,4,5,2,3,0
S2131,3,1,0,1,1
S2767,4,2,3,3,1
S1349,4,2,1,2,2
S2474,4,3,1,3,1
S1152,6,1,0,2,1
S1064,3,4,2,2,2
S2367,1,5,1,3,1
S2312,5,3,2,1,2
S2162,3,4,2,3,2
S1331,1,1,1,2,1
S2182,2,3,0,1,2
S2624,1,5,1,4,1
S2028,6,2,1,2,1
S2378,4,2,1,2,1
S1416,5,5,2,1,1
S2649,5,5,1,2,1
S2405,1,3,2,2,2
S2418,6,4,3,2,1
S1582,1,3,2,2,1
S2515,6,3,2,3,1
S2017,2,2,0,2,2
S2193,1,4,1,3,1
S1197,1,3,1,2,1
S1007,1,2,1,4,3
S2521,3,1,1,2,1
S2197,6,2,0,2,1
S2797,1,2,1,3,1
S2342,6,4,1,4,1
S2189,3,4,2,2,3
S1437,5,4,3,4,1
S2175,2,4,1,3,1
S2679,3,2,0,2,2
S2071,6,5,2,2,1
S2727,1,0,0,3,1
S2483,5,1,0,2,1
S2326,4,2,1,4,2
S2773,1,3,1,1,0
S2521,5,2,1,3,1
S1359,1,1,1,2,1
S1310,1,4,0,3,1
S2180,6,4,1,2,2
S1583,2,4,1,2,2
S2547,1,4,1,4,2
S2206,2,1,0,2,0
S1278,3,4,1,2,1
S1300,2,4,1,2,2
S2527,5,4,2,2,1
S2174,4,3,3,2,1
S2382,3,5,1,1,1
S1087,5,1,0,2,3
S2608,5,5,1,3,2
S2013,4,4,2,4,1
S2004,6,3,1,2,2
S2146,2,2,1,2,1
S2314,5,5,3,1,1
S1005,2,3,1,3,2
S2553,1,2,2,1,0
S1421,4,2,2,2,1
S1575,1,2,2,3,1
S1271,5,3,1,2,1
S2629,1,1,1,1,1
S2475,6,4,2,4,2
S2083,2,4,2,5,1
S1600,1,2,0,2,1
S1173,2,3,0,1,1
S1466,4,4,2,2,1
S1323,6,3,2,1,1
S2342,5,3,1,4,2
S2379,4,4,1,3,2
S2248,4,1,1,2,1
S2469,5,3,1,2,1
S2563,1,2,1,3,1
S1194,5,4,2,3,1
S1576,1,4,1,2,1
S2275,6,5,1,2,1
S2468,6,6,1,2,2
S2404,1,3,2,2,2
S2106,1,3,2,2,1
S1035,3,3,2,2,1
S1113,2,3,2,2,2
S1577,4,1,0,1,1
S1546,3,5,1,2,2
S2030,6,4,1,2,1
S2780,6,4,1,1,3
S1386,6,4,1,1,1
S2055,5,2,3,2,2
S1172,1,4,2,3,1
S1125,6,4,3,2,1
S2690,6,3,1,3,1
S2087,3,2,1,3,1
S1493,2,2,1,1,1
S1449,5,4,2,1,1
S2110,6,5,1,3,2
S1006,3,2,1,2,3
S2762,5,6,1,1,0
S2117,2,3,1,3,1
S2561,6,3,1,1,2
S1295,6,3,1,1,1
S1491,3,5,2,1,1
S1389,3,4,1,3,2
S2064,3,3,2,2,3
S2082,3,4,1,1,1
S2488,3,2,2,1,2
S2558,5,4,1,2,1
S2605,5,2,1,3,1
S2396,4,3,2,2,1
S2062,3,2,1,2,1
S2436,1,4,1,2,2
S1564,6,3,1,2,1
S2565,2,4,2,2,1
S2596,2,2,2,3,1
S2088,5,5,1,2,1
S1398,4,3,1,2,1
S2209,5,2,1,2,1
S1245,4,4,1,1,0
S1129,2,2,1,2,3
S2284,1,2,1,2,1
S2717,6,3,2,2,1
S2479,2,3,3,2,1
S2369,5,4,2,1,0
S2174,2,3,1,2,1
S2214,5,4,4,2,1
S1118,3,5,2,2,3
S2324,6,4,1,3,2
S2077,2,3,1,2,1
S1318,4,5,1,3,2
S2742,4,3,3,2,1
S2796,4,4,1,2,1
S2629,6,1,2,2,2
S2673,5,5,1,3,2
S1367,1,3,1,1,2
S2610,5,3,2,2,1
S1367,2,4,1,1,2
S2143,2,3,2,2,3
S2772,4,4,1,2,1
S1271,1,4,2,1,1
S2416,3,4,1,2,1
S1584,6,3,2,2,2
S2262,6,2,0,2,1
S1064,2,4,1,2,1
S1255,4,4,1,3,1
S2677,1,3,1,2,1
S1563,5,2,1,3,1
S2429,1,3,1,1,1
S2334,1,4,1,1,0
S1305,6,4,2,2,1
S2347,3,4,1,2,1
S2376,2,3,1,2,1
S1309,3,3,1,3,1
S1210,3,3,1,2,2
S1329,1,2,2,2,2
S1468,5,2,1,2,1
S2570,1,3,1,2,1
S1352,1,3,1,2,1
S1350,2,4,3,2,1
S2086,6,3,1,2,1
S1566,4,2,0,1,0
S1363,3,5,2,1,2
S1072,1,3,1,2,2
S1490,5,4,1,2,2
S2248,1,5,0,2,3
S2118,5,3,3,3,2
S2411,2,2,2,2,1
S2259,2,3,2,2,1
S1265,2,5,1,2,1
S2367,6,4,2,4,1
S1241,5,5,2,3,2
S1181,4,3,1,2,1
S1454,2,3,1,1,2
S2305,6,2,1,2,2
S1502,2,3,1,3,4
S2643,2,3,2,2,1
S1284,4,4,1,1,1
S2021,2,3,1,3,1
S2322,6,4,1,2,1
S2037,2,2,2,2,2
S2686,5,3,1,1,1
S1043,1,3,2,1,1
S2320,1,3,2,2,1
S2069,5,2,3,2,1
S2126,3,2,1,2,1
S2070,3,1,0,1,0
S2293,2,3,2,1,1
S2460,3,2,1,2,1
S1340,5,4,2,2,1
S2681,1,4,2,1,1
S2679,1,5,0,2,1
S2016,1,6,1,1,1
S1470,2,3,0,2,1
S2597,3,2,1,3,1
S1389,5,4,1,3,1
S1195,3,5,2,3,3
S2586,3,2,2,2,1
S1144,3,3,2,2,1
S2522,3,5,1,2,2
S2745,2,3,3,2,1
S2678,4,3,3,2,2
S1157,1,2,1,3,1
S1427,2,2,0,2,2
S1144,2,2,1,1,2
S2002,1,4,1,3,1
S1409,2,5,1,3,1
S2582,3,4,3,2,1
S1554,6,1,1,2,0
S2608,3,3,2,2,1
S2351,1,1,0,2,0
S1222,5,2,0,2,3
S2731,4,4,1,2,1
S2439,3,2,0,2,1
S2415,5,2,3,1,0
S1215,5,1,0,3,1
S2264,2,3,2,1,1
S1009,5,2,2,2,3
S2304,3,3,2,2,1
S2418,2,3,1,3,0
S1029,4,3,2,3,1
S2293,3,3,1,2,1
S1277,4,4,4,2,3
S1277,6,5,1,2,1
S2224,3,3,1,4,1
S2185,3,4,1,1,1
S2311,3,4,3,2,1
S2080,1,4,1,3,1
S2196,1,2,1,2,1
S1497,3,4,2,2,2
S1078,5,2,1,1,1
S2364,2,3,1,1,1
S2084,3,3,1,3,1
S1277,5,4,2,2,2
S1489,3,3,1,3,1
S2570,2,4,2,3,1
S2461,4,3,1,3,2
S2459,2,3,1,2,1
S1172,2,2,2,2,1
S1217,3,1,0,2,2
S1518,6,3,1,3,1
S1409,3,4,1,2,2
S2267,6,3,1,2,0
S2628,4,2,2,2,3
S1261,4,3,1,2,3
S2151,4,4,1,2,1
S1424,5,3,1,3,1
S2678,6,2,1,1,2
S2457,4,5,3,1,0
S2638,5,2,1,2,3
S1365,5,2,0,2,2
S1351,6,5,1,3,2
S2590,2,4,2,2,2
S2588,3,3,2,4,1
S1034,2,1,1,1,0
S2286,4,3,1,4,1
S2045,2,1,0,1,1
S2004,1,4,3,2,1
S2797,2,2,2,4,1
S1242,2,4,1,1,2
S2283,6,5,0,3,1
S1074,6,4,1,2,1
S1587,1,4,1,2,2
S2037,1,4,2,2,1
S2752,2,3,1,2,2
S2448,6,3,3,2,1
S2324,3,4,1,1,0
S1046,5,3,2,3,1
S2239,2,5,2,1,3
S1012,1,4,1,3,0
S1391,4,3,3,2,2
S1308,4,3,1,2,2
S2147,1,2,0,2,1
S2430,3,3,2,1,2
S1275,1,2,1,5,1
S1005,1,3,2,4,2
S2578,3,5,2,1,1
S1192,3,2,1,2,2
S1474,1,3,3,2,1
S2476,1,4,4,2,1
S1599,3,3,1,1,1
S2028,2,3,3,2,1
S2615,1,1,0,2,1
S1499,4,2,1,2,2
S1404,2,3,1,1,1
S2402,6,4,2,1,1
S2769,2,5,1,1,2
S2132,1,1,0,2,2
S1230,2,4,1,2,2
S1121,6,4,1,2,1
S2193,5,3,1,3,2
S2061,3,4,1,3,1
S1215,4,1,0,3,3
S1349,2,3,1,2,1
S1051,1,5,1,1,1
S2204,6,3,1,3,1
S2244,3,4,2,3,1
S2541,5,4,1,1,1
S2681,4,5,2,1,1
S2720,4,4,1,2,1
S2758,4,3,2,2,2
S1343,2,2,1,2,1
S2235,5,3,1,3,2
S1200,4,4,1,2,1
S1487,2,3,1,3,3
S2368,1,4,2,2,1
S2314,1,8,1,1,2
S1167,1,4,2,1,1
S2560,4,3,2,2,2
S2094,6,3,1,1,2
S1417,3,3,2,3,1
S1021,2,2,1,2,0
S2407,4,4,1,1,1
S2378,5,1,2,3,4
S1546,6,3,2,2,1
S2151,5,4,1,3,2
S2197,4,1,0,3,1
S2726,5,3,2,2,2
S1495,6,3,0,3,1
S2074,1,3,1,1,2
S2597,4,3,2,2,4
S2783,1,3,1,1,0
S2070,5,2,0,1,0
S2024,3,3,1,1,1
S2074,4,4,1,1,1
S2482,6,2,1,2,1
S1340,3,3,1,3,1
S2247,3,1,1,1,2
S2015,3,3,2,3,1
S1281,3,4,2,2,1
S2533,4,1,0,2,1
S1384,5,6,1,2,2
S2346,3,4,3,0,0
S1098,6,4,1,2,0
S2550,1,2,0,2,1
S1212,2,3,1,0,1
S2702,1,3,1,3,1
S2267,5,3,1,2,0
S1263,5,2,1,2,2
S2075,2,3,1,2,1
S2058,1,4,1,1,2
S2701,4,3,2,2,1
S1562,2,4,2,3,1
S2041,1,2,2,3,1
S2384,5,5,1,2,1
S2675,6,2,1,3,1
S1048,3,2,1,1,1
S1201,1,3,2,1,2
S1554,1,1,0,1,0
S2637,2,3,1,4,1
S2725,3,3,3,2,1
S1334,2,4,1,3,2
S2267,4,4,3,1,1
S2774,2,3,1,1,3
S1115,3,6,2,4,1
S2421,1,3,2,2,1
S2328,4,2,2,4,1
S1176,3,3,1,1,1
S2280,3,4,1,3,1
S1498,3,3,1,3,1
S2621,5,5,1,3,1
S1217,2,2,1,2,1
S2598,1,1,0,1,1
S2740,3,4,1,2,2
S2759,2,5,1,3,1
S1383,3,5,1,1,2
S1200,1,3,1,2,2
S1229,2,4,1,2,3
S1284,2,3,3,1,1
S2332,1,4,1,3,2
S1265,5,3,1,3,1
S1064,5,5,3,1,3
S1026,1,5,2,2,3
S1054,6,3,1,3,1
S1272,3,4,2,4,1
S1069,5,5,2,2,2
S2467,3,5,1,1,2
S2289,4,2,1,2,1
S2546,1,3,2,1,2
S2446,1,1,0,2,2
S2246,6,5,1,3,1
S2564,4,3,2,2,1
S2394,6,4,1,1,1
S2740,5,3,1,2,1
S1478,4,5,1,2,1
S1338,1,5,1,3,1
S2279,4,3,3,2,2
S2697,3,2,2,4,1
S2705,1,3,1,3,1
S2133,6,2,0,2,1
S2546,6,5,1,1,2
S2071,4,4,1,4,1
S2256,4,3,2,2,1
S2229,3,3,2,1,1
S2132,3,3,1,2,1
S2135,3,2,1,2,3
S1139,5,4,1,3,1
S1422,5,2,1,2,1
S1137,6,3,2,2,0
S1553,3,1,0,2,1
S1022,4,4,0,3,3
S1381,1,5,1,3,2
S2440,4,1,1,2,2
S2432,1,3,2,3,1
S2167,3,3,3,4,1
S1160,5,2,2,2,1
S1403,6,4,1,3,2
S2750,4,5,2,2,1
S2041,5,3,1,3,1
S1221,4,5,2,2,2
S2189,1,3,1,2,3
S1207,3,4,1,2,4
S2044,3,1,0,1,1
S1079,5,2,1,1,2
S2504,4,2,2,2,1
S1245,2,4,2,1,0
S1254,6,4,2,2,1
S2356,3,2,1,2,1
S1186,5,3,1,1,1
S1575,6,3,1,3,1
S2650,2,3,1,2,2
S2052,4,3,1,2,1
S2062,4,2,1,3,1
S1163,6,3,2,1,2
S2452,3,2,3,3,1
S1320,6,2,1,2,2
S2618,4,2,1,1,1
S2144,4,3,2,4,1
S2722,6,5,1,1,1
S2558,4,2,2,3,2
S2359,3,4,1,0,0
S1351,2,5,2,2,2
S2491,1,4,2,2,2
S2381,3,6,1,4,3
S2298,2,3,2,1,1
S1457,3,2,2,3,1
S1574,1,2,2,3,1
S2488,1,2,3,1,1
S2359,6,4,2,0,0
S1002,1,6,1,2,1
S1523,5,4,1,2,1
S1591,2,4,1,1,1
S1339,6,1,0,1,1
S2282,2,2,2,3,1
S2784,1,2,0,2,1
S2615,6,3,1,2,1
S2507,1,4,1,1,0
S2327,2,3,2,4,1
S2726,6,2,1,3,2
S1549,3,3,1,3,1
S2320,5,3,1,1,0
S1392,5,4,2,2,1
S1257,5,3,1,2,1
S2468,4,3,2,2,1
S1330,6,4,1,2,3
S2005,4,1,0,2,1
S2732,2,4,1,3,5
S2053,4,3,1,3,1
S1352,6,3,1,3,3
S2110,1,3,2,2,2
S2533,1,1,0,2,3
S2428,4,4,3,3,1
S2509,3,5,1,1,0
S1467,1,4,2,2,1
S1199,3,2,2,1,1
S2272,3,3,2,3,1
S2771,3,3,1,2,1
S2286,3,4,1,2,1
S2163,5,4,1,2,1
S2737,1,6,1,3,1
S2130,5,4,1,3,1
S1217,1,1,1,3,1
S1246,4,6,1,3,2
S2696,3,0,1,1,1
S1399,3,2,2,2,2
S2378,6,1,0,2,1
S2660,5,2,1,3,1
S2122,2,4,1,2,1
S2691,3,4,1,2,1
S2669,3,3,0,2,1
S1070,3,3,1,2,0
S1284,3,4,1,1,2
S2033,4,5,3,2,2
S1477,3,2,1,3,3
S2251,1,2,1,2,2
S2426,4,4,1,3,3
S2743,4,2,3,2,1
S1558,4,3,0,4,1
S2161,4,5,1,4,1
S1160,4,5,1,2,1
S2487,3,5,1,1,1
S1327,1,5,1,1,1
S1323,1,4,1,1,3
S1437,2,3,2,4,1
S2578,5,4,1,1,0
S2669,6,4,0,2,3
S1064,1,4,1,2,1
S2107,5,3,1,0,0
S1475,3,3,2,1,1
S2583,4,5,1,2,3
S1060,2,4,1,2,1
S2339,3,2,0,2,2
S2251,6,4,1,3,1
S1430,6,3,1,1,2
S1309,5,4,1,2,1
S2299,6,2,1,4,3
S2630,6,2,1,2,1
S1472,5,3,3,1,1
S2657,1,3,2,4,1
S2568,4,4,2,3,1
S2405,5,2,2,3,1
S2458,6,3,1,3,1
S2509,5,3,1,2,1
S2499,6,1,1,1,0
S2428,1,5,1,2,1
S2591,3,2,0,2,1
S1031,6,3,1,2,1
S2216,2,5,1,2,1
S1584,4,5,1,4,1
S2614,2,1,1,1,1
S1594,1,3,1,2,1
S1582,6,5,1,3,1
S2266,4,7,2,2,1
S2521,2,2,0,3,1
S2529,2,3,2,3,1
S2363,3,5,1,3,2
S1600,2,2,0,2,3
S1004,1,3,1,2,2
S2051,2,4,1,2,2
S2763,3,3,1,2,1
S2122,5,3,3,3,1
S2040,5,5,1,2,1
S2540,4,4,2,3,1
S1381,3,3,3,3,1
S1238,1,2,2,3,4
S1291,2,3,1,1,1
S2734,5,3,1,2,1
S1545,5,4,1,2,4
S1033,3,3,1,1,1
S2525,3,3,1,2,1
S2539,3,2,1,1,1
S1318,1,3,1,3,1
S2333,2,5,2,3,1
S2427,6,2,0,2,2
S1316,1,4,2,2,2
S1425,6,3,2,3,1
S2512,2,2,1,3,2
S2576,1,4,2,4,1
S2642,2,2,3,2,1
S2404,3,4,1,1,1
S2764,4,3,0,3,1
S2773,5,3,1,2,0
S2222,1,1,0,3,1
S1204,2,3,1,3,2
S1213,2,4,1,2,2
S1232,6,3,0,3,1
S2289,2,3,1,2,2
S1254,4,4,1,2,1
S2246,4,2,1,2,1
S2500,6,3,1,2,1
S1287,1,4,1,2,1
S1375,5,4,1,1,1
S2202,1,3,1,2,2
S2188,6,1,0,1,0
S2672,5,5,2,2,2
S2175,5,4,2,2,1
S1127,4,3,0,4,2
S2172,2,1,1,2,1
S1338,5,2,1,2,1
S2069,2,3,1,2,2
S2746,1,3,1,2,3
S2640,6,4,1,2,2
S2437,2,1,0,2,1
S1196,1,1,0,2,0
S2569,1,1,0,3,1
S1526,5,6,3,1,1
S1419,1,3,3,1,4
S1208,4,3,1,2,1
S1350,4,3,2,3,1
S1035,2,2,1,3,1
S2550,3,3,0,2,1
S1102,3,5,1,2,1
S1135,4,2,2,2,3
S1419,2,3,2,1,1
S1148,6,5,1,2,2
S1323,5,5,1,1,1
S2602,4,6,1,3,1
S2154,3,2,0,3,2
S2059,3,2,1,2,1
S2213,5,3,1,2,2
S2396,2,2,1,3,1
S2634,5,2,1,1,1
S1362,4,3,1,2,1
S1332,1,5,1,2,1
S2459,6,3,1,2,1
S2045,6,3,0,1,1
S1416,4,5,5,1,2
S1253,2,3,1,1,1
S1062,1,4,1,2,1
S2671,2,6,1,3,1
S1443,2,7,2,1,1
S1127,2,3,1,2,2
S2208,6,5,2,2,0
S1172,5,5,1,4,2
S2417,1,3,0,2,1
S2020,1,3,2,2,2
S2343,5,3,1,2,0
S2782,5,5,1,2,1
S2095,5,2,2,1,0
S1228,4,6,1,2,1
S2724,4,2,1,2,1
S1116,1,4,0,1,3
S1260,5,2,2,2,2
S2799,1,4,2,1,2
S2503,5,4,1,2,1
S2770,3,1,0,1,1
S1404,6,4,1,1,2
S2739,3,4,2,3,2
S2729,2,5,2,2,1
S1191,6,2,1,4,2
S2759,6,3,2,2,1
S1560,1,4,1,2,1
S2779,4,5,1,2,1
S2378,5,1,2,3,4
S1012,2,2,1,2,0
S2777,3,5,1,2,1
S1397,2,4,2,2,3
S2699,1,3,1,1,1
S2564,3,3,1,2,1
S2535,3,5,1,1,0
S2007,4,3,1,5,1
S1414,4,2,2,1,2
S2657,2,3,3,2,1
S2364,1,4,1,1,3
S1440,5,4,1,2,2
S1478,6,4,2,2,1
S2624,5,3,2,2,2
S2464,6,1,2,3,2
S1201,4,5,1,2,2
S2767,6,3,3,3,2
S2258,2,4,2,4,1
S2633,2,2,1,2,1
S2236,1,2,1,2,0
S2468,1,3,1,3,4
S2068,4,5,2,2,1
S1389,1,5,2,4,1
S1407,4,6,2,3,1
S2394,2,5,1,1,1
S2626,3,3,1,4,2
S2664,5,3,1,2,1
S2121,3,3,1,2,1
S1343,6,2,1,2,2
S2572,1,4,1,3,0
S2526,5,2,1,3,3
S2732,5,2,1,3,1
S2173,4,4,1,2,1
S1076,4,5,1,2,1
S2647,3,3,1,5,1
S1333,3,2,2,1,1
S1554,5,1,1,1,2
S2090,6,4,1,1,0
S2039,1,3,1,2,1
S1147,6,3,2,2,1
S2213,1,3,1,2,1
S2287,4,1,1,1,1
S1026,4,5,1,3,1
S2627,2,3,0,2,1
S1241,4,3,3,2,1
S2048,3,4,2,1,1
S2520,3,3,1,2,1
S2277,2,3,1,1,0
S2238,2,3,1,2,2
S2071,5,2,2,2,2
S1200,5,2,1,2,2
S1395,2,2,0,1,0
S1311,6,3,1,2,1
S2095,3,2,2,1,0
S2360,3,2,2,1,1
S2741,1,1,1,2,1
S1082,4,2,0,1,1
S2718,2,4,1,2,1
S1168,1,3,1,3,1
S2052,5,2,3,2,0
S1234,5,5,2,2,2
S2218,3,1,0,2,2
S2546,3,4,1,1,2
S1280,1,5,1,3,2
S1392,1,5,2,2,1
S1112,4,4,2,2,1
S2791,2,4,1,2,1
S2075,3,4,1,1,2
S2344,4,3,1,3,2
S2397,1,4,1,6,2
S2689,4,4,1,3,2
S1189,3,4,1,2,1
S1028,6,1,2,2,1
S1401,4,1,1,2,1
S2735,4,5,1,3,1
S2209,1,2,0,1,1
S1192,4,2,0,2,1
S1517,1,4,1,3,1
S2615,4,3,0,2,2
S2176,5,2,2,1,1
S1164,1,4,0,3,1
S1511,6,3,2,2,1
S2330,2,2,1,1,1
S2723,2,3,2,2,1
S1571,2,4,1,1,2
S2710,1,4,2,2,1
S2738,1,3,1,1,1
S2455,5,4,2,2,2
S2676,4,4,1,1,2
S2642,3,2,1,2,2
S2744,3,4,1,2,2
S1296,1,3,1,2,2
S2756,5,3,1,3,1
S1451,2,3,1,2,1
S2375,3,3,1,1,0
S2075,4,3,4,1,1
S2714,1,5,1,3,2
S2712,2,6,3,3,1
S1174,2,2,1,3,2
S1319,4,4,1,3,1
S2667,4,5,3,3,1
S1103,6,2,2,2,2
S2773,6,4,2,2,0
S2401,1,5,1,3,1
S2713,1,3,2,1,2
S2779,3,3,2,3,1
S2318,6,2,0,1,1
S2543,1,3,1,3,1
S2027,6,4,2,2,1
S1244,4,5,1,3,2
S1048,1,2,2,1,0
S2026,2,3,1,4,2
S1222,6,2,0,3,1
S2716,1,2,1,3,1
S2418,3,3,1,1,0
S2082,1,3,2,2,1
S2593,5,3,1,2,1
S1420,1,1,0,3,1
S2441,1,3,1,1,0
S2054,4,3,1,1,1
S1045,1,2,2,2,2
S1278,5,3,2,2,1
S1596,6,3,2,3,1
S2375,2,4,2,1,1
S1162,6,3,0,1,2
S2293,4,3,1,2,1
S2740,1,3,2,4,2
S1117,4,3,2,2,2
S2036,5,3,2,3,2
S1334,3,4,2,2,1
S2405,2,5,3,2,1
S2099,5,4,2,3,4
S1474,3,3,2,2,1
S1454,6,3,1,1,2
S1310,6,2,2,3,2
S1529,2,3,1,2,2
S1403,4,3,1,2,1
S2723,5,3,2,2,1
S2051,1,5,1,3,1
S1120,4,2,1,2,1
S1108,1,3,2,2,1
S1560,3,4,1,2,1
S1396,6,4,0,3,1
S2781,3,4,2,1,2
S2492,6,4,1,2,1
S1332,3,5,1,3,1
S2315,5,1,0,2,2
S1047,1,2,1,3,3
S1514,3,3,1,2,1
S1496,3,5,1,1,1
S1587,4,2,1,3,2
S2021,4,3,1,2,2
S2206,4,7,1,3,0
S1399,6,4,1,2,1
S2096,3,6,1,1,1
S1086,5,3,0,2,1
S1387,4,4,2,2,1
S2296,1,2,0,3,1
S1447,6,5,1,1,1
S1002,2,3,2,2,2
S2045,4,3,1,1,1
S2618,2,2,1,2,1
S2262,3,3,0,1,2
S2179,5,3,1,1,1
S1425,3,4,1,2,2
S1318,3,4,2,4,1
S2741,5,1,0,3,1
S1398,1,4,1,4,2
S1179,4,3,1,2,2
S2789,2,2,1,2,2
S1188,6,3,0,3,1
S1347,6,3,0,3,1
S2101,5,3,1,2,1
S2425,1,0,0,1,2
S2732,1,2,1,2,2
S2082,4,2,1,2,1
S2686,1,2,0,1,3
S1535,1,5,4,2,1
S1137,2,2,1,1,0
S2798,2,4,2,2,1
S1305,4,4,1,3,2
S1491,2,4,2,1,1
S1192,6,1,1,2,2
S2396,5,3,1,4,1
S2674,5,2,4,2,1
S2768,1,4,1,2,1
S2567,4,3,1,2,3
S1457,5,2,1,2,1
S2580,2,1,2,2,1
S1400,5,4,2,4,1
S1300,6,5,1,2,1
S1107,5,1,0,2,1
S2224,5,5,1,3,1
S1062,2,2,1,2,1
S2407,6,6,1,2,0
S2523,3,3,1,2,2
S2061,1,2,2,2,2
S2619,4,3,3,2,1
S2785,6,3,1,2,1
S1562,6,4,1,2,1
S1017,2,2,1,2,2
S2308,6,2,0,3,1
S1268,2,1,1,1,1
S2034,1,3,1,2,1
S2279,1,5,1,1,1
S2044,1,2,1,1,1
S2545,6,1,0,3,2
S2293,5,4,3,3,2
S1264,6,2,2,1,1
S2707,5,2,2,2,1
S2217,5,4,0,3,2
S2154,1,2,0,2,1
S2047,4,2,2,1,1
S1365,3,2,1,2,1
S1101,3,3,1,1,2
S2711,3,3,3,3,1
S2489,4,3,2,2,1
S2594,1,5,2,3,1
S1537,3,3,1,2,1
S2317,3,3,2,2,1
S2746,6,3,2,1,1
S2475,5,4,1,3,1
S2574,3,4,1,1,1
S2373,6,4,1,2,2
S2192,4,2,1,2,1
S2670,2,2,1,1,1
S1067,5,3,1,2,3
S1339,1,1,1,2,3
S2420,2,5,2,3,2
S2221,4,3,3,3,2
S2047,5,4,1,1,2
S2044,5,1,0,1,2
S1412,4,2,1,2,1
S2152,1,4,1,3,1
S2300,4,5,1,1,2
S2700,1,2,0,2,2
S2058,6,5,2,2,1
S2290,1,2,0,1,1
S2499,4,2,0,2,0
S2074,5,3,1,3,1
S1206,2,1,1,6,2
S2340,4,1,0,3,1
S1249,1,1,1,2,2
S2693,6,4,2,2,2
S2668,6,2,1,2,2
S2593,6,5,1,4,1
S1153,5,3,2,2,1
S1401,6,2,0,3,1
S1463,4,4,2,2,1
S2647,4,2,1,3,1
S1148,1,3,1,2,1
S1102,6,6,1,2,2
S1037,1,5,1,3,1
S1286,4,3,0,2,1
S1351,5,3,1,2,1
S1572,2,4,2,3,1
S2721,3,3,1,1,0
S1159,6,3,1,1,1
S1111,2,3,2,2,1
S2768,5,4,2,3,1
S2370,3,2,2,2,3
S1345,1,1,1,2,1
S1030,1,4,1,3,4
S2283,1,2,0,2,1
S2669,1,2,1,2,1
S2696,2,1,0,1,4
S2692,3,3,1,2,4
S2232,4,3,2,2,3
S1153,6,4,2,3,1
S1250,4,4,1,1,0
S2220,6,1,1,1,1
S2609,6,3,2,2,1
S2458,1,3,2,2,1
S2320,3,5,1,2,0
S1502,1,2,2,2,1
S1326,2,5,2,1,1
S1467,2,4,2,2,2
S1596,1,6,1,4,1
S2724,1,5,1,3,1
S2780,3,4,1,1,1
S2355,5,4,2,2,2
S2236,6,3,0,1,0
S1586,2,2,1,2,1
S2577,3,3,3,2,2
S2481,3,2,1,3,1
S2405,3,2,3,2,2
S1366,3,3,2,3,1
S1349,6,3,1,2,1
S2380,4,1,0,2,1
S2286,2,3,1,2,1
S1097,1,4,2,2,2
S1253,4,5,2,1,0
S2399,6,4,2,3,3
S1458,1,1,0,2,2
S1332,5,3,1,3,1
S2535,2,5,1,3,0
S1485,4,5,1,2,1
S1330,2,5,3,3,2
S2792,5,3,1,3,2
S1366,4,3,1,2,1
S2653,3,3,2,2,1
S2696,1,2,4,1,2
S1147,3,3,1,2,1
S2011,4,0,0,2,1
S2229,6,3,1,1,2
S2545,3,1,0,2,1
S1380,6,3,1,2,2
S2635,5,4,1,2,1
S2624,2,2,1,2,2
S1072,3,2,2,2,3
S1351,1,3,3,3,1
S2783,5,4,1,1,0
S1225,6,5,1,2,2
S2597,2,2,1,2,2
S2573,1,3,1,3,3
S2151,3,3,1,2,2
S1322,1,5,1,1,2
S1180,6,3,1,2,0
S2441,5,1,0,1,0
S1233,1,4,3,1,1
S2296,2,3,0,3,2
S1085,2,3,1,3,1
S1494,3,5,1,3,2
S2479,4,2,2,3,2
S1288,2,3,1,2,2
S2738,5,7,1,1,1
S2669,4,2,1,2,1
S1443,3,4,1,3,1
S1212,1,2,1,0,0
S2339,1,3,0,2,1
S2676,3,5,1,1,1
S2764,6,4,0,2,1
S2312,1,4,2,2,1
S1152,4,2,0,3,1
S1522,5,2,0,1,1
S1096,2,4,1,2,1
S1199,5,3,2,2,1
S2795,6,1,1,3,2
S2129,4,2,0,4,1
S1598,1,3,1,1,1
S2435,6,4,1,2,1
S1520,5,5,1,1,2
S2132,4,3,0,2,1
S1573,2,3,1,3,1
S2338,1,2,1,0,0
S2298,3,2,2,1,0
S1452,4,3,1,2,1
S1494,6,4,1,2,1
S2712,5,5,1,2,3
S2647,5,3,2,2,2
S2782,4,4,1,2,1
S2033,5,3,1,3,1
S2635,1,1,0,2,1
S2477,4,3,1,3,2
S2622,4,4,1,4,2
S1461,3,2,0,1,1
S2552,4,2,1,2,1
S2322,3,3,1,3,1
S2289,3,2,1,4,2
S1191,1,5,1,3,1
S2155,6,5,1,1,3
S1364,4,3,3,2,2
S1429,5,2,1,2,1
S2277,5,6,2,2,0
S1353,2,7,1,4,2
S2354,4,3,2,2,2
S2505,6,3,1,2,1
S1040,5,5,2,2,1
S1179,6,5,4,2,1
S1337,4,3,1,1,0
S2417,4,1,0,3,1
S1246,1,4,2,2,2
S1382,2,3,1,2,2
S1122,2,5,1,4,1
S1198,3,4,2,3,1
S2087,2,2,2,2,1
S2303,5,3,2,1,0
S1310,3,2,0,3,1
S2742,1,5,1,2,1
S1462,1,2,2,2,1
S2015,4,4,1,2,2
S1183,6,5,0,2,0
S1395,1,3,0,1,0
S2366,3,3,1,2,2
S1461,6,2,0,1,1
S1057,2,3,0,1,2
S1465,4,4,1,2,2
S1399,2,3,1,2,1
S2432,4,4,1,3,2
S1446,4,3,1,3,1
S2307,3,1,0,2,1
S1378,6,4,1,4,3
S1549,6,3,1,2,1
S2595,2,4,1,4,1
S2101,2,4,1,2,2
S1250,1,4,2,2,1
S2423,2,5,3,2,1
S1442,1,1,2,2,2
S2168,5,2,2,1,1
S2442,1,2,1,2,1
S2464,2,2,1,3,1
S1080,5,2,3,2,1
S2314,6,3,2,1,1
S1226,1,2,1,1,1
S2057,2,3,1,2,1
S1065,2,2,0,3,2
S2558,6,3,2,3,1
S2633,4,6,1,2,1
S2310,2,2,1,2,2
S1431,1,2,1,1,2
S1004,5,3,2,4,1
S1361,3,3,2,2,1
S1288,4,3,1,2,2
S1123,1,3,1,4,1
S2442,3,4,1,3,1
S1483,2,3,2,2,1
S1241,3,3,1,4,2
S2569,4,3,0,3,1
S1432,3,5,4,2,0
S2061,5,3,2,4,1
S1406,4,3,1,1,1
S1082,5,3,1,1,2
S2312,4,6,1,2,2
S2137,2,4,1,2,2
S2120,3,5,1,3,1
S1259,5,3,2,3,3
S2049,1,2,3,1,0
S1052,1,3,2,2,1
S2205,5,1,1,1,2
S2162,1,4,2,5,1
S2259,6,4,2,3,1
S2024,4,5,2,1,1
S2413,1,4,1,4,1
S1452,2,5,3,3,1
S1240,1,3,2,1,1
S2701,2,5,1,2,1
S2368,5,3,2,3,1
S1105,4,2,1,3,1
S2171,2,5,3,1,1
S2568,6,5,2,2,1
S2241,1,0,0,2,1
S2316,4,2,1,3,1
S2758,2,4,1,2,1
S2341,5,2,1,2,1
S2011,1,0,0,4,1
S2324,4,5,2,1,0
S1525,3,5,5,2,2
S2682,5,3,1,2,1
S1255,2,5,1,3,2
S1446,1,3,2,2,1
S2469,4,4,2,2,1
S2454,6,3,0,2,1
S2117,5,5,1,4,3
S2104,5,2,1,3,1
S2792,1,2,2,2,2
S1120,2,2,1,2,2
S2323,1,1,1,3,1
S1568,4,2,0,2,2
S2514,4,3,1,2,1
S2120,4,4,2,4,1
S1498,6,3,1,2,1
S2052,2,4,1,1,0
S2273,4,5,2,2,3
S2662,6,5,1,1,1
S2113,3,2,2,3,1
S1390,5,4,1,2,1
S2619,1,2,1,2,1
S1405,5,2,0,2,1
S2263,1,2,1,1,1
S1092,6,4,1,2,1
S1093,1,2,1,2,1
S2524,4,5,1,2,2
S2557,6,3,2,2,4
S2557,3,3,1,2,2
S2484,4,4,1,2,1
S1137,1,2,1,1,1
S2526,3,1,0,2,2
S2377,3,2,2,1,1
S1114,4,3,1,2,1
S2472,6,5,1,2,1
S1385,1,4,4,2,1
S1067,4,6,3,2,3
S2346,5,2,2,0,0
S2143,3,2,1,2,2
S1068,6,2,1,3,1
S2413,2,3,1,2,1
S1388,3,2,2,3,1
S2494,4,3,1,2,1
S1281,6,2,2,3,1
S2695,1,1,1,2,1
S2041,3,3,1,2,3
S1170,3,2,1,3,1
S2698,3,2,0,1,0
S2753,2,5,3,3,1
S2495,4,2,1,2,0
S2760,3,1,1,2,1
S1064,6,3,2,2,2
S2076,6,3,1,2,1
S2365,6,2,2,3,1
S1219,5,4,1,3,2
S2405,6,3,1,3,5
S2298,6,3,1,4,1
S2051,5,3,1,2,1
S2613,6,2,1,2,1
S1449,6,4,1,0,0
S2003,4,5,1,3,1
S1355,4,3,2,4,2
S1135,5,3,2,3,1
S2725,2,4,1,1,1
S2028,5,2,2,3,2
S2430,5,5,1,2,1
S2717,5,3,1,4,1
S2356,1,2,1,2,1
S2201,2,4,1,2,2
S1292,1,1,0,3,2
S1065,6,2,2,2,2
S2348,2,2,2,1,1
S2699,2,3,1,1,2
S2165,2,3,2,3,1
S1027,4,1,0,2,1
S2700,4,2,1,3,1
S1541,5,3,1,2,2
S2536,4,4,1,2,2
S1073,6,6,1,3,1
S2732,3,3,1,4,1
S2009,1,4,1,1,1
S2137,1,2,4,4,2
S2031,1,2,2,2,1
S1575,2,2,1,2,1
S2273,3,3,1,4,1
S1182,6,4,1,2,2
S2345,5,4,1,2,4
S1150,4,3,1,1,2
S2093,3,3,2,2,2
S1014,1,5,1,3,2
S1393,4,4,2,3,1
S2466,1,3,1,3,1
S2716,5,2,0,3,1
S2726,1,2,1,2,3
S2514,2,5,3,2,1
S2465,3,3,1,2,1
S1138,3,3,1,1,1
S1398,6,7,2,3,1
S2122,4,2,3,2,2
S2087,4,2,1,2,2
S2341,1,2,1,1,2
S2644,6,4,3,3,1
S2041,2,2,1,2,2
S2476,5,4,2,2,2
S1076,5,2,2,3,2
S1071,3,4,1,2,1
S2473,6,3,3,1,2
S2760,4,2,0,2,1
S2141,1,2,1,1,1
S1470,3,2,0,5,1
S2718,5,4,1,2,1
S2582,2,2,4,2,1
S2016,2,4,2,3,2
S1255,2,5,1,3,2
S2439,4,2,0,3,2
S2374,3,5,1,2,2
S2357,5,3,1,2,1
S2076,2,5,3,3,2
S2659,2,5,2,4,1
S2514,5,4,1,2,1
S2771,1,4,1,3,2
S2235,3,2,1,3,1
S2517,3,5,1,2,1
S1411,4,4,1,2,1
S2445,6,5,1,2,2
S1428,1,3,3,2,2
S2375,6,3,2,2,1
S2723,3,3,1,2,1
S2520,5,4,1,2,1
S1083,3,3,2,3,2
S1030,2,4,1,2,1
S2645,3,4,1,2,1
S2691,4,2,3,2,1
S2780,5,3,1,3,1
S2026,5,6,2,2,4
S1350,6,4,1,3,1
S1541,1,3,1,2,3
S1159,1,2,1,1,3
S2789,1,3,1,2,2
S2255,2,3,2,3,1
S1401,2,3,0,2,2
S2192,6,4,3,2,2
S2336,5,2,1,1,1
S2214,4,5,1,2,2
S2055,3,2,1,2,1
S2593,4,5,2,3,1
S1308,1,4,1,1,0
S1271,2,4,1,1,2
S1531,6,4,1,3,0
S2485,2,3,1,4,2
S1356,5,1,0,3,1
S1134,6,2,1,3,1
S1263,3,3,2,2,2
S2799,4,3,1,1,1
S2198,6,4,2,3,2
S2144,2,3,2,2,1
S2595,1,3,2,3,1
S2796,2,5,2,2,1
S1579,5,4,1,2,1
S1144,4,2,1,1,1
S1245,6,3,1,1,0
S1242,3,3,2,2,1
S1377,1,5,3,2,1
S1286,1,1,0,2,1
S2785,1,3,1,2,1
S1072,4,2,2,4,1
S1156,1,3,1,3,1
S2029,2,2,1,1,2
S2688,5,2,1,2,1
S1207,4,3,2,3,2
S2148,3,3,1,3,1
S2322,5,3,2,3,2
S2383,6,6,2,2,1
S1374,1,2,1,1,2
S2297,3,4,2,2,1
S1082,1,1,0,1,2
S2724,5,4,1,2,1
S1341,1,2,2,1,1
S2348,3,2,2,1,1
S1120,6,3,1,2,1
S2538,2,2,2,0,0
S2791,5,3,2,3,3
S1341,4,5,1,2,1
S1476,5,2,1,2,1
S2462,5,6,1,2,0
S2468,3,3,1,2,1
S2168,6,2,2,1,1
S2649,6,5,1,4,1
S1330,1,5,1,2,1
S2482,3,3,2,4,1
S2673,6,3,5,2,2
S1436,5,4,1,3,2
S1533,1,2,1,3,1
S2036,4,3,1,3,2
S1148,6,5,1,2,2
S1096,3,3,1,2,1
S2056,5,3,2,2,2
S2137,6,3,1,2,3
S2049,2,4,1,1,0
S2549,2,5,1,2,1
S2577,4,3,3,2,1
S2391,2,3,1,2,1
S1521,1,2,1,1,0
S1443,4,3,2,1,1
S1185,5,2,2,3,1
S1342,5,2,2,1,1
S1443,5,6,1,1,1
S2460,1,3,1,3,2
S1043,4,3,3,1,1
S2269,4,2,2,2,2
S1199,6,4,1,3,1
S2589,6,5,1,2,3
S2151,6,3,2,2,1
S2463,6,2,1,3,3
S2480,3,5,1,2,1
S2510,5,3,1,2,2
S1523,3,3,2,3,2
S2540,2,3,1,3,2
S2507,4,4,1,2,1
S2374,1,4,1,3,1
S2472,3,3,1,2,1
S2091,2,1,1,2,2
S1550,1,4,1,2,1
S2686,2,3,1,1,2
S2118,6,3,2,2,1
S2635,4,1,0,3,2
S1565,2,3,1,1,1
S1320,3,3,1,1,1
S1104,6,2,1,2,1
S1479,2,6,2,0,0
S2129,4,2,0,4,1
S1099,3,4,2,3,1
S2776,1,5,2,2,1
S2790,3,3,1,3,2
S1044,4,3,2,2,2
S2185,4,5,1,1,1
S2400,2,3,2,2,2
S1073,4,2,2,3,2
S1252,3,5,1,3,1
S1047,4,2,2,2,1
S2384,4,4,1,2,2
S2715,2,3,1,2,1
S1294,4,4,1,4,1
S1300,4,4,1,2,1
S2573,4,2,1,2,2
S2271,5,4,2,1,1
S1437,1,3,1,4,1
S2644,3,3,1,2,3
S1061,5,1,0,2,1
S2406,2,4,2,1,2
S1279,6,2,1,2,1
S2208,5,4,1,2,1
S2056,6,2,2,2,1
S2294,1,2,2,4,1
S1490,2,4,1,2,2
S1265,6,4,4,2,1
S2648,4,2,2,1,1
S2679,2,1,0,2,1
S2736,4,5,1,2,1
S2416,2,2,1,2,1
S2563,5,2,1,4,1
S1308,3,4,1,4,0
S1486,2,3,1,3,2
S2112,6,3,1,3,2
S2554,3,1,1,2,2
S2538,3,3,1,1,0
S2566,4,3,1,2,1
S2748,6,4,2,2,1
S1065,4,3,1,2,2
S2347,4,4,1,2,3
S2164,2,3,1,3,1
S2697,5,2,2,2,1
S2235,4,2,2,2,1
S2186,4,5,1,2,1
S2547,4,3,1,3,3
S2732,4,3,2,2,1
S1449,1,5,1,0,0
S2408,3,2,2,5,1
S2722,3,3,1,2,2
S2739,1,3,1,4,1
S1540,6,2,0,3,2
S2729,5,5,1,2,2
S1367,3,5,2,1,2
S1111,3,2,1,2,1
S1436,4,4,2,2,1
S1468,2,1,0,2,1
S2443,4,4,3,1,1
S2180,3,7,2,4,1
S2500,4,3,1,4,2
S2461,3,3,1,2,2
S1408,1,3,1,2,0
S2504,1,5,1,2,1
S2039,2,4,1,2,1
S2085,2,2,0,1,1
S2379,3,3,1,2,1
S2142,6,3,1,1,0
S1261,1,5,2,1,0
S1420,2,0,0,2,1
S2083,5,4,1,3,2
S1216,3,3,2,2,1
S1467,4,3,1,2,1
S1495,4,2,0,2,1
S2385,1,2,3,2,1
S2717,2,5,1,2,1
S2790,2,4,2,2,1
S2543,4,3,3,3,1
S2132,2,2,0,2,1
S2472,2,3,1,2,1
S1537,2,3,1,1,1
S2629,2,2,1,1,2
S2608,1,4,2,2,2
S1302,2,4,1,4,1
S1496,4,4,1,1,1
S2511,6,4,1,2,1
S2390,4,3,1,3,1
S1433,4,2,1,2,1
S1449,3,3,1,1,1
S1579,6,5,2,2,3
S2610,1,3,2,2,2
S2514,1,2,1,2,1
S1123,6,2,1,2,1
S1534,5,4,2,2,2
S2627,1,2,0,2,2
S2317,6,4,1,2,1
S2498,4,3,1,1,0
S2366,1,3,1,2,1
S1013,1,2,1,1,1
S2187,3,0,1,3,2
S2255,4,4,1,2,1
S2749,3,3,1,3,2
S2301,2,5,1,1,1
S1209,3,1,0,2,3
S1456,4,1,0,1,2
S1198,4,4,2,2,1
S1217,6,1,1,2,1
S2692,2,3,1,1,1
S2587,1,2,0,1,1
S2478,6,3,2,2,1
S1589,4,4,1,2,1
S2300,1,3,1,1,2
S2108,1,4,3,2,3
S1275,6,2,2,2,1
S2089,1,2,1,3,2
S2057,4,4,2,2,1
S2172,3,3,0,1,1
S1235,6,3,2,1,1
S1198,2,3,1,2,2
S2493,5,5,2,2,4
S1079,3,3,2,1,2
S1194,3,3,1,2,2
S1462,4,3,1,2,1
S2417,6,2,0,4,2
S1114,2,3,2,3,1
S1269,5,4,3,2,1
S2494,1,2,1,1,2
S2498,3,3,2,1,0
S1501,3,3,1,2,0
S2017,6,2,1,3,1
S2438,2,1,1,3,1
S1111,1,3,2,2,1
S2242,5,3,2,2,3
S1220,2,1,0,2,1
S2387,2,5,1,1,1
S1086,3,2,0,2,3
S1277,1,3,1,3,1
S2226,3,2,1,3,1
S1255,5,2,2,2,2
S1533,5,2,2,2,1
S2285,1,2,1,1,0
S2508,5,3,1,3,1
S1575,4,2,1,2,1
S2049,6,4,1,1,1
S2130,6,5,1,3,1
S2417,5,2,0,2,1
S2275,5,6,1,2,1
S1564,4,3,1,2,1
S1189,5,7,3,3,1
S2250,4,4,2,1,1
S1461,4,1,0,1,2
S1289,5,4,1,2,2
S1425,2,2,1,3,2
S2297,4,4,1,2,1
S2611,2,5,1,2,1
S2493,2,2,1,2,1
S1543,2,2,2,3,1
S2102,5,4,2,2,2
S2691,1,2,1,3,3
S2767,5,2,4,2,3
S2425,5,0,0,2,2
S2367,4,2,1,3,1
S2541,4,3,2,2,1
S2369,6,3,2,0,0
S2334,6,2,0,1,0
S1246,5,6,1,3,1
S1323,4,4,1,1,2
S1315,5,4,1,1,1
S2099,4,3,1,2,1
S1257,6,6,2,2,1
S2443,5,5,1,1,3
S1006,6,2,0,3,1
S2494,3,3,1,2,1
S1080,1,3,1,2,1
S1412,2,5,2,2,3
S2045,1,1,0,2,1
S2531,3,2,1,2,3
S1556,6,4,2,1,0
S1226,3,3,2,1,2
S2467,4,4,1,1,3
S2186,6,4,1,3,1
S2002,3,4,1,2,3
S1375,2,4,2,1,2
S1462,3,3,1,2,1
S2109,3,3,2,3,1
S2791,6,3,2,4,1
S1293,2,3,1,2,2
S2786,2,3,4,2,2
S2604,5,2,1,4,1
S2332,2,4,1,2,1
S1295,1,3,2,1,1
S2463,1,2,2,2,1
S2546,5,4,2,1,2
S2041,6,3,1,2,1
S1068,1,2,1,2,1
S2708,4,2,1,2,3
S2362,6,4,2,1,0
S2263,5,3,2,1,1
S2765,3,5,1,2,2
S1026,3,3,1,2,2
S2264,1,2,2,2,1
S2182,4,1,0,1,1
S2743,6,3,2,2,1
S2583,1,4,1,3,1
S1125,1,7,3,2,2
S2326,6,3,1,2,1
S1558,3,3,1,2,2
S2673,1,3,3,4,1
S2184,4,2,3,2,1
S1169,1,2,1,2,0
S1073,5,2,1,3,1
S1004,3,5,2,2,2
S1177,3,4,1,2,1
S2281,1,6,3,1,2
S1421,6,3,2,3,1
S1446,2,2,3,2,1
S2478,2,8,2,2,2
S1418,3,4,1,3,1
S2556,2,5,1,1,1
S1008,1,7,1,1,1
S1497,5,3,2,2,2
S1592,6,4,3,2,1
S1530,5,4,3,2,2
S1591,5,2,2,2,2
S2179,2,3,3,3,1
S2328,3,3,1,2,1
S1002,6,3,1,2,1
S2241,3,2,2,2,1
S1207,2,3,1,5,1
S1340,4,3,2,3,1
S1437,6,6,3,3,1
S2650,4,3,2,1,1
S1504,2,2,1,2,1
S2082,2,2,3,2,1
S1182,1,3,4,1,2
S2078,3,2,0,1,2
S1525,2,4,1,2,1
S1170,2,2,1,3,2
S1508,4,4,3,2,1
S1529,4,3,1,3,1
S1587,3,3,1,3,1
S2420,1,5,1,2,2
S1128,4,4,2,1,1
S2179,3,3,2,2,1
S1252,1,5,1,2,1
S2770,6,1,0,1,1
S1506,2,4,2,2,1
S2104,3,4,2,4,2
S1161,5,3,2,1,2
S2635,2,2,0,2,1
S2524,1,4,1,2,2
S2121,4,4,1,2,2
S2732,6,3,1,2,1
S2525,4,3,1,3,1
S1488,1,3,0,2,1
S1283,5,3,0,2,2
S2541,6,3,1,1,2
S1144,6,3,1,1,2
S1239,6,2,2,2,1
S2054,5,3,1,1,0
S2725,2,4,1,1,1
S2696,4,1,1,1,2
S1149,5,3,2,2,2
S1176,5,4,1,1,1
S2470,3,3,2,2,1
S2125,5,5,1,3,1
S1285,6,3,1,2,1
S1290,6,4,2,1,2
S2211,6,2,3,4,1
S1555,6,5,2,2,2
S2494,6,3,1,2,3
S1236,4,2,0,2,1
S2525,1,5,2,2,2
S1565,3,3,2,1,1
S2416,4,2,1,3,1
S2507,5,4,1,1,0
S2245,2,3,1,3,3
S2525,6,3,1,2,2
S1565,5,3,1,2,1
S2643,5,3,2,1,2
S1123,2,2,1,2,2
S2301,6,4,2,2,1
S2547,5,4,1,3,1
S1579,4,4,2,3,3
S2048,2,4,1,1,1
S1421,3,3,1,2,1
S2731,2,5,1,2,1
S1233,2,5,2,1,1
S2742,5,3,1,4,1
S2355,1,3,1,2,1
S2580,3,1,0,2,2
S2268,2,5,1,4,1
S2186,1,4,1,2,2
S2601,3,2,1,4,1
S1174,3,2,1,2,1
S2543,6,5,2,2,1
S2709,1,3,2,4,1
S2636,6,4,1,2,1
S1315,4,3,1,2,1
S2114,6,3,1,2,1
S2013,6,3,1,2,1
S1433,3,2,2,2,1
S2326,1,3,1,2,1
S2083,4,3,1,2,1
S1210,5,3,2,2,1
S2136,6,1,2,2,1
S1265,1,5,1,3,3
S2593,2,3,3,2,1
S2366,6,3,1,1,2
S1315,6,4,1,3,3
S1180,1,3,3,1,0
S1023,3,5,1,1,1
S1239,3,3,3,2,1
S2777,4,3,1,3,1
S2191,1,5,1,2,1
S1157,4,2,2,2,1
S1491,4,3,1,1,1
S2606,6,6,2,2,2
S2363,2,3,1,2,1
S2179,6,4,3,1,1
S2771,5,2,3,4,4
S2356,2,1,0,2,1
S2633,6,4,1,2,1
S1571,4,3,2,2,1
S2620,1,4,0,2,3
S1212,3,2,2,0,0
S2082,5,4,1,2,1
S2695,4,2,0,1,0
S2117,4,3,1,3,1
S2643,3,5,1,2,1
S2491,5,3,1,2,2
S1217,4,1,0,3,2
S1400,4,3,2,2,2
S1481,5,4,2,2,1
S1050,6,4,1,4,1
S2211,2,2,1,2,1
S1183,4,1,0,3,0
S1215,6,1,2,3,1
S1179,1,4,1,3,1
S2572,6,3,1,2,1
S2316,1,4,1,2,1
S2075,1,5,2,2,1
S1444,1,3,2,2,2
S2157,4,2,1,2,2
S1187,3,2,3,2,1
S2469,1,2,1,3,1
S1051,6,3,2,1,1
S1184,6,2,1,4,2
S1231,3,4,1,1,1
S1171,3,2,2,1,1
S1416,6,3,2,1,1
S2579,5,4,1,1,0
S1339,2,3,1,1,2
S2435,2,4,2,2,1
S1224,3,3,1,2,1
S1109,2,4,1,3,1
S2446,5,2,0,3,1
S1303,3,5,2,2,2
S1243,5,3,1,2,2
S2571,5,2,1,1,0
S1276,2,3,2,2,1
S1288,6,5,3,2,1
S2029,5,2,3,1,1
S1411,1,4,2,1,1
S1387,5,4,2,2,1
S1201,6,4,1,1,2
S1556,5,3,2,1,0
S1559,1,3,1,2,1
S1229,6,4,1,3,1
S1101,6,2,1,1,1
S1412,3,2,1,2,1
S1225,3,2,1,2,2
S2758,3,2,2,2,2
S2276,2,1,1,2,1
S2590,3,6,1,4,1
S2409,1,3,1,1,1
S1348,2,1,0,2,1
S1462,6,2,1,2,1
S1048,6,3,1,1,1
S1110,6,4,1,1,1
S2467,2,4,1,2,3
S1540,4,1,0,2,2
S2010,5,3,2,2,1
S2658,6,1,3,2,2
S2178,5,2,1,1,1
S2110,4,5,1,3,1
S2765,5,3,1,2,2
S2377,6,2,2,1,2
S2382,1,3,1,2,1
S1357,1,4,1,2,1
S2172,1,2,0,4,1
S2722,2,2,1,1,2
S1369,2,2,1,3,1
S1005,4,4,1,2,2
S1356,1,3,0,3,1
S2093,5,7,1,2,1
S2704,2,4,1,2,2
S1563,1,3,1,3,1
S2744,1,3,1,2,1
S2072,5,3,1,1,2
S1023,4,3,2,1,1
S2779,6,4,2,3,2
S2538,6,3,1,1,1
S2213,4,2,1,3,4
S1003,2,4,1,2,1
S2656,1,4,0,2,1
S2192,1,3,2,2,1
S1266,2,2,1,3,1
S1414,2,2,1,1,1
S2221,5,3,1,1,1
S1535,5,3,2,2,1
S2107,4,3,1,2,0
S1409,1,6,1,3,2
S1068,3,2,1,2,1
S2450,1,4,2,1,2
S2636,2,4,2,3,1
S1165,4,2,0,3,1
S2779,2,5,2,2,1
S2408,1,5,1,2,2
S2208,2,7,2,3,0
S1376,6,2,1,2,2
S2034,4,3,1,2,1
S2538,5,4,1,2,0
S2709,5,3,2,3,2
S2608,4,3,1,2,2
S2039,6,2,2,2,2
S1094,2,4,3,2,1
S2055,1,2,2,2,1
S2525,5,5,1,2,2
S2236,5,1,2,1,1
S1223,4,8,1,3,2
S2155,4,3,1,3,1
S1244,3,3,2,2,1
S2257,3,4,3,2,1
S2108,2,3,1,2,1
S2177,5,4,2,2,1
S1315,4,3,1,2,1
S1523,4,4,2,2,1
S1252,2,3,1,3,2
S2618,1,3,1,2,1
S2074,3,5,1,1,2
S2072,2,3,1,1,2
S2393,4,4,1,3,1
S1224,2,2,2,2,1
S2230,6,4,4,1,1
S1298,3,3,0,2,1
S1169,2,3,1,2,0
S2466,6,2,2,2,4
S2550,2,2,0,2,1
S2674,6,3,2,3,1
S2724,3,3,1,2,1
S1073,2,2,1,2,2
S1362,2,3,2,4,1
S2768,6,2,1,2,2
S1345,4,3,0,1,2
S1029,3,4,1,1,2
S2430,1,6,2,1,1
S2086,1,4,2,2,1
S2362,4,3,1,1,2
S1159,3,3,2,2,1
S1063,5,4,4,4,3
S2340,5,1,0,4,1
S2202,5,2,2,2,4
S2128,3,2,2,2,1
S1132,5,5,2,2,1
S2428,2,5,2,3,1
S1522,2,3,0,1,2
S2613,5,4,1,2,1
S1513,5,3,2,1,1
S1056,6,2,1,2,1
S2221,1,2,3,1,1
S1116,2,3,2,2,1
S1347,4,2,0,2,1
S2046,6,2,1,2,2
S1056,1,2,1,2,1
S1408,2,3,1,1,0
S2246,3,2,1,4,1
S1411,5,3,2,2,1
S2053,1,3,1,3,2
S2071,1,2,2,3,1
S1337,2,3,1,1,0
S2663,5,3,1,1,1
S2004,2,5,2,2,1
S1130,6,4,1,2,1
S2042,3,4,2,1,2
S2561,1,2,0,1,2
S1223,1,3,1,2,3
S2550,6,3,0,3,1
S2492,5,3,2,4,3
S2674,3,2,1,2,1
S2035,2,4,4,2,2
S1374,5,2,2,2,0
S2294,3,5,1,3,1
S2124,6,3,0,3,1
S2278,2,3,2,3,0
S2267,3,5,1,2,1
S1091,5,2,1,2,1
S2689,6,3,1,3,1
S1074,2,3,2,3,1
S2560,6,4,1,3,2
S2020,5,2,1,3,1
S2791,4,3,1,3,2
S2648,1,3,1,1,3
S1037,4,3,1,1,1
S2570,6,4,2,3,1
S1082,3,3,1,1,4
S1359,3,5,2,5,1
S1426,1,2,0,2,1
S1045,5,3,1,2,1
S2628,2,2,3,2,1
S2360,2,3,1,1,1
S1195,4,6,3,3,2
S2567,5,3,1,2,1
S1298,4,2,0,2,1
S2089,6,4,1,2,2
S2558,3,2,1,2,1
S1125,2,4,1,3,1
S1098,1,3,1,2,0
S1251,6,2,3,3,1
S1397,3,3,2,3,1
S1551,1,2,1,3,1
S2774,6,7,1,2,1
S1336,6,2,1,2,1
S1111,5,4,1,3,1
S1057,5,1,1,1,0
S2754,4,3,1,2,1
S2358,1,5,1,2,2
S1077,2,4,1,2,1
S2469,2,3,2,4,2
S1019,4,6,1,2,2
S1533,6,3,1,2,2
S2147,3,2,1,3,1
S1380,4,3,1,3,1
S1297,6,3,2,1,2
S1015,6,2,2,3,1
S1392,4,4,2,2,2
S1556,1,2,1,1,0
S2474,5,2,2,3,1
S1340,6,2,1,2,1
S2114,1,6,2,3,1
S2759,1,3,2,2,1
S1500,5,3,2,3,1
S1001,2,2,1,2,3
S2166,6,4,3,2,3
S1164,6,5,2,2,2
S2631,4,4,2,2,1
S1478,3,4,2,3,1
S2320,4,5,1,1,0
S2503,3,2,1,4,2
S1104,4,1,0,3,3
S2050,2,2,2,1,1
S2479,6,2,1,2,1
S1516,3,2,2,2,2
S1429,1,2,0,2,2
S1275,5,4,2,3,1
S2558,1,4,1,2,1
S2600,5,4,2,2,1
S1038,4,2,0,4,1
S1136,5,3,1,2,2
S2725,4,2,1,2,1
S2016,5,5,1,2,1
S2530,1,2,1,2,1
S1356,4,2,0,2,1
S2708,3,2,5,2,1
S2357,3,3,1,2,1
S1274,2,2,1,0,0
S1030,4,5,2,2,1
S2230,5,3,1,1,3
S2029,3,2,1,3,1
S2501,6,2,0,1,1
S2769,5,4,2,1,1
S2360,4,3,1,1,1
S1351,4,5,1,2,1
S1050,4,5,1,3,1
S2080,3,6,1,2,2
S2134,4,3,1,3,2
S2548,6,3,3,1,3
S2068,3,3,1,1,4
S2316,6,2,1,2,1
S1071,5,3,1,2,1
S1103,2,4,1,2,1
S1347,1,1,2,3,1
S2466,1,3,1,3,1
S2737,4,3,1,2,1
S2755,1,3,1,2,2
S2777,1,4,2,3,1
S2564,5,6,2,2,2
S1092,5,3,1,2,2
S1307,6,3,2,3,1
S1328,4,0,0,2,1
S2345,4,4,1,2,2
S2100,6,2,0,1,1
S1588,3,3,2,4,1
S1394,4,4,2,3,2
S1564,3,5,0,3,2
S1093,5,2,1,2,1
S1518,1,3,1,4,2
S2191,4,3,2,2,1
S2087,6,4,1,2,1
S2397,4,4,2,2,1
S1121,3,5,1,1,2
S2762,3,4,2,2,1
S2186,5,5,2,2,2
S2041,4,4,2,3,1
S2423,4,4,1,3,1
S1186,1,4,3,1,1
S1104,3,3,0,2,1
S1092,4,3,2,6,2
S1595,3,2,1,2,2
S2048,5,4,1,1,2
S2418,5,3,1,1,0
S2585,6,3,1,2,1
S2316,2,4,2,2,2
S1280,6,5,3,3,3
S2037,5,2,0,3,1
S2774,1,3,1,1,1
S2553,6,3,2,2,0
S1317,4,1,0,3,1
S1138,6,2,1,1,2
S1139,1,3,1,1,0
S2744,6,3,1,2,2
S1325,2,3,2,3,1
S1346,1,1,1,2,2
S1565,6,2,3,1,1
S2035,5,3,1,3,1
S1164,4,3,0,2,1
S2100,4,2,1,2,1
S2470,5,4,1,2,1
S2392,5,2,1,2,1
S2371,5,2,0,3,2
S2739,2,4,3,3,2
S2136,4,2,0,2,3
S2111,1,2,2,1,1
S2676,5,4,2,1,2
S2126,1,2,0,3,1
S1174,5,3,2,3,1
S2511,3,7,1,2,1
S2008,4,3,1,2,2
S2717,1,2,2,3,1
S2066,5,1,1,3,1
S2398,1,3,2,2,2
S2606,2,2,1,3,1
S1542,4,4,1,2,1
S1552,6,4,2,1,1
S2294,6,3,2,2,1
S2423,5,5,1,2,1
S1560,4,4,2,3,1
S2562,2,4,1,2,1
S1194,1,5,2,2,1
S2594,6,3,2,3,2
S1500,1,3,1,4,2
S1156,5,3,2,3,2
S1376,4,2,2,2,2
S2517,1,3,2,3,1
S1091,6,4,1,2,1
S2731,5,4,1,3,1
S2254,4,2,2,2,1
S1254,2,3,1,4,1
S2027,2,3,2,4,1
S2037,4,2,1,2,2
S2224,4,5,2,4,2
S1439,5,4,1,1,1
S1526,1,3,2,1,1
S2106,4,2,1,2,1
S2766,1,5,2,2,1
S1160,1,2,1,2,1
S1005,5,5,1,3,1
S2733,2,2,2,2,1
S1439,6,4,2,1,1
S1425,5,4,1,2,1
S2290,4,4,0,2,2
S2344,1,3,2,2,1
S1134,1,3,1,2,2
S2060,4,3,1,4,1
S2249,6,1,3,3,1
S1052,3,6,1,2,1
S1120,3,4,2,1,1
S2733,6,4,1,2,1
S1411,2,5,1,1,1
S2557,5,7,2,2,2
S2636,1,4,1,2,1
S1004,4,2,1,3,1
S1484,5,2,1,2,2
S1156,4,4,1,2,1
S1161,6,2,1,1,1
S1184,3,2,1,2,1
S2542,6,4,1,3,2
S1222,6,2,0,3,1
S2209,2,2,0,1,3
S2647,1,5,2,3,2
S2433,2,4,1,2,3
S1051,2,5,1,1,1
S2298,3,2,2,1,0
S1364,3,4,1,3,1
S1219,4,4,1,2,1
S1417,1,4,2,3,2
S1101,2,3,2,1,2
S1251,2,2,1,2,1
S2088,3,2,1,3,1
S2299,2,3,0,2,1
S1219,6,4,1,2,2
S2479,3,4,1,2,2
S2227,2,1,0,2,1
S2021,5,3,1,2,2
S1441,1,5,1,3,1
S2361,4,3,2,2,1
S1177,6,3,2,2,2
S2243,1,4,1,2,1
S2203,2,4,1,1,0
S2483,4,3,1,3,1
S2578,2,3,1,3,0
S1361,1,5,1,3,1
S2345,1,4,1,2,2
S2744,4,4,2,1,1
S1294,5,3,0,4,1
S2642,4,4,1,2,1
S2710,2,4,3,2,3
S2343,4,4,1,2,0
S1346,6,2,0,1,1
S1054,1,2,1,1,1
S1269,6,4,4,2,1
S1351,3,4,1,3,1
S1104,1,3,0,2,1
S1585,6,5,1,3,2
S1420,4,2,0,2,1
S1371,6,2,1,3,3
S2106,3,3,3,2,1
S2662,1,4,2,2,1
S2059,4,2,2,2,2
S2018,5,3,2,1,4
S1478,2,3,2,3,2
S2199,4,2,0,2,2
S2310,3,2,1,1,1
S2713,5,4,1,1,1
S2715,1,2,0,2,1
S1098,5,3,1,2,0
S2555,6,4,1,2,3
S2247,2,1,0,1,1
S1432,4,2,1,2,0
S2059,1,3,1,3,2
S2156,3,5,2,2,1
S2585,1,3,1,3,2
S2334,4,1,0,2,0
S1299,1,2,1,2,1
S1457,1,3,1,3,1
S2700,5,2,0,3,1
S1297,1,3,1,2,1
S1375,4,3,2,1,1
S1566,6,2,3,1,0
S1417,2,4,2,2,1
S2162,4,4,2,2,1
S1226,2,2,0,1,2
S2741,2,1,1,2,2
S2542,2,3,1,2,1
S2689,1,2,2,2,1
S2094,1,2,1,1,1
S2454,4,1,0,2,1
S2489,2,3,1,2,1
S1278,2,2,1,2,1
S2754,5,2,1,2,1
S2677,2,4,2,2,1
S1379,3,3,1,1,1
S1419,3,5,3,2,3
S1057,6,1,1,1,0
S2695,3,2,0,3,0
S1545,4,3,3,2,2
S2325,2,4,2,3,1
S2549,6,3,2,2,2
S2798,1,4,1,2,2
S2112,5,2,1,3,1
S1139,4,4,1,2,0
S1530,3,3,1,5,2
S1298,2,2,2,2,1
S1596,4,4,1,4,1
S1007,1,2,1,4,3
S2204,2,2,1,1,2
S1161,2,3,1,1,2
S2408,4,4,1,3,1
S2335,4,2,1,2,1
S2102,1,4,1,2,1
S2348,1,2,3,3,1
S2128,6,3,1,3,2
S1172,3,2,1,2,1
S1173,6,1,0,3,2
S2744,5,4,2,1,2
S1248,3,4,1,2,1
S1273,1,2,2,4,1
S2129,2,1,0,3,1
S2384,3,3,2,2,2
S2548,1,5,2,1,1
S2152,6,3,1,2,1
S1237,6,3,1,3,2
S2750,3,3,2,2,1
S2766,4,3,3,2,2
S1174,4,3,2,4,1
S1472,1,2,1,2,1
S2291,2,2,1,3,2
S1286,3,3,0,2,2
S1227,1,2,0,4,1
S2049,4,3,1,1,0
S1242,1,2,2,1,1
S1338,2,4,1,2,1
S2226,2,2,1,2,1
S2609,2,5,2,3,1
S1553,5,2,0,2,1
S1354,3,4,1,3,1
S1157,5,4,1,3,1
S2262,5,4,0,1,1
S2118,2,6,3,4,1
S2151,2,4,2,2,1
S1001,3,3,1,3,1
S1368,4,3,1,1,1
S1149,4,4,2,3,1
S1481,2,3,2,2,1
S1432,1,2,1,1,0
S1335,1,3,2,2,2
S1279,1,5,1,2,2
S2434,5,1,1,3,1
S1334,6,4,1,2,1
S2308,4,3,1,2,2
S2757,5,2,1,2,1
S2395,1,2,1,2,1
S1481,1,3,1,2,1
S1127,1,1,0,2,1
S1009,6,3,1,1,2
S1315,3,4,1,2,1
S2077,6,4,3,1,3
S2458,2,4,2,2,1
S1447,4,7,4,2,0
S1492,5,1,1,1,1
S1165,1,1,0,2,3
S2586,4,3,0,2,2
S1145,3,3,1,2,1
S2164,2,3,1,3,1
S1599,6,4,1,1,2
S1243,4,3,2,2,1
S2029,1,6,1,2,1
S1156,3,5,1,2,1
S2358,6,3,1,2,1
S2405,4,4,1,2,2
S2403,3,2,2,2,2
S2260,2,3,1,0,0
S1327,3,2,2,2,1
S2316,4,2,1,3,1
S1002,5,2,1,2,1
S2002,2,3,1,4,2
S2357,4,5,1,2,1
S1255,6,4,1,3,1
S1141,3,4,2,2,1
S2573,3,3,2,2,2
S1485,5,2,1,2,2
S2118,1,4,1,3,1
S1368,3,3,1,2,1
S2613,5,4,1,2,1
S2415,2,2,3,2,1
S1391,3,4,1,2,4
S1170,4,1,0,2,2
S2195,1,2,2,2,1
S1461,5,1,0,1,2
S2472,5,3,1,3,1
S1123,3,3,2,2,1
S1077,6,3,1,2,2
S2177,3,3,2,2,1
S2469,6,2,1,2,1
S1027,2,4,1,2,3
S1354,6,3,1,2,2
S2606,3,3,2,3,1
S1205,2,4,1,2,1
S2017,3,1,1,4,1
S1357,5,3,3,3,1
S2062,5,2,3,2,2
S1460,3,2,2,1,0
S2193,3,5,1,2,1
S2185,2,3,2,1,2
S2547,2,4,2,2,2
S2516,3,4,1,3,2
S2172,6,1,2,1,1
S1425,1,3,1,3,2
S1222,3,1,0,2,1
S1309,2,5,1,3,1
S2019,2,2,1,4,2
S1050,2,3,1,3,2
S2246,5,2,3,3,1
S2557,5,7,2,2,2
S1044,5,2,2,2,1
S2796,5,6,3,3,2
S2208,1,4,1,1,0
S1354,5,3,1,2,1
S2797,4,2,3,2,1
S2538,4,2,1,0,0
S1143,4,5,1,2,1
S2458,5,4,1,3,1
S2072,1,5,2,1,3
S2795,2,1,1,2,2
S1017,2,2,1,2,2
S2409,1,3,1,1,1
S1316,5,3,1,1,1
S2621,2,4,1,2,1
S2168,3,3,1,3,2
S1431,2,3,1,1,1
S1096,6,3,2,2,1
S1568,2,2,0,2,1
S1129,1,2,2,6,2
S1056,5,2,0,2,1
S2020,6,3,1,2,1
S1199,4,2,1,3,2
S2378,2,0,0,2,2
S1060,3,2,1,4,3
S2125,2,2,1,3,1
S1487,4,2,1,2,1
S1162,3,1,1,1,1
S2604,4,3,2,3,1
S2033,6,3,1,3,1
S2099,6,4,1,3,2
S1007,3,4,1,2,1
S2189,2,4,2,2,2
S2155,1,2,1,2,1
S1524,2,1,0,2,0
S2334,5,3,0,1,0
S1246,2,3,3,3,1
S2322,4,4,1,2,2
S2249,6,1,3,3,1
S1468,4,1,0,2,2
S1564,2,2,1,3,1
S1208,1,3,1,2,1
S2709,2,4,1,2,2
S1108,3,5,1,2,1
S1038,2,3,1,3,1
S1256,3,2,0,2,1
S2195,4,2,2,2,2
S1534,1,4,1,2,1
S1164,5,2,2,2,1
S1424,2,3,1,2,3
S2298,4,4,1,3,0
S2702,2,3,1,3,1
S2780,1,5,2,2,1
S2251,5,2,1,2,1
S1145,5,3,1,2,2
S1265,4,4,3,2,2
S1515,3,3,1,1,0
S2146,3,3,2,1,2
S1110,5,6,2,2,1
S2184,3,3,1,2,1
S2079,2,2,2,2,2
S1071,1,6,2,2,2
S2168,2,3,1,2,1
S1471,1,4,2,2,1
S2441,4,2,0,1,0
S2105,1,1,0,3,1
S1072,5,2,1,4,2
S2249,1,1,1,2,1
S2307,6,2,1,3,1
S2563,4,5,4,2,2
S1590,6,4,1,2,2
S1008,5,3,1,1,1
S2397,6,4,2,3,2
S2781,4,3,1,1,1
S2437,6,3,0,2,2
S2043,1,5,2,1,1
S2057,1,2,1,3,1
S2720,5,5,2,2,1
S2321,1,5,1,4,2
S2339,4,1,2,3,1
S2165,5,3,2,4,1
S1424,4,3,1,3,3
S2389,1,2,0,2,1
S1305,5,5,1,2,1
S2792,3,4,2,3,1
S2579,2,3,1,1,1
S2117,1,3,1,3,2
S2763,5,5,1,3,3
S1061,3,4,0,2,3
S1038,6,1,1,2,1
S2046,4,3,1,4,1
S1235,4,2,1,2,1
S2718,4,4,1,2,1
S2794,2,3,0,4,1
S2087,1,2,1,2,2
S2042,5,4,2,2,2
S1059,6,1,1,1,0
S2532,5,3,1,1,2
S1527,5,3,1,3,1
S2775,2,2,2,2,1
S1546,2,4,2,3,1
S2792,6,2,2,3,2
S1406,1,3,1,1,2
S2139,4,4,3,1,1
S2026,4,2,1,2,1
S1255,1,3,2,3,1
S1031,4,5,2,1,1
S2141,4,2,0,4,1
S2604,1,2,1,3,1
S2029,6,3,1,1,1
S2145,3,3,0,3,1
S2311,5,4,2,3,1
S2573,6,2,1,2,1
S2488,6,5,1,1,2
S2585,5,4,2,3,1
S1165,3,1,0,2,1
S1011,1,3,2,1,1
S1217,5,3,0,2,1
S2416,1,6,1,3,2
S2308,1,2,0,2,1
S2677,5,3,1,4,2
S1370,3,4,1,2,3
S1266,1,2,2,3,2
S1028,4,1,0,2,1
S2518,3,2,1,2,1
S1086,2,2,0,1,2
S2477,3,4,1,3,1
S2189,3,4,2,2,3
S2091,3,3,2,2,1
S1307,5,2,3,2,1
S1132,1,2,1,3,1
S1311,4,3,1,1,1
S2595,6,6,1,2,1
S2493,3,4,3,3,1
S2196,2,2,1,3,2
S2257,6,3,1,2,2
S1476,6,3,1,2,1
S2563,6,3,1,3,1
S2138,6,5,1,3,1
S1234,2,3,1,3,2
S2683,4,2,1,3,2
S1501,5,2,1,3,0
S1034,1,1,0,1,0
S1200,3,4,1,3,2
S1360,1,5,1,1,1
S2634,6,3,3,2,1
S2604,3,2,5,3,1
S1027,5,2,1,3,1
S2127,3,6,1,4,1
S2264,6,2,1,2,1
S2565,6,4,1,3,1
S1591,4,4,2,3,2
S2246,1,3,1,2,2
S1504,5,3,1,3,1
S2066,3,1,1,2,1
S1243,1,3,2,2,2
S2446,2,1,0,5,1
S2761,6,3,3,3,2
S2590,1,6,2,5,1
S2404,2,3,2,2,1
S2040,6,5,3,2,2
S2698,1,1,0,1,1
S2247,4,3,0,1,3
S1531,5,4,2,2,0
S1521,6,6,1,5,0
S2783,3,5,1,2,0
S1297,5,4,1,1,1
S1519,2,1,0,3,2
S1081,5,3,1,1,1
S2479,5,2,2,2,1
S2602,2,4,1,2,1
S2530,4,2,2,4,3
S1107,4,1,0,2,1
S2152,4,4,1,3,3
S2253,3,6,1,2,1
S2618,6,4,1,2,2
S1362,5,3,2,3,2
S2115,3,3,1,3,2
S2570,1,3,1,2,1
S1283,3,3,0,2,3
S2227,4,3,0,2,1
S2370,2,3,1,3,1
S2422,1,3,2,2,2
S2662,4,2,2,3,1
S1007,5,2,2,3,1
S2366,4,2,2,2,2
S1365,2,2,3,2,1
S2093,1,4,1,2,1
S1381,4,4,2,2,1
S1013,3,3,1,1,2
S2551,6,2,2,3,2
S2608,3,3,2,2,1
S1466,6,4,1,1,1
S1557,1,3,1,1,1
S1363,1,5,1,1,2
S1079,4,7,2,1,1
S1357,6,3,2,3,1
S1445,4,2,2,2,2
S1228,6,4,1,2,3
S2726,3,5,1,3,1
S2004,5,3,1,2,1
S1229,3,5,2,4,2
S1043,3,3,3,1,2
S2598,5,1,1,1,2
S1456,2,0,1,1,2
S2216,3,3,1,3,2
S1450,6,2,0,1,2
S1576,5,4,1,3,2
S1558,1,2,1,2,3
S2098,6,1,0,2,1
S1487,3,2,2,3,1
S2254,2,3,1,1,1
S2144,6,3,1,2,3
S1368,1,3,1,1,1
S1471,4,3,1,4,2
S1486,2,3,1,3,2
S2228,3,3,1,2,0
S2353,6,2,2,2,2
S1243,2,3,2,2,1
S2753,4,5,1,2,1
S2725,5,3,1,1,6
S2557,1,3,1,4,3
S2637,4,3,1,3,2
S2790,1,2,1,3,1
S2283,3,1,0,2,1
S2431,4,6,1,1,1
S1225,2,4,2,2,1
S2686,4,4,0,2,1
S1459,2,4,1,2,0
S2529,3,5,3,3,1
S1272,2,4,2,3,1
S2704,5,6,1,3,1
S1558,5,3,1,2,1
S2207,1,3,2,3,1
S2248,3,2,0,2,1
S2752,5,3,2,4,1
S2255,6,5,1,2,3
S2035,1,4,1,5,1
S2462,6,3,2,1,0
S1336,1,4,1,2,1
S1091,4,2,1,3,1
S2136,2,2,1,2,1
S1230,1,4,1,2,2
S2399,4,3,1,3,1
S1161,3,2,1,1,3
S2008,3,3,1,2,2
S2051,6,3,2,2,2
S2148,1,3,1,3,1
S1553,1,2,0,2,2
S1385,3,4,1,1,2
S1136,1,2,3,2,1
S2183,4,5,3,2,3
S2482,1,4,2,5,2
S2473,2,4,2,1,1
S1167,2,2,2,0,1
S1145,1,3,1,3,2
S2284,2,2,1,2,2
S2154,6,2,0,3,1
S1030,3,4,2,3,1
S2391,4,2,0,2,2
S2203,6,2,0,1,0
S2103,6,2,2,1,2
S1445,1,2,2,3,1
S2773,2,4,1,2,0
S1230,4,2,1,2,1
S2320,6,5,1,1,0
S2711,4,3,2,2,1
S2351,2,6,0,1,1
S2599,1,2,1,3,3
S2717,2,5,1,2,1
S1581,1,5,3,2,1
S1582,5,3,2,3,1
S1059,4,1,0,0,0
S2437,1,2,0,2,2
S1436,1,4,1,4,3
S2756,3,2,1,3,1
S2474,2,2,1,3,1
S2448,3,4,2,2,2
S2751,1,4,1,4,1
S2180,5,4,2,2,1
S1146,5,4,1,4,1
S1540,2,1,1,2,1
S2010,1,3,1,5,1
S2335,6,3,1,3,1
S2662,5,4,1,1,2
S1010,1,3,1,2,1
S2497,3,3,0,0,0
S2117,3,3,2,2,1
S2008,2,6,1,3,1
S2511,6,4,1,2,1
S1332,6,5,1,2,1
S1258,6,2,1,2,1
S2262,2,1,1,2,1
S2265,6,4,1,2,2
S2131,5,2,0,2,0
S1586,6,3,0,3,1
S2459,5,3,1,4,3
S2271,1,4,1,1,1
S1167,5,2,3,1,2
S2422,2,3,1,4,1
S1579,6,5,2,2,3
S1379,2,2,1,1,2
S2794,4,1,0,2,1
S2298,2,3,2,1,1
S2617,3,3,1,2,1
S1536,4,1,2,3,1
S2369,1,4,3,0,0
S1135,1,3,1,3,1
S2755,4,4,1,1,1
S2016,4,3,2,1,1
S1052,4,4,2,2,1
S1480,1,5,2,1,1
S2200,1,3,1,1,1
S2682,4,4,1,3,3
S1407,5,4,2,3,2
S1477,6,2,1,2,2
S1363,4,3,1,1,3
S1596,6,3,2,3,1
S1126,3,3,1,2,0
S1168,4,4,1,3,1
S2655,6,2,0,1,1
S1396,1,2,0,3,2
S1174,6,5,1,3,1
S1562,3,2,2,1,2
S1307,2,3,1,2,2
S2582,1,2,1,2,3
S2183,1,6,2,4,1
S2367,2,2,1,2,1
S1300,3,4,1,2,1
S2316,5,5,1,4,2
S2690,3,5,4,2,1
S1061,6,2,1,2,1
S2052,6,2,2,1,0
S2148,2,3,2,2,1
S1120,5,4,1,2,1
S2005,1,3,1,3,1
S2320,2,5,1,3,0
S2274,1,2,2,2,1
S1171,1,2,2,3,1
S2760,6,5,1,3,1
S2704,1,5,1,3,2
S1386,2,3,2,2,1
S1477,2,2,1,4,1
S2240,6,3,1,2,1
S2300,5,3,2,1,2
S2670,1,3,1,3,0
S2718,6,3,1,2,1
S2670,4,2,2,1,0
S2333,1,5,1,2,2
S2452,6,2,2,2,2
S2030,3,3,1,3,1
S2248,6,1,1,2,1
S2336,2,3,1,1,2
S1347,5,2,0,3,2
S2126,5,1,1,3,1
S2241,2,2,0,1,1
S2580,6,2,0,2,3
S2336,1,2,1,1,1
S2659,5,4,2,3,2
S2278,4,6,3,1,0
S2765,4,3,1,1,1
S2289,1,4,1,3,1
S2036,1,2,1,2,1
S2544,5,3,1,2,2
S2715,6,2,2,2,1
S1044,1,5,3,1,1
S2586,1,2,0,2,2
S1070,2,3,1,2,0
S2657,5,3,1,2,2
S2716,2,1,0,4,1
S1095,3,3,1,2,0
S2526,4,2,0,2,1
S2745,5,3,1,2,2
S2288,5,3,3,3,1
S2143,1,4,1,2,1
S2539,1,3,2,1,1
S2018,4,4,2,2,2
S1036,4,3,1,2,1
S1234,1,6,1,3,1
S2017,5,1,0,2,2
S1476,3,3,3,3,2
S2462,1,4,1,2,0
S2288,4,4,2,3,1
S2548,5,4,2,1,1
S2224,1,3,2,3,1
S2110,2,3,3,3,2
S1325,1,3,1,3,1
S2689,3,3,1,2,1
S1505,5,3,1,1,2
S1532,1,3,3,2,1
S1211,6,2,1,2,2
S2556,6,5,1,1,1
S1287,2,3,2,3,1
S2002,4,3,1,3,3
S2012,3,4,1,2,2
S2609,3,2,2,2,2
S1502,6,2,1,2,2
S1312,5,3,1,2,1
S2375,1,4,1,2,3
S2069,6,2,2,2,1
S1592,3,3,1,3,2
S1592,2,4,1,1,3
S2022,6,3,2,2,1
S2663,6,5,1,2,1
S2303,4,3,1,2,1
S2461,1,2,1,2,2
S2007,6,4,1,2,1
S1106,4,2,2,1,0
S1536,3,1,0,3,2
S2654,2,3,2,1,0
S1023,1,3,2,3,1
S1127,6,3,0,4,1
S2084,1,4,1,2,1
S1516,2,4,1,2,1
S2361,2,4,2,2,1
S2187,6,2,1,2,1
S2022,4,6,1,2,1
S1480,1,5,2,1,1
S1145,6,4,1,2,1
S1286,2,1,0,2,3
S1174,1,2,2,4,1
S1576,6,3,1,3,1
S1310,1,4,0,3,1
S1383,5,3,1,2,2
S2747,2,1,0,1,1
S1428,2,4,2,2,3
S1065,3,2,0,1,1
S1410,4,4,3,2,2
S1062,4,3,2,3,1
S1143,5,2,1,2,1
S2484,5,2,1,3,1
S2249,2,3,0,2,2
S1561,2,4,1,2,2
S2594,5,4,2,2,2
S2780,4,2,1,1,1
S2449,4,3,1,1,2
S1585,2,3,1,1,1
S2124,3,1,0,3,2
S2690,4,4,1,3,1
S1369,5,5,2,2,1
S1321,5,3,2,1,0
S1139,2,3,1,1,0
S1476,1,4,1,2,1
S1470,5,4,0,2,3
S1016,5,2,2,1,1
S2145,2,4,0,2,1
S2062,1,2,1,2,1
S1508,6,5,1,2,1
S1415,2,6,1,1,1
S2641,2,4,1,3,1
S2591,2,2,1,3,1
S2677,3,4,2,3,1
S1565,1,3,1,4,1
S2483,3,1,1,3,1
S2521,6,3,0,2,2
S2456,3,4,2,2,1
S2628,3,2,1,2,2
S2685,1,3,1,2,1
S2461,5,4,1,2,4
S1501,4,5,2,2,0
S2735,3,3,1,2,1
S1512,3,3,1,1,1
S1326,6,3,2,1,1
S2415,1,3,2,1,0
S2215,5,4,1,2,1
S1325,4,3,2,2,1
S1463,6,3,1,2,2
S1392,6,4,1,2,1
S2348,4,2,2,1,1
S1408,3,3,2,1,0
S1168,3,5,1,2,1
S1538,3,3,1,3,2
S1197,5,3,2,3,1
S1455,6,3,1,1,0
S1386,3,5,2,3,1
S1075,6,2,4,2,1
S1162,5,1,0,2,2
S1221,1,4,1,2,2
S1085,4,4,3,2,1
S1355,2,4,1,3,1
S2799,6,3,2,2,3
S2420,5,5,3,2,1
S2412,1,3,3,3,2
S2381,6,6,1,2,1
S2581,2,4,1,2,2
S1211,3,2,1,2,1
S2552,1,6,1,3,1
S1460,5,2,1,1,0
S2416,6,4,1,3,1
S2786,1,2,1,2,1
S1344,3,6,1,2,1
S1545,3,4,1,2,1
S2109,5,5,1,2,1
S1377,4,4,2,3,1
S2050,4,2,1,2,1
S2269,3,4,2,3,1
S1348,6,3,0,3,2
S2112,2,3,1,2,1
S2064,4,3,2,3,2
S1536,1,2,2,3,2
S1220,1,4,0,2,1
S1384,3,4,1,2,1
S1477,1,4,1,2,1
S1175,3,2,0,2,1
S1384,1,4,2,2,1
S2225,3,3,1,2,1
S2309,1,1,0,2,1
S2454,3,3,0,2,1
S2557,2,4,2,2,2
S2064,1,5,3,2,1
S2035,4,3,1,2,1
S2232,2,3,1,4,1
S1231,5,5,1,4,1
S1326,4,2,2,2,1
S1409,4,3,2,2,1
S1429,2,3,1,2,1
S1375,1,6,1,2,2
S1188,4,2,0,2,2
S2434,1,1,1,1,1
S1486,2,3,1,3,2
S2145,4,4,0,2,1
S1459,6,2,1,2,0
S1013,6,2,1,2,2
S1510,1,3,1,3,1
S2481,5,3,1,2,1
S2251,3,3,1,3,1
S1231,1,3,1,1,1
S2447,2,2,1,2,1
S2211,5,2,2,3,2
S2658,3,2,0,3,1
S1153,3,5,2,4,2
S2078,5,2,0,1,1
S2365,3,3,1,3,1
S2447,6,4,1,1,1
S2776,6,4,2,2,1
S1521,2,5,1,2,1
S1598,2,7,1,1,2
S2356,4,5,1,5,4
S1448,5,5,1,1,0
S2411,6,2,1,2,2
S1462,2,3,2,3,2
S2329,1,3,1,1,1
S2022,3,4,1,2,1
S1068,4,3,1,2,2
S1334,1,5,2,3,1
S2184,2,2,1,4,2
S2645,2,6,1,2,1
S2660,2,1,0,2,2
S2111,2,3,1,1,2
S2539,6,3,1,2,2
S1280,3,4,2,3,2
S1197,3,2,1,2,1
S2048,6,5,1,3,1
S2015,5,2,1,2,1
S2072,4,3,2,2,2
S2463,4,2,1,2,2
S1520,1,4,2,1,1
S1348,3,1,0,2,1
S1287,3,3,3,3,2
S2651,5,3,1,3,1
S1416,1,3,1,1,2
S2720,6,3,1,2,1
S1235,5,3,2,1,3
S1058,3,3,2,0,0
S1282,6,1,0,2,1
S2054,6,2,1,3,0
S2720,3,4,1,2,1
S1360,3,3,1,2,3
S1388,6,3,2,2,1
S1291,6,3,3,2,1
S2463,3,2,1,2,1
S1047,3,3,2,2,1
S2672,4,4,1,2,1
S1355,6,3,2,2,1
S2245,4,3,1,2,1
S1159,2,4,2,1,4
S2060,1,2,2,2,1
S2529,1,5,3,2,1
S1353,5,5,1,2,2
S2146,5,2,2,3,1
S1335,4,3,2,3,2
S1320,5,2,2,2,1
S1275,2,3,1,2,1
S2181,6,3,2,2,2
S2239,4,3,1,1,1
S2497,6,3,1,0,1
S2713,6,3,1,1,1
S2222,5,1,0,3,1
S2508,2,3,2,4,1
S2142,3,4,2,2,0
S2218,2,1,1,2,1
S1040,3,4,4,3,2
S1126,4,3,2,2,0
S2693,4,3,1,2,1
S1201,2,3,1,2,1
S2375,4,4,2,1,1
S2541,2,3,3,2,1
S2416,5,3,3,2,1
S2793,1,2,3,1,1
S2379,5,3,1,2,1
S2766,6,4,2,2,1
S1486,3,3,3,2,4
S1149,1,2,0,2,1
S2156,6,5,2,2,2
S2380,5,2,0,2,1
S2584,4,2,0,3,1
S2290,3,1,0,2,1
S2476,4,4,1,2,1
S1447,2,3,1,2,1
S2409,2,4,2,1,2
S1515,1,5,2,1,0
S1021,4,2,2,1,0
S1113,4,3,2,2,1
S2450,3,5,1,2,2
S1001,4,2,1,2,1
S2135,1,1,0,2,1
S2431,2,4,1,1,2
S1083,6,3,1,2,2
S1001,6,4,1,2,2
S2343,3,3,2,1,0
S1162,2,1,2,1,1
S1455,4,3,2,1,0
S2164,5,2,2,3,1
S1188,2,4,0,2,2
S1454,5,4,1,1,2
S1044,3,3,1,1,1
S2654,3,5,1,1,1
S1204,3,4,1,2,1
S1505,3,2,2,3,1
S2058,4,3,2,1,1
S2718,3,4,1,2,1
S1419,4,4,2,1,2
S2020,2,3,3,2,1
S2003,2,2,2,2,1
S1449,2,4,1,0,0
S2592,6,4,2,2,1
S2392,1,2,1,2,1
S1280,4,2,2,3,1
S2789,3,3,1,2,1
S1406,3,2,1,3,1
S1476,4,3,1,2,1
S2666,4,4,1,2,1
S1230,5,2,1,2,2
S2007,5,3,1,2,1
S2072,3,3,2,2,1
S2471,2,4,1,1,1
S2741,4,3,0,2,2
S1412,5,2,2,3,1
S1345,2,1,0,1,2
S2019,5,4,1,3,1
S1307,4,4,2,2,1
S2354,2,4,1,3,1
S1481,4,4,1,2,1
S2394,4,4,2,1,1
S1119,6,4,1,3,1
S1433,1,2,2,3,2
S2588,1,3,1,2,1
S2614,4,3,2,1,1
S2107,6,3,3,0,0
S2234,3,3,1,4,1
S2487,4,3,1,1,2
S1260,6,2,1,2,1
S2142,1,3,2,1,1
S2523,6,2,1,3,1
S1378,5,4,1,2,2
S1205,6,5,2,2,2
S2703,1,4,1,3,1
S1042,5,4,2,2,1
S1012,1,4,1,3,0
S1280,2,2,2,3,1
S2485,1,3,0,2,1
S1577,2,2,0,1,2
S2035,3,3,1,3,1
S2509,1,3,2,1,1
S2219,1,3,2,2,1
S2626,2,1,0,2,2
S1022,6,4,1,2,3
S2497,2,2,2,0,1
S2344,5,3,2,2,1
S1228,1,4,3,2,1
S1345,3,3,0,1,1
S2703,2,2,1,3,1
S2692,4,3,1,1,1
S1362,6,5,1,2,1
S2209,3,1,1,1,1
S2413,3,4,1,2,1
S2761,1,3,1,2,1
S1541,3,2,1,2,1
S2649,3,5,2,2,1
S2613,1,1,0,3,1
S2656,6,2,2,3,1
S1588,4,5,1,2,1
S2688,2,6,1,2,1
S2434,3,3,0,2,2
S2547,3,4,1,2,2
S1492,2,2,0,1,1
S1162,1,2,0,1,1
S1287,3,3,3,3,2
S2305,5,2,2,1,1
S2306,3,2,1,3,2
S2279,5,5,1,1,1
S2359,2,3,1,0,0
S2605,3,2,1,2,1
S2217,2,1,1,2,1
S2599,6,2,1,2,2
S1065,5,1,2,1,3
S1577,6,2,0,1,1
S1371,2,2,2,3,1
S2127,2,7,1,2,2
S2207,4,3,1,2,1
S1093,4,2,2,2,1
S2251,4,3,2,3,1
S1010,2,3,2,2,1
S1112,3,2,1,1,2
S1055,3,4,3,1,1
S1487,1,2,3,2,1
S2424,4,3,1,2,1
S1224,5,3,2,2,1
S2750,5,4,1,2,1
S2234,5,6,1,3,2
S1359,4,1,0,3,1
S2350,1,2,1,2,2
S2624,6,3,1,3,1
S2309,4,3,1,3,2
S2184,5,3,1,2,1
S2043,3,4,2,2,1
S2130,4,6,1,3,1
S1506,5,3,3,4,2
S2141,3,1,1,1,1
S2545,2,3,1,2,1
S2315,4,2,0,2,1
S1400,1,6,2,2,1
S1395,6,2,0,1,0
S2326,3,4,2,2,2
S2682,6,3,1,2,1
S1401,5,2,0,2,1
S2622,2,2,0,2,2
S2444,5,2,0,2,2
S1306,2,3,2,2,1
S2319,2,2,2,2,1
S1344,1,4,1,2,2
S2704,3,5,1,2,1
S1546,4,3,3,2,2
S1418,6,5,1,3,1
S1093,2,2,1,2,1
S2524,5,3,1,1,1
S2596,3,3,0,2,1
S2630,4,3,1,1,3
S2374,5,3,1,2,2
S2577,6,6,1,2,1
S2088,1,3,3,3,2
S2744,2,3,2,2,2
S2230,2,3,1,2,1
S2384,6,2,2,2,1
S2671,6,5,2,4,1
S1547,3,3,3,5,1
S2594,4,4,1,2,1
S2132,5,2,0,2,2
S1344,2,5,1,2,1
S1117,6,6,3,2,1
S2138,1,3,1,3,1
S1117,1,4,2,2,1
S2647,2,2,1,2,1
S1330,4,3,2,2,2
S1574,3,4,2,2,1
S1051,5,3,1,2,2
S1299,4,2,1,3,1
S1518,2,2,1,2,1
S2188,4,1,0,1,2
S1158,6,1,1,1,1
S2462,2,4,1,1,0
S2795,4,2,0,2,1
S2472,1,3,1,2,2
S2662,2,5,1,1,1
S2632,2,4,3,2,1
S1133,5,3,1,2,1
S2501,3,1,1,1,1
S1333,5,4,2,1,2
S2113,5,3,2,3,1
S2074,2,3,2,1,2
S2129,5,0,0,3,1
S2073,3,3,3,2,1
S2504,6,3,1,2,2
S2158,5,2,1,2,2
S2382,2,3,1,1,1
S2490,5,2,1,3,1
S1455,2,5,2,1,0
S2134,1,3,2,3,1
S1532,2,2,1,3,2
S2452,2,3,1,1,2
S2031,4,3,1,2,1
S1498,1,2,1,2,2
S2362,2,5,2,2,2
S2011,5,2,1,2,1
S2515,4,3,1,3,2
S1024,6,3,2,1,1
S2641,6,4,3,2,2
S2265,3,4,1,3,1
S1382,3,2,2,1,1
S1371,5,5,1,2,1
S1556,4,3,2,1,0
S2258,1,3,2,2,3
S2219,6,3,2,1,2
S2304,4,4,1,3,1
S2656,2,2,0,2,1
S2152,2,3,1,4,2
S2168,1,3,2,2,1
S1233,6,3,1,1,1
S1352,2,3,1,3,1
S2203,1,2,0,2,0
S1434,5,1,2,2,1
S2634,1,3,1,2,1
S1238,3,5,1,2,1
S2622,6,3,1,2,1
S2499,2,1,0,1,0
S1233,4,4,2,2,2
S2099,3,4,1,2,1
S2611,6,3,1,1,1
S1551,4,3,2,2,1
S1377,3,4,2,2,1
S2201,1,3,1,2,1
S1370,5,4,2,2,1
S2225,6,5,2,3,1
S2103,4,3,1,3,2
S2633,1,2,3,2,2
S1220,5,2,1,2,1
S1576,3,3,2,2,2
S2645,1,4,2,1,1
S1594,3,5,2,2,1
S1495,1,2,1,1,1
S2234,4,4,1,2,1
S2553,5,3,2,2,0
S1324,1,2,1,1,0
S2258,5,4,1,3,1
S1533,2,6,2,3,1
S1070,5,2,1,1,0
S1043,2,3,1,1,1
S1190,4,3,1,2,1
S1346,5,1,0,2,2
S2173,2,4,1,1,1
S2100,3,2,0,2,1
S1135,3,3,2,3,1
S1379,6,2,4,3,1
S2201,4,3,3,3,1
S1118,2,4,2,2,1
S1045,4,3,2,2,2
S2510,4,5,3,2,1
S1275,3,3,2,3,1
S2498,5,2,2,3,1
S2002,6,3,3,2,1
S1363,6,4,2,1,2
S1319,6,3,4,3,1
S2734,6,2,1,1,2
S2776,5,4,1,2,2
S2203,3,2,0,2,0
S2381,4,3,2,2,1
S1125,3,4,1,2,3
S2685,5,2,1,2,1
S2746,2,5,1,2,1
S1357,3,5,2,2,2
S2456,4,6,2,4,1
S2564,1,3,1,4,1
S2330,3,3,1,1,1
S2136,3,2,0,2,1
S2249,4,1,0,2,2
S1479,1,3,2,0,0
S2703,6,4,3,3,1
S2660,1,2,0,3,1
S1255,3,3,2,2,2
S2618,3,2,2,2,1
S2455,2,5,1,2,1
S1291,1,2,2,2,2
S1485,3,3,1,3,3
S1349,3,2,1,3,1
S2207,6,4,1,4,1
S2215,6,3,1,3,2
S2740,4,2,1,2,2
S1073,3,2,1,2,1
S1070,1,2,1,1,1
S2701,5,3,2,3,1
S1377,5,7,1,2,1
S1285,2,3,2,2,2
S2721,4,4,2,1,1
S2384,1,3,1,3,2
S2245,3,4,1,3,1
S2698,2,3,0,3,0
S2628,5,5,1,2,1
S2093,2,3,2,1,1
S2342,3,2,2,2,1
S2133,1,3,0,2,1
S2274,5,1,0,4,1
S2439,1,2,1,3,1
S2707,4,3,1,2,1
S2346,1,5,3,2,1
S1040,2,6,1,3,1
S1384,4,5,1,3,2
S1549,5,5,1,2,2
S2190,6,3,1,2,1
S1320,1,3,1,2,3
S2724,5,4,1,2,1
S2306,1,1,0,4,1
S2278,5,4,1,4,0
S1139,6,3,2,2,0
S1505,4,3,2,1,2
S1002,4,2,1,2,2
S2562,6,3,1,2,1
S1340,1,3,2,3,1
S1322,3,3,1,1,2
S2248,5,1,0,2,2
S1046,4,3,1,2,2
S2638,1,2,2,2,3
S2407,2,3,1,2,2
S2193,4,3,1,2,2
S2699,5,3,1,3,1
S1276,4,2,1,2,1
S1519,5,3,0,3,1
S1163,1,2,1,1,3
S2785,3,4,1,2,1
S2676,6,4,1,1,1
S1440,1,1,0,4,1
S2479,1,3,2,4,3
S2287,3,1,0,1,1
S2339,5,2,0,2,1
S2653,5,3,1,2,1
S2571,4,3,1,1,1
S2464,1,4,0,2,1
S2066,2,2,0,2,2
S2254,6,2,1,1,1
S2129,3,0,0,4,1
S2277,3,3,2,2,1
S1489,2,3,1,2,4
S1095,6,4,2,1,1
S1483,4,4,1,2,3
S2696,6,2,1,1,2
S2716,6,2,0,3,1
S2601,4,2,1,4,1
S2365,2,3,1,2,1
S1201,6,4,1,1,2
S2306,4,2,0,3,1
S2190,5,3,2,2,1
S1117,2,4,1,2,1
S1530,2,2,1,2,1
S1064,4,3,1,3,2
S2293,6,4,1,2,1
S1497,6,3,2,3,1
S1489,6,5,1,2,1
S1237,4,4,1,2,1
S2307,2,2,2,2,1
S2655,5,2,0,1,1
S1084,3,3,2,2,1
S1475,4,3,1,1,1
S1586,1,2,0,4,2
S2042,2,5,1,1,1
S1244,5,4,2,2,2
S2033,3,4,1,3,1
S2693,5,3,1,1,1
S2330,1,3,1,1,1
S2395,6,3,1,4,2
S1594,5,4,4,2,1
S1221,3,6,1,3,1
S2489,5,5,1,2,1
S2019,3,3,1,3,1
S2396,6,3,2,2,1
S2419,1,4,1,3,1
S1220,3,2,2,2,1
S2421,6,3,1,4,1
S2344,3,4,2,3,1
S2783,4,4,2,1,0
S2158,3,3,1,2,2
S1577,3,1,0,2,1
S1515,6,3,2,1,0
S2135,6,1,0,2,1
S2331,1,4,2,4,1
S2268,3,3,2,2,1
S1324,5,2,1,2,0
S2513,5,3,1,2,1
S2600,6,4,2,3,1
S2749,2,3,2,4,1
S1429,5,2,1,2,1
S1367,6,3,3,2,1
S1024,2,3,1,1,1
S2325,5,4,1,2,1
S2288,2,7,1,2,2
S1163,5,2,2,1,1
S1145,2,2,1,3,2
S2710,4,3,1,3,3
S1267,2,4,1,3,0
S1213,3,5,1,2,1
S1090,1,1,0,3,2
S2156,2,6,1,2,1
S2544,6,3,4,1,0
S1348,5,1,0,2,2
S2551,3,2,1,3,1
S1539,1,1,1,2,1
S1342,3,3,1,2,1
S1242,5,2,2,1,1
S1158,1,1,0,1,1
S2270,5,3,3,2,2
S1081,6,2,1,1,2
S2567,2,3,2,2,2
S2419,2,4,2,2,1
S2736,2,2,1,3,1
S2054,2,3,1,3,0
S2731,3,3,2,2,2
S2257,2,2,2,2,1
S2239,3,3,2,2,1
S2153,3,2,2,1,0
S2021,1,4,2,1,2
S2688,4,2,1,3,2
S2129,1,3,1,3,1
S2036,3,3,1,2,2
S1367,2,4,1,1,2
S1124,6,2,5,2,1
S2137,5,2,1,2,1
S1388,1,2,1,2,1
S2336,4,3,2,2,1
S1514,2,2,2,2,3
S2707,1,3,2,2,2
S1317,5,1,0,2,2
S2015,1,3,1,3,1
S1550,4,6,2,1,1
S1320,4,2,2,1,3
S1203,4,4,1,2,3
S1232,5,1,1,3,2
S2162,5,5,2,3,1
S1091,1,2,1,2,1
S1293,1,3,1,3,2
S1089,2,3,1,2,2
S2708,2,3,2,2,1
S1325,3,2,2,2,1
S1243,3,4,2,3,2
S2390,6,4,1,3,2
S2055,6,3,1,2,2
S1417,5,4,1,3,1
S2377,4,4,3,1,1
S1566,3,0,1,1,2
S2485,5,1,1,3,1
S1268,5,3,0,1,1
S1213,6,3,1,4,1
S1471,6,4,2,5,2
S2489,4,3,2,2,1
S1525,6,4,1,4,1
S2372,5,4,1,2,1
S2513,2,5,2,3,2
S1209,4,2,1,2,2
S2418,1,5,1,1,1
S2335,2,3,2,3,1
S1269,1,2,1,2,4
S1581,2,5,1,4,1
S1585,1,6,2,1,1
S2644,1,4,1,2,2
S1445,2,2,1,2,1
S1168,6,6,1,4,1
S2677,6,3,1,3,1
S2667,1,3,1,1,1
S2586,6,2,2,2,1
S2256,5,3,0,1,2
S2598,4,1,1,2,2
S2165,5,3,2,4,1
S1128,1,3,1,2,3
S1214,3,3,1,2,2
S2695,5,2,0,2,0
S1203,5,5,2,5,4
S2736,6,3,2,2,1
S1580,1,3,1,2,1
S2553,2,3,2,1,1
S1524,1,2,0,1,0
S2337,2,3,2,1,3
S2312,2,6,2,2,2
S1378,3,3,1,2,1
S1188,1,1,0,3,2
S1459,1,3,1,1,0
S1205,4,4,3,3,1
S1564,1,1,0,3,1
S2042,1,5,1,1,1
S2385,3,4,5,2,3
S1516,5,3,1,3,3
S2650,6,3,1,1,2
S2669,5,3,0,2,1
S2194,4,1,0,2,1
S2683,1,3,1,2,2
S1550,3,4,1,2,1
S2280,1,4,2,3,2
S1026,6,5,2,2,1
S2545,3,1,0,2,1
S2031,2,2,2,2,1
S2274,3,3,3,4,1
S1489,5,2,2,2,1
S1125,4,4,2,3,1
S1319,2,3,1,3,1
S1439,1,3,2,1,2
S2172,5,2,1,1,1
S2135,2,5,2,2,1
S2562,1,4,1,4,1
S1071,6,4,1,3,2
S2410,2,5,1,3,1
S2514,3,3,1,3,1
S2668,5,3,1,2,1
S2792,2,5,1,2,1
S2194,5,3,0,4,1
S1239,4,2,1,2,1
S2714,2,3,2,1,1
S2456,6,2,2,2,3
S1105,2,2,1,3,2
S2492,2,4,1,2,2
S2098,5,3,1,3,1
S2352,5,4,4,2,1
S2442,2,4,1,2,1
S2278,1,5,1,1,0
S1512,5,4,1,1,1
S2380,2,2,0,1,2
S1406,5,2,1,1,2
S2395,5,2,1,2,1
S2064,5,5,1,3,1
S2006,3,5,1,3,2
S2078,6,1,2,2,2
S2128,5,3,2,3,2
S2700,2,1,0,2,1
S2599,3,4,3,3,1
S2722,4,4,2,1,1
S1376,2,2,1,1,1
S2730,6,3,1,5,1
S2296,4,2,1,3,1
S1274,6,1,0,1,0
S2119,6,4,2,4,1
S1198,1,3,2,2,1
S1490,3,3,1,2,1
S2516,6,3,3,3,2
S1521,4,3,1,1,1
S1439,3,4,1,1,1
S2455,1,3,1,2,1
S2010,4,3,2,2,2
S1118,4,4,3,2,2
S1494,1,4,1,2,4
S2664,1,2,1,2,1
S1589,1,2,1,1,3
S1127,3,2,1,5,1
S1074,5,5,2,3,3
S1551,3,3,1,2,1
S1264,5,2,1,1,1
S2412,4,2,2,4,1
S1145,4,2,2,2,2
S1574,4,6,1,2,2
S2102,3,4,3,2,1
S1108,5,3,2,2,1
S1021,1,3,1,1,1
S1075,4,4,2,2,2
S1538,4,2,4,3,1
S1283,6,4,0,2,1
S2655,4,3,0,1,1
S2589,5,5,1,3,1
S2491,5,3,1,2,2
S2137,4,5,1,2,1
S1509,5,3,2,2,1
S2746,5,3,1,1,2
S1364,1,2,1,2,1
S1132,4,3,1,3,1
S1446,3,2,2,2,1
S2710,5,5,3,2,1
S2101,4,3,1,2,1
S1594,2,3,2,2,2
S2409,3,3,1,1,1
S2124,4,3,0,3,1
S1428,3,5,3,2,1
S2176,1,4,1,1,1
S1188,5,2,0,4,3
S2090,2,4,1,1,0
S2334,2,1,0,1,0
S2376,5,4,3,1,1
S2351,6,1,0,2,0
S2410,3,4,1,1,1
S2017,1,2,1,2,2
S1481,3,6,1,3,1
S2292,1,1,0,3,1
S2106,5,3,1,3,2
S1274,3,1,1,0,0
S1425,4,2,1,3,3
S2060,3,3,3,2,1
S2603,6,7,3,1,1
S2736,5,2,1,2,1
S1294,2,1,0,3,1
S1149,6,2,0,4,1
S2026,1,2,1,3,2
S2511,4,4,2,3,2
S1158,2,4,1,2,1
S2212,3,2,0,3,2
S2528,6,2,2,1,2
S2435,5,2,1,2,1
S1060,6,2,3,4,1
S1499,2,3,1,3,2
S1541,4,2,1,3,1
S2215,4,3,1,2,1
S1236,5,1,0,2,1
S1180,2,2,1,1,0
S1495,3,1,1,1,1
S1284,6,3,1,1,1
S1435,6,2,2,2,1
S2057,5,2,3,3,1
S2616,6,2,2,3,1
S2705,5,6,2,2,1
S1571,6,3,4,1,0
S2735,5,3,1,2,1
S2683,2,3,1,2,1
S2435,4,3,1,2,1
S2574,6,3,3,1,3
S2436,2,3,1,2,1
S1362,1,2,3,2,1
S2188,1,1,0,0,1
S2284,1,2,1,2,1
S2710,6,3,1,2,1
S2355,3,7,1,2,1
S1285,4,4,2,2,1
S2221,3,3,1,1,2
S2543,5,4,1,3,3
S1434,2,0,0,2,1
S2566,6,4,3,2,1
S1396,4,2,0,3,1
S1520,2,6,1,2,2
S2340,2,2,0,2,2
S2762,1,3,1,1,1
S1536,6,2,0,4,1
S2292,2,4,0,3,1
S2434,2,1,0,2,0
S1375,6,5,2,1,1
S2301,5,5,1,1,2
S1546,5,3,1,2,1
S2317,5,3,3,1,1
S2760,2,4,0,3,2
S2114,2,3,1,2,1
S1590,3,3,3,2,2
S1483,3,3,1,3,2
S2679,6,1,0,4,1
S2299,5,3,0,2,2
S2018,3,3,3,1,1
S1292,6,1,0,2,1
S2149,2,4,1,2,0
S1551,4,3,2,2,1
S1401,3,1,0,3,1
S2634,3,5,1,2,2
S2621,4,5,1,2,2
S1102,5,5,1,2,1
S1257,1,4,4,3,1
S2247,6,3,1,1,1
S2118,3,5,2,3,1
S2337,5,5,2,1,1
S1588,2,3,1,4,1
S2282,1,2,1,2,1
S2708,1,2,1,2,2
S2209,6,3,1,1,1
S2048,1,6,1,1,1
S1099,2,4,1,2,1
S2325,6,4,2,3,1
S2322,2,4,2,3,1
S1500,6,4,1,3,1
S1091,3,3,3,2,1
S2236,2,2,1,1,1
S1191,2,4,3,2,1
S1290,3,3,3,1,2
S1179,5,3,1,3,1
S1337,6,3,1,2,0
S2752,1,3,3,2,2
S1202,5,5,2,2,2
S1499,1,1,0,2,1
S2447,4,2,2,1,1
S1021,3,5,2,1,0
S1129,3,2,1,2,2
S2782,6,3,2,2,1
S2468,5,3,1,2,2
S2315,6,1,0,2,1
S2048,4,5,1,1,1
S2440,3,1,0,1,2
S1146,3,5,2,3,1
S1021,6,5,1,1,1
S2240,1,4,2,2,2
S2774,3,4,1,1,1
S2764,5,1,0,2,2
S2797,4,2,3,2,1
S1111,6,2,1,2,2
S2190,2,3,1,1,1
S2173,3,4,1,2,1
S2598,2,3,0,2,1
S2648,6,3,1,1,1
S2628,1,3,1,5,1
S2635,3,2,1,2,1
S2130,3,3,2,2,1
S2727,6,0,0,2,1
S2638,2,3,2,3,1
S1175,2,2,1,3,1
S1155,1,3,2,3,1
S2260,4,5,3,1,0
S2338,6,2,3,1,1
S2323,3,3,2,3,1
S1001,5,3,1,3,1
S1535,4,2,1,2,1
S2403,4,2,1,2,1
S1547,5,3,2,2,1
S2529,6,4,1,4,1
S2659,3,6,2,2,1
S1467,3,3,1,4,1
S1436,2,6,2,2,2
S2661,1,3,1,2,2
S2315,2,1,0,2,2
S2079,3,2,3,2,2
S2272,2,4,3,1,1
S2244,2,4,1,3,1
S1298,6,1,1,2,1
S2537,5,4,1,2,1
S2726,4,3,1,2,1
S2583,6,3,2,2,1
S2539,2,3,3,1,2
S2509,6,4,2,1,0
S1202,3,4,2,3,2
S1573,4,2,1,3,4
S1101,5,2,2,1,1
S2065,2,3,0,2,1
S2058,5,4,1,2,1
S2131,1,1,0,2,1
S1150,2,5,1,1,1
S1346,3,3,0,1,2
S1488,3,1,0,3,1
S2442,4,5,1,2,1
S2271,4,4,2,1,1
S2729,4,3,3,3,1
S2321,4,2,1,2,2
S1205,3,6,1,3,1
S2566,3,6,1,3,2
S2457,3,3,2,1,0
S1171,6,5,1,1,1
S1475,2,2,1,2,1
S2195,2,3,1,2,2
S2573,2,4,1,2,2
S2078,2,2,0,2,3
S1414,5,3,1,1,2
S2125,6,3,3,2,1
S2244,5,4,2,2,1
S2128,4,2,1,2,3
S1518,5,3,2,5,3
S2392,4,3,1,2,4
S2628,6,3,1,2,1
S1093,3,2,1,2,3
S1430,2,2,3,1,2
S2286,1,3,2,3,1
S1322,6,5,3,2,1
S2454,5,3,1,2,1
S1095,4,3,1,1,0
S1493,5,2,2,1,1
S2422,6,3,1,2,1
S2386,5,3,1,2,1
S2672,1,3,1,4,1
S2697,6,3,1,2,3
S2167,4,2,1,3,1
S2736,1,4,2,2,1
S1556,2,2,2,1,1
S1137,5,5,1,1,0
S2116,2,4,3,2,1
S1246,6,5,1,3,1
S1444,6,2,2,2,1
S1028,5,1,0,4,2
S1528,4,1,3,2,2
S1294,1,2,1,2,1
S1510,4,5,1,2,1
S1175,1,1,0,2,2
S2716,4,1,0,2,1
S2234,6,3,1,3,1
S2080,6,4,1,2,1
S1480,4,4,1,2,2
S1331,6,4,0,2,1
S2361,1,3,2,3,1
S1100,6,3,1,2,2
S2583,2,3,1,2,1
S2431,5,4,2,1,1
S1318,5,3,1,3,1
S1361,2,4,2,2,1
S1023,2,2,2,2,2
S1598,5,3,1,1,1
S1585,4,4,2,1,1
S1476,6,3,1,2,1
S2474,1,2,1,3,1
S1522,6,2,1,1,3
S1173,3,3,1,2,3
S1402,3,2,1,1,0
S1034,5,1,0,1,0
S1200,6,3,2,3,1
S2299,1,3,1,2,2
S1122,4,2,2,2,1
S2774,4,3,1,3,3
S1107,1,2,0,2,1
S2154,5,3,0,2,1
S1055,2,3,2,1,3
S2570,5,4,1,2,2
S2003,1,4,4,3,1
S2786,4,3,1,2,2
S1187,5,2,1,2,2
S2797,6,4,1,3,1
S2796,4,4,1,2,1
S1449,4,5,1,0,1
S2243,2,2,1,2,2
S1189,2,3,2,3,1
S1442,5,1,0,2,1
S1386,4,4,1,1,2
S1219,2,3,1,2,1
S2697,2,2,2,2,2
S1003,5,2,1,3,1
S2755,6,2,1,5,1
S1547,1,4,3,3,2
S1015,5,3,1,2,1
S2220,5,3,0,2,2
S2756,4,4,1,2,2
S2240,3,4,1,2,1
S1143,6,2,2,2,1
S1538,2,3,1,2,2
S2775,5,2,1,2,1
S2387,3,5,2,1,2
S1169,6,3,1,1,0
S2637,3,2,1,2,1
S2533,2,1,0,2,1
S2265,4,4,1,3,2
S2714,5,4,2,1,1
S1040,4,5,1,2,2
S2485,3,2,1,4,2
S1590,1,4,2,2,1
S2438,4,4,0,2,1
S1435,2,2,1,3,2
S1099,5,3,1,3,1
S2005,5,2,1,3,1
S2524,2,3,1,1,1
S2488,2,2,1,2,1
S1295,2,6,2,1,2
S2614,6,1,0,2,1
S1185,2,4,2,2,1
S2007,3,2,1,2,2
S2206,6,2,1,3,0
S1169,1,2,1,2,0
S1447,2,3,1,2,1
S1480,6,3,1,1,1
S2010,1,3,1,5,1
S2237,2,2,1,1,1
S2787,1,1,1,2,2
S1214,1,4,2,2,1
S2328,5,4,1,3,1
S2372,4,3,3,2,1
S2770,1,2,0,1,1
S1266,4,2,1,2,1
S2104,4,2,1,2,1
S1478,3,4,2,3,1
S1228,5,5,2,2,3
S2011,6,3,0,3,1
S2624,3,4,1,3,1
S2404,6,3,2,1,3
S1029,5,6,1,2,1
S2117,6,3,1,3,1
S2422,5,5,3,3,2
S1169,3,2,2,3,1
S2068,6,3,1,3,1
S1566,1,0,1,1,1
S1505,2,5,1,1,2
S2066,4,1,0,2,1
S2184,6,3,1,3,3
S2278,6,4,1,1,1
S2459,4,4,1,3,1
S1520,4,5,1,1,1
S2453,5,2,1,3,2
S1385,5,3,3,2,1
S1017,3,2,1,3,1
S2799,5,5,3,2,1
S1448,2,4,1,1,1
S1557,4,4,2,1,1
S2706,3,2,3,1,1
S1046,2,2,2,2,1
S2091,6,1,0,2,2
S2139,6,5,2,1,3
S1252,6,4,2,3,1
S2377,2,2,3,1,2
S1287,5,6,1,3,2
S2227,3,3,1,2,1
S2235,2,3,1,3,1
S2105,2,1,0,2,2
S1295,5,4,3,2,1
S1558,6,4,0,2,1
S2490,6,3,1,2,1
S2510,2,4,1,2,2
S2195,6,3,3,2,1
S1203,3,3,3,2,1
S1394,6,3,1,2,1
S2626,6,1,2,3,1
S1293,3,4,1,3,1
S1555,3,2,1,2,1
S2707,3,2,1,2,1
S1359,5,2,3,2,2
S2663,1,3,2,2,1
S2121,5,4,1,2,1
S1276,4,2,1,2,1
S1545,1,2,1,2,2
S2204,1,2,1,1,1
S2056,4,2,1,2,2
S2528,2,2,2,3,1
S2357,6,4,2,2,1
S2641,3,4,1,3,3
S1357,4,4,2,4,1
S2279,3,5,1,2,3
S2043,2,3,2,2,1
S1405,5,2,0,2,1
S1109,6,5,1,2,1
S2544,4,3,1,1,1
S1331,6,4,0,2,1
S2436,4,5,1,2,1
S1047,5,7,1,2,2
S2410,1,3,1,1,1
S1592,4,3,1,1,2
S2116,6,3,1,1,2
S2376,3,2,1,2,1
S2510,1,5,3,2,1
S2467,6,4,2,3,2
S2566,5,3,1,2,1
S1316,3,5,1,1,2
S2237,3,3,1,1,2
S2181,5,3,1,3,2
S1417,4,6,1,3,2
S2580,5,3,1,2,2
S2415,6,2,2,2,2
S1342,4,3,1,1,1
S1523,1,4,1,3,1
S1087,3,3,1,2,1
S1323,2,6,1,1,3
S1302,1,5,1,2,1
S1512,2,3,1,2,1
S1563,4,3,2,3,1
S1027,3,1,1,2,2
S2393,3,4,1,3,1
S1347,1,1,2,3,1
S1240,2,5,1,2,2
S2554,1,2,0,2,1
S2465,4,3,1,2,1
S2653,1,3,2,2,1
S1494,4,4,1,3,2
S1115,6,6,1,2,1
S1315,1,5,1,1,3
S2727,5,0,0,1,1
S1440,4,2,2,3,3
S1599,2,4,1,1,1
S2155,5,2,1,1,1
S1202,2,5,1,2,1
S1575,3,3,2,3,1
S1107,3,1,0,2,2
S2508,6,3,1,3,1
S2615,2,2,0,2,1
S2033,1,3,1,2,1
S1337,5,4,1,1,1
S2657,4,4,1,3,2
S1035,6,4,1,2,2
S2772,2,2,1,2,1
S1515,4,3,1,2,0
S1406,6,3,1,1,1
S2177,4,2,1,2,1
S1134,5,2,1,4,1
S2195,3,2,1,3,1
S2144,1,2,2,3,1
S1572,4,3,1,1,2
S1036,5,5,4,3,1
S2019,1,2,3,2,2
S2271,6,6,1,2,1
S2527,1,3,1,2,2
S2376,4,4,1,1,3
S1301,6,3,1,2,2
S2421,2,2,1,2,1
S1488,6,2,0,2,1
S1297,4,4,1,1,1
S2315,1,2,0,2,1
S2327,6,2,1,4,1
S2415,4,3,2,1,2
S2012,1,2,1,3,3
S2551,1,2,1,4,1
S2796,3,5,1,2,1
S2431,6,3,3,2,1
S1150,3,3,1,1,3
S2402,4,3,1,1,2
S2522,4,3,3,2,1
S2237,4,3,2,1,1
S2122,6,3,1,3,1
S1379,1,2,3,1,2
S1122,3,3,0,3,1
S1251,4,2,2,2,2
S1526,6,4,1,1,1
S2052,1,4,1,1,0
S1285,5,4,2,2,3
S2685,3,4,1,2,1
S2735,1,3,1,2,1
S2009,2,3,1,2,1
S2031,6,2,3,4,1
S1227,2,4,0,2,1
S2223,4,3,2,2,2
S2561,4,2,1,2,1
S2391,1,1,0,2,1
S1324,6,2,3,2,0
S2325,1,4,2,2,1
S2064,2,3,1,3,1
S1581,5,4,1,3,2
S1171,5,3,2,1,1
S2409,4,3,1,1,1
S2059,6,2,3,2,1
S2007,2,3,2,2,1
S1349,1,2,3,3,1
S1116,4,1,0,2,2
S2244,4,3,1,3,2
S2345,2,3,2,3,1
S2799,2,3,1,1,1
S2060,5,3,2,3,2
S2181,4,3,4,2,1
S2238,5,3,2,2,1
S2375,5,4,1,3,0
S2383,2,4,1,1,0
S1124,2,4,2,2,1
S2730,3,2,2,2,1
S1225,5,4,1,2,2
S2433,3,3,2,2,1
S2294,5,4,1,4,2
S1470,6,1,0,3,2
S2594,3,7,2,2,1
S2111,4,2,3,2,3
S1229,5,3,3,2,1
S2370,1,2,1,2,1
S2371,3,1,0,2,1
S2706,1,2,1,3,1
S1391,6,4,1,1,3
S1581,3,5,2,4,1
S2386,1,5,1,3,1
S2727,4,0,1,1,2
S1355,5,4,2,2,1
S1266,6,5,1,2,1
S1290,2,4,2,2,2
S2362,3,3,1,1,0
S1478,1,2,1,3,1
S1127,6,3,0,4,1
S2040,4,3,1,2,1
S2411,4,3,1,4,2
S2309,6,3,0,2,4
S2265,2,3,1,3,1
S1473,6,3,2,1,1
S1537,1,3,1,1,1
S1279,2,2,1,4,2
S2581,5,3,2,2,1
S1479,6,5,2,1,0
S1460,4,4,2,2,1
S2441,6,6,0,1,0
S1553,2,3,0,4,1
S1583,3,3,1,2,1
S1300,1,5,2,2,2
S2332,6,5,1,2,2
S2576,3,6,1,3,2
S1187,4,4,1,2,4
S2219,5,2,1,2,1
S1568,3,2,0,2,1
S1292,5,2,0,2,1
S2614,5,2,0,3,2
S2524,3,4,1,2,1
S2738,3,4,2,2,2
S2568,5,4,3,2,2
S1306,6,4,2,3,1
S2460,2,2,1,2,1
S2138,4,4,1,2,1
S2304,5,2,2,2,1
S1099,6,4,1,3,1
S2708,5,2,1,2,2
S1491,1,5,1,1,1
S1151,6,4,1,3,1
S2766,3,6,3,2,1
S2786,5,3,2,2,2
S1259,3,6,1,2,1
S2640,4,4,2,3,2
S2762,6,4,1,1,1
S2453,2,5,1,2,2
S2307,5,1,0,2,2
S1037,3,4,3,1,2
S2194,1,1,0,3,3
S2622,3,2,1,2,3
S1153,1,3,2,3,1
S2194,6,1,0,2,1
S2617,5,4,1,2,1
S1089,5,3,2,3,2
S2704,6,3,4,2,2
S1182,3,4,2,1,1
S2077,1,3,1,1,3
S1473,3,4,1,2,1
S2384,2,3,1,3,2
S2591,1,2,0,1,2
S2795,5,1,0,2,1
S2292,5,0,0,3,1
S1274,5,2,0,1,0
S1488,2,1,0,2,1
S2455,4,4,1,2,1
S1480,2,3,1,2,1
S2499,3,2,2,1,1
S1141,1,5,1,4,2
S2430,4,4,1,1,1
S2043,4,5,1,2,1
S1430,1,2,1,1,2
S2213,3,2,3,2,1
S2673,4,2,2,3,1
S1544,3,3,1,6,2
S2647,6,2,2,3,3
S2262,4,1,2,1,1
S2449,2,2,2,1,0
S1036,3,8,1,3,1
S2507,3,5,2,1,0
S1543,4,3,1,3,1
S2488,5,2,1,1,3
S2663,4,4,1,2,1
S1398,5,4,2,3,1
S2028,4,3,2,4,1
S2438,1,2,0,3,2
S2191,5,3,1,4,3
S2535,1,3,2,1,0
S2198,3,4,3,4,2
S2421,5,2,1,3,1
S1071,2,4,1,2,1
S2587,5,1,0,1,1
S2391,3,4,1,2,1
S2329,3,4,1,3,1
S2676,1,4,1,3,1
S1261,2,3,2,3,0
S1474,2,4,2,2,2
S1353,6,4,2,2,1
S2327,5,2,1,2,1
S2364,4,3,2,2,1
S1450,1,3,0,1,1
S1599,4,2,2,2,2
S1130,6,4,1,2,1
S1011,5,5,1,1,1
S2085,3,3,0,1,1
S1360,5,3,2,2,2
S2332,3,5,1,2,1
S2672,3,4,1,3,1
S1088,1,4,1,1,1
S1069,2,3,1,2,2
S2516,2,4,1,2,2
S2258,6,4,2,3,2
S2522,1,3,1,3,1
S2105,4,4,1,2,1
S2264,4,4,3,1,1
S1190,3,2,1,2,1
S1155,3,7,2,2,2
S1061,2,1,0,2,1
S2797,3,3,2,2,2
S2608,6,5,1,3,2
S2793,3,3,1,2,1
S2536,2,1,0,5,1
S2789,4,4,3,2,1
S1180,3,4,2,1,1
S1224,4,2,2,2,1
S2070,1,3,0,2,2
S2747,4,1,1,2,1
S2204,4,3,3,3,1
S1588,1,4,1,2,3
S2268,4,5,1,2,2
S1318,4,5,1,3,2
S2530,6,5,1,3,1
S1175,6,1,1,4,2
S1346,2,1,0,1,2
S2158,2,2,1,2,1
S1029,6,3,2,3,2
S2400,6,3,1,2,0
S2610,4,3,1,3,1
S2553,6,3,2,2,0
S2247,5,2,1,2,1
S1262,1,3,1,1,1
S2255,6,5,1,2,3
S2077,4,3,2,1,1
S2323,6,2,1,3,3
S1458,4,3,0,3,1
S2009,6,2,1,1,0
S1181,2,4,1,2,2
S1539,2,2,1,2,2
S2735,2,5,2,3,1
S2096,2,5,2,1,1
S1277,2,4,1,2,3
S1341,6,4,2,2,1
S1552,3,5,2,1,1
S2520,2,4,1,2,1
S1006,5,1,0,2,2
S2109,1,3,1,2,1
S1136,2,3,1,2,2
S1448,1,4,1,1,2
S2741,6,1,0,3,1
S1258,3,2,1,2,2
S2653,2,5,2,2,1
S2368,3,4,2,3,1
S2498,2,2,2,1,1
S1239,2,3,1,4,1
S2641,4,3,2,2,1
S1458,3,3,0,1,1
S2727,2,1,1,1,1
S1496,5,4,1,1,2
S1356,2,1,0,3,2
S1044,2,5,1,1,1
S1360,4,4,2,1,1
S1412,6,2,2,2,2
S1106,1,2,1,1,0
S1426,6,2,0,2,2
S2352,6,6,2,2,1
S2512,5,5,2,3,1
S1508,3,4,2,3,2
S2484,3,2,1,3,1
S1113,5,2,2,2,1
S2086,3,3,1,2,1
S2027,5,3,1,3,1
S1560,5,3,1,2,2
S1266,5,2,2,2,4
S2629,4,0,0,2,1
S1223,2,3,1,2,1
S2765,1,4,2,1,2
S1332,4,4,1,2,1
S2223,3,4,1,2,1
S1527,6,3,1,4,1
S1480,5,4,4,1,1
S2653,4,4,1,2,1
S1034,4,1,1,1,1
S1317,1,2,0,3,1
S1172,4,2,1,2,2
S1483,6,2,1,2,2
S2749,6,5,1,3,1
S1357,2,6,1,2,1
S2785,2,4,1,4,2
S1448,3,5,2,2,1
S1191,3,4,2,2,1
S1085,1,5,1,3,1
S2764,1,1,0,3,3
S1511,1,3,1,1,1
S2256,2,2,0,1,2
S2528,1,5,3,1,1
S2126,2,1,0,3,1
S1596,2,3,2,2,1
S2205,2,2,0,1,1
S1208,3,4,1,2,1
S2532,1,2,1,1,2
S2291,6,2,1,5,1
S2338,2,4,1,0,0
S1426,4,1,0,3,1
S2625,2,4,1,2,1
S2739,4,4,2,2,1
S2390,2,2,2,2,2
S1418,4,3,1,3,1
S1135,2,2,2,2,1
S2721,1,2,1,1,0
S1293,6,5,1,2,1
S1023,5,2,1,1,1
S2782,2,3,2,2,1
S1513,4,2,1,2,1
S1555,4,3,1,2,1
S2007,1,5,1,2,2
S2497,4,2,1,1,1
S2383,5,5,1,1,0
S2183,5,4,4,2,1
S2342,1,3,1,2,2
S1083,5,2,2,2,1
S2504,2,4,2,3,1
S2410,5,5,1,1,2
S1542,3,3,1,2,1
S2065,5,1,0,2,1
S2318,2,3,0,1,2
S2324,1,4,1,2,0
S2352,3,3,1,2,1
S1151,3,5,2,2,2
S2743,2,5,2,2,2
S2683,5,2,1,3,1
