student_id,month,satisfaction_score,faculty_rating
S1001,1,4.65,4.08
S1001,2,4.05,4.1
S1001,3,4.73,4.49
S1001,4,4.15,4.32
S1001,5,4.06,3.91
S1001,6,3.92,4.35
S1002,1,3.32,3.76
S1002,2,3.47,4.56
S1002,3,4.21,4.27
S1002,4,3.37,4.33
S1002,5,3.76,3.96
S1002,6,3.36,4.35
S1003,1,3.34,4.66
S1003,2,3.23,4.15
S1003,3,3.24,4.57
S1003,4,3.69,4.75
S1003,5,3.57,4.42
S1003,6,3.5,4.3
S1004,1,4.11,4.39
S1004,2,3.36,4.21
S1004,3,3.47,4.65
S1004,4,4.03,4.64
S1004,5,3.72,4.79
S1004,6,4.16,4.55
S1005,1,4.95,4.12
S1005,2,4.39,4.32
S1005,3,4.79,4.1
S1005,4,4.44,3.98
S1005,5,4.15,4.39
S1005,6,4.32,3.94
S1006,1,3.28,4.65
S1006,2,3.3,5.0
S1006,3,,4.6
S1006,4,3.46,5.0
S1006,5,3.3,4.8
S1006,6,3.25,4.47
S1007,1,4.33,4.06
S1007,2,3.83,4.19
S1007,3,4.6,3.94
S1007,4,4.13,4.66
S1007,5,4.51,3.99
S1007,6,4.01,4.18
S1008,1,4.27,3.91
S1008,2,3.86,3.58
S1008,3,4.06,3.73
S1008,4,4.03,4.1
S1008,5,4.02,4.13
S1008,6,4.32,3.41
S1009,1,4.26,4.22
S1009,2,3.65,3.57
S1009,3,3.81,3.88
S1009,4,4.24,4.02
S1009,5,4.16,3.82
S1009,6,4.08,4.08
S1010,1,4.1,4.06
S1010,2,3.96,3.63
S1010,3,4.17,4.38
S1010,4,4.18,4.48
S1010,5,3.81,3.87
S1010,6,4.0,4.41
S1011,1,4.49,4.41
S1011,2,4.21,4.55
S1011,3,4.13,4.27
S1011,4,4.16,3.71
S1011,5,4.28,3.93
S1011,6,4.19,4.17
S1012,1,4.09,3.83
S1012,2,,3.67
S1012,3,4.07,3.95
S1012,4,4.66,3.57
S1012,5,3.85,4.0
S1012,6,4.04,3.8
S1013,1,4.0,4.38
S1013,2,4.23,4.13
S1013,3,4.03,4.59
S1013,4,4.06,4.42
S1013,5,4.1,2.99
S1013,6,3.41,3.65
S1014,1,3.99,4.6
S1014,2,,4.3
S1014,3,4.16,4.42
S1014,4,3.49,4.27
S1014,5,4.14,4.53
S1014,6,3.98,4.59
S1015,1,4.12,4.72
S1015,2,4.42,3.85
S1015,3,4.1,4.38
S1015,4,3.96,4.14
S1015,5,3.42,4.22
S1015,6,4.0,4.08
S1016,1,3.55,3.75
S1016,2,3.71,4.11
S1016,3,3.78,3.69
S1016,4,3.51,4.08
S1016,5,3.62,4.27
S1016,6,,3.99
S1017,1,3.5,4.39
S1017,2,3.36,4.21
S1017,3,3.25,4.94
S1017,4,3.57,4.16
S1017,5,3.63,4.01
S1017,6,3.31,3.97
S1018,1,3.96,3.47
S1018,2,3.93,4.1
S1018,3,4.2,3.46
S1018,4,4.12,3.38
S1018,5,4.03,3.87
S1018,6,4.08,3.95
S1019,1,4.71,4.56
S1019,2,4.95,4.64
S1019,3,4.54,4.48
S1019,4,4.81,4.46
S1019,5,4.46,4.16
S1019,6,,3.97
S1020,1,3.21,4.65
S1020,2,3.56,4.33
S1020,3,3.7,4.91
S1020,4,3.0,4.21
S1020,5,3.52,4.31
S1020,6,3.09,3.83
S1021,1,3.95,3.5
S1021,2,4.13,3.68
S1021,3,3.92,3.58
S1021,4,3.89,4.19
S1021,5,4.36,3.34
S1021,6,3.94,3.73
S1022,1,3.09,4.91
S1022,2,3.57,4.89
S1022,3,3.49,4.68
S1022,4,3.36,4.47
S1022,5,3.3,4.91
S1022,6,3.22,4.6
S1023,1,4.01,4.35
S1023,2,3.99,4.19
S1023,3,3.75,4.13
S1023,4,3.67,4.21
S1023,5,3.64,4.04
S1023,6,3.69,3.55
S1024,1,4.43,4.08
S1024,2,4.4,3.86
S1024,3,4.22,3.94
S1024,4,4.39,4.23
S1024,5,4.01,4.31
S1024,6,3.9,3.59
S1025,1,2.96,4.4
S1025,2,3.72,4.25
S1025,3,3.54,4.31
S1025,4,3.3,5.0
S1025,5,3.91,4.23
S1025,6,3.43,4.89
S1026,1,4.84,4.33
S1026,2,4.3,4.33
S1026,3,4.18,5.0
S1026,4,4.22,4.46
S1026,5,4.0,4.71
S1026,6,4.58,4.11
S1027,1,3.85,4.34
S1027,2,3.58,4.52
S1027,3,,4.41
S1027,4,,4.03
S1027,5,3.02,4.19
S1027,6,3.62,4.47
S1028,1,3.39,4.32
S1028,2,3.61,4.52
S1028,3,3.14,4.71
S1028,4,3.33,3.9
S1028,5,3.67,4.32
S1028,6,3.37,4.34
S1029,1,4.08,3.44
S1029,2,4.21,3.76
S1029,3,4.8,4.3
S1029,4,4.18,4.03
S1029,5,4.21,3.55
S1029,6,4.47,4.12
S1030,1,4.84,4.35
S1030,2,5.0,4.73
S1030,3,4.76,4.6
S1030,4,5.0,4.62
S1030,5,4.54,4.93
S1030,6,,4.51
S1031,1,5.0,4.66
S1031,2,4.35,3.54
S1031,3,4.47,4.03
S1031,4,4.25,4.25
S1031,5,3.98,3.98
S1031,6,4.97,3.59
S1032,1,,4.07
S1032,2,4.04,3.84
S1032,3,4.04,4.09
S1032,4,3.74,3.46
S1032,5,4.1,3.91
S1032,6,3.69,4.51
S1033,1,4.42,3.85
S1033,2,4.71,4.19
S1033,3,4.8,4.16
S1033,4,4.01,4.34
S1033,5,4.53,4.21
S1033,6,4.59,4.3
S1034,1,3.96,3.34
S1034,2,3.8,3.72
S1034,3,4.0,3.34
S1034,4,4.23,3.41
S1034,5,3.1,3.44
S1034,6,3.75,3.58
S1035,1,4.38,4.8
S1035,2,3.79,4.54
S1035,3,4.36,4.93
S1035,4,4.43,4.5
S1035,5,3.77,4.63
S1035,6,4.45,4.91
S1036,1,4.83,4.62
S1036,2,4.48,4.45
S1036,3,4.55,4.78
S1036,4,4.27,4.49
S1036,5,4.41,3.91
S1036,6,4.22,4.42
S1037,1,4.2,3.99
S1037,2,4.13,3.92
S1037,3,4.12,4.44
S1037,4,4.25,4.7
S1037,5,4.26,3.81
S1037,6,4.31,4.4
S1038,1,2.82,4.54
S1038,2,3.14,4.54
S1038,3,3.28,4.69
S1038,4,3.26,4.58
S1038,5,3.74,4.25
S1038,6,3.21,4.63
S1039,1,3.9,3.88
S1039,2,,4.08
S1039,3,3.96,3.81
S1039,4,3.73,4.16
S1039,5,3.25,3.75
S1039,6,3.31,4.14
S1040,1,4.8,4.68
S1040,2,4.88,4.81
S1040,3,4.51,4.76
S1040,4,5.0,4.31
S1040,5,4.77,4.92
S1040,6,4.45,4.49
S1041,1,3.69,4.95
S1041,2,4.07,4.29
S1041,3,3.48,4.47
S1041,4,2.95,4.79
S1041,5,3.32,4.84
S1041,6,4.01,4.34
S1042,1,4.8,4.58
S1042,2,4.24,4.93
S1042,3,4.31,4.66
S1042,4,4.88,4.07
S1042,5,4.44,3.97
S1042,6,5.0,4.05
S1043,1,3.82,3.81
S1043,2,4.2,3.44
S1043,3,4.06,4.13
S1043,4,4.4,3.67
S1043,5,4.51,3.96
S1043,6,4.25,3.59
S1044,1,4.11,3.95
S1044,2,4.34,3.31
S1044,3,4.35,4.24
S1044,4,4.12,3.51
S1044,5,,4.01
S1044,6,4.24,3.48
S1045,1,3.47,4.48
S1045,2,4.47,4.46
S1045,3,3.96,3.97
S1045,4,3.85,3.85
S1045,5,4.28,4.39
S1045,6,3.98,3.9
S1046,1,3.39,4.08
S1046,2,4.06,4.04
S1046,3,4.34,4.17
S1046,4,4.39,4.55
S1046,5,4.2,4.22
S1046,6,3.5,4.27
S1047,1,4.24,4.38
S1047,2,3.97,4.4
S1047,3,4.13,4.14
S1047,4,,4.54
S1047,5,4.06,4.63
S1047,6,4.23,4.71
S1048,1,4.34,3.26
S1048,2,3.29,3.55
S1048,3,4.63,3.66
S1048,4,4.16,3.94
S1048,5,4.06,3.92
S1048,6,3.77,3.71
S1049,1,4.48,4.53
S1049,2,4.74,4.8
S1049,3,4.52,4.43
S1049,4,4.69,4.15
S1049,5,3.93,4.17
S1049,6,4.49,4.29
S1050,1,4.56,4.07
S1050,2,4.08,5.0
S1050,3,4.85,4.49
S1050,4,4.24,4.42
S1050,5,4.95,4.24
S1050,6,4.28,4.63
S1051,1,3.87,4.22
S1051,2,4.41,4.29
S1051,3,4.63,4.11
S1051,4,4.39,4.0
S1051,5,4.71,4.33
S1051,6,4.41,4.54
S1052,1,4.48,3.74
S1052,2,4.61,4.27
S1052,3,4.7,4.42
S1052,4,4.4,4.58
S1052,5,4.09,4.28
S1052,6,3.94,4.18
S1053,1,,4.5
S1053,2,3.85,4.35
S1053,3,4.16,5.0
S1053,4,4.45,4.53
S1053,5,4.3,3.99
S1053,6,,3.34
S1054,1,3.69,4.57
S1054,2,4.3,3.99
S1054,3,3.8,3.62
S1054,4,4.07,4.23
S1054,5,3.55,4.28
S1054,6,,4.17
S1055,1,4.53,4.52
S1055,2,4.74,4.57
S1055,3,4.54,4.14
S1055,4,4.51,4.2
S1055,5,5.0,4.38
S1055,6,4.69,4.17
S1056,1,3.34,4.76
S1056,2,3.09,5.0
S1056,3,3.64,4.45
S1056,4,3.26,4.1
S1056,5,3.59,4.6
S1056,6,3.53,5.0
S1057,1,3.52,3.9
S1057,2,3.06,3.73
S1057,3,3.62,3.75
S1057,4,3.97,3.27
S1057,5,3.69,4.06
S1057,6,3.62,3.8
S1058,1,4.28,3.66
S1058,2,4.4,3.44
S1058,3,4.7,3.42
S1058,4,4.55,3.47
S1058,5,4.5,2.86
S1058,6,4.54,3.11
S1059,1,3.15,3.53
S1059,2,3.54,3.3
S1059,3,3.9,3.18
S1059,4,3.58,3.2
S1059,5,3.37,3.33
S1059,6,3.75,3.6
S1060,1,3.95,4.24
S1060,2,3.43,4.3
S1060,3,3.68,4.61
S1060,4,3.48,4.33
S1060,5,3.8,4.84
S1060,6,3.54,4.47
S1061,1,3.05,4.3
S1061,2,3.45,4.25
S1061,3,3.17,4.07
S1061,4,2.72,4.01
S1061,5,2.67,3.72
S1061,6,3.01,4.68
S1062,1,3.97,4.66
S1062,2,4.22,4.86
S1062,3,4.09,4.56
S1062,4,4.26,4.78
S1062,5,4.04,4.39
S1062,6,4.12,4.54
S1063,1,4.75,4.55
S1063,2,4.29,4.12
S1063,3,4.92,3.91
S1063,4,4.81,3.8
S1063,5,5.0,3.9
S1063,6,5.0,3.78
S1064,1,4.29,3.47
S1064,2,4.84,3.5
S1064,3,4.33,3.85
S1064,4,4.74,3.88
S1064,5,4.77,4.1
S1064,6,4.39,4.09
S1065,1,3.87,3.72
S1065,2,3.59,3.87
S1065,3,2.95,3.99
S1065,4,3.72,4.32
S1065,5,3.4,4.31
S1065,6,3.8,3.66
S1066,1,3.33,4.51
S1066,2,3.96,4.38
S1066,3,3.71,4.2
S1066,4,3.27,5.0
S1066,5,3.71,4.75
S1066,6,4.04,4.71
S1067,1,4.41,3.99
S1067,2,4.29,4.47
S1067,3,4.75,4.44
S1067,4,4.68,4.07
S1067,5,4.7,4.69
S1067,6,3.8,4.59
S1068,1,3.53,5.0
S1068,2,3.93,4.46
S1068,3,3.52,4.99
S1068,4,3.71,4.17
S1068,5,3.9,4.38
S1068,6,3.83,4.96
S1069,1,3.88,4.56
S1069,2,4.06,4.2
S1069,3,4.22,4.61
S1069,4,4.26,4.67
S1069,5,4.03,4.08
S1069,6,4.02,4.75
S1070,1,4.09,3.84
S1070,2,3.86,3.53
S1070,3,4.4,3.38
S1070,4,3.79,3.88
S1070,5,3.9,3.68
S1070,6,3.97,3.92
S1071,1,4.35,5.0
S1071,2,4.49,4.32
S1071,3,3.88,4.25
S1071,4,4.69,4.51
S1071,5,4.32,4.61
S1071,6,4.17,4.23
S1072,1,3.78,4.41
S1072,2,3.94,4.62
S1072,3,3.86,4.63
S1072,4,4.3,3.6
S1072,5,4.06,4.27
S1072,6,3.34,4.64
S1074,1,4.64,4.66
S1074,2,4.34,4.83
S1074,3,4.21,4.29
S1074,4,4.05,4.48
S1074,5,4.94,4.83
S1074,6,4.61,4.87
S1076,1,4.52,4.15
S1076,2,4.07,4.05
S1076,3,3.69,4.09
S1076,4,3.76,4.47
S1076,5,3.77,4.05
S1076,6,4.14,4.05
S1077,1,4.82,4.54
S1077,2,4.66,4.52
S1077,3,4.72,4.53
S1077,4,4.87,4.73
S1077,5,4.48,4.64
S1077,6,4.42,4.89
S1078,1,3.78,4.02
S1078,2,4.39,4.64
S1078,3,3.61,3.72
S1078,4,3.52,3.53
S1078,5,3.56,4.03
S1078,6,4.02,4.18
S1079,1,3.69,4.04
S1079,2,3.84,4.52
S1079,3,3.71,4.03
S1079,4,3.75,4.13
S1079,5,3.7,3.9
S1079,6,3.89,3.78
S1080,1,3.81,4.75
S1080,2,,4.55
S1080,3,3.79,4.5
S1080,4,3.7,3.95
S1080,5,4.07,4.21
S1080,6,4.79,3.91
S1081,1,4.05,4.08
S1081,2,4.16,4.73
S1081,3,4.42,4.07
S1081,4,3.73,4.21
S1081,5,3.82,4.04
S1081,6,3.54,3.88
S1083,1,3.19,4.69
S1083,2,3.43,4.98
S1083,3,3.69,4.81
S1083,4,3.96,4.34
S1083,5,3.8,4.74
S1083,6,3.48,4.21
S1084,1,4.72,4.58
S1084,2,3.58,3.93
S1084,3,3.95,4.38
S1084,4,3.53,4.11
S1084,5,4.37,4.34
S1084,6,4.28,4.4
S1085,1,5.0,4.03
S1085,2,4.83,4.11
S1085,3,4.29,4.23
S1085,4,4.17,4.36
S1085,5,4.32,4.57
S1085,6,4.83,4.38
S1087,1,3.4,4.0
S1087,2,2.66,3.84
S1087,3,3.2,4.11
S1087,4,3.88,4.5
S1087,5,2.79,4.09
S1087,6,3.58,4.34
S1088,1,4.77,4.16
S1088,2,4.84,3.8
S1088,3,4.71,4.28
S1088,4,4.56,4.13
S1088,5,4.47,3.75
S1088,6,4.21,3.7
S1089,1,3.8,4.45
S1089,2,3.84,4.51
S1089,3,3.75,4.25
S1089,4,3.78,5.0
S1089,5,3.55,3.92
S1089,6,4.29,4.61
S1090,1,3.6,4.51
S1090,2,3.61,4.57
S1090,3,3.18,4.66
S1090,4,3.37,4.82
S1090,5,3.57,4.63
S1090,6,3.43,4.59
S1091,1,4.43,4.08
S1091,2,4.06,4.61
S1091,3,3.85,4.27
S1091,4,4.42,4.31
S1091,5,3.79,4.67
S1091,6,3.79,4.34
S1092,1,4.54,4.76
S1092,2,4.35,4.45
S1092,3,4.33,3.84
S1092,4,4.22,4.55
S1092,5,4.42,3.95
S1092,6,4.52,4.67
S1093,1,3.19,4.63
S1093,2,4.1,4.42
S1093,3,3.27,4.03
S1093,4,3.77,4.87
S1093,5,4.13,3.7
S1093,6,3.05,4.14
S1094,1,4.15,3.62
S1094,2,3.75,3.25
S1094,3,4.08,3.83
S1094,4,4.55,3.88
S1094,5,4.18,4.13
S1094,6,3.85,4.08
S1095,1,4.71,3.85
S1095,2,4.02,2.83
S1095,3,4.46,3.82
S1095,4,4.06,3.89
S1095,5,4.19,3.32
S1095,6,3.88,3.94
S1096,1,4.11,4.31
S1096,2,3.76,4.33
S1096,3,4.22,3.97
S1096,4,4.5,3.99
S1096,5,4.33,4.35
S1096,6,4.54,3.93
S1097,1,3.69,4.2
S1097,2,4.19,4.73
S1097,3,4.42,4.48
S1097,4,4.09,4.23
S1097,5,3.59,4.1
S1097,6,4.57,4.1
S1098,1,,3.8
S1098,2,4.16,4.66
S1098,3,4.4,3.99
S1098,4,4.11,4.1
S1098,5,4.14,2.83
S1098,6,3.83,4.29
S1099,1,4.42,4.17
S1099,2,3.91,4.08
S1099,3,3.95,4.51
S1099,4,4.61,3.91
S1099,5,3.92,4.05
S1099,6,4.43,3.74
S1100,1,3.8,3.81
S1100,2,4.19,4.29
S1100,3,4.2,4.53
S1100,4,4.0,4.14
S1100,5,4.05,4.23
S1100,6,3.95,4.66
S1101,1,3.48,3.65
S1101,2,4.39,3.93
S1101,3,4.19,3.78
S1101,4,4.36,4.27
S1101,5,3.81,4.24
S1101,6,4.37,3.96
S1103,1,3.8,4.9
S1103,2,4.16,4.5
S1103,3,3.95,4.58
S1103,4,4.08,4.33
S1103,5,3.93,4.97
S1103,6,3.67,4.56
S1104,1,3.51,3.7
S1104,2,2.82,3.93
S1104,3,3.39,4.06
S1104,4,3.58,4.17
S1104,5,3.17,4.08
S1104,6,3.03,4.47
S1105,1,3.11,4.74
S1105,2,4.02,4.78
S1105,3,3.12,3.88
S1105,4,3.6,4.47
S1105,5,4.45,4.52
S1105,6,3.33,4.42
S1106,1,3.59,3.37
S1106,2,4.35,3.39
S1106,3,4.32,3.21
S1106,4,,3.64
S1106,5,4.11,3.41
S1106,6,,3.87
S1107,1,3.5,4.71
S1107,2,3.14,4.21
S1107,3,3.6,4.21
S1107,4,3.3,4.89
S1107,5,3.46,4.71
S1107,6,2.88,5.0
S1108,1,3.71,4.21
S1108,2,4.89,4.45
S1108,3,3.91,4.36
S1108,4,4.15,4.25
S1108,5,4.31,4.21
S1108,6,4.11,4.1
S1109,1,4.66,4.97
S1109,2,4.13,4.31
S1109,3,4.13,4.54
S1109,4,3.78,3.44
S1109,5,,4.47
S1109,6,4.5,4.16
S1110,1,4.02,4.2
S1110,2,4.04,4.52
S1110,3,4.06,4.51
S1110,4,4.23,4.45
S1110,5,3.29,4.06
S1110,6,3.75,3.92
S1111,1,3.78,4.85
S1111,2,3.81,3.77
S1111,3,3.76,4.52
S1111,4,3.89,5.0
S1111,5,3.45,3.96
S1111,6,3.86,4.17
S1112,1,4.38,3.97
S1112,2,4.35,3.99
S1112,3,3.77,3.71
S1112,4,4.03,3.81
S1112,5,3.66,4.05
S1112,6,3.77,3.82
S1113,1,3.96,4.01
S1113,2,3.69,4.36
S1113,3,,4.02
S1113,4,3.3,4.11
S1113,5,3.48,4.52
S1113,6,4.47,4.49
S1114,1,4.15,4.62
S1114,2,4.05,4.54
S1114,3,4.22,4.67
S1114,4,4.26,4.5
S1114,5,4.01,4.71
S1114,6,4.17,4.19
S1115,1,4.19,4.33
S1115,2,3.7,3.94
S1115,3,4.06,4.17
S1115,4,3.8,4.02
S1115,5,3.43,4.35
S1115,6,3.81,3.8
S1116,1,3.16,3.39
S1116,2,2.78,4.39
S1116,3,2.96,3.85
S1116,4,2.99,4.0
S1116,5,3.11,3.91
S1116,6,3.05,3.82
S1117,1,4.33,4.18
S1117,2,3.92,4.15
S1117,3,4.15,3.91
S1117,4,4.25,4.49
S1117,5,4.26,3.92
S1117,6,4.29,4.33
S1118,1,4.3,4.75
S1118,2,4.34,4.36
S1118,3,4.42,4.72
S1118,4,4.8,4.12
S1118,5,4.41,4.92
S1118,6,4.56,4.8
S1119,1,4.13,4.88
S1119,2,4.24,4.69
S1119,3,4.52,4.18
S1119,4,4.42,4.6
S1119,5,4.81,4.68
S1119,6,4.3,5.0
S1120,1,3.44,4.05
S1120,2,3.59,4.5
S1120,3,,4.11
S1120,4,3.74,4.42
S1120,5,3.44,4.05
S1120,6,3.91,4.22
S1121,1,4.04,4.21
S1121,2,3.58,4.62
S1121,3,3.29,4.26
S1121,4,3.66,4.46
S1121,5,3.84,3.87
S1121,6,4.16,3.96
S1122,1,3.58,4.56
S1122,2,3.69,4.41
S1122,3,3.35,3.91
S1122,4,3.21,3.88
S1122,5,3.2,4.34
S1122,6,3.06,4.6
S1123,1,3.36,4.66
S1123,2,3.66,5.0
S1123,3,3.32,4.41
S1123,4,4.03,4.8
S1123,5,3.88,4.42
S1123,6,,4.62
S1124,1,4.38,4.27
S1124,2,3.75,4.51
S1124,3,4.23,3.89
S1124,4,4.41,4.4
S1124,5,4.24,3.74
S1124,6,4.07,3.85
S1125,1,4.65,4.05
S1125,2,4.28,4.38
S1125,3,4.47,4.03
S1125,4,4.96,3.76
S1125,5,4.6,4.44
S1125,6,4.31,4.19
S1126,1,3.74,3.65
S1126,2,3.55,4.79
S1126,3,3.45,3.83
S1126,4,3.57,3.75
S1126,5,4.03,3.6
S1126,6,3.39,3.21
S1127,1,3.57,4.43
S1127,2,3.79,4.96
S1127,3,3.72,4.34
S1127,4,3.24,4.68
S1127,5,3.46,4.08
S1127,6,3.61,4.58
S1128,1,4.22,3.67
S1128,2,3.33,4.31
S1128,3,4.05,3.92
S1128,4,3.93,3.51
S1128,5,4.12,4.19
S1128,6,4.03,3.92
S1129,1,4.42,4.12
S1129,2,3.78,4.32
S1129,3,3.68,4.4
S1129,4,3.8,4.12
S1129,5,3.65,3.85
S1129,6,4.42,4.27
S1130,1,3.83,5.0
S1130,2,4.5,4.44
S1130,3,4.12,4.26
S1130,4,3.93,4.52
S1130,5,3.77,4.62
S1130,6,4.2,4.17
S1131,1,3.92,4.41
S1131,2,3.42,4.28
S1131,3,3.8,3.88
S1131,4,3.63,3.98
S1131,5,3.44,4.14
S1131,6,3.22,4.31
S1132,1,3.77,4.23
S1132,2,4.08,4.74
S1132,3,3.61,4.53
S1132,4,3.83,4.06
S1132,5,3.98,4.33
S1132,6,3.56,3.63
S1133,1,3.95,4.55
S1133,2,4.12,4.69
S1133,3,3.52,4.62
S1133,4,3.78,4.45
S1133,5,4.13,4.24
S1133,6,3.77,4.59
S1134,1,3.99,4.41
S1134,2,3.9,5.0
S1134,3,4.57,4.19
S1134,4,4.0,4.56
S1134,5,3.78,4.64
S1134,6,4.27,4.28
S1135,1,4.25,5.0
S1135,2,4.5,5.0
S1135,3,3.71,4.4
S1135,4,3.79,4.76
S1135,5,4.08,4.6
S1135,6,3.97,4.94
S1136,1,4.31,4.73
S1136,2,4.03,4.7
S1136,3,3.76,4.1
S1136,4,4.29,4.91
S1136,5,4.12,4.29
S1136,6,3.82,4.69
S1137,1,3.82,3.2
S1137,2,3.85,3.56
S1137,3,3.94,3.82
S1137,4,4.17,3.43
S1137,5,3.33,3.45
S1137,6,3.7,3.45
S1138,1,4.0,4.31
S1138,2,3.84,3.98
S1138,3,3.9,3.77
S1138,4,3.57,3.59
S1138,5,3.85,3.88
S1138,6,3.08,4.4
S1139,1,4.33,3.38
S1139,2,3.94,3.62
S1139,3,4.56,3.16
S1139,4,4.25,3.75
S1139,5,4.08,3.31
S1139,6,4.58,3.61
S1140,1,4.75,4.95
S1140,2,4.88,4.23
S1140,3,4.78,4.78
S1140,4,4.73,4.93
S1140,5,5.0,5.0
S1140,6,5.0,4.99
S1141,1,3.83,4.41
S1141,2,3.82,4.53
S1141,3,3.62,4.58
S1141,4,3.35,4.34
S1141,5,3.27,3.96
S1141,6,3.44,4.36
S1143,1,3.65,4.76
S1143,2,4.14,4.05
S1143,3,3.52,4.5
S1143,4,3.82,4.28
S1143,5,4.18,4.09
S1143,6,4.15,4.3
S1144,1,4.55,3.95
S1144,2,4.57,3.73
S1144,3,4.1,3.57
S1144,4,3.94,3.9
S1144,5,3.51,4.08
S1144,6,4.29,3.8
S1145,1,4.07,4.3
S1145,2,3.53,4.32
S1145,3,3.67,4.48
S1145,4,4.24,4.67
S1145,5,4.11,4.6
S1145,6,3.86,4.43
S1146,1,4.52,4.49
S1146,2,4.49,4.58
S1146,3,4.43,4.4
S1146,4,4.76,4.84
S1146,5,4.23,4.93
S1146,6,4.36,4.41
S1147,1,,4.49
S1147,2,4.36,3.57
S1147,3,3.47,4.13
S1147,4,4.2,4.59
S1147,5,,4.33
S1147,6,4.07,3.59
S1148,1,3.39,4.19
S1148,2,3.88,4.6
S1148,3,3.73,3.93
S1148,4,4.31,4.09
S1148,5,3.91,4.69
S1148,6,3.88,4.45
S1149,1,2.93,4.32
S1149,2,2.91,4.81
S1149,3,3.42,4.78
S1149,4,2.83,4.42
S1149,5,3.76,4.94
S1149,6,3.25,4.64
S1150,1,4.38,4.4
S1150,2,3.95,3.42
S1150,3,4.33,3.87
S1150,4,4.68,3.92
S1150,5,4.59,4.77
S1150,6,4.62,3.74
S1151,1,4.16,4.69
S1151,2,3.97,4.93
S1151,3,3.22,5.0
S1151,4,3.55,4.57
S1151,5,3.63,5.0
S1151,6,3.71,4.91
S1152,1,3.46,3.71
S1152,2,2.9,4.08
S1152,3,3.6,4.53
S1152,4,3.76,4.84
S1152,5,3.84,4.24
S1152,6,3.52,4.75
S1153,1,4.83,4.43
S1153,2,4.38,4.19
S1153,3,4.33,4.45
S1153,4,4.19,4.02
S1153,5,4.1,4.77
S1153,6,4.31,3.68
S1155,1,3.67,4.67
S1155,2,3.62,5.0
S1155,3,3.95,3.8
S1155,4,3.64,4.36
S1155,5,3.52,4.82
S1155,6,4.11,4.71
S1156,1,4.15,4.94
S1156,2,3.92,3.95
S1156,3,3.94,4.54
S1156,4,4.33,4.52
S1156,5,4.14,3.79
S1156,6,3.66,4.27
S1157,1,3.98,4.32
S1157,2,,3.94
S1157,3,3.71,4.3
S1157,4,3.81,4.24
S1157,5,3.67,4.34
S1157,6,3.49,4.45
S1158,1,3.56,3.51
S1158,2,3.58,4.48
S1158,3,3.15,4.13
S1158,4,3.24,3.97
S1158,5,3.06,3.39
S1158,6,3.5,4.2
S1159,1,3.86,3.6
S1159,2,4.02,4.28
S1159,3,4.13,3.88
S1159,4,4.04,4.18
S1159,5,4.06,3.56
S1159,6,3.87,3.35
S1160,1,3.25,4.45
S1160,2,2.92,4.27
S1160,3,3.54,3.86
S1160,4,3.41,4.81
S1160,5,3.5,4.46
S1160,6,3.54,4.38
S1161,1,3.67,3.91
S1161,2,3.66,3.64
S1161,3,3.73,4.04
S1161,4,3.52,3.66
S1161,5,3.83,4.2
S1161,6,4.24,3.91
S1162,1,3.12,4.45
S1162,2,3.06,4.13
S1162,3,3.79,3.51
S1162,4,,4.08
S1162,5,3.69,3.63
S1162,6,3.94,4.19
S1163,1,3.7,3.65
S1163,2,3.81,3.94
S1163,3,3.39,4.27
S1163,4,3.6,4.01
S1163,5,3.64,4.41
S1163,6,3.54,4.24
S1164,1,3.78,4.66
S1164,2,3.3,4.66
S1164,3,3.58,4.65
S1164,4,3.48,4.35
S1164,5,3.24,4.57
S1164,6,2.97,4.31
S1165,1,2.84,3.87
S1165,2,2.53,4.58
S1165,3,3.07,4.79
S1165,4,3.4,4.47
S1165,5,2.81,4.34
S1165,6,2.74,4.06
S1166,1,4.13,4.82
S1166,2,4.71,4.51
S1166,3,4.59,4.53
S1166,4,4.97,4.13
S1166,5,,3.9
S1166,6,4.91,4.44
S1167,1,3.33,3.88
S1167,2,4.18,3.53
S1167,3,4.38,2.93
S1167,4,4.12,3.54
S1167,5,3.95,3.9
S1167,6,3.49,3.04
S1168,1,3.95,4.86
S1168,2,4.57,4.4
S1168,3,,4.73
S1168,4,4.31,4.8
S1168,5,3.88,4.86
S1168,6,3.89,4.52
S1169,1,4.23,4.04
S1169,2,3.97,4.09
S1169,3,4.43,3.65
S1169,4,3.64,3.94
S1169,5,3.64,4.03
S1169,6,4.29,4.27
S1170,1,3.46,4.28
S1170,2,3.59,4.14
S1170,3,3.27,4.3
S1170,4,3.15,4.51
S1170,5,3.84,3.68
S1170,6,4.12,4.15
S1171,1,3.49,3.6
S1171,2,3.61,3.33
S1171,3,3.51,3.36
S1171,4,3.54,3.37
S1171,5,3.79,3.7
S1171,6,4.26,4.03
S1172,1,3.85,3.82
S1172,2,3.86,4.05
S1172,3,3.92,4.61
S1172,4,3.78,4.39
S1172,5,3.54,4.87
S1172,6,3.35,4.04
S1173,1,2.5,3.89
S1173,2,3.0,3.37
S1173,3,3.02,3.48
S1173,4,2.52,4.17
S1173,5,3.1,3.66
S1173,6,2.78,3.74
S1174,1,3.44,4.82
S1174,2,3.98,4.37
S1174,3,4.33,4.22
S1174,4,4.22,4.58
S1174,5,4.38,4.31
S1174,6,3.99,4.41
S1175,1,3.06,4.7
S1175,2,2.94,4.52
S1175,3,3.05,4.86
S1175,4,3.51,4.17
S1175,5,2.62,4.6
S1175,6,3.38,4.77
S1176,1,4.1,3.95
S1176,2,4.08,3.82
S1176,3,4.33,4.46
S1176,4,,3.64
S1176,5,3.8,4.0
S1176,6,4.3,3.6
S1177,1,4.88,4.4
S1177,2,4.44,4.02
S1177,3,4.35,4.34
S1177,4,4.62,4.57
S1177,5,4.73,4.35
S1177,6,5.0,4.38
S1179,1,5.0,4.68
S1179,2,4.4,4.93
S1179,3,4.26,4.05
S1179,4,4.44,4.0
S1179,5,4.55,4.59
S1179,6,4.53,4.58
S1181,1,3.63,4.46
S1181,2,4.31,5.0
S1181,3,4.28,3.92
S1181,4,4.32,3.92
S1181,5,4.37,4.76
S1181,6,4.31,4.14
S1182,1,4.76,4.33
S1182,2,4.15,3.74
S1182,3,4.74,4.4
S1182,4,4.47,4.42
S1182,5,4.39,4.29
S1182,6,4.37,3.61
S1183,1,3.22,3.73
S1183,2,3.37,3.91
S1183,3,3.17,3.34
S1183,4,,3.6
S1183,5,3.07,3.43
S1183,6,3.44,3.6
S1184,1,4.37,4.08
S1184,2,4.14,4.04
S1184,3,4.01,4.21
S1184,4,3.73,4.23
S1184,5,3.86,4.24
S1184,6,4.23,4.88
S1186,1,4.7,3.68
S1186,2,4.2,4.18
S1186,3,,4.29
S1186,4,3.99,4.66
S1186,5,4.55,4.28
S1186,6,4.49,4.22
S1187,1,3.58,3.66
S1187,2,3.55,4.66
S1187,3,3.85,4.23
S1187,4,3.74,4.5
S1187,5,3.34,4.1
S1187,6,3.86,4.66
S1188,1,3.44,4.45
S1188,2,3.94,5.0
S1188,3,3.54,4.62
S1188,4,3.53,4.73
S1188,5,2.81,4.56
S1188,6,3.54,4.82
S1189,1,4.48,4.08
S1189,2,3.71,4.52
S1189,3,4.62,4.68
S1189,4,4.13,3.99
S1189,5,4.19,4.19
S1189,6,4.64,4.04
S1190,1,3.64,4.55
S1190,2,4.32,3.81
S1190,3,3.77,4.36
S1190,4,3.51,3.73
S1190,5,3.44,4.25
S1190,6,3.51,4.01
S1191,1,3.59,4.55
S1191,2,3.25,4.56
S1191,3,4.2,4.64
S1191,4,3.36,4.88
S1191,5,3.93,4.39
S1191,6,3.71,4.08
S1192,1,3.87,4.87
S1192,2,3.4,4.92
S1192,3,,4.07
S1192,4,3.35,4.58
S1192,5,2.98,4.28
S1192,6,2.61,4.78
S1193,1,3.2,4.32
S1193,2,3.5,4.55
S1193,3,4.27,3.82
S1193,4,3.75,3.74
S1193,5,3.56,3.83
S1193,6,3.82,3.94
S1195,1,4.1,4.49
S1195,2,3.78,4.0
S1195,3,4.01,3.97
S1195,4,4.01,4.19
S1195,5,,3.95
S1195,6,3.55,4.36
S1196,1,3.38,3.89
S1196,2,3.99,3.06
S1196,3,3.08,3.19
S1196,4,3.92,3.93
S1196,5,3.48,3.73
S1196,6,3.2,3.75
S1197,1,3.68,4.23
S1197,2,4.01,4.08
S1197,3,3.94,4.8
S1197,4,4.23,4.92
S1197,5,3.92,4.35
S1197,6,3.73,4.13
S1198,1,4.47,4.43
S1198,2,4.67,4.44
S1198,3,4.13,4.12
S1198,4,3.96,4.58
S1198,5,4.0,4.9
S1198,6,4.63,4.27
S1199,1,4.09,4.12
S1199,2,4.06,4.19
S1199,3,4.24,4.59
S1199,4,4.03,4.2
S1199,5,3.48,4.23
S1199,6,4.21,4.0
S1200,1,4.03,4.26
S1200,2,3.31,4.07
S1200,3,3.84,4.31
S1200,4,4.13,3.95
S1200,5,3.67,4.38
S1200,6,4.04,4.71
S1201,1,4.53,3.95
S1201,2,4.26,4.3
S1201,3,4.35,3.69
S1201,4,4.12,4.04
S1201,5,4.59,3.9
S1201,6,3.89,3.83
S1202,1,4.91,4.16
S1202,2,4.86,4.91
S1202,3,4.57,3.88
S1202,4,4.48,4.88
S1202,5,4.93,4.68
S1202,6,4.78,4.3
S1203,1,4.29,4.86
S1203,2,4.38,4.23
S1203,3,4.43,4.54
S1203,4,4.46,4.86
S1203,5,4.66,4.19
S1203,6,4.45,4.49
S1204,1,4.36,4.53
S1204,2,3.51,4.53
S1204,3,3.65,4.04
S1204,4,3.61,4.22
S1204,5,3.45,4.46
S1204,6,3.53,4.3
S1205,1,4.72,4.84
S1205,2,3.95,4.72
S1205,3,4.49,4.41
S1205,4,4.4,5.0
S1205,5,4.09,5.0
S1205,6,3.88,5.0
S1206,1,3.66,4.39
S1206,2,2.81,4.77
S1206,3,3.64,4.31
S1206,4,3.01,4.38
S1206,5,2.88,4.46
S1206,6,3.13,4.61
S1207,1,4.66,4.06
S1207,2,4.67,4.26
S1207,3,4.29,4.43
S1207,4,4.2,3.84
S1207,5,4.16,4.21
S1207,6,4.48,3.94
S1208,1,4.24,4.78
S1208,2,4.32,4.79
S1208,3,3.76,5.0
S1208,4,4.01,4.6
S1208,5,3.68,5.0
S1208,6,4.54,4.47
S1209,1,,4.69
S1209,2,3.27,4.56
S1209,3,3.65,4.3
S1209,4,3.4,4.63
S1209,5,3.66,4.53
S1209,6,3.2,4.69
S1210,1,4.74,4.28
S1210,2,4.42,3.89
S1210,3,4.94,3.8
S1210,4,4.23,4.02
S1210,5,4.01,4.37
S1210,6,4.4,4.21
S1211,1,2.46,4.77
S1211,2,3.17,4.58
S1211,3,3.5,4.63
S1211,4,2.62,4.27
S1211,5,2.36,5.0
S1211,6,2.68,4.03
S1212,1,3.67,3.61
S1212,2,4.1,4.06
S1212,3,3.61,3.55
S1212,4,,2.96
S1212,5,4.08,3.55
S1212,6,3.54,3.49
S1213,1,4.22,3.95
S1213,2,3.32,3.47
S1213,3,3.54,3.99
S1213,4,3.55,3.85
S1213,5,3.42,4.17
S1213,6,3.36,4.52
S1214,1,4.23,4.08
S1214,2,3.71,4.28
S1214,3,3.4,4.03
S1214,4,3.43,3.97
S1214,5,4.08,5.0
S1214,6,3.66,3.79
S1216,1,4.22,4.13
S1216,2,,4.48
S1216,3,4.09,4.57
S1216,4,3.77,4.94
S1216,5,3.84,4.41
S1216,6,4.43,4.96
S1217,1,2.81,4.57
S1217,2,3.13,4.46
S1217,3,,4.64
S1217,4,3.31,4.09
S1217,5,3.12,4.7
S1217,6,3.11,4.74
S1218,1,4.73,4.27
S1218,2,4.71,4.27
S1218,3,4.37,4.51
S1218,4,4.74,3.96
S1218,5,3.84,3.88
S1218,6,4.38,4.0
S1219,1,3.9,4.24
S1219,2,4.49,4.51
S1219,3,4.43,4.22
S1219,4,4.26,4.51
S1219,5,4.23,4.11
S1219,6,4.35,4.31
S1220,1,3.27,3.87
S1220,2,3.51,4.47
S1220,3,3.77,4.17
S1220,4,3.25,4.42
S1220,5,3.17,4.25
S1220,6,3.35,4.22
S1221,1,4.29,5.0
S1221,2,3.37,4.92
S1221,3,3.57,4.93
S1221,4,4.26,4.88
S1221,5,4.45,4.51
S1221,6,4.02,4.89
S1222,1,4.26,4.37
S1222,2,3.11,4.36
S1222,3,3.67,4.72
S1222,4,3.41,4.43
S1222,5,3.24,5.0
S1222,6,3.04,4.56
S1223,1,4.1,3.83
S1223,2,4.58,3.08
S1223,3,4.37,3.73
S1223,4,4.52,3.44
S1223,5,4.14,3.42
S1223,6,4.23,3.59
S1224,1,4.21,4.41
S1224,2,4.05,3.94
S1224,3,4.28,4.66
S1224,4,3.92,4.9
S1224,5,3.79,4.11
S1224,6,4.18,4.4
S1225,1,3.04,4.45
S1225,2,3.58,4.46
S1225,3,4.01,4.66
S1225,4,4.24,4.97
S1225,5,3.91,4.63
S1225,6,,4.71
S1226,1,3.3,3.72
S1226,2,3.18,3.87
S1226,3,3.26,3.77
S1226,4,3.48,3.72
S1226,5,3.47,3.92
S1226,6,3.62,3.82
S1227,1,3.39,4.31
S1227,2,3.08,4.06
S1227,3,3.34,4.86
S1227,4,2.91,4.25
S1227,5,3.28,4.48
S1227,6,3.28,4.52
S1228,1,4.82,4.86
S1228,2,4.09,4.44
S1228,3,4.06,4.53
S1228,4,,4.14
S1228,5,4.88,4.98
S1228,6,4.09,4.81
S1230,1,3.72,4.46
S1230,2,3.22,4.06
S1230,3,3.74,4.39
S1230,4,3.86,4.0
S1230,5,3.66,4.48
S1230,6,3.6,4.41
S1231,1,4.37,3.8
S1231,2,4.29,4.08
S1231,3,4.29,4.04
S1231,4,4.42,3.59
S1231,5,4.11,3.55
S1231,6,4.21,3.92
S1232,1,3.56,3.71
S1232,2,3.86,3.53
S1232,3,3.19,3.5
S1232,4,3.46,3.94
S1232,5,3.66,4.25
S1232,6,3.24,3.59
S1233,1,3.78,4.14
S1233,2,4.07,4.55
S1233,3,4.28,4.06
S1233,4,4.69,3.78
S1233,5,4.28,3.98
S1233,6,4.19,4.33
S1234,1,3.86,4.56
S1234,2,,4.3
S1234,3,3.65,4.28
S1234,4,4.19,4.3
S1234,5,3.84,4.17
S1234,6,4.3,4.28
S1235,1,3.57,4.18
S1235,2,3.9,4.4
S1235,3,,3.35
S1235,4,3.41,4.33
S1235,5,3.33,4.17
S1235,6,3.51,3.77
S1236,1,3.24,4.68
S1236,2,3.22,4.54
S1236,3,2.83,4.44
S1236,4,3.03,4.55
S1236,5,3.54,4.92
S1236,6,3.18,3.79
S1237,1,4.61,4.48
S1237,2,4.39,3.97
S1237,3,3.97,4.47
S1237,4,4.26,4.33
S1237,5,4.7,4.61
S1237,6,4.67,4.3
S1238,1,3.62,4.49
S1238,2,2.91,4.42
S1238,3,3.94,4.48
S1238,4,2.62,4.74
S1238,5,3.11,4.13
S1238,6,3.46,4.25
S1239,1,3.19,4.79
S1239,2,3.31,4.74
S1239,3,3.39,4.39
S1239,4,3.14,4.55
S1239,5,3.65,4.34
S1239,6,3.35,4.39
S1240,1,3.86,3.96
S1240,2,4.38,4.52
S1240,3,3.68,4.53
S1240,4,4.01,4.28
S1240,5,4.06,3.91
S1240,6,4.24,3.89
S1241,1,4.59,4.35
S1241,2,4.61,4.25
S1241,3,3.89,4.56
S1241,4,4.15,4.49
S1241,5,,4.56
S1241,6,4.1,3.82
S1242,1,3.34,4.27
S1242,2,3.05,3.67
S1242,3,3.77,3.87
S1242,4,3.32,4.37
S1242,5,3.25,3.77
S1242,6,3.68,3.98
S1243,1,3.68,4.31
S1243,2,4.2,3.96
S1243,3,3.95,4.67
S1243,4,4.06,4.3
S1243,5,4.44,4.57
S1243,6,4.55,4.7
S1244,1,4.57,4.43
S1244,2,5.0,4.54
S1244,3,4.58,4.66
S1244,4,4.77,4.44
S1244,5,4.07,4.5
S1244,6,,4.8
S1245,1,4.13,3.78
S1245,2,4.34,3.98
S1245,3,4.48,2.76
S1245,4,4.65,4.61
S1245,5,4.64,3.78
S1245,6,3.94,3.27
S1246,1,4.27,3.99
S1246,2,4.54,3.69
S1246,3,4.36,3.93
S1246,4,4.48,3.84
S1246,5,4.1,5.0
S1246,6,3.75,4.42
S1247,1,4.53,4.29
S1247,2,4.18,3.39
S1247,3,4.67,3.86
S1247,4,4.67,4.18
S1247,5,4.15,4.42
S1247,6,4.57,3.66
S1248,1,3.85,4.52
S1248,2,3.84,4.34
S1248,3,3.68,4.16
S1248,4,3.58,4.45
S1248,5,4.08,4.18
S1248,6,3.91,4.31
S1249,1,3.56,4.84
S1249,2,3.75,4.25
S1249,3,3.62,4.87
S1249,4,3.85,4.55
S1249,5,3.49,4.52
S1249,6,3.73,4.18
S1250,1,4.21,4.15
S1250,2,4.19,3.49
S1250,3,4.33,3.24
S1250,4,,3.71
S1250,5,4.54,4.45
S1250,6,4.48,3.55
S1251,1,3.44,4.49
S1251,2,3.7,4.24
S1251,3,3.34,4.36
S1251,4,3.74,4.24
S1251,5,3.83,4.55
S1251,6,3.31,4.92
S1252,1,4.3,4.87
S1252,2,4.29,3.88
S1252,3,4.08,4.66
S1252,4,4.09,4.62
S1252,5,4.45,4.58
S1252,6,4.25,4.45
S1253,1,4.76,3.47
S1253,2,3.84,3.92
S1253,3,3.65,3.99
S1253,4,4.12,3.84
S1253,5,4.28,4.05
S1253,6,4.32,4.22
S1254,1,4.56,4.68
S1254,2,4.77,4.47
S1254,3,4.64,4.49
S1254,4,4.43,4.52
S1254,5,5.0,4.72
S1254,6,,4.09
S1255,1,3.79,4.14
S1255,2,3.42,3.32
S1255,3,3.8,4.19
S1255,4,4.14,3.88
S1255,5,3.96,4.2
S1255,6,3.57,4.52
S1256,1,3.5,4.25
S1256,2,3.62,4.17
S1256,3,3.57,4.1
S1256,4,3.27,4.16
S1256,5,3.49,3.98
S1256,6,4.09,4.71
S1257,1,3.45,4.08
S1257,2,3.78,4.21
S1257,3,3.88,3.83
S1257,4,,4.28
S1257,5,3.67,4.56
S1257,6,4.29,4.04
S1259,1,5.0,4.15
S1259,2,5.0,4.37
S1259,3,5.0,4.48
S1259,4,4.59,4.39
S1259,5,4.1,4.29
S1259,6,4.7,4.27
S1260,1,4.86,4.67
S1260,2,3.82,4.52
S1260,3,4.26,4.0
S1260,4,3.8,4.45
S1260,5,4.32,4.69
S1260,6,4.17,4.87
S1261,1,3.82,3.53
S1261,2,3.65,4.07
S1261,3,4.58,3.62
S1261,4,4.33,3.57
S1261,5,3.99,3.73
S1261,6,4.38,3.64
S1262,1,5.0,3.99
S1262,2,4.73,4.11
S1262,3,4.53,4.21
S1262,4,4.7,3.93
S1262,5,5.0,4.46
S1262,6,4.76,4.16
S1263,1,3.21,4.51
S1263,2,3.97,3.86
S1263,3,3.84,4.02
S1263,4,4.24,3.95
S1263,5,3.15,4.14
S1263,6,4.15,4.3
S1264,1,3.99,3.94
S1264,2,3.76,4.53
S1264,3,3.78,4.27
S1264,4,3.77,3.8
S1264,5,3.9,4.36
S1264,6,3.55,4.68
S1265,1,3.23,4.32
S1265,2,3.13,4.31
S1265,3,3.32,3.87
S1265,4,3.55,3.95
S1265,5,3.83,4.07
S1265,6,3.94,4.38
S1266,1,4.65,4.15
S1266,2,4.39,4.85
S1266,3,3.75,4.73
S1266,4,4.59,4.36
S1266,5,4.47,4.52
S1266,6,4.01,3.97
S1267,1,4.2,4.3
S1267,2,4.23,3.66
S1267,3,4.5,4.17
S1267,4,4.04,3.35
S1267,5,3.68,3.59
S1267,6,4.14,3.85
S1268,1,3.73,3.99
S1268,2,3.32,4.39
S1268,3,3.75,4.5
S1268,4,3.88,4.01
S1268,5,3.69,4.65
S1268,6,3.48,3.71
S1269,1,3.91,4.36
S1269,2,3.77,4.26
S1269,3,4.21,4.32
S1269,4,4.11,4.54
S1269,5,4.36,4.29
S1269,6,4.45,4.76
S1271,1,3.21,3.72
S1271,2,3.95,3.84
S1271,3,3.98,3.89
S1271,4,3.6,3.98
S1271,5,3.97,3.9
S1271,6,,3.65
S1272,1,4.43,3.72
S1272,2,3.64,3.98
S1272,3,4.11,3.55
S1272,4,4.13,4.13
S1272,5,4.44,3.96
S1272,6,4.82,4.4
S1273,1,3.95,4.02
S1273,2,4.76,4.6
S1273,3,3.86,4.5
S1273,4,4.12,4.29
S1273,5,4.1,4.18
S1273,6,3.85,4.62
S1274,1,3.84,3.73
S1274,2,2.84,3.28
S1274,3,3.48,3.46
S1274,4,4.06,3.49
S1274,5,3.36,3.74
S1274,6,3.31,3.82
S1275,1,3.82,4.43
S1275,2,4.21,4.39
S1275,3,3.63,4.38
S1275,4,3.68,4.57
S1275,5,3.4,3.69
S1275,6,4.39,4.28
S1276,1,4.26,4.33
S1276,2,3.79,4.56
S1276,3,,4.08
S1276,4,4.71,4.7
S1276,5,4.09,4.26
S1276,6,4.51,4.44
S1277,1,4.76,4.39
S1277,2,4.28,4.45
S1277,3,4.11,4.93
S1277,4,4.75,4.79
S1277,5,3.96,4.77
S1277,6,4.24,4.76
S1278,1,3.34,3.8
S1278,2,3.62,4.03
S1278,3,3.73,4.54
S1278,4,4.18,3.82
S1278,5,3.85,3.35
S1278,6,3.46,4.22
S1279,1,3.66,4.18
S1279,2,4.66,3.59
S1279,3,4.56,4.03
S1279,4,3.97,3.73
S1279,5,3.98,4.77
S1279,6,3.83,3.92
S1280,1,4.18,4.7
S1280,2,3.82,4.16
S1280,3,4.78,3.99
S1280,4,4.1,4.38
S1280,5,4.37,4.24
S1280,6,4.37,4.45
S1281,1,3.53,4.56
S1281,2,3.86,4.67
S1281,3,4.08,4.83
S1281,4,4.29,4.83
S1281,5,3.3,4.07
S1281,6,3.72,4.74
S1282,1,3.27,4.35
S1282,2,3.34,5.0
S1282,3,3.17,4.74
S1282,4,3.51,4.71
S1282,5,3.66,5.0
S1282,6,3.24,4.92
S1283,1,2.75,4.36
S1283,2,3.14,4.13
S1283,3,2.87,4.54
S1283,4,2.48,4.32
S1283,5,2.96,4.22
S1283,6,3.29,4.35
S1284,1,4.14,3.99
S1284,2,4.12,4.12
S1284,3,,3.81
S1284,4,4.49,4.17
S1284,5,3.95,3.95
S1284,6,4.06,3.81
S1285,1,4.1,4.29
S1285,2,4.65,4.72
S1285,3,4.37,4.26
S1285,4,3.92,4.25
S1285,5,4.53,4.01
S1285,6,4.18,4.26
S1286,1,3.01,4.74
S1286,2,2.84,3.97
S1286,3,3.25,4.62
S1286,4,3.29,4.54
S1286,5,3.27,3.77
S1286,6,3.19,4.62
S1287,1,4.28,3.82
S1287,2,4.91,4.21
S1287,3,4.45,3.54
S1287,4,4.62,4.02
S1287,5,4.54,4.75
S1287,6,4.37,4.29
S1288,1,3.98,4.14
S1288,2,4.31,4.35
S1288,3,4.32,4.68
S1288,4,3.73,4.72
S1288,5,4.37,4.68
S1288,6,4.2,4.29
S1289,1,3.27,4.15
S1289,2,2.97,4.91
S1289,3,3.07,4.0
S1289,4,3.36,4.48
S1289,5,3.26,4.26
S1289,6,3.04,4.76
S1290,1,4.13,4.39
S1290,2,4.36,4.06
S1290,3,3.94,3.91
S1290,4,4.52,4.18
S1290,5,4.07,4.3
S1290,6,4.46,4.16
S1291,1,3.2,3.95
S1291,2,3.97,4.54
S1291,3,3.41,3.8
S1291,4,3.9,3.89
S1291,5,4.11,4.2
S1291,6,3.55,3.97
S1292,1,,4.44
S1292,2,3.57,4.19
S1292,3,3.34,4.98
S1292,4,3.17,4.78
S1292,5,3.41,4.96
S1292,6,3.16,4.7
S1293,1,3.81,4.4
S1293,2,4.22,4.59
S1293,3,4.37,4.94
S1293,4,4.03,4.98
S1293,5,4.23,4.34
S1293,6,4.07,4.67
S1294,1,2.79,4.81
S1294,2,3.22,4.47
S1294,3,2.52,4.89
S1294,4,3.47,5.0
S1294,5,3.14,4.86
S1294,6,3.22,4.25
S1295,1,4.25,3.97
S1295,2,4.48,4.24
S1295,3,4.47,3.92
S1295,4,4.05,4.33
S1295,5,5.0,4.14
S1295,6,4.64,3.61
S1296,1,4.49,4.34
S1296,2,4.39,4.66
S1296,3,4.16,4.11
S1296,4,4.05,4.67
S1296,5,4.33,4.43
S1296,6,4.42,4.67
S1297,1,3.81,3.86
S1297,2,4.18,4.51
S1297,3,3.89,4.41
S1297,4,4.08,4.33
S1297,5,4.03,4.17
S1297,6,3.91,4.49
S1298,1,3.72,4.22
S1298,2,3.38,4.1
S1298,3,3.2,4.32
S1298,4,,4.48
S1298,5,3.57,4.38
S1298,6,3.52,4.24
S1299,1,4.15,4.38
S1299,2,3.49,4.26
S1299,3,3.75,4.32
S1299,4,4.07,4.12
S1299,5,3.82,4.33
S1299,6,4.09,4.41
S1300,1,4.76,4.54
S1300,2,4.54,3.83
S1300,3,4.39,3.86
S1300,4,4.97,4.21
S1300,5,,4.08
S1300,6,4.53,3.74
S1301,1,4.06,4.42
S1301,2,4.04,4.46
S1301,3,3.97,3.57
S1301,4,3.97,3.65
S1301,5,3.92,3.41
S1301,6,3.69,4.37
S1302,1,3.89,3.96
S1302,2,3.39,4.24
S1302,3,3.35,4.51
S1302,4,3.63,4.11
S1302,5,3.77,4.43
S1302,6,3.89,4.47
S1303,1,4.7,4.62
S1303,2,,4.61
S1303,3,4.24,4.17
S1303,4,4.65,4.8
S1303,5,,4.34
S1303,6,4.7,4.35
S1304,1,4.48,4.74
S1304,2,4.44,4.1
S1304,3,3.76,4.32
S1304,4,4.12,4.76
S1304,5,,4.73
S1304,6,4.07,4.38
S1305,1,4.67,4.41
S1305,2,4.76,4.53
S1305,3,4.8,4.67
S1305,4,4.33,4.74
S1305,5,5.0,4.85
S1305,6,4.9,5.0
S1306,1,5.0,4.46
S1306,2,3.81,4.29
S1306,3,4.04,4.34
S1306,4,4.65,4.23
S1306,5,4.75,4.57
S1306,6,4.97,4.29
S1307,1,2.94,4.38
S1307,2,3.65,4.31
S1307,3,3.64,4.14
S1307,4,3.49,3.96
S1307,5,3.48,4.17
S1307,6,3.86,4.39
S1309,1,4.84,4.63
S1309,2,4.62,4.63
S1309,3,4.58,4.19
S1309,4,4.47,4.25
S1309,5,4.67,4.98
S1309,6,4.54,3.86
S1310,1,3.72,4.23
S1310,2,3.46,4.14
S1310,3,3.04,4.64
S1310,4,3.54,4.67
S1310,5,3.5,3.99
S1310,6,3.3,4.69
S1311,1,4.53,4.09
S1311,2,4.05,3.89
S1311,3,4.01,3.91
S1311,4,4.45,3.22
S1311,5,4.13,4.16
S1311,6,4.31,3.61
S1312,1,5.0,4.82
S1312,2,4.71,4.89
S1312,3,4.78,5.0
S1312,4,4.77,4.64
S1312,5,4.76,5.0
S1312,6,4.02,4.64
S1313,1,3.91,4.3
S1313,2,4.03,3.98
S1313,3,3.95,4.57
S1313,4,4.15,4.41
S1313,5,3.1,4.54
S1313,6,3.72,4.29
S1314,1,4.09,3.95
S1314,2,4.02,4.0
S1314,3,4.18,3.47
S1314,4,3.94,3.65
S1314,5,3.49,4.14
S1314,6,4.32,3.91
S1315,1,4.75,3.99
S1315,2,5.0,4.31
S1315,3,4.68,3.7
S1315,4,4.32,3.85
S1315,5,4.96,3.8
S1315,6,5.0,3.71
S1316,1,3.21,4.14
S1316,2,3.38,4.15
S1316,3,3.97,3.37
S1316,4,3.42,4.2
S1316,5,3.31,4.27
S1316,6,4.13,4.02
S1317,1,3.36,5.0
S1317,2,2.95,4.66
S1317,3,3.56,4.5
S1317,4,3.0,4.9
S1317,5,2.68,4.93
S1317,6,3.27,4.32
S1318,1,3.58,4.31
S1318,2,4.53,4.87
S1318,3,3.8,4.3
S1318,4,3.65,4.42
S1318,5,3.69,4.33
S1318,6,4.0,4.65
S1319,1,4.8,4.47
S1319,2,4.8,4.24
S1319,3,4.52,4.31
S1319,4,4.38,4.42
S1319,5,4.49,4.39
S1319,6,4.31,4.28
S1320,1,4.2,4.19
S1320,2,3.31,3.49
S1320,3,4.35,4.54
S1320,4,3.65,3.97
S1320,5,,4.14
S1320,6,3.61,3.98
S1321,1,4.37,4.24
S1321,2,4.32,3.89
S1321,3,4.16,4.15
S1321,4,4.0,3.7
S1321,5,,3.86
S1321,6,4.28,4.13
S1322,1,4.52,3.65
S1322,2,4.56,3.88
S1322,3,4.31,4.18
S1322,4,4.64,3.66
S1322,5,4.87,3.18
S1322,6,4.58,3.89
S1323,1,4.39,3.96
S1323,2,4.55,4.07
S1323,3,4.45,4.1
S1323,4,3.86,3.99
S1323,5,4.03,3.65
S1323,6,3.88,4.02
S1324,1,4.58,3.92
S1324,2,3.93,4.04
S1324,3,,3.45
S1324,4,4.21,3.81
S1324,5,4.35,3.97
S1324,6,3.77,3.48
S1325,1,4.21,4.83
S1325,2,4.24,4.6
S1325,3,3.82,4.26
S1325,4,3.96,4.09
S1325,5,3.74,4.2
S1325,6,3.45,4.3
S1326,1,3.43,3.87
S1326,2,3.92,4.34
S1326,3,3.28,3.93
S1326,4,3.95,4.27
S1326,5,3.78,4.18
S1326,6,4.21,4.47
S1327,1,3.75,4.14
S1327,2,4.03,3.9
S1327,3,3.98,3.96
S1327,4,3.82,4.16
S1327,5,4.28,3.89
S1327,6,4.11,4.16
S1328,1,3.16,4.06
S1328,2,2.02,3.73
S1328,3,2.65,4.56
S1328,4,2.58,3.77
S1328,5,2.36,3.91
S1328,6,,4.01
S1329,1,4.18,4.34
S1329,2,,4.02
S1329,3,4.14,4.37
S1329,4,4.05,4.72
S1329,5,3.76,4.95
S1329,6,4.17,5.0
S1330,1,3.71,4.51
S1330,2,4.01,4.88
S1330,3,3.71,4.23
S1330,4,3.65,4.36
S1330,5,4.15,4.82
S1330,6,3.58,4.37
S1331,1,2.78,4.27
S1331,2,2.64,4.79
S1331,3,3.27,4.35
S1331,4,3.37,4.53
S1331,5,3.22,4.84
S1331,6,3.18,4.34
S1332,1,4.07,4.57
S1332,2,4.05,4.53
S1332,3,4.3,4.63
S1332,4,4.45,3.91
S1332,5,4.36,4.61
S1332,6,4.31,4.64
S1333,1,3.93,4.1
S1333,2,,4.11
S1333,3,3.6,4.44
S1333,4,3.97,3.84
S1333,5,3.93,4.17
S1333,6,,3.94
S1334,1,4.11,3.94
S1334,2,5.0,4.35
S1334,3,4.56,4.12
S1334,4,4.59,4.67
S1334,5,4.31,4.33
S1334,6,4.89,4.51
S1335,1,4.08,4.18
S1335,2,4.79,4.65
S1335,3,4.78,4.06
S1335,4,4.36,3.99
S1335,5,5.0,4.41
S1335,6,4.59,3.98
S1336,1,3.68,4.81
S1336,2,4.19,4.27
S1336,3,3.56,4.27
S1336,4,4.03,4.57
S1336,5,3.94,4.55
S1336,6,4.04,3.81
S1337,1,4.57,3.84
S1337,2,4.76,3.79
S1337,3,5.0,4.33
S1337,4,4.71,3.95
S1337,5,4.59,3.96
S1337,6,4.46,3.4
S1338,1,3.82,4.47
S1338,2,4.79,4.31
S1338,3,4.71,3.75
S1338,4,3.91,4.64
S1338,5,,4.13
S1338,6,4.47,4.2
S1339,1,3.37,4.29
S1339,2,3.09,3.65
S1339,3,3.42,4.37
S1339,4,3.34,4.25
S1339,5,2.92,3.84
S1339,6,3.23,4.32
S1340,1,3.89,4.76
S1340,2,3.66,4.43
S1340,3,,4.07
S1340,4,4.15,4.69
S1340,5,4.04,4.47
S1340,6,4.84,4.51
S1341,1,3.8,4.3
S1341,2,4.45,4.64
S1341,3,4.59,4.28
S1341,4,4.35,4.59
S1341,5,3.61,3.58
S1341,6,3.79,3.97
S1342,1,4.19,4.1
S1342,2,3.9,3.53
S1342,3,3.9,4.21
S1342,4,3.88,3.84
S1342,5,4.1,4.43
S1342,6,3.79,4.41
S1343,1,3.96,4.31
S1343,2,3.88,4.56
S1343,3,3.16,4.22
S1343,4,3.51,4.69
S1343,5,,4.74
S1343,6,3.87,4.26
S1344,1,4.57,4.47
S1344,2,4.61,3.98
S1344,3,4.8,4.28
S1344,4,4.52,4.28
S1344,5,4.48,4.49
S1344,6,4.88,4.51
S1345,1,2.95,3.98
S1345,2,3.46,4.08
S1345,3,3.11,3.35
S1345,4,3.48,3.96
S1345,5,3.22,4.22
S1345,6,3.11,4.31
S1346,1,3.36,4.22
S1346,2,,4.58
S1346,3,3.53,4.58
S1346,4,3.13,4.06
S1346,5,3.17,4.63
S1346,6,3.01,4.06
S1347,1,3.73,4.29
S1347,2,3.26,4.79
S1347,3,3.51,4.63
S1347,4,3.38,5.0
S1347,5,3.6,4.92
S1347,6,3.93,4.65
S1348,1,3.38,4.54
S1348,2,3.16,5.0
S1348,3,3.28,4.39
S1348,4,3.52,4.96
S1348,5,3.03,4.56
S1348,6,3.25,4.77
S1349,1,4.09,4.61
S1349,2,3.95,4.95
S1349,3,3.89,4.55
S1349,4,4.2,4.1
S1349,5,4.51,4.2
S1349,6,4.08,4.55
S1350,1,4.43,4.14
S1350,2,4.21,4.2
S1350,3,3.99,4.25
S1350,4,4.3,3.86
S1350,5,4.1,4.52
S1350,6,4.54,4.01
S1351,1,4.05,4.08
S1351,2,3.93,3.8
S1351,3,,4.22
S1351,4,4.0,3.72
S1351,5,4.07,4.53
S1351,6,4.18,4.25
S1353,1,4.95,3.61
S1353,2,4.17,3.96
S1353,3,4.81,4.57
S1353,4,4.57,4.21
S1353,5,4.48,3.94
S1353,6,4.48,4.13
S1354,1,4.05,4.01
S1354,2,4.19,4.91
S1354,3,4.21,4.66
S1354,4,4.17,3.83
S1354,5,,3.97
S1354,6,4.52,3.73
S1355,1,4.59,4.92
S1355,2,4.61,4.76
S1355,3,4.31,4.04
S1355,4,4.29,4.69
S1355,5,,4.23
S1355,6,4.02,4.4
S1356,1,3.9,3.92
S1356,2,3.47,4.51
S1356,3,3.5,4.37
S1356,4,3.31,4.51
S1356,5,3.73,4.67
S1356,6,3.46,4.76
S1357,1,4.47,4.41
S1357,2,3.89,4.41
S1357,3,4.89,4.65
S1357,4,4.42,4.47
S1357,5,4.73,4.66
S1357,6,4.43,4.54
S1358,1,3.31,4.23
S1358,2,3.52,4.01
S1358,3,3.53,4.94
S1358,4,3.55,4.16
S1358,5,3.3,4.77
S1358,6,3.71,4.75
S1359,1,2.97,4.3
S1359,2,3.03,4.75
S1359,3,2.44,4.92
S1359,4,3.1,4.45
S1359,5,2.84,3.8
S1359,6,2.7,4.02
S1360,1,4.41,4.39
S1360,2,4.68,3.96
S1360,3,4.61,3.37
S1360,4,4.41,3.89
S1360,5,4.41,4.03
S1360,6,4.2,3.78
S1361,1,4.41,4.48
S1361,2,4.14,4.62
S1361,3,4.76,4.53
S1361,4,,4.85
S1361,5,4.11,4.06
S1361,6,4.15,4.27
S1362,1,4.18,4.32
S1362,2,3.78,4.06
S1362,3,3.7,4.34
S1362,4,3.96,4.38
S1362,5,3.47,4.73
S1362,6,4.02,4.31
S1363,1,4.89,3.81
S1363,2,4.8,4.48
S1363,3,4.59,3.94
S1363,4,4.5,3.68
S1363,5,4.45,3.61
S1363,6,4.84,3.72
S1364,1,3.24,4.74
S1364,2,3.93,4.48
S1364,3,3.62,4.81
S1364,4,3.52,4.76
S1364,5,3.59,4.84
S1364,6,3.46,4.46
S1365,1,3.29,4.13
S1365,2,2.87,4.45
S1365,3,3.13,4.2
S1365,4,3.26,4.52
S1365,5,3.2,3.85
S1365,6,3.11,4.55
S1366,1,4.39,3.98
S1366,2,3.77,3.85
S1366,3,4.65,4.43
S1366,4,4.31,4.79
S1366,5,4.39,4.16
S1366,6,4.5,4.43
S1367,1,4.05,4.37
S1367,2,3.88,4.09
S1367,3,4.18,4.03
S1367,4,4.2,4.22
S1367,5,4.15,4.04
S1367,6,4.1,4.11
S1368,1,4.79,4.0
S1368,2,4.45,4.0
S1368,3,5.0,3.72
S1368,4,4.74,3.98
S1368,5,3.95,3.66
S1368,6,4.56,3.08
S1369,1,3.93,4.63
S1369,2,4.44,4.7
S1369,3,3.9,4.31
S1369,4,3.85,4.53
S1369,5,3.44,4.22
S1369,6,4.17,4.4
S1370,1,4.53,4.61
S1370,2,4.23,4.32
S1370,3,4.65,4.19
S1370,4,4.34,4.37
S1370,5,4.96,4.24
S1370,6,4.76,4.93
S1371,1,4.07,4.65
S1371,2,4.14,4.09
S1371,3,3.48,3.84
S1371,4,3.81,4.25
S1371,5,,4.17
S1371,6,3.59,4.58
S1372,1,3.31,3.63
S1372,2,3.6,3.4
S1372,3,4.35,3.42
S1372,4,4.6,3.81
S1372,5,3.35,3.95
S1372,6,3.54,3.72
S1374,1,3.88,3.75
S1374,2,3.68,3.74
S1374,3,3.32,3.93
S1374,4,4.24,4.04
S1374,5,3.87,4.19
S1374,6,3.89,3.24
S1375,1,3.97,4.36
S1375,2,4.35,4.4
S1375,3,4.95,4.52
S1375,4,4.25,4.39
S1375,5,,4.38
S1375,6,4.39,3.97
S1376,1,3.68,4.58
S1376,2,4.2,3.84
S1376,3,4.19,4.5
S1376,4,4.21,4.27
S1376,5,4.66,4.15
S1376,6,3.44,4.43
S1377,1,4.06,4.33
S1377,2,,4.52
S1377,3,4.7,3.69
S1377,4,4.15,4.18
S1377,5,4.13,3.99
S1377,6,4.46,4.34
S1378,1,4.13,4.28
S1378,2,4.07,4.25
S1378,3,3.75,4.42
S1378,4,4.31,5.0
S1378,5,4.04,4.57
S1378,6,4.74,4.53
S1379,1,3.65,3.53
S1379,2,3.81,3.78
S1379,3,,4.2
S1379,4,3.58,3.36
S1379,5,2.94,3.57
S1379,6,3.96,3.78
S1380,1,4.75,4.34
S1380,2,5.0,5.0
S1380,3,5.0,4.63
S1380,4,4.53,4.76
S1380,5,4.45,4.52
S1380,6,4.33,4.79
S1381,1,4.14,4.64
S1381,2,4.51,4.4
S1381,3,4.39,4.21
S1381,4,3.88,4.76
S1381,5,3.67,4.69
S1381,6,4.68,4.2
S1382,1,4.29,4.03
S1382,2,3.76,4.13
S1382,3,4.17,3.89
S1382,4,,4.15
S1382,5,4.18,4.6
S1382,6,3.68,4.44
S1383,1,4.97,4.18
S1383,2,4.53,4.35
S1383,3,4.56,4.38
S1383,4,4.0,3.88
S1383,5,,3.88
S1383,6,5.0,3.96
S1384,1,3.63,3.76
S1384,2,4.39,3.86
S1384,3,4.6,4.21
S1384,4,3.97,4.14
S1384,5,4.06,4.08
S1384,6,4.34,3.73
S1385,1,4.94,3.65
S1385,2,4.57,3.4
S1385,3,4.32,3.83
S1385,4,5.0,3.58
S1385,5,4.52,3.6
S1385,6,4.84,3.43
S1386,1,4.12,4.35
S1386,2,4.41,4.34
S1386,3,3.57,3.66
S1386,4,4.14,4.33
S1386,5,4.03,4.15
S1386,6,3.5,4.1
S1387,1,4.74,4.57
S1387,2,4.2,4.97
S1387,3,4.3,4.33
S1387,4,4.61,4.49
S1387,5,4.66,4.3
S1387,6,4.77,4.77
S1388,1,4.23,4.38
S1388,2,4.17,3.89
S1388,3,3.73,4.26
S1388,4,3.7,4.57
S1388,5,3.79,4.15
S1388,6,3.5,4.15
S1389,1,4.45,4.52
S1389,2,4.78,4.38
S1389,3,4.3,4.69
S1389,4,4.12,4.77
S1389,5,4.65,4.06
S1389,6,4.36,4.19
S1390,1,4.5,4.53
S1390,2,4.41,4.11
S1390,3,4.1,4.21
S1390,4,4.54,4.29
S1390,5,4.63,4.38
S1390,6,4.65,4.59
S1391,1,4.42,4.1
S1391,2,4.64,3.88
S1391,3,4.26,3.98
S1391,4,,4.49
S1391,5,4.17,4.46
S1391,6,4.23,3.91
S1392,1,,3.97
S1392,2,4.44,4.6
S1392,3,3.84,4.63
S1392,4,3.79,4.57
S1392,5,4.7,4.08
S1392,6,4.3,4.61
S1393,1,4.04,4.03
S1393,2,4.92,4.16
S1393,3,3.83,4.64
S1393,4,3.84,4.25
S1393,5,4.37,4.42
S1393,6,4.03,4.22
S1394,1,,4.88
S1394,2,4.27,4.25
S1394,3,4.3,4.11
S1394,4,3.78,4.71
S1394,5,,3.93
S1394,6,4.27,4.12
S1395,1,3.31,3.9
S1395,2,3.32,3.84
S1395,3,3.5,3.43
S1395,4,3.16,3.54
S1395,5,3.2,3.83
S1395,6,3.52,3.92
S1396,1,3.43,4.94
S1396,2,3.7,4.96
S1396,3,3.11,4.48
S1396,4,3.22,4.86
S1396,5,3.12,4.48
S1396,6,3.73,3.89
S1397,1,4.32,3.83
S1397,2,5.0,4.26
S1397,3,4.47,4.19
S1397,4,4.97,4.3
S1397,5,3.99,4.17
S1397,6,4.66,4.35
S1398,1,3.74,4.9
S1398,2,3.98,4.71
S1398,3,4.21,4.92
S1398,4,3.75,4.52
S1398,5,3.89,4.04
S1398,6,3.65,4.47
S1399,1,3.33,4.21
S1399,2,3.95,4.85
S1399,3,3.29,4.39
S1399,4,3.75,4.09
S1399,5,3.64,4.06
S1399,6,3.36,4.19
S1400,1,3.92,4.52
S1400,2,4.35,4.79
S1400,3,4.44,4.38
S1400,4,4.37,4.78
S1400,5,3.98,4.76
S1400,6,4.24,4.04
S1402,1,3.5,3.75
S1402,2,3.7,3.62
S1402,3,4.39,3.85
S1402,4,3.87,3.89
S1402,5,3.54,3.74
S1402,6,3.87,3.99
S1403,1,4.45,4.27
S1403,2,3.98,4.04
S1403,3,3.3,4.71
S1403,4,4.06,3.98
S1403,5,4.36,4.91
S1403,6,3.9,4.9
S1404,1,,4.19
S1404,2,4.49,4.33
S1404,3,4.53,4.21
S1404,4,4.73,4.3
S1404,5,4.28,3.51
S1404,6,4.16,4.52
S1405,1,3.99,4.03
S1405,2,4.01,3.86
S1405,3,3.96,4.4
S1405,4,3.69,3.43
S1405,5,3.97,4.01
S1405,6,3.89,3.49
S1406,1,4.34,3.63
S1406,2,3.93,3.91
S1406,3,3.6,3.7
S1406,4,4.42,4.55
S1406,5,4.38,3.69
S1406,6,3.5,4.06
S1407,1,4.28,4.4
S1407,2,4.57,4.42
S1407,3,4.11,4.3
S1407,4,4.01,4.3
S1407,5,4.83,4.19
S1407,6,4.18,4.34
S1408,1,3.69,3.7
S1408,2,4.09,3.9
S1408,3,3.7,3.76
S1408,4,3.33,3.13
S1408,5,3.49,3.57
S1408,6,2.9,4.17
S1409,1,4.68,4.13
S1409,2,4.69,4.42
S1409,3,4.65,4.66
S1409,4,3.9,4.18
S1409,5,4.75,4.03
S1409,6,4.33,4.41
S1410,1,4.55,4.52
S1410,2,4.38,4.13
S1410,3,4.52,4.3
S1410,4,4.12,3.99
S1410,5,4.61,4.31
S1410,6,4.37,4.27
S1411,1,4.29,4.17
S1411,2,4.27,3.78
S1411,3,4.31,4.02
S1411,4,4.5,3.69
S1411,5,4.13,4.1
S1411,6,4.67,4.04
S1412,1,4.21,3.58
S1412,2,3.64,3.58
S1412,3,3.64,4.58
S1412,4,3.76,4.16
S1412,5,4.07,4.36
S1412,6,3.9,4.52
S1413,1,4.74,2.91
S1413,2,4.16,4.73
S1413,3,4.47,3.4
S1413,4,4.83,3.81
S1413,5,4.73,4.19
S1413,6,5.0,3.84
S1414,1,4.33,3.96
S1414,2,4.32,3.72
S1414,3,3.54,3.75
S1414,4,3.57,3.61
S1414,5,4.17,3.95
S1414,6,,4.31
S1415,1,4.64,4.21
S1415,2,3.73,4.69
S1415,3,4.84,4.29
S1415,4,3.92,3.66
S1415,5,4.32,4.14
S1415,6,3.8,4.58
S1416,1,4.0,3.52
S1416,2,3.48,4.07
S1416,3,4.2,3.72
S1416,4,4.23,4.05
S1416,5,4.32,3.51
S1416,6,4.51,4.42
S1417,1,5.0,3.84
S1417,2,4.47,4.36
S1417,3,4.75,4.45
S1417,4,4.73,4.82
S1417,5,4.54,4.33
S1417,6,4.97,4.06
S1418,1,4.06,4.27
S1418,2,3.56,4.15
S1418,3,4.1,4.11
S1418,4,3.74,4.48
S1418,5,4.54,4.37
S1418,6,4.69,4.57
S1419,1,4.12,3.72
S1419,2,4.39,4.23
S1419,3,4.26,4.06
S1419,4,4.29,4.38
S1419,5,4.96,3.96
S1419,6,4.24,3.71
S1420,1,2.81,4.71
S1420,2,2.75,4.66
S1420,3,2.43,4.84
S1420,4,3.3,4.62
S1420,5,2.45,4.95
S1420,6,2.29,5.0
S1421,1,4.23,4.25
S1421,2,3.96,4.42
S1421,3,3.83,4.12
S1421,4,3.39,3.8
S1421,5,3.95,4.3
S1421,6,3.55,4.24
S1423,1,4.08,4.26
S1423,2,3.66,4.04
S1423,3,4.0,4.29
S1423,4,3.81,4.43
S1423,5,3.28,4.05
S1423,6,3.9,3.82
S1424,1,4.0,3.88
S1424,2,3.99,3.96
S1424,3,3.67,3.96
S1424,4,4.27,5.0
S1424,5,3.73,4.91
S1424,6,4.15,4.3
S1425,1,3.23,4.85
S1425,2,3.94,4.25
S1425,3,3.51,4.54
S1425,4,3.5,4.55
S1425,5,3.88,5.0
S1425,6,4.34,4.4
S1426,1,2.73,4.64
S1426,2,3.64,4.56
S1426,3,3.09,4.56
S1426,4,3.7,4.43
S1426,5,3.34,4.32
S1426,6,3.78,4.76
S1427,1,3.29,4.04
S1427,2,3.65,3.88
S1427,3,3.1,4.16
S1427,4,3.11,3.87
S1427,5,3.8,4.14
S1427,6,3.46,3.56
S1428,1,3.6,4.85
S1428,2,3.93,4.39
S1428,3,3.97,4.39
S1428,4,,5.0
S1428,5,4.21,3.54
S1428,6,4.65,4.0
S1429,1,2.86,3.94
S1429,2,,4.18
S1429,3,3.1,4.18
S1429,4,3.06,3.93
S1429,5,3.31,3.85
S1429,6,3.44,3.73
S1430,1,3.74,4.5
S1430,2,3.93,4.54
S1430,3,4.16,3.94
S1430,4,4.6,4.11
S1430,5,4.04,3.93
S1430,6,3.65,4.22
S1431,1,4.4,3.47
S1431,2,3.86,4.3
S1431,3,4.59,4.34
S1431,4,4.22,4.14
S1431,5,4.05,4.29
S1431,6,4.3,3.7
S1432,1,3.97,3.58
S1432,2,3.5,3.53
S1432,3,3.55,3.96
S1432,4,3.94,4.03
S1432,5,4.0,3.98
S1432,6,4.29,3.87
S1433,1,3.96,3.9
S1433,2,3.5,4.21
S1433,3,3.57,4.43
S1433,4,3.83,4.65
S1433,5,3.46,3.93
S1433,6,3.92,4.64
S1434,1,2.67,4.56
S1434,2,2.68,4.49
S1434,3,3.03,4.42
S1434,4,2.71,4.23
S1434,5,3.79,4.63
S1434,6,2.4,4.35
S1435,1,4.17,4.47
S1435,2,,4.13
S1435,3,4.12,3.9
S1435,4,3.97,4.61
S1435,5,3.58,4.35
S1435,6,4.19,4.21
S1436,1,4.62,4.78
S1436,2,4.1,4.07
S1436,3,3.96,4.23
S1436,4,4.18,4.19
S1436,5,4.3,4.28
S1436,6,4.45,4.2
S1437,1,3.96,5.0
S1437,2,4.51,4.2
S1437,3,4.73,4.45
S1437,4,4.05,4.5
S1437,5,4.5,4.23
S1437,6,,4.51
S1438,1,3.68,3.5
S1438,2,3.83,3.5
S1438,3,3.18,3.45
S1438,4,,3.79
S1438,5,2.78,3.34
S1438,6,3.71,3.23
S1439,1,4.43,3.64
S1439,2,4.21,3.68
S1439,3,4.66,3.87
S1439,4,4.57,3.93
S1439,5,4.77,4.01
S1439,6,4.46,3.83
S1440,1,3.61,4.34
S1440,2,2.99,4.26
S1440,3,2.95,4.17
S1440,4,2.84,4.13
S1440,5,3.32,4.3
S1440,6,3.41,5.0
S1441,1,,4.53
S1441,2,3.93,3.97
S1441,3,3.6,4.59
S1441,4,3.68,3.81
S1441,5,,4.23
S1441,6,3.88,4.15
S1442,1,3.77,3.68
S1442,2,2.79,4.59
S1442,3,3.22,4.36
S1442,4,3.48,3.94
S1442,5,3.01,4.14
S1442,6,3.12,4.2
S1444,1,4.2,4.9
S1444,2,3.95,4.46
S1444,3,3.86,4.41
S1444,4,4.08,4.56
S1444,5,3.88,5.0
S1444,6,4.19,4.95
S1445,1,3.94,4.19
S1445,2,,4.5
S1445,3,4.27,4.5
S1445,4,4.22,4.09
S1445,5,3.79,4.51
S1445,6,3.94,4.42
S1446,1,,4.09
S1446,2,4.22,4.13
S1446,3,3.68,4.15
S1446,4,3.3,4.28
S1446,5,3.97,4.0
S1446,6,,3.87
S1448,1,4.7,3.52
S1448,2,4.82,3.0
S1448,3,4.65,3.69
S1448,4,4.48,3.64
S1448,5,,4.02
S1448,6,4.4,2.92
S1449,1,4.49,3.4
S1449,2,4.78,3.3
S1449,3,4.67,3.01
S1449,4,4.76,3.83
S1449,5,4.79,2.66
S1449,6,4.13,3.7
S1450,1,2.97,4.56
S1450,2,3.14,4.04
S1450,3,2.88,3.79
S1450,4,3.48,4.51
S1450,5,2.86,4.14
S1450,6,3.11,3.59
S1451,1,4.59,4.38
S1451,2,4.04,4.82
S1451,3,4.19,4.46
S1451,4,4.16,4.79
S1451,5,4.18,4.63
S1451,6,3.78,4.82
S1452,1,3.85,4.1
S1452,2,4.48,4.29
S1452,3,3.77,4.47
S1452,4,4.33,4.71
S1452,5,4.37,4.87
S1452,6,,4.35
S1454,1,4.06,4.73
S1454,2,3.72,4.11
S1454,3,3.79,4.17
S1454,4,3.8,4.09
S1454,5,3.88,4.09
S1454,6,4.08,4.47
S1456,1,2.62,3.79
S1456,2,2.93,4.07
S1456,3,2.64,4.37
S1456,4,2.78,4.11
S1456,5,3.4,3.96
S1456,6,2.88,3.17
S1457,1,3.52,4.3
S1457,2,4.25,3.57
S1457,3,3.65,4.74
S1457,4,4.16,3.98
S1457,5,4.22,3.97
S1457,6,4.39,4.22
S1458,1,3.67,3.45
S1458,2,3.48,3.94
S1458,3,3.12,4.27
S1458,4,3.61,3.58
S1458,5,3.25,3.63
S1458,6,3.64,3.45
S1459,1,3.23,3.69
S1459,2,3.65,4.08
S1459,3,3.58,3.7
S1459,4,3.75,4.47
S1459,5,3.63,3.58
S1459,6,3.96,3.6
S1460,1,3.24,4.14
S1460,2,3.53,3.32
S1460,3,3.84,4.03
S1460,4,3.62,3.67
S1460,5,3.61,3.72
S1460,6,3.39,3.49
S1461,1,3.42,3.74
S1461,2,3.1,4.35
S1461,3,3.42,3.64
S1461,4,3.65,4.16
S1461,5,3.61,3.98
S1461,6,3.52,4.23
S1462,1,3.7,4.76
S1462,2,3.81,4.59
S1462,3,3.45,4.48
S1462,4,3.7,4.89
S1462,5,3.24,4.96
S1462,6,3.61,4.63
S1463,1,3.56,4.48
S1463,2,3.31,4.8
S1463,3,3.84,4.42
S1463,4,3.65,4.81
S1463,5,4.11,4.57
S1463,6,3.69,5.0
S1465,1,3.96,4.24
S1465,2,4.21,4.14
S1465,3,3.92,4.42
S1465,4,4.06,4.95
S1465,5,3.95,4.8
S1465,6,4.06,4.81
S1466,1,3.46,4.24
S1466,2,4.87,4.53
S1466,3,4.25,4.29
S1466,4,4.34,3.68
S1466,5,4.19,4.02
S1466,6,4.2,4.38
S1467,1,4.23,4.91
S1467,2,3.76,4.82
S1467,3,4.26,5.0
S1467,4,3.67,5.0
S1467,5,4.0,4.38
S1467,6,4.25,4.26
S1468,1,3.3,4.17
S1468,2,3.35,4.57
S1468,3,3.99,4.16
S1468,4,3.59,4.88
S1468,5,3.37,4.16
S1468,6,3.26,4.04
S1469,1,2.93,4.78
S1469,2,2.92,4.07
S1469,3,2.37,4.58
S1469,4,2.82,4.29
S1469,5,3.43,4.6
S1469,6,2.98,4.53
S1470,1,3.19,4.0
S1470,2,3.9,4.07
S1470,3,3.16,3.94
S1470,4,4.06,4.23
S1470,5,4.07,4.07
S1470,6,3.34,4.27
S1471,1,4.07,4.35
S1471,2,4.01,4.43
S1471,3,3.95,4.15
S1471,4,3.65,4.43
S1471,5,4.04,4.33
S1471,6,3.43,4.29
S1473,1,4.33,4.27
S1473,2,3.5,3.67
S1473,3,4.25,3.68
S1473,4,4.31,4.15
S1473,5,4.46,4.24
S1473,6,3.72,4.7
S1474,1,4.72,4.19
S1474,2,5.0,4.2
S1474,3,4.44,4.31
S1474,4,4.34,4.81
S1474,5,4.59,4.42
S1474,6,4.98,4.92
S1475,1,4.29,3.97
S1475,2,3.64,4.25
S1475,3,3.81,3.86
S1475,4,4.11,4.23
S1475,5,3.68,4.41
S1475,6,4.05,4.26
S1476,1,3.58,4.63
S1476,2,3.35,4.34
S1476,3,3.62,4.16
S1476,4,2.91,4.53
S1476,5,4.1,4.08
S1476,6,3.22,4.33
S1477,1,4.11,4.61
S1477,2,3.4,4.87
S1477,3,4.71,4.76
S1477,4,3.84,4.62
S1477,5,3.88,4.09
S1477,6,4.3,4.34
S1478,1,4.14,4.59
S1478,2,4.0,4.05
S1478,3,4.08,4.37
S1478,4,4.23,4.04
S1478,5,3.94,4.57
S1478,6,4.0,4.15
S1479,1,4.62,3.18
S1479,2,4.83,3.21
S1479,3,4.44,3.58
S1479,4,4.46,3.31
S1479,5,4.95,3.29
S1479,6,4.35,2.98
S1480,1,4.44,4.22
S1480,2,4.37,4.17
S1480,3,4.6,3.76
S1480,4,5.0,3.99
S1480,5,4.55,3.63
S1480,6,4.38,4.07
S1481,1,4.38,4.2
S1481,2,4.64,3.93
S1481,3,4.58,4.1
S1481,4,4.65,4.29
S1481,5,4.07,4.15
S1481,6,3.82,3.98
S1482,1,4.33,4.21
S1482,2,3.79,4.47
S1482,3,3.78,4.91
S1482,4,4.16,4.1
S1482,5,4.03,4.86
S1482,6,4.19,4.73
S1483,1,3.84,4.21
S1483,2,3.45,4.54
S1483,3,4.12,4.22
S1483,4,4.48,4.25
S1483,5,4.43,4.19
S1483,6,4.15,3.84
S1484,1,3.14,4.33
S1484,2,3.61,3.69
S1484,3,3.33,4.43
S1484,4,3.89,4.28
S1484,5,3.78,4.38
S1484,6,3.63,4.61
S1485,1,3.5,4.11
S1485,2,3.79,5.0
S1485,3,4.03,4.45
S1485,4,4.17,3.97
S1485,5,3.67,4.7
S1485,6,3.82,4.02
S1486,1,4.44,4.4
S1486,2,4.6,4.0
S1486,3,4.34,4.19
S1486,4,4.82,4.29
S1486,5,4.68,3.56
S1486,6,4.8,4.62
S1487,1,4.21,4.16
S1487,2,4.15,4.27
S1487,3,3.52,4.28
S1487,4,3.92,4.3
S1487,5,3.69,4.08
S1487,6,,4.74
S1488,1,2.79,4.67
S1488,2,2.96,4.16
S1488,3,2.96,5.0
S1488,4,2.79,4.43
S1488,5,3.28,4.98
S1488,6,3.13,4.7
S1489,1,3.6,4.26
S1489,2,3.78,4.61
S1489,3,4.15,4.77
S1489,4,3.86,4.75
S1489,5,3.85,4.11
S1489,6,3.64,4.46
S1490,1,4.24,4.71
S1490,2,4.05,3.99
S1490,3,4.63,4.71
S1490,4,4.83,4.55
S1490,5,4.09,4.31
S1490,6,4.74,4.58
S1491,1,3.78,3.75
S1491,2,4.07,4.4
S1491,3,3.89,3.81
S1491,4,4.01,3.94
S1491,5,4.34,4.07
S1491,6,4.21,3.79
S1492,1,3.1,4.22
S1492,2,,4.81
S1492,3,3.6,4.2
S1492,4,3.39,4.39
S1492,5,,4.55
S1492,6,2.88,3.86
S1493,1,4.15,3.38
S1493,2,3.97,3.77
S1493,3,4.7,3.89
S1493,4,4.29,4.04
S1493,5,3.7,3.66
S1493,6,4.1,3.99
S1494,1,4.32,4.64
S1494,2,3.61,4.52
S1494,3,4.08,4.8
S1494,4,4.06,4.63
S1494,5,4.52,4.36
S1494,6,4.1,4.56
S1496,1,3.72,3.6
S1496,2,4.45,3.51
S1496,3,4.28,4.08
S1496,4,4.22,3.95
S1496,5,4.18,4.0
S1496,6,4.01,4.14
S1497,1,4.39,4.21
S1497,2,4.46,5.0
S1497,3,4.53,4.53
S1497,4,4.59,4.84
S1497,5,4.78,4.88
S1497,6,4.89,5.0
S1498,1,3.8,4.62
S1498,2,3.87,4.56
S1498,3,3.7,4.16
S1498,4,3.85,4.33
S1498,5,3.77,4.21
S1498,6,3.46,4.79
S1499,1,3.48,5.0
S1499,2,2.85,4.67
S1499,3,3.58,4.64
S1499,4,3.55,4.29
S1499,5,2.9,4.63
S1499,6,3.88,4.51
S1500,1,4.35,3.98
S1500,2,4.38,4.91
S1500,3,4.31,5.0
S1500,4,4.69,4.27
S1500,5,4.1,4.52
S1500,6,4.33,4.3
S1501,1,4.05,3.75
S1501,2,3.19,3.55
S1501,3,3.8,3.79
S1501,4,3.86,4.2
S1501,5,3.79,3.54
S1501,6,3.7,3.43
S1502,1,3.42,3.83
S1502,2,,4.13
S1502,3,3.21,3.89
S1502,4,4.45,4.63
S1502,5,3.96,4.36
S1502,6,4.39,4.52
S1503,1,4.5,3.95
S1503,2,4.68,4.41
S1503,3,5.0,3.64
S1503,4,4.87,3.45
S1503,5,4.18,4.19
S1503,6,4.92,3.91
S1504,1,3.93,4.37
S1504,2,3.14,4.52
S1504,3,3.58,4.27
S1504,4,3.52,4.07
S1504,5,3.24,4.33
S1504,6,4.08,4.36
S1506,1,4.63,4.81
S1506,2,4.25,4.68
S1506,3,4.29,4.23
S1506,4,3.95,4.72
S1506,5,4.2,3.86
S1506,6,4.6,4.88
S1507,1,4.85,4.19
S1507,2,,4.62
S1507,3,4.89,4.08
S1507,4,4.85,5.0
S1507,5,4.96,4.9
S1507,6,4.93,5.0
S1508,1,4.38,4.58
S1508,2,4.16,4.42
S1508,3,4.93,4.51
S1508,4,4.64,4.05
S1508,5,4.6,5.0
S1508,6,4.7,4.86
S1509,1,4.3,4.06
S1509,2,3.6,3.76
S1509,3,3.24,4.01
S1509,4,3.74,3.81
S1509,5,4.27,3.99
S1509,6,4.0,4.55
S1510,1,4.11,3.72
S1510,2,4.19,3.46
S1510,3,4.25,4.54
S1510,4,4.54,3.9
S1510,5,4.6,4.48
S1510,6,4.17,4.0
S1511,1,4.72,4.33
S1511,2,4.93,4.24
S1511,3,4.94,3.91
S1511,4,4.6,4.21
S1511,5,4.42,3.62
S1511,6,3.99,4.51
S1512,1,4.06,4.39
S1512,2,4.65,4.02
S1512,3,3.88,3.98
S1512,4,3.71,4.07
S1512,5,3.41,4.25
S1512,6,,3.6
S1513,1,3.28,4.27
S1513,2,3.47,3.57
S1513,3,4.2,4.02
S1513,4,3.89,4.2
S1513,5,3.45,4.28
S1513,6,4.0,4.5
S1514,1,4.22,4.54
S1514,2,4.13,4.18
S1514,3,4.1,4.35
S1514,4,4.03,4.27
S1514,5,3.59,4.24
S1514,6,3.8,3.58
S1515,1,3.72,3.29
S1515,2,3.84,3.79
S1515,3,3.9,3.63
S1515,4,4.24,3.23
S1515,5,3.85,3.48
S1515,6,3.88,3.35
S1516,1,3.73,4.71
S1516,2,3.78,4.32
S1516,3,4.3,4.72
S1516,4,3.93,4.52
S1516,5,3.94,4.12
S1516,6,4.49,4.57
S1517,1,4.37,4.47
S1517,2,,4.86
S1517,3,,4.48
S1517,4,4.01,4.6
S1517,5,4.32,4.82
S1517,6,4.37,4.46
S1518,1,3.33,4.49
S1518,2,3.4,4.43
S1518,3,2.96,4.25
S1518,4,3.44,4.27
S1518,5,3.34,4.56
S1518,6,3.51,5.0
S1519,1,3.42,4.52
S1519,2,3.2,3.61
S1519,3,2.93,3.97
S1519,4,2.92,3.44
S1519,5,2.82,4.26
S1519,6,2.86,4.17
S1520,1,4.41,3.61
S1520,2,4.76,4.15
S1520,3,4.13,3.99
S1520,4,4.97,3.7
S1520,5,4.42,4.4
S1520,6,4.7,3.79
S1521,1,4.02,3.73
S1521,2,4.85,3.64
S1521,3,3.59,3.52
S1521,4,3.97,3.91
S1521,5,4.02,3.52
S1521,6,4.25,3.76
S1522,1,2.28,3.99
S1522,2,3.21,3.75
S1522,3,3.39,4.22
S1522,4,2.91,3.84
S1522,5,3.27,4.24
S1522,6,3.39,3.99
S1523,1,4.02,4.79
S1523,2,3.89,4.47
S1523,3,4.36,4.42
S1523,4,4.0,4.38
S1523,5,4.56,4.46
S1523,6,4.1,4.5
S1524,1,3.69,3.88
S1524,2,3.05,3.45
S1524,3,3.1,3.76
S1524,4,3.61,4.21
S1524,5,3.74,4.15
S1524,6,3.55,3.12
S1525,1,4.01,4.26
S1525,2,4.34,4.34
S1525,3,4.47,4.68
S1525,4,4.24,4.26
S1525,5,4.6,4.36
S1525,6,4.36,4.56
S1526,1,3.97,3.45
S1526,2,4.06,3.93
S1526,3,4.36,4.25
S1526,4,4.33,3.77
S1526,5,4.39,3.67
S1526,6,4.44,3.83
S1527,1,3.33,4.38
S1527,2,3.77,4.43
S1527,3,3.94,4.33
S1527,4,3.84,4.29
S1527,5,3.46,3.96
S1527,6,3.7,4.23
S1528,1,3.48,4.6
S1528,2,3.47,4.43
S1528,3,3.61,4.41
S1528,4,3.5,4.42
S1528,5,3.44,4.37
S1528,6,3.53,4.4
S1529,1,4.08,4.06
S1529,2,3.81,3.74
S1529,3,3.52,3.75
S1529,4,4.07,4.11
S1529,5,3.02,4.41
S1529,6,4.03,4.46
S1530,1,3.66,4.02
S1530,2,3.5,4.64
S1530,3,3.82,4.31
S1530,4,3.62,4.22
S1530,5,3.23,4.88
S1530,6,3.98,4.59
S1531,1,3.88,3.65
S1531,2,4.03,4.08
S1531,3,4.54,3.4
S1531,4,4.27,3.11
S1531,5,3.81,3.58
S1531,6,3.44,3.72
S1532,1,3.65,5.0
S1532,2,4.1,4.6
S1532,3,3.84,4.51
S1532,4,4.15,3.84
S1532,5,4.38,5.0
S1532,6,4.12,4.19
S1533,1,3.82,4.13
S1533,2,3.87,4.37
S1533,3,4.5,4.44
S1533,4,4.21,4.11
S1533,5,4.03,4.79
S1533,6,3.75,4.77
S1534,1,4.32,4.47
S1534,2,4.08,4.63
S1534,3,4.79,4.47
S1534,4,4.76,4.39
S1534,5,4.6,4.31
S1534,6,4.44,4.71
S1535,1,4.06,3.87
S1535,2,3.22,3.92
S1535,3,4.06,5.0
S1535,4,3.36,4.65
S1535,5,3.74,3.5
S1535,6,3.9,4.51
S1536,1,3.62,4.13
S1536,2,3.65,4.39
S1536,3,,3.82
S1536,4,3.56,4.08
S1536,5,3.62,4.35
S1536,6,3.67,4.51
S1537,1,4.41,3.63
S1537,2,4.45,3.7
S1537,3,4.35,4.12
S1537,4,4.58,3.99
S1537,5,4.45,4.16
S1537,6,4.36,4.0
S1538,1,3.54,4.65
S1538,2,3.25,4.23
S1538,3,3.54,4.29
S1538,4,3.77,4.55
S1538,5,3.93,4.35
S1538,6,2.86,4.37
S1539,1,3.64,4.23
S1539,2,3.09,3.97
S1539,3,3.26,4.18
S1539,4,3.5,4.23
S1539,5,3.4,4.41
S1539,6,3.29,4.02
S1540,1,3.51,4.32
S1540,2,3.1,4.56
S1540,3,4.25,4.34
S1540,4,3.57,4.51
S1540,5,3.5,4.19
S1540,6,3.02,4.33
S1541,1,4.35,4.5
S1541,2,3.71,4.14
S1541,3,4.18,4.18
S1541,4,3.99,4.66
S1541,5,3.89,4.91
S1541,6,3.83,4.36
S1542,1,3.81,4.55
S1542,2,4.62,5.0
S1542,3,4.52,4.26
S1542,4,3.82,4.67
S1542,5,4.22,4.71
S1542,6,4.84,5.0
S1544,1,3.95,4.6
S1544,2,4.69,4.81
S1544,3,4.25,4.62
S1544,4,,4.29
S1544,5,4.31,4.48
S1544,6,3.95,4.45
S1545,1,3.71,4.71
S1545,2,3.48,4.13
S1545,3,3.12,4.82
S1545,4,3.76,4.79
S1545,5,3.82,4.05
S1545,6,3.42,4.83
S1546,1,3.65,4.86
S1546,2,3.85,3.75
S1546,3,4.12,4.29
S1546,4,4.19,3.99
S1546,5,4.59,4.24
S1546,6,4.52,4.05
S1547,1,4.0,4.27
S1547,2,4.13,5.0
S1547,3,4.09,5.0
S1547,4,3.85,4.61
S1547,5,4.19,5.0
S1547,6,3.65,5.0
S1548,1,4.45,4.81
S1548,2,3.96,4.07
S1548,3,4.05,3.89
S1548,4,4.09,4.75
S1548,5,3.88,4.78
S1548,6,4.3,4.45
S1549,1,,4.74
S1549,2,3.78,4.06
S1549,3,3.76,4.22
S1549,4,4.02,4.35
S1549,5,3.99,4.18
S1549,6,3.2,4.02
S1550,1,4.55,3.88
S1550,2,4.59,3.3
S1550,3,3.8,4.02
S1550,4,4.24,4.29
S1550,5,4.55,4.38
S1550,6,4.25,4.01
S1551,1,3.43,3.71
S1551,2,3.65,4.38
S1551,3,4.34,4.41
S1551,4,3.52,4.11
S1551,5,4.06,3.92
S1551,6,3.8,4.54
S1552,1,4.94,4.48
S1552,2,4.59,3.89
S1552,3,4.82,3.91
S1552,4,4.76,4.05
S1552,5,4.65,4.35
S1552,6,4.57,4.05
S1553,1,2.58,4.68
S1553,2,2.66,4.45
S1553,3,2.6,4.31
S1553,4,3.02,4.51
S1553,5,2.7,5.0
S1553,6,2.83,4.97
S1554,1,3.1,3.4
S1554,2,2.91,3.66
S1554,3,3.36,3.47
S1554,4,3.09,4.05
S1554,5,3.42,4.38
S1554,6,2.77,3.26
S1555,1,4.0,3.98
S1555,2,3.81,4.11
S1555,3,3.7,4.42
S1555,4,3.55,4.51
S1555,5,3.17,4.64
S1555,6,3.88,4.32
S1556,1,3.92,3.88
S1556,2,,3.69
S1556,3,3.44,3.66
S1556,4,3.99,4.23
S1556,5,3.8,3.67
S1556,6,3.59,3.61
S1557,1,3.77,3.74
S1557,2,3.76,3.94
S1557,3,4.68,3.73
S1557,4,4.19,3.44
S1557,5,4.48,3.6
S1557,6,4.14,4.26
S1558,1,2.86,4.11
S1558,2,3.2,4.35
S1558,3,2.69,4.29
S1558,4,,4.2
S1558,5,3.26,4.7
S1558,6,,4.47
S1559,1,4.3,4.29
S1559,2,3.73,4.33
S1559,3,3.95,3.58
S1559,4,3.94,3.97
S1559,5,,3.41
S1559,6,4.42,4.45
S1560,1,4.36,4.91
S1560,2,4.3,4.6
S1560,3,4.42,4.74
S1560,4,4.63,4.76
S1560,5,4.85,5.0
S1560,6,3.81,5.0
S1561,1,4.51,3.88
S1561,2,4.12,3.89
S1561,3,,4.23
S1561,4,4.88,4.19
S1561,5,4.26,3.94
S1561,6,3.83,3.92
S1562,1,3.96,4.06
S1562,2,4.24,4.47
S1562,3,3.68,3.93
S1562,4,4.58,4.14
S1562,5,3.96,4.5
S1562,6,4.42,3.88
S1563,1,4.47,4.27
S1563,2,3.99,3.76
S1563,3,4.11,4.75
S1563,4,3.97,4.5
S1563,5,4.03,4.3
S1563,6,4.19,4.43
S1564,1,2.66,4.19
S1564,2,2.98,4.55
S1564,3,3.13,4.43
S1564,4,3.42,4.4
S1564,5,2.97,4.55
S1564,6,3.23,4.48
S1565,1,,3.79
S1565,2,3.37,4.09
S1565,3,4.42,4.09
S1565,4,3.94,4.21
S1565,5,3.7,3.78
S1565,6,3.86,4.09
S1566,1,2.51,3.93
S1566,2,2.52,3.86
S1566,3,3.04,3.72
S1566,4,2.58,3.64
S1566,5,2.8,3.77
S1566,6,2.7,4.01
S1568,1,3.53,4.1
S1568,2,3.38,3.64
S1568,3,3.24,4.73
S1568,4,3.13,3.76
S1568,5,4.04,4.01
S1568,6,3.2,4.49
S1569,1,3.28,4.69
S1569,2,3.12,4.69
S1569,3,2.94,4.68
S1569,4,3.38,4.62
S1569,5,3.45,4.84
S1569,6,3.54,4.51
S1570,1,4.78,4.25
S1570,2,3.69,4.18
S1570,3,4.03,4.74
S1570,4,4.35,4.74
S1570,5,4.32,4.59
S1570,6,4.2,4.69
S1571,1,4.24,3.23
S1571,2,3.99,3.81
S1571,3,4.42,3.56
S1571,4,3.68,3.21
S1571,5,4.22,3.44
S1571,6,3.85,3.05
S1572,1,3.32,4.04
S1572,2,3.61,4.15
S1572,3,3.87,4.3
S1572,4,3.69,3.99
S1572,5,3.83,3.52
S1572,6,3.61,3.41
S1573,1,4.18,3.97
S1573,2,3.82,4.42
S1573,3,3.49,4.61
S1573,4,4.17,4.44
S1573,5,3.91,4.26
S1573,6,4.64,4.35
S1574,1,3.85,4.9
S1574,2,4.25,4.85
S1574,3,3.8,4.32
S1574,4,4.17,4.45
S1574,5,4.25,4.08
S1574,6,3.65,4.06
S1575,1,3.49,5.0
S1575,2,4.16,4.41
S1575,3,4.07,5.0
S1575,4,4.37,5.0
S1575,5,3.66,4.42
S1575,6,3.56,4.05
S1576,1,4.26,4.16
S1576,2,4.23,4.52
S1576,3,4.97,4.7
S1576,4,4.12,4.66
S1576,5,4.27,4.47
S1576,6,4.31,4.49
S1577,1,3.81,3.61
S1577,2,3.45,3.73
S1577,3,3.74,4.05
S1577,4,3.83,4.01
S1577,5,3.73,4.1
S1577,6,3.43,4.19
S1579,1,3.62,4.04
S1579,2,3.89,4.62
S1579,3,3.84,4.0
S1579,4,3.85,4.53
S1579,5,4.34,4.45
S1579,6,3.97,4.07
S1580,1,3.99,4.02
S1580,2,3.9,4.01
S1580,3,4.48,5.0
S1580,4,3.86,3.67
S1580,5,4.01,3.78
S1580,6,4.26,3.95
S1581,1,3.86,3.54
S1581,2,4.36,4.12
S1581,3,4.05,3.79
S1581,4,3.44,4.72
S1581,5,4.56,4.54
S1581,6,,4.55
S1582,1,4.64,4.69
S1582,2,5.0,4.17
S1582,3,4.56,4.22
S1582,4,4.2,4.58
S1582,5,4.61,4.79
S1582,6,4.86,4.15
S1583,1,4.64,4.67
S1583,2,4.66,4.29
S1583,3,4.62,4.67
S1583,4,4.78,4.45
S1583,5,5.0,4.61
S1583,6,5.0,3.91
S1584,1,4.95,4.09
S1584,2,4.73,5.0
S1584,3,4.7,3.87
S1584,4,5.0,3.85
S1584,5,4.81,4.39
S1584,6,4.58,4.25
S1585,1,4.15,4.2
S1585,2,4.31,4.53
S1585,3,4.67,3.82
S1585,4,4.42,4.07
S1585,5,4.86,3.79
S1585,6,3.94,3.99
S1586,1,3.7,4.99
S1586,2,,4.67
S1586,3,3.65,4.59
S1586,4,3.77,4.5
S1586,5,4.33,4.78
S1586,6,3.08,5.0
S1588,1,4.37,3.73
S1588,2,4.04,4.04
S1588,3,3.89,4.5
S1588,4,4.44,4.12
S1588,5,4.41,4.05
S1588,6,4.44,4.73
S1589,1,4.38,4.57
S1589,2,3.89,3.17
S1589,3,4.13,4.42
S1589,4,4.07,4.44
S1589,5,3.2,4.24
S1589,6,4.03,4.23
S1590,1,4.57,4.47
S1590,2,4.18,4.53
S1590,3,3.54,3.82
S1590,4,4.18,4.46
S1590,5,4.2,4.12
S1590,6,4.37,4.19
S1591,1,3.94,4.13
S1591,2,3.86,3.95
S1591,3,3.99,3.99
S1591,4,4.07,4.25
S1591,5,3.9,4.06
S1591,6,3.88,3.71
S1592,1,4.41,3.95
S1592,2,4.77,3.85
S1592,3,4.41,3.74
S1592,4,4.2,3.8
S1592,5,4.15,3.87
S1592,6,4.82,4.01
S1593,1,3.59,4.39
S1593,2,3.52,4.23
S1593,3,3.25,4.85
S1593,4,4.07,4.22
S1593,5,3.68,4.11
S1593,6,4.01,4.16
S1594,1,4.25,4.3
S1594,2,3.47,4.35
S1594,3,4.1,4.91
S1594,4,4.2,4.48
S1594,5,3.79,4.44
S1594,6,4.32,5.0
S1595,1,3.59,4.31
S1595,2,3.48,5.0
S1595,3,3.38,4.48
S1595,4,3.52,4.54
S1595,5,3.66,4.81
S1595,6,3.64,3.96
S1596,1,3.84,4.15
S1596,2,4.28,4.3
S1596,3,4.26,4.03
S1596,4,4.21,4.05
S1596,5,4.3,4.28
S1596,6,4.5,4.73
S1597,1,3.95,4.14
S1597,2,3.24,3.92
S1597,3,3.42,4.91
S1597,4,4.53,4.9
S1597,5,4.1,4.44
S1597,6,,4.44
S1598,1,4.07,4.62
S1598,2,4.15,4.15
S1598,3,3.96,4.23
S1598,4,4.51,3.94
S1598,5,4.71,3.53
S1598,6,,3.85
S1600,1,2.7,3.86
S1600,2,2.97,4.64
S1600,3,3.63,4.09
S1600,4,3.8,4.08
S1600,5,3.16,4.23
S1600,6,3.39,3.94
S2001,1,2.74,4.33
S2001,2,2.88,5.0
S2001,3,3.46,4.41
S2001,4,3.14,4.38
S2001,5,2.62,5.0
S2001,6,2.96,4.31
S2002,1,4.19,4.38
S2002,2,4.69,3.93
S2002,3,,4.52
S2002,4,4.42,3.9
S2002,5,4.3,4.74
S2002,6,4.57,4.24
S2003,1,4.16,3.84
S2003,2,4.25,4.05
S2003,3,4.16,3.91
S2003,4,3.44,4.22
S2003,5,,4.48
S2003,6,3.3,4.15
S2004,1,3.9,4.63
S2004,2,4.14,4.67
S2004,3,4.06,4.44
S2004,4,4.0,4.87
S2004,5,4.32,4.08
S2004,6,4.23,4.56
S2005,1,2.86,4.6
S2005,2,3.77,4.62
S2005,3,3.19,4.66
S2005,4,3.84,4.71
S2005,5,3.87,4.64
S2005,6,3.96,4.22
S2006,1,4.28,5.0
S2006,2,3.76,4.97
S2006,3,4.15,5.0
S2006,4,5.0,4.49
S2006,5,4.19,4.47
S2006,6,4.18,5.0
S2007,1,3.75,4.66
S2007,2,3.49,4.17
S2007,3,3.91,4.77
S2007,4,3.35,4.61
S2007,5,3.7,4.34
S2007,6,4.12,4.31
S2008,1,3.98,4.73
S2008,2,4.42,4.62
S2008,3,4.04,4.02
S2008,4,4.56,4.09
S2008,5,4.45,4.46
S2008,6,4.54,4.35
S2009,1,3.82,3.87
S2009,2,3.79,3.37
S2009,3,3.77,3.6
S2009,4,3.95,3.81
S2009,5,3.97,3.39
S2009,6,3.96,3.65
S2010,1,4.23,4.4
S2010,2,4.04,4.49
S2010,3,3.72,4.61
S2010,4,4.06,4.25
S2010,5,3.28,4.47
S2010,6,4.03,4.48
S2011,1,2.66,4.2
S2011,2,3.02,4.13
S2011,3,2.59,4.14
S2011,4,2.75,5.0
S2011,5,2.99,4.89
S2011,6,2.27,4.68
S2012,1,4.25,4.54
S2012,2,3.85,4.95
S2012,3,4.5,4.73
S2012,4,3.81,4.65
S2012,5,3.87,4.32
S2012,6,4.01,5.0
S2013,1,4.92,5.0
S2013,2,4.59,5.0
S2013,3,,4.43
S2013,4,4.88,4.18
S2013,5,4.58,4.2
S2013,6,4.43,4.64
S2014,1,3.79,4.33
S2014,2,3.8,3.5
S2014,3,3.72,3.71
S2014,4,4.12,3.51
S2014,5,3.48,4.45
S2014,6,3.5,3.4
S2015,1,3.26,4.18
S2015,2,4.14,4.16
S2015,3,3.93,4.16
S2015,4,3.58,3.93
S2015,5,4.1,4.78
S2015,6,3.91,3.87
S2017,1,3.47,4.1
S2017,2,2.73,4.64
S2017,3,3.7,4.09
S2017,4,3.29,4.29
S2017,5,2.74,4.58
S2017,6,2.92,4.58
S2018,1,4.76,4.3
S2018,2,4.55,3.98
S2018,3,4.48,4.52
S2018,4,4.22,4.46
S2018,5,4.22,3.94
S2018,6,4.13,4.16
S2019,1,3.97,4.49
S2019,2,3.44,5.0
S2019,3,3.78,4.45
S2019,4,4.24,4.01
S2019,5,3.82,4.07
S2019,6,3.63,4.38
S2020,1,3.78,4.3
S2020,2,3.6,3.56
S2020,3,3.44,4.21
S2020,4,3.58,4.66
S2020,5,3.76,4.33
S2020,6,3.81,4.24
S2021,1,4.42,3.91
S2021,2,4.47,4.44
S2021,3,4.63,3.88
S2021,4,4.87,4.09
S2021,5,4.6,3.99
S2021,6,4.23,3.83
S2022,1,4.34,4.95
S2022,2,4.36,4.09
S2022,3,4.45,4.74
S2022,4,4.37,4.99
S2022,5,4.42,4.13
S2022,6,,4.91
S2023,1,4.52,4.01
S2023,2,4.42,4.29
S2023,3,3.92,4.32
S2023,4,3.95,3.64
S2023,5,4.16,3.91
S2023,6,3.96,4.19
S2024,1,4.26,4.05
S2024,2,3.92,4.07
S2024,3,3.52,4.21
S2024,4,3.96,3.83
S2024,5,3.76,4.22
S2024,6,3.46,3.95
S2025,1,3.62,3.95
S2025,2,,3.57
S2025,3,4.07,3.97
S2025,4,3.97,4.19
S2025,5,4.69,4.61
S2025,6,4.63,4.34
S2026,1,3.54,4.34
S2026,2,3.27,4.09
S2026,3,3.25,4.3
S2026,4,3.27,3.9
S2026,5,3.94,4.6
S2026,6,3.41,3.83
S2027,1,3.99,4.11
S2027,2,4.48,4.09
S2027,3,3.48,4.35
S2027,4,4.45,3.64
S2027,5,3.73,4.45
S2027,6,3.68,4.42
S2028,1,3.5,4.01
S2028,2,3.66,4.78
S2028,3,3.34,4.43
S2028,4,3.32,4.5
S2028,5,2.91,4.35
S2028,6,3.69,5.0
S2029,1,3.5,4.27
S2029,2,4.37,3.54
S2029,3,3.77,4.1
S2029,4,4.14,3.86
S2029,5,4.01,3.87
S2029,6,,3.64
S2030,1,3.72,4.97
S2030,2,3.16,5.0
S2030,3,3.77,4.95
S2030,4,3.64,5.0
S2030,5,3.82,4.86
S2030,6,3.66,4.9
S2031,1,3.78,4.5
S2031,2,3.47,4.21
S2031,3,3.0,4.17
S2031,4,3.69,4.18
S2031,5,3.99,4.53
S2031,6,3.62,4.62
S2032,1,4.4,4.42
S2032,2,4.18,4.2
S2032,3,4.6,4.29
S2032,4,4.18,4.45
S2032,5,4.61,4.03
S2032,6,4.33,4.54
S2033,1,5.0,4.56
S2033,2,4.46,4.32
S2033,3,4.42,4.63
S2033,4,5.0,4.33
S2033,5,4.54,4.83
S2033,6,,4.83
S2034,1,4.05,4.48
S2034,2,4.29,4.46
S2034,3,3.34,4.93
S2034,4,3.85,4.2
S2034,5,4.13,4.18
S2034,6,3.83,4.46
S2035,1,3.74,4.54
S2035,2,3.72,3.82
S2035,3,4.23,3.97
S2035,4,,4.25
S2035,5,4.23,4.34
S2035,6,4.1,3.76
S2036,1,4.18,4.56
S2036,2,3.71,3.95
S2036,3,3.64,3.84
S2036,4,,4.36
S2036,5,3.8,4.53
S2036,6,3.59,4.47
S2037,1,3.07,4.53
S2037,2,3.68,4.14
S2037,3,2.99,4.73
S2037,4,3.34,5.0
S2037,5,3.91,4.1
S2037,6,3.39,4.5
S2038,1,4.41,3.99
S2038,2,4.85,3.75
S2038,3,4.17,3.47
S2038,4,4.28,4.18
S2038,5,4.51,3.95
S2038,6,4.66,3.69
S2040,1,5.0,4.75
S2040,2,4.6,4.29
S2040,3,4.7,4.39
S2040,4,4.75,4.37
S2040,5,4.22,3.77
S2040,6,4.77,4.92
S2042,1,3.87,3.79
S2042,2,3.68,3.68
S2042,3,4.34,4.07
S2042,4,3.9,4.36
S2042,5,,3.96
S2042,6,4.81,4.29
S2043,1,4.76,3.97
S2043,2,4.65,4.53
S2043,3,4.1,3.96
S2043,4,5.0,4.11
S2043,5,4.57,4.36
S2043,6,4.76,3.84
S2044,1,4.14,3.94
S2044,2,2.8,3.15
S2044,3,3.43,3.64
S2044,4,3.07,3.75
S2044,5,3.41,3.95
S2044,6,3.41,4.27
S2045,1,3.57,3.38
S2045,2,3.42,3.51
S2045,3,3.56,4.56
S2045,4,3.55,3.51
S2045,5,3.25,4.27
S2045,6,3.39,4.04
S2046,1,3.99,4.48
S2046,2,4.42,4.56
S2046,3,4.39,4.88
S2046,4,4.28,4.35
S2046,5,4.29,4.84
S2046,6,3.72,4.57
S2047,1,4.26,3.7
S2047,2,4.04,3.53
S2047,3,3.2,3.56
S2047,4,3.9,3.52
S2047,5,3.91,3.62
S2047,6,4.2,3.84
S2048,1,4.78,4.21
S2048,2,4.93,3.72
S2048,3,4.55,3.59
S2048,4,4.06,3.76
S2048,5,4.19,3.85
S2048,6,4.48,3.34
S2049,1,4.3,4.16
S2049,2,4.17,4.08
S2049,3,,3.78
S2049,4,4.65,3.7
S2049,5,4.37,3.66
S2049,6,4.49,3.98
S2050,1,,4.34
S2050,2,3.69,4.52
S2050,3,4.01,4.01
S2050,4,3.9,3.84
S2050,5,3.65,3.94
S2050,6,3.94,4.2
S2051,1,4.83,4.47
S2051,2,4.79,4.59
S2051,3,4.48,4.45
S2051,4,4.18,3.86
S2051,5,4.74,4.46
S2051,6,4.68,4.44
S2052,1,3.71,3.7
S2052,2,3.36,4.47
S2052,3,3.95,3.34
S2052,4,3.21,3.88
S2052,5,3.55,3.82
S2052,6,4.13,3.88
S2053,1,4.2,4.42
S2053,2,3.89,4.19
S2053,3,4.25,4.73
S2053,4,4.0,4.47
S2053,5,3.72,4.81
S2053,6,4.18,4.34
S2054,1,3.99,3.97
S2054,2,4.34,3.95
S2054,3,3.87,3.77
S2054,4,4.49,3.24
S2054,5,3.89,3.3
S2054,6,4.26,3.48
S2055,1,3.69,4.53
S2055,2,4.08,4.31
S2055,3,3.94,3.92
S2055,4,4.16,4.11
S2055,5,3.54,4.2
S2055,6,3.5,3.96
S2056,1,4.24,4.69
S2056,2,,4.19
S2056,3,4.53,4.5
S2056,4,3.5,4.38
S2056,5,4.0,4.86
S2056,6,3.82,4.71
S2057,1,3.26,4.45
S2057,2,3.89,4.9
S2057,3,3.59,4.81
S2057,4,4.1,4.23
S2057,5,3.57,4.29
S2057,6,3.72,4.68
S2058,1,4.56,4.28
S2058,2,4.32,3.88
S2058,3,3.96,3.92
S2058,4,4.75,4.15
S2058,5,4.29,3.52
S2058,6,4.35,3.56
S2059,1,3.95,4.58
S2059,2,4.39,4.34
S2059,3,4.05,4.65
S2059,4,3.78,4.57
S2059,5,3.78,4.56
S2059,6,4.53,4.85
S2060,1,4.27,4.11
S2060,2,3.87,4.25
S2060,3,4.01,3.97
S2060,4,3.84,4.52
S2060,5,3.39,4.4
S2060,6,3.61,4.51
S2061,1,3.93,4.68
S2061,2,,4.32
S2061,3,4.0,5.0
S2061,4,3.57,4.55
S2061,5,3.77,4.91
S2061,6,3.77,4.97
S2062,1,4.29,4.08
S2062,2,3.37,4.44
S2062,3,4.63,4.3
S2062,4,4.13,4.18
S2062,5,4.0,3.77
S2062,6,4.36,4.15
S2063,1,3.18,3.9
S2063,2,3.19,4.66
S2063,3,3.16,3.98
S2063,4,3.17,4.36
S2063,5,,4.23
S2063,6,2.93,4.92
S2064,1,3.48,4.74
S2064,2,3.8,4.92
S2064,3,3.83,4.76
S2064,4,3.92,4.93
S2064,5,3.97,4.45
S2064,6,4.45,5.0
S2065,1,2.44,4.06
S2065,2,2.92,4.07
S2065,3,2.61,4.02
S2065,4,3.52,3.97
S2065,5,3.24,5.0
S2065,6,3.0,4.74
S2066,1,3.11,4.32
S2066,2,3.41,4.64
S2066,3,2.7,4.56
S2066,4,3.44,4.44
S2066,5,3.0,4.42
S2066,6,2.77,4.22
S2067,1,3.5,4.46
S2067,2,3.7,3.91
S2067,3,3.42,4.39
S2067,4,3.43,3.72
S2067,5,3.46,4.28
S2067,6,4.29,3.96
S2068,1,4.22,4.37
S2068,2,4.38,3.87
S2068,3,4.26,4.04
S2068,4,,4.37
S2068,5,4.57,3.7
S2068,6,4.47,4.66
S2069,1,3.32,3.82
S2069,2,3.96,4.18
S2069,3,3.42,4.11
S2069,4,3.8,4.17
S2069,5,4.23,4.18
S2069,6,3.68,3.87
S2070,1,3.46,3.55
S2070,2,3.5,3.58
S2070,3,3.36,4.21
S2070,4,3.48,4.38
S2070,5,3.47,3.49
S2070,6,3.54,3.73
S2071,1,3.96,5.0
S2071,2,4.37,4.35
S2071,3,4.18,4.69
S2071,4,3.85,4.54
S2071,5,4.46,3.86
S2071,6,4.36,5.0
S2072,1,3.74,4.15
S2072,2,4.6,4.38
S2072,3,5.0,3.9
S2072,4,4.15,4.54
S2072,5,4.37,4.32
S2072,6,4.61,4.12
S2073,1,4.14,4.59
S2073,2,3.82,4.17
S2073,3,3.38,4.66
S2073,4,3.87,4.52
S2073,5,4.16,4.82
S2073,6,3.79,4.51
S2074,1,4.72,4.43
S2074,2,4.44,3.96
S2074,3,4.13,4.37
S2074,4,4.4,3.93
S2074,5,4.66,4.17
S2074,6,4.27,4.0
S2075,1,4.53,4.28
S2075,2,4.17,4.21
S2075,3,4.23,3.68
S2075,4,3.95,3.96
S2075,5,4.13,4.19
S2075,6,3.88,4.39
S2076,1,3.74,5.0
S2076,2,4.02,4.22
S2076,3,3.85,4.21
S2076,4,3.86,4.29
S2076,5,4.23,4.32
S2076,6,3.53,4.09
S2077,1,4.19,3.55
S2077,2,3.89,4.05
S2077,3,3.78,3.86
S2077,4,3.73,4.33
S2077,5,3.79,3.52
S2077,6,4.02,3.64
S2078,1,2.79,3.51
S2078,2,2.91,4.18
S2078,3,2.32,3.76
S2078,4,3.34,3.41
S2078,5,3.59,3.59
S2078,6,3.41,3.49
S2079,1,3.5,4.35
S2079,2,3.6,5.0
S2079,3,3.28,4.45
S2079,4,3.73,4.55
S2079,5,3.84,4.6
S2079,6,3.81,3.8
S2080,1,3.38,3.93
S2080,2,4.07,4.26
S2080,3,3.34,3.84
S2080,4,3.5,4.23
S2080,5,3.86,4.2
S2080,6,3.61,4.52
S2082,1,4.03,3.7
S2082,2,,4.08
S2082,3,4.06,3.96
S2082,4,4.43,3.84
S2082,5,4.16,4.31
S2082,6,4.34,3.79
S2083,1,4.1,4.3
S2083,2,4.39,4.8
S2083,3,4.31,4.42
S2083,4,4.58,3.91
S2083,5,4.8,4.69
S2083,6,3.93,4.28
S2084,1,4.53,3.74
S2084,2,4.87,3.97
S2084,3,,3.57
S2084,4,4.45,4.29
S2084,5,4.57,4.46
S2084,6,4.75,3.9
S2085,1,3.79,4.62
S2085,2,3.28,4.61
S2085,3,3.34,3.74
S2085,4,3.79,4.42
S2085,5,3.6,3.87
S2085,6,3.34,3.83
S2086,1,4.13,4.34
S2086,2,4.02,4.61
S2086,3,4.22,5.0
S2086,4,3.99,4.53
S2086,5,4.48,5.0
S2086,6,4.47,4.63
S2087,1,3.58,5.0
S2087,2,3.94,4.89
S2087,3,3.72,4.58
S2087,4,3.86,4.36
S2087,5,3.64,4.53
S2087,6,3.74,4.58
S2088,1,3.9,5.0
S2088,2,3.77,5.0
S2088,3,4.09,5.0
S2088,4,4.2,4.31
S2088,5,3.45,4.11
S2088,6,3.94,4.45
S2090,1,4.43,4.01
S2090,2,4.56,3.7
S2090,3,4.34,3.96
S2090,4,4.45,3.97
S2090,5,4.42,4.14
S2090,6,5.0,3.22
S2091,1,3.06,4.78
S2091,2,3.43,4.07
S2091,3,3.24,4.3
S2091,4,2.81,4.67
S2091,5,3.19,4.09
S2091,6,3.32,4.6
S2093,1,4.32,4.0
S2093,2,3.97,4.53
S2093,3,4.53,4.14
S2093,4,3.83,4.2
S2093,5,5.0,3.89
S2093,6,,4.04
S2094,1,4.07,3.98
S2094,2,4.16,4.55
S2094,3,4.42,4.08
S2094,4,4.1,3.94
S2094,5,4.03,4.37
S2094,6,4.23,3.91
S2095,1,4.67,4.21
S2095,2,4.77,3.18
S2095,3,4.8,3.51
S2095,4,3.78,3.99
S2095,5,3.78,3.44
S2095,6,4.58,3.54
S2096,1,4.25,3.43
S2096,2,4.69,3.93
S2096,3,5.0,4.09
S2096,4,4.4,4.11
S2096,5,4.56,3.09
S2096,6,4.53,3.26
S2097,1,4.25,4.57
S2097,2,4.09,5.0
S2097,3,4.23,4.09
S2097,4,3.78,4.79
S2097,5,4.62,4.29
S2097,6,4.21,4.71
S2098,1,3.42,4.75
S2098,2,2.91,4.12
S2098,3,3.11,4.37
S2098,4,3.24,4.22
S2098,5,2.96,3.67
S2098,6,3.78,4.09
S2099,1,4.62,4.44
S2099,2,4.2,4.66
S2099,3,5.0,4.15
S2099,4,4.69,4.75
S2099,5,4.49,4.47
S2099,6,4.27,4.65
S2100,1,3.06,3.92
S2100,2,3.24,4.1
S2100,3,3.41,4.14
S2100,4,3.29,3.61
S2100,5,,4.14
S2100,6,2.82,4.34
S2101,1,3.68,4.6
S2101,2,4.18,4.52
S2101,3,4.31,4.54
S2101,4,4.38,4.89
S2101,5,4.35,4.07
S2101,6,4.36,4.12
S2102,1,4.67,4.11
S2102,2,4.39,4.35
S2102,3,4.48,3.84
S2102,4,4.15,4.61
S2102,5,4.61,4.64
S2102,6,3.99,4.49
S2103,1,3.93,4.1
S2103,2,3.78,4.15
S2103,3,3.6,3.79
S2103,4,3.36,4.05
S2103,5,3.89,3.82
S2103,6,3.81,4.04
S2104,1,3.89,4.7
S2104,2,3.33,5.0
S2104,3,3.59,4.63
S2104,4,3.51,4.61
S2104,5,3.96,4.63
S2104,6,3.22,4.75
S2105,1,3.87,3.93
S2105,2,3.06,4.59
S2105,3,3.6,3.7
S2105,4,3.35,3.62
S2105,5,3.5,4.01
S2105,6,3.48,4.08
S2106,1,3.83,4.14
S2106,2,3.64,4.84
S2106,3,4.06,3.95
S2106,4,,4.51
S2106,5,3.59,4.63
S2106,6,3.37,4.68
S2107,1,4.36,3.52
S2107,2,4.4,3.17
S2107,3,4.44,3.31
S2107,4,4.53,3.73
S2107,5,4.52,3.22
S2107,6,4.89,3.84
S2108,1,4.06,3.98
S2108,2,4.1,4.41
S2108,3,3.97,4.0
S2108,4,3.65,3.9
S2108,5,4.21,4.21
S2108,6,4.04,4.46
S2109,1,3.84,4.12
S2109,2,3.87,4.46
S2109,3,3.14,4.73
S2109,4,3.69,4.88
S2109,5,3.79,4.07
S2109,6,3.37,4.4
S2110,1,4.16,4.13
S2110,2,4.94,4.33
S2110,3,,3.93
S2110,4,4.14,4.88
S2110,5,4.51,4.73
S2110,6,4.27,4.99
S2111,1,4.44,4.1
S2111,2,4.12,4.25
S2111,3,4.29,4.54
S2111,4,3.56,4.48
S2111,5,3.75,4.13
S2111,6,3.97,4.29
S2112,1,,4.2
S2112,2,4.58,4.01
S2112,3,3.98,3.98
S2112,4,4.09,4.2
S2112,5,3.66,4.4
S2112,6,4.27,4.29
S2113,1,3.85,3.96
S2113,2,4.02,4.29
S2113,3,3.69,4.21
S2113,4,3.62,4.31
S2113,5,3.43,4.75
S2113,6,3.49,4.46
S2114,1,4.17,4.66
S2114,2,4.65,4.97
S2114,3,4.58,5.0
S2114,4,4.84,4.2
S2114,5,4.49,4.27
S2114,6,4.49,4.63
S2115,1,4.46,4.32
S2115,2,5.0,4.28
S2115,3,4.84,4.12
S2115,4,4.42,4.59
S2115,5,,4.63
S2115,6,4.07,4.08
S2116,1,4.03,4.14
S2116,2,3.8,3.62
S2116,3,4.33,3.9
S2116,4,4.37,4.16
S2116,5,4.41,4.14
S2116,6,4.4,4.01
S2117,1,3.77,4.83
S2117,2,4.08,4.11
S2117,3,3.98,4.24
S2117,4,3.76,4.4
S2117,5,4.0,4.37
S2117,6,3.92,4.21
S2118,1,4.32,4.42
S2118,2,4.16,4.85
S2118,3,4.02,4.86
S2118,4,4.19,4.59
S2118,5,4.13,4.7
S2118,6,,4.21
S2119,1,4.15,4.49
S2119,2,4.67,4.74
S2119,3,4.46,4.55
S2119,4,4.48,4.94
S2119,5,3.88,4.36
S2119,6,,4.42
S2120,1,4.37,4.44
S2120,2,3.83,4.69
S2120,3,4.05,4.47
S2120,4,4.94,4.77
S2120,5,4.14,4.51
S2120,6,4.23,4.44
S2121,1,4.12,4.63
S2121,2,3.99,5.0
S2121,3,4.4,4.22
S2121,4,4.4,5.0
S2121,5,4.45,4.44
S2121,6,4.46,5.0
S2122,1,3.74,4.32
S2122,2,3.98,3.96
S2122,3,4.14,3.82
S2122,4,4.21,4.84
S2122,5,4.03,4.35
S2122,6,3.61,4.86
S2123,1,3.36,3.96
S2123,2,3.22,4.25
S2123,3,3.19,4.54
S2123,4,3.26,3.73
S2123,5,3.34,3.93
S2123,6,4.14,3.78
S2124,1,3.41,4.36
S2124,2,3.54,4.56
S2124,3,3.13,4.52
S2124,4,2.81,4.6
S2124,5,2.92,4.15
S2124,6,3.24,4.25
S2125,1,3.78,4.6
S2125,2,3.86,4.66
S2125,3,3.77,4.27
S2125,4,3.8,4.7
S2125,5,4.0,4.52
S2125,6,4.52,4.9
S2126,1,2.83,4.47
S2126,2,3.05,4.51
S2126,3,2.93,4.39
S2126,4,3.2,4.58
S2126,5,2.81,4.09
S2126,6,,3.86
S2127,1,4.18,4.44
S2127,2,4.62,4.73
S2127,3,4.49,4.01
S2127,4,4.27,4.26
S2127,5,4.55,4.78
S2127,6,4.32,4.3
S2128,1,3.75,4.31
S2128,2,3.74,5.0
S2128,3,4.18,4.67
S2128,4,4.22,4.76
S2128,5,3.82,4.47
S2128,6,3.4,4.19
S2130,1,4.59,4.41
S2130,2,4.37,4.14
S2130,3,4.49,4.74
S2130,4,4.13,3.75
S2130,5,4.63,4.29
S2130,6,4.83,4.67
S2132,1,2.83,4.47
S2132,2,3.61,4.18
S2132,3,3.99,5.0
S2132,4,3.78,4.51
S2132,5,3.24,4.62
S2132,6,3.34,4.27
S2133,1,4.02,4.22
S2133,2,2.84,4.34
S2133,3,3.91,3.59
S2133,4,3.41,4.35
S2133,5,3.37,4.45
S2133,6,,4.73
S2134,1,3.38,4.07
S2134,2,3.93,4.28
S2134,3,4.23,4.12
S2134,4,3.6,4.37
S2134,5,3.58,4.24
S2134,6,3.65,4.19
S2135,1,3.04,4.56
S2135,2,,4.11
S2135,3,3.43,3.94
S2135,4,3.79,4.44
S2135,5,3.46,4.56
S2135,6,3.46,4.45
S2136,1,3.23,4.58
S2136,2,2.97,4.01
S2136,3,3.7,4.7
S2136,4,3.09,4.75
S2136,5,3.4,4.55
S2136,6,3.71,4.95
S2137,1,3.81,3.99
S2137,2,3.1,3.55
S2137,3,3.23,4.22
S2137,4,3.43,3.94
S2137,5,3.35,3.87
S2137,6,3.43,4.42
S2138,1,3.85,4.34
S2138,2,4.84,4.29
S2138,3,4.44,4.55
S2138,4,4.33,4.28
S2138,5,4.06,4.89
S2138,6,4.24,4.99
S2139,1,,3.87
S2139,2,4.78,4.29
S2139,3,4.57,3.45
S2139,4,4.45,4.26
S2139,5,4.74,3.93
S2139,6,4.69,4.14
S2140,1,4.43,3.73
S2140,2,4.15,3.74
S2140,3,4.09,4.17
S2140,4,3.47,3.94
S2140,5,,4.23
S2140,6,,3.6
S2141,1,3.43,3.38
S2141,2,3.44,3.94
S2141,3,3.8,3.97
S2141,4,3.54,3.89
S2141,5,3.3,4.36
S2141,6,3.71,3.68
S2142,1,4.77,4.01
S2142,2,4.82,3.56
S2142,3,4.84,3.42
S2142,4,5.0,3.71
S2142,5,4.76,3.91
S2142,6,4.39,3.56
S2143,1,3.66,4.6
S2143,2,3.51,4.58
S2143,3,3.57,4.0
S2143,4,4.07,3.77
S2143,5,3.5,4.78
S2143,6,3.41,3.77
S2144,1,4.36,4.71
S2144,2,3.68,4.03
S2144,3,3.69,4.15
S2144,4,3.88,4.37
S2144,5,3.54,4.38
S2144,6,4.23,4.06
S2145,1,2.61,4.64
S2145,2,3.05,5.0
S2145,3,3.09,4.24
S2145,4,,4.92
S2145,5,3.21,4.93
S2145,6,3.24,4.53
S2146,1,4.02,4.35
S2146,2,3.74,4.46
S2146,3,3.71,4.25
S2146,4,3.89,4.48
S2146,5,3.59,4.42
S2146,6,3.79,4.37
S2147,1,2.32,4.65
S2147,2,2.86,4.71
S2147,3,3.45,4.53
S2147,4,3.09,4.08
S2147,5,2.92,4.93
S2147,6,2.59,4.94
S2148,1,4.76,4.38
S2148,2,4.56,4.47
S2148,3,4.68,4.84
S2148,4,4.48,4.45
S2148,5,4.71,4.43
S2148,6,4.73,4.35
S2149,1,3.99,3.94
S2149,2,4.85,3.67
S2149,3,4.34,3.91
S2149,4,4.25,3.81
S2149,5,4.51,3.43
S2149,6,5.0,3.65
S2150,1,3.73,4.45
S2150,2,3.86,4.13
S2150,3,3.87,5.0
S2150,4,3.77,4.67
S2150,5,3.97,4.56
S2150,6,4.17,4.45
S2151,1,4.47,4.36
S2151,2,4.45,4.52
S2151,3,4.1,4.48
S2151,4,4.73,4.74
S2151,5,4.51,5.0
S2151,6,4.41,4.43
S2152,1,4.68,4.92
S2152,2,4.38,4.33
S2152,3,4.63,4.11
S2152,4,3.67,4.63
S2152,5,4.31,3.78
S2152,6,4.69,4.51
S2153,1,3.34,3.91
S2153,2,3.98,3.75
S2153,3,2.97,3.96
S2153,4,3.81,4.05
S2153,5,3.74,3.4
S2153,6,3.57,3.1
S2154,1,,4.34
S2154,2,3.32,4.26
S2154,3,3.24,4.67
S2154,4,3.15,4.27
S2154,5,3.12,5.0
S2154,6,3.8,4.02
S2155,1,3.8,3.48
S2155,2,3.5,3.54
S2155,3,4.3,3.77
S2155,4,3.53,3.8
S2155,5,,4.08
S2155,6,3.91,3.59
S2156,1,4.26,4.4
S2156,2,4.56,4.11
S2156,3,4.58,4.02
S2156,4,4.15,5.0
S2156,5,4.63,4.35
S2156,6,4.16,4.53
S2157,1,2.69,4.57
S2157,2,2.55,4.54
S2157,3,2.7,4.2
S2157,4,3.18,4.09
S2157,5,2.46,4.73
S2157,6,,4.82
S2158,1,4.09,3.89
S2158,2,3.75,4.25
S2158,3,4.19,3.92
S2158,4,4.01,4.4
S2158,5,3.67,4.13
S2158,6,4.11,4.32
S2159,1,4.3,4.84
S2159,2,4.11,4.44
S2159,3,4.02,4.75
S2159,4,3.83,4.82
S2159,5,4.26,4.66
S2159,6,3.74,5.0
S2160,1,4.08,4.22
S2160,2,3.75,4.83
S2160,3,3.79,4.18
S2160,4,3.69,4.28
S2160,5,3.68,4.09
S2160,6,4.2,4.29
S2161,1,4.08,4.14
S2161,2,4.16,4.75
S2161,3,4.55,4.45
S2161,4,3.62,4.88
S2161,5,4.14,5.0
S2161,6,4.07,4.95
S2162,1,3.42,4.63
S2162,2,4.41,4.52
S2162,3,,3.91
S2162,4,4.24,4.11
S2162,5,4.6,4.33
S2162,6,4.19,4.29
S2163,1,4.22,3.9
S2163,2,4.59,4.8
S2163,3,4.63,4.06
S2163,4,4.55,3.97
S2163,5,4.98,4.23
S2163,6,,4.22
S2164,1,3.79,4.14
S2164,2,3.87,4.34
S2164,3,3.62,4.42
S2164,4,3.86,4.65
S2164,5,3.6,4.09
S2164,6,3.75,4.49
S2165,1,3.88,5.0
S2165,2,3.99,3.91
S2165,3,3.96,4.17
S2165,4,3.94,4.35
S2165,5,3.48,4.62
S2165,6,3.28,4.54
S2166,1,4.57,4.27
S2166,2,4.69,4.38
S2166,3,3.6,4.26
S2166,4,4.23,4.33
S2166,5,4.82,4.44
S2166,6,4.71,3.87
S2167,1,3.57,3.81
S2167,2,3.31,4.44
S2167,3,4.23,4.52
S2167,4,3.56,3.79
S2167,5,3.62,5.0
S2167,6,3.66,4.63
S2168,1,3.92,3.87
S2168,2,3.96,4.1
S2168,3,3.96,4.08
S2168,4,4.07,3.71
S2168,5,3.76,4.24
S2168,6,4.58,4.08
S2169,1,4.08,4.47
S2169,2,3.39,4.17
S2169,3,3.75,4.3
S2169,4,3.3,4.04
S2169,5,3.3,4.08
S2169,6,3.97,3.95
S2170,1,3.96,4.83
S2170,2,3.81,4.86
S2170,3,3.08,4.61
S2170,4,3.53,4.95
S2170,5,3.6,4.67
S2170,6,3.74,4.87
S2171,1,4.37,3.82
S2171,2,4.54,4.42
S2171,3,4.46,3.98
S2171,4,4.39,4.29
S2171,5,4.25,4.06
S2171,6,4.68,4.22
S2172,1,4.11,4.17
S2172,2,3.54,3.94
S2172,3,3.77,4.52
S2172,4,3.69,4.29
S2172,5,3.8,3.76
S2172,6,3.59,4.05
S2173,1,3.86,4.01
S2173,2,4.16,3.98
S2173,3,4.34,3.88
S2173,4,4.06,3.89
S2173,5,4.19,4.54
S2173,6,3.95,3.93
S2174,1,4.0,4.23
S2174,2,3.56,4.2
S2174,3,4.15,4.36
S2174,4,3.43,4.56
S2174,5,3.7,4.61
S2174,6,4.02,4.62
S2175,1,4.25,4.61
S2175,2,4.43,3.97
S2175,3,4.64,4.26
S2175,4,4.39,4.18
S2175,5,4.44,4.46
S2175,6,,4.62
S2176,1,3.6,4.21
S2176,2,3.43,3.94
S2176,3,3.56,4.18
S2176,4,3.63,4.34
S2176,5,3.13,4.11
S2176,6,3.61,3.51
S2177,1,4.67,4.88
S2177,2,3.77,4.29
S2177,3,3.72,3.96
S2177,4,3.62,4.55
S2177,5,4.1,4.47
S2177,6,3.77,4.23
S2178,1,3.99,3.83
S2178,2,4.05,4.3
S2178,3,4.3,4.08
S2178,4,,3.82
S2178,5,4.16,4.21
S2178,6,3.71,3.68
S2179,1,4.44,4.02
S2179,2,3.78,3.83
S2179,3,4.48,3.75
S2179,4,4.16,3.55
S2179,5,4.09,4.08
S2179,6,4.23,3.7
S2180,1,4.91,4.54
S2180,2,4.87,4.25
S2180,3,4.65,4.38
S2180,4,5.0,4.18
S2180,5,4.95,4.71
S2180,6,4.71,4.44
S2181,1,3.67,4.53
S2181,2,3.71,4.61
S2181,3,3.67,4.75
S2181,4,3.81,4.34
S2181,5,3.8,4.61
S2181,6,3.57,4.52
S2182,1,3.69,3.53
S2182,2,4.09,3.81
S2182,3,3.77,4.22
S2182,4,3.38,4.07
S2182,5,3.37,3.52
S2182,6,3.53,4.01
S2183,1,4.06,4.07
S2183,2,4.62,4.44
S2183,3,4.51,3.9
S2183,4,4.39,3.8
S2183,5,3.76,3.88
S2183,6,4.52,4.6
S2184,1,4.19,4.46
S2184,2,3.78,4.9
S2184,3,3.63,4.37
S2184,4,4.05,5.0
S2184,5,4.14,4.98
S2184,6,3.78,5.0
S2185,1,4.17,3.87
S2185,2,4.03,4.2
S2185,3,4.06,3.73
S2185,4,4.12,3.62
S2185,5,3.37,3.79
S2185,6,4.02,4.07
S2186,1,4.57,4.36
S2186,2,4.59,4.72
S2186,3,4.44,4.36
S2186,4,4.91,4.67
S2186,5,4.48,4.27
S2186,6,4.41,3.77
S2187,1,3.27,4.37
S2187,2,2.19,4.15
S2187,3,3.32,4.92
S2187,4,,4.18
S2187,5,3.14,4.22
S2187,6,2.56,4.0
S2188,1,3.36,3.17
S2188,2,3.85,3.74
S2188,3,3.92,3.21
S2188,4,3.99,3.79
S2188,5,,3.35
S2188,6,3.52,3.97
S2189,1,4.3,4.1
S2189,2,4.29,4.19
S2189,3,3.99,4.1
S2189,4,4.48,4.01
S2189,5,4.66,3.44
S2189,6,4.74,4.57
S2190,1,4.42,3.97
S2190,2,4.31,4.1
S2190,3,4.28,4.17
S2190,4,4.31,4.27
S2190,5,4.31,3.99
S2190,6,4.61,4.06
S2191,1,4.05,3.89
S2191,2,3.29,4.21
S2191,3,3.39,4.59
S2191,4,3.69,4.13
S2191,5,3.88,3.76
S2191,6,3.86,4.49
S2193,1,4.01,4.96
S2193,2,4.46,4.55
S2193,3,3.88,4.56
S2193,4,3.98,4.87
S2193,5,3.64,4.85
S2193,6,3.86,3.94
S2194,1,3.28,4.24
S2194,2,3.49,4.74
S2194,3,2.91,4.09
S2194,4,3.1,4.37
S2194,5,2.89,4.51
S2194,6,3.3,3.93
S2195,1,4.17,4.46
S2195,2,4.3,4.62
S2195,3,3.76,4.16
S2195,4,3.77,4.44
S2195,5,3.8,4.53
S2195,6,4.06,4.5
S2196,1,3.61,4.65
S2196,2,4.32,5.0
S2196,3,3.66,4.25
S2196,4,3.67,4.41
S2196,5,3.6,4.37
S2196,6,3.67,4.38
S2198,1,4.18,4.04
S2198,2,4.58,4.7
S2198,3,4.74,4.32
S2198,4,4.66,3.96
S2198,5,4.9,3.87
S2198,6,4.36,4.09
S2199,1,3.48,4.44
S2199,2,3.59,4.51
S2199,3,3.55,4.83
S2199,4,3.75,4.84
S2199,5,3.37,4.36
S2199,6,3.65,4.52
S2200,1,4.04,4.02
S2200,2,4.47,4.75
S2200,3,3.82,3.99
S2200,4,4.08,3.89
S2200,5,4.08,4.12
S2200,6,3.41,4.02
S2201,1,4.95,4.6
S2201,2,4.47,4.76
S2201,3,4.41,4.69
S2201,4,4.4,4.64
S2201,5,4.72,4.75
S2201,6,4.51,4.51
S2202,1,3.59,4.39
S2202,2,3.97,4.57
S2202,3,4.33,4.35
S2202,4,3.7,4.71
S2202,5,4.59,4.29
S2202,6,3.62,3.93
S2203,1,3.17,3.14
S2203,2,3.48,4.28
S2203,3,3.7,3.26
S2203,4,2.69,3.68
S2203,5,3.34,3.96
S2203,6,3.73,3.86
S2204,1,3.99,3.98
S2204,2,4.21,3.52
S2204,3,3.87,4.38
S2204,4,4.1,4.42
S2204,5,3.85,3.92
S2204,6,3.85,4.22
S2205,1,2.67,4.55
S2205,2,3.26,4.07
S2205,3,3.4,3.72
S2205,4,3.53,4.13
S2205,5,3.26,3.58
S2205,6,4.05,3.79
S2206,1,4.21,3.14
S2206,2,,3.56
S2206,3,4.05,3.64
S2206,4,3.85,3.82
S2206,5,3.87,3.88
S2206,6,3.29,3.72
S2207,1,4.37,5.0
S2207,2,3.79,4.88
S2207,3,3.92,4.6
S2207,4,4.3,4.6
S2207,5,4.27,4.83
S2207,6,4.1,4.94
S2208,1,4.53,3.5
S2208,2,4.49,3.83
S2208,3,4.65,3.75
S2208,4,4.92,3.87
S2208,5,4.36,3.77
S2208,6,4.6,3.3
S2209,1,2.82,4.0
S2209,2,3.38,4.13
S2209,3,2.79,4.11
S2209,4,3.63,3.81
S2209,5,3.53,3.66
S2209,6,3.18,4.12
S2210,1,4.8,3.21
S2210,2,5.0,2.98
S2210,3,4.56,3.33
S2210,4,5.0,2.77
S2210,5,4.45,3.61
S2210,6,4.68,3.26
S2211,1,3.92,4.97
S2211,2,4.01,4.81
S2211,3,4.27,4.59
S2211,4,4.11,5.0
S2211,5,3.65,4.37
S2211,6,4.14,4.73
S2213,1,4.17,3.6
S2213,2,4.55,4.21
S2213,3,4.17,3.95
S2213,4,4.06,4.62
S2213,5,4.31,3.83
S2213,6,4.2,4.43
S2214,1,3.85,4.34
S2214,2,4.27,4.34
S2214,3,3.7,4.38
S2214,4,4.28,4.49
S2214,5,3.9,4.66
S2214,6,3.74,3.9
S2215,1,3.39,4.32
S2215,2,,4.82
S2215,3,3.64,4.45
S2215,4,3.74,4.6
S2215,5,3.33,4.86
S2215,6,3.63,5.0
S2216,1,4.92,4.51
S2216,2,4.4,4.8
S2216,3,4.34,4.55
S2216,4,4.39,4.48
S2216,5,4.73,4.84
S2216,6,4.04,4.28
S2217,1,3.54,4.42
S2217,2,2.82,4.27
S2217,3,3.09,4.84
S2217,4,3.11,4.26
S2217,5,3.33,4.73
S2217,6,3.15,4.18
S2219,1,3.78,3.75
S2219,2,4.45,4.14
S2219,3,4.27,4.5
S2219,4,4.42,4.19
S2219,5,4.11,4.13
S2219,6,4.55,4.18
S2220,1,3.3,4.16
S2220,2,3.13,3.82
S2220,3,3.11,3.64
S2220,4,3.58,3.67
S2220,5,,4.23
S2220,6,3.32,4.14
S2221,1,3.41,4.6
S2221,2,2.97,3.86
S2221,3,3.65,4.59
S2221,4,3.06,3.94
S2221,5,3.29,3.52
S2221,6,3.54,4.0
S2222,1,2.93,4.93
S2222,2,2.85,4.25
S2222,3,3.46,4.04
S2222,4,2.91,4.69
S2222,5,2.54,4.16
S2222,6,2.87,4.04
S2223,1,3.79,4.25
S2223,2,3.84,4.3
S2223,3,4.0,4.62
S2223,4,4.09,4.08
S2223,5,4.38,4.61
S2223,6,3.97,4.08
S2224,1,4.26,3.59
S2224,2,4.05,3.94
S2224,3,4.7,3.73
S2224,4,3.98,4.29
S2224,5,3.91,4.32
S2224,6,4.11,4.35
S2225,1,4.47,4.13
S2225,2,3.97,4.61
S2225,3,4.22,4.52
S2225,4,4.09,4.52
S2225,5,3.98,4.22
S2225,6,4.24,4.72
S2226,1,4.12,4.48
S2226,2,3.82,4.78
S2226,3,,4.8
S2226,4,4.13,4.94
S2226,5,4.34,4.75
S2226,6,3.94,4.77
S2227,1,3.29,4.03
S2227,2,3.55,4.15
S2227,3,3.75,3.97
S2227,4,,4.42
S2227,5,3.76,3.98
S2227,6,,4.09
S2228,1,4.77,3.13
S2228,2,4.85,3.36
S2228,3,4.93,2.59
S2228,4,4.38,3.51
S2228,5,4.59,3.28
S2228,6,4.23,3.77
S2229,1,4.67,4.38
S2229,2,4.5,4.25
S2229,3,4.3,4.17
S2229,4,4.37,3.83
S2229,5,4.14,3.64
S2229,6,4.18,3.95
S2230,1,4.7,4.14
S2230,2,4.35,3.86
S2230,3,4.55,3.98
S2230,4,,3.86
S2230,5,4.48,4.26
S2230,6,4.29,3.97
S2231,1,4.43,4.02
S2231,2,4.36,3.35
S2231,3,4.21,3.91
S2231,4,4.83,3.9
S2231,5,4.0,4.04
S2231,6,4.24,4.35
S2232,1,3.79,4.25
S2232,2,3.91,3.64
S2232,3,4.1,4.31
S2232,4,3.47,4.14
S2232,5,4.09,4.37
S2232,6,4.13,4.09
S2233,1,3.5,4.72
S2233,2,3.2,4.62
S2233,3,3.84,4.44
S2233,4,3.24,4.1
S2233,5,3.71,4.1
S2233,6,,3.62
S2234,1,4.21,4.27
S2234,2,4.44,4.67
S2234,3,3.58,4.1
S2234,4,4.14,4.44
S2234,5,3.76,3.97
S2234,6,4.53,4.29
S2235,1,3.33,4.23
S2235,2,3.7,4.43
S2235,3,3.31,4.79
S2235,4,3.54,4.91
S2235,5,3.93,4.77
S2235,6,3.46,4.88
S2236,1,2.8,3.85
S2236,2,3.23,3.53
S2236,3,3.24,4.1
S2236,4,2.98,3.82
S2236,5,2.64,3.75
S2236,6,3.34,4.21
S2239,1,4.11,4.16
S2239,2,4.25,4.21
S2239,3,4.55,4.16
S2239,4,4.5,3.86
S2239,5,4.43,3.8
S2239,6,4.04,3.85
S2240,1,3.79,4.39
S2240,2,3.37,4.49
S2240,3,3.57,4.59
S2240,4,3.41,4.67
S2240,5,3.43,4.52
S2240,6,3.78,4.32
S2241,1,2.52,4.15
S2241,2,2.93,4.39
S2241,3,2.4,3.95
S2241,4,3.34,3.89
S2241,5,3.02,4.35
S2241,6,2.2,4.39
S2242,1,4.26,4.79
S2242,2,3.39,4.14
S2242,3,3.35,4.51
S2242,4,3.72,4.71
S2242,5,4.24,4.45
S2242,6,3.83,4.67
S2243,1,4.13,4.72
S2243,2,3.79,4.97
S2243,3,3.25,4.55
S2243,4,4.14,4.08
S2243,5,3.97,4.07
S2243,6,3.77,4.12
S2244,1,4.14,4.71
S2244,2,,4.18
S2244,3,4.5,4.09
S2244,4,4.79,3.8
S2244,5,4.85,4.16
S2244,6,4.37,4.51
S2245,1,4.25,4.57
S2245,2,4.55,4.35
S2245,3,4.59,4.0
S2245,4,4.35,4.13
S2245,5,4.19,4.01
S2245,6,4.42,4.33
S2246,1,4.26,3.8
S2246,2,3.76,4.53
S2246,3,4.07,4.76
S2246,4,3.85,4.58
S2246,5,3.8,4.9
S2246,6,4.28,5.0
S2247,1,3.07,3.82
S2247,2,3.75,3.92
S2247,3,3.06,3.7
S2247,4,3.28,3.15
S2247,5,3.48,4.19
S2247,6,3.57,3.93
S2248,1,3.47,4.63
S2248,2,3.58,4.24
S2248,3,3.53,3.89
S2248,4,,4.69
S2248,5,3.25,4.16
S2248,6,3.64,3.45
S2249,1,2.78,4.71
S2249,2,3.3,4.59
S2249,3,3.02,4.11
S2249,4,2.68,4.76
S2249,5,2.86,4.55
S2249,6,2.46,4.38
S2250,1,4.22,3.66
S2250,2,,3.64
S2250,3,4.31,3.32
S2250,4,4.22,4.34
S2250,5,3.72,3.99
S2250,6,4.15,4.16
S2251,1,4.28,4.82
S2251,2,3.84,4.49
S2251,3,4.13,4.37
S2251,4,4.32,4.53
S2251,5,4.35,3.89
S2251,6,,4.03
S2252,1,4.22,3.54
S2252,2,4.55,3.4
S2252,3,3.61,3.9
S2252,4,4.2,4.01
S2252,5,4.56,3.8
S2252,6,4.37,3.49
S2253,1,3.84,4.09
S2253,2,4.42,3.7
S2253,3,3.56,3.93
S2253,4,3.77,4.06
S2253,5,4.04,4.32
S2253,6,3.73,3.51
S2254,1,3.71,3.77
S2254,2,3.42,4.28
S2254,3,3.91,3.99
S2254,4,3.82,3.92
S2254,5,,3.74
S2254,6,3.46,3.46
S2255,1,4.21,3.88
S2255,2,4.16,3.83
S2255,3,4.7,3.85
S2255,4,4.58,4.64
S2255,5,4.41,4.42
S2255,6,4.29,3.84
S2256,1,3.21,4.08
S2256,2,3.23,4.25
S2256,3,3.54,4.41
S2256,4,3.06,3.91
S2256,5,3.31,3.77
S2256,6,3.12,3.79
S2257,1,3.69,4.35
S2257,2,4.05,4.73
S2257,3,4.01,4.03
S2257,4,3.8,4.53
S2257,5,4.04,4.06
S2257,6,4.11,3.68
S2258,1,4.81,4.04
S2258,2,4.92,3.63
S2258,3,4.88,4.03
S2258,4,4.77,4.36
S2258,5,4.74,4.23
S2258,6,4.81,4.13
S2259,1,4.67,4.74
S2259,2,4.49,4.34
S2259,3,4.06,4.16
S2259,4,4.18,4.02
S2259,5,4.14,4.42
S2259,6,,3.96
S2260,1,3.96,2.84
S2260,2,4.51,3.6
S2260,3,4.31,3.49
S2260,4,4.14,3.6
S2260,5,4.34,3.63
S2260,6,4.65,3.53
S2261,1,4.14,3.69
S2261,2,3.93,3.68
S2261,3,4.11,3.89
S2261,4,4.5,3.84
S2261,5,4.59,4.07
S2261,6,4.06,3.99
S2262,1,3.3,3.96
S2262,2,3.39,4.54
S2262,3,3.29,3.43
S2262,4,2.8,3.84
S2262,5,3.16,3.93
S2262,6,3.49,4.26
S2263,1,3.81,4.08
S2263,2,3.34,3.64
S2263,3,3.05,3.75
S2263,4,3.66,3.59
S2263,5,3.71,4.07
S2263,6,3.71,3.82
S2264,1,4.06,4.06
S2264,2,4.17,3.95
S2264,3,3.72,4.55
S2264,4,4.25,3.98
S2264,5,4.49,4.04
S2264,6,3.86,3.8
S2265,1,3.03,5.0
S2265,2,3.72,5.0
S2265,3,3.38,4.72
S2265,4,4.2,4.58
S2265,5,3.57,4.47
S2265,6,3.11,4.59
S2266,1,4.5,4.42
S2266,2,,4.91
S2266,3,4.14,3.92
S2266,4,5.0,4.23
S2266,5,4.62,4.77
S2266,6,,4.3
S2267,1,3.54,3.8
S2267,2,3.56,3.56
S2267,3,3.6,3.82
S2267,4,3.64,3.16
S2267,5,4.04,3.57
S2267,6,4.34,3.51
S2268,1,4.47,4.31
S2268,2,4.22,4.48
S2268,3,3.86,4.33
S2268,4,3.91,4.07
S2268,5,4.16,4.75
S2268,6,3.74,3.77
S2269,1,4.14,5.0
S2269,2,3.65,4.2
S2269,3,3.86,4.73
S2269,4,3.73,4.05
S2269,5,3.66,3.94
S2269,6,3.58,4.21
S2270,1,4.18,4.36
S2270,2,4.33,4.21
S2270,3,4.8,4.49
S2270,4,4.62,4.27
S2270,5,4.31,4.03
S2270,6,4.43,3.99
S2271,1,4.67,3.8
S2271,2,4.35,4.14
S2271,3,4.16,3.82
S2271,4,4.3,4.3
S2271,5,4.57,4.43
S2271,6,4.41,4.13
S2272,1,4.36,3.9
S2272,2,,4.33
S2272,3,4.48,3.97
S2272,4,4.74,4.52
S2272,5,4.47,3.76
S2272,6,4.3,3.85
S2273,1,5.0,4.75
S2273,2,4.55,4.12
S2273,3,4.59,4.51
S2273,4,4.46,4.33
S2273,5,4.9,4.57
S2273,6,4.52,4.65
S2274,1,3.15,4.49
S2274,2,3.48,4.5
S2274,3,3.31,4.83
S2274,4,3.43,4.61
S2274,5,3.37,4.26
S2274,6,3.78,4.45
S2275,1,4.75,4.62
S2275,2,4.68,4.4
S2275,3,3.87,4.95
S2275,4,4.29,4.71
S2275,5,4.06,4.51
S2275,6,4.24,4.5
S2276,1,3.76,4.83
S2276,2,3.63,4.85
S2276,3,3.26,4.5
S2276,4,2.81,4.65
S2276,5,3.54,4.7
S2276,6,3.53,4.65
S2277,1,3.77,3.67
S2277,2,3.61,3.2
S2277,3,4.55,3.92
S2277,4,4.36,3.64
S2277,5,3.84,3.57
S2277,6,4.4,3.95
S2278,1,4.53,3.7
S2278,2,4.58,3.53
S2278,3,4.05,3.47
S2278,4,4.57,3.85
S2278,5,3.93,3.57
S2278,6,4.27,3.17
S2279,1,4.45,3.98
S2279,2,4.59,3.93
S2279,3,4.68,4.39
S2279,4,4.32,4.02
S2279,5,4.4,4.05
S2279,6,3.72,3.97
S2280,1,4.52,3.91
S2280,2,4.3,4.07
S2280,3,4.27,3.73
S2280,4,3.96,4.31
S2280,5,3.89,4.26
S2280,6,4.51,4.19
S2281,1,4.65,4.05
S2281,2,4.28,3.91
S2281,3,5.0,3.83
S2281,4,4.59,4.09
S2281,5,4.76,3.7
S2281,6,,3.46
S2282,1,3.78,4.62
S2282,2,3.72,4.88
S2282,3,3.37,5.0
S2282,4,4.31,4.66
S2282,5,4.28,4.7
S2282,6,3.63,4.48
S2283,1,3.46,4.5
S2283,2,3.03,4.12
S2283,3,3.4,4.43
S2283,4,3.18,4.61
S2283,5,3.68,4.87
S2283,6,3.48,4.1
S2284,1,3.58,4.54
S2284,2,3.69,4.38
S2284,3,3.97,4.64
S2284,4,3.99,4.58
S2284,5,4.38,3.81
S2284,6,3.93,4.32
S2285,1,4.27,3.85
S2285,2,4.0,3.27
S2285,3,4.2,3.37
S2285,4,3.73,4.17
S2285,5,3.61,3.18
S2285,6,3.47,2.74
S2286,1,4.44,4.67
S2286,2,,4.17
S2286,3,4.69,5.0
S2286,4,5.0,4.18
S2286,5,4.54,4.69
S2286,6,4.71,4.67
S2287,1,3.88,3.92
S2287,2,3.66,3.93
S2287,3,,4.28
S2287,4,3.42,3.8
S2287,5,3.74,3.92
S2287,6,3.61,4.17
S2288,1,3.65,4.24
S2288,2,3.66,4.36
S2288,3,3.84,4.34
S2288,4,4.3,4.45
S2288,5,4.21,4.15
S2288,6,4.31,3.94
S2289,1,3.78,3.89
S2289,2,3.7,4.04
S2289,3,,4.54
S2289,4,4.3,3.98
S2289,5,3.7,4.27
S2289,6,3.82,3.98
S2290,1,3.19,4.36
S2290,2,3.18,4.29
S2290,3,3.19,4.08
S2290,4,3.55,3.81
S2290,5,3.54,3.61
S2290,6,3.49,3.89
S2291,1,4.11,4.67
S2291,2,3.37,4.5
S2291,3,3.75,4.45
S2291,4,3.64,4.24
S2291,5,3.45,4.44
S2291,6,3.97,4.19
S2292,1,3.06,4.62
S2292,2,2.99,4.27
S2292,3,2.75,4.73
S2292,4,3.33,4.64
S2292,5,3.44,4.63
S2292,6,3.12,4.3
S2293,1,4.36,3.53
S2293,2,4.66,4.44
S2293,3,4.77,3.96
S2293,4,5.0,4.27
S2293,5,4.48,4.45
S2293,6,4.65,3.68
S2294,1,3.95,4.01
S2294,2,3.92,4.37
S2294,3,3.61,4.51
S2294,4,3.85,4.7
S2294,5,3.7,4.78
S2294,6,4.04,4.44
S2296,1,2.79,4.39
S2296,2,3.19,4.66
S2296,3,3.53,4.79
S2296,4,3.07,5.0
S2296,5,3.2,4.54
S2296,6,3.06,4.1
S2297,1,4.51,4.14
S2297,2,4.36,4.59
S2297,3,4.41,3.82
S2297,4,4.5,4.49
S2297,5,3.65,4.1
S2297,6,4.33,4.38
S2299,1,3.34,5.0
S2299,2,3.6,4.72
S2299,3,3.13,4.7
S2299,4,3.93,4.69
S2299,5,2.91,4.94
S2299,6,3.29,4.59
S2300,1,3.34,4.14
S2300,2,3.73,3.93
S2300,3,4.01,4.23
S2300,4,3.96,3.68
S2300,5,3.26,3.75
S2300,6,3.99,3.47
S2301,1,4.66,3.79
S2301,2,4.05,3.97
S2301,3,4.75,3.85
S2301,4,4.5,4.31
S2301,5,4.65,4.41
S2301,6,4.27,3.94
S2302,1,4.47,4.8
S2302,2,3.88,4.82
S2302,3,4.35,4.7
S2302,4,3.89,3.81
S2302,5,4.26,4.36
S2302,6,4.27,4.29
S2303,1,4.23,3.24
S2303,2,3.61,3.53
S2303,3,3.95,3.08
S2303,4,3.15,3.71
S2303,5,3.73,3.58
S2303,6,3.76,3.3
S2304,1,3.53,4.3
S2304,2,3.84,3.95
S2304,3,3.46,4.28
S2304,4,3.82,5.0
S2304,5,4.08,4.47
S2304,6,3.99,4.77
S2305,1,3.99,4.14
S2305,2,4.07,4.76
S2305,3,4.1,3.93
S2305,4,3.93,4.51
S2305,5,3.71,3.86
S2305,6,3.99,4.0
S2306,1,3.4,4.23
S2306,2,3.18,4.17
S2306,3,3.01,4.39
S2306,4,3.31,3.94
S2306,5,4.09,4.62
S2306,6,3.81,4.57
S2307,1,4.0,4.79
S2307,2,3.59,3.85
S2307,3,2.96,4.26
S2307,4,3.49,4.55
S2307,5,3.65,4.53
S2307,6,2.96,4.23
S2308,1,3.21,4.09
S2308,2,3.99,4.22
S2308,3,3.41,3.9
S2308,4,3.51,4.23
S2308,5,2.74,4.33
S2308,6,3.16,4.05
S2309,1,3.44,5.0
S2309,2,3.59,4.32
S2309,3,3.48,4.69
S2309,4,3.76,4.73
S2309,5,3.74,4.72
S2309,6,3.15,4.53
S2310,1,3.35,3.78
S2310,2,3.46,3.9
S2310,3,3.69,4.01
S2310,4,4.14,4.0
S2310,5,3.22,3.4
S2310,6,3.96,3.91
S2311,1,4.57,3.81
S2311,2,4.34,3.61
S2311,3,4.1,3.64
S2311,4,4.81,4.3
S2311,5,4.56,4.2
S2311,6,4.73,3.87
S2312,1,4.82,4.03
S2312,2,4.93,4.17
S2312,3,4.08,4.21
S2312,4,4.67,3.79
S2312,5,5.0,4.05
S2312,6,4.14,4.61
S2313,1,3.85,3.88
S2313,2,3.95,4.22
S2313,3,4.35,3.98
S2313,4,4.47,4.01
S2313,5,4.42,3.96
S2313,6,4.59,4.04
S2314,1,5.0,3.77
S2314,2,4.26,3.7
S2314,3,4.58,3.9
S2314,4,4.2,4.44
S2314,5,,4.13
S2314,6,4.62,4.13
S2315,1,3.52,4.45
S2315,2,3.66,4.69
S2315,3,3.91,4.49
S2315,4,3.96,4.3
S2315,5,3.77,4.26
S2315,6,3.82,4.03
S2316,1,3.66,4.28
S2316,2,4.1,4.19
S2316,3,4.1,4.67
S2316,4,3.68,5.0
S2316,5,3.95,4.7
S2316,6,4.34,4.42
S2317,1,4.22,3.58
S2317,2,4.37,4.55
S2317,3,4.97,3.78
S2317,4,4.2,4.39
S2317,5,4.27,3.81
S2317,6,3.97,4.28
S2318,1,2.8,4.59
S2318,2,3.39,4.69
S2318,3,2.91,4.06
S2318,4,2.82,4.31
S2318,5,2.72,4.09
S2318,6,2.86,3.73
S2319,1,2.82,4.62
S2319,2,3.83,4.87
S2319,3,3.5,4.34
S2319,4,3.74,4.54
S2319,5,3.69,4.98
S2319,6,3.98,5.0
S2320,1,4.39,4.03
S2320,2,4.19,3.26
S2320,3,3.97,3.4
S2320,4,4.16,3.85
S2320,5,3.89,4.13
S2320,6,4.17,4.16
S2321,1,4.27,4.36
S2321,2,3.8,4.5
S2321,3,4.43,4.06
S2321,4,4.34,4.65
S2321,5,4.14,4.12
S2321,6,,4.07
S2322,1,4.44,4.13
S2322,2,4.32,4.61
S2322,3,4.37,4.44
S2322,4,4.1,4.58
S2322,5,4.37,5.0
S2322,6,4.44,3.99
S2323,1,2.76,4.81
S2323,2,3.51,4.62
S2323,3,3.11,4.44
S2323,4,3.73,4.21
S2323,5,3.49,4.94
S2323,6,2.8,4.33
S2324,1,4.35,3.34
S2324,2,4.37,3.59
S2324,3,,3.66
S2324,4,4.59,3.01
S2324,5,4.11,3.42
S2324,6,4.09,3.29
S2325,1,4.02,4.64
S2325,2,3.61,4.71
S2325,3,4.14,5.0
S2325,4,4.06,4.39
S2325,5,4.18,4.67
S2325,6,4.32,4.77
S2326,1,4.12,3.98
S2326,2,4.28,3.56
S2326,3,4.2,4.21
S2326,4,4.4,4.38
S2326,5,4.24,4.38
S2326,6,3.86,4.42
S2327,1,3.88,4.24
S2327,2,4.13,4.2
S2327,3,3.41,4.17
S2327,4,3.5,4.24
S2327,5,3.92,4.57
S2327,6,3.82,4.33
S2328,1,4.29,4.5
S2328,2,3.43,4.25
S2328,3,3.78,4.19
S2328,4,3.95,4.84
S2328,5,,4.36
S2328,6,4.06,4.76
S2329,1,4.33,4.27
S2329,2,4.08,4.54
S2329,3,4.26,4.24
S2329,4,4.15,4.09
S2329,5,4.32,3.85
S2329,6,4.44,4.25
S2330,1,3.29,4.32
S2330,2,4.06,3.89
S2330,3,4.27,3.79
S2330,4,3.69,4.2
S2330,5,3.57,3.82
S2330,6,3.53,4.01
S2331,1,4.26,4.02
S2331,2,4.48,4.23
S2331,3,4.17,4.3
S2331,4,4.47,4.96
S2331,5,4.39,3.78
S2331,6,4.42,4.61
S2332,1,,4.52
S2332,2,4.19,4.96
S2332,3,4.52,4.34
S2332,4,3.77,4.68
S2332,5,3.76,4.43
S2332,6,4.27,4.45
S2333,1,3.98,4.24
S2333,2,3.21,4.76
S2333,3,3.34,4.22
S2333,4,4.07,4.41
S2333,5,3.86,4.49
S2333,6,3.94,4.39
S2334,1,3.01,4.19
S2334,2,2.7,2.68
S2334,3,2.64,3.53
S2334,4,2.88,4.17
S2334,5,2.75,4.0
S2334,6,3.28,3.95
S2335,1,4.18,4.12
S2335,2,4.0,4.43
S2335,3,,4.8
S2335,4,4.29,4.36
S2335,5,3.53,4.34
S2335,6,4.14,4.4
S2336,1,3.84,3.57
S2336,2,4.07,4.05
S2336,3,4.18,3.8
S2336,4,3.94,4.16
S2336,5,3.79,3.99
S2336,6,4.48,3.97
S2337,1,4.47,3.75
S2337,2,4.85,3.94
S2337,3,4.45,4.09
S2337,4,4.46,3.21
S2337,5,4.11,3.87
S2337,6,4.61,3.78
S2338,1,4.15,3.11
S2338,2,3.86,3.16
S2338,3,3.92,3.03
S2338,4,3.96,2.97
S2338,5,3.71,3.63
S2338,6,4.11,3.42
S2339,1,3.75,4.47
S2339,2,3.05,5.0
S2339,3,2.92,4.69
S2339,4,3.27,4.76
S2339,5,3.38,4.9
S2339,6,3.43,4.78
S2340,1,3.29,4.77
S2340,2,3.41,4.38
S2340,3,3.21,4.94
S2340,4,3.39,4.23
S2340,5,3.04,5.0
S2340,6,3.36,4.3
S2341,1,3.91,3.71
S2341,2,3.35,4.33
S2341,3,4.05,3.8
S2341,4,3.38,4.0
S2341,5,3.46,4.06
S2341,6,3.43,3.73
S2342,1,3.72,4.42
S2342,2,3.59,4.8
S2342,3,4.03,4.29
S2342,4,,4.68
S2342,5,4.31,4.09
S2342,6,3.77,4.89
S2343,1,,3.71
S2343,2,5.0,3.82
S2343,3,4.66,3.65
S2343,4,3.97,3.78
S2343,5,4.84,3.51
S2343,6,4.67,3.98
S2344,1,3.95,3.62
S2344,2,3.4,4.44
S2344,3,4.01,4.35
S2344,4,4.08,4.49
S2344,5,3.32,4.32
S2344,6,4.04,4.64
S2345,1,,4.19
S2345,2,3.78,4.47
S2345,3,4.56,4.3
S2345,4,4.31,4.78
S2345,5,4.0,3.91
S2345,6,3.91,4.2
S2346,1,4.29,3.24
S2346,2,4.11,3.03
S2346,3,4.63,3.41
S2346,4,4.06,3.53
S2346,5,4.4,3.14
S2346,6,3.64,3.01
S2347,1,3.77,4.65
S2347,2,3.9,4.85
S2347,3,3.33,4.83
S2347,4,3.64,4.76
S2347,5,4.09,4.36
S2347,6,3.64,4.44
S2348,1,3.85,4.13
S2348,2,3.76,3.95
S2348,3,4.1,4.07
S2348,4,3.75,4.06
S2348,5,4.49,3.96
S2348,6,3.67,3.98
S2349,1,3.66,3.78
S2349,2,,3.88
S2349,3,3.59,4.02
S2349,4,3.54,3.95
S2349,5,4.01,3.32
S2349,6,3.35,3.47
S2350,1,4.08,4.77
S2350,2,3.99,4.61
S2350,3,4.14,4.05
S2350,4,3.74,5.0
S2350,5,3.78,4.82
S2350,6,4.04,4.45
S2351,1,3.36,3.66
S2351,2,3.47,3.79
S2351,3,3.47,3.62
S2351,4,3.31,3.79
S2351,5,3.41,4.53
S2351,6,3.57,4.33
S2352,1,4.66,4.96
S2352,2,4.24,4.07
S2352,3,4.46,4.18
S2352,4,4.53,4.17
S2352,5,4.58,4.41
S2352,6,4.72,4.8
S2353,1,4.32,4.59
S2353,2,4.37,4.21
S2353,3,4.04,3.89
S2353,4,3.74,3.98
S2353,5,3.93,4.27
S2353,6,4.28,3.79
S2354,1,5.0,4.55
S2354,2,,4.0
S2354,3,4.25,4.7
S2354,4,4.85,4.45
S2354,5,4.69,4.59
S2354,6,3.95,4.63
S2355,1,4.89,4.16
S2355,2,4.42,4.44
S2355,3,4.85,3.85
S2355,4,4.84,3.65
S2355,5,4.41,4.86
S2355,6,4.76,4.46
S2356,1,3.81,4.45
S2356,2,3.25,4.73
S2356,3,3.2,4.39
S2356,4,3.25,4.47
S2356,5,2.94,4.65
S2356,6,,4.58
S2357,1,4.56,4.44
S2357,2,3.88,4.1
S2357,3,4.04,4.31
S2357,4,4.19,4.25
S2357,5,4.2,4.18
S2357,6,4.54,4.11
S2358,1,4.14,4.26
S2358,2,3.36,4.47
S2358,3,,4.19
S2358,4,3.51,4.29
S2358,5,3.92,4.63
S2358,6,3.66,4.55
S2359,1,3.54,3.24
S2359,2,3.98,3.32
S2359,3,3.81,4.18
S2359,4,,3.46
S2359,5,3.99,3.26
S2359,6,3.98,3.14
S2360,1,4.14,3.82
S2360,2,3.72,4.08
S2360,3,3.96,4.13
S2360,4,4.37,4.18
S2360,5,4.31,3.75
S2360,6,3.98,3.81
S2361,1,4.39,4.22
S2361,2,4.12,4.28
S2361,3,4.48,3.62
S2361,4,4.09,4.07
S2361,5,4.07,4.0
S2361,6,4.28,4.43
S2362,1,4.87,3.95
S2362,2,4.78,4.02
S2362,3,4.46,3.39
S2362,4,4.89,3.92
S2362,5,4.45,3.92
S2362,6,4.61,3.51
S2363,1,4.8,4.97
S2363,2,4.25,3.98
S2363,3,4.62,4.64
S2363,4,5.0,4.38
S2363,5,4.81,4.74
S2363,6,,3.95
S2364,1,4.32,3.69
S2364,2,4.57,4.27
S2364,3,4.89,4.17
S2364,4,4.28,3.65
S2364,5,4.39,4.06
S2364,6,3.9,4.06
S2365,1,4.14,4.19
S2365,2,3.65,4.25
S2365,3,3.8,3.75
S2365,4,3.75,4.13
S2365,5,3.63,4.37
S2365,6,4.07,4.2
S2366,1,3.43,4.31
S2366,2,3.6,3.86
S2366,3,3.48,4.35
S2366,4,3.78,4.54
S2366,5,3.69,3.89
S2366,6,4.36,4.09
S2367,1,3.34,3.82
S2367,2,3.46,4.44
S2367,3,3.98,4.33
S2367,4,4.15,3.82
S2367,5,3.91,4.52
S2367,6,3.76,4.07
S2368,1,3.44,4.48
S2368,2,4.38,4.81
S2368,3,4.79,5.0
S2368,4,4.3,5.0
S2368,5,3.82,4.57
S2368,6,4.24,4.89
S2369,1,3.56,3.32
S2369,2,3.96,3.18
S2369,3,4.33,3.47
S2369,4,3.91,3.58
S2369,5,3.72,3.68
S2369,6,4.11,3.25
S2370,1,4.17,4.48
S2370,2,3.73,4.24
S2370,3,4.16,4.13
S2370,4,3.84,4.48
S2370,5,3.74,4.9
S2370,6,3.77,3.6
S2371,1,3.38,3.95
S2371,2,3.56,4.34
S2371,3,3.76,4.03
S2371,4,3.56,4.26
S2371,5,3.32,3.98
S2371,6,3.6,4.33
S2372,1,4.61,3.91
S2372,2,4.4,4.29
S2372,3,4.56,4.26
S2372,4,4.05,4.5
S2372,5,4.26,4.37
S2372,6,4.46,4.53
S2373,1,3.82,3.89
S2373,2,4.62,3.65
S2373,3,4.06,3.8
S2373,4,4.26,4.12
S2373,5,4.37,4.39
S2373,6,3.82,4.31
S2374,1,4.23,3.97
S2374,2,4.62,4.48
S2374,3,4.32,4.27
S2374,4,4.6,3.97
S2374,5,4.58,4.41
S2374,6,4.29,4.02
S2375,1,,3.78
S2375,2,4.33,3.64
S2375,3,4.66,3.93
S2375,4,4.74,3.5
S2375,5,5.0,3.94
S2375,6,4.53,3.51
S2376,1,3.82,3.91
S2376,2,3.85,3.69
S2376,3,3.6,3.72
S2376,4,3.64,3.7
S2376,5,3.56,4.24
S2376,6,3.43,3.74
S2377,1,3.33,3.72
S2377,2,3.53,3.77
S2377,3,3.89,4.09
S2377,4,3.11,3.62
S2377,5,3.66,4.07
S2377,6,4.02,3.42
S2378,1,2.33,3.71
S2378,2,2.56,4.33
S2378,3,2.88,4.23
S2378,4,3.55,3.77
S2378,5,2.77,4.14
S2378,6,2.96,4.31
S2379,1,4.61,4.55
S2379,2,4.46,5.0
S2379,3,4.21,4.67
S2379,4,3.53,4.12
S2379,5,3.88,4.51
S2379,6,4.41,4.66
S2380,1,3.52,4.21
S2380,2,3.09,4.25
S2380,3,2.97,3.91
S2380,4,3.15,3.72
S2380,5,4.01,4.08
S2380,6,3.45,3.65
S2381,1,3.63,4.2
S2381,2,4.29,4.22
S2381,3,4.16,3.86
S2381,4,4.62,4.87
S2381,5,4.36,3.75
S2381,6,4.34,4.31
S2382,1,3.44,4.37
S2382,2,3.46,3.63
S2382,3,3.42,4.42
S2382,4,3.59,4.43
S2382,5,3.35,3.94
S2382,6,3.47,4.07
S2383,1,4.89,3.25
S2383,2,4.5,3.5
S2383,3,4.44,3.66
S2383,4,4.13,3.17
S2383,5,4.9,3.6
S2383,6,4.3,3.5
S2385,1,3.83,4.02
S2385,2,,3.46
S2385,3,3.27,3.3
S2385,4,3.37,3.55
S2385,5,3.42,4.16
S2385,6,3.81,3.37
S2386,1,4.7,4.14
S2386,2,4.17,5.0
S2386,3,4.46,5.0
S2386,4,4.57,4.53
S2386,5,4.67,4.3
S2386,6,,4.44
S2387,1,4.25,3.71
S2387,2,3.85,3.89
S2387,3,4.39,4.35
S2387,4,3.64,3.82
S2387,5,4.09,3.78
S2387,6,4.35,3.18
S2389,1,3.04,4.22
S2389,2,3.51,4.47
S2389,3,2.98,3.87
S2389,4,3.06,4.31
S2389,5,3.41,3.85
S2389,6,3.3,4.16
S2390,1,4.23,4.97
S2390,2,3.56,4.67
S2390,3,3.68,4.73
S2390,4,3.91,4.62
S2390,5,3.24,4.33
S2390,6,4.17,4.53
S2391,1,3.5,5.0
S2391,2,3.42,4.25
S2391,3,3.09,4.91
S2391,4,2.98,4.4
S2391,5,2.99,4.56
S2391,6,3.37,4.31
S2392,1,4.51,4.87
S2392,2,4.14,4.29
S2392,3,4.85,4.76
S2392,4,4.31,4.52
S2392,5,4.11,4.74
S2392,6,3.94,4.88
S2393,1,4.19,4.42
S2393,2,4.23,4.36
S2393,3,4.62,3.64
S2393,4,4.43,3.9
S2393,5,4.55,3.92
S2393,6,4.16,4.07
S2394,1,4.64,4.02
S2394,2,4.61,3.57
S2394,3,4.8,3.76
S2394,4,4.44,4.46
S2394,5,4.76,4.51
S2394,6,4.51,4.82
S2395,1,3.93,4.72
S2395,2,4.18,4.62
S2395,3,3.32,4.93
S2395,4,3.04,4.27
S2395,5,4.2,4.9
S2395,6,3.86,4.57
S2396,1,4.05,3.91
S2396,2,3.75,4.51
S2396,3,4.2,4.17
S2396,4,4.52,4.53
S2396,5,4.47,4.34
S2396,6,4.1,4.24
S2397,1,4.81,4.47
S2397,2,4.46,4.06
S2397,3,4.98,4.07
S2397,4,4.8,3.94
S2397,5,4.82,4.21
S2397,6,4.58,4.04
S2398,1,4.94,5.0
S2398,2,4.52,4.81
S2398,3,4.63,4.6
S2398,4,4.39,4.44
S2398,5,4.4,5.0
S2398,6,4.88,3.67
S2399,1,4.26,4.21
S2399,2,3.7,4.5
S2399,3,3.59,3.9
S2399,4,3.66,4.12
S2399,5,3.71,4.23
S2399,6,4.14,4.36
S2400,1,3.76,3.5
S2400,2,3.72,3.97
S2400,3,3.22,3.6
S2400,4,3.86,3.87
S2400,5,3.34,3.97
S2400,6,3.62,4.24
S2401,1,4.09,4.18
S2401,2,4.43,4.37
S2401,3,4.54,4.64
S2401,4,4.63,4.35
S2401,5,4.83,4.55
S2401,6,4.51,5.0
S2402,1,4.65,4.22
S2402,2,4.12,3.99
S2402,3,4.06,3.82
S2402,4,3.91,3.76
S2402,5,4.77,3.83
S2402,6,3.59,4.02
S2403,1,3.34,4.15
S2403,2,3.84,4.02
S2403,3,,4.27
S2403,4,4.07,4.3
S2403,5,3.55,3.67
S2403,6,3.75,4.04
S2404,1,4.33,3.88
S2404,2,4.09,3.96
S2404,3,4.67,3.91
S2404,4,5.0,4.68
S2404,5,4.44,4.23
S2404,6,4.66,3.97
S2405,1,4.3,4.21
S2405,2,4.03,4.05
S2405,3,4.39,4.33
S2405,4,3.74,3.93
S2405,5,4.43,3.85
S2405,6,3.83,4.16
S2406,1,3.75,4.12
S2406,2,3.99,3.9
S2406,3,4.69,4.03
S2406,4,3.92,4.17
S2406,5,4.18,3.62
S2406,6,3.57,4.03
S2407,1,4.02,3.79
S2407,2,4.56,4.09
S2407,3,4.23,3.46
S2407,4,4.4,3.49
S2407,5,4.13,3.94
S2407,6,4.61,4.15
S2408,1,3.03,4.91
S2408,2,3.56,4.26
S2408,3,3.23,4.37
S2408,4,4.14,4.19
S2408,5,4.28,4.38
S2408,6,,4.69
S2409,1,5.0,4.44
S2409,2,4.44,4.5
S2409,3,4.99,4.11
S2409,4,4.98,3.64
S2409,5,4.72,3.43
S2409,6,5.0,3.66
S2410,1,4.36,4.15
S2410,2,4.17,4.07
S2410,3,4.29,3.92
S2410,4,4.38,3.82
S2410,5,4.06,4.02
S2410,6,4.01,4.73
S2411,1,3.85,4.37
S2411,2,3.89,5.0
S2411,3,3.79,4.99
S2411,4,4.16,4.14
S2411,5,3.32,4.04
S2411,6,3.84,4.23
S2412,1,3.85,4.92
S2412,2,3.7,4.45
S2412,3,3.34,4.41
S2412,4,3.82,4.12
S2412,5,3.28,3.9
S2412,6,3.77,4.81
S2413,1,3.78,4.33
S2413,2,4.34,4.62
S2413,3,,4.68
S2413,4,3.88,4.62
S2413,5,3.96,3.9
S2413,6,3.99,4.33
S2414,1,4.68,4.27
S2414,2,4.88,4.01
S2414,3,4.87,3.25
S2414,4,4.46,4.32
S2414,5,4.61,4.55
S2414,6,4.54,4.73
S2415,1,3.41,3.9
S2415,2,4.1,3.67
S2415,3,3.97,3.55
S2415,4,3.98,3.25
S2415,5,3.83,3.75
S2415,6,3.51,4.19
S2416,1,3.49,4.75
S2416,2,3.68,4.4
S2416,3,3.66,4.4
S2416,4,3.55,4.35
S2416,5,3.93,4.51
S2416,6,3.66,4.68
S2417,1,3.48,4.36
S2417,2,3.04,4.47
S2417,3,2.76,4.9
S2417,4,2.99,4.58
S2417,5,3.19,3.95
S2417,6,3.34,4.38
S2418,1,3.94,3.83
S2418,2,4.16,4.27
S2418,3,3.63,4.06
S2418,4,4.28,4.05
S2418,5,4.49,3.57
S2418,6,4.24,4.17
S2419,1,4.12,4.1
S2419,2,3.98,3.2
S2419,3,3.55,4.33
S2419,4,3.61,3.86
S2419,5,4.53,3.88
S2419,6,3.48,4.45
S2420,1,5.0,3.91
S2420,2,4.57,4.01
S2420,3,4.72,4.03
S2420,4,,3.31
S2420,5,4.31,4.28
S2420,6,4.58,3.94
S2421,1,3.91,3.98
S2421,2,4.36,3.77
S2421,3,4.08,4.38
S2421,4,4.1,4.36
S2421,5,3.96,3.96
S2421,6,3.81,4.25
S2422,1,4.17,3.79
S2422,2,4.13,4.62
S2422,3,3.92,4.45
S2422,4,4.05,4.4
S2422,5,4.03,4.61
S2422,6,2.96,4.26
S2423,1,4.54,4.19
S2423,2,4.54,4.74
S2423,3,4.81,4.29
S2423,4,4.65,4.7
S2423,5,4.38,4.65
S2423,6,,5.0
S2425,1,2.82,4.25
S2425,2,3.06,4.12
S2425,3,2.97,4.0
S2425,4,2.47,4.31
S2425,5,3.12,3.73
S2425,6,2.87,4.44
S2426,1,4.49,3.94
S2426,2,4.15,4.5
S2426,3,4.11,4.08
S2426,4,4.25,4.07
S2426,5,4.24,3.71
S2426,6,3.8,3.84
S2427,1,3.08,3.82
S2427,2,3.6,4.6
S2427,3,3.28,4.47
S2427,4,2.95,4.42
S2427,5,2.59,4.44
S2427,6,2.82,4.69
S2428,1,4.04,4.32
S2428,2,4.59,4.93
S2428,3,4.41,4.76
S2428,4,4.48,4.38
S2428,5,4.54,4.61
S2428,6,4.87,4.7
S2429,1,2.8,4.47
S2429,2,3.46,4.25
S2429,3,3.07,3.79
S2429,4,3.39,3.79
S2429,5,3.76,3.71
S2429,6,3.4,4.2
S2430,1,4.17,3.37
S2430,2,4.46,3.79
S2430,3,4.45,4.05
S2430,4,4.2,3.72
S2430,5,4.67,4.07
S2430,6,4.49,3.75
S2432,1,3.47,4.95
S2432,2,3.73,4.83
S2432,3,,4.76
S2432,4,4.04,4.58
S2432,5,4.6,5.0
S2432,6,4.5,4.3
S2433,1,4.3,4.33
S2433,2,,4.38
S2433,3,4.34,3.94
S2433,4,4.52,4.56
S2433,5,4.04,4.44
S2433,6,4.24,4.15
S2435,1,4.06,4.38
S2435,2,3.68,3.89
S2435,3,3.93,4.05
S2435,4,4.31,4.11
S2435,5,3.23,3.89
S2435,6,4.12,4.06
S2436,1,4.19,4.11
S2436,2,4.13,4.46
S2436,3,4.26,4.46
S2436,4,4.17,4.84
S2436,5,4.64,4.33
S2436,6,4.16,4.01
S2437,1,3.39,4.68
S2437,2,3.23,4.11
S2437,3,3.48,3.98
S2437,4,3.76,4.69
S2437,5,3.17,4.31
S2437,6,3.43,3.99
S2438,1,3.13,4.74
S2438,2,3.54,4.64
S2438,3,3.8,4.44
S2438,4,3.64,5.0
S2438,5,3.8,4.35
S2438,6,3.01,4.8
S2439,1,3.08,4.67
S2439,2,3.33,4.06
S2439,3,2.98,4.25
S2439,4,4.08,4.12
S2439,5,3.19,4.0
S2439,6,3.17,4.37
S2440,1,3.15,4.08
S2440,2,4.13,3.99
S2440,3,3.92,4.04
S2440,4,2.97,4.44
S2440,5,3.37,4.02
S2440,6,3.6,3.87
S2441,1,3.14,4.28
S2441,2,2.94,3.19
S2441,3,3.2,3.49
S2441,4,3.66,4.25
S2441,5,3.3,3.23
S2441,6,3.69,3.36
S2442,1,3.95,4.44
S2442,2,4.59,4.56
S2442,3,4.33,4.6
S2442,4,3.67,4.63
S2442,5,4.2,4.38
S2442,6,4.37,4.28
S2443,1,3.21,3.68
S2443,2,3.82,4.03
S2443,3,3.69,3.85
S2443,4,3.46,4.41
S2443,5,3.78,4.55
S2443,6,3.81,4.64
S2444,1,3.68,4.46
S2444,2,3.83,5.0
S2444,3,3.77,4.45
S2444,4,3.61,4.47
S2444,5,3.29,4.56
S2444,6,3.66,4.89
S2445,1,4.59,4.1
S2445,2,4.01,4.43
S2445,3,4.56,4.4
S2445,4,4.88,4.06
S2445,5,4.51,4.27
S2445,6,3.87,4.57
S2446,1,3.17,4.38
S2446,2,3.52,4.39
S2446,3,3.74,5.0
S2446,4,3.31,4.21
S2446,5,,4.36
S2446,6,3.17,4.44
S2447,1,3.95,4.15
S2447,2,4.29,4.17
S2447,3,3.94,4.15
S2447,4,4.11,3.65
S2447,5,4.45,4.14
S2447,6,4.02,4.0
S2449,1,4.15,3.45
S2449,2,4.04,3.4
S2449,3,4.05,3.8
S2449,4,4.03,2.9
S2449,5,4.16,3.52
S2449,6,3.7,3.84
S2450,1,4.16,4.19
S2450,2,4.28,4.22
S2450,3,4.35,4.3
S2450,4,4.42,3.93
S2450,5,4.24,4.2
S2450,6,3.99,3.71
S2451,1,3.66,3.97
S2451,2,3.13,4.45
S2451,3,3.97,4.88
S2451,4,3.68,4.88
S2451,5,4.02,4.95
S2451,6,3.47,4.43
S2452,1,,4.27
S2452,2,4.14,3.78
S2452,3,3.77,4.43
S2452,4,4.12,4.01
S2452,5,4.44,4.2
S2452,6,3.52,3.65
S2453,1,3.79,4.46
S2453,2,3.72,4.56
S2453,3,3.91,4.31
S2453,4,3.54,4.58
S2453,5,3.92,4.97
S2453,6,3.18,4.16
S2454,1,3.43,4.21
S2454,2,2.77,4.53
S2454,3,4.28,4.06
S2454,4,3.5,4.84
S2454,5,3.3,3.92
S2454,6,3.31,4.31
S2455,1,4.49,4.44
S2455,2,4.47,4.23
S2455,3,4.59,4.75
S2455,4,4.27,4.1
S2455,5,3.96,4.81
S2455,6,4.87,4.5
S2456,1,3.68,4.15
S2456,2,4.02,4.2
S2456,3,3.78,4.25
S2456,4,3.77,4.57
S2456,5,3.69,4.11
S2456,6,3.99,4.01
S2457,1,4.78,3.25
S2457,2,4.88,3.62
S2457,3,4.26,3.7
S2457,4,4.61,3.57
S2457,5,4.51,4.03
S2457,6,4.53,3.98
S2458,1,3.59,4.61
S2458,2,3.79,3.96
S2458,3,4.02,4.51
S2458,4,3.58,4.12
S2458,5,3.98,4.34
S2458,6,3.7,3.52
S2459,1,4.49,4.96
S2459,2,3.77,4.93
S2459,3,4.3,5.0
S2459,4,4.14,4.93
S2459,5,4.62,4.82
S2459,6,4.33,4.47
S2460,1,3.57,4.91
S2460,2,3.9,4.42
S2460,3,3.73,4.59
S2460,4,3.48,4.23
S2460,5,4.16,4.43
S2460,6,4.31,4.67
S2461,1,3.63,4.6
S2461,2,4.17,4.32
S2461,3,3.6,4.46
S2461,4,3.5,4.26
S2461,5,3.67,4.8
S2461,6,4.03,4.08
S2462,1,4.54,4.42
S2462,2,4.55,4.22
S2462,3,4.39,3.71
S2462,4,4.38,3.78
S2462,5,4.21,4.24
S2462,6,4.47,3.75
S2463,1,3.72,4.37
S2463,2,3.93,4.62
S2463,3,3.61,4.57
S2463,4,3.66,3.92
S2463,5,3.9,4.35
S2463,6,3.53,4.11
S2464,1,3.18,3.89
S2464,2,3.35,4.33
S2464,3,3.78,4.24
S2464,4,3.12,4.38
S2464,5,3.38,4.79
S2464,6,2.73,4.55
S2465,1,4.36,4.35
S2465,2,4.27,4.58
S2465,3,,4.46
S2465,4,4.44,4.7
S2465,5,4.22,4.59
S2465,6,4.65,4.25
S2466,1,3.17,4.65
S2466,2,3.76,4.48
S2466,3,3.31,4.19
S2466,4,3.29,4.39
S2466,5,3.57,4.53
S2466,6,3.76,4.56
S2467,1,4.36,4.84
S2467,2,4.8,4.3
S2467,3,4.47,3.61
S2467,4,4.35,3.96
S2467,5,3.96,3.88
S2467,6,4.0,4.29
S2468,1,4.38,4.12
S2468,2,4.92,4.42
S2468,3,4.27,4.19
S2468,4,4.36,4.42
S2468,5,4.73,4.26
S2468,6,4.54,4.85
S2470,1,4.2,4.46
S2470,2,4.16,4.15
S2470,3,3.92,3.74
S2470,4,3.72,4.08
S2470,5,3.94,4.79
S2470,6,3.2,3.72
S2471,1,,3.91
S2471,2,3.78,3.62
S2471,3,3.38,3.77
S2471,4,3.63,4.27
S2471,5,4.46,3.74
S2471,6,4.28,4.37
S2472,1,3.98,4.4
S2472,2,4.48,4.67
S2472,3,4.0,4.43
S2472,4,4.27,4.67
S2472,5,3.81,4.22
S2472,6,4.35,4.09
S2473,1,3.46,4.47
S2473,2,3.56,3.73
S2473,3,3.74,4.01
S2473,4,4.2,3.72
S2473,5,3.85,4.21
S2473,6,3.62,3.67
S2474,1,4.18,4.49
S2474,2,4.01,4.61
S2474,3,3.46,4.65
S2474,4,3.76,4.5
S2474,5,3.47,5.0
S2474,6,4.02,4.48
S2475,1,4.41,4.05
S2475,2,4.81,4.13
S2475,3,4.83,4.25
S2475,4,4.18,3.7
S2475,5,4.2,3.84
S2475,6,3.76,3.86
S2476,1,5.0,4.79
S2476,2,4.03,3.88
S2476,3,4.8,4.2
S2476,4,4.12,3.69
S2476,5,4.31,4.11
S2476,6,4.64,4.92
S2477,1,3.99,4.72
S2477,2,4.16,4.79
S2477,3,3.49,4.31
S2477,4,3.99,4.3
S2477,5,4.42,4.73
S2477,6,3.54,4.43
S2478,1,4.01,4.03
S2478,2,4.09,3.95
S2478,3,3.92,4.28
S2478,4,3.79,4.32
S2478,5,4.47,4.69
S2478,6,4.33,3.89
S2479,1,4.2,4.06
S2479,2,4.52,4.75
S2479,3,4.31,5.0
S2479,4,3.66,4.01
S2479,5,4.44,4.48
S2479,6,4.68,4.71
S2480,1,3.81,4.26
S2480,2,4.34,4.41
S2480,3,3.74,4.06
S2480,4,4.55,4.38
S2480,5,4.3,5.0
S2480,6,4.34,4.91
S2481,1,4.17,3.83
S2481,2,4.07,4.82
S2481,3,3.61,4.36
S2481,4,4.12,4.17
S2481,5,4.33,4.53
S2481,6,4.21,4.17
S2482,1,3.65,4.12
S2482,2,3.25,4.48
S2482,3,3.68,4.45
S2482,4,3.85,3.65
S2482,5,3.44,4.07
S2482,6,3.88,4.43
S2483,1,3.28,4.55
S2483,2,3.84,3.98
S2483,3,3.3,4.18
S2483,4,3.48,5.0
S2483,5,3.67,3.68
S2483,6,3.03,4.27
S2484,1,3.48,4.6
S2484,2,3.78,4.71
S2484,3,3.93,4.43
S2484,4,4.32,4.09
S2484,5,3.59,4.68
S2484,6,3.61,4.72
S2485,1,3.76,4.56
S2485,2,3.38,4.36
S2485,3,3.67,5.0
S2485,4,3.41,4.57
S2485,5,3.43,4.54
S2485,6,3.98,4.9
S2487,1,4.75,4.36
S2487,2,4.46,4.21
S2487,3,4.53,3.89
S2487,4,4.57,3.82
S2487,5,3.87,4.05
S2487,6,4.19,4.16
S2488,1,3.34,3.59
S2488,2,4.03,3.92
S2488,3,3.67,3.86
S2488,4,3.61,3.86
S2488,5,4.01,4.25
S2488,6,3.25,3.97
S2489,1,4.91,4.34
S2489,2,4.47,4.03
S2489,3,4.09,3.89
S2489,4,4.05,4.47
S2489,5,4.11,3.8
S2489,6,4.54,3.22
S2491,1,5.0,3.99
S2491,2,4.17,4.23
S2491,3,4.77,4.35
S2491,4,4.85,3.82
S2491,5,4.01,4.4
S2491,6,4.1,3.9
S2492,1,3.5,4.59
S2492,2,4.22,4.08
S2492,3,3.86,3.58
S2492,4,4.15,4.67
S2492,5,3.69,4.55
S2492,6,4.09,4.19
S2493,1,4.35,4.31
S2493,2,4.03,4.18
S2493,3,3.87,4.1
S2493,4,4.43,3.96
S2493,5,3.85,4.53
S2493,6,4.03,4.18
S2494,1,4.25,4.56
S2494,2,3.71,4.2
S2494,3,4.0,4.17
S2494,4,4.14,4.53
S2494,5,3.79,3.68
S2494,6,4.16,3.44
S2495,1,3.34,3.44
S2495,2,3.73,3.7
S2495,3,3.6,3.12
S2495,4,4.0,3.5
S2495,5,3.9,4.22
S2495,6,3.64,3.91
S2496,1,3.08,5.0
S2496,2,3.7,4.77
S2496,3,3.48,5.0
S2496,4,3.67,5.0
S2496,5,3.04,4.2
S2496,6,3.31,4.46
S2497,1,2.96,3.05
S2497,2,3.08,3.33
S2497,3,3.32,3.35
S2497,4,3.12,3.57
S2497,5,3.18,2.49
S2497,6,3.42,3.25
S2498,1,4.31,4.07
S2498,2,4.74,3.46
S2498,3,4.03,3.83
S2498,4,4.59,3.96
S2498,5,3.83,3.79
S2498,6,3.77,4.05
S2499,1,3.94,3.13
S2499,2,3.34,3.37
S2499,3,3.04,3.99
S2499,4,3.18,4.0
S2499,5,3.19,3.67
S2499,6,3.85,3.06
S2500,1,3.93,4.09
S2500,2,4.26,4.69
S2500,3,3.99,4.73
S2500,4,3.87,4.71
S2500,5,4.41,4.88
S2500,6,4.42,4.39
S2501,1,3.26,4.29
S2501,2,3.18,4.51
S2501,3,3.26,4.42
S2501,4,3.23,3.75
S2501,5,3.17,3.99
S2501,6,3.36,4.17
S2503,1,4.01,4.74
S2503,2,3.85,4.86
S2503,3,4.36,4.04
S2503,4,4.13,4.76
S2503,5,4.09,4.89
S2503,6,4.42,4.56
S2504,1,3.15,4.59
S2504,2,3.95,3.87
S2504,3,3.49,5.0
S2504,4,3.76,4.6
S2504,5,3.66,4.91
S2504,6,3.6,4.44
S2505,1,4.24,3.34
S2505,2,4.03,3.86
S2505,3,4.24,4.83
S2505,4,,4.14
S2505,5,4.56,3.72
S2505,6,4.01,4.03
S2506,1,3.77,4.25
S2506,2,3.96,4.41
S2506,3,4.07,4.67
S2506,4,3.63,4.34
S2506,5,3.73,5.0
S2506,6,3.66,4.4
S2507,1,4.59,3.56
S2507,2,4.85,3.81
S2507,3,4.33,3.67
S2507,4,3.82,4.0
S2507,5,4.5,3.73
S2507,6,3.82,3.39
S2508,1,3.91,4.09
S2508,2,4.68,4.8
S2508,3,4.3,3.64
S2508,4,4.41,4.62
S2508,5,3.48,4.63
S2508,6,4.12,4.29
S2509,1,5.0,3.24
S2509,2,4.77,3.4
S2509,3,4.95,2.95
S2509,4,4.43,3.84
S2509,5,4.15,3.31
S2509,6,4.95,3.12
S2511,1,5.0,4.92
S2511,2,4.81,5.0
S2511,3,4.52,4.94
S2511,4,4.25,4.58
S2511,5,4.12,4.79
S2511,6,4.72,4.77
S2513,1,,4.91
S2513,2,4.11,4.67
S2513,3,4.33,4.21
S2513,4,4.2,4.11
S2513,5,4.64,4.39
S2513,6,4.25,4.39
S2514,1,3.31,3.84
S2514,2,3.24,4.35
S2514,3,3.67,3.72
S2514,4,3.7,4.49
S2514,5,3.58,4.58
S2514,6,4.09,3.97
S2515,1,,4.75
S2515,2,3.43,4.65
S2515,3,4.17,4.02
S2515,4,4.07,4.9
S2515,5,3.66,4.5
S2515,6,4.4,4.43
S2516,1,4.25,4.29
S2516,2,3.78,4.11
S2516,3,4.47,4.22
S2516,4,4.11,4.03
S2516,5,3.94,4.87
S2516,6,3.72,4.6
S2518,1,3.91,5.0
S2518,2,3.57,5.0
S2518,3,4.3,5.0
S2518,4,4.22,4.74
S2518,5,3.15,5.0
S2518,6,3.89,4.73
S2519,1,4.27,4.91
S2519,2,4.26,4.15
S2519,3,4.95,4.67
S2519,4,4.46,4.21
S2519,5,4.66,4.27
S2519,6,4.51,3.6
S2520,1,4.5,3.98
S2520,2,4.9,4.36
S2520,3,4.44,4.71
S2520,4,5.0,4.07
S2520,5,5.0,4.45
S2520,6,4.35,4.21
S2521,1,3.08,4.35
S2521,2,3.9,4.57
S2521,3,3.13,4.41
S2521,4,3.0,4.63
S2521,5,2.86,4.37
S2521,6,3.83,4.07
S2522,1,3.21,4.09
S2522,2,3.6,4.66
S2522,3,4.19,4.9
S2522,4,3.76,4.53
S2522,5,3.62,4.02
S2522,6,3.47,4.37
S2523,1,3.51,4.32
S2523,2,3.61,4.58
S2523,3,3.97,4.34
S2523,4,4.65,4.27
S2523,5,4.13,4.32
S2523,6,3.71,4.94
S2524,1,3.52,3.64
S2524,2,3.41,4.17
S2524,3,3.85,4.06
S2524,4,3.94,3.74
S2524,5,4.09,3.55
S2524,6,3.7,3.8
S2525,1,4.59,4.07
S2525,2,4.71,4.56
S2525,3,4.35,4.14
S2525,4,4.75,4.64
S2525,5,5.0,3.86
S2525,6,4.29,4.35
S2526,1,3.44,4.85
S2526,2,3.13,4.72
S2526,3,3.19,4.67
S2526,4,3.44,4.51
S2526,5,3.52,4.7
S2526,6,2.92,3.95
S2527,1,3.61,4.76
S2527,2,4.31,4.25
S2527,3,,4.95
S2527,4,3.96,4.28
S2527,5,4.08,3.94
S2527,6,3.8,3.66
S2528,1,3.28,4.25
S2528,2,4.25,3.57
S2528,3,3.87,3.62
S2528,4,3.6,3.92
S2528,5,3.57,4.18
S2528,6,3.34,3.62
S2529,1,4.86,4.93
S2529,2,4.44,4.73
S2529,3,4.46,5.0
S2529,4,4.64,5.0
S2529,5,4.58,4.74
S2529,6,4.04,4.81
S2530,1,4.36,3.9
S2530,2,3.77,4.01
S2530,3,4.15,4.06
S2530,4,4.33,3.93
S2530,5,4.25,4.25
S2530,6,,4.25
S2532,1,3.97,4.23
S2532,2,3.92,4.0
S2532,3,3.88,4.02
S2532,4,4.44,3.59
S2532,5,3.78,4.19
S2532,6,,4.3
S2533,1,4.16,4.01
S2533,2,,4.6
S2533,3,3.86,4.04
S2533,4,3.89,4.36
S2533,5,3.72,3.9
S2533,6,3.37,4.03
S2535,1,4.49,3.64
S2535,2,4.25,3.92
S2535,3,4.66,3.87
S2535,4,4.81,3.54
S2535,5,4.25,4.07
S2535,6,4.73,3.67
S2536,1,3.78,4.47
S2536,2,2.78,4.37
S2536,3,3.4,5.0
S2536,4,3.19,4.31
S2536,5,3.04,4.37
S2536,6,3.58,4.77
S2537,1,3.96,4.47
S2537,2,4.37,4.44
S2537,3,4.5,4.85
S2537,4,4.78,5.0
S2537,5,4.2,3.82
S2537,6,4.13,5.0
S2538,1,3.95,3.39
S2538,2,4.36,3.23
S2538,3,4.29,3.79
S2538,4,3.74,3.11
S2538,5,3.14,3.78
S2538,6,3.66,3.84
S2539,1,4.35,4.47
S2539,2,3.82,3.52
S2539,3,4.0,3.65
S2539,4,4.44,3.83
S2539,5,4.24,3.53
S2539,6,,4.13
S2541,1,4.64,3.75
S2541,2,4.73,4.04
S2541,3,,3.89
S2541,4,4.18,4.35
S2541,5,4.29,4.03
S2541,6,4.23,3.54
S2542,1,3.32,4.86
S2542,2,3.67,4.37
S2542,3,4.19,4.49
S2542,4,3.68,4.3
S2542,5,4.08,4.31
S2542,6,3.96,4.1
S2543,1,4.25,4.84
S2543,2,4.73,4.39
S2543,3,4.56,5.0
S2543,4,4.38,4.98
S2543,5,4.6,4.47
S2543,6,4.48,4.69
S2544,1,4.5,3.38
S2544,2,3.98,3.17
S2544,3,4.14,3.45
S2544,4,4.75,3.8
S2544,5,4.57,3.41
S2544,6,4.47,3.41
S2545,1,2.39,4.53
S2545,2,2.62,4.33
S2545,3,2.24,4.15
S2545,4,2.94,4.1
S2545,5,2.72,3.77
S2545,6,2.4,3.96
S2546,1,4.8,4.07
S2546,2,4.51,4.21
S2546,3,3.85,4.15
S2546,4,4.01,3.83
S2546,5,4.39,3.2
S2546,6,4.36,4.61
S2548,1,4.66,4.59
S2548,2,4.65,4.38
S2548,3,4.77,4.21
S2548,4,4.54,4.2
S2548,5,4.31,4.07
S2548,6,4.88,3.53
S2549,1,4.25,4.48
S2549,2,4.36,4.55
S2549,3,4.84,4.47
S2549,4,4.47,4.32
S2549,5,4.4,5.0
S2549,6,4.13,4.89
S2550,1,3.05,4.22
S2550,2,3.06,4.44
S2550,3,,4.83
S2550,4,3.02,4.35
S2550,5,3.26,4.17
S2550,6,2.92,4.57
S2551,1,3.77,4.5
S2551,2,4.12,3.94
S2551,3,3.82,4.68
S2551,4,4.54,4.34
S2551,5,3.9,5.0
S2551,6,4.09,4.4
S2552,1,4.08,4.33
S2552,2,4.41,4.08
S2552,3,4.33,3.85
S2552,4,4.02,4.18
S2552,5,3.98,4.35
S2552,6,4.16,3.99
S2553,1,3.3,3.68
S2553,2,3.29,3.24
S2553,3,3.23,3.42
S2553,4,3.46,3.42
S2553,5,4.42,3.74
S2553,6,3.77,3.12
S2554,1,2.87,4.46
S2554,2,2.82,5.0
S2554,3,2.91,4.61
S2554,4,3.94,4.65
S2554,5,3.03,4.79
S2554,6,3.36,4.81
S2555,1,5.0,4.88
S2555,2,3.79,4.76
S2555,3,4.06,4.14
S2555,4,4.74,5.0
S2555,5,4.47,4.76
S2555,6,,4.67
S2556,1,4.95,3.76
S2556,2,4.19,4.42
S2556,3,4.65,4.23
S2556,4,3.86,3.73
S2556,5,4.46,4.17
S2556,6,4.67,3.94
S2557,1,3.31,3.95
S2557,2,3.15,4.53
S2557,3,3.74,4.12
S2557,4,3.18,3.88
S2557,5,3.91,4.12
S2557,6,3.96,4.41
S2558,1,3.82,3.6
S2558,2,3.93,4.55
S2558,3,3.43,3.79
S2558,4,3.91,4.38
S2558,5,3.85,4.41
S2558,6,3.63,4.41
S2560,1,4.05,4.01
S2560,2,3.55,4.22
S2560,3,3.7,4.3
S2560,4,4.18,4.4
S2560,5,3.81,4.34
S2560,6,,4.05
S2561,1,3.17,4.11
S2561,2,2.74,4.56
S2561,3,3.18,4.43
S2561,4,2.76,4.09
S2561,5,3.45,4.14
S2561,6,3.75,3.9
S2562,1,3.57,4.73
S2562,2,3.81,4.74
S2562,3,3.74,4.88
S2562,4,5.0,4.41
S2562,5,4.55,4.2
S2562,6,4.03,4.78
S2563,1,3.77,4.59
S2563,2,3.37,4.49
S2563,3,4.37,4.83
S2563,4,3.52,4.19
S2563,5,,4.69
S2563,6,3.36,4.74
S2564,1,4.93,4.44
S2564,2,4.82,4.42
S2564,3,4.88,4.37
S2564,4,4.84,4.42
S2564,5,4.41,4.3
S2564,6,4.65,3.86
S2565,1,3.89,4.29
S2565,2,3.69,4.48
S2565,3,3.65,4.71
S2565,4,4.07,4.2
S2565,5,3.59,3.8
S2565,6,4.17,4.32
S2567,1,4.17,4.63
S2567,2,4.91,4.37
S2567,3,4.49,4.24
S2567,4,4.42,3.74
S2567,5,4.71,4.18
S2567,6,4.41,3.9
S2568,1,4.46,4.65
S2568,2,4.42,4.24
S2568,3,5.0,4.86
S2568,4,4.1,4.78
S2568,5,4.42,4.44
S2568,6,4.24,4.48
S2569,1,3.05,4.19
S2569,2,3.42,4.44
S2569,3,3.39,3.91
S2569,4,3.06,4.3
S2569,5,3.65,4.16
S2569,6,3.41,4.68
S2570,1,3.88,4.39
S2570,2,4.38,4.76
S2570,3,4.38,4.17
S2570,4,4.65,4.91
S2570,5,4.81,4.37
S2570,6,4.48,4.93
S2571,1,3.55,3.87
S2571,2,3.69,3.31
S2571,3,3.72,3.89
S2571,4,3.24,3.4
S2571,5,4.02,3.94
S2571,6,3.56,2.78
S2572,1,4.23,3.53
S2572,2,3.95,3.86
S2572,3,3.68,4.47
S2572,4,3.96,3.83
S2572,5,3.95,4.03
S2572,6,4.16,3.3
S2573,1,3.01,3.87
S2573,2,3.52,4.0
S2573,3,3.38,4.22
S2573,4,3.47,4.48
S2573,5,3.66,3.59
S2573,6,3.83,3.9
S2574,1,4.72,4.14
S2574,2,4.39,3.68
S2574,3,4.48,4.18
S2574,4,4.67,3.69
S2574,5,4.55,3.21
S2574,6,4.69,4.21
S2575,1,3.72,3.92
S2575,2,3.38,4.27
S2575,3,4.05,3.66
S2575,4,3.45,3.67
S2575,5,4.12,4.4
S2575,6,3.73,4.11
S2576,1,3.88,4.65
S2576,2,4.46,4.89
S2576,3,4.81,4.59
S2576,4,4.58,4.54
S2576,5,4.74,5.0
S2576,6,4.81,4.56
S2577,1,4.49,4.83
S2577,2,4.89,4.25
S2577,3,4.84,4.71
S2577,4,5.0,4.96
S2577,5,4.68,4.38
S2577,6,4.58,4.33
S2578,1,4.27,4.19
S2578,2,4.67,3.73
S2578,3,4.22,4.11
S2578,4,4.29,3.75
S2578,5,,3.72
S2578,6,4.0,3.68
S2579,1,4.14,3.46
S2579,2,3.79,3.22
S2579,3,3.94,3.55
S2579,4,4.02,3.16
S2579,5,4.13,3.62
S2579,6,4.36,3.37
S2580,1,3.91,4.15
S2580,2,3.93,4.58
S2580,3,3.29,4.98
S2580,4,3.77,4.21
S2580,5,3.69,4.28
S2580,6,3.56,4.71
S2581,1,4.79,4.77
S2581,2,4.32,4.06
S2581,3,4.47,4.64
S2581,4,4.37,4.27
S2581,5,4.53,4.72
S2581,6,4.6,3.94
S2582,1,4.95,3.54
S2582,2,4.2,4.02
S2582,3,,3.16
S2582,4,3.89,3.66
S2582,5,3.98,3.83
S2582,6,4.32,3.6
S2584,1,2.94,4.35
S2584,2,3.32,3.99
S2584,3,3.13,4.21
S2584,4,2.97,3.85
S2584,5,2.78,4.53
S2584,6,,4.13
S2586,1,3.8,4.87
S2586,2,3.13,4.28
S2586,3,3.77,4.65
S2586,4,3.8,5.0
S2586,5,2.94,4.58
S2586,6,3.4,4.82
S2587,1,3.09,3.76
S2587,2,3.35,3.75
S2587,3,3.29,4.32
S2587,4,3.61,4.0
S2587,5,3.0,3.52
S2587,6,3.23,4.22
S2589,1,4.45,3.93
S2589,2,4.36,3.5
S2589,3,4.0,3.95
S2589,4,4.45,3.76
S2589,5,4.46,3.99
S2589,6,4.59,3.71
S2590,1,4.84,4.07
S2590,2,4.01,5.0
S2590,3,4.59,4.26
S2590,4,4.41,4.41
S2590,5,4.78,4.22
S2590,6,4.62,4.42
S2591,1,3.54,3.88
S2591,2,3.07,3.79
S2591,3,3.68,4.19
S2591,4,3.55,4.03
S2591,5,3.73,4.2
S2591,6,3.47,3.79
S2592,1,4.67,3.63
S2592,2,4.29,4.17
S2592,3,4.36,4.41
S2592,4,4.18,3.97
S2592,5,4.38,3.94
S2592,6,5.0,4.14
S2593,1,4.65,4.16
S2593,2,4.17,4.1
S2593,3,4.4,4.13
S2593,4,4.8,4.54
S2593,5,4.44,4.22
S2593,6,4.62,4.33
S2594,1,4.52,4.25
S2594,2,4.55,4.12
S2594,3,4.05,4.47
S2594,4,4.37,4.79
S2594,5,5.0,4.8
S2594,6,4.45,4.44
S2595,1,4.97,4.76
S2595,2,4.27,4.68
S2595,3,4.36,4.7
S2595,4,4.45,4.38
S2595,5,4.79,4.67
S2595,6,4.36,4.69
S2596,1,4.09,3.64
S2596,2,2.94,4.28
S2596,3,3.68,4.57
S2596,4,2.82,5.0
S2596,5,,3.82
S2596,6,2.55,5.0
S2597,1,3.72,4.4
S2597,2,3.48,4.8
S2597,3,3.32,4.61
S2597,4,3.38,4.99
S2597,5,2.86,4.0
S2597,6,3.47,4.79
S2598,1,3.62,4.37
S2598,2,3.32,4.13
S2598,3,3.56,3.61
S2598,4,3.07,4.31
S2598,5,3.74,4.27
S2598,6,3.44,4.63
S2599,1,3.5,4.63
S2599,2,3.99,4.33
S2599,3,3.73,4.32
S2599,4,3.43,4.07
S2599,5,3.53,4.21
S2599,6,3.69,4.23
S2600,1,4.43,4.39
S2600,2,4.14,4.29
S2600,3,4.54,3.98
S2600,4,4.2,4.14
S2600,5,,3.74
S2600,6,4.46,4.03
S2601,1,4.39,4.54
S2601,2,3.97,3.99
S2601,3,4.06,3.97
S2601,4,3.93,4.09
S2601,5,,4.25
S2601,6,4.18,3.85
S2603,1,4.12,3.74
S2603,2,3.52,3.98
S2603,3,4.25,4.11
S2603,4,4.2,3.4
S2603,5,4.63,3.46
S2603,6,3.87,3.92
S2604,1,3.17,4.68
S2604,2,4.08,4.41
S2604,3,3.76,4.54
S2604,4,3.81,4.66
S2604,5,3.53,4.63
S2604,6,3.42,4.67
S2605,1,4.39,4.4
S2605,2,3.84,4.21
S2605,3,4.13,3.99
S2605,4,3.88,4.37
S2605,5,3.97,4.54
S2605,6,4.52,4.03
S2606,1,4.15,4.45
S2606,2,4.79,4.25
S2606,3,4.1,4.59
S2606,4,3.78,4.2
S2606,5,3.74,4.32
S2606,6,4.42,4.61
S2607,1,4.81,4.39
S2607,2,5.0,4.65
S2607,3,4.45,5.0
S2607,4,4.91,4.3
S2607,5,4.11,4.18
S2607,6,4.55,4.64
S2608,1,4.36,4.87
S2608,2,4.36,4.55
S2608,3,4.44,3.86
S2608,4,4.9,4.47
S2608,5,4.35,4.68
S2608,6,4.41,4.42
S2609,1,4.03,4.15
S2609,2,4.42,3.87
S2609,3,3.86,4.13
S2609,4,3.74,3.77
S2609,5,4.32,4.02
S2609,6,4.36,3.74
S2612,1,3.99,3.64
S2612,2,2.91,4.28
S2612,3,3.91,4.22
S2612,4,3.84,3.95
S2612,5,3.84,4.79
S2612,6,3.32,3.75
S2613,1,3.55,3.57
S2613,2,3.22,4.39
S2613,3,3.21,4.03
S2613,4,3.56,3.92
S2613,5,3.39,3.98
S2613,6,3.4,3.81
S2614,1,3.59,3.63
S2614,2,3.64,3.82
S2614,3,4.03,4.26
S2614,4,3.23,4.12
S2614,5,3.91,3.77
S2614,6,4.01,4.69
S2615,1,3.53,3.83
S2615,2,2.52,4.22
S2615,3,3.58,4.32
S2615,4,3.64,4.11
S2615,5,3.21,4.49
S2615,6,3.36,4.85
S2616,1,3.38,4.14
S2616,2,3.08,4.44
S2616,3,3.56,4.01
S2616,4,3.25,3.81
S2616,5,3.76,4.86
S2616,6,3.29,4.43
S2617,1,4.63,4.12
S2617,2,3.86,3.63
S2617,3,4.02,4.0
S2617,4,3.46,4.28
S2617,5,4.08,4.49
S2617,6,3.46,4.34
S2618,1,4.31,4.05
S2618,2,4.0,4.25
S2618,3,3.61,3.7
S2618,4,3.84,3.88
S2618,5,3.71,4.06
S2618,6,3.97,4.1
S2619,1,3.96,4.09
S2619,2,3.99,4.52
S2619,3,3.79,4.03
S2619,4,4.03,4.38
S2619,5,3.98,4.53
S2619,6,4.53,4.68
S2620,1,3.08,4.39
S2620,2,3.92,4.8
S2620,3,3.07,4.64
S2620,4,3.4,4.58
S2620,5,3.45,4.32
S2620,6,3.43,4.33
S2621,1,4.16,4.9
S2621,2,3.89,4.55
S2621,3,3.77,4.38
S2621,4,4.45,4.2
S2621,5,3.95,4.59
S2621,6,4.2,4.02
S2622,1,3.8,4.86
S2622,2,,4.76
S2622,3,,4.59
S2622,4,3.41,4.44
S2622,5,2.7,3.98
S2622,6,3.36,4.22
S2623,1,3.64,4.43
S2623,2,3.12,4.65
S2623,3,3.77,4.43
S2623,4,3.38,4.65
S2623,5,3.32,5.0
S2623,6,3.72,4.54
S2624,1,4.3,5.0
S2624,2,3.89,4.48
S2624,3,3.77,4.5
S2624,4,3.83,4.25
S2624,5,3.83,4.78
S2624,6,4.16,4.05
S2625,1,3.61,4.04
S2625,2,3.96,4.37
S2625,3,3.82,4.47
S2625,4,3.6,4.47
S2625,5,3.11,3.8
S2625,6,3.62,4.52
S2626,1,3.36,4.93
S2626,2,3.63,4.25
S2626,3,3.75,4.38
S2626,4,3.52,4.65
S2626,5,3.27,4.96
S2626,6,3.75,3.99
S2627,1,3.03,4.49
S2627,2,3.41,4.65
S2627,3,3.11,4.8
S2627,4,2.83,5.0
S2627,5,3.74,4.9
S2627,6,3.45,4.53
S2628,1,3.92,4.92
S2628,2,4.82,4.12
S2628,3,4.38,4.63
S2628,4,4.42,4.33
S2628,5,4.32,4.49
S2628,6,4.02,4.2
S2629,1,3.0,4.47
S2629,2,2.81,4.06
S2629,3,3.15,4.41
S2629,4,3.71,4.26
S2629,5,2.65,4.07
S2629,6,3.2,3.7
S2630,1,3.83,3.27
S2630,2,3.28,3.51
S2630,3,3.53,4.07
S2630,4,3.09,3.76
S2630,5,3.88,4.03
S2630,6,3.64,3.6
S2631,1,3.68,4.94
S2631,2,4.58,5.0
S2631,3,3.95,4.8
S2631,4,3.9,4.87
S2631,5,4.33,4.5
S2631,6,4.45,4.6
S2632,1,4.27,3.89
S2632,2,4.53,4.34
S2632,3,4.6,4.12
S2632,4,4.28,4.24
S2632,5,4.65,3.97
S2632,6,4.29,4.24
S2633,1,4.04,4.3
S2633,2,3.73,4.63
S2633,3,3.83,4.03
S2633,4,3.46,4.27
S2633,5,3.16,4.53
S2633,6,4.33,3.94
S2634,1,3.58,3.59
S2634,2,3.89,4.08
S2634,3,3.91,4.07
S2634,4,3.7,3.73
S2634,5,3.86,3.53
S2634,6,4.45,4.44
S2635,1,2.85,4.22
S2635,2,2.49,4.33
S2635,3,3.23,4.44
S2635,4,3.5,4.02
S2635,5,2.92,4.73
S2635,6,3.31,4.19
S2636,1,3.64,4.23
S2636,2,3.87,4.1
S2636,3,4.47,4.85
S2636,4,4.11,4.05
S2636,5,4.01,4.51
S2636,6,4.48,4.14
S2637,1,3.67,4.38
S2637,2,4.17,4.52
S2637,3,3.74,3.99
S2637,4,3.6,4.47
S2637,5,3.89,4.16
S2637,6,3.66,3.77
S2639,1,3.42,3.88
S2639,2,3.02,3.96
S2639,3,3.22,4.41
S2639,4,3.1,3.99
S2639,5,3.57,3.99
S2639,6,3.5,3.52
S2640,1,4.39,4.37
S2640,2,3.9,4.67
S2640,3,4.39,4.81
S2640,4,4.26,4.81
S2640,5,4.24,5.0
S2640,6,3.43,4.62
S2641,1,4.43,4.4
S2641,2,4.37,4.62
S2641,3,4.08,4.44
S2641,4,3.98,4.09
S2641,5,4.65,4.63
S2641,6,4.01,4.17
S2642,1,4.68,3.85
S2642,2,4.31,3.57
S2642,3,4.0,3.58
S2642,4,3.89,3.68
S2642,5,4.4,3.93
S2642,6,4.15,4.31
S2643,1,,3.2
S2643,2,2.99,3.66
S2643,3,3.48,4.15
S2643,4,3.27,3.96
S2643,5,3.69,4.2
S2643,6,3.74,4.2
S2644,1,3.86,4.3
S2644,2,4.56,4.41
S2644,3,4.54,4.27
S2644,4,4.24,4.74
S2644,5,4.58,4.2
S2644,6,4.33,4.7
S2645,1,4.81,3.84
S2645,2,3.82,3.75
S2645,3,5.0,3.47
S2645,4,4.75,4.12
S2645,5,4.97,3.83
S2645,6,4.93,4.25
S2646,1,3.44,5.0
S2646,2,3.45,5.0
S2646,3,3.67,5.0
S2646,4,3.4,5.0
S2646,5,3.58,4.9
S2646,6,4.07,4.85
S2647,1,3.42,4.91
S2647,2,4.32,4.89
S2647,3,4.27,4.81
S2647,4,4.3,4.65
S2647,5,3.97,4.53
S2647,6,4.41,4.56
S2648,1,3.19,4.12
S2648,2,3.74,4.09
S2648,3,4.0,4.36
S2648,4,3.61,4.64
S2648,5,3.61,4.21
S2648,6,3.86,4.16
S2649,1,4.28,4.33
S2649,2,4.17,4.57
S2649,3,4.24,4.62
S2649,4,4.05,4.6
S2649,5,4.19,4.77
S2649,6,4.38,4.45
S2650,1,4.18,4.65
S2650,2,4.17,4.04
S2650,3,3.76,4.02
S2650,4,4.37,4.42
S2650,5,4.5,4.16
S2650,6,4.06,3.85
S2651,1,3.97,3.83
S2651,2,3.94,4.59
S2651,3,3.67,4.83
S2651,4,3.8,4.93
S2651,5,3.9,4.94
S2651,6,4.11,4.13
S2653,1,3.2,4.97
S2653,2,4.03,4.73
S2653,3,3.68,4.52
S2653,4,3.7,4.36
S2653,5,,4.36
S2653,6,4.14,4.54
S2654,1,4.54,3.26
S2654,2,4.67,3.4
S2654,3,3.6,3.67
S2654,4,4.82,3.31
S2654,5,4.3,3.45
S2654,6,3.92,3.81
S2656,1,3.82,4.62
S2656,2,3.34,4.34
S2656,3,3.67,4.2
S2656,4,3.0,5.0
S2656,5,3.41,4.39
S2656,6,3.66,3.52
S2657,1,3.52,4.11
S2657,2,3.67,4.28
S2657,3,3.64,4.68
S2657,4,3.53,4.84
S2657,5,3.88,5.0
S2657,6,3.48,4.3
S2658,1,2.82,4.68
S2658,2,2.95,4.36
S2658,3,3.04,5.0
S2658,4,2.93,4.64
S2658,5,3.42,4.92
S2658,6,3.46,4.57
S2659,1,4.31,4.42
S2659,2,4.28,4.04
S2659,3,3.99,4.02
S2659,4,4.32,4.5
S2659,5,3.82,4.2
S2659,6,4.0,4.45
S2660,1,3.5,4.05
S2660,2,3.93,4.52
S2660,3,,5.0
S2660,4,3.52,4.74
S2660,5,3.37,4.64
S2660,6,3.34,4.12
S2661,1,4.53,4.29
S2661,2,3.97,4.07
S2661,3,4.6,4.54
S2661,4,4.6,4.44
S2661,5,4.54,4.04
S2661,6,4.38,4.26
S2662,1,3.58,3.95
S2662,2,4.4,4.05
S2662,3,3.77,4.05
S2662,4,3.71,3.84
S2662,5,4.01,4.19
S2662,6,3.77,4.02
S2663,1,3.87,3.66
S2663,2,4.9,3.53
S2663,3,4.0,3.89
S2663,4,3.85,3.77
S2663,5,4.74,3.81
S2663,6,4.12,4.07
S2664,1,4.53,4.7
S2664,2,4.18,4.6
S2664,3,3.93,3.83
S2664,4,3.85,4.21
S2664,5,4.27,4.11
S2664,6,3.89,3.4
S2665,1,3.54,4.89
S2665,2,3.68,4.26
S2665,3,3.94,3.83
S2665,4,3.67,4.91
S2665,5,3.89,4.04
S2665,6,3.7,4.4
S2666,1,,4.26
S2666,2,4.31,4.28
S2666,3,3.94,4.44
S2666,4,4.17,4.05
S2666,5,4.44,4.09
S2666,6,4.27,4.18
S2667,1,4.38,4.52
S2667,2,4.11,4.02
S2667,3,4.58,3.72
S2667,4,4.31,4.8
S2667,5,4.59,3.98
S2667,6,4.91,4.12
S2668,1,4.63,4.69
S2668,2,4.13,4.25
S2668,3,4.18,4.49
S2668,4,3.9,4.36
S2668,5,3.84,4.83
S2668,6,4.46,4.48
S2669,1,3.53,4.42
S2669,2,2.97,4.87
S2669,3,2.95,4.09
S2669,4,3.12,4.12
S2669,5,3.77,4.65
S2669,6,2.95,3.94
S2670,1,4.56,4.15
S2670,2,4.73,3.25
S2670,3,4.35,4.05
S2670,4,3.87,3.49
S2670,5,4.15,3.82
S2670,6,3.98,3.81
S2671,1,4.09,3.99
S2671,2,4.73,4.18
S2671,3,4.17,4.11
S2671,4,4.47,3.92
S2671,5,4.06,3.47
S2671,6,3.94,4.16
S2672,1,4.89,4.74
S2672,2,4.95,4.19
S2672,3,4.96,4.63
S2672,4,4.33,4.66
S2672,5,5.0,4.55
S2672,6,4.28,3.98
S2673,1,3.85,4.77
S2673,2,4.24,4.07
S2673,3,4.39,4.67
S2673,4,3.85,4.3
S2673,5,4.52,4.63
S2673,6,3.61,4.73
S2674,1,3.33,4.07
S2674,2,3.89,4.4
S2674,3,3.96,4.37
S2674,4,4.29,4.72
S2674,5,3.78,4.28
S2674,6,3.62,4.1
S2675,1,3.95,4.46
S2675,2,4.33,4.59
S2675,3,4.03,5.0
S2675,4,4.29,4.53
S2675,5,4.49,4.91
S2675,6,4.05,4.98
S2676,1,4.46,4.21
S2676,2,4.22,3.75
S2676,3,4.15,4.18
S2676,4,4.53,3.68
S2676,5,4.66,4.13
S2676,6,4.55,4.15
S2677,1,5.0,4.49
S2677,2,4.88,4.32
S2677,3,4.79,4.36
S2677,4,4.79,4.33
S2677,5,,4.72
S2677,6,4.61,4.94
S2678,1,,4.31
S2678,2,3.93,4.16
S2678,3,3.61,4.48
S2678,4,,3.89
S2678,5,3.9,4.42
S2678,6,3.45,3.97
S2679,1,3.09,4.12
S2679,2,2.78,4.76
S2679,3,3.4,4.09
S2679,4,3.14,4.16
S2679,5,3.04,4.55
S2679,6,2.94,4.42
S2680,1,4.11,4.18
S2680,2,4.53,4.53
S2680,3,3.93,3.92
S2680,4,4.32,4.22
S2680,5,3.67,3.83
S2680,6,4.44,4.39
S2681,1,4.19,3.88
S2681,2,3.78,3.75
S2681,3,,3.55
S2681,4,4.35,4.37
S2681,5,4.39,3.55
S2681,6,4.6,4.31
S2682,1,3.9,4.25
S2682,2,5.0,4.97
S2682,3,4.34,4.12
S2682,4,4.33,4.33
S2682,5,3.96,4.09
S2682,6,4.67,3.92
S2683,1,4.34,3.97
S2683,2,3.57,4.63
S2683,3,4.01,4.46
S2683,4,3.98,4.22
S2683,5,,4.14
S2683,6,3.44,4.38
S2684,1,3.53,4.49
S2684,2,3.68,4.95
S2684,3,,4.77
S2684,4,3.26,4.44
S2684,5,3.74,5.0
S2684,6,3.38,4.42
S2685,1,3.53,4.1
S2685,2,3.76,4.48
S2685,3,4.03,4.57
S2685,4,4.07,4.17
S2685,5,3.66,4.76
S2685,6,4.41,4.31
S2686,1,3.09,3.27
S2686,2,3.2,3.54
S2686,3,2.86,4.02
S2686,4,2.84,3.93
S2686,5,2.57,3.33
S2686,6,3.02,3.76
S2689,1,3.81,4.88
S2689,2,4.05,4.54
S2689,3,3.51,4.84
S2689,4,4.15,4.67
S2689,5,3.68,4.23
S2689,6,4.17,5.0
S2690,1,3.86,4.71
S2690,2,3.63,4.62
S2690,3,3.91,4.13
S2690,4,4.12,4.4
S2690,5,3.69,4.48
S2690,6,3.69,4.44
S2691,1,3.8,4.73
S2691,2,4.0,4.3
S2691,3,3.87,4.72
S2691,4,4.44,5.0
S2691,5,3.89,4.62
S2691,6,3.82,4.16
S2692,1,4.03,4.12
S2692,2,4.42,3.91
S2692,3,4.89,3.93
S2692,4,4.18,4.36
S2692,5,,4.13
S2692,6,3.97,3.91
S2693,1,4.16,3.69
S2693,2,4.54,3.84
S2693,3,4.58,3.99
S2693,4,4.22,3.97
S2693,5,4.15,4.5
S2693,6,3.81,4.06
S2694,1,4.84,4.02
S2694,2,4.9,3.45
S2694,3,4.41,4.34
S2694,4,4.63,3.54
S2694,5,5.0,3.73
S2694,6,4.61,3.95
S2695,1,3.72,3.98
S2695,2,3.31,4.17
S2695,3,4.04,4.02
S2695,4,3.79,4.07
S2695,5,4.23,3.5
S2695,6,3.12,3.67
S2696,1,2.55,3.9
S2696,2,3.15,3.98
S2696,3,2.62,4.04
S2696,4,2.6,4.2
S2696,5,1.89,3.96
S2696,6,2.31,3.67
S2698,1,3.94,3.96
S2698,2,3.17,3.47
S2698,3,3.6,3.95
S2698,4,4.04,3.8
S2698,5,3.39,3.52
S2698,6,3.75,4.12
S2699,1,4.44,3.92
S2699,2,3.84,3.47
S2699,3,3.93,3.98
S2699,4,4.74,4.04
S2699,5,5.0,4.1
S2699,6,5.0,4.35
S2700,1,3.34,4.48
S2700,2,3.5,4.47
S2700,3,3.33,4.3
S2700,4,3.69,4.67
S2700,5,3.54,3.95
S2700,6,3.23,4.55
S2701,1,4.92,4.4
S2701,2,4.67,4.1
S2701,3,5.0,4.24
S2701,4,4.22,3.39
S2701,5,,4.26
S2701,6,3.98,4.17
S2702,1,4.16,4.69
S2702,2,,5.0
S2702,3,3.85,4.55
S2702,4,4.22,4.35
S2702,5,4.32,4.93
S2702,6,4.02,4.48
S2703,1,4.27,4.6
S2703,2,4.06,4.35
S2703,3,4.28,4.25
S2703,4,4.15,4.04
S2703,5,3.81,4.51
S2703,6,3.71,4.29
S2704,1,4.23,4.2
S2704,2,4.27,4.31
S2704,3,4.31,4.16
S2704,4,4.91,4.15
S2704,5,4.29,4.42
S2704,6,4.31,4.61
S2705,1,4.58,5.0
S2705,2,4.6,5.0
S2705,3,4.39,4.33
S2705,4,4.27,4.38
S2705,5,3.56,5.0
S2705,6,4.34,5.0
S2706,1,3.79,4.31
S2706,2,3.7,3.88
S2706,3,3.85,3.51
S2706,4,4.22,4.26
S2706,5,4.22,3.7
S2706,6,3.73,4.43
S2707,1,3.14,4.33
S2707,2,3.5,3.32
S2707,3,3.75,3.63
S2707,4,3.56,4.24
S2707,5,3.65,4.54
S2707,6,3.68,3.9
S2709,1,4.72,4.54
S2709,2,,4.2
S2709,3,4.34,4.64
S2709,4,4.82,4.18
S2709,5,4.34,5.0
S2709,6,4.28,4.05
S2710,1,4.43,4.71
S2710,2,3.98,4.37
S2710,3,3.5,4.93
S2710,4,3.57,4.47
S2710,5,3.91,4.28
S2710,6,3.7,4.78
S2711,1,4.58,4.71
S2711,2,4.44,4.06
S2711,3,4.15,4.28
S2711,4,4.17,4.52
S2711,5,4.62,4.66
S2711,6,4.55,3.91
S2712,1,4.14,4.05
S2712,2,4.34,4.91
S2712,3,4.69,4.23
S2712,4,3.97,4.4
S2712,5,4.19,4.56
S2712,6,4.62,4.49
S2714,1,3.93,3.76
S2714,2,4.18,4.2
S2714,3,4.14,3.57
S2714,4,4.05,3.69
S2714,5,4.17,3.63
S2714,6,4.23,3.91
S2715,1,3.4,4.5
S2715,2,3.06,4.03
S2715,3,3.64,3.82
S2715,4,3.5,3.84
S2715,5,3.55,3.94
S2715,6,3.07,4.31
S2716,1,3.25,4.72
S2716,2,3.39,4.24
S2716,3,3.55,4.53
S2716,4,2.98,4.15
S2716,5,4.03,4.56
S2716,6,3.61,4.31
S2717,1,3.92,4.64
S2717,2,3.81,4.43
S2717,3,3.56,4.66
S2717,4,4.36,4.5
S2717,5,4.04,4.47
S2717,6,4.11,4.46
S2718,1,4.79,4.63
S2718,2,4.2,4.55
S2718,3,4.48,4.07
S2718,4,4.32,4.3
S2718,5,4.15,3.91
S2718,6,4.44,3.7
S2719,1,3.12,4.16
S2719,2,3.16,3.85
S2719,3,3.17,3.52
S2719,4,3.77,3.93
S2719,5,3.63,3.7
S2719,6,3.65,4.44
S2720,1,4.15,4.32
S2720,2,3.94,4.16
S2720,3,5.0,4.08
S2720,4,4.64,4.51
S2720,5,4.29,4.9
S2720,6,4.54,4.34
S2721,1,4.19,3.22
S2721,2,4.2,3.94
S2721,3,3.88,3.46
S2721,4,3.92,3.21
S2721,5,4.46,3.92
S2721,6,3.52,3.49
S2722,1,4.27,4.11
S2722,2,4.52,4.47
S2722,3,4.29,4.16
S2722,4,4.3,3.42
S2722,5,4.51,3.78
S2722,6,4.32,4.1
S2723,1,4.16,4.54
S2723,2,4.54,4.87
S2723,3,3.89,4.2
S2723,4,4.3,4.74
S2723,5,4.3,4.99
S2723,6,4.17,4.42
S2724,1,4.24,4.53
S2724,2,3.76,4.77
S2724,3,3.95,4.37
S2724,4,3.69,4.46
S2724,5,3.53,4.56
S2724,6,3.81,4.3
S2725,1,4.47,4.24
S2725,2,3.9,3.76
S2725,3,3.54,3.48
S2725,4,4.1,3.8
S2725,5,3.45,3.85
S2725,6,4.13,3.83
S2726,1,4.01,4.19
S2726,2,4.24,4.5
S2726,3,4.21,4.51
S2726,4,3.95,4.06
S2726,5,3.56,4.42
S2726,6,4.02,4.58
S2727,1,3.35,3.75
S2727,2,2.43,3.99
S2727,3,2.52,4.39
S2727,4,,4.38
S2727,5,2.38,3.83
S2727,6,3.04,4.22
S2728,1,3.62,3.97
S2728,2,3.2,3.82
S2728,3,3.21,3.95
S2728,4,2.95,3.75
S2728,5,3.61,3.97
S2728,6,3.38,3.99
S2729,1,4.64,4.54
S2729,2,4.86,5.0
S2729,3,4.31,4.59
S2729,4,4.9,4.96
S2729,5,5.0,4.97
S2729,6,4.98,4.65
S2730,1,3.62,4.26
S2730,2,4.0,5.0
S2730,3,,4.52
S2730,4,3.74,4.78
S2730,5,3.91,4.7
S2730,6,3.57,4.57
S2731,1,4.39,4.48
S2731,2,4.45,3.89
S2731,3,4.75,4.45
S2731,4,4.35,4.52
S2731,5,4.37,4.67
S2731,6,4.17,5.0
S2732,1,3.73,3.39
S2732,2,3.52,4.17
S2732,3,4.25,4.06
S2732,4,3.82,3.73
S2732,5,3.55,4.02
S2732,6,,4.21
S2733,1,4.55,3.79
S2733,2,3.58,4.09
S2733,3,3.6,4.32
S2733,4,4.12,3.81
S2733,5,3.56,4.48
S2733,6,3.83,4.26
S2734,1,3.76,4.4
S2734,2,3.81,4.34
S2734,3,3.92,4.41
S2734,4,4.05,3.95
S2734,5,3.57,4.05
S2734,6,4.0,4.4
S2735,1,4.71,3.74
S2735,2,4.34,4.61
S2735,3,4.2,4.41
S2735,4,3.92,4.25
S2735,5,4.52,3.9
S2735,6,3.84,4.16
S2736,1,3.88,4.87
S2736,2,3.66,4.62
S2736,3,3.51,4.64
S2736,4,3.2,4.86
S2736,5,3.54,4.1
S2736,6,3.19,4.29
S2737,1,4.37,4.1
S2737,2,4.28,4.12
S2737,3,4.5,4.3
S2737,4,4.21,4.33
S2737,5,4.73,4.07
S2737,6,4.6,4.17
S2738,1,4.47,3.92
S2738,2,4.82,3.47
S2738,3,4.01,3.91
S2738,4,4.67,4.16
S2738,5,,3.82
S2738,6,4.0,3.99
S2739,1,3.8,4.75
S2739,2,4.52,4.26
S2739,3,4.35,4.32
S2739,4,4.22,4.58
S2739,5,4.33,4.5
S2739,6,4.19,4.53
S2741,1,3.54,3.86
S2741,2,3.21,4.2
S2741,3,3.47,3.92
S2741,4,3.12,4.03
S2741,5,3.25,4.21
S2741,6,2.83,4.38
S2742,1,4.21,4.37
S2742,2,4.37,4.42
S2742,3,4.57,4.12
S2742,4,4.38,3.77
S2742,5,4.19,4.55
S2742,6,4.12,4.31
S2743,1,4.1,4.76
S2743,2,4.01,4.68
S2743,3,4.18,4.09
S2743,4,4.05,4.8
S2743,5,3.75,4.29
S2743,6,4.0,4.05
S2744,1,5.0,4.29
S2744,2,4.56,3.91
S2744,3,4.66,3.68
S2744,4,4.73,4.14
S2744,5,4.41,4.53
S2744,6,4.87,3.59
S2745,1,,4.66
S2745,2,4.4,4.27
S2745,3,4.88,4.27
S2745,4,4.3,4.56
S2745,5,4.29,3.93
S2745,6,4.14,4.47
S2746,1,,3.71
S2746,2,4.75,4.2
S2746,3,4.52,3.82
S2746,4,4.2,2.93
S2746,5,4.09,4.02
S2746,6,4.21,3.93
S2747,1,3.33,4.06
S2747,2,3.4,4.17
S2747,3,3.3,4.21
S2747,4,3.77,4.16
S2747,5,3.62,4.18
S2747,6,2.98,4.4
S2748,1,4.23,4.59
S2748,2,4.29,4.07
S2748,3,3.63,4.49
S2748,4,3.36,4.34
S2748,5,4.33,4.02
S2748,6,3.83,4.43
S2749,1,4.26,4.27
S2749,2,3.94,4.59
S2749,3,3.86,4.48
S2749,4,4.18,5.0
S2749,5,4.01,4.13
S2749,6,4.41,4.67
S2750,1,4.52,4.46
S2750,2,4.25,3.96
S2750,3,3.78,4.45
S2750,4,4.58,4.31
S2750,5,3.92,4.52
S2750,6,3.92,4.51
S2751,1,4.04,4.49
S2751,2,3.88,5.0
S2751,3,4.2,4.75
S2751,4,4.71,4.21
S2751,5,4.37,4.79
S2751,6,3.91,5.0
S2752,1,4.12,4.07
S2752,2,4.89,4.07
S2752,3,4.64,4.55
S2752,4,4.95,3.71
S2752,5,4.56,4.23
S2752,6,4.19,3.92
S2753,1,4.49,4.59
S2753,2,4.35,3.85
S2753,3,,3.94
S2753,4,3.99,3.69
S2753,5,3.72,3.89
S2753,6,3.99,4.2
S2754,1,3.78,4.22
S2754,2,3.58,4.49
S2754,3,3.6,4.81
S2754,4,3.83,4.98
S2754,5,4.21,4.38
S2754,6,3.66,4.54
S2755,1,3.69,3.93
S2755,2,4.35,4.26
S2755,3,3.41,3.49
S2755,4,3.9,3.91
S2755,5,4.19,4.05
S2755,6,3.86,3.6
S2756,1,4.27,4.24
S2756,2,3.44,4.65
S2756,3,4.35,4.57
S2756,4,3.77,3.96
S2756,5,3.75,4.05
S2756,6,,4.07
S2757,1,4.02,4.18
S2757,2,3.25,4.25
S2757,3,3.9,4.22
S2757,4,3.48,4.17
S2757,5,3.03,3.99
S2757,6,3.77,4.22
S2758,1,3.84,3.56
S2758,2,4.85,3.74
S2758,3,4.31,4.51
S2758,4,4.39,4.49
S2758,5,,4.27
S2758,6,4.16,4.75
S2759,1,4.44,4.05
S2759,2,4.25,4.66
S2759,3,3.89,3.98
S2759,4,4.1,4.56
S2759,5,,4.62
S2759,6,3.95,4.14
S2760,1,3.11,3.9
S2760,2,3.64,3.54
S2760,3,3.56,4.31
S2760,4,3.36,4.19
S2760,5,2.92,4.06
S2760,6,4.06,4.47
S2761,1,3.65,4.54
S2761,2,4.37,4.0
S2761,3,3.88,4.83
S2761,4,4.0,4.36
S2761,5,4.3,4.52
S2761,6,3.98,4.87
S2762,1,4.49,3.87
S2762,2,4.34,4.04
S2762,3,4.74,3.74
S2762,4,4.3,3.72
S2762,5,4.31,4.18
S2762,6,4.83,4.05
S2763,1,4.62,4.04
S2763,2,4.29,4.38
S2763,3,4.34,4.04
S2763,4,4.67,4.23
S2763,5,4.28,4.58
S2763,6,4.22,3.82
S2764,1,3.47,4.44
S2764,2,2.71,4.4
S2764,3,2.55,4.29
S2764,4,2.9,4.43
S2764,5,2.58,4.73
S2764,6,2.89,4.49
S2765,1,3.94,4.36
S2765,2,3.81,3.2
S2765,3,3.76,4.0
S2765,4,4.22,3.43
S2765,5,4.04,2.78
S2765,6,3.66,3.64
S2766,1,4.35,4.59
S2766,2,,4.0
S2766,3,4.48,3.8
S2766,4,4.48,4.41
S2766,5,4.57,4.44
S2766,6,4.42,4.45
S2767,1,4.67,4.22
S2767,2,3.81,4.24
S2767,3,4.48,4.53
S2767,4,4.4,4.32
S2767,5,4.22,4.4
S2767,6,3.84,4.01
S2768,1,3.46,4.59
S2768,2,3.92,4.68
S2768,3,,4.54
S2768,4,3.87,4.64
S2768,5,,4.46
S2768,6,3.56,5.0
S2769,1,4.06,3.88
S2769,2,4.43,3.94
S2769,3,4.3,3.9
S2769,4,4.62,3.64
S2769,5,4.25,3.85
S2769,6,4.51,3.59
S2770,1,3.29,3.63
S2770,2,2.99,4.22
S2770,3,3.6,4.03
S2770,4,2.97,3.47
S2770,5,2.65,4.41
S2770,6,2.7,4.2
S2771,1,4.18,4.79
S2771,2,4.29,4.31
S2771,3,3.43,4.48
S2771,4,3.81,4.01
S2771,5,3.41,3.94
S2771,6,4.17,4.21
S2772,1,3.53,5.0
S2772,2,4.23,4.82
S2772,3,3.56,4.71
S2772,4,3.44,4.31
S2772,5,3.74,4.69
S2772,6,3.62,4.36
S2773,1,4.94,3.55
S2773,2,4.91,3.47
S2773,3,4.28,3.92
S2773,4,4.51,3.73
S2773,5,4.3,3.24
S2773,6,4.15,3.68
S2774,1,4.07,3.72
S2774,2,4.3,3.77
S2774,3,4.3,3.97
S2774,4,4.52,3.34
S2774,5,4.05,3.87
S2774,6,4.65,3.92
S2775,1,4.37,5.0
S2775,2,3.5,4.47
S2775,3,3.89,4.48
S2775,4,4.12,4.38
S2775,5,4.05,4.6
S2775,6,3.75,4.74
S2777,1,4.35,4.65
S2777,2,4.59,4.38
S2777,3,4.05,4.51
S2777,4,4.27,4.64
S2777,5,4.37,4.69
S2777,6,4.85,4.09
S2778,1,3.67,4.59
S2778,2,4.12,4.64
S2778,3,4.05,4.94
S2778,4,3.92,4.83
S2778,5,4.08,4.34
S2778,6,4.4,4.18
S2779,1,4.54,4.7
S2779,2,4.14,4.74
S2779,3,4.48,4.48
S2779,4,3.96,4.12
S2779,5,4.02,4.45
S2779,6,4.4,4.17
S2780,1,3.65,4.09
S2780,2,4.43,4.02
S2780,3,4.06,4.33
S2780,4,4.16,3.94
S2780,5,3.96,4.15
S2780,6,4.07,4.04
S2781,1,4.82,3.79
S2781,2,4.59,3.94
S2781,3,4.04,4.38
S2781,4,,4.03
S2781,5,4.24,3.87
S2781,6,4.05,3.9
S2782,1,4.01,3.85
S2782,2,,4.06
S2782,3,4.2,4.04
S2782,4,4.49,4.1
S2782,5,4.4,3.85
S2782,6,4.02,3.96
S2783,1,3.96,3.41
S2783,2,4.79,3.44
S2783,3,4.51,3.06
S2783,4,4.07,3.59
S2783,5,4.54,3.58
S2783,6,4.02,3.39
S2784,1,3.41,4.56
S2784,2,3.39,4.6
S2784,3,3.44,4.84
S2784,4,3.51,4.8
S2784,5,3.16,4.32
S2784,6,3.98,4.31
S2785,1,4.02,4.84
S2785,2,4.63,4.35
S2785,3,3.97,4.93
S2785,4,4.29,4.36
S2785,5,4.08,4.59
S2785,6,4.53,4.13
S2786,1,3.99,4.95
S2786,2,3.82,4.48
S2786,3,3.24,4.37
S2786,4,3.69,4.9
S2786,5,3.45,4.36
S2786,6,3.49,4.66
S2787,1,,4.51
S2787,2,2.76,3.6
S2787,3,3.11,4.48
S2787,4,3.25,4.06
S2787,5,3.05,4.3
S2787,6,2.96,5.0
S2789,1,3.57,4.02
S2789,2,3.68,4.26
S2789,3,4.13,4.12
S2789,4,3.76,3.89
S2789,5,3.89,3.33
S2789,6,3.51,3.7
S2790,1,4.01,4.54
S2790,2,3.91,5.0
S2790,3,3.32,3.98
S2790,4,4.7,4.72
S2790,5,4.04,4.62
S2790,6,3.88,4.61
S2791,1,4.52,4.36
S2791,2,4.59,4.2
S2791,3,4.1,4.39
S2791,4,4.19,4.24
S2791,5,4.62,4.59
S2791,6,4.74,4.67
S2792,1,3.78,4.79
S2792,2,4.17,4.41
S2792,3,3.47,4.1
S2792,4,3.53,4.08
S2792,5,3.69,4.42
S2792,6,4.04,4.03
S2793,1,3.54,4.01
S2793,2,2.92,3.3
S2793,3,3.03,4.21
S2793,4,3.11,3.68
S2793,5,,3.65
S2793,6,3.77,3.32
S2794,1,3.3,3.92
S2794,2,4.19,4.98
S2794,3,3.05,4.56
S2794,4,3.98,4.62
S2794,5,3.62,5.0
S2794,6,3.4,4.4
S2795,1,2.77,3.95
S2795,2,3.45,4.73
S2795,3,3.51,4.59
S2795,4,2.99,4.1
S2795,5,2.97,4.79
S2795,6,,4.63
S2796,1,4.13,4.34
S2796,2,4.9,4.45
S2796,3,4.61,3.91
S2796,4,4.94,4.33
S2796,5,3.92,4.71
S2796,6,4.5,4.23
S2797,1,3.73,4.8
S2797,2,4.25,4.97
S2797,3,4.73,4.25
S2797,4,4.08,4.67
S2797,5,4.19,4.95
S2797,6,3.85,5.0
S2798,1,4.85,4.12
S2798,2,4.3,4.41
S2798,3,4.53,4.39
S2798,4,4.86,4.23
S2798,5,4.52,4.61
S2798,6,4.37,4.09
S2799,1,4.06,4.19
S2799,2,4.48,3.81
S2799,3,4.23,4.3
S2799,4,4.55,3.58
S2799,5,3.92,4.42
S2799,6,3.96,4.27
